symbol,date,close,MA12,MA36,MA50,MA150,MA200,EMA10,52w_low,52w_high,cond1_price_above_150_200,cond2_ma150_above_ma200,cond3_ma200_trending_up_1m,cond4_ma50_above_150_200,cond5_price_above_ma50,cond6_30pct_above_52w_low,cond7_within_25pct_52w_high,cond9_price_above_ema10,fresh_ma12_cross_today,12m_return_pct,volume_signal,relative_volume,bull_snort,inside_bar,is_52w_high,is_52w_low,data_source,industry_group,industry,rs_percentile,cond8_rs_at_least_70,all_conditions_met
20MICRONS.NS,2026-09-30,214.58999633789062,212.1724993387858,210.03138860066733,206.34640045166014,187.44378845214842,187.53450843811035,213.87711662409413,128.8197409252814,235.95250022354273,True,False,True,True,True,True,True,True,False,2.5976220272605044,noise,41.17327449664775,False,False,False,False,,Minerals & Mining,Industrial Minerals,65.2932622394571,False,False
21STCENMGM.NS,2026-09-30,38.66999816894531,39.27499930063883,40.634444024827744,40.57859962463379,35.46839997609457,37.42904999732971,39.316876830250855,28.25,53.790000915527344,True,False,False,True,False,True,False,False,False,-24.766542760751253,dry,12.461929565893316,False,False,False,False,,Capital Markets,Other Capital Market related Services,33.2040717401842,False,False
360ONE.NS,2026-09-30,1030.0,1062.0249938964844,1128.1527777777778,1133.8400024414063,1091.484667561849,1103.717483215332,1061.028155055602,900.8207868154223,1229.0652744329707,False,False,False,True,False,False,True,False,False,1.2198065372724498,green,144.99126677517282,False,True,False,False,,Capital Markets,Stockbroking & Allied,64.12990790111488,False,False
3BBLACKBIO.NS,2026-09-30,,,,,,,,,,False,False,False,False,False,False,False,False,False,,ppv,,False,False,True,False,,Healthcare Services,Healthcare Service Provider,,False,False
3IINFOLTD.NS,2026-09-30,22.520000457763672,24.736666838328045,24.000277943081326,23.90720012664795,18.985733324686688,18.135000009536743,24.062535999315067,12.680000305175781,27.799999237060547,True,True,True,True,False,True,True,False,False,7.3915173827501235,noise,21.199928336621156,False,False,False,False,,IT - Software,Computers - Software & Consulting,69.17111003393117,False,False
3MINDIA.NS,2026-09-30,32160.0,33307.5,33703.333333333336,34209.5,33054.338046875,33472.27467773438,33184.94198378953,28319.862583025053,37487.09942436396,False,False,False,True,False,False,True,False,False,12.813809036384782,noise,80.75566177307387,False,True,False,False,,Diversified,Diversified,73.82452738730004,True,False
3PLAND.NS,2026-09-30,31.010000228881836,31.078333377838135,31.693888929155136,31.75759994506836,32.36780001322428,33.26935001373291,31.16775558916816,28.510000228881836,45.4900016784668,False,False,False,False,False,False,False,False,False,-28.97388837091369,dry,19.423830083712488,False,True,False,False,,Finance,Investment Company,27.62966553562773,False,False
5PAISA.NS,2026-09-30,305.20001220703125,312.24166615804035,345.84166378445093,350.4759979248047,333.1477994791667,335.5560998535156,311.93838073440287,245.5,416.95001220703125,False,False,False,True,False,False,False,False,False,-11.549044195256608,noise,36.86994301429074,False,False,False,False,,Capital Markets,Stockbroking & Allied,49.878817256422685,False,False
63MOONS.NS,2026-09-30,811.0499877929688,851.2750040690104,827.6990729437935,825.6872875976562,701.5034008789063,694.8543246459961,840.1799390815835,465.91898526941185,955.732564747902,True,True,False,True,False,True,True,False,False,-2.9393117377738087,dry,15.127209514656656,False,False,False,False,,IT - Software,Computers - Software & Consulting,59.52496364517693,False,False
ABB.NS,2026-09-30,6776.0,7040.666666666667,7340.513888888889,7365.0375390625,6924.094332682292,6509.215256347657,6995.000092555348,4564.870705303207,7832.294844565128,False,True,True,True,False,True,True,False,False,32.807472227158826,ppv,100.38587489529709,False,True,False,False,,Electrical Equipment,Heavy Electrical Equipment,82.93746970431411,True,False
ABINFRA.NS,2026-09-30,12.710000038146973,12.040551980336508,11.830850309795803,11.343746299743652,12.954689356486002,14.507880840301514,12.263006177835832,8.815425818131171,23.547783127075487,False,False,False,False,True,True,False,True,False,-31.880252900816195,dry,7.000157925223579,False,False,False,False,,Construction,Civil Construction,24.09112942317014,False,False
ABLBL.NS,2026-09-30,76.5199966430664,79.86249923706055,83.94111082288954,86.67528167724609,95.18135686238607,99.99907958984375,79.03374087802646,75.05999755859375,149.99351685072722,False,False,False,False,False,False,False,False,False,-42.12149142564252,red,170.0388329568272,False,True,False,True,,Retailing,Speciality Retail,12.893843916626272,False,False
ABMINTLLTD.NS,2026-09-30,45.20000076293945,47.91416708628336,53.70972230699327,50.66440010070801,45.859866790771484,44.85070011138916,47.18651920392213,34.0,72.80000305175781,False,True,False,True,False,True,False,False,False,10.136451643786849,dry,1.978926059536477,False,False,False,False,,Commercial Services & Supplies,Trading & Distributors,71.78865729520116,True,False
ABREL.NS,2026-09-30,1130.699951171875,1213.2999979654949,1321.2361178927952,1343.51,1320.4915413411459,1360.2244055175781,1204.5274441913898,1078.220335805519,1910.6691914062499,False,False,False,False,False,False,False,False,False,-32.95424169451646,red,153.15504297576416,False,False,False,False,,Realty,"Residential, Commercial Projects",22.782355792535142,False,False
AEROPLANE.NS,2026-09-30,,,,,,,,,,False,False,False,False,False,False,False,False,False,,green,121.6650982845463,False,False,False,False,,Agricultural Food & other Products,Other Agricultural Products,,False,False
AGUL.NS,2026-09-29,45.75,45.75,48.47361183166504,51.78000045776367,60.284667078653975,62.85300029754639,45.85884217567455,43.650001525878906,86.0,False,False,False,False,False,False,False,False,False,-29.723500656936586,dry,0.0,False,False,False,True,,Industrial Products,Iron & Steel Products,27.047988366456615,False,False
AKCAPIT.NS,2026-09-30,,,,,,,,,,False,False,False,False,False,False,False,False,False,,noise,,False,False,False,False,,Finance,Non Banking Financial Company (NBFC),,False,False
A2ZINFRA.NS,2026-09-30,14.930000305175781,14.789166688919067,15.334722174538506,15.173399963378905,15.309733276367188,15.19034996509552,14.826480173670202,12.0,19.389999389648438,False,True,False,False,False,False,True,True,False,-14.783105507512584,noise,71.19763307811463,False,False,False,False,,Construction,Civil Construction,45.419292292777506,False,False
AAATECH.NS,2026-09-30,94.7300033569336,93.2689037322998,92.3946327633328,91.91175598144531,93.70829447428386,95.69995571136475,95.17525350632587,75.29798566786324,134.54902688555666,False,False,False,False,True,False,False,False,False,24.352692930211294,red,114.84319666951073,False,False,False,False,,Commercial Services & Supplies,Consulting Services,79.44740668928745,True,False
AADHARHFC.NS,2026-09-30,436.0,451.09583536783856,467.8097229003906,476.9090002441406,483.147666422526,481.77949951171877,446.7302210879229,427.29998779296875,563.0,False,True,False,False,False,False,True,False,False,-14.551690347868696,green,101.26217386714896,False,True,False,False,,Finance,Housing Finance Company,45.758603974793985,False,False
AAKASH.NS,2026-09-30,8.4399995803833,8.862500031789144,8.794166723887125,8.84779998779297,8.891399971644084,8.74869997739792,8.789265527726046,7.210000038146973,13.399999618530273,False,True,False,False,False,False,False,False,False,-12.448140251059703,noise,54.51858575051255,False,False,False,False,,Oil,Offshore Support Solution Drilling,49.00630150266602,False,False
AAREYDRUGS.NS,2026-09-30,102.72000122070312,101.17749977111816,92.37055545383029,88.73059997558593,81.9874666849772,78.48195001602173,100.66254998566377,50.310001373291016,103.98999786376953,True,True,False,True,True,True,True,True,False,35.711451852867306,ppv,222.85549795889273,False,False,True,False,,Pharmaceuticals & Biotechnology,Pharmaceuticals,83.71303926320893,True,False
AARNAV.NS,2026-09-30,,,,,,,,,,False,False,False,False,False,False,False,False,False,,ppv,54.55941906207394,False,False,False,False,,Textiles & Apparels,Trading - Textile Products,,False,False
AARON.NS,2026-09-30,124.68000030517578,122.09583346048991,130.01562309265137,131.0406005859375,130.13541997273762,138.97771617889404,122.92643675547848,106.42114596713844,227.19119369856435,False,False,False,False,False,False,False,True,False,-34.25951783454777,noise,39.31758127046161,False,False,False,False,,Industrial Manufacturing,Industrial Products,20.69801260300533,False,False
AARTECH.NS,2026-09-30,50.13999938964844,50.710604667663574,49.95816124810113,49.06880554199219,46.45444450378418,46.93796550750732,50.54765263430497,33.428153740787394,64.59185693072843,True,False,False,True,True,True,True,False,False,-8.162324187226188,noise,22.18006631977594,False,False,False,False,,Electrical Equipment,Heavy Electrical Equipment,53.95055744062045,False,False
AARTIDRUGS.NS,2026-09-30,430.8999938964844,430.1749979654948,424.32083299424914,421.57499938964844,388.9236673990885,387.8133491516113,430.1340173877289,318.95001220703125,531.1493690336815,True,True,False,True,True,True,True,True,False,-10.953215429024166,noise,75.17381555420499,False,True,False,False,,Pharmaceuticals & Biotechnology,Pharmaceuticals,50.508967523024715,False,False
AARTIIND.NS,2026-09-30,475.70001220703125,483.1125030517578,506.71031273735895,501.30613037109373,473.08977559407555,453.47196807861326,483.35178723538047,337.3793264159987,550.655353408149,True,True,True,True,False,True,True,False,False,27.139410609043747,noise,66.75912990570819,False,False,False,False,,Chemicals & Petrochemicals,Specialty Chemicals,80.8531265147843,True,False
AARTIPHARM.NS,2026-09-30,953.75,886.2041676839193,859.1152903238932,815.1184826660157,726.9986889648437,732.0805310058594,913.3919532979312,583.5851680913014,1002.4000244140625,True,False,True,True,True,True,True,True,False,15.760121391432168,red,102.48548056899219,False,False,False,False,,Pharmaceuticals & Biotechnology,Pharmaceuticals,75.52108579738245,True,False
AARTISURF.NS,2026-09-30,493.20001220703125,513.2145792643229,542.7365926106771,516.3194073486328,427.54170166015626,421.6481265258789,508.57364045738393,315.4022557916631,676.4180600635674,True,True,True,True,False,True,False,False,False,4.589845803997505,noise,20.91585290926442,False,False,False,False,,Chemicals & Petrochemicals,Specialty Chemicals,66.79592825981581,False,False
AARVI.NS,2026-09-30,136.8300018310547,137.87750244140625,144.32639016045465,146.8170571899414,136.95044759114583,134.11936401367188,137.530871290306,114.50170544065007,166.2392228417855,False,True,True,True,False,False,True,False,False,13.085191673936292,dry,8.975572748571423,False,False,False,False,,Commercial Services & Supplies,Diversified Commercial Services,74.06689287445468,True,False
AASTHA.NS,2026-09-30,,,,,,,,,,False,False,False,False,False,False,False,False,False,,noise,24.858970592195796,False,False,False,True,,Textiles & Apparels,Other Textile Products,,False,False
AATMAJ.NS,2026-09-29,20.450000762939453,19.60000006357829,18.895833333333332,18.82,19.50266674041748,20.24950004577637,19.83668432795103,16.700000762939453,25.5,True,False,False,False,True,False,True,True,False,-2.6190439860026005,noise,100.0,False,False,False,False,,Healthcare Services,Hospital,59.96122152205526,False,False
AAVAS.NS,2026-09-30,1211.9000244140625,1276.3416748046875,1305.816674126519,1328.1320068359375,1337.8946720377605,1356.0070037841797,1265.1767497719252,1060.4000244140625,1771.9000244140625,False,False,False,False,False,False,False,False,False,-25.827773651655008,noise,83.0084888706939,False,False,False,False,,Finance,Housing Finance Company,31.99224430441105,False,False
ABCOTS.NS,2026-09-30,196.49000549316406,204.02583440144858,205.96472295125326,204.45860076904296,260.44573354085287,299.3290505218506,202.06409886147452,190.39999389648438,474.8999938964844,False,False,False,False,False,False,False,False,False,-54.89727803373907,dry,16.89918575482173,False,False,False,True,,Textiles & Apparels,Other Textile Products,5.768298594280175,False,False
ABAN.NS,2026-09-30,14.630000114440918,14.264166752497355,15.552777687708536,15.838399906158447,17.391999937693278,18.35239993572235,14.308334605637533,12.890000343322754,43.29999923706055,False,False,False,False,False,False,False,True,False,-65.55215518263479,ppv,149.43523955685637,False,False,False,False,,Oil,Offshore Support Solution Drilling,2.084343189529811,False,False
ABANSENT.NS,2026-09-30,,,,,,,,,,False,False,False,False,False,False,False,False,False,,noise,,False,True,False,False,,Metals & Minerals Trading,Trading - Metals,,False,False
AFSL.NS,2026-09-30,201.0,201.5124994913737,203.80000008477106,203.06260009765626,202.1774003092448,202.09655014038086,201.6391963669297,194.41000366210938,227.0,False,True,False,True,False,False,True,False,False,-3.2490974729241895,noise,65.4530238770525,False,False,False,True,,Finance,Holding Company,59.137178865729524,False,False
ABBOTINDIA.NS,2026-09-30,27125.0,26791.666666666668,26501.805555555555,26877.5639453125,26213.859205729168,26407.046640625,26846.61809539509,24574.941813474234,29954.070075835953,True,False,False,True,True,False,True,True,False,-6.422623408871287,noise,61.44899896369448,False,True,False,False,,Pharmaceuticals & Biotechnology,Pharmaceuticals,55.98642753271934,False,False
AILIMITED.NS,2026-09-29,14.850000381469727,16.850000222524006,18.56874990463257,23.86349987030029,33.84549996693929,33.44862496376037,16.26624398722295,14.850000381469727,47.5,False,True,False,False,False,False,False,False,False,-61.77605929286803,dry,0.0,False,False,False,True,,Construction,Civil Construction,3.1507513330101795,False,False
ABMKNO.NS,2026-09-30,,,,,,,,,,False,False,False,False,False,False,False,False,False,,ppv,,False,False,False,False,,IT - Software,Software Products,,False,False
ABSMARINE.NS,2026-09-29,318.3500061035156,304.8375015258789,283.05416700575086,265.40300018310546,233.02033345540366,221.9915000152588,309.7561391605435,143.0500030517578,347.75,True,True,True,True,True,True,True,True,False,68.30558624164598,noise,57.643040136635356,False,True,False,False,,Transport Services,Shipping,92.19583131362093,True,True
ACC.NS,2026-09-30,1204.0999755859375,1231.883321126302,1270.6194424099392,1296.3400024414063,1352.9682926432292,1437.5223602294923,1227.4490867001339,1188.0999755859375,1975.569036609613,False,False,False,False,False,False,False,False,False,-33.62925010710237,noise,39.82724934499709,False,True,False,False,,Cement & Cement Products,Cement & Cement Products,21.764420746485698,False,False
ACCELYA.NS,2026-09-30,1090.300048828125,1112.7583414713542,1125.0472310384114,1131.3320068359376,1139.4193375651041,1168.8079028320312,1108.079936455212,1012.4000244140625,1437.2792755088935,False,False,False,False,False,False,True,False,False,-21.26420670920569,red,140.92795428260425,False,False,False,False,,IT - Software,Computers - Software & Consulting,37.56665050896753,False,False
ACCENTMIC.NS,2026-09-29,674.0,680.2999877929688,628.8805491129557,594.5039959716797,483.2762906901042,446.5407130432129,673.4840019148625,237.53315895751183,731.7000122070312,True,True,True,True,True,True,True,True,False,170.1298726713814,noise,28.591851322373124,False,False,False,False,,Pharmaceuticals & Biotechnology,Pharmaceuticals,98.35191468734851,True,True
ACCORD.NS,2026-09-29,188.4499969482422,188.4499969482422,193.4000015258789,195.5060028076172,113.92300093332926,92.35850070953369,188.71806933085207,19.850000381469727,211.0,True,True,True,True,False,True,True,False,False,756.5908952192826,dry,0.0,False,False,False,False,,Telecom - Services,Other Telecom Services,100.0,True,False
ACCURACY.NS,2026-09-30,4.260000228881836,4.401666760444641,4.463888910081652,4.577200021743774,4.904800001780192,5.013000001907349,4.3296918175893495,3.4000000953674316,7.400000095367432,False,False,False,False,False,False,False,False,False,-40.252452166813555,noise,51.85118424310352,False,True,False,False,,Transport Services,Logistics Solution Provider,14.687348521570529,False,False
ACEINTEG.NS,2026-09-30,16.770000457763672,17.403333346048992,17.57999997668796,18.048200035095213,18.90673334757487,19.33445001602173,17.197916277818038,14.199999809265137,27.290000915527344,False,False,False,False,False,False,False,False,False,-33.32007669134237,noise,42.686457181956946,False,False,False,False,,Commercial Services & Supplies,Diversified Commercial Services,22.24915172079496,False,False
ACMESOLAR.NS,2026-09-30,439.0,438.1999969482422,409.2513877020942,397.66199951171876,337.238332824707,309.49275260925293,437.4047503863508,195.72747422084996,476.8999938964844,True,True,True,True,True,True,True,True,False,58.623456263283266,noise,46.36135335120568,False,False,False,False,,Power,Power Generation,90.40232670867668,True,True
ACSTECH.NS,2026-09-30,,,,,,,,,,False,False,False,False,False,False,False,False,False,,noise,,False,False,False,False,,IT - Services,IT Enabled Services,,False,False
ACE.NS,2026-09-30,1232.0,1213.4249979654949,1157.7345818413628,1134.4822192382812,981.4872843424479,959.8345620727539,1213.3879136270023,743.7339869667156,1268.0,True,True,True,True,True,True,True,True,False,15.072052976810113,noise,82.1255157004437,False,False,False,False,,"Agricultural, Commercial & Construction Vehicles",Construction Vehicles,75.32719340765875,True,True
ACUTAAS.NS,2026-09-30,3279.39990234375,3301.6715291341147,3257.7269490559897,3259.659658203125,2965.4005078125,2682.0278118896485,3286.054707332089,1301.0268289605388,3737.2044731885353,True,True,True,True,True,True,True,False,False,149.04027857075914,noise,99.40050533468893,False,False,False,False,,Pharmaceuticals & Biotechnology,Pharmaceuticals,97.67329132331555,True,True
ADANIENSOL.NS,2026-09-30,1314.5999755859375,1355.5166625976562,1448.7916632758247,1506.1319995117187,1394.6126692708333,1290.4095010375977,1343.150935955597,803.0999755859375,1789.0,False,True,True,True,False,True,False,False,False,50.7136687401476,noise,41.30268390509871,False,False,False,False,,Power,Power Distribution,88.41492971400872,True,False
ADANIENT.NS,2026-09-30,2903.39990234375,2940.074991861979,2985.4305555555557,2997.0680029296873,2710.7952872721353,2576.6739245605468,2936.7063170783595,1752.216581309528,3245.0,True,True,True,True,False,True,True,False,False,15.914366466694197,red,107.78178093089375,False,True,False,False,,Metals & Minerals Trading,Trading - Minerals,75.61803199224431,True,False
ADANIGREEN.NS,2026-09-30,1278.0,1282.6749877929688,1295.550001356337,1318.9,1283.2196667480468,1202.6757498168945,1278.7659568905933,765.0,1631.5,False,True,True,True,False,True,True,False,False,24.458297744103486,noise,87.71954203311432,False,False,False,False,,Power,Power Generation,79.49587978671838,True,False
ADANIPORTS.NS,2026-09-30,1798.300048828125,1777.2166849772136,1724.78611585829,1722.1980004882812,1679.5926529947917,1627.823031616211,1782.751314811637,1286.5777387006826,1891.0999755859375,True,True,True,True,True,True,True,True,False,28.669673567282317,red,139.60719820756526,False,True,False,False,,Transport Infrastructure,Port & Port services,81.72564226854095,True,True
ADANIPOWER.NS,2026-09-30,204.0,202.82000096638998,205.73555586073132,207.07480010986328,203.72680063883465,188.5975505065918,202.29775132399334,128.10000610351562,254.1999969482422,True,True,True,True,False,True,True,True,False,41.03007853978076,green,114.3727527675033,False,False,False,False,,Power,Integrated Power Utilities,85.79738245273873,True,False
ATGL.NS,2026-09-30,593.9000244140625,608.7541809082031,623.2222256130642,633.0790014648437,637.5338201904297,615.2744776916504,605.373044360046,462.63840779150803,859.5498025483846,False,True,False,False,False,False,False,False,False,-4.9884106939933055,noise,37.8024992766399,False,False,False,False,,Gas,LPG/CNG/PNG/LNG Supplier,57.149781871061556,False,False
ADDIND.NS,2026-09-30,,,,,,,,,,False,False,False,False,False,False,False,False,False,,noise,,False,False,False,False,,Textiles & Apparels,Garments & Apparels,,False,False
ADFFOODS.NS,2026-09-30,273.1000061035156,267.24999745686847,268.56805589463977,271.6258270263672,257.9341780598958,244.59767868041993,268.9467997919644,152.76382902708204,346.1881784193172,True,True,True,True,True,True,True,True,False,24.164483992159358,noise,40.51153977679539,False,False,False,False,,Food Products,Packaged Foods,79.15656810470189,True,True
BIRLAMONEY.NS,2026-09-30,114.77999877929688,118.2274996439616,124.20138888888889,126.58660034179688,131.91840026855468,132.72665019989014,117.70361305145823,95.0,179.85000610351562,False,False,False,False,False,False,False,False,False,-32.74740727091544,noise,55.5058324244867,False,False,False,False,,Capital Markets,Stockbroking & Allied,22.976248182258846,False,False
ABSLAMC.NS,2026-09-30,995.2999877929688,1026.0250040690105,1033.9250081380208,1027.2440051269532,1019.3369055175781,964.9206616210937,1012.7163061180275,690.6919781874805,1194.9557175378152,False,True,True,True,False,True,True,False,False,28.899707428323175,green,100.22198367074664,False,False,False,False,,Capital Markets,Asset Management Company,81.87106156083374,True,False
ABFRL.NS,2026-09-30,46.31999969482422,48.74000040690104,51.75722238752577,53.966000137329104,58.98673329671224,62.21619995117187,48.25904233493243,45.970001220703125,88.98999786376953,False,False,False,False,False,False,False,False,False,-45.17694299210431,noise,66.80324008227132,False,False,False,False,,Retailing,Speciality Retail,9.985458070770722,False,False
ABCAPITAL.NS,2026-09-30,380.6000061035156,390.36666615804035,399.1680560641819,401.14800048828124,369.71433308919273,364.8479995727539,388.5876369351189,286.5,430.70001220703125,True,True,True,True,False,True,True,False,False,30.186419756308247,green,111.28587188824268,False,False,False,False,,Finance,Investment Company,82.25884634028114,True,False
CPPLUS.NS,2026-09-30,3846.5,3648.616658528646,3629.6138983832466,3606.09400390625,2958.5610400390624,2589.2216735839843,3728.651945618098,1270.4232833498618,4094.0,True,True,True,True,True,True,True,True,False,191.68847119478815,noise,94.27741208374849,False,False,False,False,,Industrial Manufacturing,Industrial Products,98.64275327193408,True,True
AVL.NS,2026-09-30,594.3499755859375,617.1374969482422,608.49829949273,612.5335144042969,565.2768711344401,547.0631118774414,608.7931045503632,435.6227250181752,703.5025243881884,True,True,True,True,False,True,True,False,False,8.175646635159882,noise,57.977311403594534,False,False,False,False,,Retailing,Speciality Retail,69.99515269025692,False,False
ADOR.NS,2026-09-30,1591.800048828125,1589.7750040690105,1602.4888882107205,1569.2040014648437,1241.1694600423177,1187.7610903930663,1604.3626401033275,833.6830524113437,1766.4000244140625,True,True,True,True,True,True,True,False,False,65.31075983912405,noise,30.001885473663364,False,False,False,False,,Industrial Products,Other Industrial Products,91.71110033931168,True,True
ADROITINFO.NS,2026-09-30,14.670000076293945,12.489166657129923,11.057222233878242,10.681800022125245,9.765333315531413,9.805099992752075,13.045014699083637,7.550000190734863,15.84000015258789,True,False,False,True,True,True,True,True,False,39.581348780376715,ppv,1680.8585777088144,False,False,True,False,,IT - Services,IT Enabled Services,85.21570528356762,True,False
ADVAIT.NS,2026-09-30,,,,,,,,,,False,False,False,False,False,False,False,False,False,,noise,65.21744232622764,False,False,False,False,,Electrical Equipment,Other Electrical Equipment,,False,False
ADVANCE.NS,2026-09-30,,,,,,,,,,False,False,False,False,False,False,False,False,False,,noise,67.59659133492629,False,False,False,False,,Fertilizers & Agrochemicals,Pesticides & Agrochemicals,,False,False
ADVENZYMES.NS,2026-09-30,281.6000061035156,289.15833282470703,295.78055657280817,301.28100036621095,318.9256252034505,312.6707061767578,288.2103062141257,250.86763242464252,417.20001286678644,False,True,False,False,False,False,False,False,False,-13.167036317709124,noise,45.794880711304806,False,False,False,False,,Pharmaceuticals & Biotechnology,Biotechnology,48.0368395540475,False,False
ADVANIHOTR.NS,2026-09-30,48.0099983215332,47.76249980926514,49.08249992794461,49.64699996948242,51.40898651123047,52.41166919708252,47.928116096539085,46.30266926768015,63.408491802268294,False,False,False,False,False,False,True,True,False,-14.640978611773159,noise,39.28104806481391,False,False,False,False,,Leisure Services,Hotels & Resorts,45.661657779932135,False,False
ADVENTHTL.NS,2026-09-30,,,,,,,,,,False,False,False,False,False,False,False,False,False,,green,116.119887010216,False,False,False,False,,Leisure Services,Hotels & Resorts,,False,False
ADVIKCA.NS,2026-09-30,,,,,,,,,,False,False,False,False,False,False,False,False,False,,ppv,,False,False,False,False,,Finance,Non Banking Financial Company (NBFC),,False,False
RAMBHAJO.NS,2026-09-30,,,,,,,,,,False,False,False,False,False,False,False,False,False,,noise,45.559367041593966,False,False,False,False,,Consumer Durables,"Gems, Jewellery And Watches",,False,False
AEGISLOG.NS,2026-09-30,1380.0999755859375,1376.0,1327.9777696397568,1328.887998046875,995.2462536621093,923.3728814697265,1359.1357343833051,573.0465115667306,1528.699951171875,True,True,True,True,True,True,True,True,False,87.79830340367407,green,110.95862875461286,False,False,False,False,,Gas,Trading - Gas,94.1832283082889,True,True
AEGISVOPAK.NS,2026-09-30,296.79998779296875,301.10833231608075,285.3486099243164,286.9345983886719,237.21926584879557,235.28732467651366,297.1292033605314,157.88530940558778,320.95001220703125,True,True,True,True,True,True,True,False,False,14.026253066959393,noise,38.05057858809536,False,False,False,False,,Oil,Oil Storage & Transportation,74.89093553078041,True,True
AEQUS.NS,2026-09-30,,,,,,,,,,False,False,False,False,False,False,False,False,False,,ppv,307.8068190001313,False,False,True,False,,Aerospace & Defense,Aerospace & Defense,,False,False
AEROFLEX.NS,2026-09-30,536.5999755859375,516.0583343505859,517.3541683620876,494.0400012207031,400.3067589314779,347.78754623413084,526.7136730675054,157.8500633749001,584.1500244140625,True,True,True,True,True,True,True,True,False,208.25852063571705,noise,65.31327072364232,False,False,False,False,,Industrial Products,Iron & Steel Products,98.93359185651963,True,True
AEROENTER.NS,2026-09-30,124.0,122.83666674296062,132.98685709635416,130.76647766113283,109.20490102132162,102.34439826965333,125.42365618216644,62.02029581540144,159.60000610351562,True,True,True,True,False,True,True,False,False,48.54191929476046,noise,28.20496463087647,False,False,False,False,,Industrial Products,Iron & Steel Products,87.97867183713039,True,False
AERONEU.NS,2026-09-30,70.83999633789062,70.48416582743327,76.9255551232232,79.35079971313476,81.93053314208984,79.7156999206543,72.59461767266156,63.209999084472656,105.5,False,True,False,False,False,False,False,False,False,-16.403117626017583,noise,91.62804046948695,False,False,False,False,,Industrial Products,Packaging,43.577314590402324,False,False
AETHER.NS,2026-09-30,1699.300048828125,1664.3666585286458,1650.7277730305989,1616.7999951171876,1325.8953365071613,1232.5047525024413,1691.1791118027675,728.0,1798.0,True,True,True,True,True,True,True,True,False,125.98577315539212,noise,91.69201125842906,False,False,False,False,,Chemicals & Petrochemicals,Specialty Chemicals,96.84924866698982,True,True
AFCONS.NS,2026-09-30,247.8000030517578,256.46249771118164,270.98750008477106,272.6980001831055,295.8498176066081,309.7468709564209,254.42161766928064,225.35000610351562,476.09320955207187,False,False,False,False,False,False,False,False,False,-45.17224107491141,noise,21.304949582706236,False,True,False,False,,Construction,Civil Construction,10.033931168201649,False,False
AFFLE.NS,2026-09-30,1511.0,1560.316670735677,1612.2083401150173,1610.9680078125,1498.1339973958334,1538.6234979248047,1553.0456824529474,1251.300048828125,1994.300048828125,False,False,False,True,False,False,True,False,False,-22.421315506483698,noise,56.844149698170845,False,True,False,False,,IT - Services,IT Enabled Services,36.257876878332524,False,False
AFFORDABLE.NS,2026-09-30,171.10000610351562,170.4875005086263,168.50583436754016,173.04740112304688,172.21433344523112,178.00160007476808,171.38779043592254,119.70999908447266,297.0,False,False,False,False,False,True,False,False,False,-30.291298337398096,red,126.63846704335936,False,False,False,False,,Industrial Manufacturing,Industrial Products,26.175472612699952,False,False
AGARWALFT.NS,2026-09-29,27.049999237060547,26.84166669845581,30.84583346048991,32.83800010681152,33.506666628519696,34.02274991989136,27.118331752396863,21.850000381469727,67.9000015258789,False,False,False,False,False,False,False,False,False,-59.445276649636455,dry,0.0,False,True,False,False,,Industrial Products,Glass - Industrial,3.829374697043141,False,False
AGARIND.NS,2026-09-30,391.95001220703125,403.79651133219403,443.0450032552083,459.90589233398435,459.4900803629557,516.4139668273925,402.7239434378271,357.0996041900608,963.176989395072,False,False,False,False,False,False,False,False,False,-57.45076667625205,dry,10.47431605180135,False,True,False,False,,Chemicals & Petrochemicals,Petrochemicals,4.604944255937955,False,False
AGI.NS,2026-09-30,804.4000244140625,788.4833323160807,753.8912862141927,738.3235021972656,643.9295928955078,648.1352171325684,796.9894797189148,460.731985509963,887.9247110688007,True,False,False,True,True,True,True,True,False,-4.6394950801675545,noise,59.03412068966786,False,False,False,False,,Industrial Products,Packaging,57.44062045564712,False,False
AGIIL.NS,2026-09-30,264.70001220703125,267.3632507324219,280.07638380262586,287.44024047851565,329.13833292643227,312.9503751373291,268.2688558044697,224.53311893063486,434.0773702031007,False,True,False,False,False,False,False,False,False,5.10940997328122,noise,20.867561356919033,False,False,False,False,,Realty,"Residential, Commercial Projects",67.23218613669414,False,False
AGNI.NS,2026-09-29,15.649999618530273,15.729166746139526,15.719444513320923,16.12000009536743,17.703999983469647,18.637000002861022,15.661896786261194,13.600000381469727,28.0,False,False,False,False,False,False,False,False,False,-42.77879561152211,green,102.04081632653062,False,False,False,False,,Construction,Civil Construction,12.360639844886089,False,False
AGRITECH.NS,2026-09-30,91.16999816894531,96.20666631062825,100.24388885498047,103.14679992675781,109.50259989420573,118.42530006408691,95.3264052853917,90.5,187.19000244140625,False,False,False,False,False,False,False,False,False,-34.20654301068875,red,241.3558106169297,False,False,False,True,,Agricultural Food & other Products,Other Agricultural Products,20.79495879786718,False,False
AGROPHOS.NS,2026-09-30,23.479999542236328,23.804999987284344,25.16722223493788,26.177399978637695,29.538399976094563,31.529849977493285,23.911531584474275,21.0,45.88999938964844,False,False,False,False,False,False,False,False,False,-44.1085444409525,noise,92.99745697734565,False,False,False,False,,Fertilizers & Agrochemicals,Fertilizers,11.488124091129423,False,False
AGSTRA.NS,2026-09-30,2.5899999141693115,2.2058333257834115,2.057499991522895,2.0749999856948853,2.502866651217143,2.8661999905109408,2.3351378922639543,1.850000023841858,5.440000057220459,False,False,False,False,True,True,False,True,False,-34.595962393443145,red,257.84891400480114,False,False,False,False,,Financial Technology (Fintech),Financial Technology (Fintech),19.92244304411052,False,False
AHIMSA.NS,2026-09-29,25.75,25.75,25.797221925523544,25.49,24.99066701253255,24.913750295639037,25.750838149956692,23.299999237060547,28.5,True,True,True,True,True,False,True,False,False,0.7827818744094106,dry,0.0,False,False,False,False,,Industrial Products,Plastic Products - Industrial,63.69365002423655,False,False
AHLADA.NS,2026-09-30,37.09000015258789,37.695000648498535,37.643889321221245,37.60700035095215,39.972466786702476,42.55595014572143,37.70006481284575,31.219999313354492,66.44000244140625,False,False,False,False,False,False,False,False,True,-39.09688140676511,dry,12.581160095120595,False,False,False,False,,Consumer Durables,"Furniture, Home Furnishing",16.19001454192923,False,False
AHLUCONT.NS,2026-09-30,550.0499877929688,574.1221720377604,632.3247561984592,686.2887817382813,764.8397233072917,797.2406893920898,572.4587254933833,542.7999877929688,1076.649454434594,False,False,False,False,False,False,False,False,False,-44.662941718447826,noise,94.15513457379352,False,False,False,True,,Construction,Civil Construction,10.761027629665536,False,False
AIAENG.NS,2026-09-30,3869.0,3909.5916341145835,4167.905002170139,4298.95015625,4189.025989583333,4118.616489257813,3920.9094957309503,3033.596513266056,5160.600958593338,False,True,True,True,False,False,False,False,False,25.316031585405852,noise,90.63486270796511,False,False,False,False,,Industrial Products,Castings & Forgings,79.98061076102762,True,False
AIMTRON.NS,2026-09-29,1873.4000244140625,1757.7708231608074,1695.9027642144097,1628.965986328125,1256.1059985351562,1146.1772485351562,1792.1710840392534,675.0,1900.0,True,True,True,True,True,True,True,True,False,164.84768347694092,noise,95.89581689029202,False,False,False,False,,Industrial Manufacturing,Industrial Products,98.25496849248667,True,True
GOLDTECH.NS,2026-09-30,44.68000030517578,43.8550001780192,47.20527797275119,49.6260001373291,45.906866823832196,46.10815007209778,45.13658235848994,29.68000030517578,70.0,False,False,False,True,False,True,False,False,False,-27.67885854968887,dry,4.715022833758377,False,False,False,False,,IT - Software,Software Products,29.568589432864762,False,False
AIRAN.NS,2026-09-30,16.18000030517578,16.575000365575153,15.825000100665623,15.61700008392334,16.02600004196167,16.243250050544738,16.54307292775171,12.630000114440918,26.59000015258789,False,False,False,False,True,False,False,False,False,-34.49392791334367,noise,24.66816858443958,False,True,False,False,,IT - Services,IT Enabled Services,20.164808531265148,False,False
AIROLAM.NS,2026-09-30,92.8499984741211,88.82916641235352,88.27416610717773,88.20579956054688,87.23166666666667,89.59080005645752,89.5650065042572,78.0,117.5,True,False,False,False,True,False,True,True,True,-14.43973337051011,ppv,157.98139165763493,False,False,False,False,,Consumer Durables,Plywood Boards/ Laminates,46.00096946194862,False,False
AJANTPHARM.NS,2026-09-30,3620.800048828125,3541.9750162760415,3564.683336046007,3526.6724951171873,3189.7391276041667,3084.567604980469,3554.866653639293,2283.1397649802702,3796.0,True,True,True,True,True,True,True,True,False,52.388194382222885,ppv,369.6837391764251,False,False,False,False,,Pharmaceuticals & Biotechnology,Pharmaceuticals,88.85118759088706,True,True
AJAXENGG.NS,2026-09-30,587.0,576.8624979654948,576.669443766276,576.7669995117187,543.932998453776,544.3197488403321,583.2922506107087,394.79998779296875,697.5499877929688,True,False,False,True,True,True,True,True,False,-13.992673992673987,noise,38.49781825843345,False,True,False,False,,"Agricultural, Commercial & Construction Vehicles",Construction Vehicles,46.58264663111973,False,False
AJMERA.NS,2026-09-30,118.73999786376953,117.90666770935059,116.85069529215495,118.79079208374023,121.08369842529297,132.03878364562988,118.85362588924804,97.172872635822,219.46418351965167,False,False,False,False,False,False,False,False,False,-39.55322838459826,noise,52.42825501902041,False,False,False,False,,Realty,"Residential, Commercial Projects",15.462918080465341,False,False
AJOONI.NS,2026-09-30,3.130000114440918,3.2233333786328635,3.541666673289405,3.653200011253357,3.941800020535787,4.054850013256073,3.2152503339674503,3.0199999809265137,5.570000171661377,False,False,False,False,False,False,False,False,False,-40.71969715784294,noise,44.37867117294222,False,False,False,True,,Food Products,Animal Feed,14.202617547261271,False,False
AKASH.NS,2026-09-30,24.940000534057617,24.72000026702881,24.98888900544908,25.444600105285645,26.1096667098999,25.997500019073485,24.90610705649057,22.799999237060547,34.7400016784668,False,True,False,False,False,False,False,True,False,-12.766700241517437,noise,68.86174827525491,False,False,False,False,,Construction,Civil Construction,48.57004362578769,False,False
AKG.NS,2026-09-30,9.739999771118164,10.047499974568685,9.539166609446207,9.536399936676025,10.54526662826538,11.217849984169007,9.884129386382586,8.0600004196167,15.069999694824219,False,False,False,False,True,False,False,False,False,-26.546006010593402,noise,31.40820751867497,False,False,False,False,,Commercial Services & Supplies,Trading & Distributors,31.168201648085315,False,False
AKI.NS,2026-09-30,6.139999866485596,6.246666709582011,5.5002777973810835,5.151599998474121,4.94693333307902,5.323650004863739,6.308376327729903,3.799999952316284,9.829999923706055,True,False,False,False,True,True,False,False,False,-34.88865675735371,dry,12.953740924159055,False,False,False,False,,Consumer Durables,Leather And Leather Products,19.43771206980126,False,False
AKIKO.NS,2026-09-29,433.95001220703125,426.98333231608075,400.72222306993274,383.6020001220703,292.72466644287107,279.0824998474121,426.37828116697466,190.25,445.0,True,True,True,True,True,True,True,True,False,65.31429036458334,noise,64.19400855920114,False,False,False,False,,Finance,Other Financial Services,91.7595734367426,True,True
AFIL.NS,2026-09-30,7.929999828338623,8.241666595141092,9.025555544429356,9.103000020980835,9.15073335647583,8.316450021266938,8.17931447445148,3.9200000762939453,11.100000381469727,False,True,True,False,False,True,False,False,False,-11.888890796237517,noise,82.32104316605444,False,True,False,False,,Finance,Non Banking Financial Company (NBFC),49.733397964129914,False,False
AKSHOPTFBR.NS,2026-09-30,6.96999979019165,7.427500089009603,7.437500013245477,7.008200016021728,6.282733330726623,6.1659499967098235,7.274494431131509,3.819999933242798,9.010000228881836,True,True,False,True,False,True,True,False,False,-8.168647561684761,noise,57.46818954096118,False,False,False,False,,Telecom -  Equipment & Accessories,Telecom -  Equipment & Accessories,53.8536112457586,False,False
AKSHAR.NS,2026-09-30,0.41999998688697815,0.4116666615009308,0.4124999940395355,0.4119999945163727,0.43499999662240346,0.4509499961137772,0.41256201099022133,0.36000001430511475,0.7599999904632568,False,False,False,False,True,False,False,True,False,-26.315790849599384,green,103.04908816101693,False,False,False,False,,Textiles & Apparels,Other Textile Products,31.36209403780902,False,False
AKSHARCHEM.NS,2026-09-30,388.1000061035156,388.96666463216144,372.01124487982855,339.8457748413086,249.94335174560547,244.9699676513672,389.45230312387014,141.133148807369,471.442609418163,True,True,True,True,True,True,True,False,False,47.7690949900949,noise,50.71984827150205,False,False,False,False,,Chemicals & Petrochemicals,Dyes And Pigments,87.78477944740669,True,True
AKUMS.NS,2026-09-30,818.5,801.3208363850912,772.5249972873264,747.6219970703125,616.3220149739583,573.6163731384278,806.204730846421,407.37371334346585,838.7999877929688,True,True,True,True,True,True,True,True,False,84.11962369328316,noise,57.444560033567406,False,False,False,False,,Pharmaceuticals & Biotechnology,Pharmaceuticals,94.08628211342705,True,True
ALANKIT.NS,2026-09-30,7.829999923706055,7.785833239555359,7.984166661898295,7.976200017929077,8.271733309427898,8.706549978256225,7.801608984042801,6.800000190734863,13.399999618530273,False,False,False,False,False,False,False,True,False,-39.86175385241927,green,118.3287584319911,False,False,False,False,,Commercial Services & Supplies,Diversified Commercial Services,15.12360639844886,False,False
ALBERTDAVD.NS,2026-09-30,872.25,857.8374989827474,854.8652767605251,815.9493151855469,737.7047835286459,732.6643063354492,862.8507890630304,575.6902111808453,931.8499755859375,True,True,True,True,True,True,True,True,False,13.166974879145421,noise,49.87057085392198,False,True,False,False,,Pharmaceuticals & Biotechnology,Pharmaceuticals,74.26078526417838,True,True
ALEMBICLTD.NS,2026-09-30,107.2300033569336,104.62250073750813,100.26833385891385,96.55707046508789,89.1541742960612,90.52544303894042,106.05175567553218,68.6152946732243,117.72000122070312,True,False,True,True,True,True,True,True,False,10.355637866667466,noise,55.600923048607164,False,True,False,False,,Realty,"Residential, Commercial Projects",72.03102278235579,True,False
APLLTD.NS,2026-09-30,825.4500122070312,842.5125020345052,827.1694488525391,822.7975268554687,767.022578531901,772.4658154296875,842.9460624544153,626.4825498908483,983.3745824758901,True,False,False,True,True,True,True,False,False,-7.058674199738279,red,169.74038984764425,False,False,False,False,,Pharmaceuticals & Biotechnology,Pharmaceuticals,55.1623848763936,False,False
ALFREDHE.NS,2026-09-29,,,,,,,,,,False,False,False,False,False,False,False,False,False,,noise,,False,False,False,False,,Finance,Non Banking Financial Company (NBFC),,False,False
ALGOQUANT.NS,2026-09-30,,,,,,,,,,False,False,False,False,False,False,False,False,False,,noise,83.72480673266452,False,True,False,False,,Finance,Other Financial Services,,False,False
ALICON.NS,2026-09-30,869.7999877929688,733.303456624349,718.1349368625217,710.4225073242187,679.835419921875,704.4290051269531,750.7191224435969,575.8243478331478,1014.642243796537,True,False,False,True,True,True,True,True,False,2.7390637545400054,ppv,1504.5915746724932,True,False,False,False,,Auto Components,Auto Components & Equipments,65.39020843431895,False,False
ALIVUS.NS,2026-09-30,1379.300048828125,1375.991678873698,1378.0506998697917,1333.3945361328124,1141.2412569173177,1081.7229409790039,1372.6231455467828,816.0868402393627,1488.4866814641196,True,True,True,True,True,True,True,True,False,45.35584873851748,green,110.50528497870926,False,False,False,False,,Pharmaceuticals & Biotechnology,Pharmaceuticals,86.76684440135725,True,True
ALKALI.NS,2026-09-30,91.43000030517578,89.91000048319499,76.9681953854031,74.64396820068359,72.4113828531901,72.65990558624267,91.40466235357434,46.13075799853828,106.30000305175781,True,False,False,True,True,True,True,True,False,1.1189486928146142,dry,18.335662319125763,False,True,False,False,,Chemicals & Petrochemicals,Specialty Chemicals,63.9844886088221,False,False
ALKEM.NS,2026-09-30,5163.5,5287.708333333333,5293.777777777777,5391.20220703125,5422.888173828125,5464.697939453125,5254.990547105192,5051.0,5875.534417311879,False,False,False,False,False,False,True,False,False,-3.5969387964403965,red,109.85540800331961,False,False,False,False,,Pharmaceuticals & Biotechnology,Pharmaceuticals,58.70092098885119,False,False
ALKYLAMINE.NS,2026-09-30,1761.699951171875,1831.1083374023438,1926.3694525824653,1906.7740063476563,1705.1713338216146,1669.3284283447265,1828.432935230126,1205.1967651271746,2115.0,True,True,True,True,False,True,True,False,False,-7.418231823320898,noise,29.94304330926359,False,False,False,False,,Chemicals & Petrochemicals,Specialty Chemicals,54.726126999515266,False,False
ALLETEC.NS,2026-09-29,120.8499984741211,125.4684206644694,126.7979982164171,129.0138787841797,143.28125259399414,157.28213436126708,125.32211136843442,114.39976297840505,284.5175323026362,False,False,False,False,False,False,False,False,False,-56.09146130250935,red,112.19910240718075,False,False,False,False,,IT - Software,Computers - Software & Consulting,5.089675230247213,False,False
ALLTIME.NS,2026-09-30,194.0,203.23499806722006,207.18916532728406,211.34099853515625,223.96726633707684,230.56989967346192,200.7782791492919,186.0,314.70001220703125,False,False,False,False,False,False,False,False,False,-26.095238095238095,noise,29.853764662568626,False,False,False,False,,Consumer Durables,Houseware,31.555986427532716,False,False
AGL.NS,2026-09-30,,,,,,,,,,False,False,False,False,False,False,False,False,False,,noise,20.8000582047527,False,False,False,False,,Transport Services,Logistics Solution Provider,,False,False
ALLCARGO.NS,2026-09-30,10.130000114440918,10.9424999554952,11.516388893127441,10.685600023269654,9.26653333346049,9.481499993801117,10.873591005686036,7.110000133514404,36.54999923706055,True,False,False,True,False,True,False,False,False,-68.12460699946519,noise,31.433396915814992,False,False,False,False,,Transport Services,Logistics Solution Provider,1.5511391177896268,False,False
ATL.NS,2026-09-30,24.440000534057617,24.672500133514404,24.949166668785942,24.60559997558594,24.35580000559489,24.784199991226195,24.79940251841614,18.200000762939453,40.400001525878906,False,False,False,False,False,True,False,False,False,-32.542089862391876,noise,49.796996147241764,False,False,False,False,,Transport Infrastructure,Port & Port services,23.121667474551625,False,False
ALLDIGI.NS,2026-09-30,767.25,781.0958353678385,799.0125003390842,804.4216821289062,787.5920552571614,789.2077523803711,779.0513834588818,675.4414915283778,935.3887118048539,False,False,False,True,False,False,True,False,False,-12.869421034606587,noise,76.78781955962516,False,False,False,False,,Commercial Services & Supplies,Business Process Outsourcing (BPO)/ Knowledge Process Outsourcing (KPO),48.37615123606398,False,False
ABDL.NS,2026-09-30,718.9000244140625,677.2083333333334,633.0277828640408,629.4990026855469,572.1862036132812,560.2598207092285,689.9581734110941,378.81990505354565,753.7999877929688,True,True,False,True,True,True,True,True,False,41.95864702206371,noise,49.4171706184341,False,False,False,False,,Beverages,Breweries & Distilleries,85.9428017450315,True,False
ADSL.NS,2026-09-30,108.52999877929688,101.9741662343343,104.69330384996202,107.313408203125,112.71955317179362,118.00197635650635,105.61435698755892,85.06657071182701,201.79520985950705,False,False,False,False,True,False,False,True,False,-38.123812193310336,noise,68.14431102461421,False,False,False,False,,IT - Services,IT Enabled Services,16.868637905962192,False,False
ALMONDZ.NS,2026-09-30,20.0,19.231666564941406,17.346388843324448,16.39059995651245,14.956266651153564,15.229100003242493,19.743257460841782,10.680000305175781,21.920000076293945,True,False,False,True,True,True,True,True,False,11.731845956554011,noise,81.87754373803538,False,False,False,False,,Capital Markets,Stockbroking & Allied,73.14590402326708,True,False
ALOKINDS.NS,2026-09-30,7.090000152587891,7.285000046094258,8.82277774810791,9.702199993133545,11.936199995676676,12.84130003452301,7.309001282651601,6.980000019073486,18.450000762939453,False,False,False,False,False,False,False,False,False,-59.064663524753904,noise,64.41530284870515,False,True,False,False,,Textiles & Apparels,Other Textile Products,4.023267086766844,False,False
ALPA.NS,2026-09-30,59.5099983215332,59.87666575113932,62.014443927341034,63.50679962158203,65.52653327941894,67.2629500579834,59.93258853245993,46.099998474121094,94.0,False,False,False,False,False,False,False,False,False,-35.93497824033258,noise,44.21298426674828,False,False,False,False,,Pharmaceuticals & Biotechnology,Pharmaceuticals,18.37130392632089,False,False
ALPEXSOLAR.NS,2026-09-29,865.2999877929688,883.3041636149088,863.6638895670573,853.3280004882813,887.8240002441406,868.6734991455078,873.5605203011546,660.0,1319.0,False,True,False,False,True,True,False,False,False,-28.40180771727161,noise,35.66012214616551,False,True,False,False,,Electrical Equipment,Other Electrical Equipment,28.405235094522542,False,False
ALPHAGEO.NS,2026-09-30,256.5,284.95416768391925,303.10973273383246,281.06877502441404,230.15898244222006,226.01790336608886,279.02059201939903,162.23939856576865,362.2821402259545,True,True,True,True,False,True,False,False,False,4.115205411567913,dry,15.095445558413381,False,False,False,False,,Oil,Offshore Support Solution Drilling,66.35967038293748,False,False
ALPINETEX.NS,2026-09-30,,,,,,,,,,False,False,False,False,False,False,False,False,False,,noise,39.951191066512166,False,True,False,True,,Textiles & Apparels,Other Textile Products,,False,False
ALUFLUOR.NS,2026-09-30,,,,,,,,,,False,False,False,False,False,False,False,False,False,,ppv,,False,True,True,False,,Chemicals & Petrochemicals,Commodity Chemicals,,False,False
ALUWIND.NS,2026-09-29,49.79999923706055,49.649999936421715,49.00694465637207,49.109000244140624,51.594666697184245,55.25625003814697,50.19277879034611,40.0,92.0,False,False,False,False,True,False,False,False,False,-42.059335654136945,noise,51.02040816326531,False,False,False,False,,Industrial Products,"Aluminium, Copper & Zinc Products",13.03926320891905,False,False
AMAGI.NS,2026-09-30,,,,,,,,,,False,False,False,False,False,False,False,False,False,,noise,33.04632665093108,False,False,False,False,,IT - Services,IT Enabled Services,,False,False
AMAL.NS,2026-09-30,,,,,,,,,,False,False,False,False,False,False,False,False,False,,noise,,False,False,False,False,,Chemicals & Petrochemicals,Specialty Chemicals,,False,False
AMANTA.NS,2026-09-30,190.38999938964844,188.4750010172526,186.16111161973743,180.52959991455077,148.1217330423991,137.65639972686768,188.51625176659405,92.0,209.9499969482422,True,True,True,True,True,True,True,True,False,37.794023241465126,noise,28.628898577400324,False,False,False,False,,Pharmaceuticals & Biotechnology,Pharmaceuticals,84.4401357246728,True,True
ARE&M.NS,2026-09-30,754.5499877929688,788.8249969482422,858.7958357069227,872.2165869140625,839.9091149902343,848.8240536499023,786.1111542813783,666.0087356197063,1017.2999877929688,False,False,False,True,False,False,False,False,False,-22.84353733684552,noise,87.8284398394036,False,False,False,False,,Auto Components,Auto Components & Equipments,35.870092098885124,False,False
AMARJOTHI.NS,2026-09-30,,,,,,,,,,False,False,False,False,False,False,False,False,False,,noise,,False,False,False,False,,Textiles & Apparels,Other Textile Products,,False,False
AMBALALSA.NS,2026-09-30,,,,,,,,,,False,False,False,False,False,False,False,False,False,,noise,28.792633410903434,False,False,False,False,,Pharmaceuticals & Biotechnology,Pharmaceuticals,,False,False
AMBER.NS,2026-09-30,6672.5,6950.291666666667,7224.319444444444,7257.28,7452.423333333333,7251.8275,6912.1151550778195,5400.5,8974.0,False,True,False,False,False,False,False,False,False,-17.51143528248238,noise,99.27630054386954,False,True,False,False,,Consumer Durables,Household Appliances,42.17159476490548,False,False
AMBICAAGAR.NS,2026-09-30,24.399999618530273,24.914999802907307,25.028888808356392,24.94959991455078,24.345066668192544,24.48025004386902,24.873156030645813,20.0,29.68000030517578,False,False,False,True,False,False,True,False,False,-2.439026808352951,noise,54.47245862199836,False,False,False,False,,Household Products,Household Products,60.25206010664081,False,False
AMBIKCO.NS,2026-09-30,1520.5999755859375,1552.6756896972656,1577.1252339680989,1610.2521362304688,1533.856201985677,1461.7499279785156,1550.8547051715202,1075.8443912203104,1886.8805607759884,False,True,True,True,False,True,True,False,False,11.066654053245806,noise,31.183627440644496,False,False,False,False,,Textiles & Apparels,Other Textile Products,72.66117304895783,True,False
AMBUJACEM.NS,2026-09-30,374.0,382.22916412353516,398.8527772691515,408.32899963378907,426.9686120605469,454.06572341918945,380.6486122601456,365.75,585.8501015513514,False,False,False,False,False,False,False,False,False,-34.05539736803419,ppv,152.47633694251397,False,False,False,False,,Cement & Cement Products,Cement & Cement Products,20.98885118759089,False,False
AMDIND.NS,2026-09-30,53.45000076293945,59.97083346048991,57.30694442325168,54.600199966430665,47.39926658630371,47.000199966430664,57.44978587714769,33.77000045776367,74.38999938964844,True,True,True,True,False,True,False,False,False,-2.463500899481963,noise,21.402669917783246,False,False,False,False,,Industrial Products,Packaging,60.20358700920989,False,False
AMEYA.NS,2026-09-29,146.1999969482422,142.44583384195963,121.09722243414984,117.13800033569336,110.59966684977213,106.82650001525879,142.9767413998577,86.0,164.9499969482422,True,True,False,True,True,True,True,True,False,44.680843674352545,green,126.58227848101266,False,False,False,False,,Industrial Products,Other Industrial Products,86.57295201163355,True,False
AMIABLE.NS,2026-09-29,70.0,71.0374984741211,69.44999906751845,70.11299880981446,72.8869992574056,73.68149951934815,70.54185234197806,52.5,97.5,False,False,False,False,False,True,False,False,False,7.692307692307687,dry,0.0,False,False,False,False,,Transport Services,Logistics Solution Provider,69.6073679108095,False,False
AMNPLST.NS,2026-09-30,171.57000732421875,167.11916478474936,176.10313118828668,181.9170297241211,177.61000905354817,178.4333396911621,168.2876177266578,126.62184308118806,249.2555891812046,False,False,False,True,False,True,False,True,False,-22.541234486391204,noise,26.937910626385836,False,False,False,False,,Chemicals & Petrochemicals,Commodity Chemicals,36.160930683470674,False,False
AMJLAND.NS,2026-09-30,37.619998931884766,37.40500005086263,38.34259616004096,38.37025627136231,38.461304346720375,40.34186803817749,37.743225287578184,30.143694033373624,57.093947199421095,False,False,False,False,False,False,False,False,False,-29.672546864849103,noise,28.241010327025297,False,False,False,False,,Realty,"Residential, Commercial Projects",27.096461463887543,False,False
AMRUTANJAN.NS,2026-09-30,514.75,501.1708297729492,501.8466025458442,505.80311767578127,531.5574739583334,555.6738693237305,505.041093801192,476.5,753.4212146329061,False,False,False,False,True,False,False,True,False,-27.221514984991536,noise,65.59951391384072,False,False,False,False,,Pharmaceuticals & Biotechnology,Pharmaceuticals,30.101793504604945,False,False
ARSSBL.NS,2026-09-30,515.0999755859375,499.40416463216144,506.1111094156901,507.15399841308596,522.8919864908854,539.9134008789063,502.65870124451055,412.3270436175088,787.8320712122298,False,False,False,False,True,False,False,True,False,,ppv,238.23126046948363,False,False,False,False,,Capital Markets,Stockbroking & Allied,,False,False
ANANDRATHI.NS,2026-09-30,2120.0,2170.6082967122397,2186.561089409722,2152.763986816406,1905.328369140625,1806.8679663085939,2153.0227128505467,1351.1991966764108,2268.39990234375,True,True,True,True,False,True,True,False,False,50.578312333746034,green,209.24528224738438,False,False,False,False,,Capital Markets,Financial Products Distributor,88.3664566165778,True,False
ANANTRAJ.NS,2026-09-30,598.9000244140625,605.0166727701823,612.2194417317709,612.2111169433593,545.046103108724,545.2782997131347,607.6175514793512,402.3389018697037,742.4300925158334,True,False,False,True,False,True,True,False,False,-14.075188844285758,noise,48.33574491507031,False,False,False,False,,Realty,"Residential, Commercial Projects",46.38875424139602,False,False
ACL.NS,2026-09-30,39.33000183105469,41.84083366394043,43.68972259097629,44.86160034179687,50.33826675415039,53.59195001602173,41.29845155711299,38.400001525878906,89.27999877929688,False,False,False,False,False,False,False,False,False,-55.94264219779217,noise,63.063283069503925,False,True,False,True,,Cement & Cement Products,Cement & Cement Products,5.186621425109064,False,False
ANDHRAPAP.NS,2026-09-30,72.68000030517578,72.6716677347819,66.63027784559462,65.10217903137207,63.69789690653483,64.2126982498169,72.3816847107703,57.5321815380666,86.18916380875459,True,False,False,True,True,False,True,True,False,-4.270985605647004,dry,14.765695085172329,False,False,False,False,,"Paper, Forest & Jute Products",Paper & Paper Products,57.87687833252545,False,False
ANDHRSUGAR.NS,2026-09-30,93.1500015258789,94.06240272521973,96.47498173183865,93.64528350830078,86.10561787923177,82.53311992645264,94.41710555858836,65.64734140930214,105.85510736650535,True,True,True,True,False,True,True,False,False,26.31844187048875,noise,21.277938011953797,False,False,False,False,,Chemicals & Petrochemicals,Commodity Chemicals,80.41686863790596,True,False
ANDREWYU.NS,2026-09-30,,,,,,,,,,False,False,False,False,False,False,False,False,False,,noise,,False,False,False,False,,Agricultural Food & other Products,Tea & Coffee,,False,False
ANGELONE.NS,2026-09-30,274.0,290.14583587646484,292.261109246148,294.22299926757813,298.71353434244793,286.5102998352051,285.871736230377,206.12110217790155,359.3387168134344,False,True,True,False,False,True,True,False,False,30.96798083215806,noise,47.137261873291756,False,False,False,False,,Capital Markets,Stockbroking & Allied,82.5496849248667,True,False
AISL.NS,2026-09-29,60.70000076293945,55.647420247395836,56.52406406402588,57.05969268798828,58.181584192911785,63.33344533920288,56.66394907903591,48.54713668454672,99.0757912083676,False,False,False,False,True,False,False,True,False,-35.50923301654835,noise,45.924225028702644,False,False,False,False,,Commercial Services & Supplies,Diversified Commercial Services,18.7590887057683,False,False
ANIKINDS.NS,2026-09-30,44.45000076293945,43.482500076293945,44.225555419921875,43.698400039672855,43.38900004069011,44.86405006408691,43.82211201825669,32.5,83.4000015258789,False,False,False,False,True,True,False,True,False,-29.878527857821492,noise,28.11776381078399,False,False,False,False,,Commercial Services & Supplies,Trading & Distributors,26.708676684440135,False,False
APCL.NS,2026-09-30,94.22000122070312,96.00749969482422,99.66166708204481,100.6520002746582,109.0928000386556,114.88579978942872,95.63393633808487,92.0,148.77999877929688,False,False,False,False,False,False,False,False,False,-30.516226416113458,red,108.62703840084167,False,False,False,False,,Cement & Cement Products,Cement & Cement Products,25.884634028114395,False,False
ANKITMETAL.NS,2026-09-30,1.9700000286102295,1.8050000071525574,1.7030555605888367,1.658600001335144,1.585000003973643,1.6200000083446502,1.850979147610933,1.2899999618530273,2.119999885559082,True,False,False,True,True,True,True,True,False,-6.635065092230141,noise,75.63087686595763,False,False,False,False,,Ferrous Metals,Iron & Steel,55.64711585070285,False,False
AHCL.NS,2026-09-30,34.58000183105469,27.96083354949951,19.72500009006924,18.359400062561036,15.295180009206137,14.76941999912262,30.041332381159048,10.371000289916992,37.2400016784668,True,True,False,True,True,True,True,True,False,163.6474639251027,noise,76.14453212230508,False,False,False,False,,Pharmaceuticals & Biotechnology,Pharmaceuticals,98.15802229762481,True,False
ANLON.NS,2026-09-29,744.9500122070312,746.0791727701823,685.9236128065321,666.0490014648437,573.0113340250651,527.7350003051757,754.5529264926626,335.0,858.0999755859375,True,True,True,True,True,True,True,False,False,61.24459138680329,red,164.02116402116403,False,False,False,False,,Commercial Services & Supplies,Diversified Commercial Services,90.88705768298594,True,True
ANMOL.NS,2026-09-30,13.710000038146973,14.087500095367432,12.07000011867947,11.523200092315674,11.35940003077189,11.761450018882751,13.784318246158499,8.399999618530273,18.549999237060547,True,False,False,False,True,True,False,False,False,-12.73074471765504,dry,11.273184675811002,False,True,False,False,,Consumable Fuels,Trading - Coal,48.66698982064954,False,False
ANNAPURNA.NS,2026-09-30,131.0,131.87916692097983,141.90916612413196,140.7145997619629,147.9778665669759,160.495899848938,131.42526997592623,120.75,287.0,False,False,False,False,False,False,False,False,False,-49.45987892339829,ppv,174.26589454920978,False,False,False,False,,Food Products,Packaged Foods,8.191953465826467,False,False
ANNU.NS,2026-09-30,,,,,,,,,,False,False,False,False,False,False,False,False,False,,noise,,False,False,False,False,,Construction,Civil Construction,,False,False
ANSALBU.NS,2026-09-30,,,,,,,,,,False,False,False,False,False,False,False,False,False,,noise,,False,False,False,False,,Realty,"Residential, Commercial Projects",,False,False
ANSALAPI.NS,2026-09-30,4.159999847412109,3.7649999856948853,3.503055546018812,3.4415999937057493,3.464866671562195,3.4234500062465667,3.866096420004671,2.509999990463257,4.78000020980835,True,True,False,False,True,True,True,True,False,-11.864406094746938,ppv,231.20204073436378,False,False,False,False,,Realty,"Residential, Commercial Projects",49.781871061560835,False,False
ANTGRAPHIC.NS,2026-09-30,0.7099999785423279,0.7141666611035665,0.7277777857250638,0.7328000068664551,0.7845333361625672,0.8267500019073486,0.7115093499467899,0.6399999856948853,1.1699999570846558,False,False,False,False,False,False,False,False,False,-33.64486507124538,noise,40.78505714170169,False,False,False,False,,Industrial Products,Packaging,21.66747455162385,False,False
ANTELOPUS.NS,2026-09-30,1125.9000244140625,1139.7791544596355,978.3458285861545,939.0409973144531,784.4203306070964,709.978747253418,1141.832693097095,357.0,1290.9000244140625,True,True,True,True,True,True,True,False,False,104.05981412126191,dry,16.771045093906444,False,True,False,False,,Oil,Oil Exploration & Production,95.63742123121668,True,True
ANTHEM.NS,2026-09-30,858.5999755859375,894.7416636149088,905.5041656494141,879.8000012207032,784.4113883463542,749.9004885864258,883.4071751076523,577.6439689831894,977.5499877929688,True,True,True,True,False,True,True,False,False,13.089660239873236,noise,24.608264511507898,False,True,False,False,,Pharmaceuticals & Biotechnology,Biotechnology,74.11536597188561,True,False
AWHCL.NS,2026-09-30,364.54998779296875,368.0708312988281,375.533331129286,389.4509942626953,442.52345479329426,458.69970458984375,369.63846896657003,337.54998779296875,604.2286076106078,False,False,False,False,False,False,False,False,False,-32.44833691216478,noise,27.146651447496893,False,True,False,False,,Other Utilities,Waste Management,23.315559864275325,False,False
ANUHPHR.NS,2026-09-30,87.4000015258789,91.24833424886067,85.37861145867242,83.43279663085937,78.9593379720052,78.23499591827392,90.31684730416612,65.74983978271484,99.5,True,True,True,True,True,True,True,False,False,7.52361668980952,noise,45.5312217607098,False,False,False,False,,Pharmaceuticals & Biotechnology,Pharmaceuticals,69.36500242365487,False,False
ANURAS.NS,2026-09-30,1181.0,1183.4014892578125,1217.1351487901475,1217.0461450195312,1266.3524820963542,1274.3746612548828,1187.9830163185593,1043.872746633716,1413.2033352966978,False,False,False,False,False,False,True,False,False,9.989909090867744,noise,34.750650045843926,False,True,False,False,,Chemicals & Petrochemicals,Specialty Chemicals,71.74018419777025,True,False
APARINDS.NS,2026-09-30,17384.0,17780.666666666668,17406.353949652777,16689.5226171875,13912.36728515625,12590.472038574218,17697.351539850093,6777.469795325622,19265.0,True,True,True,True,True,True,True,False,False,113.09984931398209,noise,72.89164683918926,False,True,False,False,,Electrical Equipment,Other Electrical Equipment,96.41299079011148,True,True
APCOTEXIND.NS,2026-09-30,595.5999755859375,597.4416656494141,611.3222249348959,611.7489990234375,501.6559901936849,466.4999920654297,599.1140546731592,307.1774227167927,712.0,True,True,True,True,False,True,True,False,False,57.25869321017114,dry,11.950846469997947,False,False,False,False,,Industrial Products,Rubber,90.11148812409114,True,False
PARKHOTELS.NS,2026-09-30,105.91999816894531,105.57433573404948,110.85088157653809,113.64665435791015,116.89420054117839,119.65395988464356,105.56564926792352,94.43465274602374,157.25207671824407,False,False,False,False,False,False,False,True,False,-26.039201421430302,ppv,322.3297242953423,True,False,False,False,,Leisure Services,Hotels & Resorts,31.701405719825498,False,False
APEX.NS,2026-09-30,336.5,349.08333587646484,371.2919930352105,372.5543994140625,399.62898396809896,380.3309281921387,348.2181209942612,218.41563847380195,511.1200184186195,False,True,True,False,False,True,False,False,False,49.29708821154348,dry,19.521564248700958,False,True,False,False,,Food Products,Seafood,88.02714493456132,True,False
APLAPOLLO.NS,2026-09-30,2190.10009765625,2183.6833699544272,2162.011979844835,2088.4081591796876,1968.0104752604166,1979.736864013672,2190.099428825936,1672.855806343664,2292.568366695916,True,False,True,True,True,True,True,True,False,30.391846347032605,noise,89.52212282229304,False,False,False,False,,Industrial Products,Iron & Steel Products,82.355792535143,True,False
APOLLOHOSP.NS,2026-09-30,8165.5,8783.5,8782.416775173611,8813.56111328125,8312.949794921875,8031.56154296875,8714.286229205081,6679.845437739152,9070.5,False,True,True,True,False,False,True,False,False,10.485340343953254,red,573.6506894537766,False,False,False,False,,Healthcare Services,Hospital,72.17644207464858,True,False
APOLLO.NS,2026-09-30,403.45001220703125,392.52396392822266,393.3187840779622,392.96101318359376,345.6955535888672,320.6174359893799,399.52594239125153,179.38966604060064,466.21327810672074,True,True,True,True,True,True,True,True,False,23.795811192296856,noise,72.64869423978341,False,True,False,False,,Aerospace & Defense,Aerospace & Defense,79.01114881240912,True,True
APOLLOPIPE.NS,2026-09-30,507.8500061035156,520.9416656494141,565.5944408840603,549.7019958496094,490.3343798828125,441.79958984375,523.0265814779777,251.75001240064898,668.7999877929688,True,True,True,True,False,True,True,False,False,52.71953302843686,noise,44.404124086945515,False,False,False,False,,Industrial Products,Plastic Products - Industrial,88.99660688317984,True,False
APOLSINHOT.NS,2026-09-30,1162.5999755859375,1199.065185546875,1207.8239881727432,1206.2300366210939,1186.952079671224,1204.362391052246,1191.443608112238,947.6541090965414,1436.4440627840127,False,False,False,True,False,False,True,False,False,-15.237965555034915,red,113.12317364739218,False,False,False,False,,Leisure Services,Hotels & Resorts,44.983034415899176,False,False
APOLLOTYRE.NS,2026-09-30,404.70001220703125,404.68750254313153,423.9791666666667,426.6000012207031,419.5329022216797,438.028210144043,404.63475886122205,363.2227809620478,533.7087547028075,False,False,False,False,False,False,True,True,False,-13.341867226107363,noise,77.58094789554515,False,True,False,False,,Auto Components,Tyres & Rubber Products,47.552108579738245,False,False
APOORVA.NS,2026-09-30,,,,,,,,,,False,False,False,False,False,False,False,False,False,,noise,,False,False,False,False,,Finance,Other Financial Services,,False,False
APTECHT.NS,2026-09-30,88.26000213623047,90.17416636149089,90.90305519104004,91.64339981079101,93.44381703694661,91.51048473358155,90.04188784221286,66.31145685193937,128.47999572753906,False,True,False,False,False,True,False,False,False,-23.522762400463503,noise,86.03419118531045,False,True,False,False,,Other Consumer Services,Education,34.80368395540475,False,False
APTUS.NS,2026-09-30,232.52999877929688,240.09333419799805,249.7644454108344,255.07740081787108,253.78406463623048,256.9725785827637,239.8280315639547,191.24135126964168,326.69252082124143,False,False,False,False,False,False,False,False,False,-26.096100811740442,red,130.41376339705295,False,False,False,False,,Finance,Housing Finance Company,31.507513330101794,False,False
AQYLON.NS,2026-09-30,16.260000228881836,18.639999707539875,21.502222326066757,22.77740005493164,45.92340000152588,166.63175082206726,18.371966839545173,16.260000228881836,1714.9000244140625,False,False,False,False,False,False,False,False,False,-98.23376051921653,dry,13.780400946962548,False,False,False,True,,Entertainment,TV Broadcasting & Software Production,0.048473097430925836,False,False
ARABIAN.NS,2026-09-29,88.0,85.58333269755046,85.42083316379123,81.96299987792969,73.83299977620443,73.02324993133544,87.20950777515641,63.20000076293945,94.30000305175781,True,True,True,True,True,True,True,True,True,19.56521987013651,red,261.53846153846155,False,False,False,False,,Petroleum Products,Lubricants,77.120698012603,True,True
ACI.NS,2026-09-30,485.8500061035156,473.60833231608075,488.2125015258789,502.36199951171875,541.1940616861979,542.7559437561035,480.71208833628157,446.0,700.9383640503645,False,False,False,False,False,False,False,True,False,-28.22445996122218,noise,66.87138509806026,False,True,False,False,,Chemicals & Petrochemicals,Specialty Chemicals,28.696073679108096,False,False
ADL.NS,2026-09-30,77.5999984741211,71.12416648864746,71.98388904995389,71.94120010375977,71.19373311360677,72.17424991607666,71.92555510507351,50.2599983215332,109.9000015258789,True,False,False,False,True,True,False,True,False,-8.555269955235968,ppv,640.649362560763,True,False,False,False,,Consumer Durables,Plywood Boards/ Laminates,53.56277266117305,False,False
ARCHIDPLY.NS,2026-09-30,103.5,104.1641674041748,102.65388933817546,97.47400024414063,85.12066668192546,85.88145009994507,104.18605550633325,60.0,124.77999877929688,True,False,True,True,True,True,True,False,False,2.1515992022719477,ppv,77.77913258797928,False,False,False,False,,Consumer Durables,Plywood Boards/ Laminates,65.0993698497334,False,False
ARCHIES.NS,2026-09-30,12.390000343322754,12.475000063578287,13.040277745988634,13.297600002288819,13.988933353424072,14.811650023460388,12.526756765235426,10.859999656677246,22.43000030517578,False,False,False,False,False,False,False,False,False,-42.7977819454921,noise,42.323534699045666,False,False,False,False,,Consumer Durables,Leisure Products,12.312166747455162,False,False
ARCL.NS,2026-09-30,,,,,,,,,,False,False,False,False,False,False,False,False,False,,noise,,False,False,False,False,,Chemicals & Petrochemicals,Commodity Chemicals,,False,False
ARDEE.NS,2026-09-30,,,,,,,,,,False,False,False,False,False,False,False,False,False,,noise,,False,False,False,False,,Diversified Metals,Diversified Metals,,False,False
ARFIN.NS,2026-09-30,89.19000244140625,88.29441960652669,86.76084476047092,87.08505249023438,87.3150091044108,83.85781044006347,88.837114504157,45.0151273836457,106.06059834309647,True,True,True,False,True,True,True,True,False,90.37669069816468,noise,67.99093588725448,False,False,False,False,,Non - Ferrous Metals,Aluminium,94.3771206980126,True,False
ARIES.NS,2026-09-30,480.54998779296875,471.3847173055013,460.0814378526476,426.2855212402344,373.15655497233075,360.59894271850584,472.95269689192156,283.80856922132995,521.9153446988465,True,True,True,True,True,True,True,True,False,21.488550999399216,dry,12.421574268183738,False,True,False,False,,Fertilizers & Agrochemicals,Fertilizers,78.04168686379059,True,True
ARIHANT.NS,2026-09-30,,,,,,,,,,False,False,False,False,False,False,False,False,False,,noise,58.81284757689252,False,False,False,False,,Realty,"Residential, Commercial Projects",,False,False
ARIHANTACA.NS,2026-09-29,491.0,490.6583302815755,482.87613084581164,477.70856994628906,471.8002402750651,469.9489186096191,485.6524896054715,383.46000864313936,552.7799769827852,True,True,False,True,True,False,True,True,False,23.242973775641108,dry,14.326647564469914,False,False,False,False,,Other Consumer Services,Education,78.86572952011633,True,False
ARIHANTCAP.NS,2026-09-30,89.73999786376953,86.99859809875488,80.11951065063477,79.33214935302735,72.90224136352539,75.76861637115479,88.28439009516894,56.61924385842271,119.26117337467782,True,False,False,True,True,True,True,True,False,-17.89785898150189,noise,83.23249638531426,False,False,False,False,,Capital Markets,Stockbroking & Allied,41.88075618031992,False,False
ARIHANTSUP.NS,2026-09-30,222.85000610351562,230.8208325703939,240.61763424343533,246.2525079345703,249.7274149576823,262.13004211425783,232.18695099389552,188.58512711443598,464.470773664448,False,False,False,False,False,False,False,False,False,-45.034753582374265,dry,11.078390503547363,False,False,False,False,,Realty,"Residential, Commercial Projects",10.1308773630635,False,False
ARIS.NS,2026-09-30,143.8800048828125,134.78083292643228,135.17583317226834,133.50419998168945,122.75206670125326,120.83370010375977,137.02641609662487,82.18000030517578,178.3000030517578,True,True,False,True,True,True,True,True,False,-3.6302733142385524,ppv,248.06387483582935,False,False,False,False,,Other Construction Materials,Other Construction Materials,58.60397479398933,False,False
ARISTO.NS,2026-09-29,100.5999984741211,107.46651776631673,106.18210199144151,106.88221252441406,101.47441884358724,102.71947299957276,105.23294163913583,73.90196395312388,137.06178283691406,False,False,False,True,False,True,False,False,False,-26.602444246750977,dry,0.0,False,False,False,False,,Fertilizers & Agrochemicals,Pesticides & Agrochemicals,31.119728550654386,False,False
ARKADE.NS,2026-09-30,119.38999938964844,121.88000043233235,125.06111123826769,128.66619949340821,120.83113342285156,122.14030014038086,122.63333187642237,92.62000274658203,180.0,False,False,False,True,False,False,False,False,False,-29.20002613258704,noise,43.3482510947603,False,False,False,False,,Realty,"Residential, Commercial Projects",27.435773145904026,False,False
ARMANFIN.NS,2026-09-30,1744.199951171875,1879.7999979654949,1952.0194498697917,1957.6080078125,1738.5640030924478,1696.1925030517577,1843.1552829169498,1301.0,2158.60009765625,True,True,True,True,False,True,True,False,False,19.56401787709123,noise,70.37577411092994,False,False,False,False,,Finance,Non Banking Financial Company (NBFC),77.07222491517209,True,False
AROGRANITE.NS,2026-09-30,23.280000686645508,23.303333123524983,24.265277756585014,24.549200019836427,25.030400060017904,26.16860004425049,23.437053012318597,18.670000076293945,40.0,False,False,False,False,False,False,False,False,False,-40.077215956255785,noise,21.469854094217528,False,False,False,False,,Consumer Durables,Granites & Marbles,14.978187106156081,False,False
ARROWGREEN.NS,2026-09-30,856.0499877929688,887.4166615804037,795.3711225721571,777.3197912597657,611.3034920247396,574.8298669433593,874.9760197820233,339.84701118518905,952.75,True,True,True,True,True,True,True,False,False,56.33855928661,red,118.8378405967883,False,False,False,False,,Industrial Products,Packaging,89.91759573436742,True,True
ARSHIYA.NS,2026-09-30,0.8100000023841858,0.7441666622956594,0.8036111129654778,0.8484000027179718,1.1076666684945424,1.1563000032305717,0.7569905831645979,0.6800000071525574,2.119999885559082,False,False,False,False,False,False,False,True,False,-56.68449196156463,noise,65.47577001395983,False,False,False,False,,Transport Services,Logistics Solution Provider,4.847309743092584,False,False
ARTNIRMAN.NS,2026-09-30,40.2400016784668,39.57583363850912,40.417777909172905,40.2326000213623,40.33120011647542,41.54760010719299,39.34440796074435,29.389999389648438,66.97000122070312,False,False,False,False,True,True,False,True,False,-19.358716537117303,ppv,429.8131191155769,False,False,False,False,,Realty,"Residential, Commercial Projects",40.329617062530296,False,False
AEPL.NS,2026-09-30,,,,,,,,,,False,False,False,False,False,False,False,False,False,,dry,18.835561000295726,False,False,False,False,,Electrical Equipment,Other Electrical Equipment,,False,False
ARTEMISMED.NS,2026-09-30,345.54998779296875,342.9499994913737,331.38472154405383,321.51800048828125,274.34003590901693,269.2139415740967,348.36633086951457,203.00855548512436,378.79998779296875,True,True,True,True,True,True,True,False,False,42.3353850880349,red,117.09232574666642,False,False,False,False,,Healthcare Services,Hospital,86.08822103732429,True,True
ARVEE.NS,2026-09-30,225.16000366210938,208.34000142415366,185.29861153496637,177.64300048828125,165.62346659342447,170.57434997558593,217.25895858679434,129.11000061035156,290.7799987792969,True,False,False,True,True,True,True,True,False,36.17999797336993,noise,33.213890575045305,False,False,False,False,,Chemicals & Petrochemicals,Specialty Chemicals,83.8584585555017,True,False
ARVINDFASN.NS,2026-09-30,387.45001220703125,417.77083587646484,436.5013877020942,442.21519653320314,445.3679207356771,453.84177856445314,414.802936502855,364.92489307412075,567.0187417779242,False,False,False,False,False,False,False,False,False,-24.970315435288125,red,142.9655567986475,False,False,False,False,,Retailing,Speciality Retail,32.91323315559864,False,False
ARVIND.NS,2026-09-30,539.9000244140625,546.4083251953125,549.7015957302517,543.7811749267578,475.0510561116536,437.94007568359376,547.6469300148809,275.6944407527197,607.1500244140625,True,True,True,True,False,True,True,False,False,79.10786657725166,noise,93.67327795065371,False,False,False,False,,Textiles & Apparels,Garments & Apparels,93.65002423654872,True,False
ARVSMART.NS,2026-09-30,601.75,589.7958374023438,628.9578535291884,622.8535424804687,594.6094201660156,588.6855606079101,604.1117697985472,485.12175511902797,705.4097122162362,True,True,False,True,False,False,True,False,False,-7.217012543257317,dry,10.979457421029082,False,False,False,False,,Realty,"Residential, Commercial Projects",54.87154629180805,False,False
ARYAMAN.NS,2026-09-30,,,,,,,,,,False,False,False,False,False,False,False,False,False,,noise,,False,True,False,False,,Finance,Non Banking Financial Company (NBFC),,False,False
ASAHIINDIA.NS,2026-09-30,958.8499755859375,957.0625,953.1772189670139,935.2375207519531,883.8982491048178,904.7088162231445,957.4748612898418,773.5120327669628,1071.7996569938532,True,False,False,True,True,False,True,True,False,12.28449640649254,noise,47.899781409571546,False,True,False,False,,Auto Components,Auto Components & Equipments,73.63063499757635,True,False
ASAHISONG.NS,2026-09-30,389.1499938964844,376.5613835652669,368.9868002997504,366.72548217773436,281.168274230957,271.6232837677002,382.79844373330934,178.91408623147177,412.277266097403,True,True,True,True,True,True,True,True,False,40.62583881996489,noise,23.309063212437025,False,False,False,False,,Chemicals & Petrochemicals,Dyes And Pigments,85.65196316044596,True,True
ASCOM.NS,2026-09-29,207.89999389648438,211.32493464152017,220.5095740424262,230.8720797729492,241.55385670979817,217.55033630371094,210.20237760032143,89.89176940917969,284.6572652144594,False,True,True,False,False,True,False,False,False,131.2781195240927,dry,0.0,False,False,False,False,,Finance,Non Banking Financial Company (NBFC),97.18856034900631,True,False
ASHAPURMIN.NS,2026-09-30,504.1499938964844,517.7079264322916,554.1024525960287,594.7183740234375,609.6789121500651,640.204147491455,517.3943112193433,453.38988582073415,921.4245512973316,False,False,False,False,False,False,False,False,False,-22.26550585573652,noise,56.56058769183366,False,False,False,False,,Minerals & Mining,Industrial Minerals,36.451769268056225,False,False
ASHIANA.NS,2026-09-30,386.0,376.2445780436198,365.62586551242407,370.4685821533203,355.13389607747393,340.90148193359374,381.46974445137306,267.64283553700096,434.28772937264273,True,True,True,True,True,True,True,True,False,29.81670608344411,noise,54.73411658130335,False,True,False,False,,Realty,"Residential, Commercial Projects",82.11342704798837,True,True
ASHIKAG.NS,2026-09-30,,,,,,,,,,False,False,False,False,False,False,False,False,False,,noise,,False,True,False,False,,Finance,Non Banking Financial Company (NBFC),,False,False
ASHIMASYN.NS,2026-09-30,15.979999542236328,15.995000203450521,17.14583338631524,17.339800071716308,15.979133332570393,16.297250046730042,16.06682836744225,11.5,23.5,False,False,False,True,False,True,False,False,False,-28.724355540333068,noise,33.35360596515446,False,False,False,False,,Textiles & Apparels,Other Textile Products,27.96897721764421,False,False
ASHOKLEY.NS,2026-09-30,154.19000244140625,158.28249994913736,167.48750008477106,167.07040008544922,163.84447713216147,169.92413932800292,157.99123410800624,131.07000684605995,211.80679384961218,False,False,False,False,False,False,False,False,False,10.663678983431325,green,117.37071297605848,False,False,False,False,,"Agricultural, Commercial & Construction Vehicles",Commercial Vehicles,72.27338826951042,True,False
ASHOKA.NS,2026-09-30,107.75,111.03333473205566,113.27805625067816,115.38180068969727,122.51126708984376,131.04845039367675,110.8716909863632,101.0,214.5,False,False,False,False,False,False,False,False,False,-41.6747879202661,dry,14.938106535807671,False,False,False,False,,Construction,Civil Construction,13.37857489093553,False,False
ASHOKAMET.NS,2026-09-30,15.180000305175781,15.080000082651773,14.423055622312758,14.352800045013428,14.890933310190837,14.879799990653991,15.198795594638256,12.130000114440918,19.399999618530273,True,True,False,False,True,False,True,False,False,-10.758376831758287,dry,19.138968103123315,False,False,False,False,,Metals & Minerals Trading,Trading - Metals,50.89675230247212,False,False
ASIANENE.NS,2026-09-30,471.8500061035156,483.73103586832684,482.4359893798828,456.88810363769534,366.20377075195313,343.20521049499513,483.8547264792468,229.41812828743812,564.2688840142267,True,True,True,True,True,True,True,False,False,44.48587631442069,noise,35.79594783277318,False,True,False,False,,Oil,Oil Equipment & Services,86.52447891420262,True,True
ASIANTILES.NS,2026-09-30,49.68000030517578,50.33916632334391,49.40611097547743,50.98419982910156,57.446066767374674,61.15425003051758,50.22980551259292,42.5,79.05999755859375,False,False,False,False,False,False,False,False,False,-13.809852825748282,dry,9.410507031162101,False,False,False,False,,Consumer Durables,Ceramics,46.97043141056714,False,False
AHLEAST.NS,2026-09-30,134.44000244140625,135.46833292643228,137.62055502997504,139.2699996948242,150.1555335489909,147.7729002380371,135.55260726321407,127.25,175.3000030517578,False,True,False,False,False,False,True,False,False,-10.960992416486203,dry,8.11181323361211,False,False,False,False,,Leisure Services,Hotels & Resorts,50.460494425593794,False,False
ASIANHOTNR.NS,2026-09-30,354.79998779296875,378.94583384195965,352.8388892279731,340.2870001220703,313.0043341064453,312.2950003051758,374.29753322850513,247.5,423.79998779296875,True,True,True,True,True,True,True,False,False,11.502191760484394,noise,37.738441033851,False,False,False,False,,Leisure Services,Hotels & Resorts,73.0004847309743,True,True
AHLWEST.NS,2026-09-30,535.0499877929688,531.5583318074545,532.6861089070638,537.5399993896484,450.4417310587565,373.8687967681885,529.3510320563865,137.0,751.4000244140625,True,True,True,True,False,True,False,True,False,271.17586572857834,noise,63.85025802501531,False,False,False,False,,Leisure Services,Hotels & Resorts,99.41832283082888,True,False
ASIANPAINT.NS,2026-09-30,2402.60009765625,2428.566691080729,2539.816684299045,2595.1780078125,2530.5597021484373,2548.712497558594,2431.274232247379,2096.8080953222207,2960.0187763517797,False,False,False,True,False,False,True,False,False,3.286262283220376,noise,75.38639972322055,False,False,False,False,,Consumer Durables,Paints,65.72952011633544,False,False
ASTAR.NS,2026-09-30,,,,,,,,,,False,False,False,False,False,False,False,False,False,,noise,,False,True,False,False,,Consumer Durables,"Gems, Jewellery And Watches",,False,False
ASIANTNE.NS,2026-09-30,,,,,,,,,,False,False,False,False,False,False,False,False,False,,noise,,False,False,False,False,,Commercial Services & Supplies,Trading & Distributors,,False,False
ASKAUTOLTD.NS,2026-09-30,640.0999755859375,638.8083343505859,632.7069464789497,615.0828350830078,498.50660196940106,487.79110092163086,638.9514878258818,373.9332517882958,687.7000122070312,True,True,True,True,True,True,True,True,False,21.743332724659115,noise,52.34426217123826,False,False,False,False,,Auto Components,Auto Components & Equipments,78.13863305865245,True,True
ASPINWALL.NS,2026-09-30,241.85000610351562,250.78750228881836,251.17583253648547,248.81039947509765,234.26882731119792,230.52710151672363,249.45574070877876,195.3813837893318,292.5110543346773,True,True,False,True,False,False,True,False,False,-8.193870965611893,noise,88.03325311747976,False,False,False,False,,Transport Services,Logistics Solution Provider,53.80513814832768,False,False
ASPIRE.NS,2026-09-29,14.949999809265137,13.27916669845581,13.558333290947807,13.87299997329712,14.042333348592122,14.652000012397766,13.682795973115269,10.199999809265137,23.0,True,False,False,False,True,True,False,True,False,-35.000000829282016,noise,67.20430107526882,False,False,False,False,,Consumer Durables,Household Appliances,19.292292777508482,False,False
ASSAMENT.NS,2026-09-30,,,,,,,,,,False,False,False,False,False,False,False,False,False,,noise,,False,False,False,False,,Finance,Non Banking Financial Company (NBFC),,False,False
ASALCBR.NS,2026-09-30,615.4500122070312,648.0916697184244,689.5313025580513,712.0613500976563,785.3432381184896,810.5236901855469,645.6455165954131,615.0999755859375,1273.3313070480908,False,False,False,False,False,False,False,False,False,-34.588459712629984,red,131.7489198265992,False,False,False,True,,Beverages,Breweries & Distilleries,19.970916141541444,False,False
ASTEC.NS,2026-09-30,722.75,723.9583384195963,648.0791659884983,644.7669982910156,673.6133341471354,667.9715020751953,718.454232956672,513.4000244140625,941.75,True,True,False,False,True,True,True,True,False,-10.183920835575599,ppv,411.63677842810927,False,False,False,False,,Fertilizers & Agrochemicals,Pesticides & Agrochemicals,51.91468734852157,False,False
ASTERDM.NS,2026-09-30,697.1500244140625,747.6791737874349,769.4097239176432,785.3270031738281,747.4041495768229,708.7820907592774,743.2894222880878,516.8361420654307,891.2999877929688,False,True,True,True,False,True,True,False,False,11.684132591360719,noise,79.61381015064194,False,False,False,False,,Healthcare Services,Hospital,73.09743092583616,True,False
ASTRAMICRO.NS,2026-09-30,1636.699951171875,1619.0833333333333,1669.187964545356,1701.8670483398437,1420.5241365559896,1299.8999411010743,1629.1212353237743,849.7963206864241,1957.2277658555508,True,True,True,True,False,True,True,True,False,66.58381900649029,noise,61.69778697700144,False,True,False,False,,Aerospace & Defense,Aerospace & Defense,91.95346582646631,True,False
ASTRAL.NS,2026-09-30,1370.4000244140625,1389.4083353678386,1468.455590142144,1462.2850463867187,1509.9328035481772,1502.8615118408204,1391.2957450394092,1309.540253350694,1765.9224658214252,False,True,False,False,False,False,True,False,False,0.5466498741366399,noise,26.912978176033857,False,True,False,False,,Industrial Products,Plastic Products - Industrial,63.20891904992729,False,False
ASTRAZEN.NS,2026-09-30,6186.0,6558.583333333333,6979.180555555556,7289.065224609375,7998.092503255209,8163.88123046875,6478.238703324577,6120.5,9805.695125484928,False,False,False,False,False,False,False,False,False,-30.11713293386591,red,436.73279584131467,False,False,False,True,,Pharmaceuticals & Biotechnology,Pharmaceuticals,26.320891904992727,False,False
ASTRON.NS,2026-09-30,2.799999952316284,2.9333333571751914,3.078333338101705,3.2996000051498413,3.793600010871887,4.138900008201599,2.923787454635581,2.799999952316284,15.109999656677246,False,False,False,False,False,False,False,False,False,-79.59183747944161,noise,97.01422023244258,False,False,False,True,,"Paper, Forest & Jute Products",Paper & Paper Products,0.6301502666020359,False,False
ATALREAL.NS,2026-09-30,12.579999923706055,13.87666654586792,23.94055551952786,26.547999992370606,26.888799934387208,26.684949922561646,14.006980551201897,11.699999809265137,36.70000076293945,False,True,False,False,False,False,False,False,False,-41.07728478251178,noise,21.058547953675514,False,False,False,False,,Realty,"Residential, Commercial Projects",13.86330586524479,False,False
ATAM.NS,2026-09-30,56.34000015258789,57.6758337020874,56.76009549034966,59.09442512512207,64.25219889322916,67.48248588562012,56.790900653924695,48.18950083312845,110.28937131225031,False,False,False,False,False,False,False,False,False,-35.52079386840406,noise,67.31457854782153,False,False,False,False,,Industrial Manufacturing,Industrial Products,18.71061560833737,False,False
ATHERENERG.NS,2026-09-30,1425.0,1520.4250081380208,1548.1083374023438,1489.1640014648438,1120.2679996744791,1010.6129992675782,1493.665731868426,556.5,1744.0,True,True,True,True,False,True,True,False,False,151.9893899204244,noise,67.55265624379523,False,True,False,False,,Automobiles,2/3 Wheelers,97.81871061560834,True,False
ATLANTAELE.NS,2026-09-30,1608.0999755859375,1641.6416727701824,1736.6583387586807,1692.7660083007813,1597.0093371582032,1411.420502319336,1647.038713308871,707.5999755859375,2152.60009765625,True,True,True,True,False,True,False,False,False,,noise,64.1599515790995,False,True,False,False,,Electrical Equipment,Heavy Electrical Equipment,,False,False
ATLANTAA.NS,2026-09-30,37.25,36.07833353678385,37.988333490159775,37.82180007934571,39.18393346150716,40.42470008850098,36.362441240297244,31.520000457763672,73.38999938964844,False,False,False,False,False,False,False,True,False,-4.633899922309482,ppv,183.4422334740084,False,True,False,False,,Construction,Civil Construction,57.48909355307804,False,False
ATLASCYCLE.NS,2026-09-30,93.52999877929688,92.9816665649414,96.02388911777072,96.51800018310547,96.14760014851888,96.2171001815796,94.20141317078739,76.1500015258789,124.87999725341797,False,False,False,True,False,False,False,False,False,-23.039578936266647,dry,12.25369251447674,False,True,False,False,,Consumer Durables,Cycles,35.43383422200679,False,False
ATMASTCO.NS,2026-09-29,115.05000305175781,122.79583358764648,136.05972247653537,140.5570004272461,152.80133326212564,149.76224960327147,120.92353335278892,98.0,229.89999389648438,False,True,False,False,False,False,False,False,False,-44.873021210302014,noise,61.085972850678736,False,False,False,False,,Construction,Civil Construction,10.518662142510907,False,False
ATUL.NS,2026-09-30,5915.5,6078.083333333333,6354.916666666667,6454.62,6500.433447265625,6415.96822265625,6064.325897108321,5533.215936920114,7144.769440445724,False,True,True,False,False,False,True,False,False,-1.8869617576041997,red,118.70460196375178,False,False,False,False,,Chemicals & Petrochemicals,Specialty Chemicals,60.83373727581193,False,False
ATULAUTO.NS,2026-09-30,448.1499938964844,444.94166564941406,464.2318598429362,479.14768859863284,467.930390625,461.9658724975586,446.37180337818586,377.51434467774817,592.5698687930867,False,True,False,True,False,False,True,True,False,-4.9789238616413485,noise,35.89007799016599,False,False,False,False,,"Agricultural, Commercial & Construction Vehicles",Commercial Vehicles,57.19825496849249,False,False
AUBANK.NS,2026-09-30,1010.2999877929688,1026.2833302815754,1063.0555470784504,1058.61455078125,1010.0866129557292,1005.4534786987305,1021.7184669970216,718.3523818731599,1144.0999755859375,True,True,True,True,False,True,True,False,False,38.2664869752094,noise,88.63402695219538,False,False,False,False,,Banks,Other Bank,84.68250121182743,True,False
AUGMONT.NS,2026-09-30,,,,,,,,,,False,False,False,False,False,False,False,False,False,,noise,,False,False,True,False,,Non - Ferrous Metals,Precious Metals,,False,False
AURIONPRO.NS,2026-09-30,622.0999755859375,673.0471242268881,687.4775034586588,704.908935546875,791.7238854980469,844.425199584961,659.4967643720599,620.0,1235.2944216929336,False,False,False,False,False,False,False,False,False,-45.22195016037078,noise,66.3576296956673,False,False,False,True,,IT - Software,Computers - Software & Consulting,9.936984973339797,False,False
AUROIMPEX.NS,2026-09-29,43.0,36.41666730244955,29.377777947319878,28.43000015258789,29.044666697184244,30.842750072479248,38.63867946616147,21.25,52.849998474121094,True,False,False,False,True,True,True,True,False,-14.000000000000002,red,157.59312320916905,False,False,False,False,,Industrial Products,Electrodes & Refractories,46.53417353368881,False,False
AUROPHARMA.NS,2026-09-30,1672.0,1696.4249979654949,1666.2361178927952,1643.8520043945311,1498.1433341471354,1419.0404986572266,1694.9158883712914,1066.800048828125,1740.0,True,True,True,True,True,True,True,False,False,53.464892152363475,red,131.7073463021963,False,False,False,False,,Pharmaceuticals & Biotechnology,Pharmaceuticals,89.14202617547261,True,True
AURUM.NS,2026-09-30,232.3699951171875,221.70749791463217,225.40055423312717,224.6721990966797,200.2522001139323,195.80199981689452,223.17133175552212,151.89999389648438,264.6400146484375,True,True,True,True,True,True,True,True,False,35.952490993770155,ppv,272.4289018393993,False,False,False,False,,IT - Services,IT Enabled Services,83.80998545807077,True,True
AURUS.NS,2026-09-30,4.429999828338623,4.707499980926514,4.711111081971063,4.708799962997436,4.87219998995463,4.942049992084503,4.642355530381403,4.099999904632568,6.949999809265137,False,False,False,False,False,False,False,False,False,-30.45526047211521,red,216.50494913016658,False,False,False,False,,Consumer Durables,"Gems, Jewellery And Watches",26.030053320407177,False,False
AUSOMENT.NS,2026-09-30,140.67999267578125,146.6606470743815,148.36435317993164,145.24707611083986,127.08634521484375,124.37772388458252,145.4098271805186,92.37958340712095,176.81253472005758,True,True,True,True,False,True,True,False,False,40.47291430281379,noise,68.27981187582762,False,False,False,False,,Consumer Durables,"Gems, Jewellery And Watches",85.60349006301503,True,False
AUSTENG.NS,2026-09-30,,,,,,,,,,False,False,False,False,False,False,False,False,False,,ppv,,False,False,True,False,,Industrial Manufacturing,Industrial Products,,False,False
APS.NS,2026-09-29,229.60000610351562,233.48333613077799,243.2569457160102,250.79800201416015,299.70900177001954,313.46650138854983,234.2775381812103,225.0,543.8331494744521,False,False,False,False,False,False,False,False,False,-51.319690957906005,red,109.38798116865134,False,False,False,True,,Electrical Equipment,Heavy Electrical Equipment,7.319437712069801,False,False
AIIL.NS,2026-09-30,546.5999755859375,546.7166646321615,544.0236121283638,548.6490014648438,508.1483349609375,520.6200007629394,547.125104446153,400.0,683.0,True,False,False,True,False,True,True,False,False,-11.329574099485406,noise,32.29104632482366,False,False,False,False,,Finance,Non Banking Financial Company (NBFC),50.218128938439165,False,False
ACGL.NS,2026-09-30,,,,,,,,,,False,False,False,False,False,False,False,False,False,,noise,,False,True,False,False,,Auto Components,Auto Components & Equipments,,False,False
AUTOIND.NS,2026-09-30,82.66000366210938,81.83166694641113,86.76666662428114,87.71820007324219,79.01866661071777,78.52179983139038,82.7802200197375,48.349998474121094,104.0,True,True,True,True,False,True,True,False,False,11.386611887729782,noise,52.61964884279465,False,False,False,False,,Auto Components,Auto Components & Equipments,72.8065923412506,True,False
AUTOAXLES.NS,2026-09-30,1706.5,1685.8583272298176,1716.3416646321614,1741.9345483398438,1745.1457242838542,1782.8753686523437,1692.516782412124,1513.8492510872597,2078.8153236463377,False,False,False,False,False,False,True,True,False,-0.5838251642186099,noise,30.270270270270274,False,False,False,False,,Auto Components,Auto Components & Equipments,62.14251090644692,False,False
ASAL.NS,2026-09-30,433.5,442.53333536783856,470.8166664971246,481.28899963378905,483.8479990641276,478.14574935913083,441.03590131996896,374.5,620.2000122070312,False,True,False,False,False,False,False,False,False,-27.038629607478683,noise,36.99945823899489,False,False,False,False,,Auto Components,Auto Components & Equipments,30.392632089190496,False,False
AVADHSUGAR.NS,2026-09-30,800.2000122070312,752.4291687011719,772.9402787950304,714.7609991455079,544.2643855794271,493.7755731201172,774.16103057297,300.3047281830496,884.7999877929688,True,True,True,True,True,True,True,True,False,92.47320612800058,noise,29.818987109964795,False,False,False,False,,Agricultural Food & other Products,Sugar,94.5710130877363,True,True
AVALON.NS,2026-09-30,2296.699951171875,2341.5,2245.2611287434897,2118.136015625,1595.1656726074218,1428.2655056762696,2330.106632637333,777.2999877929688,2618.0,True,True,True,True,True,True,True,False,False,127.58756335614181,red,330.67532045603195,False,False,False,False,,Electrical Equipment,Other Electrical Equipment,96.94619486185168,True,True
AVANCE.NS,2026-09-30,,,,,,,,,,False,False,False,False,False,False,False,False,False,,noise,,False,False,False,False,,IT - Software,Software Products,,False,False
AVANTEL.NS,2026-09-30,154.05999755859375,148.65083185831705,155.18333392673068,157.30120056152344,157.7471199544271,156.01080287933348,151.31615243735655,116.90105303611325,214.72640412746412,False,True,False,False,False,True,False,True,False,-11.5249217445208,green,142.26362329117202,False,False,False,False,,Aerospace & Defense,Aerospace & Defense,49.975763451284536,False,False
AVANTIFEED.NS,2026-09-30,717.7999877929688,757.0541687011719,807.8847232394749,837.633212890625,1064.0381518554686,1036.6817443847656,753.0612973395127,624.5679941941372,1575.9303166617983,False,True,False,False,False,False,False,False,False,14.58277919604447,red,132.07054924303813,False,False,False,False,,Food Products,Animal Feed,75.08482792050411,True,False
DMART.NS,2026-09-30,3801.39990234375,3770.8249715169272,3830.0833197699653,3867.5659912109377,4070.8200048828126,4004.176502685547,3782.682586719894,3600.0,4644.0,False,True,False,False,False,False,True,True,False,-15.06010668782981,green,124.60247357093314,False,False,False,False,,Retailing,Diversified Retail,45.17692680562288,False,False
CCAVENUE.NS,2026-09-30,15.119999885559082,15.78166659673055,15.534444438086616,15.868599967956543,15.240533332824707,15.622999987602235,15.637893352849542,12.920000076293945,20.5,False,False,False,True,False,False,False,False,False,-6.551300368502577,noise,51.73687446745892,False,True,False,False,,Financial Technology (Fintech),Financial Technology (Fintech),55.69558894813379,False,False
AVG.NS,2026-09-30,167.22999572753906,166.4655507405599,177.530153910319,184.32382354736328,172.04399419148763,169.21394260406495,166.4624202357721,115.8389395800693,262.5688963236196,False,True,False,True,False,True,False,True,False,-24.06540793385791,noise,74.40231371361182,False,False,False,False,,Transport Services,Logistics Solution Provider,34.07658749394086,False,False
ASMS.NS,2026-09-30,6.059999942779541,6.504999955495198,6.8430555661519366,6.92980001449585,7.5296666653951005,8.56909999370575,6.397816844757541,5.099999904632568,16.700000762939453,False,False,False,False,False,False,False,False,False,-56.92963699914812,red,287.9909059201943,False,False,False,True,,IT - Services,IT Enabled Services,4.750363548230732,False,False
AVONMORE.NS,2026-09-30,12.9399995803833,12.976666688919067,13.234722243414986,12.511199989318847,11.817600008646647,12.987600007057189,13.054415869485105,9.050000190734863,20.389999389648438,False,False,False,False,True,True,False,False,False,-30.80214410456921,noise,35.10813094200109,False,False,False,False,,Finance,Non Banking Financial Company (NBFC),25.49684924866699,False,False
AVPINFRA.NS,2026-09-29,55.0,56.712499936421715,58.66250027550591,61.07400024414063,75.57333356221517,84.65650026321411,56.33100641162409,53.04999923706055,184.60000610351562,False,False,False,False,False,False,False,False,False,-68.63416134269681,ppv,188.67924528301887,False,False,False,False,,Construction,Civil Construction,1.4057198254968493,False,False
AVROIND.NS,2026-09-30,6.829999923706055,7.3633333047231035,8.294722265667385,8.438800048828124,10.403286717732747,10.940385050773621,7.238346820427887,6.800000190734863,15.869999885559082,False,False,False,False,False,False,False,False,False,-54.5333525397149,noise,21.0644278412648,False,False,False,True,,Consumer Durables,Plastic Products - Consumer,5.962190984003877,False,False
AVSL.NS,2026-09-29,119.69999694824219,119.69999694824219,119.69999694824219,119.69999694824219,119.69999694824219,120.48749732971191,119.6999969482422,119.69999694824219,126.0,False,False,False,False,False,False,True,False,False,-0.25000254313151116,dry,0.0,False,False,False,True,,Industrial Products,Plastic Products - Industrial,62.38487639360155,False,False
AVTNPL.NS,2026-09-30,91.29000091552734,90.3249994913737,88.08277702331543,83.12412643432617,71.802507909139,70.22830015182495,91.06850197225941,53.16497337905437,102.0,True,True,True,True,True,True,True,True,False,29.565302604394518,noise,52.120308071160856,False,True,False,False,,Agricultural Food & other Products,Other Agricultural Products,81.9680077556956,True,True
AWFIS.NS,2026-09-30,244.10000610351562,262.88750076293945,264.5125003390842,267.67699951171875,295.28819936116537,326.956149520874,257.4448556569708,229.0500030517578,639.4000244140625,False,False,False,False,False,False,False,False,False,-57.160405171470984,noise,23.251536434586985,False,False,False,False,,Commercial Services & Supplies,Diversified Commercial Services,4.701890450799806,False,False
AWL.NS,2026-09-30,177.67999267578125,182.9216651916504,188.6158332824707,189.29580017089845,188.4232928466797,195.6976961517334,182.23370202901253,170.3003850027749,281.42985528309595,False,False,False,False,False,False,False,False,False,-31.711653341828207,noise,32.89978922439505,False,True,False,False,,Agricultural Food & other Products,Edible Oil,24.285021812893845,False,False
AXISBANK.NS,2026-09-30,1226.0,1229.4749959309895,1241.9805603027344,1241.3040087890624,1278.565010579427,1284.5096594238282,1225.6349054543139,1124.5327321092266,1417.2070248903838,False,False,False,False,False,False,True,True,False,8.42573127294699,green,118.4857825648455,False,False,False,False,,Banks,Private Sector Bank,70.33446437227339,True,False
AXISCADES.NS,2026-09-30,2231.199951171875,1894.1666361490886,1741.5833197699653,1692.2259912109375,1727.2793351236978,1622.470502319336,1959.399427813475,1063.300048828125,2274.10009765625,True,True,True,False,True,True,True,True,False,39.974902833869194,ppv,596.4128080789621,True,False,True,False,,Aerospace & Defense,Aerospace & Defense,85.31265147842947,True,False
AXITA.NS,2026-09-30,7.710000038146973,7.9441665808359785,7.796518948343065,7.654457359313965,7.9378093846638995,8.392651762962341,7.894134856640456,6.528937554653533,12.123749859719394,False,False,False,False,True,False,False,False,False,-1.791258649046279,noise,60.858978267127526,False,False,False,False,,Textiles & Apparels,Other Textile Products,60.88221037324285,False,False
AXTEL.NS,2026-09-30,,,,,,,,,,False,False,False,False,False,False,False,False,False,,noise,,False,True,False,False,,Industrial Manufacturing,Industrial Products,,False,False
AYE.NS,2026-09-30,,,,,,,,,,False,False,False,False,False,False,False,False,False,,noise,69.15819516857603,False,False,False,False,,Finance,Non Banking Financial Company (NBFC),,False,False
AYMSYNTEX.NS,2026-09-30,292.1499938964844,285.84583282470703,280.28611289130316,270.60880157470706,233.11500020345053,216.99450019836425,289.4914494085718,141.52999877929688,330.0,True,True,True,True,True,True,True,True,False,49.9281499442654,noise,36.62174620453467,False,False,False,False,,Textiles & Apparels,Other Textile Products,88.26951042171595,True,True
AZAD.NS,2026-09-30,2963.199951171875,2745.2833048502603,2779.9833306206597,2675.016005859375,2205.161339518229,2050.163005981445,2799.75100670995,1360.0,3127.89990234375,True,True,True,True,True,True,True,True,False,89.65693195525557,ppv,789.9056290474346,False,False,True,False,,Electrical Equipment,Heavy Electrical Equipment,94.32864760058168,True,True
AZADIND.NS,2026-09-30,,,,,,,,,,False,False,False,False,False,False,False,False,False,,noise,,False,False,False,False,,Industrial Products,Iron & Steel Products,,False,False
BNALTD.NS,2026-09-29,,,,,,,,,,False,False,False,False,False,False,False,False,False,,noise,,False,False,False,True,,Agricultural Food & other Products,Tea & Coffee,,False,False
BHEL.NS,2026-09-30,415.5,420.8250020345052,423.7763900756836,419.6110009765625,373.3383767700195,347.21023780822753,419.26004734951925,228.8019259330385,446.5,True,True,True,True,False,True,True,False,False,74.81246963836179,ppv,115.01736993104277,False,False,False,False,,Electrical Equipment,Heavy Electrical Equipment,93.06834706737762,True,False
BPCL.NS,2026-09-30,303.20001220703125,307.12500254313153,311.25555589463977,313.5129998779297,308.68400044759113,322.22186462402345,306.10536353051697,266.6000061035156,391.6499938964844,False,False,False,False,False,False,True,False,False,-6.303652968682472,ppv,112.81226497002376,False,False,False,False,,Petroleum Products,Refineries & Marketing,56.18031992244305,False,False
BLKASHYAP.NS,2026-09-30,50.36000061035156,52.147500356038414,53.83777787950304,54.023400115966794,53.52506657918294,52.75819990158081,52.23990065573223,40.31999969482422,63.790000915527344,False,True,False,True,False,False,True,False,False,-15.771868474293383,noise,70.28873691986203,False,False,False,False,,Construction,Civil Construction,44.30441105186622,False,False
BBTCL.NS,2026-09-30,228.6699981689453,229.26445897420248,231.19027370876736,228.24113861083984,206.93678955078124,202.55776908874512,229.3106741203524,155.3235913227737,260.86397988180863,True,True,True,True,True,True,True,False,False,16.363087891647908,dry,4.525572733965614,False,False,False,False,,Industrial Products,Packaging,75.81192438196801,True,True
STYLEBAAZA.NS,2026-09-30,384.75,383.4541600545247,391.22777557373047,363.0819982910156,335.5209978230794,327.10949859619143,386.76708190309944,229.9499969482422,447.1000061035156,True,True,True,True,True,True,True,False,False,3.790123369384202,red,152.66239356390648,False,False,False,False,,Retailing,Speciality Retail,66.16577799321377,False,False
BABAFP.NS,2026-09-29,22.399999618530273,22.883333524068195,22.884722338782417,23.356000061035157,24.523666598002116,25.806999940872192,22.92435409994243,17.649999618530273,38.5,False,False,False,False,False,False,False,False,False,-39.45946049045872,dry,0.0,False,False,False,False,,Food Products,Other Food Products,15.608337372758118,False,False
BAFNAPH.NS,2026-09-30,371.3500061035156,335.0208333333333,297.7611130608453,287.4492010498047,194.59813364664714,179.04585006713867,344.30973757629215,94.7699966430664,371.3999938964844,True,True,True,True,True,True,True,True,False,121.12063874304071,dry,2.6213955810760208,False,False,True,False,,Pharmaceuticals & Biotechnology,Pharmaceuticals,96.65535627726611,True,True
BAGFILMS.NS,2026-09-30,4.099999904632568,4.2758333285649615,4.398055566681756,4.41140001296997,4.698733348846435,5.004749999046326,4.244680113601067,3.609999895095825,8.0,False,False,False,False,False,False,False,False,False,-40.3202332906748,noise,64.40993472374328,False,False,False,False,,Entertainment,TV Broadcasting & Software Production,14.638875424139602,False,False
BAHETI.NS,2026-09-29,765.0,766.6458333333334,800.8236100938585,779.7919995117187,665.3840006510417,649.3150003051758,769.5923266475852,478.0,881.0,True,True,True,True,False,True,True,False,False,37.3182612681684,red,113.14475873544094,False,False,False,False,,Industrial Products,"Aluminium, Copper & Zinc Products",84.19777023751817,True,False
BAIDFIN.NS,2026-09-30,10.380000114440918,10.516666650772095,10.27549801932441,10.155531520843505,10.386226221720378,10.56164433479309,10.563456821227302,8.712698707671224,12.851229460317954,False,False,False,False,True,False,True,False,False,-4.690834637196728,noise,70.16813533138058,False,False,False,False,,Finance,Non Banking Financial Company (NBFC),57.39214735821619,False,False
BAJAJ-AUTO.NS,2026-09-30,10874.0,11279.333333333334,11637.666666666666,11602.99,10413.575911458332,10153.101831054688,11189.3601628376,8373.654962449684,12470.0,True,True,True,True,False,False,True,False,False,27.061513309879114,green,123.43972465053264,False,False,False,False,,Automobiles,2/3 Wheelers,80.70770722249152,True,False
BAJAJCON.NS,2026-09-30,495.54998779296875,501.7624994913737,497.58194563123914,508.9120001220703,500.90833475748695,453.85450134277346,499.22305803046197,232.10000610351562,692.0,False,True,True,True,False,True,False,False,False,109.18108930365946,noise,35.4687612223184,False,False,False,False,,Personal Products,Personal Care,96.12215220552594,True,False
BAJAJELEC.NS,2026-09-30,303.3999938964844,320.5374984741211,334.96944342719183,337.5139990234375,344.962007039388,364.9284001159668,317.90364275120066,298.3117066005431,555.940065373127,False,False,False,False,False,False,False,False,False,-43.83374676368439,noise,34.22063789397184,False,False,False,False,,Consumer Durables,Household Appliances,11.633543383422202,False,False
BAJFINANCE.NS,2026-09-30,959.4000244140625,1003.4250030517578,1047.8166724310981,1059.9780078125,973.078319498698,972.7754211425781,996.0999639220171,783.0862114062364,1176.4000244140625,False,True,False,True,False,False,True,False,False,-3.363939528296711,noise,94.41797463766692,False,False,False,False,,Finance,Non Banking Financial Company (NBFC),58.79786718371304,False,False
BAJAJFINSV.NS,2026-09-30,1731.0,1806.8833414713542,1926.6138882107205,1945.2640014648437,1839.787110188802,1883.000477294922,1792.54005044091,1595.6384533474438,2193.128599829014,False,False,False,True,False,False,True,False,False,-13.652461367438262,red,113.81410290195362,False,False,False,False,,Finance,Holding Company,47.212796897721766,False,False
BAJAJHCARE.NS,2026-09-30,327.20001220703125,334.8666687011719,328.79378085666235,328.30055908203127,320.77740946451826,335.46735458374025,335.77449450700806,271.12431103671,504.1707443165597,False,False,False,False,False,False,False,False,False,-32.34268857433619,noise,57.34770047485773,False,False,False,False,,Pharmaceuticals & Biotechnology,Pharmaceuticals,23.606398448860883,False,False
BAJAJHIND.NS,2026-09-30,19.540000915527344,20.005833466847736,20.78083340326945,19.81800006866455,18.60739996592204,18.251549968719484,20.18840991639219,14.850000381469727,26.0,True,True,False,True,False,True,True,False,False,-1.2632642164450258,noise,34.61009419475138,False,False,False,False,,Agricultural Food & other Products,Sugar,61.463887542413964,False,False
BAJAJHLDNG.NS,2026-09-30,10788.0,11012.887044270834,11146.117757161459,11136.35640625,10437.3604296875,10531.349096679687,10933.422053920756,8433.723545663051,13011.97571177054,True,False,False,True,False,False,True,False,False,-10.301777203332152,noise,88.57105424827691,False,True,False,False,,Finance,Holding Company,51.57537566650509,False,False
BAJAJHFL.NS,2026-09-30,82.0,83.14499982198079,83.79249996609158,84.40479995727539,84.98393305460613,86.75399971008301,82.77887285451955,72.6500015258789,113.44999694824219,False,False,False,False,False,False,False,False,False,-25.461323145457616,green,145.62038289231722,False,False,False,False,,Finance,Housing Finance Company,32.52544837615123,False,False
BAJAJST.NS,2026-09-30,,,,,,,,,,False,False,False,False,False,False,False,False,False,,noise,,False,True,False,False,,Industrial Manufacturing,Industrial Products,,False,False
BAJEL.NS,2026-09-30,164.89999389648438,170.95666631062826,181.46416600545248,181.55478057861328,178.80210357666016,175.27271697998046,171.3180860905628,134.63935702783903,218.89109805718027,False,True,False,True,False,False,True,False,False,-18.462435964005696,noise,83.12323177080594,False,False,False,False,,Electrical Equipment,Heavy Electrical Equipment,41.29907901114881,False,False
BALPHARMA.NS,2026-09-30,109.52999877929688,106.1981372833252,94.46841536627875,92.46585693359376,82.82057922363282,79.96990909576417,106.63882235511267,59.289451054818755,123.12442569317751,True,True,True,True,True,True,True,True,False,29.746752674567034,noise,55.0288708931284,False,True,False,False,,Pharmaceuticals & Biotechnology,Pharmaceuticals,82.06495395055744,True,True
BALAMINES.NS,2026-09-30,2118.5,2162.2333170572915,2247.8111029730903,2218.7619897460936,1810.5740254720051,1640.5558169555663,2178.8447982591615,963.3273935013657,2629.800048828125,True,True,True,True,False,True,True,False,False,53.253357868349994,noise,52.33946369734226,False,False,False,False,,Chemicals & Petrochemicals,Specialty Chemicals,89.0935530780417,True,False
BALAJITELE.NS,2026-09-30,91.26000213623047,93.73166720072429,93.10027737087674,90.88120010375977,92.32786687215169,93.93615009307861,92.99469278951186,69.5199966430664,136.7899932861328,False,False,False,False,True,True,False,False,False,-29.189945159289053,noise,46.31573007989411,False,True,False,False,,Entertainment,Media & Entertainment,27.484246243334947,False,False
BALAXI.NS,2026-09-30,22.780000686645508,23.020833492279053,23.34916665818956,23.595200004577638,23.42160004933675,23.89860004425049,22.962739069910715,15.199999809265137,45.45000076293945,False,False,False,False,False,True,False,False,False,-48.12115516782887,noise,29.001318769322726,False,True,False,False,,Pharmaceuticals & Biotechnology,Pharmaceuticals,8.628211342704798,False,False
BALKRISIND.NS,2026-09-30,2117.0,2172.7833455403647,2272.1222466362847,2282.7008984375,2219.2639493815104,2273.3613287353514,2167.497234546053,1963.1703614270675,2765.3795041598637,False,False,False,True,False,False,True,False,False,-6.7620590764991935,noise,21.17618954930724,False,False,False,False,,Auto Components,Tyres & Rubber Products,55.3562772661173,False,False
BALKRISHNA.NS,2026-09-30,16.290000915527344,16.301666657129925,16.842500024371677,17.051400089263915,17.33146671295166,17.416150035858156,16.24804356799213,12.0,25.489999771118164,False,False,False,False,False,True,False,True,False,-31.669459684298594,noise,30.836043772439826,False,False,False,False,,"Paper, Forest & Jute Products",Paper & Paper Products,24.33349491032477,False,False
BLIL.NS,2026-09-30,,,,,,,,,,False,False,False,False,False,False,False,False,False,,noise,,False,False,False,False,,Finance,Holding Company,,False,False
BALMLAWRIE.NS,2026-09-30,161.16000366210938,164.22749964396158,168.7159890068902,169.3471237182617,171.64388295491537,171.01528991699217,164.12104928174588,144.737930327438,202.61667993545743,False,True,False,False,False,False,True,False,False,-19.652485643728333,noise,67.12035086144587,False,False,False,False,,Diversified,Diversified,39.84488608822104,False,False
BALRAMCHIN.NS,2026-09-30,662.8499755859375,672.5625,676.5833299424913,661.4499975585937,571.0946667480468,537.812749633789,673.6238106451927,393.54998779296875,780.9500122070312,True,True,True,True,True,True,True,False,False,46.575565992674825,noise,35.001709641128926,False,False,False,False,,Agricultural Food & other Products,Sugar,87.2515753756665,True,True
BALUFORGE.NS,2026-09-30,496.3500061035156,502.70054880777997,541.6369027031792,514.8132293701171,483.59941752115884,487.71266738891603,506.16364214532007,340.948005664704,677.7972608890275,True,False,False,True,False,True,False,False,False,-22.185019450878094,dry,18.870940862459907,False,False,False,False,,Industrial Products,Castings & Forgings,36.50024236548715,False,False
BANARBEADS.NS,2026-09-30,120.75,114.39499982198079,113.4722220102946,114.04079986572266,111.08266647338867,113.70609985351562,116.08470454981318,96.05000305175781,164.6999969482422,True,False,False,True,True,False,False,True,False,0.24906854243154086,noise,67.2624432669135,False,False,False,False,,Consumer Durables,"Gems, Jewellery And Watches",62.86960736791081,False,False
BANCOINDIA.NS,2026-09-30,606.2999877929688,599.4083353678385,610.1957160101997,617.0559619140626,613.0186511230469,618.5188150024414,602.0951356055859,495.5999980879241,848.8263047717415,False,False,False,False,False,False,False,True,False,-26.974153489984953,noise,92.12454797803889,False,False,False,False,,Auto Components,Auto Components & Equipments,30.441105186621424,False,False
BANDHANBNK.NS,2026-09-30,178.22999572753906,180.13916524251303,173.7993312411838,172.83168853759764,183.01667694091796,175.32879989624024,181.0346607109774,133.09632102479327,218.86288600994448,False,True,True,False,True,True,True,False,False,10.828483758934816,red,116.03435318386992,False,False,False,False,,Banks,Private Sector Bank,72.46728065923412,True,False
BANG.NS,2026-09-30,32.27000045776367,32.39416694641113,32.55555566151937,31.70240005493164,33.80599998474121,36.807799949646,32.3725116444297,25.84000015258789,62.06999969482422,False,False,False,False,True,False,False,False,False,-37.774778098783145,noise,27.37258861599372,False,False,False,False,,Textiles & Apparels,Garments & Apparels,17.111003393116818,False,False
BANKBARODA.NS,2026-09-30,230.5500030517578,232.9224993387858,238.77111138237848,240.59440002441406,256.8008229573568,264.79384994506836,232.35432108527715,223.82000732421875,315.30188105660324,False,False,False,False,False,False,False,False,False,-7.941943195387113,green,145.6325821233767,False,False,False,False,,Banks,Public Sector Bank,54.14444983034416,False,False
BANKINDIA.NS,2026-09-30,130.24000549316406,136.24333318074545,140.69583384195963,140.60760009765625,142.17255157470703,144.50095329284667,134.8848564398568,115.13887914864118,172.71800537071604,False,False,False,False,False,False,True,False,False,8.981781634596043,noise,82.61157167632673,False,False,False,False,,Banks,Public Sector Bank,70.86766844401357,True,False
MAHABANK.NS,2026-09-30,79.37000274658203,81.62166659037273,82.44666629367404,81.58419952392578,78.4926203918457,74.52561407089233,81.5727312031003,53.03273732049094,94.5,True,True,True,True,False,True,True,False,False,46.13326841758452,green,140.76345130065036,False,False,False,False,,Banks,Public Sector Bank,87.00920988851188,True,False
BANKA.NS,2026-09-30,70.0,75.63083267211914,78.26111094156902,81.11639984130859,77.63533325195313,74.11224983215332,74.23481479615045,41.0,96.58000183105469,False,True,False,True,False,True,False,False,False,-18.36734693877551,noise,25.613267560991943,False,False,False,False,,Construction,Civil Construction,41.44449830344159,False,False
BASML.NS,2026-09-30,23.0,23.976666768391926,24.71638896730211,25.34793315887451,24.15230428059896,24.303303985595704,23.96557437348435,16.89136536629068,31.603201317390436,False,False,False,True,False,True,False,False,False,-11.893730837805027,noise,70.94613331452798,False,True,False,False,,Textiles & Apparels,Other Textile Products,49.684924866698985,False,False
BANARISUG.NS,2026-09-30,3300.199951171875,3329.4666544596353,3594.146036783854,3560.1408642578126,3567.533704427083,3573.172216796875,3363.3806187167575,3093.820921702241,4322.103405959318,False,False,False,False,False,False,True,False,False,-9.255982809303976,dry,9.056479499423679,False,False,False,False,,Agricultural Food & other Products,Sugar,52.98109549200194,False,False
BANSALWIRE.NS,2026-09-30,323.45001220703125,316.28333536783856,317.36805555555554,317.78900024414065,303.5201328531901,300.0365998840332,319.3525779379156,222.5,370.0,True,True,False,True,True,True,True,True,False,-3.96376961692283,noise,90.41153125109837,False,False,False,False,,Industrial Products,Iron & Steel Products,58.31313620940378,False,False
BANSWRAS.NS,2026-09-30,108.61000061035156,109.78916613260905,114.5572215186225,117.59519943237305,118.70178853352864,116.74536193847656,109.64536212129289,93.01181916052685,142.89663102886368,False,True,False,False,False,False,True,False,False,-14.905436005534245,noise,21.386707142008103,False,False,False,False,,Textiles & Apparels,Other Textile Products,45.322346097915656,False,False
BVCL.NS,2026-09-30,43.02000045776367,41.23333263397217,42.008333100212944,41.82699981689453,41.6021332804362,42.285149974823,41.579758884358895,31.200000762939453,54.900001525878906,True,False,False,False,True,True,True,True,False,-16.724737543879908,ppv,157.35381720727216,False,False,False,False,,Cement & Cement Products,Cement & Cement Products,43.044110518662144,False,False
BASF.NS,2026-09-30,3447.800048828125,3547.0333251953125,3756.308336046007,3779.4108544921874,3611.189689127604,3636.240517578125,3534.399181588161,3101.333455736671,4797.620574444326,False,False,False,True,False,False,False,False,False,-21.059868597351805,noise,24.320710109369525,False,True,False,False,,Chemicals & Petrochemicals,Specialty Chemicals,37.905962190984006,False,False
BASILIC.NS,2026-09-29,175.0500030517578,175.84583536783853,185.88333384195963,188.96199981689452,205.90400014241536,227.377250289917,174.04917661421985,161.0500030517578,410.0,False,False,False,False,False,False,False,True,False,-54.86657205181591,green,213.98747390396662,False,False,False,False,,Entertainment,Media & Entertainment,5.865244789142026,False,False
BATAINDIA.NS,2026-09-30,618.75,630.8750050862631,667.6458994547526,670.4389147949219,668.7725931803385,714.4879617309571,630.1056169190418,577.3964738257137,1181.5153873635527,False,False,False,False,False,False,False,False,False,-44.349316948469976,dry,15.488570625016425,False,True,False,False,,Consumer Durables,Footwear,11.245758603974794,False,False
BATLIBOI.NS,2026-09-30,,,,,,,,,,False,False,False,False,False,False,False,False,False,,noise,34.143943313632924,False,False,False,False,,Industrial Manufacturing,Industrial Products,,False,False
BAWEJA.NS,2026-09-29,26.0,24.49583339691162,24.316666709052193,25.245,28.454333356221518,30.27149998664856,25.216395712394558,21.100000381469727,51.5,False,False,False,False,True,False,False,True,True,-49.51456310679612,dry,0.0,False,False,False,False,,Entertainment,"Film Production, Distribution & Exhibition",7.998061076102762,False,False
BAYERCROP.NS,2026-09-30,3627.60009765625,3767.675048828125,3943.0194702148438,4013.6216552734377,4270.967104492188,4318.156519775391,3729.8633399561186,3575.0,4992.8592352646965,False,False,False,False,False,False,False,False,False,-21.97769745663042,noise,81.36051338032945,False,True,False,False,,Fertilizers & Agrochemicals,Pesticides & Agrochemicals,36.79108095007271,False,False
BCLIND.NS,2026-09-30,31.790000915527344,32.998693784077965,34.96922461191813,35.20590042114258,33.56279369354248,32.58652618408203,33.02929182866661,25.260615953073565,41.63598782905359,False,True,False,True,False,False,True,False,False,-21.175126113245213,noise,31.26948893562228,False,False,False,False,,Beverages,Breweries & Distilleries,37.7120698012603,False,False
BCPL.NS,2026-09-30,,,,,,,,,,False,False,False,False,False,False,False,False,False,,ppv,250.8553395857535,False,False,False,False,,Construction,Civil Construction,,False,False
BEACON.NS,2026-09-29,85.0,82.97916666666667,84.6819445292155,86.0399998474121,87.99700007120768,87.47250003814698,84.68558217780058,50.0,124.80000305175781,False,True,False,False,False,True,False,True,False,50.84294995861713,noise,81.52173913043478,False,False,False,False,,Capital Markets,"Depositories, Clearing Houses and Other Intermediaries",88.46340281143965,True,False
BEARDSELL.NS,2026-09-30,22.43000030517578,24.025501410166424,24.893022855122883,25.475403442382813,26.07615717569987,26.71430763244629,23.89963182920855,19.936129814342173,38.278958233592604,False,False,False,False,False,False,False,False,False,-37.536431123969024,red,390.33783931423204,False,False,False,False,,Industrial Products,Other Industrial Products,17.256422685409596,False,False
BEDMUTHA.NS,2026-09-30,109.95999908447266,105.64666684468587,108.29027854071722,108.82700088500977,111.65420059204102,113.64440048217773,107.10966670254268,94.55000305175781,144.0,False,False,False,False,True,False,True,True,False,-19.537541242609823,green,155.00798419042076,False,False,False,False,,Industrial Products,Iron & Steel Products,39.99030538051381,False,False
BEEKAY.NS,2026-09-30,,,,,,,,,,False,False,False,False,False,False,False,False,False,,noise,,False,False,True,False,,Industrial Products,Iron & Steel Products,,False,False
BLEL.NS,2026-09-30,,,,,,,,,,False,False,False,False,False,False,False,False,False,,ppv,,False,False,False,False,,Industrial Products,Iron & Steel Products,,False,False
BELLACASA.NS,2026-09-30,246.61000061035156,264.46666463216144,246.91305372450086,245.17959869384765,252.65733306884766,274.5907492828369,261.8670633968068,214.67999267578125,497.3500061035156,False,False,False,False,True,False,False,False,False,-38.3552035657165,noise,63.766564658763905,False,False,False,False,,Textiles & Apparels,Garments & Apparels,16.723218613669413,False,False
BELRISE.NS,2026-09-30,240.36000061035156,240.25166702270508,236.13570743136935,236.70644989013672,221.20012807210287,209.710009765625,241.4926686975736,142.2460279440868,267.55305639788776,True,True,True,True,True,True,True,False,False,53.007685239328374,noise,26.804655904764918,False,True,False,False,,Auto Components,Auto Components & Equipments,89.04507998061077,True,True
BLAL.NS,2026-09-30,160.25999450683594,162.71333440144858,164.7208332485623,167.4429995727539,177.82353322347006,182.89614974975586,162.37534888671377,155.5,221.2100067138672,False,False,False,False,False,False,False,False,False,-25.602343539152137,red,118.24637359459607,False,True,False,False,,Finance,Investment Company,32.33155598642753,False,False
BEML.NS,2026-09-30,1992.4000244140625,2028.7522379557292,1989.5790676540798,1923.146015625,1786.555498860677,1777.6656341552734,2020.329425811965,1345.285007075603,2256.1876561257286,True,True,True,True,True,True,True,False,False,-3.7004523235923847,noise,48.24603527420989,False,False,False,False,,"Agricultural, Commercial & Construction Vehicles",Construction Vehicles,58.55550169655841,False,False
BENARAS.NS,2026-09-30,,,,,,,,,,False,False,False,False,False,False,False,False,False,,noise,,False,True,False,False,,Leisure Services,Hotels & Resorts,,False,False
BENGALASM.NS,2026-09-30,,,,,,,,,,False,False,False,False,False,False,False,False,False,,noise,,False,True,False,False,,Finance,Non Banking Financial Company (NBFC),,False,False
BERGEPAINT.NS,2026-09-30,455.45001220703125,452.4750035603841,487.5763880411784,496.5130389404297,483.4511798095703,486.85367935180665,455.16138984044443,388.1693207725482,590.094751424942,False,False,False,True,False,False,True,True,False,-10.929995871820285,noise,73.27753995541728,False,False,False,False,,Consumer Durables,Paints,50.6543868153175,False,False
BESTAGRO.NS,2026-09-30,17.530000686645508,18.18684673309326,18.39318953620063,18.336872844696046,16.878240566253663,18.433894753456116,18.0978677185642,12.233656883239746,34.21445783096959,False,False,False,False,False,True,False,False,False,-27.048571029656998,noise,25.373875072672845,False,False,False,False,,Fertilizers & Agrochemicals,Pesticides & Agrochemicals,30.344158991759574,False,False
BETA.NS,2026-09-30,2053.0,2086.4999796549478,2225.7805379231772,2250.5219775390624,1766.3486580403646,1694.7494958496093,2086.3006368638958,990.0999755859375,2807.89990234375,True,True,True,True,False,True,False,False,False,13.300220750551883,noise,23.702985630434398,False,False,False,False,,Pharmaceuticals & Biotechnology,Pharmaceuticals,74.40620455647115,True,False
BEWLTD.NS,2026-09-29,60.95000076293945,57.916666984558105,52.92361121707492,54.297000122070315,69.03633359273275,79.27900018692017,60.9720932193812,47.70000076293945,155.0,False,False,False,False,True,False,False,False,False,-59.48820073163081,red,162.84680337756333,False,False,False,False,,Industrial Manufacturing,Industrial Products,3.732428502181289,False,False
BFINVEST.NS,2026-09-30,434.04998779296875,439.50416564941406,448.5402789645725,453.0270001220703,423.81215576171877,416.2001490783691,439.7359834604665,308.1633365653596,584.7000122070312,True,True,False,True,False,True,False,False,False,-2.819076607848414,noise,37.84090882846763,False,False,False,False,,Finance,Holding Company,59.670382937469704,False,False
BFUTILITIE.NS,2026-09-30,507.75,523.6958338419596,527.1569476657444,538.8240008544922,540.967334391276,552.0495001220703,520.5094724605395,368.70001220703125,834.0,False,False,False,False,False,True,False,False,False,-35.01631588082712,noise,45.83165063743014,False,False,False,False,,Transport Infrastructure,"Road AssetsToll, Annuity, Hybrid-Annuity",19.19534658264663,False,False
BGRENERGY.NS,2026-09-30,242.1300048828125,252.10499827067056,248.9805547926161,256.86899993896486,289.55813283284505,301.4513498687744,253.31522505373658,218.0,490.79998779296875,False,False,False,False,False,False,False,False,False,7.6037686807766125,noise,63.23324985146671,False,False,False,False,,Construction,Civil Construction,69.55889481337859,False,False
BHAGERIA.NS,2026-09-30,406.45001220703125,353.4666697184245,283.2091670566135,263.49618072509764,203.36904368082682,194.71110610961915,365.42780888048134,126.11259857623196,413.5,True,True,True,True,True,True,True,True,False,131.88902035142837,ppv,254.51968357502867,False,False,True,False,,Chemicals & Petrochemicals,Dyes And Pigments,97.23703344643722,True,True
BHAGCHEM.NS,2026-09-30,238.5500030517578,244.6666692097982,265.6083348592122,268.28900146484375,250.87676411946615,242.81228385925294,244.82195506807147,170.50301233152598,316.8999938964844,False,True,False,True,False,True,True,False,False,-4.943972162255916,noise,70.08398130400191,False,False,False,False,,Fertilizers & Agrochemicals,Pesticides & Agrochemicals,57.24672806592341,False,False
BHAGYANGR.NS,2026-09-30,411.1499938964844,426.2874984741211,401.33472018771704,398.50299865722656,314.8605997721354,276.36079986572264,419.83319408022294,92.0,467.8999938964844,True,True,True,True,True,True,True,False,False,336.18712558722905,noise,56.573256037185395,False,False,False,False,,Non - Ferrous Metals,Copper,99.70916141541444,True,True
BHANDARI.NS,2026-09-30,2.890000104904175,2.9475000500679016,2.970817526181539,2.9398919773101806,2.9828204107284546,3.2206762194633485,2.9311326021666853,1.99328857562749,5.112785534907034,False,False,False,False,False,True,False,False,False,-39.20900190343944,noise,80.36661439691096,False,True,False,False,,Textiles & Apparels,Other Textile Products,15.996122152205524,False,False
BEPL.NS,2026-09-30,124.4000015258789,126.51250012715657,126.09722222222223,124.17259994506836,103.84427576700847,98.75357116699219,126.35044455305346,72.86855369334994,137.34641029083173,True,True,True,True,True,True,True,False,False,27.5256306827536,noise,39.33024149013493,False,False,False,False,,Chemicals & Petrochemicals,Petrochemicals,80.99854580707706,True,True
BBL.NS,2026-09-30,2095.199951171875,2175.433308919271,2263.6027560763887,2315.3919775390623,2520.6762060546876,2546.4689453125,2163.532005748674,2025.253688537204,3367.0326028562217,False,False,False,False,False,False,False,False,False,-32.365946177348434,noise,52.26976681148399,False,True,False,False,,Electrical Equipment,Heavy Electrical Equipment,23.460979156568104,False,False
BHARATCOAL.NS,2026-09-30,,,,,,,,,,False,False,False,False,False,False,False,False,False,,noise,86.87394164765114,False,True,False,False,,Consumable Fuels,Coal,,False,False
BDL.NS,2026-09-30,1110.0999755859375,1143.9296468098958,1248.4004991319443,1253.761689453125,1289.028623046875,1316.9633758544921,1139.379977998259,1085.0999755859375,1627.0610201098634,False,False,False,False,False,False,False,False,False,-25.366665183947703,noise,89.09713379381688,False,False,False,False,,Aerospace & Defense,Aerospace & Defense,32.57392147358216,False,False
BEL.NS,2026-09-30,388.29998779296875,391.41249593098956,403.11388821072046,401.1084930419922,417.36802734375,417.4252430725098,392.05380956362023,378.3236519637461,472.8081629796919,False,False,False,False,False,False,True,False,False,-3.3339707428282073,noise,87.64323037237216,False,False,False,False,,Aerospace & Defense,Aerospace & Defense,58.894813378574895,False,False
BHARATFORG.NS,2026-09-30,1926.0,1954.7333272298176,2004.7861022949219,2052.031999511719,1965.480673014323,1855.5446099853516,1961.8690853666753,1174.489600842614,2295.0,False,True,True,True,False,True,True,False,False,59.31238503013323,red,103.27927720477432,False,False,False,False,,Auto Components,Auto Components & Equipments,90.54774600096947,True,False
BHARATGEAR.NS,2026-09-30,101.43000030517578,100.57750129699707,101.80527793036566,106.04275207519531,109.3616216023763,109.29907451629639,100.82620025966219,83.04863752030126,143.69990107270473,False,True,False,False,False,False,False,True,False,-18.990285817107733,noise,53.62534144821968,False,False,False,False,,Auto Components,Auto Components & Equipments,40.668928744546776,False,False
BPLPHARMA.NS,2026-09-30,,,,,,,,,,False,False,False,False,False,False,False,False,False,,noise,,False,False,False,False,,Pharmaceuticals & Biotechnology,Pharmaceuticals,,False,False
BHARATRAS.NS,2026-09-30,1003.9000244140625,1104.7677052815754,1197.3198021782769,1231.0327941894532,1340.3096634928386,1500.791565246582,1080.8043582830683,998.5,2986.2093471005855,False,False,False,False,False,False,False,False,False,-59.461799804721394,red,180.92045754100138,False,False,False,True,,Fertilizers & Agrochemicals,Pesticides & Agrochemicals,3.780901599612215,False,False
BRNL.NS,2026-09-30,15.84000015258789,16.396666685740154,16.954166836208767,17.127000160217285,18.63100008646647,19.28115008354187,16.4227978667033,15.670000076293945,26.5,False,False,False,False,False,False,False,False,False,-22.99465052217031,red,141.91556395715185,False,False,False,True,,Construction,Civil Construction,35.53078041686864,False,False
BHARATSE.NS,2026-09-30,212.3800048828125,213.28916676839194,221.81027857462564,221.90940063476563,198.63090169270833,191.00018898010254,214.48522765984694,132.74393148352638,261.4935961713362,True,True,True,True,False,True,True,False,False,18.782808988332533,dry,17.453001890695692,False,False,False,False,,Auto Components,Auto Components & Equipments,76.68444013572467,True,False
BHARATWIRE.NS,2026-09-30,164.36000061035156,168.09750111897787,177.89666578504773,183.68999938964845,195.62426666259765,190.7965000152588,167.7768345884282,148.00999450683594,262.0,False,True,False,False,False,False,False,False,False,-3.776123786916874,noise,73.47638104729496,False,True,False,False,,Industrial Products,Iron & Steel Products,58.50702859912749,False,False
BHARTIARTL.NS,2026-09-30,1757.0,1813.0083312988281,1865.697218153212,1886.8219970703126,1850.7413484700521,1890.577655029297,1797.2765849890395,1718.8676127570984,2147.4734560986562,False,False,False,False,False,False,True,False,False,-5.2857612887093115,red,131.28807372500495,False,False,False,False,,Telecom - Services,Telecom - Cellular & Fixed line services,56.90741638390693,False,False
BHARTIHEXA.NS,2026-09-30,1424.5,1486.4083353678386,1535.4166666666667,1548.2013940429688,1524.9469539388022,1563.5964276123048,1471.3584671729598,1398.0,1934.317756973946,False,False,False,False,False,False,False,False,False,-13.232140508341484,noise,83.7597897734511,False,False,False,False,,Telecom - Services,Telecom - Cellular & Fixed line services,47.794474066892874,False,False
BIL.NS,2026-09-30,995.0999755859375,1022.9999949137369,934.540273030599,889.1589965820312,787.897666015625,783.5132495117188,1010.3110359542067,602.0,1150.0,True,True,True,True,True,True,True,False,False,15.918220215011258,noise,43.328307990783344,False,False,False,False,,Consumer Durables,Leather And Leather Products,75.66650508967523,True,True
BTTL.NS,2026-09-30,,,,,,,,,,False,False,False,False,False,False,False,False,False,,noise,26.4633070597274,False,False,False,False,,Textiles & Apparels,Trading - Textile Products,,False,False
BIGBLOC.NS,2026-09-30,39.790000915527344,39.73750019073486,41.77555561065674,43.112600021362304,47.80400006612142,51.75219995498657,39.82509167967318,38.0,80.0,False,False,False,False,False,False,False,False,False,-26.708417306091615,noise,56.20523422148512,False,True,False,False,,Cement & Cement Products,Cement & Cement Products,30.97430925836161,False,False
BIKAJI.NS,2026-09-30,521.7999877929688,556.5958404541016,583.1263953314888,597.9110046386719,630.1185290527344,645.0250308227539,553.7078536580781,516.0,766.9994067456643,False,False,False,False,False,False,False,False,False,-27.96626000028479,noise,71.69708980431459,False,False,False,True,,Food Products,Packaged Foods,29.0838584585555,False,False
BILVYAPAR.NS,2026-09-30,4.25,4.258333325386047,4.137499994701809,4.111599998474121,4.791599995295207,5.384949994087219,4.2722294829182825,3.799999952316284,14.279999732971191,False,False,False,False,True,False,False,False,False,-67.23207469159445,noise,24.26652085128994,False,False,False,False,,Finance,Holding Company,1.8904507998061075,False,False
BI.NS,2026-09-30,,,,,,,,,,False,False,False,False,False,False,False,False,False,,noise,,False,True,False,False,,Healthcare Services,"Healthcare Research, Analytics & Technology",,False,False
GROWW.NS,2026-09-30,,,,,,,,,,False,False,False,False,False,False,False,False,False,,noise,70.27644885783614,False,False,False,False,,Capital Markets,Stockbroking & Allied,,False,False
BIMETAL.NS,2026-09-30,,,,,,,,,,False,False,False,False,False,False,False,False,False,,noise,44.66997820105064,False,True,False,False,,Auto Components,Auto Components & Equipments,,False,False
BIOCON.NS,2026-09-30,370.29998779296875,382.72916412353516,399.0597195095486,407.50199951171874,399.9902187093099,395.0262631225586,381.7173997589207,336.647387893357,447.1499938964844,False,True,False,True,False,False,True,False,False,8.722238464963294,noise,58.004859894383245,False,False,False,False,,Pharmaceuticals & Biotechnology,Pharmaceuticals,70.57682985942802,True,False
BIOFILCHEM.NS,2026-09-30,30.3799991607666,32.36916732788086,32.34444464577569,32.40280006408691,32.85546667734782,33.1333500289917,31.978774698653364,25.600000381469727,46.34000015258789,False,False,False,False,False,False,False,False,False,-27.735493579530722,noise,36.318227821939715,False,False,False,False,,Pharmaceuticals & Biotechnology,Pharmaceuticals,29.520116335433833,False,False
BIRLACABLE.NS,2026-09-30,381.1499938964844,375.5833333333333,336.56194390190973,304.48579498291014,212.38249323527018,193.07430526733398,369.3174521782726,103.34114160024168,418.79998779296875,True,True,True,True,True,True,True,True,False,143.85252899276176,green,213.91015540721662,False,False,False,False,,Telecom -  Equipment & Accessories,Telecom -  Equipment & Accessories,97.52787203102278,True,True
BIRLACORPN.NS,2026-09-30,840.0499877929688,829.3125,860.8152821858724,873.7730017089843,916.2301322428385,949.5640585327149,838.5639148413386,759.7237180556469,1328.8254130627743,False,False,False,False,False,False,False,True,False,-30.20254852318278,noise,29.89059482993702,False,False,False,False,,Cement & Cement Products,Cement & Cement Products,26.223945710130874,False,False
BIRLAPREC.NS,2026-09-30,,,,,,,,,,False,False,False,False,False,False,False,False,False,,noise,,False,False,False,False,,Industrial Manufacturing,Industrial Products,,False,False
BIRLANU.NS,2026-09-30,1400.0999755859375,1402.7250061035156,1468.8138970269097,1449.6182739257813,1392.1970727539062,1452.386519165039,1412.9410291716856,1177.1622610624586,1977.268619553737,False,False,False,False,False,False,False,False,False,-27.781229674022477,noise,28.146676126383657,False,True,False,False,,Other Construction Materials,Other Construction Materials,29.47164323800291,False,False
BSOFT.NS,2026-09-30,271.70001220703125,278.50416564941406,289.7999971177843,294.99999755859375,320.28100219726565,344.08249298095706,276.04198546927955,266.2676853930341,467.1017114386881,False,False,False,False,False,False,False,False,False,-21.386973221350413,ppv,109.0802805377265,False,False,False,False,,IT - Software,Computers - Software & Consulting,37.46970431410567,False,False
BBOX.NS,2026-09-30,804.7999877929688,793.6458333333334,771.8121185302734,766.1335864257812,760.8888771565755,702.0793385314942,796.9441016112872,443.6987723274004,1101.5073628455477,True,True,True,True,True,True,False,True,False,56.40767875240557,red,224.18187115665833,False,False,False,False,,IT - Services,IT Enabled Services,89.96606883179835,True,False
BLACKROSE.NS,2026-09-30,,,,,,,,,,False,False,False,False,False,False,False,False,False,,ppv,,False,True,False,False,,Chemicals & Petrochemicals,Specialty Chemicals,,False,False
BLACKBUCK.NS,2026-09-30,607.9000244140625,613.7166748046875,600.3166707356771,586.6660021972656,570.0123327636719,583.7367492675781,609.888614394506,496.0,748.0,True,False,False,True,True,False,True,False,False,-2.408091092003073,noise,69.92638405373526,False,False,False,False,,Transport Services,Transport Related Services,60.30053320407174,False,False
BLBLIMITED.NS,2026-09-30,16.729999542236328,16.56083329518636,16.352500014834934,16.19619998931885,16.39660004297892,15.921250038146972,16.738473319892964,12.0,22.469999313354492,True,True,False,False,True,True,False,False,False,-0.23852662155906534,noise,33.63130150737479,False,False,False,False,,Finance,Investment Company,62.43334949103247,False,False
BLISSGVS.NS,2026-09-30,694.4500122070312,694.0041707356771,637.5277777777778,591.2399993896485,424.4405111694336,363.64930946350097,699.183828959823,117.5147500933485,739.9000244140625,True,True,True,True,True,True,True,False,False,357.3774060276186,noise,53.0390812686549,False,False,False,False,,Pharmaceuticals & Biotechnology,Pharmaceuticals,99.75763451284537,True,True
BLSE.NS,2026-09-30,328.6000061035156,320.3375015258789,318.66185167100696,313.1389147949219,237.61510223388672,222.97147804260254,322.42148308109404,124.10545376214952,339.79998779296875,True,True,True,True,True,True,True,True,False,80.1894391636516,ppv,76.14144799255932,False,False,True,False,,IT - Services,IT Enabled Services,93.69849733397965,True,True
BLS.NS,2026-09-30,218.25999450683594,225.625,240.76916673448352,242.03039947509765,255.22842661539713,264.58464012146,224.4803807829074,217.22999572753906,355.6599215623946,False,False,False,False,False,False,False,False,False,-31.644508302027376,noise,30.037202626097997,False,False,False,True,,Leisure Services,"Tour, Travel Related Services",24.381968007755695,False,False
BLUECOAST.NS,2026-09-30,22.06999969482422,21.21666653951009,22.59777768452962,23.37679988861084,25.735266621907552,26.81959997177124,21.618427795789565,18.56999969482422,67.1500015258789,False,False,False,False,False,False,False,True,False,-67.13328489453768,red,148.568264061948,False,False,False,False,,Leisure Services,Hotels & Resorts,1.9389238972370333,False,False
BLUECHIP.NS,2026-09-29,1.9800000190734863,2.0333333015441895,2.0141666531562805,1.9513999915122986,2.190599996248881,2.3435999965667724,2.0206835989924894,1.649999976158142,4.139999866485596,False,False,False,False,True,False,False,False,False,-52.17391104038154,dry,0.0,False,False,False,False,,Finance,Investment Company,7.028599127484246,False,False
BLUECLOUDS.NS,2026-09-30,,,,,,,,,,False,False,False,False,False,False,False,False,False,,noise,,False,False,False,False,,IT - Software,Software Products,,False,False
BLUEDART.NS,2026-09-30,4629.0,4767.725016276042,4939.2388916015625,4985.04400390625,5044.574658203125,5168.415993652344,4739.747719806419,4523.0,7036.0,False,False,False,False,False,False,False,False,False,-17.013266403728935,noise,53.76472502586349,False,True,False,False,,Transport Services,Logistics Solution Provider,42.60785264178381,False,False
BLUEJET.NS,2026-09-30,538.0499877929688,566.7416687011719,577.4511108398438,580.6252087402344,497.3334090169271,488.5522764587402,562.3940631344078,324.3221064393442,691.4547089915617,True,True,False,True,False,True,True,False,False,-14.437102458030271,noise,54.36635109065836,False,False,False,False,,Pharmaceuticals & Biotechnology,Pharmaceuticals,46.04944255937954,False,False
BLUEPEBBLE.NS,2026-09-29,67.0,75.27083333333333,72.4861110051473,71.7139998626709,93.59933311462402,103.48224969863891,72.68870454892111,59.20000076293945,179.64999389648438,False,False,False,False,False,False,False,False,False,-62.433418723230815,noise,53.53319057815846,False,False,False,False,,Other Consumer Services,Other Consumer Services,2.956858943286476,False,False
BLUESTARCO.NS,2026-09-30,1518.0,1533.941670735677,1509.1666700575088,1542.26,1647.9636962890625,1692.2943572998047,1535.0881085943001,1432.300048828125,2022.9788267608074,False,False,False,False,False,False,True,False,False,-18.90246682019526,red,107.33601036498,False,False,False,False,,Consumer Durables,Household Appliances,40.862821134270476,False,False
BLUESTONE.NS,2026-09-30,794.8499755859375,831.5125020345052,836.0388946533203,827.1640051269532,620.163002726237,580.4172518920899,821.8712596266639,399.79998779296875,969.9000244140625,True,True,True,True,False,True,True,False,False,38.83842368313319,dry,18.086459623947693,False,True,False,False,,Consumer Durables,"Gems, Jewellery And Watches",84.82792050412021,True,False
BLUSPRING.NS,2026-09-30,141.74000549316406,133.05916595458984,128.44444423251682,123.95539978027344,92.61373352050781,85.11350009918213,137.83417213748194,43.97999954223633,152.5,True,True,True,True,True,True,True,True,False,78.96466029637888,noise,28.137732962928986,False,False,False,False,,Commercial Services & Supplies,Diversified Commercial Services,93.60155113911779,True,True
BMWVENTLTD.NS,2026-09-30,,,,,,,,,,False,False,False,False,False,False,False,False,False,,noise,28.85670096250419,False,False,False,False,,Metals & Minerals Trading,Trading - Metals,,False,False
BNAGROCHEM.NS,2026-09-30,,,,,,,,,,False,False,False,False,False,False,False,False,False,,ppv,,False,True,False,False,,Commercial Services & Supplies,Trading & Distributors,,False,False
BODALCHEM.NS,2026-09-30,198.35000610351562,191.91583506266275,140.67055617438422,120.94860061645508,82.18420015970865,74.26970020294189,192.23663547591198,42.810001373291016,207.6999969482422,True,True,True,True,True,True,True,True,False,219.45563797079242,noise,32.07055729196731,False,False,False,False,,Chemicals & Petrochemicals,Dyes And Pigments,99.07901114881241,True,True
BTML.NS,2026-09-30,6.96999979019165,7.225000023841858,7.987500005298191,7.699800004959107,6.862133356730143,7.133900015354157,7.212816965733064,5.059999942779541,10.119999885559082,False,False,False,True,False,True,False,False,False,-22.81284610959482,dry,8.961836822464333,False,False,False,False,,Entertainment,Digital Entertainment,35.918565196316045,False,False
BOHRAIND.NS,2026-09-30,15.510000228881836,14.172500133514404,13.84055561489529,13.9182000541687,16.07766669591268,16.551600012779236,14.622658142084457,11.600000381469727,25.389999389648438,False,False,False,False,True,True,False,True,False,-33.57601723556981,green,133.12288899259184,False,False,False,False,,Fertilizers & Agrochemicals,Fertilizers,21.958313136209405,False,False
BOMDYEING.NS,2026-09-30,105.62000274658203,108.6566670735677,111.79611142476399,114.18900772094726,117.15120361328125,118.43939167022705,108.52452026434449,91.69168753139996,180.14427082023244,False,False,False,False,False,False,False,False,False,-35.87756944569247,noise,44.9051203275673,False,False,False,False,,Textiles & Apparels,Other Textile Products,18.468250121182745,False,False
BMETRICS.NS,2026-09-29,44.20000076293945,36.26979351043701,35.46300750308566,35.93360916137695,37.49927541097005,38.17701183319092,38.35306203888066,30.95547866821289,56.72679061425151,True,False,False,False,True,True,True,True,False,-7.635495664750946,dry,0.0,False,True,False,False,,Commercial Services & Supplies,Trading & Distributors,54.58070770722249,False,False
BSHSL.NS,2026-09-30,86.0999984741211,86.12583351135254,88.35055541992188,88.04719970703125,90.43566658020019,92.17689989089966,86.40356073502677,59.15999984741211,139.0,False,False,False,False,False,True,False,False,False,-36.50910840896435,noise,51.684739101957646,False,True,False,False,,Agricultural Food & other Products,Other Agricultural Products,18.080465341735337,False,False
BONLON.NS,2026-09-30,,,,,,,,,,False,False,False,False,False,False,False,False,False,,ppv,319.2980759934255,False,False,False,False,,Diversified Metals,Diversified Metals,,False,False
BORANA.NS,2026-09-30,278.20001220703125,294.80833435058594,307.28750186496313,313.3290020751953,328.4109999593099,329.5045004272461,293.5534482361508,215.35000610351562,420.0,False,False,False,False,False,False,False,False,False,28.492919156324458,red,211.0965308797856,False,False,False,False,,Textiles & Apparels,Other Textile Products,81.67716917111004,True,False
BOROLTD.NS,2026-09-30,293.3800048828125,264.53416442871094,255.4911117553711,250.49320007324218,240.91639994303387,247.35929977416993,270.97897205752645,213.72999572753906,363.3999938964844,True,False,False,True,True,True,True,True,False,-15.269312669223822,ppv,166.5261728799451,False,False,False,False,,Consumer Durables,Houseware,44.934561318468255,False,False
BORORENEW.NS,2026-09-30,458.1499938964844,459.78333282470703,503.8763910929362,520.7200030517578,517.4650016276041,516.1660011291503,462.78489135251914,374.3999938964844,721.0,False,True,False,True,False,False,False,False,False,-20.050605766349893,green,121.5323399726842,False,False,False,False,,Industrial Products,Glass - Industrial,39.26320891904993,False,False
BOROSCI.NS,2026-09-30,113.91000366210938,117.27083206176758,124.99055523342557,131.53799987792968,131.73673329671223,127.17074993133545,117.00004833278686,96.63999938964844,180.8000030517578,False,True,False,False,False,False,False,False,False,-12.275704037086433,noise,64.58373628540764,False,False,False,False,,Industrial Products,Glass - Industrial,49.1517207949588,False,False
BOSCHLTD.NS,2026-09-30,47100.0,47415.833333333336,47816.666666666664,46093.01484375,39667.575625,38808.45134765625,47327.363979856236,28422.960694251175,50000.0,True,True,True,True,True,True,True,False,False,24.272459451905014,noise,84.18861130490824,False,False,False,False,,Auto Components,Auto Components & Equipments,79.30198739699466,True,True
BOSCH-HCIL.NS,2026-09-30,1876.699951171875,1752.941670735677,1736.816670735677,1658.8480053710937,1447.7700024414062,1438.1720007324218,1799.1094689115557,1021.2999877929688,1979.0,True,True,False,True,True,True,True,True,False,8.329480762193953,red,127.73244064606699,False,False,False,False,,Consumer Durables,Household Appliances,70.23751817741154,True,False
BPL.NS,2026-09-30,45.59000015258789,45.71083323160807,48.315000004238556,49.73779998779297,52.09539998372396,53.87125,45.910630763612666,37.61000061035156,82.69999694824219,False,False,False,False,False,False,False,False,False,-40.73833358672086,noise,72.0359212448362,False,True,False,False,,Consumer Durables,Consumer Electronics,14.154144449830344,False,False
BRAHMINFRA.NS,2026-09-30,,,,,,,,,,False,False,False,False,False,False,False,False,False,,noise,,False,False,False,False,,Construction,Civil Construction,,False,False
FIRSTCRY.NS,2026-09-30,179.94000244140625,176.53000005086264,184.2136116027832,192.28039978027343,214.73473297119142,228.54004936218263,179.1490749156619,163.3699951171875,389.6499938964844,False,False,False,False,False,False,False,True,False,-50.53875522837936,noise,60.01975900757993,False,False,False,False,,Retailing,E-Retail/ E-Commerce,7.755695588948133,False,False
BCONCEPTS.NS,2026-09-30,140.66000366210938,149.60333506266275,158.33333418104382,165.71200103759764,200.19153310139973,226.3624001312256,147.99767333938692,136.5,425.0,False,False,False,False,False,False,False,False,False,-62.993948591570835,noise,53.99002173102393,False,False,False,False,,Retailing,Speciality Retail,2.666020358700921,False,False
BRIGADE.NS,2026-09-30,575.25,604.1458384195963,628.7527804904514,611.6812731933594,555.0164593505859,568.1751231384277,598.0708554481342,449.19622544946475,799.2478861619728,True,False,False,True,False,False,False,False,False,-14.106008663131163,green,100.47346377996409,False,False,False,False,,Realty,"Residential, Commercial Projects",46.3402811439651,False,False
BRIGHOTEL.NS,2026-09-30,56.959999084472656,56.294166564941406,57.97222211625841,58.67599998474121,61.141600112915036,62.10225015640259,56.420406020087874,54.36000061035156,87.79000091552734,False,False,False,False,False,False,False,True,False,-30.93246242104636,green,225.44569810622767,False,False,False,False,,Leisure Services,Hotels & Resorts,25.254483761512358,False,False
BRIGHTBR.NS,2026-09-30,,,,,,,,,,False,False,False,False,False,False,False,False,False,,noise,,False,False,False,False,,Industrial Products,Plastic Products - Industrial,,False,False
BCG.NS,2026-09-30,9.220000267028809,9.62416672706604,9.508611069785225,9.486599979400635,9.675399996439616,9.905049986839295,9.498032018362416,7.699999809265137,15.109999656677246,False,False,False,False,False,False,False,False,False,-33.62131001342215,noise,48.305506137758066,False,False,False,False,,IT - Services,IT Enabled Services,21.812893843916626,False,False
BRITANNIA.NS,2026-09-30,4830.0,4934.125,5165.888888888889,5242.20546875,5346.622356770833,5482.728823242188,4916.430385748123,4758.0,6168.271363350723,False,False,False,False,False,False,True,False,False,-18.036374308710734,red,164.03927871074987,False,False,False,True,,Food Products,Packaged Foods,41.63839069316529,False,False
BIRET.NS,2026-09-29,333.8500061035156,337.74583689371747,340.49476538764105,339.48908081054685,327.42450134277345,327.94171005249024,337.5111686659332,297.3551191970849,363.3815591077404,True,False,True,True,False,False,True,False,False,4.337569842699129,red,1018.6336864837955,False,False,False,False,,Realty,Real Estate Investment Trusts (REITs),66.55356277266117,False,False
BROOKS.NS,2026-09-30,55.79999923706055,59.44333299001058,62.27694426642524,62.019799880981445,62.236000264485675,65.33035009384156,58.74360588813262,36.29999923706055,142.27000427246094,False,False,False,False,False,True,False,False,False,-58.715598013331906,red,155.13099302733113,False,False,False,False,,Pharmaceuticals & Biotechnology,Pharmaceuticals,4.168686379059622,False,False
BSE.NS,2026-09-30,3092.0,3208.9083251953125,3299.8333401150176,3369.120009765625,3502.161629231771,3318.1214379882813,3191.5074524642105,2029.7525364641647,4435.115403617064,False,True,True,False,False,True,False,False,False,51.9530454661781,red,139.81051899259535,False,False,False,False,,Capital Markets,Exchange and Data Platform,88.65729520116335,True,False
BSL.NS,2026-09-30,118.27999877929688,120.44166692097981,121.89694446987576,122.69599990844726,124.21013315836589,129.11625,120.23664861778352,98.0,205.0,False,False,False,False,False,False,False,False,False,-26.901921658786275,noise,21.930142003097725,False,True,False,False,,Textiles & Apparels,Other Textile Products,30.683470673776053,False,False
BURNPUR.NS,2026-09-30,13.15999984741211,15.770833412806192,16.887777752346462,21.399199981689453,29.133066660563152,30.099799995422362,15.257310409837752,11.130000114440918,33.0,False,False,False,False,False,False,False,False,False,-60.12121258359967,noise,68.69121970778188,False,False,False,False,,Cement & Cement Products,Cement & Cement Products,3.587009209888512,False,False
BUTTERFLY.NS,2026-09-30,552.75,569.7874908447266,612.4041646321615,640.8889990234375,647.7029992675781,641.8279989624024,568.6398859364792,551.5499877929688,823.8499755859375,False,True,False,False,False,False,False,False,False,-19.25941868068127,noise,50.810569538157424,False,False,False,True,,Consumer Durables,Household Appliances,40.475036354823075,False,False
CCCL.NS,2026-09-30,13.949999809265137,13.574166695276896,14.414444473054674,14.764200019836426,15.439399967193603,15.982749981880188,13.617841191690564,12.760000228881836,27.600000381469727,False,False,False,False,False,False,False,True,False,-42.25993419962961,green,177.0867813333899,False,False,False,False,,Realty,"Residential, Commercial Projects",12.748424624333495,False,False
CDSL.NS,2026-09-30,1264.0,1321.8666687011719,1358.3944464789497,1351.5880004882813,1290.5365787760418,1314.137149658203,1310.3997692114845,1106.2094182590258,1658.570789743815,False,False,False,True,False,False,True,False,False,-12.551076397360628,noise,73.00937376561258,False,True,False,False,,Capital Markets,"Depositories, Clearing Houses and Other Intermediaries",48.95782840523509,False,False
CHENNPETRO.NS,2026-09-30,1436.300048828125,1412.0833333333333,1422.3861151801216,1367.2675952148438,1137.2717724609374,1057.8399865722656,1420.1366181362112,681.4494121069772,1677.5,True,True,True,True,True,True,True,True,False,99.36777977888221,noise,75.80953353004895,False,False,False,False,,Petroleum Products,Refineries & Marketing,95.15269025690742,True,True
CPS.NS,2026-09-29,1135.0,1168.375,1135.7124972873264,1107.4569970703126,1045.1059977213542,1070.0702471923828,1157.9050789367668,695.0,1349.25,True,False,True,True,True,True,True,False,False,45.512820512820504,noise,53.98110661268556,False,False,False,False,,Textiles & Apparels,Garments & Apparels,86.81531749878818,True,False
MAPMYINDIA.NS,2026-09-30,858.0999755859375,885.2916615804037,947.5416649712456,990.9339660644531,951.2797806803385,1073.7294479370116,882.550776979544,792.673490779813,1992.1530909053106,False,False,False,False,False,False,False,False,False,-47.47522138017853,noise,42.21923204729855,False,True,False,False,,IT - Software,Software Products,8.870576829859427,False,False
CADSYS.NS,2026-09-29,41.54999923706055,44.954166094462074,47.6888886557685,50.57,57.269666010538735,54.594249629974364,44.60003837192264,35.599998474121094,74.4000015258789,False,True,False,False,False,False,False,False,False,-31.885247152359764,red,789.4736842105262,False,False,False,False,,Commercial Services & Supplies,Business Process Outsourcing (BPO)/ Knowledge Process Outsourcing (KPO),24.042656325739216,False,False
CMLL.NS,2026-09-30,,,,,,,,,,False,False,False,False,False,False,False,False,False,,noise,,False,False,False,False,,Consumable Fuels,Coal,,False,False
CALSOFT.NS,2026-09-30,35.11000061035156,37.395833015441895,34.55111127429538,30.913600120544434,22.33606675465902,20.43345007419586,36.48929533497246,10.899999618530273,43.130001068115234,True,True,True,True,True,True,True,False,False,156.83979820335296,noise,60.2610887685137,False,False,False,False,,IT - Software,Computers - Software & Consulting,98.1095492001939,True,True
CTE.NS,2026-09-30,40.38999938964844,41.72333367665609,42.84944438934326,40.59839996337891,33.3949333190918,34.3382500076294,41.91415578263116,20.510000228881836,59.93000030517578,True,False,False,True,False,True,False,False,False,0.9497652688246205,noise,50.56249871809773,False,True,False,False,,IT - Software,Computers - Software & Consulting,63.936015511391176,False,False
CAMLINFINE.NS,2026-09-30,93.1500015258789,97.03333346048991,102.40055550469293,109.22939971923829,119.93813334147136,127.9,96.46049592043357,92.75,212.5,False,False,False,False,False,False,False,False,False,-53.44362221441115,noise,34.8344935682813,False,True,False,True,,Chemicals & Petrochemicals,Specialty Chemicals,6.349975763451285,False,False
CAMPUS.NS,2026-09-30,208.8300018310547,211.04999923706055,217.78583272298178,218.5337356567383,230.91337768554686,238.14703483581542,211.06987476035164,207.1999969482422,285.84084278783837,False,False,False,False,False,False,False,False,False,-22.009895015052805,noise,36.397384620758466,False,False,False,True,,Consumer Durables,Footwear,36.59718856034901,False,False
CAMS.NS,2026-09-30,671.0,702.0249938964844,732.4902767605251,747.9570178222656,740.1203271484375,735.3560244750977,695.9184787172184,606.3175046422562,837.8765073351432,False,True,False,True,False,False,True,False,False,-9.202711183860545,green,144.12435669595592,False,True,False,False,,Capital Markets,"Depositories, Clearing Houses and Other Intermediaries",53.02956858943286,False,False
CANFINHOME.NS,2026-09-30,719.2000122070312,756.8291727701823,790.0444488525391,797.3400024414062,832.92427734375,851.2679705810547,748.6291509541613,715.0,962.6932158005569,False,False,False,False,False,False,False,False,False,-4.176762295225278,red,103.58275431060362,False,False,False,True,,Finance,Housing Finance Company,58.07077072224915,False,False
CANBK.NS,2026-09-30,119.44000244140625,123.02833366394043,126.04833454555936,126.4210009765625,129.26799006144205,133.53172611236573,122.43964576951623,117.05850285004495,157.68821233301085,False,False,False,False,False,False,True,False,False,-0.26670523004083124,noise,84.70704137385212,False,False,False,True,,Banks,Public Sector Bank,62.33640329617063,False,False
CANHLIFE.NS,2026-09-30,,,,,,,,,,False,False,False,False,False,False,False,False,False,,noise,24.149757171529306,False,True,False,False,,Insurance,Life Insurance,,False,False
CRAMC.NS,2026-09-30,,,,,,,,,,False,False,False,False,False,False,False,False,False,,noise,63.01380611357338,False,True,False,False,,Capital Markets,Asset Management Company,,False,False
CANARYS.NS,2026-09-29,28.049999237060547,27.320833206176758,25.02638880411784,23.853999900817872,21.445999965667724,23.1474999666214,28.216854312851403,14.600000381469727,35.20000076293945,True,False,False,True,True,True,True,False,False,-16.017970192824947,red,113.77613776137761,False,False,False,False,,IT - Software,Computers - Software & Consulting,44.11051866214251,False,False
CANTABIL.NS,2026-09-30,231.22000122070312,237.75166829427084,238.27683851453992,238.56664367675782,237.83058329264324,248.59896850585938,235.74463715114297,207.86566631610577,319.66775310854337,False,False,False,False,False,False,False,False,False,-11.32688118055787,noise,35.69763543114589,False,True,False,False,,Textiles & Apparels,Garments & Apparels,50.266602035870086,False,False
CAPACITE.NS,2026-09-30,182.88999938964844,190.54250208536783,203.1850005255805,206.72700042724608,224.01160074869793,229.1417007446289,189.5001655154091,180.0,314.25,False,False,False,False,False,False,False,False,False,-36.738154434987266,noise,25.34410736536038,False,True,False,False,,Construction,Civil Construction,17.886572952011633,False,False
CAPILLARY.NS,2026-09-30,,,,,,,,,,False,False,False,False,False,False,False,False,False,,dry,8.066874370021225,False,True,False,False,,IT - Software,Software Products,,False,False
CIFL.NS,2026-09-30,21.34000015258789,20.883333683013916,20.726389037238228,20.771600074768067,24.047666714986164,26.488449993133546,21.180297301056903,18.559999465942383,39.689998626708984,False,False,False,False,True,False,False,True,False,-41.147266573603204,noise,50.14269638226219,False,True,False,False,,Finance,Non Banking Financial Company (NBFC),13.669413475521086,False,False
CAPITALSFB.NS,2026-09-30,288.6000061035156,280.11666615804035,282.44444529215497,286.2270001220703,272.5659405517578,269.03949989318846,281.72935957485055,203.0873051295081,318.27334486330085,True,True,False,True,True,True,True,True,False,4.0115893928657,ppv,442.7232715806019,False,False,False,False,,Banks,Other Bank,66.2142510906447,False,False
CAPTRUST.NS,2026-09-30,18.280000686645508,18.589999834696453,19.470833354526096,18.91420003890991,14.903400033315023,14.623300008773803,18.55404155225041,10.979999542236328,45.400001525878906,True,True,False,True,False,True,False,False,False,-56.72348494255783,noise,47.69815154879732,False,False,False,False,,Finance,Non Banking Financial Company (NBFC),4.798836645661657,False,False
CAPLIPOINT.NS,2026-09-30,2716.39990234375,2735.955118815104,2657.2146199544272,2630.543759765625,2217.346809082031,2115.0767572021487,2764.085404453848,1495.027411428422,2990.0,True,True,True,True,True,True,True,False,False,35.60741328108452,noise,80.11804775135367,False,False,False,False,,Pharmaceuticals & Biotechnology,Pharmaceuticals,83.664566165778,True,True
CGCL.NS,2026-09-30,247.4499969482422,258.7999979654948,252.44208145141602,247.0657894897461,213.32917978922526,204.23504653930664,255.87935441854663,150.98878430750037,287.45001220703125,True,True,True,True,True,True,True,False,False,33.7251772343468,noise,27.207003126243702,False,False,False,False,,Finance,Non Banking Financial Company (NBFC),83.17983519146873,True,True
CPL.NS,2026-09-30,,,,,,,,,,False,False,False,False,False,False,False,False,False,,noise,,False,False,False,False,,Industrial Products,Plastic Products - Industrial,,False,False
CARBORUNIV.NS,2026-09-30,1252.5,1185.1583455403645,1136.9999898274739,1121.1853247070312,1025.6683064778647,975.2911422729492,1212.1265547483497,733.4511840295453,1368.9000244140625,True,True,True,True,True,True,True,True,False,37.93855366899723,ppv,126.0784777307201,False,False,False,False,,Industrial Products,Abrasives & Bearings,84.53708191953466,True,True
CARERATING.NS,2026-09-30,1616.699951171875,1635.2333272298176,1672.83888414171,1684.1279907226562,1637.4102400716147,1627.2669561767577,1635.371581739374,1381.0837272376718,1822.6696635954045,False,True,True,True,False,False,True,False,False,5.689886350704798,noise,90.2644384459411,False,False,False,False,,Capital Markets,Ratings,67.66844401357247,False,False
CPEDU.NS,2026-09-30,177.4499969482422,176.82166798909506,188.58055538601346,192.6897998046875,189.52480021158854,200.93985046386717,178.27978730464102,141.0,335.8089521141641,False,False,False,False,False,False,False,False,False,-33.802699608885156,noise,32.15501396314734,False,True,False,False,,Other Consumer Services,Education,21.473582161900147,False,False
CARRARO.NS,2026-09-30,527.5,529.3208287556967,529.7256139119467,527.7360461425782,526.6278401692708,526.562638092041,531.2449290189094,410.819196371416,659.2363858620107,True,True,False,True,False,False,True,False,False,16.094813845256528,ppv,246.30706704351607,False,False,False,False,,Auto Components,Auto Components & Equipments,75.71497818710615,True,False
CARTRADE.NS,2026-09-30,2899.800048828125,2945.983357747396,2971.477783203125,2923.757998046875,2343.0059928385417,2381.1969946289064,2946.0952463966046,1600.0,3290.5,True,False,False,True,False,True,True,False,False,18.35435015908351,noise,39.83451419086753,False,False,False,False,,Retailing,E-Retail/ E-Commerce,76.58749394086281,True,False
CARYSIL.NS,2026-09-30,1036.0999755859375,1078.8416849772136,1128.3378465440537,1141.4434814453125,1040.9993176269531,999.046396484375,1069.612031432604,730.2097410588285,1277.592736162673,False,True,True,True,False,True,True,False,False,23.30489081077061,red,156.48478119572692,False,True,False,False,,Consumer Durables,Household Appliances,78.91420261754726,True,False
CASTROLIND.NS,2026-09-30,200.52000427246094,195.47666676839194,190.10750155978732,187.78977966308594,180.3801806640625,179.23148880004882,197.00796105545925,164.60383017436243,203.39999389648438,True,True,True,True,True,False,True,True,False,6.78714128416511,noise,84.02552076986915,False,True,False,False,,Petroleum Products,Lubricants,68.49248666989821,False,False
CCL.NS,2026-09-30,1019.5,1046.6416676839192,1085.8806372748481,1104.538995361328,1108.7351175944011,1073.2911325073242,1040.5034663989236,811.0436585583728,1238.748718225596,False,True,False,False,False,False,True,False,False,21.27792984774448,noise,94.344481514487,False,False,False,False,,Agricultural Food & other Products,Tea & Coffee,77.94474066892874,True,False
CEATLTD.NS,2026-09-30,3264.39990234375,3349.9583129882812,3431.244432237413,3459.41330078125,3436.013634440104,3522.2822705078124,3322.5420813166816,3030.269696896854,4393.1588210528225,False,False,False,False,False,False,False,False,False,-2.5323615082566975,noise,68.50905815239588,False,False,False,False,,Auto Components,Tyres & Rubber Products,60.15511391177897,False,False
CEIGALL.NS,2026-09-30,382.75,382.0249989827474,354.2518429226345,348.5738269042969,336.18573486328125,320.25309516906736,380.07393971106205,222.3163870325336,405.164930099543,True,True,True,True,True,True,True,True,False,45.59717766533997,noise,64.5356117422972,False,False,False,False,,Construction,Civil Construction,86.8637905962191,True,True
CEINSYS.NS,2026-09-30,,,,,,,,,,False,False,False,False,False,False,False,False,False,,noise,66.68586501883802,False,False,False,True,,IT - Software,Computers - Software & Consulting,,False,False
CELEBRITY.NS,2026-09-30,6.659999847412109,6.676666617393494,6.746666630109151,6.82939995765686,7.3305333105723065,7.588549988269806,6.648951686246804,5.650000095367432,11.970000267028809,False,False,False,False,False,False,False,True,False,-42.93059294026044,noise,60.36592096548679,False,False,False,False,,Textiles & Apparels,Garments & Apparels,12.21522055259331,False,False
CELLPOINT.NS,2026-09-29,13.949999809265137,14.558333158493042,15.419444269604153,16.276999874114992,15.83399995803833,15.954249963760375,14.469645933663696,11.699999809265137,21.100000381469727,False,False,False,True,False,False,False,False,False,-23.351652612721686,dry,0.0,False,False,False,False,,Retailing,Speciality Retail,35.04604944255938,False,False
CELLECOR.NS,2026-09-29,29.549999237060547,30.08750009536743,31.294444455040825,31.81200008392334,33.108000132242836,31.910500087738036,30.065247625012653,21.799999237060547,43.849998474121094,False,True,False,False,False,True,False,False,False,-6.487345315385829,noise,37.08551483420594,False,True,False,False,,Consumer Durables,Consumer Electronics,55.8894813378575,False,False
CELLO.NS,2026-09-30,325.54998779296875,328.09583282470703,344.55138905843097,347.5604437255859,378.23547912597655,411.3642846679688,330.75788024538787,314.6000061035156,670.829945323981,False,False,False,False,False,False,False,False,False,-42.278670791063455,dry,16.098329266179856,False,False,False,False,,Consumer Durables,Houseware,12.651478429471643,False,False
CEMPRO.NS,2026-09-30,1192.199951171875,1251.1249898274739,1264.7750006781685,1285.0760034179686,1054.726571858724,962.9721994018555,1243.4561509477983,502.01526853255285,1649.199951171875,True,True,True,True,False,True,False,False,False,47.516314547342574,noise,63.97624287017951,False,False,False,False,,Construction,Civil Construction,87.73630634997576,True,False
CENTRALBK.NS,2026-09-30,30.459999084472656,30.910833199818928,30.889999919467503,30.967999992370604,32.70855810801188,33.720314016342165,30.788441068603166,29.31999969482422,40.260706628503506,False,False,False,False,False,False,True,False,False,-17.188198749003348,noise,80.10047721172418,False,False,False,False,,Banks,Public Sector Bank,42.46243334949103,False,False
CMPDI.NS,2026-09-30,,,,,,,,,,False,False,False,False,False,False,False,False,False,,noise,44.45564268647376,False,False,False,False,,Construction,Civil Construction,,False,False
CENTRUM.NS,2026-09-30,19.610000610351562,21.264166673024494,22.599166605207657,23.028999938964844,23.695533307393394,24.422249994277955,21.00058823298348,19.0,35.900001525878906,False,False,False,False,False,False,False,False,False,-41.758236778170186,red,230.95717990424052,False,False,False,True,,Finance,Other Financial Services,13.233155598642753,False,False
CENTUM.NS,2026-09-30,4797.89990234375,4609.758382161458,3993.750013563368,3898.5064453125,3398.7658642578126,3129.535666503906,4666.698093508753,2041.2345828168375,4999.5,True,True,True,True,True,True,True,True,False,83.53910295186593,red,101.31274852834382,False,True,False,False,,Aerospace & Defense,Aerospace & Defense,93.9893359185652,True,True
CENTENKA.NS,2026-09-30,554.5999755859375,562.7666727701823,569.3166690402561,575.3928149414063,495.90575826009115,480.64353607177736,562.0382520833534,364.44087184079007,659.4200186323656,True,True,True,True,False,True,True,False,False,17.97952586766549,dry,6.3710533447530375,False,False,False,False,,Textiles & Apparels,Other Textile Products,76.39360155113913,True,False
CENTEXT.NS,2026-09-30,18.6200008392334,18.895833174387615,20.507731702592636,20.547966842651366,20.05412223815918,20.51099172592163,18.807076045396233,15.670000076293945,34.75,False,False,False,True,False,False,False,False,False,-22.802652606270822,noise,28.726221292330028,False,False,False,False,,Industrial Products,"Aluminium, Copper & Zinc Products",35.967038293746974,False,False
CENTURYPLY.NS,2026-09-30,681.8499755859375,699.8333333333334,731.7531314425999,745.7327197265626,747.6096838378907,757.454747619629,693.8873462228871,617.6687891415212,857.8455599050699,False,False,False,False,False,False,True,False,False,-13.216708515924559,noise,72.40701752508649,False,False,False,False,,Consumer Durables,Plywood Boards/ Laminates,47.891420261754725,False,False
CERA.NS,2026-09-30,5088.0,5441.791666666667,5644.402777777777,5787.44,5589.561337890625,5463.256079101562,5352.523001689316,4410.181828561342,6663.070811519553,False,True,False,True,False,False,True,False,False,-16.428610956278344,red,256.57668664808523,False,False,False,False,,Consumer Durables,Sanitary Ware,43.43189529810955,False,False
CEREBRAINT.NS,2026-09-29,2.7100000381469727,2.7766666412353516,2.72499997748269,2.7849999856948853,3.561533336639404,4.168050003051758,2.75360405660651,2.4000000953674316,10.079999923706055,False,False,False,False,False,False,False,False,False,-61.93820109964544,dry,0.0,False,False,False,False,,IT - Hardware,Computers Hardware & Equipments,3.0538051381483275,False,False
CESC.NS,2026-09-30,133.85000610351562,139.88833236694336,148.0021129184299,150.7825030517578,159.04373718261718,157.34660758972169,138.78313897262723,132.5,197.1955548334318,False,True,False,False,False,False,False,False,False,-11.410975088914777,noise,92.91705530210176,False,True,False,True,,Power,Integrated Power Utilities,50.12118274357732,False,False
CGPOWER.NS,2026-09-30,854.2000122070312,877.7166646321615,887.0847218831381,880.8819982910156,848.1709989420573,796.3055841064453,876.0736559765904,524.3427016609982,980.9000244140625,True,True,True,True,False,True,True,False,False,15.538880160885139,noise,83.87405010710675,False,False,False,False,,Electrical Equipment,Heavy Electrical Equipment,75.4241396025206,True,False
CGVAK.NS,2026-09-30,,,,,,,,,,False,False,False,False,False,False,False,False,False,,noise,,False,True,False,False,,IT - Software,Computers - Software & Consulting,,False,False
CHALET.NS,2026-09-30,845.2000122070312,862.0666656494141,870.4611968994141,859.3860363769531,806.6105822753906,820.9384741210938,864.0509111679047,690.5603579956495,990.7682392873836,True,False,False,True,False,False,True,False,False,-10.943664512569107,noise,73.28222271481376,False,True,False,False,,Leisure Services,Hotels & Resorts,50.60591371788657,False,False
CMNL.NS,2026-09-29,111.0,113.57083257039388,113.22499974568684,109.42899978637695,109.01033315022786,110.59849987030029,113.86966107316702,90.0,183.89999389648438,True,False,False,False,True,False,False,False,False,-33.47318193615507,noise,60.565275908479144,False,False,False,False,,Ferrous Metals,Sponge Iron,22.055259331071255,False,False
CLSEL.NS,2026-09-30,284.1499938964844,290.0453796386719,291.38076866997613,288.3834497070313,274.7415784708659,270.47135604858397,289.4320931213696,201.67726198444993,321.4957959945291,True,True,True,True,False,True,True,False,False,5.07699511135522,noise,47.60633057762589,False,False,False,False,,Agricultural Food & other Products,Other Agricultural Products,67.13523994183228,False,False
CHAMBLFERT.NS,2026-09-30,409.25,415.60416920979816,422.21249813503687,427.48467712402345,440.1985392252604,441.5265391540527,415.5059663125072,394.4382907843191,509.57107345718725,False,False,False,False,False,False,True,False,False,-17.918348787205296,noise,76.25594070303902,False,False,False,False,,Fertilizers & Agrochemicals,Fertilizers,41.832283082889,False,False
CHAVDA.NS,2026-09-29,65.3499984741211,65.98958396911621,109.86319563123915,115.05650100708007,102.60450032552083,106.04387523651123,72.896586523262,60.0,148.0,False,False,False,True,False,False,False,False,False,-39.406583774962215,noise,38.79134340547162,False,False,False,False,,Construction,Civil Construction,15.656810470189045,False,False
CHEMBONDCH.NS,2026-09-30,225.5,255.51666514078775,262.40055635240344,254.87140960693358,202.34526326497397,189.54870223999023,247.05280070337676,104.32122655798874,290.0,True,True,True,True,False,True,True,False,False,37.43435111082096,red,190.35027884107464,False,False,False,False,,Chemicals & Petrochemicals,Specialty Chemicals,84.29471643238003,True,False
CHEMBOND.NS,2026-09-30,182.72999572753906,190.55249786376953,184.9408327738444,182.12300018310546,166.85160369873046,163.44369705200197,189.53795618066914,104.02647994423943,236.8000030517578,True,True,True,True,True,True,True,False,False,8.108591448606672,noise,71.16864432197353,False,False,False,False,,Chemicals & Petrochemicals,Specialty Chemicals,69.89820649539506,False,False
CHEMCON.NS,2026-09-30,217.27999877929688,220.56583404541016,206.40277693006726,200.03439910888673,178.87762481689452,179.44487739562987,219.81348481320785,120.99596136492002,279.06506753630185,True,False,False,True,True,True,True,False,False,-15.434637678112594,noise,84.90922346410777,False,True,False,False,,Chemicals & Petrochemicals,Specialty Chemicals,44.69219583131362,False,False
CHEMCRUX.NS,2026-09-30,,,,,,,,,,False,False,False,False,False,False,False,False,False,,noise,,False,False,False,False,,Chemicals & Petrochemicals,Specialty Chemicals,,False,False
CHEMFAB.NS,2026-09-30,335.8999938964844,354.2833302815755,362.2005386352539,364.82069702148436,376.9656982421875,386.24511489868166,350.18127857719514,289.34960628553364,700.5778674882454,False,False,False,False,False,False,False,False,False,-44.8480204902861,red,105.6464012532516,False,False,False,False,,Chemicals & Petrochemicals,Commodity Chemicals,10.567135239941832,False,False
CHEMPLASTS.NS,2026-09-30,185.9199981689453,184.50249862670898,179.56249957614475,183.98079956054687,213.40039947509766,226.95229942321777,188.21255888337873,161.0,412.6499938964844,False,False,False,False,True,False,False,False,False,-52.193365624368546,noise,29.3726084658713,False,False,False,False,,Chemicals & Petrochemicals,Specialty Chemicals,6.98012603005332,False,False
CHEVIOT.NS,2026-09-30,1183.199951171875,1174.6333312988281,1167.7805582682292,1160.119462890625,1100.8260139973959,1082.1223074340821,1178.0983249323167,878.760956532361,1341.137994623551,True,True,True,True,True,True,True,True,False,7.0856609144575255,dry,14.736735790068083,False,False,False,False,,"Paper, Forest & Jute Products",Jute & Jute Products,68.88027144934561,False,False
CHOICEIN.NS,2026-09-30,726.25,748.9625040690104,771.4013926188151,784.1980029296875,727.0696655273438,743.6599987792969,748.0993409916136,568.7000122070312,860.5,False,False,False,True,False,False,True,False,False,-7.906413583085758,noise,91.41966710738089,False,False,False,False,,Finance,Holding Company,54.241396025206015,False,False
CHOLAHLDNG.NS,2026-09-30,1386.199951171875,1451.5416666666667,1508.3666619194878,1523.0037719726563,1557.926151529948,1608.568665161133,1429.3591503350383,1303.9706528841405,2062.371871375786,False,False,False,False,False,False,False,False,False,-26.403486150997114,green,142.9541948601685,False,True,False,False,,Finance,Investment Company,31.31362094037809,False,False
CHOLAFIN.NS,2026-09-30,1620.0,1720.3916524251301,1814.6222195095486,1820.3339990234374,1676.7935319010417,1682.1742572021485,1694.5308881140925,1298.889892127893,1952.5,False,False,False,True,False,False,True,False,False,0.6858925992563991,red,131.35154620041112,False,False,False,False,,Finance,Non Banking Financial Company (NBFC),63.54823073194377,False,False
CIEINDIA.NS,2026-09-30,386.29998779296875,384.95416768391925,391.1847220526801,397.2189990234375,440.2367736816406,433.9950311279297,384.96799000334806,366.8999938964844,518.5450350593709,False,True,False,False,False,False,False,True,False,-6.03029086913317,noise,60.83562664881512,False,False,False,False,,Auto Components,Auto Components & Equipments,56.37421231216675,False,False
CINELINE.NS,2026-09-30,86.95999908447266,89.56499926249187,89.28606181674533,87.90159790039063,83.63114115397136,83.9400025177002,89.0512702807572,72.35133502234581,102.97859117159102,True,False,True,True,False,False,True,False,False,2.942908156182833,noise,61.897730931466135,False,False,False,False,,Entertainment,"Film Production, Distribution & Exhibition",65.53562772661174,False,False
CINEVISTA.NS,2026-09-30,13.829999923706055,14.018333355585733,14.275555504692925,14.495199947357177,15.16913330078125,15.290099973678588,13.975102222252884,12.15999984741211,21.209999084472656,False,False,False,False,False,False,False,False,False,-30.39758762164386,noise,40.80592606280922,False,True,False,False,,Realty,"Residential, Commercial Projects",26.0785264178381,False,False
CIPLA.NS,2026-09-30,1346.0,1378.3916625976562,1401.2638854980469,1415.6339990234376,1365.3232641601562,1372.3012817382812,1377.9960739958944,1154.8655900414417,1657.4505258313652,False,False,False,True,False,False,True,False,False,-9.623661968690978,red,104.61124438091262,False,False,False,False,,Pharmaceuticals & Biotechnology,Pharmaceuticals,52.641783809985455,False,False
CUB.NS,2026-09-30,226.0500030517578,225.93000284830728,225.07416831122504,222.02899200439452,204.52553934733072,206.35015937805176,223.92860594956227,154.58923720037282,248.85000610351562,True,False,True,True,True,True,True,True,False,42.34018066533485,ppv,259.7219133468618,False,False,False,False,,Banks,Private Sector Bank,86.1366941347552,True,False
CLEDUCATE.NS,2026-09-30,57.0099983215332,55.71583334604899,59.15722221798367,58.81639991760254,52.29079981486002,57.46454984664917,56.05062340274318,35.47999954223633,99.97000122070312,False,False,False,True,False,True,False,True,False,-42.09831520247922,ppv,163.83537545264352,False,False,False,False,,Other Consumer Services,Education,12.990790111488124,False,False
CLCIND.NS,2026-09-29,43.220001220703125,46.04583263397217,47.684444427490234,50.161799926757816,36.89606656392415,73.53494989395142,45.29219899673907,8.539999961853027,280.0,False,False,False,False,False,True,False,False,False,-84.56428527832031,dry,0.0,False,True,False,False,,Textiles & Apparels,Other Textile Products,0.3877847794474067,False,False
CLEANMAX.NS,2026-09-30,,,,,,,,,,False,False,False,False,False,False,False,False,False,,red,139.14850993717357,False,False,False,False,,Power,Power Generation,,False,False
CLEAN.NS,2026-09-30,794.3499755859375,816.6291707356771,825.7959153917101,805.5121704101563,774.6844018554688,788.070029296875,807.945508496202,648.9423872407145,1100.0796944147542,True,False,False,True,False,False,False,False,False,-27.17376135078019,noise,58.98891055066691,False,False,False,False,,Chemicals & Petrochemicals,Specialty Chemicals,30.15026660203587,False,False
CMRGREEN.NS,2026-09-30,,,,,,,,,,False,False,False,False,False,False,False,False,False,,noise,59.792347355041265,False,False,False,False,,Industrial Products,"Aluminium, Copper & Zinc Products",,False,False
CMSINFO.NS,2026-09-30,221.4499969482422,230.18916447957358,238.01891242133246,247.02277954101564,275.3000811767578,287.61372665405275,229.39839994034494,220.99000549316406,385.6351549871131,False,False,False,False,False,False,False,False,False,-39.490555564033215,noise,71.54606195044852,False,False,False,True,,Commercial Services & Supplies,Diversified Commercial Services,15.559864275327193,False,False
COALINDIA.NS,2026-09-30,425.0,421.4375,412.4382739596897,411.5815161132812,429.82690673828125,423.3694009399414,422.86868631468485,355.1755291130353,478.7148398145708,False,True,True,False,True,False,True,True,False,16.391110033910916,noise,87.13232238256522,False,False,False,False,,Consumable Fuels,Coal,75.86039747939893,True,False
COASTCORP.NS,2026-09-30,36.970001220703125,37.12333329518636,39.52275138431125,41.75143760681152,47.82711275736491,47.44209587097168,37.15400883251243,32.51200723671966,66.25575218949841,False,True,False,False,False,False,False,False,False,8.475321450905216,noise,62.82540469920084,False,False,False,False,,Food Products,Seafood,70.43141056713525,True,False
COCHINSHIP.NS,2026-09-30,1315.0,1355.5023091634114,1447.16111585829,1443.629931640625,1468.49748046875,1487.5645166015624,1362.4162120138624,1185.6655491296951,1918.7997843558994,False,False,False,False,False,False,False,False,False,-26.094812453361094,noise,94.72395505899395,False,True,False,False,,Industrial Manufacturing,Ship Building & Allied Services,31.604459524963644,False,False
COFFEEDAY.NS,2026-09-30,30.139999389648438,30.454166889190674,30.4222223493788,30.729800033569337,29.52213338216146,30.453350009918214,30.49496462850894,21.0,44.79999923706055,False,False,False,True,False,True,False,False,False,-26.88015891054767,noise,56.41578133717686,False,False,False,False,,Leisure Services,Restaurants,30.731943771206982,False,False
COFORGE.NS,2026-09-30,1749.0999755859375,1782.4666646321614,1852.7972242567275,1809.3777124023438,1482.2598429361979,1514.2167645263671,1780.625360721815,1005.7569371911586,2021.199951171875,True,False,False,True,False,True,True,False,False,10.70150376869281,green,114.35228427287176,False,False,False,False,,IT - Software,Computers - Software & Consulting,72.37033446437228,True,False
COHANCE.NS,2026-09-30,444.0,448.14583587646484,450.4055574205187,445.2900012207031,413.1753336588542,415.54850051879885,451.2167871741095,266.70001220703125,917.8499755859375,True,False,False,True,False,True,False,False,False,-49.49379907512053,red,125.47473576036032,False,False,False,False,,Pharmaceuticals & Biotechnology,Pharmaceuticals,8.046534173533688,False,False
COLPAL.NS,2026-09-30,1763.300048828125,1849.250020345052,1865.0166761610244,1922.5480151367187,1997.2173323567708,2023.317328491211,1829.767627037058,1761.237851420491,2278.1147610448475,False,False,False,False,False,False,True,False,False,-18.85427146970016,noise,67.49466896366239,False,False,False,True,,Personal Products,Personal Care,40.959767329132326,False,False
COMFINTE.NS,2026-09-30,,,,,,,,,,False,False,False,False,False,False,False,False,False,,noise,,False,False,False,False,,Beverages,Breweries & Distilleries,,False,False
COMSYN.NS,2026-09-30,269.70001220703125,289.5127588907878,290.41101837158203,267.9827523803711,196.86607838948566,187.48959617614747,283.755940696065,136.21566370194202,314.8814145022618,True,True,True,True,True,True,True,False,False,75.714953634772,noise,64.56243278127853,False,True,False,False,,Industrial Products,Packaging,93.21376635967039,True,True
COMMITTED.NS,2026-09-29,319.95001220703125,330.84583282470703,340.4958318074544,341.38799926757815,295.78499989827475,271.7924997711182,326.5600647896342,174.25,362.0,True,True,True,True,False,True,True,False,False,33.64662504769169,noise,20.12072434607646,False,True,False,False,,Transport Services,Logistics Solution Provider,83.13136209403781,True,False
COMPEAU.NS,2026-09-30,,,,,,,,,,False,False,False,False,False,False,False,False,False,,noise,,False,True,False,False,,Automobiles,Auto Dealer,,False,False
COMPUSOFT.NS,2026-09-30,13.479999542236328,13.224166631698608,13.166615989473131,13.112913646697997,13.212563273111979,13.618631629943847,13.270443692136391,11.77744777373263,20.119808275141764,False,False,False,False,True,False,False,True,False,-25.75824806574838,noise,72.1239715483528,False,False,False,False,,Other Consumer Services,Education,32.13766359670383,False,False
CONCORDBIO.NS,2026-09-30,1373.5999755859375,1471.9833374023438,1486.2638854980469,1448.3169970703125,1266.1067167154947,1263.780733947754,1448.5480263050163,981.1254498447715,1657.674495573315,True,True,False,True,False,True,True,False,False,-16.136156496916477,noise,58.00450839094846,False,False,False,False,,Pharmaceuticals & Biotechnology,Pharmaceuticals,43.91662627241881,False,False
CEWATER.NS,2026-09-30,259.6000061035156,267.8875020345052,268.56944529215497,273.0880010986328,290.1416678873698,321.63850036621096,265.941410048456,235.0,516.5,False,False,False,False,False,False,False,False,False,-47.944656156185374,noise,22.76888078955177,False,False,False,False,,Other Utilities,Waste Management,8.676684440135725,False,False
CFEL.NS,2026-09-30,,,,,,,,,,False,False,False,False,False,False,False,False,False,,noise,,False,True,False,False,,Commercial Services & Supplies,Trading & Distributors,,False,False
CONFIPET.NS,2026-09-30,88.12999725341797,87.59686915079753,81.990814420912,81.34703720092773,65.84924864451091,57.82435008049011,87.33715973313589,28.027656990154686,93.09257068463576,True,True,True,True,True,True,True,True,False,95.8093481308027,noise,48.47661554047603,False,False,False,False,,Gas,LPG/CNG/PNG/LNG Supplier,94.86185167232186,True,True
CONSOFINVT.NS,2026-09-30,293.8999938964844,295.5500005086263,284.07928636338977,286.42075317382813,247.96148610432942,231.8190210723877,291.87583597189035,151.2637974296401,318.4500850081756,True,True,True,True,True,True,True,True,False,57.266328287253884,dry,15.900957802875793,False,False,False,False,,Finance,Non Banking Financial Company (NBFC),90.15996122152205,True,True
CONCOR.NS,2026-09-30,447.5,470.73374938964844,497.7233174641927,500.92622009277346,484.82029235839843,489.968338470459,464.1166933274711,419.3328127807616,547.7380341214969,False,False,False,True,False,False,True,False,False,-13.45245252323124,noise,63.66155451102098,False,False,False,False,,Transport Services,Logistics Solution Provider,47.40668928744547,False,False
CONTI.NS,2026-09-29,10.199999809265137,10.449999968210856,11.008333338631523,11.024000034332275,12.604000008900961,14.743500037193298,10.372725970575695,9.649999618530273,27.0,False,False,False,False,False,False,False,False,False,-58.62068978858142,dry,0.0,False,False,False,False,,Commercial Services & Supplies,Trading & Distributors,4.217159476490548,False,False
CONTROLPR.NS,2026-09-30,607.3499755859375,594.5708363850912,590.0638902452257,586.557001953125,614.6029064941406,626.5593881225586,597.2780288684961,512.2003645119609,816.9478632183698,False,False,False,False,True,False,False,True,False,-21.81133478555799,noise,27.635506709731754,False,False,False,False,,IT - Hardware,Computers Hardware & Equipments,36.93650024236549,False,False
COOLCAPS.NS,2026-09-29,21.5,24.958333492279053,22.73888900544908,22.338000030517577,24.64833329518636,32.80125,24.162389977686978,19.0,97.80000305175781,False,False,False,False,False,False,False,False,False,-77.30870712401055,red,324.7172859450727,False,False,False,False,,Industrial Products,Packaging,0.7755695588948134,False,False
CORALFINAC.NS,2026-09-30,31.549999237060547,32.03499984741211,32.819437980651855,32.81810459136963,32.4831983311971,33.586493730545044,31.923542807930374,24.86201257565247,46.91077049305022,False,False,False,False,False,False,False,False,False,-25.56801721863996,dry,10.97516789717061,False,True,False,False,,Commercial Services & Supplies,Diversified Commercial Services,32.38002908385846,False,False
CORDSCABLE.NS,2026-09-30,332.5,351.7761764526367,304.6718677944607,278.6074703979492,219.30825002034504,207.90740913391113,343.7902002665094,126.59146539161857,406.95001220703125,True,True,True,True,True,True,True,False,False,95.19006306696967,dry,14.099585579136823,False,False,False,False,,Industrial Products,Cables - Electricals,94.71643238002908,True,True
COROMANDEL.NS,2026-09-30,1758.199951171875,1917.0416768391926,1955.9805569118923,1985.3620068359376,1977.8739697265626,2055.3414196777344,1886.299223347201,1704.8401341065546,2486.7668094210435,False,False,False,False,False,False,False,False,False,-21.417492801464455,red,430.44169956447007,False,False,False,False,,Fertilizers & Agrochemicals,Fertilizers,37.37275811924382,False,False
CORONA.NS,2026-09-30,,,,,,,,,,False,False,False,False,False,False,False,False,False,,noise,53.160495844865494,False,False,False,False,,Pharmaceuticals & Biotechnology,Pharmaceuticals,,False,False
COSMOFIRST.NS,2026-09-30,845.5999755859375,859.7291666666666,902.8666687011719,901.9169995117187,785.1798689778645,752.7454678344726,856.5046901984899,558.0950701442713,996.0,True,True,True,True,False,True,True,False,False,2.0474740684859105,noise,41.59321276424846,False,False,False,False,,Industrial Products,Packaging,65.00242365487155,False,False
CCHHL.NS,2026-09-30,13.0,12.940833330154419,12.711944394641453,12.731199932098388,12.918066628774007,13.281349968910217,12.973542478067372,10.029999732971191,18.0,False,False,False,False,True,False,False,True,False,-23.484401558974067,noise,61.077648903507466,False,False,False,False,,Leisure Services,Hotels & Resorts,34.9006301502666,False,False
COUNCODOS.NS,2026-09-30,6.400000095367432,6.379166682561238,6.529722226990594,6.438600006103516,5.487399997711182,5.485750002861023,6.404059110615483,3.7100000381469727,7.849999904632568,True,True,False,True,False,True,True,False,False,-10.23842927568771,dry,8.999157622158958,False,False,False,False,,Realty,"Residential, Commercial Projects",51.817741153659725,False,False
CPCAP.NS,2026-09-30,141.58999633789062,148.2849998474121,133.18333392673068,127.40920028686523,106.51213348388671,106.37545021057129,147.2931921933784,73.51000213623047,160.5,True,True,True,True,True,True,True,False,False,11.964255387437927,noise,44.832914370056045,False,False,False,False,,Finance,Non Banking Financial Company (NBFC),73.24285021812894,True,True
CRAFTSMAN.NS,2026-09-30,10417.0,10802.25,10931.902777777777,10662.62,9064.826315104166,8692.675952148438,10733.944293615807,6316.2925601072975,11999.0,True,True,True,True,False,True,True,False,False,53.84189818290168,noise,77.3396620038716,False,False,False,False,,Auto Components,Auto Components & Equipments,89.19049927290354,True,False
CRAVATEX.NS,2026-09-30,,,,,,,,,,False,False,False,False,False,False,False,False,False,,noise,,False,False,False,False,,Commercial Services & Supplies,Trading & Distributors,,False,False
CRAYONS.NS,2026-09-29,24.450000762939453,24.012500127156574,25.398611227671307,25.60700008392334,30.412666664123535,32.63775002479553,24.501943736989197,22.600000381469727,56.0,False,False,False,False,False,False,False,False,False,-54.72222080937139,noise,53.57142857142857,False,False,False,False,,Media,Advertising & Media Agencies,5.913717886572952,False,False
CREATIVEYE.NS,2026-09-30,6.119999885559082,5.910833358764648,6.046666675143772,6.088399982452392,6.41460000038147,6.547400002479553,5.999571354562692,5.159999847412109,8.819999694824219,False,False,False,False,True,False,False,True,False,-19.895288056146455,dry,13.622608677567067,False,False,False,False,,Entertainment,Media & Entertainment,39.55404750363548,False,False
CGRAPHICS.NS,2026-09-29,158.39999389648438,139.7708307902018,144.87777794731988,142.34199951171874,147.9046664428711,154.78874961853026,142.7196234123691,122.0,239.0,True,False,False,False,True,False,False,True,False,-32.59574727809176,ppv,500.79808459696727,True,True,False,False,,Industrial Products,Other Industrial Products,23.02472127968977,False,False
CNL.NS,2026-09-30,1082.199951171875,1099.0356140136719,1172.4202168782551,1130.0814819335938,824.4826896158854,794.8785858154297,1103.6366269056539,524.7631399214857,1327.4007679287436,True,True,True,True,False,True,True,False,False,59.84180580102492,dry,2.9572317993484436,False,False,False,False,,Commercial Services & Supplies,Trading & Distributors,90.59621909840038,True,False
CREDITACC.NS,2026-09-30,1272.0,1336.8666687011719,1415.0333285861545,1454.2399951171874,1367.6406697591146,1349.3095013427735,1309.9551339333689,1113.0,1634.0,False,True,False,True,False,False,True,False,False,-6.000587799427248,green,116.85588326152501,False,False,False,False,,Finance,Microfinance Institutions,56.4711585070286,False,False
MUFTI.NS,2026-09-30,72.30999755859375,72.2383321126302,73.95354016621907,75.97726303100586,78.63975769042969,82.06752658843995,71.8722820407432,61.44120935254668,113.82115438131768,False,False,False,False,False,False,False,True,False,-29.727159919710356,green,126.63949410339119,False,False,False,False,,Retailing,Speciality Retail,26.999515269025693,False,False
CRSL.NS,2026-09-30,,,,,,,,,,False,False,False,False,False,False,False,False,False,,noise,,False,False,False,True,,IT - Services,IT Enabled Services,,False,False
CREST.NS,2026-09-30,366.8500061035156,363.23333231608075,362.8361646864149,366.47019287109373,360.4373994954427,363.2291583251953,362.7915898369322,297.3310024635267,416.8518141052093,True,False,False,True,True,False,True,True,True,1.5908541583915747,noise,94.97240698180593,False,False,False,False,,Finance,Non Banking Financial Company (NBFC),64.42074648570043,False,False
CRISIL.NS,2026-09-30,4450.7998046875,4556.116617838542,4597.23333062066,4559.082783203125,4237.099887695313,4305.2897668457035,4549.147214192011,3669.9050085491053,5005.771184298104,True,False,True,True,False,False,True,False,False,-1.3808697947715332,noise,60.06515641672902,False,False,False,False,,Finance,Other Financial Services,61.26999515269026,False,False
CRIZAC.NS,2026-09-30,170.1199951171875,176.78749974568686,174.70305506388345,178.81939971923828,198.99060048421225,211.56203964233399,175.68851676470786,159.9499969482422,322.394908081455,False,False,False,False,False,False,False,False,False,-40.33411232508809,noise,30.350089453401818,False,True,False,False,,Retailing,Internet & Catalogue Retail,14.590402326708677,False,False
CROMPTON.NS,2026-09-30,208.6699981689453,220.79083251953125,232.61805513170032,239.26999938964843,253.33381072998046,252.12057075500488,218.64400416469616,208.6699981689453,306.8101698068928,False,True,False,False,False,False,False,False,False,-27.50444078734624,noise,56.2827290365993,False,False,False,True,,Consumer Durables,Household Appliances,29.714008725157537,False,False
CLSL.NS,2026-09-29,62.95000076293945,71.82083384195964,79.1791672176785,75.31300033569336,55.34666687011719,53.7157501411438,69.65045160248104,39.04999923706055,92.25,True,True,True,True,False,True,False,False,False,4.049588037916441,dry,12.562814070351758,False,False,False,False,,Fertilizers & Agrochemicals,Pesticides & Agrochemicals,66.31119728550654,False,False
CROWN.NS,2026-09-30,115.2699966430664,115.22416687011719,110.93083339267307,111.57,117.09273335774739,119.88010009765625,116.00638059884037,100.11000061035156,163.86000061035156,False,False,False,False,True,False,False,False,False,-24.566456066549534,noise,72.22286786031484,False,True,False,False,,Industrial Manufacturing,Industrial Products,33.446437227338826,False,False
CSBBANK.NS,2026-09-30,311.0,326.1791687011719,325.2375013563368,326.6740008544922,353.21433308919273,375.78774993896485,323.5444574067414,295.0,574.4000244140625,False,False,False,False,False,False,False,False,False,-16.28532974427994,noise,43.97728626513534,False,False,False,False,,Banks,Private Sector Bank,43.7227338826951,False,False
CSLFINANCE.NS,2026-09-30,210.85000610351562,215.30666732788086,219.92969428168402,216.3459393310547,221.0506730143229,233.7173471069336,215.0192948157781,201.00019533971565,311.22919637663324,False,False,False,False,False,False,False,False,False,-21.013953704253087,noise,36.2810967309157,False,False,False,False,,Finance,Non Banking Financial Company (NBFC),37.95443528841493,False,False
CSM.NS,2026-09-30,,,,,,,,,,False,False,False,False,False,False,False,False,False,,dry,18.804951022601475,False,False,False,False,,IT - Software,Computers - Software & Consulting,,False,False
CUBEXTUB.NS,2026-09-30,174.83999633789062,120.32083320617676,92.43111101786296,88.46079986572266,89.02080022176106,94.21655025482178,138.62646396953608,73.0999984741211,184.0,True,False,False,False,True,True,True,True,False,81.9922940494296,red,195.5994040964738,False,False,False,False,,Industrial Products,"Aluminium, Copper & Zinc Products",93.84391662627242,True,False
CUMMINSIND.NS,2026-09-30,4760.0,4942.166666666667,5101.972222222223,5208.96,5219.734915364584,4982.40714477539,4912.527519375042,3784.261865546783,6049.821052103703,False,True,True,False,False,False,True,False,False,22.788865381826163,red,133.0444911749433,False,False,False,False,,Industrial Products,"Compressors, Pumps & Diesel Engines",78.72031022782355,True,False
CUPID.NS,2026-09-30,311.6499938964844,274.36249923706055,279.36749903361004,268.2189990234375,177.58539937337238,154.78274967193605,279.52519867633237,41.816001892089844,312.0,True,True,True,True,True,True,True,True,False,624.9022834323935,ppv,252.3595914286899,False,False,True,False,,Personal Products,Personal Care,99.90305380513816,True,True
CURAA.NS,2026-09-30,72.5,73.29500007629395,72.69722196790907,72.84299987792969,85.86499989827475,88.85725002288818,73.05733681061294,60.0,235.1999969482422,False,False,False,False,False,False,False,False,False,-67.92035398230088,noise,23.569598633646454,False,False,False,False,,IT - Software,Computers - Software & Consulting,1.6480853126514785,False,False
CYBERMEDIA.NS,2026-09-30,18.559999465942383,20.611666838328045,19.8119445376926,18.68480007171631,16.78873332341512,16.63170000553131,20.057620966117703,11.300000190734863,28.989999771118164,True,True,True,True,False,True,False,False,False,8.221573637171575,dry,12.927350479321348,False,False,False,False,,Media,Electronic Media,70.14057198254969,True,False
CMRSL.NS,2026-09-29,74.3499984741211,72.60416603088379,70.63269064161513,68.27603721618652,67.03133127848308,67.73139608383178,72.95422521856207,50.948211669921875,93.9797784582361,True,False,False,True,True,True,True,True,False,-20.476262597660376,dry,0.0,False,False,False,False,,Media,Advertising & Media Agencies,38.77847794474067,False,False
CYBERTECH.NS,2026-09-30,138.8300018310547,137.68068822224936,133.6040267944336,134.1173910522461,129.44425252278646,130.16821807861328,137.36354051984233,92.63091306003729,247.38314036605925,True,False,False,True,True,True,False,True,False,-20.959369715650123,noise,62.44800647667981,False,False,False,False,,IT - Software,Computers - Software & Consulting,38.05138148327678,False,False
CYIENT.NS,2026-09-30,1100.699951171875,1072.7916768391926,1030.8361155192058,980.3670043945312,911.7573352050781,960.0995013427735,1076.5297954840871,750.2999877929688,1219.0,True,False,False,True,True,True,True,True,False,-2.6846267026402693,ppv,224.34524473441132,False,False,False,False,,IT - Services,IT Enabled Services,59.81580222976248,False,False
CYIENTDLM.NS,2026-09-30,914.0999755859375,914.5583445231119,845.2611168755425,797.8890026855469,537.353334757487,498.71450103759764,916.881116518503,265.20001220703125,1009.0,True,True,True,True,True,True,True,False,False,116.79117486489288,noise,32.065905305613754,False,True,False,False,,Aerospace & Defense,Aerospace & Defense,96.50993698497334,True,True
DBCORP.NS,2026-09-30,175.3800048828125,181.88833363850912,194.87527762518988,199.09939971923828,201.92723693847657,211.48875770568847,180.8613393901354,174.00999450683594,271.8784658695223,False,False,False,False,False,False,False,False,False,-32.19418518602421,red,227.95898709827296,False,False,False,True,,Media,Print Media,23.800290838584587,False,False
DPWIRES.NS,2026-09-30,163.88999938964844,155.16499964396158,156.76499938964844,159.42379943847655,167.52639928181966,171.57314945220946,158.88132801495598,125.0199966430664,255.88999938964844,False,False,False,False,True,True,False,True,False,-33.23692266495241,noise,92.67419929139271,False,False,False,False,,Industrial Products,Iron & Steel Products,22.443044110518663,False,False
DSKULKARNI.NS,2026-09-30,25.559999465942383,23.3849999109904,19.174999978807236,17.201199989318848,14.767066790262858,14.462800140380859,23.750237583931867,8.600000381469727,25.559999465942383,True,True,True,True,True,True,True,True,False,88.63467975018659,ppv,24.838882921589686,False,False,True,False,,Realty,"Residential, Commercial Projects",94.28017450315075,True,True
DLINKINDIA.NS,2026-09-30,411.8500061035156,420.77916717529297,431.95555623372394,435.82099975585936,436.21095967610677,424.2668083190918,420.42207259437856,349.1345095601163,521.5413716552077,False,True,False,False,False,False,True,False,False,-6.330335066753556,noise,30.87785328562034,False,False,False,False,,IT - Hardware,Computers Hardware & Equipments,56.13184682501212,False,False
DKEGL.NS,2026-09-29,69.94999694824219,69.00833193461101,68.18472226460774,67.67200012207032,69.34299967447917,70.8254997253418,69.5312593803756,60.0,89.5999984741211,False,False,False,False,True,False,True,True,False,-6.233246140738191,dry,0.0,False,False,False,False,,Industrial Products,Packaging,56.325739214735826,False,False
DPABHUSHAN.NS,2026-09-30,1788.800048828125,1454.8666687011719,1437.933329264323,1430.957998046875,1164.8180000813802,1212.2415017700196,1515.1664649653742,866.0999755859375,1815.699951171875,True,False,False,True,True,True,True,True,True,25.02096643714924,ppv,1300.3330622593223,True,False,True,False,,Consumer Durables,"Gems, Jewellery And Watches",79.83519146873486,True,False
DABUR.NS,2026-09-30,380.1000061035156,385.54583231608075,388.26666683620874,397.0950006103516,424.4361393229167,444.08240341186524,383.7548690504834,368.04998779296875,527.1610207391882,False,False,False,False,False,False,False,False,False,-21.216433408143807,noise,91.0634101273686,False,False,False,False,,Personal Products,Personal Care,37.66359670382938,False,False
DAICHI.NS,2026-09-30,,,,,,,,,,False,False,False,False,False,False,False,False,False,,noise,,False,True,False,True,,Chemicals & Petrochemicals,Specialty Chemicals,,False,False
DALMIASUG.NS,2026-09-30,408.79998779296875,401.3583348592122,437.78194512261285,422.05400024414064,371.56953776041667,349.8656976318359,409.84559994471635,256.4493957198617,520.0,True,True,True,True,False,True,True,False,False,19.997592085917383,dry,18.856703831361106,False,False,False,False,,Agricultural Food & other Products,Sugar,77.31459040232671,True,False
DALBHARAT.NS,2026-09-30,1683.699951171875,1706.6499938964844,1776.9527723524307,1790.6119921875,1809.0035180664063,1884.1450146484376,1698.5363216388516,1600.3099946947705,2308.784934113526,False,False,False,False,False,False,False,False,False,-24.110455898367245,noise,52.943911379057006,False,False,False,False,,Cement & Cement Products,Cement & Cement Products,34.02811439650994,False,False
DAMCAPITAL.NS,2026-09-30,151.0800018310547,142.15499877929688,144.02366468641492,146.50046112060548,147.33024215698242,157.6869437789917,146.0574543398464,118.42050979450424,284.0820688881976,False,False,False,False,True,False,False,True,False,-34.846866583127046,noise,89.80226058573525,False,False,False,False,,Capital Markets,Stockbroking & Allied,19.486185167232186,False,False
DAMODARIND.NS,2026-09-30,26.959999084472656,28.02750031153361,28.095000161064995,28.20300003051758,28.2028000386556,28.17725004196167,27.780505343152832,20.0,37.20000076293945,False,True,False,True,False,True,False,False,False,-22.949420430968104,green,140.901185770751,False,False,False,False,,Textiles & Apparels,Other Textile Products,35.676199709161416,False,False
DANGEE.NS,2026-09-30,2.9200000762939453,2.8283333579699197,2.8516666690508523,2.8838000106811523,3.1016000096003213,3.1743000042438507,2.8755285866218685,2.5399999618530273,5.079999923706055,False,False,False,False,True,False,False,True,False,-31.455400952868338,noise,43.756441737201214,False,False,False,False,,Food Products,Packaged Foods,24.5758603974794,False,False
DATAPATTNS.NS,2026-09-30,4286.89990234375,4385.2999267578125,4571.85833062066,4538.476015625,4119.972875976562,3750.903953857422,4383.652668995893,2126.3648658097904,5000.0,True,True,True,True,False,True,True,False,False,68.5198388541473,noise,44.459625156600666,False,False,False,False,,Aerospace & Defense,Aerospace & Defense,92.34125060591371,True,False
DATAMATICS.NS,2026-09-30,805.5499877929688,781.4833272298177,789.3870934380425,803.4260290527344,772.5601102701822,768.7259646606445,790.6922287922514,627.9510538752943,1003.5294156461148,True,True,False,True,True,False,True,True,False,-3.2409559270521138,red,121.41021580066227,False,False,False,False,,IT - Services,IT Enabled Services,59.185651963160446,False,False
DAVANGERE.NS,2026-09-30,2.309999942779541,2.2350000143051147,2.3852777679761252,2.6069999885559083,3.36066667397817,3.59485000371933,2.272839656656934,1.7400000095367432,5.5,False,False,False,False,False,True,False,True,False,-38.72679165871411,noise,37.585213867822716,False,False,False,False,,Diversified FMCG,Diversified FMCG,16.33543383422201,False,False
DBSTOCKBRO.NS,2026-09-30,31.739999771118164,29.94166644414266,30.064166598849827,31.08620002746582,30.193266639709474,28.88329998970032,30.458392369020356,23.149999618530273,48.5,True,True,True,True,True,True,False,True,False,23.598128481022627,noise,25.38582763603584,False,False,False,False,,Capital Markets,Stockbroking & Allied,78.96267571497819,True,False
DCI.NS,2026-09-30,335.0,291.6083348592122,332.97654893663196,328.77467956542966,298.8598731486003,284.9119662475586,307.11805608359475,208.90389285934754,474.82702083380383,True,True,True,True,True,True,False,True,False,20.769051610317458,noise,55.63561647018147,False,False,False,False,,IT - Hardware,Computers Hardware & Equipments,77.75084827920504,True,False
DCBBANK.NS,2026-09-30,203.5399932861328,215.0450007120768,211.0338889227973,205.13499969482422,188.55715647379557,187.24079818725585,212.05500760842304,123.77218229704958,234.8000030517578,True,True,True,True,False,True,True,False,False,61.94307698107065,noise,35.02607649247795,False,True,False,False,,Banks,Private Sector Bank,90.93553078041687,True,False
DCG.NS,2026-09-29,77.25,77.50416628519694,66.45277786254883,62.927000198364254,60.65000002543132,61.25650001525879,75.38137516410592,47.0,93.94999694824219,True,False,False,True,True,True,True,True,False,9.57446808510638,noise,60.97560975609756,False,False,False,False,,Industrial Products,Cables - Electricals,71.44934561318468,True,False
DCM.NS,2026-09-30,74.0,75.67916615804036,78.12999979654948,80.39439987182617,81.39233324686687,83.22799993515015,75.3092448464471,55.0,104.30000305175781,False,False,False,False,False,True,False,False,False,-25.335486283640428,red,164.0977374680666,False,False,False,False,,IT - Services,IT Enabled Services,32.62239457101309,False,False
DCMFINSERV.NS,2026-09-30,5.070000171661377,5.043333331743876,5.20888888835907,5.209600019454956,5.29859999815623,5.186950007677078,5.042933253426522,3.700000047683716,8.550000190734863,False,True,False,False,False,True,False,True,False,-10.739430899871493,green,164.53874445575968,False,False,False,False,,Finance,Investment Company,50.99369849733398,False,False
DCMNVL.NS,2026-09-30,172.60000610351562,176.48333231608072,179.43249935574002,171.10399932861327,149.31799977620443,145.11944995880128,176.3325256986612,95.5999984741211,198.5800018310547,True,True,True,True,True,True,True,False,False,14.055378322275347,noise,25.03265907809842,False,False,False,False,,Textiles & Apparels,Other Textile Products,74.93940862821134,True,True
DCMSHRIRAM.NS,2026-09-30,915.5999755859375,968.3999888102213,1007.6111094156901,1012.1119177246094,1059.4143001302084,1086.1273657226564,956.3559926147527,903.0,1395.1299395484884,False,False,False,False,False,False,False,False,False,-20.16725867705077,noise,41.36946049647307,False,True,False,False,,Diversified,Diversified,39.16626272418808,False,False
DSFCL.NS,2026-09-30,,,,,,,,,,False,False,False,False,False,False,False,False,False,,noise,88.8810532099135,False,False,False,False,,Chemicals & Petrochemicals,Specialty Chemicals,,False,False
DCMSRIND.NS,2026-09-30,39.56999969482422,38.61333306630453,43.580555491977265,42.971800003051754,40.081329142252606,45.12910219192505,39.29468919988459,31.557174545273405,179.94513189465283,False,False,False,False,False,False,False,True,False,-75.53225235017362,noise,68.30924523293508,False,False,False,False,,Agricultural Food & other Products,Sugar,0.9694619486185166,False,False
DCMSIL.NS,2026-09-30,,,,,,,,,,False,False,False,False,False,False,False,False,False,,green,232.42939838122948,False,False,False,False,,Textiles & Apparels,Other Textile Products,,False,False
DCW.NS,2026-09-30,45.619998931884766,46.49901580810547,45.910171614752876,46.01639877319336,45.98711395263672,47.64911487579346,46.7663747649811,36.94659349539297,71.84041979886041,False,False,False,False,False,False,False,False,False,-32.403050254244384,noise,63.07488311274327,False,False,False,False,,Chemicals & Petrochemicals,Petrochemicals,23.36403296170625,False,False
DCXINDIA.NS,2026-09-30,161.17999267578125,161.96250025431314,169.36972300211588,172.3640002441406,184.51393330891926,182.96509986877442,162.12544248987675,153.3000030517578,253.39999389648438,False,True,False,False,False,False,False,False,False,-33.41045625134078,noise,82.91450011021549,False,False,False,False,,Aerospace & Defense,Aerospace & Defense,22.200678623364034,False,False
DDEVPLSTIK.NS,2026-09-30,249.5,254.7447077433268,266.53464041815863,270.3069515991211,256.95612864176434,264.7350959014893,254.7238788386565,184.2429273142594,357.58900945974756,False,False,False,True,False,True,False,False,False,-27.883361029622755,noise,40.06318349339201,False,False,False,False,,Chemicals & Petrochemicals,Specialty Chemicals,29.180804653417354,False,False
DENEERS.NS,2026-09-29,179.39999389648438,172.12916564941406,171.5874998304579,175.65899963378905,180.68866607666016,174.09724967956544,175.39704084609969,132.0,250.0,False,True,False,False,True,True,False,True,True,-4.447406712924429,noise,49.8220640569395,False,False,False,False,,Industrial Products,Iron & Steel Products,57.73145904023267,False,False
DENORA.NS,2026-09-30,736.5,778.1541697184244,807.6501040988499,825.1125219726563,788.4097054036458,751.9795535278321,767.1843219501607,557.4933844179585,955.6247035443768,False,True,True,True,False,True,True,False,False,-11.70393299962711,red,185.03515576312566,False,False,False,False,,Industrial Products,Electrodes & Refractories,49.83034415899176,False,False
DIL.NS,2026-09-29,0.6499999761581421,0.6499999761581421,0.6724999845027924,0.704999988079071,0.9124666603406271,1.0676999974250794,0.6505717238513141,0.6499999761581421,2.3299999237060547,False,False,False,False,False,False,False,False,False,-69.62617082734918,dry,0.0,False,False,False,True,,Leisure Services,Hotels & Resorts,1.3572467280659235,False,False
DECNGOLD.NS,2026-09-30,,,,,,,,,,False,False,False,False,False,False,False,False,False,,noise,,False,False,False,True,,Non - Ferrous Metals,Precious Metals,,False,False
DECCANCE.NS,2026-09-30,566.5,559.8955383300781,561.2762908935547,560.9055871582032,600.5442846679688,626.334489440918,557.3101417516024,524.5372083570767,1132.1010273697739,False,False,False,False,True,False,False,True,False,-47.74194739836252,ppv,341.59334641582507,False,False,False,False,,Cement & Cement Products,Cement & Cement Products,8.773630634997575,False,False
DEEDEV.NS,2026-09-30,676.9000244140625,663.2083384195963,648.8639865451389,650.58462890625,546.9664490763346,463.45944946289063,666.5912524581444,182.69871604200983,758.7487929742209,True,True,True,True,True,True,True,True,False,153.98622263073577,noise,46.16010378809521,False,False,False,False,,Industrial Manufacturing,Industrial Products,97.91565681047018,True,True
DEEM.NS,2026-09-29,47.0,43.46250057220459,42.21111159854465,44.360000457763675,42.94400014241536,43.642750072479245,44.81870873213421,29.350000381469727,61.849998474121094,True,False,False,True,True,True,True,True,False,-20.33898305084746,noise,49.504950495049506,False,False,False,False,,Industrial Products,Iron & Steel Products,38.97237033446437,False,False
DEEPINDS.NS,2026-09-30,755.9500122070312,754.8291676839193,725.7012685139974,685.5226086425781,529.5116556803385,496.86812545776365,763.124620096386,328.747065369566,825.0,True,True,True,True,True,True,True,False,False,60.26001087680983,noise,27.408561673487323,False,False,False,False,,Oil,Oil Equipment & Services,90.64469219583131,True,True
DEEP.NS,2026-09-30,,,,,,,,,,False,False,False,False,False,False,False,False,False,,noise,,False,False,False,False,,Chemicals & Petrochemicals,Specialty Chemicals,,False,False
DBEIL.NS,2026-09-30,6.679999828338623,6.793333292007446,6.7649999724494085,6.92559998512268,7.463220014572143,8.138075020313263,6.726577616018352,5.151000022888184,17.81999969482422,False,False,False,False,False,False,False,False,False,-61.15149783719196,noise,62.27157270281244,False,True,False,False,,Construction,Civil Construction,3.247697527872031,False,False
DEEPAKFERT.NS,2026-09-30,1351.0,1341.3083394368489,1391.0928683810764,1439.4324072265624,1338.9805684407552,1287.5653869628907,1346.5931912559677,860.5304973022847,1669.6119086916185,True,True,False,True,False,True,True,True,False,-9.433722636422125,green,153.21448395687787,False,False,False,False,,Chemicals & Petrochemicals,Commodity Chemicals,52.73873000484731,False,False
DEEPAKNTR.NS,2026-09-30,1529.800048828125,1581.3166910807292,1671.3166876898872,1680.9156323242187,1630.4514819335936,1628.9627044677734,1575.5633204500898,1274.1803312746065,1889.2710718186147,False,True,False,True,False,False,True,False,False,-16.187432022496218,noise,38.20206302013684,False,False,False,False,,Chemicals & Petrochemicals,Specialty Chemicals,43.86815317498788,False,False
DELAPLEX.NS,2026-09-29,96.55000305175781,94.08333333333333,94.23194461398654,94.39600021362304,102.35199986775716,107.29749984741211,94.03954848796224,80.0,194.85000610351562,False,False,False,False,True,False,False,True,False,-27.132073168484673,green,193.75672766415502,False,False,False,False,,IT - Software,Computers - Software & Consulting,30.24721279689772,False,False
DELHIVERY.NS,2026-09-30,409.70001220703125,423.38333384195965,444.26944563123914,451.9020013427734,455.3700002034505,445.1972506713867,422.4343141325613,374.45001220703125,524.0,False,True,False,False,False,False,True,False,False,-8.965665299495406,red,189.86171214820186,False,False,False,False,,Transport Services,Logistics Solution Provider,53.27193407658749,False,False
DELPHIFX.NS,2026-09-30,6.769999980926514,5.777499953905742,6.1661110983954535,6.347999982833862,8.898066685994467,10.553779954910278,6.130952983273489,4.71999979019165,18.25,False,False,False,False,True,True,False,True,False,-53.83702606500622,noise,79.08702214170322,False,False,False,False,,Finance,Other Financial Services,6.301502666020359,False,False
DELTACORP.NS,2026-09-30,80.51000213623047,66.36666679382324,60.858758290608726,61.33741096496582,63.16742734273275,64.16108423233032,70.64332629864441,47.901091163726164,87.9000015258789,True,False,False,False,True,True,True,True,False,4.0241793016605465,ppv,1829.085162476618,False,False,False,False,,Leisure Services,Amusement Parks/ Other Recreation,66.26272418807562,False,False
DELTAMAGNT.NS,2026-09-30,57.189998626708984,55.740833600362144,57.02361128065321,57.308000259399414,58.60846664428711,60.44599998474121,56.2822145596968,45.5099983215332,87.23999786376953,False,False,False,False,False,False,False,True,False,-30.35801666593426,noise,20.499272814300706,False,True,False,False,,Industrial Products,Other Industrial Products,26.126999515269027,False,False
DEN.NS,2026-09-30,25.93000030517578,26.364166895548504,27.234722296396892,27.266400032043457,27.579600054423015,28.15725004196167,26.325329831400424,22.520000457763672,35.95000076293945,False,False,False,False,False,False,False,False,False,-22.666265287232036,noise,95.81921669266181,False,True,False,False,,Entertainment,TV Broadcasting & Software Production,36.063984488608824,False,False
DENTA.NS,2026-09-30,265.75,273.6624984741211,280.1017574734158,296.5826690673828,282.5385693359375,285.2752394866943,271.79867037786374,219.99131462508552,475.26051427850655,False,False,False,True,False,False,False,False,False,-39.360879912120204,noise,24.800143664594053,False,True,False,False,,Other Utilities,Water Supply & Management,15.802229762481822,False,False
DESTINY.NS,2026-09-29,100.6500015258789,100.6500015258789,100.6500015258789,102.1200015258789,108.34966735839843,110.54350051879882,100.65382759747845,100.6500015258789,143.0,False,False,False,False,False,False,False,False,False,-16.507674012529804,dry,0.0,False,False,False,True,,Transport Services,Logistics Solution Provider,43.3349491032477,False,False
DEVX.NS,2026-09-30,36.06999969482422,34.865833600362144,34.217777993943955,34.21540016174316,36.67546666463216,37.518350009918215,35.364433393319615,29.950000762939453,54.15999984741211,False,False,False,False,True,False,False,True,False,-32.51637197387278,noise,35.03183421600215,False,False,False,False,,Commercial Services & Supplies,Diversified Commercial Services,23.218613669413475,False,False
DEVIT.NS,2026-09-30,21.860000610351562,22.757049242655437,24.245533837212456,24.94047477722168,27.044854736328126,28.416312284469605,22.537197595122993,21.059999465942383,44.247783329474935,False,False,False,False,False,False,False,False,False,-45.6963616975125,green,136.18124081609852,False,False,False,False,,IT - Services,IT Enabled Services,9.694619486185168,False,False
DEVYANI.NS,2026-09-30,130.2899932861328,137.04166539510092,140.02555465698242,134.80959915161134,119.90059982299805,122.84574989318848,135.15112147560714,91.55000305175781,172.74000549316406,True,False,False,True,False,True,True,False,False,-22.460278383227628,noise,22.65587018199023,False,True,False,False,,Leisure Services,Restaurants,36.2094037809016,False,False
DHABRIYA.NS,2026-09-30,,,,,,,,,,False,False,False,False,False,False,False,False,False,,noise,,False,False,False,False,,Industrial Products,Plastic Products - Industrial,,False,False
DBOL.NS,2026-09-30,126.0999984741211,117.60916519165039,122.41666581895616,117.75059921264648,111.97595321655274,105.56373523712158,120.60900493332319,68.04458797402032,139.0,True,True,True,True,True,True,True,True,False,55.39016489060804,green,115.67732378885891,False,False,False,False,,Agricultural Food & other Products,Sugar,89.6752302472128,True,True
DHAMPURSUG.NS,2026-09-30,171.4199981689453,163.92083358764648,169.49666510687933,162.82779876708983,146.72468271891276,139.48331531524659,168.21043674286557,108.4862046974501,199.9199981689453,True,True,True,True,True,True,True,True,False,30.55806805993766,noise,62.430639363902465,False,False,False,False,,Agricultural Food & other Products,Sugar,82.40426563257392,True,True
DHANBANK.NS,2026-09-30,27.520000457763672,29.108333428700764,31.117222256130642,31.67720016479492,30.30620002746582,28.884450025558472,28.979989862686047,19.450000762939453,36.849998474121094,False,True,True,True,False,True,False,False,False,10.389089935350594,noise,87.50501396683373,False,False,False,False,,Banks,Private Sector Bank,72.12796897721765,True,False
DHANLAXMI.NS,2026-09-29,26.0,24.59583314259847,24.7888888253106,24.952999954223632,27.04633331298828,27.636499967575073,25.02262496779966,20.049999237060547,45.0,False,False,False,False,True,False,False,True,False,-39.53488372093024,noise,94.9367088607595,False,False,False,False,,Agricultural Food & other Products,Other Agricultural Products,15.511391177896266,False,False
DHANUKA.NS,2026-09-30,928.3499755859375,961.9833272298177,983.3138868543837,992.6419970703125,1028.0537524414062,1052.808676147461,956.4801867309801,887.8900230030476,1617.2853743124303,False,False,False,False,False,False,False,False,False,-38.048635090032214,noise,70.67002876248813,False,True,False,False,,Fertilizers & Agrochemicals,Pesticides & Agrochemicals,17.01405719825497,False,False
DHARAN.NS,2026-09-30,0.14000000059604645,0.13749999925494194,0.14305555406543943,0.14500000029802323,0.14600000008940697,0.16195000041276217,0.13868830116131053,0.10999999940395355,0.6100000143051147,False,False,False,False,False,False,False,True,False,-76.27118528488546,noise,45.08603964884884,False,False,False,False,,Realty,"Residential, Commercial Projects",0.9209888511875909,False,False
DHARMAJ.NS,2026-09-30,264.3500061035156,281.3916651407878,274.1583319769965,271.8309991455078,264.2389334106445,257.8031001281738,281.0938305635942,210.64999389648438,325.04998779296875,True,True,True,True,False,False,True,False,False,-14.725804482736892,red,159.05537454133844,False,False,False,False,,Fertilizers & Agrochemicals,Pesticides & Agrochemicals,45.564711585070285,False,False
DHATRE.NS,2026-09-30,,,,,,,,,,False,False,False,False,False,False,False,False,False,,noise,,False,False,False,False,,Industrial Products,Iron & Steel Products,,False,False
DHOOTTRANS.NS,2026-09-30,,,,,,,,,,False,False,False,False,False,False,False,False,False,,noise,,False,True,False,False,,Auto Components,Auto Components & Equipments,,False,False
DHRUV.NS,2026-09-30,20.079999923706055,21.25749985376994,22.888055483500164,23.37799991607666,27.973266639709472,31.032699966430663,21.188943870123904,19.959999084472656,56.9900016784668,False,False,False,False,False,False,False,False,False,-62.411080846163,red,120.96410194686004,False,False,False,True,,Commercial Services & Supplies,Consulting Services,3.005332040717402,False,False
DHUNINV.NS,2026-09-30,955.6500244140625,981.4041697184244,997.5464799669054,965.7802197265624,896.5670296223958,947.5087963867187,979.1454567978802,665.0414392053011,1568.2457463691665,True,False,False,True,False,True,False,False,False,-33.4946521738244,noise,20.58472553699284,False,False,False,False,,Finance,Non Banking Financial Company (NBFC),22.00678623364033,False,False
DTIL.NS,2026-09-30,152.2100067138672,141.8033332824707,145.23611195882162,140.94539443969725,136.03022054036458,139.30890731811525,144.09224307929492,100.5264407641267,193.7899932861328,True,False,False,True,True,True,True,True,False,-16.828496395527836,noise,83.83158899963837,False,False,False,False,,Agricultural Food & other Products,Tea & Coffee,42.801745031507515,False,False
DVL.NS,2026-09-30,282.95001220703125,285.1375020345052,281.87166765001086,273.66333251953125,247.24575958251953,251.28079200744628,286.00450280679604,185.99911365423574,368.70867789541,True,False,False,True,True,True,True,False,False,-20.378488972474663,noise,28.125555066198554,False,False,False,False,,Industrial Products,Packaging,38.82695104217159,False,False
DIAMINESQ.NS,2026-09-30,238.5,249.4366658528646,245.91916614108615,246.4720001220703,248.7140005493164,249.89100013732912,245.91895454566568,208.00999450683594,365.29998779296875,False,False,False,False,False,False,False,False,False,-32.36920342326493,dry,18.835458062924882,False,True,False,False,,Chemicals & Petrochemicals,Specialty Chemicals,23.41250605913718,False,False
DIACABS.NS,2026-09-30,354.20001220703125,367.5249989827474,355.4736090766059,347.82819885253906,233.71326634724934,208.74054962158203,358.38267097204283,115.56999969482422,404.0,True,True,True,True,True,True,True,False,False,137.22457839303925,dry,13.280065683917714,False,False,False,False,,Electrical Equipment,Other Electrical Equipment,97.43092583616092,True,True
DICIND.NS,2026-09-30,635.2999877929688,634.0708414713541,602.2583296034071,577.3189978027344,536.9328723144531,529.6115158081054,634.3746934648218,447.9634122961736,675.0,True,True,True,True,True,True,True,True,False,21.3019458180435,noise,43.26075232350771,False,True,False,False,,Chemicals & Petrochemicals,Printing Inks,77.99321376635967,True,True
DTL.NS,2026-09-29,120.05000305175781,129.26666768391928,125.33888922797308,123.81600036621094,119.94733327229818,123.35974998474121,125.98017429383255,82.05000305175781,178.0,False,False,False,True,False,True,False,False,False,-3.959997558593753,dry,0.0,False,False,False,False,,Commercial Services & Supplies,Diversified Commercial Services,58.36160930683471,False,False
DIFFNKG.NS,2026-09-30,438.75,437.60833231608075,427.67634836832684,420.6932568359375,353.3275400797526,337.36223258972166,439.99670916592663,215.99034037428646,519.9000244140625,True,True,True,True,True,True,True,False,False,20.52400297064787,dry,19.244477138228422,False,False,False,False,,Industrial Products,Other Industrial Products,77.50848279205042,True,True
DGCONTENT.NS,2026-09-30,25.43000030517578,24.22499990463257,24.419166723887127,24.515000038146972,26.16573336283366,27.102800006866456,24.446040634586865,21.610000610351562,39.56999969482422,False,False,False,False,True,False,False,True,False,-27.899064431176946,ppv,275.0121019749773,False,False,False,False,,Media,Advertising & Media Agencies,29.13233155598643,False,False
DIGIDRIVE.NS,2026-09-30,17.889999389648438,17.720832983652752,17.663610829247368,17.696999855041504,19.396599960327148,20.665549936294557,17.806672966003223,16.100000381469727,33.38999938964844,False,False,False,False,True,False,False,True,False,-41.32502615957758,noise,95.96334690778431,False,False,False,False,,Retailing,E-Retail/ E-Commerce,13.523994183228307,False,False
DIGIKORE.NS,2026-09-29,36.349998474121094,37.16666603088379,38.00138886769613,39.477999954223634,56.55399988810221,60.39149991989136,36.69830110438447,30.25,174.5,False,False,False,False,False,False,False,False,False,-77.96301961404282,noise,25.79034941763727,False,False,False,False,,Entertainment,Media & Entertainment,0.7270964614638876,False,False
DIGISPICE.NS,2026-09-30,14.960000038146973,16.12833333015442,16.661666684680515,16.999600048065187,18.400933367411294,19.317150011062623,15.905203081391399,14.819999694824219,28.979999542236328,False,False,False,False,False,False,False,False,False,-43.48318690511095,red,107.23949202907819,False,False,False,True,,IT - Services,IT Enabled Services,11.875908870576831,False,False
DIGITIDE.NS,2026-09-30,72.8499984741211,80.74499956766765,91.451111263699,94.04780044555665,91.64720006306966,98.85905014038086,79.38536562806742,69.9000015258789,185.9199981689453,False,False,False,False,False,False,False,False,False,-55.10569017315016,red,126.54761467182512,False,False,False,True,,IT - Services,IT Enabled Services,5.622879301987397,False,False
DIGJAMLMTD.NS,2026-09-30,50.459999084472656,56.46583334604899,53.884999910990395,51.82920013427734,47.02386660257975,47.771549987792966,54.03886627265462,36.029998779296875,73.19000244140625,True,False,True,True,False,True,False,False,False,-10.46841991125753,dry,2.9365637686116832,False,False,False,False,,Textiles & Apparels,Other Textile Products,51.33301017935046,False,False
DNAMEDIA.NS,2026-09-30,2.440000057220459,2.4633333484331765,2.5513888862397938,2.625799984931946,2.8781333367029824,3.0960500049591064,2.4712100717566283,2.1700000762939453,5.090000152587891,False,False,False,False,False,False,False,False,False,-45.65701154561941,noise,46.367088036504555,False,True,False,False,,Media,Electronic Media,9.743092583616093,False,False
DBL.NS,2026-09-30,406.20001220703125,412.22083536783856,408.20196533203125,415.76953125,428.70013326009115,435.77389389038086,410.35040302693017,380.60403377874786,536.8656777272844,False,False,False,False,False,False,True,False,False,-19.990259635065723,dry,7.982379772894328,False,False,False,False,,Construction,Civil Construction,39.36015511391177,False,False
DISAQ.NS,2026-09-30,,,,,,,,,,False,False,False,False,False,False,False,False,False,,noise,39.14573113324414,False,True,False,False,,Industrial Manufacturing,Industrial Products,,False,False
DISHTV.NS,2026-09-30,2.059999942779541,2.4258333245913186,2.596944431463877,2.661599974632263,2.945333321094513,3.1091999942064286,2.3305842833459125,1.8200000524520874,5.03000020980835,False,False,False,False,False,False,False,False,False,-57.525773540492374,red,365.97364964836896,False,False,False,False,,Entertainment,TV Broadcasting & Software Production,4.507998061076103,False,False
DCAL.NS,2026-09-30,157.47000122070312,165.9241689046224,172.6044455634223,176.92280120849608,177.12553395589194,189.9894504547119,165.2284728749467,128.5,306.0,False,False,False,False,False,False,False,False,False,-41.73172942804695,noise,76.8556116802763,False,False,False,False,,Pharmaceuticals & Biotechnology,Pharmaceuticals,13.330101793504607,False,False
DIVGIITTS.NS,2026-09-30,1181.800048828125,1151.9416605631511,1194.0758327907986,1134.6204675292968,894.496405436198,827.6767584228515,1173.8426634575078,572.068130803166,1326.0175300078042,True,True,True,True,True,True,True,True,False,75.51591409111111,noise,84.35947052815769,False,False,False,False,,Auto Components,Auto Components & Equipments,93.16529326223946,True,True
DIVISLAB.NS,2026-09-30,9291.5,9411.208333333334,9125.972222222223,8808.53,7278.191520182291,7022.751237792969,9431.647959041296,5613.352076705792,9740.0,True,True,True,True,True,True,True,False,False,63.752796767109324,red,107.36537148822032,False,False,False,False,,Pharmaceuticals & Biotechnology,Pharmaceuticals,91.27484246243334,True,True
DPEL.NS,2026-09-29,619.2999877929688,633.0833435058594,597.540283203125,586.8480041503906,500.4046671549479,447.4007501220703,627.2995786346377,236.0,655.0,True,True,True,True,True,True,True,False,False,154.96089063587752,noise,74.87735605473793,False,False,False,False,,Industrial Products,Cables - Electricals,98.01260300533204,True,True
DIXON.NS,2026-09-30,13100.0,13244.04248046875,13935.659478081598,13966.20857421875,12276.817805989584,12088.806123046876,13326.523712086728,9592.617659981392,17491.53980142949,True,True,False,True,False,True,False,False,False,-19.678464770350967,noise,79.30858212473186,False,False,False,False,,Consumer Durables,Consumer Electronics,39.69946679592826,False,False
DJML.NS,2026-09-30,71.81999969482422,74.7591667175293,83.03138902452257,91.24639999389649,95.58603780110677,90.90574716567993,73.7197815266141,51.935996330415506,124.64639518710236,False,True,False,False,False,True,False,False,False,-24.171140621441843,noise,29.60895583974069,False,False,False,False,,Transport Services,Logistics Solution Provider,33.931168201648084,False,False
DLF.NS,2026-09-30,674.0,656.3916625976562,666.1055552164713,662.0947424316406,611.8615509033203,621.2513063049316,663.8735901628345,483.3317854758361,776.7480127911251,True,False,False,True,True,True,True,True,False,-4.283022560736615,green,169.99098526730796,False,False,False,False,,Realty,"Residential, Commercial Projects",57.77993213766359,False,False
DMCC.NS,2026-09-30,311.70001220703125,289.0708312988281,289.56746758355035,285.8425592041016,263.97160675048826,257.47871055603025,298.88789170243035,189.6849424177935,330.00320506586485,True,True,True,True,True,True,True,True,False,2.68978679709837,red,214.3489550013129,False,False,False,False,,Chemicals & Petrochemicals,Specialty Chemicals,65.34173533688804,False,False
DHTL.NS,2026-09-29,26.25,28.1833332379659,31.237499925825333,32.45100009918213,39.1113330968221,45.362999486923215,27.636588763346744,25.0,125.19999694824219,False,False,False,False,False,False,False,False,False,-61.48202580739199,green,296.41185647425897,False,False,False,False,,Other Consumer Services,E-Learning,3.1992244304411055,False,False
DODLA.NS,2026-09-30,1019.4000244140625,1046.8916575113933,1076.6944461398655,1068.2660021972656,1073.9584265136718,1105.9116970825196,1038.0142135828362,959.925286216164,1393.937767726405,False,False,False,False,False,False,False,False,False,-24.767918972402157,noise,74.49115175428666,False,False,False,False,,Food Products,Dairy Products,33.15559864275327,False,False
DOLATALGO.NS,2026-09-30,64.94000244140625,67.08250109354655,70.20916684468587,69.76679992675781,73.11,75.63976028442383,66.83315133623518,64.5199966430664,95.63547251598347,False,False,False,False,False,False,False,False,False,-19.653331367415273,noise,54.05884136962388,False,False,False,True,,Capital Markets,Stockbroking & Allied,39.79641299079011,False,False
DOLLAR.NS,2026-09-30,277.25,271.62083435058594,270.7347225613064,269.03246826171875,266.1204456583659,281.9868222808838,273.1944517344881,217.9330629801214,391.38998363057124,False,False,False,False,True,False,False,True,False,-23.49226352016528,red,165.5128887403296,False,False,False,False,,Textiles & Apparels,Garments & Apparels,34.85215705283567,False,False
DOLLEX.NS,2026-09-30,38.0,37.22083314259847,35.51805538601346,34.08099994659424,31.819999987284344,33.280750017166135,37.351503092677035,26.0,43.54999923706055,True,False,False,True,True,True,True,True,False,-12.138728323699421,dry,19.249065927996224,False,False,False,False,,Agricultural Food & other Products,Sugar,49.29714008725157,False,False
DOLPHIN.NS,2026-09-30,637.4000244140625,672.1749979654948,634.0319425794813,567.6539984130859,455.40699849446617,450.0572491455078,665.5865098687941,322.0,749.5,True,True,True,True,True,True,True,False,False,63.54073750200448,noise,74.23523348047797,False,False,False,False,,Oil,Offshore Support Solution Drilling,91.1778962675715,True,True
DOMS.NS,2026-09-30,2107.0,2096.1500040690103,2168.5074598524307,2192.4384912109376,2242.0692936197916,2300.362978515625,2097.0383836643505,2020.0,2750.437480198048,False,False,False,False,False,False,True,True,False,-14.90968929212121,green,110.93511799862537,False,False,False,False,,Household Products,Stationary,45.273873000484734,False,False
DONEAR.NS,2026-09-30,81.4000015258789,82.31022071838379,84.84358935885959,84.74630554199219,87.40714416503906,88.36912532806396,82.3494573657735,77.41257899253465,116.22861284574053,False,False,False,False,False,False,False,False,False,-13.52578030152658,noise,20.969279058990853,False,False,False,False,,Textiles & Apparels,Other Textile Products,47.309743092583616,False,False
DRAGARWQ.NS,2026-09-30,,,,,,,,,,False,False,False,False,False,False,False,False,False,,noise,,False,False,False,False,,Healthcare Services,Hospital,,False,False
AGARWALEYE.NS,2026-09-30,479.29998779296875,497.1708297729492,504.86527760823566,503.35199951171876,470.83666727701825,472.4177507019043,496.1740980662609,401.0,568.0,True,False,False,True,False,False,True,False,False,-1.0324179487977703,dry,16.67426683051965,False,False,False,False,,Healthcare Services,Hospital,61.65777993213767,False,False
LALPATHLAB.NS,2026-09-30,1987.0,1930.9416809082031,1919.102783203125,1904.9899755859376,1647.7971370442708,1588.8361492919921,1943.3758441581188,1266.16157090969,2038.5999755859375,True,True,True,True,True,True,True,True,False,28.706861467646092,green,142.86710728962882,False,False,True,False,,Healthcare Services,Healthcare Service Provider,81.82258846340281,True,True
DRREDDY.NS,2026-09-30,1233.0,1197.7333374023438,1180.4694451226128,1175.4380029296874,1243.5417626953124,1242.091488647461,1210.0617110643382,1101.0,1405.9838095385528,False,True,False,False,True,False,True,True,False,1.3989831527324803,red,218.15041126485016,False,False,False,False,,Pharmaceuticals & Biotechnology,Pharmaceuticals,64.3722733882695,False,False
DRCSYSTEMS.NS,2026-09-30,13.149999618530273,12.612500031789144,12.886944479412502,13.020599994659424,14.081333344777425,14.73094997882843,12.690048970147792,11.5,21.5,False,False,False,False,True,False,False,True,False,-34.085217465461696,green,203.56213212871447,False,False,False,False,,IT - Software,Computers - Software & Consulting,20.891904992729035,False,False
DREAMFOLKS.NS,2026-09-30,61.65999984741211,63.790833473205566,66.01694456736247,66.66180046081543,71.59286679585774,78.44920011520385,63.27507086314372,56.0,160.0,False,False,False,False,False,False,False,False,False,-39.19132256455096,noise,55.917441661768265,False,False,False,False,,Transport Infrastructure,Airport & Airport services,16.04459524963645,False,False
DREDGECORP.NS,2026-09-30,920.2000122070312,978.6583353678385,1055.0611063639324,1061.762000732422,1021.4990014648438,1017.8162503051758,971.2117000765538,538.0,1286.0,False,True,False,True,False,True,False,False,False,48.53914644181296,noise,43.20704072423015,False,False,False,False,,Engineering Services,Dredging,87.93019873969948,True,False
DRONE.NS,2026-09-29,33.29999923706055,33.24166679382324,35.20277786254883,36.46800010681152,41.88066665649414,46.20900001525879,33.41980687274416,31.700000762939453,101.8499984741211,False,False,False,False,False,False,False,False,False,-52.29226678920333,noise,42.800366860287376,False,False,False,False,,Other Consumer Services,Education,6.931652932622395,False,False
DRSDILIP.NS,2026-09-29,107.0,107.0,107.56944465637207,108.24200027465821,112.20733342488607,100.56224996566772,107.01043597624543,52.25,119.5,False,True,True,False,False,True,True,False,False,9.183673469387754,dry,0.0,False,False,False,False,,Transport Services,Logistics Solution Provider,71.06156083373727,True,False
KEEPLEARN.NS,2026-09-30,1.850000023841858,1.8508333563804626,1.889722228050232,1.8970000052452087,1.9392666625976562,2.0254499942064284,1.8538208450247056,1.5099999904632568,3.2100000381469727,False,False,False,False,False,False,False,False,False,-37.07483034572153,noise,76.00322435573894,False,False,False,False,,Other Consumer Services,Education,17.49878817256423,False,False
DUGLOBAL.NS,2026-09-29,20.149999618530273,21.47500006357829,23.598611036936443,24.529999961853026,32.667333399454755,32.256250076293945,21.05519219888409,18.5,49.0,False,True,False,False,False,False,False,False,False,-49.05183310433896,red,885.1674641148325,False,False,False,False,,Leisure Services,"Tour, Travel Related Services",8.240426563257392,False,False
DUCOL.NS,2026-09-29,120.0,125.01666641235352,114.75972175598145,112.96799942016601,113.76733301798502,121.95949981689454,123.02781572255569,90.0,209.5,False,False,False,False,True,True,False,False,False,-23.15081351873064,noise,35.97122302158273,False,False,False,False,,Chemicals & Petrochemicals,Dyes And Pigments,35.28841492971401,False,False
DUCON.NS,2026-09-30,1.3600000143051147,1.460833340883255,1.952854381667243,2.258055157661438,2.92161838054657,3.072013784646988,1.4974032388814025,1.149999976158142,5.769999980926514,False,False,False,False,False,False,False,False,False,-75.22768540975513,red,169.776050616612,False,False,False,False,,Industrial Manufacturing,Industrial Products,1.0179350460494425,False,False
DURLAX.NS,2026-09-29,68.25,61.645833333333336,62.61944431728787,60.06099983215332,53.26233322143555,50.252746925354,63.56160189250738,30.549999237060547,72.0,True,True,True,True,True,True,True,True,False,65.2542403408954,green,179.95240928019035,False,False,True,False,,Consumer Durables,"Furniture, Home Furnishing",91.66262724188076,True,True
DWARKESH.NS,2026-09-30,42.65999984741211,42.00166702270508,46.339166747199165,44.696669311523436,43.738528391520184,41.7747762298584,42.9508521816811,32.045448076776864,59.900001525878906,False,True,True,True,False,True,False,False,False,5.092281084510897,noise,32.69160943691918,False,False,False,False,,Agricultural Food & other Products,Sugar,67.18371303926321,False,False
DSSL.NS,2026-09-30,983.2000122070312,1015.9583384195963,1068.7623528374565,1112.8951708984375,1173.3788618977865,1121.8347171020507,1012.1488512468229,780.6596368203953,1923.9611771253476,False,True,True,False,False,False,False,False,False,15.836853951749298,noise,77.59585512224302,False,False,False,False,,IT - Services,IT Enabled Services,75.56955889481338,True,False
DYNAMATECH.NS,2026-09-30,13611.0,12566.083333333334,11882.042805989584,11543.5406640625,10844.519791666668,10414.031533203124,12799.867805808095,6707.758682611189,13650.0,True,True,True,True,True,True,True,True,False,101.69796210394946,ppv,238.18198245987313,False,False,True,False,,Industrial Manufacturing,Industrial Products,95.44352884149298,True,True
DYCL.NS,2026-09-30,437.1499938964844,449.1708348592122,461.9430575900608,445.97900146484375,368.5147663370768,354.33164451599123,449.29406695182394,236.47180790832357,560.0,True,True,True,True,False,True,True,False,False,13.10081991107024,noise,25.326937969083545,False,False,False,False,,Industrial Products,Cables - Electricals,74.16383906931652,True,False
DYNAMIC.NS,2026-09-29,139.3000030517578,140.78333282470703,140.32777701483832,140.56799987792968,136.98433314005533,134.47899982452392,141.70250767149773,84.69999694824219,183.89999389648438,True,True,True,True,False,True,True,False,False,14.839241176539408,dry,4.163197335553705,False,False,False,False,,Commercial Services & Supplies,Diversified Commercial Services,75.2302472127969,True,False
DYNPRO.NS,2026-09-30,223.5800018310547,228.72833379109701,230.85284593370227,236.77173126220703,231.76758646647136,233.2778427886963,227.74524038907555,189.5926529786635,364.6776848747795,False,False,False,True,False,False,False,False,False,-34.295874720133234,noise,35.70276640615308,False,False,False,False,,Chemicals & Petrochemicals,Specialty Chemicals,20.50412021328163,False,False
EFACTOR.NS,2026-09-29,190.35000610351562,165.55458450317383,180.30051549275717,177.63005920410157,191.58603108723958,217.37818237304688,170.84276537429128,148.87500202644688,345.38999009201893,False,False,False,False,True,False,False,True,False,-27.654313341095193,green,231.30300693909024,False,False,False,False,,Other Consumer Services,Other Consumer Services,29.617062530295684,False,False
E2E.NS,2026-09-30,650.5,620.9708404541016,621.9541676839193,601.6270037841797,418.7341346232096,370.23705101013184,632.3355411218533,183.36000061035156,698.0,True,True,True,True,True,True,True,True,False,103.008462025648,noise,38.95481975546489,False,False,False,False,,IT - Services,IT Enabled Services,95.54047503635482,True,True
EASTWEST.NS,2026-09-30,,,,,,,,,,False,False,False,False,False,False,False,False,False,,noise,,False,False,False,False,,Transport Services,Logistics Solution Provider,,False,False
EASEMYTRIP.NS,2026-09-30,5.860000133514404,5.849166711171468,6.0,6.1808000087738035,7.025866645177206,7.099999992847443,5.87919576520338,5.710000038146973,10.600000381469727,False,False,False,False,False,False,False,False,False,-26.841448613386156,noise,53.70628646106934,False,False,False,False,,Leisure Services,"Tour, Travel Related Services",30.828889966068836,False,False
EBIX.NS,2026-09-30,,,,,,,,,,False,False,False,False,False,False,False,False,False,,noise,,False,False,False,True,,Automobiles,2/3 Wheelers,,False,False
ECLERX.NS,2026-09-30,1819.9000244140625,1890.7333170572917,1894.3491550021702,1886.2038500976562,1639.4722721354167,1772.5107214355469,1864.1409061257693,1319.2685842580436,2496.1160957516863,True,False,False,True,False,True,False,False,False,-9.310505692098147,noise,80.06635043716201,False,False,False,False,,Commercial Services & Supplies,Business Process Outsourcing (BPO)/ Knowledge Process Outsourcing (KPO),52.93262239457101,False,False
ECORECO.NS,2026-09-30,,,,,,,,,,False,False,False,False,False,False,False,False,False,,noise,,False,False,False,True,,Other Utilities,Waste Management,,False,False
ECOSMOBLTY.NS,2026-09-30,104.7300033569336,107.40000089009602,111.92087639702692,116.64751388549804,125.66843658447266,141.010474319458,107.32721579952297,101.82549140363518,255.93524062586852,False,False,False,False,False,False,False,False,False,-56.311879328975124,noise,52.002997755804174,False,False,False,False,,Transport Services,Road Transport,4.992729035385361,False,False
EDELWEISS.NS,2026-09-30,142.72999572753906,136.10249964396158,130.02348391215006,126.05235473632813,117.89249369303386,115.86496105194092,137.5803463794866,96.92496747850444,146.0,True,True,True,True,True,True,True,True,False,34.39473717104984,green,158.977168431373,False,False,True,False,,Finance,Holding Company,83.37372758119244,True,True
EDUCOMP.NS,2026-09-29,0.8999999761581421,0.8841666628917059,0.8952777749962277,0.8987999999523163,0.9453333361943563,0.9817500042915345,0.8836657008467497,0.8199999928474426,1.5800000429153442,False,False,False,False,True,False,False,True,False,-41.176471046556294,dry,0.0,False,False,False,False,,Other Consumer Services,Education,13.62094037809016,False,False
EFCIL.NS,2026-09-30,172.2100067138672,178.29083379109701,187.1238890753852,188.39940032958984,192.05026204427082,212.97994636535645,178.07244883881418,171.4199981689453,335.8500061035156,False,False,False,False,False,False,False,False,False,-43.491384179206825,noise,66.39145955269764,False,False,False,True,,Commercial Services & Supplies,Diversified Commercial Services,11.827435773145904,False,False
EFFWA.NS,2026-09-29,358.8500061035156,359.71441141764325,351.8650902642144,357.99760192871094,299.33906819661456,278.91231971740723,358.1237978712418,164.5373650505127,398.82860353310247,True,True,True,True,True,True,True,True,False,60.47224334284233,noise,55.77109602327837,False,False,False,False,,Other Utilities,Waste Management,90.74163839069317,True,True
EICHERMOT.NS,2026-09-30,7150.0,7384.375,7725.041666666667,7760.641728515625,7360.472164713542,7355.138024902344,7338.377358963179,6375.239328850012,8165.0,False,True,True,True,False,False,True,False,False,3.1314544315635073,noise,97.0059143389462,False,False,False,False,,Automobiles,2/3 Wheelers,65.68104701890451,False,False
EIDPARRY.NS,2026-09-30,685.9000244140625,699.1958363850912,754.0638885498047,762.1209997558594,780.1346675618489,823.0250009155274,702.3679392729541,681.0,1118.0,False,False,False,False,False,False,False,False,False,-32.276853013324626,noise,84.99289629787113,False,False,False,True,,Food Products,Other Food Products,23.654871546291808,False,False
EIHOTEL.NS,2026-09-30,301.1000061035156,299.78333282470703,296.5569432576497,303.77486022949216,311.6372782389323,319.0216569519043,299.0298098489966,269.9251049923642,412.08004369538395,False,False,False,False,False,False,False,True,False,-15.958222575281333,red,338.6992131398437,False,True,False,False,,Leisure Services,Hotels & Resorts,44.25593795443529,False,False
EIHAHOTELS.NS,2026-09-30,297.1499938964844,293.6374994913737,295.6875008477105,299.2211474609375,307.7085268147786,315.8920422363281,294.02130503389225,263.7054340426054,398.99480218003293,False,False,False,False,False,False,False,True,False,-19.46717052354551,green,101.34647685656854,False,False,False,False,,Leisure Services,Hotels & Resorts,40.18419777023752,False,False
EIMCOELECO.NS,2026-09-30,2269.199951171875,2273.2833251953125,2200.999996609158,2091.2719995117186,1783.7410709635417,1740.2085833740234,2275.3452642205057,1401.8188379398755,2373.76648551747,True,True,True,True,True,True,True,False,False,25.664672674556567,noise,42.592121893725995,False,False,False,False,,Industrial Manufacturing,Industrial Products,80.22297624818225,True,True
EKI.NS,2026-09-30,,,,,,,,,,False,False,False,False,False,False,False,False,False,,noise,,False,False,False,False,,Commercial Services & Supplies,Consulting Services,,False,False
ELANTAS.NS,2026-09-30,,,,,,,,,,False,False,False,False,False,False,False,False,False,,noise,27.096412133496944,False,False,False,False,,Chemicals & Petrochemicals,Specialty Chemicals,,False,False
ELCIDIN.NS,2026-09-30,,,,,,,,,,False,False,False,False,False,False,False,False,False,,dry,16.5016501650165,False,True,False,False,,Finance,Investment Company,,False,False
ELDEHSG.NS,2026-09-30,751.0499877929688,767.9833323160807,777.863284640842,773.5346276855469,795.4339526367188,823.4830160522461,763.6838575604211,693.4582614508922,1032.057271480256,False,False,False,False,False,False,False,False,False,-4.552014260570337,dry,15.90128775117591,False,True,False,False,,Realty,"Residential, Commercial Projects",57.537566650508964,False,False
ELECON.NS,2026-09-30,461.79998779296875,441.4625015258789,433.33055708143445,432.17500061035156,460.721284383138,455.37734588623044,453.5713445463974,351.0001816860465,623.6463522815318,True,True,False,False,True,True,False,True,False,-18.37597321967013,noise,61.902073621749366,False,False,False,False,,Electrical Equipment,Heavy Electrical Equipment,41.39602520601066,False,False
EFORCE.NS,2026-09-29,18.5,18.75416644414266,19.96388891008165,20.34300003051758,22.712333386739093,25.171750087738037,18.74609064518676,16.149999618530273,47.0,False,False,False,False,False,False,False,False,False,-53.16455696202531,noise,94.5945945945946,False,False,False,False,,Electrical Equipment,Other Electrical Equipment,6.64081434803684,False,False
EMIL.NS,2026-09-30,205.36000061035156,191.82416788736978,187.0094460381402,174.56300140380858,132.57206715901694,124.17350032806397,193.87975574872928,84.9000015258789,208.97999572753906,True,True,True,True,True,True,True,True,False,46.226144289644935,ppv,181.10199264018584,False,False,True,False,,Retailing,Diversified Retail,87.10615608337373,True,True
ELECTCAST.NS,2026-09-30,74.37000274658203,73.82416598002116,76.25197834438748,74.7932049560547,76.14399594624837,75.25465642929078,74.39435464055235,59.40690087106614,97.77694428392327,False,True,True,False,False,False,True,False,False,-19.54238870786702,red,125.1784084006106,False,True,False,False,,Industrial Products,Iron & Steel Products,39.94183228308289,False,False
ELECTHERM.NS,2026-09-30,774.25,881.3083343505859,962.6180572509766,976.215,890.7843322753906,874.8714987182617,855.1416569422794,551.0,1277.0,False,True,False,True,False,True,False,False,False,-24.49655888956901,noise,38.77577100762736,False,False,False,False,,Industrial Products,Iron & Steel Products,33.54338342220068,False,False
ELGIEQUIP.NS,2026-09-30,608.8499755859375,604.7999928792318,615.0541619194878,605.23099609375,567.7099820963541,543.338950958252,606.0745697805677,406.3547440834414,653.4000244140625,True,True,True,True,True,True,True,True,False,26.853931205438776,noise,59.6046627895777,False,False,False,False,,Industrial Products,"Compressors, Pumps & Diesel Engines",80.61076102762966,True,True
ELGIRUBCO.NS,2026-09-30,53.41999816894531,57.048333485921226,58.488888846503365,58.61899993896484,51.62240010579427,49.38825008392334,55.869513466450314,32.720001220703125,70.0,True,True,False,True,False,True,True,False,False,-17.92901955066157,noise,32.89989033369889,False,False,False,False,,Industrial Products,Rubber,41.78380998545807,False,False
ELIN.NS,2026-09-30,86.30000305175781,88.55166625976562,94.99250009324815,96.51360000610352,108.03320002237956,119.5429497909546,88.67610441780306,83.97000122070312,222.99000549316406,False,False,False,False,False,False,False,False,False,-57.46882780827964,noise,28.229057339915048,False,False,False,True,,Consumer Durables,Household Appliances,4.556471158507028,False,False
ELITECON.NS,2026-09-30,,,,,,,,,,False,False,False,False,False,False,False,False,False,,noise,,False,False,False,False,,Cigarettes & Tobacco Products,Cigarettes & Tobacco Products,,False,False
ELLEN.NS,2026-09-30,356.8999938964844,365.6000010172526,343.4736107720269,325.46100036621095,278.3515340169271,280.68590019226076,362.8291339080769,175.0,502.0,True,False,False,True,True,True,False,False,False,-25.529474408662622,red,210.29311399758276,False,False,False,False,,Chemicals & Petrochemicals,Industrial Gases,32.47697527872031,False,False
ELPROINTL.NS,2026-09-30,,,,,,,,,,False,False,False,False,False,False,False,False,False,,dry,5.907362832654714,False,False,False,False,,Realty,"Residential, Commercial Projects",,False,False
EMAMILTD.NS,2026-09-30,379.04998779296875,381.51666768391925,383.7472220526801,390.05999938964845,410.50466695149737,432.88564590454104,382.32534479841127,361.1499938964844,556.4864810389029,False,False,False,False,False,False,False,False,False,-28.183589257665442,red,124.73756810979265,False,False,False,False,,Personal Products,Personal Care,28.74454677653902,False,False
EMAMIPAP.NS,2026-09-30,119.55999755859375,115.01916631062825,113.76056755913629,112.53365951538086,89.12480196634928,87.66028108596802,116.2720383795762,53.53796318085757,130.1459177836226,True,True,True,True,True,True,True,True,False,24.974554057008014,ppv,24.953940991399023,False,False,False,False,,"Paper, Forest & Jute Products",Paper & Paper Products,79.738245273873,True,True
EMAMIREAL.NS,2026-09-30,67.43000030517578,67.69333330790202,69.64138878716363,71.95800003051758,76.53286682128906,76.35710006713867,67.84313905499376,48.20000076293945,115.30000305175781,False,True,False,False,False,True,False,False,False,-38.52115233628991,noise,45.61634848356902,False,False,False,False,,Realty,"Residential, Commercial Projects",16.674745516238488,False,False
EMBDL.NS,2026-09-30,58.5099983215332,56.98083337148031,59.42166656917996,60.149199905395506,58.23053319295247,59.635949802398684,57.52803713243756,39.459999084472656,99.20999908447266,False,False,False,True,False,True,False,True,False,-36.56077611198029,noise,77.521235158532,False,False,False,False,,Realty,"Residential, Commercial Projects",17.983519146873487,False,False
EMBASSY.NS,2026-09-29,437.7099914550781,439.0699996948242,439.1197238498264,438.1457501220703,427.6246130371094,425.6090043640137,438.60142967919506,386.4937008369765,453.25,True,True,True,True,False,False,True,False,False,12.198028699559838,ppv,265.83998690650446,False,False,False,False,,Realty,Real Estate Investment Trusts (REITs),73.5336888027145,True,False
EMCURE.NS,2026-09-30,1943.0,1961.4250081380208,1920.8408643934463,1925.1111279296874,1757.554931640625,1685.8526220703125,1953.2340116442215,1257.554251234414,2100.699951171875,True,True,True,True,True,True,True,False,False,52.103976563245816,noise,42.21999083661557,False,False,False,False,,Pharmaceuticals & Biotechnology,Pharmaceuticals,88.70576829859428,True,True
EMKAY.NS,2026-09-30,278.20001220703125,263.67916742960614,253.21333397759332,249.2889260864258,241.89908498128256,246.66224922180174,270.86679559354656,184.84590656704063,368.59865120529594,True,False,False,True,True,True,True,True,False,-13.735491572561887,noise,98.63791563153966,False,False,False,False,,Capital Markets,Stockbroking & Allied,47.115850702859916,False,False
EMKAYTOOLS.NS,2026-09-29,92.80000305175781,94.35833358764648,93.59722264607747,93.09300048828125,97.78966705322266,100.44975017547607,94.21510797876665,83.0999984741211,157.9499969482422,False,False,False,False,False,False,False,False,False,-40.645986933753534,red,115.08951406649616,False,False,False,False,,Industrial Manufacturing,Industrial Products,14.251090644692196,False,False
EMMBI.NS,2026-09-30,89.73999786376953,88.8433329264323,87.09193272060818,86.91437774658203,85.59363952636718,87.98406246185303,88.95085035029595,60.09986615645919,116.51201296054528,True,False,False,False,True,True,True,True,False,-11.899379968645274,noise,65.1780858514059,False,False,False,False,,Industrial Products,Packaging,49.63645176926806,False,False
EMMVEE.NS,2026-09-30,,,,,,,,,,False,False,False,False,False,False,False,False,False,,noise,63.368206690428764,False,True,False,False,,Electrical Equipment,Other Electrical Equipment,,False,False
EMPIND.NS,2026-09-30,,,,,,,,,,False,False,False,False,False,False,False,False,False,,noise,,False,False,False,False,,Diversified,Diversified,,False,False
EMPOWER.NS,2026-09-30,,,,,,,,,,False,False,False,False,False,False,False,False,False,,noise,,False,False,False,True,,IT - Software,Computers - Software & Consulting,,False,False
EMSLIMITED.NS,2026-09-30,337.20001220703125,357.4558639526367,372.68070644802515,380.3571875,353.1280977376302,358.3847994995117,353.2780785101751,254.99628376774848,574.5259705200776,False,False,False,True,False,True,False,False,False,-37.67837409907684,noise,24.340348140007826,False,False,False,False,,Other Utilities,Waste Management,17.159476490547746,False,False
EMUDHRA.NS,2026-09-30,596.5,634.7291666666666,564.2888861762153,543.5249981689453,484.1962414550781,497.6623406982422,621.8150002018533,363.55785109080136,689.0197024138545,True,False,False,True,True,True,True,False,False,-10.110038001354638,noise,68.77875645368033,False,False,False,False,,IT - Services,IT Enabled Services,52.060106640814354,False,False
ENDURANCE.NS,2026-09-30,2656.5,2675.5249837239585,2811.4972127278647,2810.9104150390626,2611.880621744792,2588.4596435546873,2679.8892648100605,2134.0128277243602,3072.0,True,True,False,True,False,False,True,False,False,-2.839697999195112,green,111.15532909196328,False,False,False,False,,Auto Components,Auto Components & Equipments,59.57343674260785,False,False
ENERGYDEV.NS,2026-09-30,14.390000343322754,14.62416672706604,15.509722259309557,15.877400035858154,16.202199986775717,16.741899995803834,14.737186851072037,13.149999618530273,29.690000534057617,False,False,False,False,False,False,False,False,False,-27.35991554132934,red,120.65021939966482,False,False,False,False,,Power,Power Generation,29.90790111488124,False,False
EMMIL.NS,2026-09-29,133.35000610351562,121.76666831970215,122.3416673872206,122.32800033569336,133.04800003051758,142.44599987030028,124.70072696035437,110.0,207.0,False,False,False,False,True,False,False,True,False,-26.528922257016184,noise,54.47655139744197,False,True,False,False,,Industrial Manufacturing,Industrial Products,31.216674745516237,False,False
ENFUSE.NS,2026-09-29,148.60000610351562,148.83750025431314,157.13749991522894,159.43099975585938,172.5623332722982,182.8549998474121,149.37619877642067,138.0,260.0,False,False,False,False,False,False,False,False,False,-26.143136999280216,noise,39.682539682539684,False,True,False,False,,IT - Services,IT Enabled Services,31.41056713523994,False,False
ENGINERSIN.NS,2026-09-30,309.6000061035156,289.77515920003253,267.48799472384985,256.7490237426758,236.83118072509765,225.28730888366698,298.5951029385146,161.02693362262252,321.3999938964844,True,True,True,True,True,True,True,True,False,63.693981959084134,noise,62.154962148289314,False,True,False,False,,Construction,Civil Construction,91.22636936500243,True,True
ENKEIWHEL.NS,2026-09-30,,,,,,,,,,False,False,False,False,False,False,False,False,False,,noise,,False,True,False,False,,Auto Components,Auto Components & Equipments,,False,False
ENSER.NS,2026-09-29,15.0,14.858333269755045,14.894444439146254,14.708999977111816,14.462666651407877,14.543249979019166,14.98497155866685,7.800000190734863,23.149999618530273,True,False,False,True,True,True,False,True,False,-31.192658142392858,noise,46.38218923933209,False,False,False,False,,IT - Services,IT Enabled Services,24.91517207949588,False,False
ENIL.NS,2026-09-30,95.58999633789062,98.58408673604329,99.35545349121094,100.70280288696289,105.44480041503907,106.82781112670898,97.79846255298624,95.05000305175781,160.6496293153436,False,False,False,False,False,False,False,False,False,-38.107489449173606,noise,38.66110976372525,False,False,False,False,,Entertainment,Media & Entertainment,16.917111003393117,False,False
ENTERO.NS,2026-09-30,1708.9000244140625,1779.2083435058594,1687.1888970269097,1563.12400390625,1302.6253393554687,1252.6155041503907,1779.7595116872822,944.0,1920.0,True,True,True,True,True,True,True,False,False,57.76404186182478,noise,25.61311123445675,False,False,False,False,,Retailing,Pharmacy Retail,90.2569074163839,True,True
EIEL.NS,2026-09-30,189.6199951171875,197.8575007120768,198.7999996609158,204.0593997192383,196.8553998819987,193.63214981079102,196.54293535410687,134.7100067138672,257.6600036621094,False,True,False,True,False,True,False,False,False,-22.00559438733626,noise,38.42724158541814,False,False,False,False,,Other Utilities,Water Supply & Management,36.64566165777993,False,False
EPACK.NS,2026-09-30,175.35000610351562,179.45333353678384,191.19416681925455,202.2704006958008,227.46740041097004,236.1930502319336,179.72772980528487,174.00999450683594,360.0,False,False,False,False,False,False,False,False,False,-49.47413563716362,noise,49.25165333365562,False,False,False,True,,Consumer Durables,Household Appliances,8.14348036839554,False,False
EPACKPEB.NS,2026-09-30,,,,,,,,,,False,False,False,False,False,False,False,False,False,,dry,13.927017745662226,False,True,False,False,,Industrial Manufacturing,Industrial Products,,False,False
EPIGRAL.NS,2026-09-30,1012.5,1074.0499979654949,1135.9194437662761,1133.1919970703125,1097.478944905599,1105.3075143432618,1064.7946614030566,803.5241978088796,1763.3722656687764,False,False,False,True,False,False,False,False,False,-40.23978871237798,noise,49.09956832525836,False,False,False,False,,Chemicals & Petrochemicals,Specialty Chemicals,14.735821619001454,False,False
EPL.NS,2026-09-30,237.0,236.42916615804037,245.22333441840277,241.17180053710936,227.31006663004558,223.14289993286133,237.13353291003963,176.39999389648438,274.0299987792969,True,True,True,True,False,True,True,False,False,14.430384372431092,noise,59.49620528433782,False,False,False,False,,Industrial Products,Packaging,75.0363548230732,True,False
EQUIPPP.NS,2026-09-30,22.649999618530273,23.231666564941406,22.979166560702854,23.086199951171874,19.718733317057293,19.797049989700316,22.88968909723166,13.850000381469727,25.889999389648438,True,False,True,True,False,True,True,False,False,7.498813225394474,dry,6.681938775797493,False,False,False,False,,IT - Software,Computers - Software & Consulting,69.31652932622394,False,False
EQUITASBNK.NS,2026-09-30,68.93000030517578,70.66166559855144,73.05583254496257,73.82599914550781,70.18953305562337,69.16489980697632,69.64139188702056,51.25,83.9000015258789,False,True,True,True,False,True,True,False,False,20.54914294733996,noise,76.24004145275353,False,False,False,False,,Banks,Other Bank,77.55695588948134,True,False
ERIS.NS,2026-09-30,1191.9000244140625,1271.8916727701824,1310.8444417317708,1332.3519970703126,1361.5571175130208,1384.4822082519531,1255.2824636975288,1180.0999755859375,1730.7126256991257,False,False,False,False,False,False,False,False,False,-24.42156718635501,red,105.03873042193992,False,True,False,True,,Pharmaceuticals & Biotechnology,Pharmaceuticals,33.591856519631605,False,False
ESABINDIA.NS,2026-09-30,5530.0,5592.125,5928.111111111111,5850.06,5845.68826171875,5821.678671875,5592.481782904126,4646.750780288195,7287.879453826482,False,True,False,True,False,False,True,False,False,12.240119710214703,dry,17.549135928137776,False,False,False,False,,Industrial Products,Other Industrial Products,73.58216190014542,True,False
ESAFSFB.NS,2026-09-30,44.52000045776367,40.90166632334391,41.41611078050401,40.849799728393556,32.3501332728068,31.104749927520754,42.16340120855757,19.780000686645508,46.0,True,True,True,True,True,True,True,True,False,55.77327003712122,noise,28.83125819363663,False,False,False,False,,Banks,Other Bank,89.77217644207465,True,True
ESCONET.NS,2026-09-29,223.89999389648438,219.85833231608072,209.50694444444446,187.85100021362305,145.27233322143556,141.00249996185303,218.44575608874072,91.25,280.0,True,True,True,True,True,True,True,True,False,-2.3549974197141776,noise,86.80555555555556,False,False,False,False,,IT - Hardware,Computers Hardware & Equipments,60.3974793989336,False,False
ESCORTS.NS,2026-09-30,2715.199951171875,2794.2166544596353,2950.1888834635415,2975.5080029296873,2989.603984375,3139.987872314453,2787.7596553248127,2669.79033448854,3923.3920175282797,False,False,False,False,False,False,False,False,False,-19.927646263710773,noise,49.61689710557453,False,False,False,False,,"Agricultural, Commercial & Construction Vehicles",Tractors,39.45710130877363,False,False
ESDS.NS,2026-09-30,,,,,,,,,,False,False,False,False,False,False,False,False,False,,noise,,False,False,False,False,,IT - Services,IT Enabled Services,,False,False
EASTSILK.NS,2026-09-30,73.80999755859375,67.3075008392334,63.954444567362465,62.388200225830076,59.7824668375651,63.26790029525757,69.26748126825356,43.029998779296875,99.25,True,False,False,False,True,True,False,True,False,71.53148885076457,noise,62.484557666549634,False,False,False,False,,Textiles & Apparels,Other Textile Products,92.82598158022297,True,False
ESSARSHPNG.NS,2026-09-30,18.889999389648438,16.295833349227905,16.710833311080933,17.662000064849853,22.007199993133543,23.217399964332582,16.69573348444948,15.430000305175781,43.2599983215332,False,False,False,False,True,False,False,True,False,-32.94284934864078,ppv,1745.0034438446166,False,False,False,False,,Transport Services,Shipping,22.879301987396993,False,False
ESFL.NS,2026-09-29,113.75,121.99583307902019,122.97222243414984,122.93200027465821,125.69000005086264,133.33975009918214,120.23507825152332,108.30000305175781,310.0,False,False,False,False,False,False,False,False,False,-62.66819972336874,red,102.68231349538976,False,False,False,False,,Consumer Durables,Plastic Products - Consumer,2.8114396509936985,False,False
ESTER.NS,2026-09-30,101.22000122070312,87.81897608439128,92.36318079630534,91.3656021118164,91.56393885294597,93.33525360107421,89.41571601199256,68.35128418097887,132.06603893992553,True,False,False,False,True,True,True,True,False,-5.892024905249071,ppv,1566.6146054738715,True,False,False,False,,Industrial Products,Packaging,56.568104701890455,False,False
ETERNAL.NS,2026-09-30,320.0,329.2750015258789,325.44861094156903,320.1020001220703,274.67473378499346,276.2538005065918,329.1235305323092,212.60000610351562,368.45001220703125,True,False,True,True,False,True,True,False,False,-1.6897081413210446,noise,94.78725316229267,False,False,False,False,,Retailing,E-Retail/ E-Commerce,61.12457586039748,False,False
ETHOSLTD.NS,2026-09-30,2537.199951171875,2589.175008138021,2742.9166666666665,2727.902001953125,2502.635997721354,2555.909996337891,2579.8461833797596,1919.4000244140625,3245.89990234375,False,False,False,True,False,True,True,False,False,-0.828641024902077,noise,24.437296298227377,False,False,False,False,,Consumer Durables,"Gems, Jewellery And Watches",61.754726126999515,False,False
EUREKAFORB.NS,2026-09-30,361.0,377.5208333333333,406.6027789645725,419.02600036621095,451.7066670735677,479.7365005493164,373.6701186538779,350.0,668.2999877929688,False,False,False,False,False,False,False,False,False,-36.661111980313684,red,174.0510292490939,False,False,False,True,,Consumer Durables,Household Appliances,17.935046049442562,False,False
EIFFL.NS,2026-09-30,273.20001220703125,268.0166702270508,273.36527972751196,280.95000213623047,266.3461338297526,262.80075035095217,270.8519265461767,204.97999572753906,381.9599914550781,True,True,True,True,False,True,False,True,False,20.087917453640113,dry,19.459988694544442,False,True,False,False,,Food Products,Packaged Foods,77.36306349975763,True,False
EUROBOND.NS,2026-09-30,146.25,149.53749974568686,152.8500001695421,155.21640045166015,164.28826690673827,167.57690002441407,149.23151931533525,126.30000305175781,225.88999938964844,False,False,False,False,False,False,False,False,False,-30.801989223331628,dry,19.006482278964647,False,False,False,False,,Industrial Products,"Aluminium, Copper & Zinc Products",25.545322346097915,False,False
EUROPRATIK.NS,2026-09-30,192.3000030517578,219.60833231608072,249.32777701483832,265.97199981689454,263.1111610921224,264.51284400939943,214.223015734571,190.10000610351562,389.6640172803993,False,False,False,True,False,False,False,False,False,-16.308295807038363,red,336.96823208247815,False,False,False,True,,Consumer Durables,"Furniture, Home Furnishing",43.67426078526418,False,False
EUROTEXIND.NS,2026-09-30,14.300000190734863,12.351666688919067,13.332499927944607,13.200999946594239,14.48513329188029,14.298999972343445,12.79418302473088,11.069999694824219,23.799999237060547,False,True,False,False,True,False,False,True,False,-10.569103218099174,green,467.8638941398866,True,False,False,False,,Textiles & Apparels,Other Textile Products,51.18759088705769,False,False
EVEREADY.NS,2026-09-30,323.20001220703125,327.25833384195965,339.2138892279731,342.5107482910156,329.8643251546224,329.1964344787598,326.5586650097034,257.824829433197,395.00369854790586,False,True,False,True,False,False,True,False,False,-17.597982069775885,noise,33.497491116195974,False,False,False,False,,Household Products,Household Products,42.12312166747455,False,False
EVERESTIND.NS,2026-09-30,455.6000061035156,423.6416651407878,430.5763880411784,446.22646484375,411.1303670247396,422.5697346496582,431.58377083583986,284.35655660621893,735.7938478339713,True,False,False,True,True,True,False,True,False,-36.064053714568125,green,158.42142723602169,False,False,False,False,,Other Construction Materials,Other Construction Materials,18.322830828889966,False,False
EKC.NS,2026-09-30,108.9000015258789,104.79508209228516,106.55273098415799,107.19111434936524,110.84141957600912,111.69359523773193,106.81985418490221,89.62456764105902,153.47897281057305,False,False,False,False,True,False,False,True,False,-23.282538221296434,noise,29.498847144586616,False,False,False,False,,Industrial Manufacturing,Industrial Products,35.19146873485216,False,False
EXCELINDUS.NS,2026-09-30,945.2000122070312,949.0096333821615,994.145033094618,991.9037438964843,938.1214632161458,933.9757473754883,947.852154713267,788.6714884739197,1192.7911350346692,True,True,False,True,False,False,True,False,False,-16.404814032016326,ppv,97.76078451988501,False,False,False,False,,Chemicals & Petrochemicals,Specialty Chemicals,43.528841492971395,False,False
EXCELSOFT.NS,2026-09-30,,,,,,,,,,False,False,False,False,False,False,False,False,False,,noise,44.40481433415149,False,False,False,False,,IT - Services,IT Enabled Services,,False,False
EXICOM.NS,2026-09-30,152.11000061035156,161.06999969482422,163.2530551486545,162.40359924316405,139.39193272908528,131.0899494934082,160.04244013417969,75.5999984741211,189.1699981689453,True,True,True,True,False,True,True,False,False,5.419646328980954,noise,35.97567239799437,False,False,False,False,,Electrical Equipment,Heavy Electrical Equipment,67.47455162384877,False,False
EXIDEIND.NS,2026-09-30,412.6000061035156,420.9041697184245,436.2763900756836,441.6060009765625,385.959057820638,375.35496978759767,418.5935213839632,285.6312149356571,496.3999938964844,True,True,True,True,False,True,True,False,False,6.097819749306099,noise,72.9146487456441,False,False,False,False,,Auto Components,Auto Components & Equipments,67.95928259815803,False,False
EXPLEOSOL.NS,2026-09-30,857.8499755859375,874.7124938964844,876.5708312988281,851.1704345703125,756.1663167317708,771.4068112182617,871.4334316125546,562.3472069034166,1032.5221988494377,True,False,False,True,True,True,True,False,False,0.5569871368030777,dry,2.547589923876184,False,False,False,False,,IT - Services,IT Enabled Services,63.35433834222006,False,False
EXXARO.NS,2026-09-30,6.070000171661377,6.215000033378601,6.325277792082892,6.308600006103515,6.623400020599365,6.854900012016296,6.196578916846964,5.989999771118164,10.329999923706055,False,False,False,False,False,False,False,False,False,-25.794621696766086,dry,14.95743305959468,False,False,False,False,,Consumer Durables,Ceramics,32.0891904992729,False,False
FACT.NS,2026-09-30,757.9500122070312,771.9000040690104,794.5722232394749,803.9310009765625,838.1643326822916,836.9702499389648,772.5600027963185,652.0999755859375,1058.5999755859375,False,True,False,False,False,False,False,False,False,-15.113675497499058,dry,11.473655519028476,False,True,False,False,,Fertilizers & Agrochemicals,Fertilizers,45.07998061076103,False,False
FABTECH.NS,2026-09-30,,,,,,,,,,False,False,False,False,False,False,False,False,False,,noise,54.02495898541909,False,False,False,False,,Healthcare Services,"Healthcare Research, Analytics & Technology",,False,False
FAIRCHEMOR.NS,2026-09-30,680.75,645.6625010172526,662.062501695421,697.23,626.8506968180338,637.9408909606933,659.0961494677872,427.4421185708667,846.7999877929688,True,False,False,True,False,True,True,True,False,-13.31153596810093,noise,33.603686173084405,False,False,False,False,,Chemicals & Petrochemicals,Specialty Chemicals,47.649054774600096,False,False
FALCONTECH.NS,2026-09-29,12.850000381469727,12.795833349227905,12.593055539660984,12.297999973297118,12.917157389322917,13.46511803150177,12.755763525843111,9.934853553771973,20.299999237060547,False,False,False,False,True,False,False,True,False,-34.43877483993112,green,114.50381679389312,False,False,False,False,,Commercial Services & Supplies,Diversified Commercial Services,20.261754726127,False,False
FAZE3Q.NS,2026-09-30,442.1499938964844,436.38333384195965,477.0027770996094,497.1130004882813,497.96633382161457,485.33500030517575,438.08901163918404,322.1000061035156,650.0499877929688,False,True,False,False,False,True,False,True,False,-3.291779945038986,ppv,1114.8134123346506,False,False,False,False,,Textiles & Apparels,Other Textile Products,59.04023267086767,False,False
FCSSOFT.NS,2026-09-30,1.399999976158142,1.3983333210150402,1.4366666707727644,1.4530000042915345,1.5345333329836528,1.5867000007629395,1.4000745718271357,1.0499999523162842,2.5299999713897705,False,False,False,False,False,True,False,False,False,-38.053098138678806,green,134.41887973555885,False,False,False,False,,IT - Services,IT Enabled Services,16.965584100824042,False,False
FDC.NS,2026-09-30,339.3999938964844,349.43333689371747,347.14444647894965,360.46800109863284,372.7516660563151,376.7439660644531,346.5944188620018,312.95001220703125,470.40150899268315,False,False,False,False,False,False,False,False,False,-23.334898373817005,noise,50.92487861739908,False,False,False,False,,Pharmaceuticals & Biotechnology,Pharmaceuticals,35.0945225399903,False,False
FEDFINA.NS,2026-09-30,150.9600067138672,152.00166702270508,155.13166766696506,154.08480041503907,149.28926661173503,149.18110004425048,152.06813608832806,119.06999969482422,178.47999572753906,True,True,True,True,False,False,True,False,False,-1.1265300264760136,noise,65.49485789390788,False,False,False,False,,Finance,Non Banking Financial Company (NBFC),61.560833737275814,False,False
FEDDERSHOL.NS,2026-09-30,,,,,,,,,,False,False,False,False,False,False,False,False,False,,noise,,False,True,False,False,,Finance,Non Banking Financial Company (NBFC),,False,False
FEDERALBNK.NS,2026-09-30,317.3999938964844,329.5583318074544,343.1106940375434,346.8566882324219,313.668286336263,303.73176017761233,326.9757995546656,189.91119115494013,370.4344787597656,True,True,True,True,False,True,True,False,False,65.07767634956194,red,108.40365386858981,False,False,False,False,,Banks,Private Sector Bank,91.46873485215706,True,False
FMGOETZE.NS,2026-09-30,445.6499938964844,453.4124984741211,452.3760011461046,439.80591796875,392.80135131835937,388.852850189209,457.41992337491394,303.1654117873281,542.9031499790809,True,True,True,True,True,True,True,False,False,0.9023688018847453,dry,16.607383545533057,False,False,False,False,,Auto Components,Auto Components & Equipments,63.887542413960254,False,False
FELIX.NS,2026-09-29,200.35000610351562,205.73333358764648,195.92083316379123,191.53000030517578,190.75200032552084,187.85625022888183,203.51656919963426,142.64999389648438,232.9499969482422,True,True,True,True,True,True,True,False,False,0.5520733267330602,dry,15.661707126076744,False,False,False,False,,Other Utilities,Water Supply & Management,63.30586524478914,False,False
FERMENTA.NS,2026-09-30,,,,,,,,,,False,False,False,False,False,False,False,False,False,,noise,,False,True,False,False,,Pharmaceuticals & Biotechnology,Pharmaceuticals,,False,False
FIBERWEB.NS,2026-09-30,27.40999984741211,26.400833288828533,26.690277841356064,27.56460006713867,31.733600018819175,33.23110001564026,26.628386558958958,25.06999969482422,46.95000076293945,False,False,False,False,False,False,False,True,False,-38.96682266635193,ppv,89.37978276635707,False,False,False,False,,Textiles & Apparels,Other Textile Products,16.28696073679108,False,False
FIDEL.NS,2026-09-29,168.0500030517578,163.9375,147.68888897365994,148.24600036621095,147.44922281901043,144.668384513855,164.97843921098632,106.57698530320386,197.18221289835253,True,True,False,True,True,True,True,True,False,-6.653083323882802,noise,64.93506493506493,False,False,False,False,,IT - Software,Computers - Software & Consulting,55.59864275327193,False,False
FIEMIND.NS,2026-09-30,1877.5999755859375,1920.3249918619792,2072.4805569118926,2166.316005859375,2163.94861328125,2181.167188720703,1927.9062934343633,1836.7512219513533,2674.800048828125,False,False,False,False,False,False,False,False,False,0.1601906763947225,noise,97.56416526676165,False,False,False,False,,Auto Components,Auto Components & Equipments,62.77266117304896,False,False
FILATFASH.NS,2026-09-30,0.18000000715255737,0.17750000581145287,0.1791666733721892,0.1794000068306923,0.19946666896343232,0.2257500023394823,0.1786434262499741,0.14000000059604645,0.5799999833106995,False,False,False,False,True,False,False,True,False,-66.66666666666667,noise,48.279505859146504,False,False,False,False,,Textiles & Apparels,Garments & Apparels,2.035870092098885,False,False
FILATEX.NS,2026-09-30,107.76000213623047,100.71416727701823,86.69510247972276,83.8604360961914,59.824849650065104,56.7508659362793,103.38717356861173,36.135550735753014,113.94000244140625,True,True,True,True,True,True,True,True,False,109.84110882268041,noise,41.168253924973534,False,False,False,False,,Textiles & Apparels,Other Textile Products,96.17062530295686,True,True
FINEORG.NS,2026-09-30,5124.5,5140.583333333333,5163.5916748046875,5088.291171875,4824.405885416667,4689.522818603516,5130.157070617791,3847.3028827011017,5394.804360638102,True,True,True,True,True,True,True,False,False,13.882139799842586,noise,81.74246652541683,False,False,False,False,,Chemicals & Petrochemicals,Specialty Chemicals,74.79398933591857,True,True
FCL.NS,2026-09-30,57.45000076293945,56.354166984558105,51.949675454033745,48.67431373596192,36.701400464375816,33.443781995773314,57.05913207016159,19.080274212500033,62.400001525878906,True,True,True,True,True,True,True,True,False,131.26641477446793,noise,84.12767973806271,False,False,False,False,,Chemicals & Petrochemicals,Specialty Chemicals,97.14008725157538,True,True
FINKURVE.NS,2026-09-30,,,,,,,,,,False,False,False,False,False,False,False,False,False,,noise,25.367378730271234,False,False,False,False,,Finance,Non Banking Financial Company (NBFC),,False,False
FINOPB.NS,2026-09-30,127.20999908447266,132.2841657002767,140.4227778116862,146.48240020751953,143.63893376668295,166.33140033721924,130.98373636446092,110.02999877929688,339.0,False,False,False,False,False,False,False,False,False,-52.69244999185706,noise,38.87764830727083,False,False,False,False,,Banks,Other Bank,6.786233640329617,False,False
FINCABLES.NS,2026-09-30,1450.300048828125,1423.5249938964844,1332.6812472873264,1241.7975219726563,1074.349786376953,997.1648959350586,1428.983673191422,695.8450204922062,1498.0,True,True,True,True,True,True,True,True,False,78.68094707598392,noise,32.28247724591359,False,False,False,False,,Industrial Products,Cables - Electricals,93.55307804168686,True,True
FINPIPE.NS,2026-09-30,151.47999572753906,152.76166661580405,155.11744732326932,156.84445861816405,165.70944986979165,167.5805037689209,152.68807977220106,144.957002251532,208.28850580010598,False,False,False,False,False,False,False,False,False,-25.957248287358336,noise,53.278924369290635,False,False,False,False,,Industrial Products,Plastic Products - Industrial,31.798351914687352,False,False
FSL.NS,2026-09-30,255.8000030517578,266.3958371480306,265.80138863457574,272.53160095214844,249.34606709798177,262.52683364868165,260.16219833402926,202.0,363.80970663815475,False,False,False,True,False,False,False,False,True,-20.503967615298613,ppv,172.04865445089436,False,False,False,False,,Commercial Services & Supplies,Business Process Outsourcing (BPO)/ Knowledge Process Outsourcing (KPO),38.73000484730974,False,False
FISCHER.NS,2026-09-30,33.54999923706055,33.699684143066406,35.700951682196724,36.34008209228516,36.857463404337565,37.7232904624939,33.97875615201043,31.00276680972438,121.51486899434445,False,False,False,False,False,False,False,False,False,-69.72872873224298,noise,20.932386204198053,False,True,False,False,,Healthcare Equipment & Supplies,Medical Equipment & Supplies,1.3087736306349975,False,False
FIVESTAR.NS,2026-09-30,516.8499755859375,528.2083333333334,530.2916649712456,535.0458374023438,481.2617793782552,485.603858795166,522.4173647209225,336.9270432139827,663.5913003653413,True,False,False,True,False,True,True,False,False,0.5672836238791001,noise,90.47223527200977,False,False,False,False,,Finance,Non Banking Financial Company (NBFC),63.45128453708192,False,False
FLAIR.NS,2026-09-30,229.32000732421875,236.18000030517578,243.36611302693686,245.79532623291016,279.204323832194,286.33851387023924,235.56716897827863,228.0,344.31560429688966,False,False,False,False,False,False,False,False,False,-23.704014923003,noise,59.2203110137113,False,False,False,True,,Household Products,Stationary,34.60979156568105,False,False
FOCUS.NS,2026-09-30,56.52000045776367,59.28249994913737,63.804444313049316,65.5692002105713,74.1471332804362,73.60274990081787,58.90800539274515,56.2599983215332,98.87000274658203,False,True,False,False,False,False,False,False,False,-38.67852709060065,noise,47.54886717739183,False,False,False,True,,Consumer Durables,Consumer Electronics,16.43238002908386,False,False
FONEBOX.NS,2026-09-29,152.0,143.44166564941406,113.64722188313802,105.80199981689454,84.45799997965494,85.18750011444092,146.9674913528186,57.0,176.0,True,False,False,True,True,True,True,True,False,55.10204081632652,noise,35.90664272890485,False,False,False,False,,Retailing,Speciality Retail,89.52981095492002,True,False
FOODSIN.NS,2026-09-30,50.91999816894531,52.95854250590006,54.05935213300917,54.01444458007813,56.02880325317383,58.35144666671753,52.74742950834734,43.75907794700542,91.03877853949349,False,False,False,False,False,False,False,False,False,-41.943143792925994,noise,50.411222982388125,False,False,False,False,,Food Products,Packaged Foods,13.136209403780901,False,False
FORCEMOT.NS,2026-09-30,17054.0,17288.916666666668,17621.50808376736,17704.791875,19121.115052083333,19546.277021484377,17230.600026067954,14868.699517207699,26374.965142944882,False,False,False,False,False,False,False,False,False,1.8310027026188669,noise,72.1565065388538,False,False,False,False,,Automobiles,Passenger Cars & Utility Vehicles,64.71158507028599,False,False
FORTIS.NS,2026-09-30,770.0,862.0416564941406,894.6930525037977,907.7449987792969,917.9778336588541,910.951872253418,845.6762778615841,757.4500122070312,1103.1298326042547,False,True,False,False,False,False,False,False,False,-20.517956838820172,red,423.65624035979044,False,False,False,True,,Healthcare Services,Hospital,38.63305865244789,False,False
FOSECOIND.NS,2026-09-30,6462.5,6526.125,6124.375,5869.03,5264.598642578125,5130.517824707032,6438.1113468192525,4278.613157691368,7389.5,True,True,True,True,True,True,True,True,False,17.563635074844754,green,101.2824529132093,False,False,False,False,,Chemicals & Petrochemicals,Specialty Chemicals,76.24818225884634,True,True
FRACTAL.NS,2026-09-30,,,,,,,,,,False,False,False,False,False,False,False,False,False,,noise,39.673674661284245,False,False,False,False,,IT - Software,Computers - Software & Consulting,,False,False
FREDUN.NS,2026-09-30,,,,,,,,,,False,False,False,False,False,False,False,False,False,,noise,,False,False,False,False,,Pharmaceuticals & Biotechnology,Pharmaceuticals,,False,False
FROG.NS,2026-09-29,262.3999938964844,273.66666920979816,247.09305572509766,235.52299957275392,185.9093329366048,176.83824977874755,268.7793543068022,123.5,304.95001220703125,True,True,True,True,True,True,True,False,False,6.862142388642067,noise,55.6282722513089,False,True,False,False,,Telecom -  Equipment & Accessories,Telecom -  Equipment & Accessories,68.63790596219098,False,False
FRONTSP.NS,2026-09-30,,,,,,,,,,False,False,False,False,False,False,False,False,False,,noise,,False,False,False,False,,Auto Components,Auto Components & Equipments,,False,False
NYKAA.NS,2026-09-30,320.0,330.82916768391925,333.8125,333.025,293.66399943033855,284.6400996398926,330.0639070614882,227.89999389648438,349.54998779296875,True,True,True,True,False,True,True,False,False,37.70547950602445,noise,80.25371874452233,False,False,False,False,,Retailing,E-Retail/ E-Commerce,84.34318952981096,True,False
UTLSOLAR.NS,2026-09-30,,,,,,,,,,False,False,False,False,False,False,False,False,False,,noise,59.216231035193815,False,True,False,False,,Electrical Equipment,Other Electrical Equipment,,False,False
FUSION.NS,2026-09-30,175.0800018310547,180.5999984741211,192.13888888888889,197.3070004272461,188.27273376464845,184.7131502532959,179.16311456328629,136.5,243.0,False,True,True,True,False,False,False,False,False,-8.287057397187814,noise,82.41818713094658,False,False,False,False,,Finance,Microfinance Institutions,53.6597188560349,False,False
FCONSUMER.NS,2026-09-29,0.2199999988079071,0.2199999988079071,0.22749999910593033,0.2385999995470047,0.29573333422342934,0.3210500018298626,0.22019098812810378,0.2199999988079071,0.5199999809265137,False,False,False,False,False,False,False,False,False,-48.837210430590886,dry,0.0,False,False,False,True,,Retailing,Diversified Retail,8.38584585555017,False,False
FEL.NS,2026-09-30,0.3799999952316284,0.36500000953674316,0.3797222210301293,0.3783999991416931,0.40673333187898,0.4193999981880188,0.36975805591910693,0.3400000035762787,0.6100000143051147,False,False,False,False,True,False,False,True,False,-34.48275755758657,noise,45.84981870693378,False,False,False,False,,Retailing,Diversified Retail,20.213281628696073,False,False
FLFL.NS,2026-09-30,1.090000033378601,1.134166657924652,1.166666669978036,1.1964000058174133,1.319866669178009,1.333050001859665,1.13052116175515,1.0499999523162842,1.9199999570846558,False,False,False,False,False,False,False,False,False,-35.882352776180916,red,208.00941501757123,False,False,False,True,,Retailing,Diversified Retail,18.41977702375182,False,False
FMNL.NS,2026-09-30,8.350000381469727,8.520833412806192,9.170277860429552,9.22200008392334,9.3960666847229,9.165900015830994,8.394577817721212,6.739999771118164,13.289999961853027,False,True,False,False,False,False,False,False,False,-28.38764587700251,noise,87.60493763377669,False,False,False,False,,Commercial Services & Supplies,Diversified Commercial Services,28.453708191953464,False,False
GMBREW.NS,2026-09-30,966.9500122070312,951.2708333333334,915.2597232394749,911.5959997558593,936.4716914876302,962.0476599121093,956.6839468768387,692.8847582700022,1315.8571912096693,True,False,False,False,True,True,False,True,False,39.0177895284586,green,137.58604163630451,False,False,False,False,,Beverages,Breweries & Distilleries,84.92486669898206,True,False
GMDCLTD.NS,2026-09-30,507.70001220703125,537.3564046223959,553.4665035671658,556.2356970214844,592.1244812011719,584.0372537231445,532.39561872275,458.53909242984975,758.8901386847265,False,True,False,False,False,False,False,False,False,-13.79622924174032,noise,62.47477784578024,False,False,False,False,,Minerals & Mining,Industrial Minerals,47.01890450799806,False,False
GNFC.NS,2026-09-30,604.4000244140625,596.4750010172526,574.7567952473959,555.2712762451172,494.59321166992186,485.4810394287109,604.5270622006042,351.9886096859767,636.0,True,True,True,True,True,True,True,False,False,27.646006748068874,red,113.6268398208603,False,False,False,False,,Chemicals & Petrochemicals,Commodity Chemicals,81.28938439166262,True,True
GRINFRA.NS,2026-09-30,800.5999755859375,817.2208353678385,855.5583309597439,863.6689990234376,890.3856656901041,910.8723852539063,816.3337685880754,785.0,1306.4560020406548,False,False,False,False,False,False,False,False,False,-34.27372912380171,noise,37.21462138092362,False,True,False,False,,Construction,Civil Construction,20.552593310712556,False,False
GSFC.NS,2026-09-30,150.7899932861328,152.56749979654947,154.28954950968424,154.4511004638672,157.24401896158855,160.70674041748046,153.03867094202755,134.50184366279788,193.75512406777963,False,False,False,False,False,False,True,False,False,-20.720105877961327,noise,87.93886984148259,False,False,False,False,,Fertilizers & Agrochemicals,Fertilizers,38.29374697043141,False,False
GTECJAINX.NS,2026-09-30,32.619998931884766,28.020833174387615,28.595833195580376,28.76599987030029,24.740533281962076,24.002349939346313,28.60675524230161,15.539999961853027,38.349998474121094,True,True,True,True,True,True,True,True,False,27.771241890126408,noise,44.26923058284185,False,False,False,False,,Other Consumer Services,E-Learning,81.43480368395541,True,True
GABRIEL.NS,2026-09-30,1341.800048828125,1347.5333353678386,1378.500003390842,1401.35611328125,1176.0971317545573,1125.688298034668,1354.0492750687683,794.0570601010174,1596.6964052725275,True,True,True,True,False,True,True,False,False,14.01766730279357,noise,49.962892379525854,False,True,False,False,,Auto Components,Auto Components & Equipments,74.84246243334948,True,False
GATECH.NS,2026-09-30,0.6800000071525574,0.7208333363135656,0.8258333322074678,0.763199999332428,0.5817999968926112,0.5652999964356422,0.7258115788764222,0.4000000059604645,1.1100000143051147,True,True,True,True,False,True,False,False,False,-4.225348210765056,noise,81.20192943421182,False,False,False,False,,Finance,Other Financial Services,57.97382452738729,False,False
GAIL.NS,2026-09-30,170.5500030517578,172.03499857584634,173.17990324232312,173.4623062133789,165.6949940999349,164.91340087890626,172.00370597632798,133.97098293430795,181.85195677766524,True,True,False,True,False,False,True,False,False,0.04920482778398849,ppv,138.2573498446386,False,True,False,False,,Gas,Gas Transmission/Marketing,62.62724188075618,False,False
GAJA.NS,2026-09-30,,,,,,,,,,False,False,False,False,False,False,False,False,False,,noise,,False,False,False,False,,Capital Markets,Asset Management Company,,False,False
GALAPREC.NS,2026-09-30,1197.199951171875,1085.624984741211,1053.0972137451172,1064.4439904785156,949.7709981282552,903.2514981079102,1120.255481734086,671.2000122070312,1260.0,True,True,True,True,True,True,True,True,False,57.775431000470626,ppv,225.6880613764284,False,False,False,False,,Industrial Manufacturing,Industrial Products,90.30538051381484,True,True
GALAXYSURF.NS,2026-09-30,2332.800048828125,2223.9083455403647,2249.222215440538,2170.160625,1935.7917464192708,1930.7921453857423,2250.8940556373414,1492.9641285266785,2648.0,True,True,True,True,True,True,True,True,False,5.241947519506351,ppv,191.48102009571443,False,False,False,False,,Chemicals & Petrochemicals,Specialty Chemicals,67.37760542898691,False,False
GALLANTT.NS,2026-09-30,537.5,540.4238586425781,559.5027482774523,567.6447497558594,643.0760485839844,619.8996493530274,542.4553338068584,494.4312144905384,944.5255741327327,False,True,False,False,False,False,False,False,False,-19.058183731967006,noise,44.733204671198905,False,False,False,False,,Industrial Products,Iron & Steel Products,40.571982549684925,False,False
GANDHAR.NS,2026-09-30,278.8500061035156,267.40833282470703,261.18416680230035,255.48078063964843,188.319986521403,178.52076358795165,268.95309688962334,113.93974378848462,300.3749196686875,True,True,True,True,True,True,True,True,False,97.73641015642033,noise,23.814141614390827,False,False,False,False,,Petroleum Products,Lubricants,95.05574406204556,True,True
GANDHITUBE.NS,2026-09-30,951.5499877929688,940.7541656494141,912.5777740478516,900.7096887207031,857.6897424316406,832.803173828125,949.9994174025676,669.702947656798,1046.5999755859375,True,True,True,True,True,True,True,True,False,8.935323901753156,noise,34.53855093371804,False,True,False,False,,Industrial Products,Iron & Steel Products,70.81919534658265,True,True
GANESHBE.NS,2026-09-30,130.94000244140625,128.52250035603842,123.61888949076335,121.74260070800781,103.50306686401368,97.24735019683838,130.76510433938034,68.4000015258789,143.0,True,True,True,True,True,True,True,True,False,47.14013437988385,noise,86.84138731332868,False,False,False,False,,Oil,Oil Storage & Transportation,87.68783325254483,True,True
GANESHCP.NS,2026-09-30,,,,,,,,,,False,False,False,False,False,False,False,False,False,,noise,54.10090528837136,False,False,False,True,,Food Products,Packaged Foods,,False,False
GGBL.NS,2026-09-29,220.1999969482422,212.60416666666666,224.1986117892795,233.43000061035156,274.7175251261393,280.11443466186523,215.11637432976306,202.0500030517578,474.17292730312516,False,False,False,False,False,False,False,True,False,-46.66729025401711,noise,62.41466744685001,False,False,False,False,,Electrical Equipment,Other Electrical Equipment,9.355307804168685,False,False
GANESHHOU.NS,2026-09-30,719.0,735.0,773.1413116455078,774.2678051757813,720.7157883707682,729.3208021545411,731.3375476080364,499.0667179834621,898.0206467513179,False,False,False,True,False,True,True,False,False,-14.483930332992356,noise,63.67554114713722,False,True,False,False,,Realty,"Residential, Commercial Projects",45.85555016965584,False,False
GANECOS.NS,2026-09-30,1000.5999755859375,1009.6666615804037,1031.7628631591797,1064.7166149902343,994.864443766276,942.2442153930664,1012.7493445571859,651.3085015441845,1263.6510864598436,True,True,True,True,False,True,True,False,False,-13.533967832023986,noise,36.90286404851895,False,False,False,False,,Textiles & Apparels,Other Textile Products,47.26126999515269,False,False
GANGAFORGE.NS,2026-09-30,1.5399999618530273,1.5358333388964336,1.8111111157470279,1.8224000000953675,2.294636809825897,2.558977603316307,1.5233813795548392,1.350000023841858,4.150000095367432,False,False,False,False,False,False,False,True,False,-58.60215188147828,dry,18.51569161971432,False,False,False,False,,Industrial Products,Castings & Forgings,4.265632573921473,False,False
GANGESSECU.NS,2026-09-30,112.4000015258789,113.77416674296062,117.26277775234647,117.20580001831054,119.62646682739258,122.50360004425049,113.78055224675634,103.30999755859375,178.14999389648438,False,False,False,False,False,False,False,False,False,-25.330497284679552,dry,1.1941943781003126,False,False,False,False,,Agricultural Food & other Products,Tea & Coffee,32.67086766844402,False,False
GRSE.NS,2026-09-30,2181.89990234375,2321.1431884765625,2477.214152018229,2505.710478515625,2575.0838631184897,2538.2093658447266,2299.961153935733,1958.0769611497133,3329.438873827357,False,True,False,False,False,False,False,False,False,-13.05398272162982,noise,91.72018064289334,False,False,False,False,,Aerospace & Defense,Aerospace & Defense,48.230731943771204,False,False
GARUDA.NS,2026-09-30,174.6699981689453,177.5258331298828,179.7836104498969,178.59859924316407,173.71546651204426,176.52454986572266,177.6714681835183,130.0,249.3000030517578,False,False,False,True,False,True,False,False,False,-3.2031027304227244,noise,22.72227878899507,False,False,False,False,,Construction,Civil Construction,59.282598158022296,False,False
GRWRHITECH.NS,2026-09-30,7015.5,6606.333333333333,6914.587456597223,6960.8141015625,5778.719816080729,5199.354526367188,6733.566846802674,2685.810234604558,7975.480119830348,True,True,True,True,True,True,True,True,False,139.05685995848543,red,119.92090714430313,False,False,False,False,,Industrial Products,Plastic Products - Industrial,97.47939893359185,True,True
GARFIBRES.NS,2026-09-30,770.8499755859375,787.1541646321615,790.2991112603081,783.5654064941406,701.8862959798178,693.7511044311524,780.1802154154368,579.0376279850597,862.339096096681,True,True,True,True,False,True,True,False,False,1.265740979651131,noise,30.466231025040113,False,False,False,False,,Textiles & Apparels,Other Textile Products,64.22685409597673,False,False
GATEWAY.NS,2026-09-30,52.040000915527344,52.35583305358887,53.44694423675537,54.27574478149414,55.37860023498535,55.69317893981933,52.314621747762814,47.064073178109766,62.377023562447356,False,False,False,False,False,False,True,False,False,-10.412571841807294,noise,50.44594706976145,False,False,False,False,,Transport Services,Logistics Solution Provider,51.42995637421232,False,False
GAUDIUMIVF.NS,2026-09-30,,,,,,,,,,False,False,False,False,False,False,False,False,False,,red,143.24230407181037,False,False,False,False,,Healthcare Services,Healthcare Service Provider,,False,False
GAYAHWS.NS,2026-09-30,1.7599999904632568,1.860833336909612,1.907499995496538,1.9209999990463258,2.1104000027974448,2.2331500035524368,1.8483647667479866,1.7200000286102295,4.760000228881836,False,False,False,False,False,False,False,False,False,-53.19148949661532,red,135.10413135412887,False,False,False,True,,Transport Infrastructure,"Road AssetsToll, Annuity, Hybrid-Annuity",6.592341250605914,False,False
GAYAPROJ.NS,2026-09-30,22.68000030517578,23.731666723887127,22.718888971540665,21.938800010681152,19.569733339945476,17.704250020980837,23.175677599522636,10.989999771118164,27.329999923706055,True,True,True,True,True,True,True,False,False,106.3694338263688,noise,80.40639527446713,False,False,False,False,,Construction,Civil Construction,95.83131362094038,True,True
GRCL.NS,2026-09-29,568.0999755859375,573.9249979654948,553.3819444444445,558.4540014648437,506.0933341471354,472.7925007629394,572.1967857369103,306.6499938964844,629.2000122070312,True,True,True,True,True,True,True,False,False,61.20884943965517,dry,0.0,False,True,False,False,,Industrial Products,Rubber,90.83858458555501,True,True
GVPIL.NS,2026-09-30,678.4000244140625,659.0250040690104,669.893057929145,692.9572607421875,681.2398769124349,597.0446391296387,666.9812110795784,268.33621123095884,1073.741134374155,False,True,True,True,False,True,False,True,False,113.55835125410154,red,124.41516135790145,False,False,False,False,,Electrical Equipment,Heavy Electrical Equipment,96.46146388754241,True,False
GESHIP.NS,2026-09-30,1560.0,1473.4166666666667,1381.9222174750435,1377.7806762695313,1416.125419108073,1350.6775213623048,1494.7587912709455,949.6674556344185,1766.7330608502607,True,True,True,False,True,True,True,True,False,61.94554851610867,noise,91.49822755678485,False,False,False,False,,Transport Services,Shipping,90.9840038778478,True,False
GVT&D.NS,2026-09-30,4201.0,4289.299967447917,4327.238294813368,4312.016254882812,4376.538382161459,4074.8992236328127,4274.964495442746,2516.9699521199827,5636.049839022599,False,True,True,False,False,True,False,False,False,42.252932888061004,noise,66.5367847313236,False,False,False,False,,Electrical Equipment,Heavy Electrical Equipment,86.03974793989336,True,False
GEECEE.NS,2026-09-30,374.20001220703125,369.9791717529297,368.5807647705078,363.2327813720703,324.72154897054037,321.76136512756347,371.0940287584421,214.67113945165303,387.8700154655502,True,True,False,True,True,True,True,True,False,3.651501037209348,red,109.10213121301237,False,False,False,False,,Realty,"Residential, Commercial Projects",66.020358700921,False,False
GEEKAYWIRE.NS,2026-09-30,31.190000534057617,31.946666717529297,27.540417247348362,26.20228691101074,24.710268936157227,25.8508798789978,31.518606093842628,18.287294585971885,36.3572376841833,True,False,False,True,True,True,True,False,False,-5.705389872084887,noise,32.048527652752654,False,False,False,False,,Industrial Products,Iron & Steel Products,56.71352399418323,False,False
GEMAROMA.NS,2026-09-30,161.0,155.3233324686686,164.40527725219727,170.1202001953125,171.4543999226888,170.750299911499,157.438740682454,133.0,263.67999267578125,False,True,False,False,False,False,False,True,False,-33.16728763837897,green,129.69230018607686,False,False,False,False,,Chemicals & Petrochemicals,Specialty Chemicals,22.491517207949588,False,False
GICRE.NS,2026-09-30,331.1499938964844,337.9791666666667,341.97706349690753,342.6658557128906,356.6980950927734,358.02259765625,335.416991720278,319.0,402.400829796409,False,False,False,False,False,False,True,False,False,-6.70121201928583,green,100.92624323406609,False,False,False,False,,Insurance,General Insurance,55.45322346097916,False,False
GENCON.NS,2026-09-30,39.540000915527344,39.09833335876465,41.08250003390842,40.698000030517576,41.29426676432292,42.88850009918213,39.06900281880419,36.349998474121094,59.959999084472656,False,False,False,False,False,False,False,True,False,-5.789850451510359,ppv,250.86676238959646,False,False,False,False,,Realty,"Residential, Commercial Projects",56.61657779932138,False,False
GENESYS.NS,2026-09-30,273.42999267578125,281.26916758219403,245.00527911716037,238.18557678222658,265.65759216308595,289.75719451904297,279.23244888143387,168.5,612.0,False,False,False,False,True,True,False,False,False,-45.33586845203645,noise,24.871727484674203,False,False,False,False,,IT - Services,IT Enabled Services,9.88851187590887,False,False
GENSOL.NS,2026-09-30,14.390000343322754,16.451666990915935,17.110000133514404,17.273000106811523,20.28180013020833,21.73725009918213,16.085318773524627,14.390000343322754,41.52000045776367,False,False,False,False,False,False,False,False,False,-65.34200340878844,red,246.50202726793435,False,False,False,True,,Electrical Equipment,Other Electrical Equipment,2.1812893843916625,False,False
GENUSPAPER.NS,2026-09-30,10.640000343322754,11.018333276112875,11.652222156524658,11.8453999710083,12.109800001780192,12.255999999046326,10.920891434816967,8.670000076293945,17.959999084472656,False,False,False,False,False,False,False,False,False,-39.26940601986212,green,102.86703574507649,False,True,False,False,,"Paper, Forest & Jute Products",Paper & Paper Products,15.850702859912749,False,False
GENUSPOWER.NS,2026-09-30,288.6499938964844,303.14975992838544,319.5972027248806,317.2969494628906,301.9318411254883,295.7802747344971,302.13702516484733,206.02014130997856,362.40129303021683,False,True,False,True,False,True,True,False,False,-6.748305549040367,noise,98.61149601258636,False,False,False,False,,Electrical Equipment,Other Electrical Equipment,55.404750363548224,False,False
GEOJITFSL.NS,2026-09-30,76.58999633789062,79.43083381652832,80.46222241719563,79.47940017700195,72.10953890482584,71.73224332809448,79.05111604794615,49.89625611553955,86.5,True,True,True,True,False,True,True,False,False,-1.2905147958957919,noise,54.22577044897646,False,False,False,False,,Capital Markets,Stockbroking & Allied,61.41541444498303,False,False
GFLLIMITED.NS,2026-09-30,54.939998626708984,55.917500495910645,55.5386110941569,53.352999954223634,48.20526674906413,49.443850135803224,56.100617782984024,37.25,81.0,True,False,False,True,True,True,False,False,False,-12.19434410313156,noise,27.295535612536654,False,True,False,False,,Finance,Holding Company,49.20019389238973,False,False
GHCL.NS,2026-09-30,405.5,417.6166636149089,429.04166497124567,431.3819989013672,443.86298767089846,463.41603302001954,415.2539935463305,396.0,649.6824619687275,False,False,False,False,False,False,False,False,False,-31.16231012474937,noise,77.41135317019273,False,False,False,False,,Chemicals & Petrochemicals,Commodity Chemicals,25.012118274357732,False,False
GHCLTEXTIL.NS,2026-09-30,128.89999389648438,129.88750012715658,129.15805541144476,125.6683999633789,101.49690587361654,94.88525104522705,131.9923433282756,64.84792129679248,144.58999633789062,True,True,True,True,True,True,True,False,False,66.26391110747217,noise,54.358576570615625,False,False,False,False,,Textiles & Apparels,Other Textile Products,91.90499272903538,True,True
GICHSGFIN.NS,2026-09-30,133.8699951171875,136.77750142415366,138.87805557250977,141.72380004882814,145.59213795979818,149.89046119689942,136.37003800262477,126.54062307865725,179.03478732294587,False,False,False,False,False,False,False,False,False,-20.61012888439695,noise,93.49358620023126,False,True,False,False,,Finance,Housing Finance Company,38.487639360155114,False,False
GILLANDERS.NS,2026-09-30,114.80000305175781,106.38500086466472,101.61333338419597,98.07040023803711,92.55579991658529,93.77044982910157,107.94804043392581,76.0,129.39999389648438,True,False,False,True,True,True,True,True,False,6.83045228905621,ppv,1129.3403547458145,False,False,False,False,,Agricultural Food & other Products,Tea & Coffee,68.54095976732914,False,False
GILLETTE.NS,2026-09-30,7000.0,7094.541666666667,7309.744479709201,7412.0912109375,7659.321416015625,7772.702192382812,7068.732322719236,6870.0,9653.120359649309,False,False,False,False,False,False,False,False,False,-24.019455598551364,green,187.52366212769851,False,False,False,False,,Personal Products,Personal Care,34.222006786233635,False,False
GINNIFILA.NS,2026-09-30,40.5,41.600000063578285,43.11444452073839,44.0168000793457,43.19120005289714,42.32765003204346,41.3754533858451,31.5,57.849998474121094,False,True,True,True,False,False,False,False,False,-7.681784850547258,noise,41.12729701087587,False,False,False,False,,Textiles & Apparels,Other Textile Products,54.48376151236064,False,False
GIRIRAJ.NS,2026-09-29,63.0,76.02499961853027,76.50555610656738,75.71800025939942,128.66766649881998,143.23299932479858,71.84305715039957,52.29999923706055,378.0,False,False,False,False,False,False,False,False,False,-83.28912466843501,noise,36.916981811633356,False,False,False,False,,Construction,Civil Construction,0.5332040717401841,False,False
GKENERGY.NS,2026-09-30,119.87999725341797,122.77083333333333,126.61467149522569,128.21131332397462,126.06137034098307,127.75386711120605,122.89114598042374,86.84638532685688,238.62838915412897,False,False,False,True,False,True,False,False,False,-26.810101297293997,ppv,223.98617550204776,False,False,False,False,,Construction,Civil Construction,30.925836160930682,False,False
GKB.NS,2026-09-30,,,,,,,,,,False,False,False,False,False,False,False,False,False,,noise,,False,False,False,False,,Healthcare Equipment & Supplies,Medical Equipment & Supplies,,False,False
GKWLIMITED.NS,2026-09-30,1550.0,1568.1749979654949,1585.580559624566,1601.2600024414062,1648.6673331705729,1662.024500732422,1560.0662285874246,1375.0,1985.4000244140625,False,False,False,False,False,False,True,False,False,-7.230072138964349,dry,4.36407794622697,False,False,False,False,,Finance,Investment Company,54.82307319437712,False,False
GLAND.NS,2026-09-30,2899.39990234375,2913.2083129882812,2904.1277737087676,2799.75708984375,2277.002531738281,2142.0647308349608,2920.891510844872,1561.8007505195303,3042.0,True,True,True,True,True,True,True,False,False,46.211435868317466,noise,78.7735109055595,False,False,False,False,,Pharmaceuticals & Biotechnology,Pharmaceuticals,87.05768298594279,True,True
GLAXO.NS,2026-09-30,2769.300048828125,2835.13330078125,2882.87496609158,2802.6039697265624,2493.248777669271,2473.7565454101564,2831.226277446187,2088.10009765625,3120.699951171875,True,True,True,True,False,True,True,False,False,6.771219704172715,noise,37.758766806461416,False,False,False,False,,Pharmaceuticals & Biotechnology,Pharmaceuticals,68.39554047503636,False,False
GLENMARK.NS,2026-09-30,2334.699951171875,2411.9832967122397,2402.733839246962,2354.427021484375,2270.658565266927,2204.4649505615234,2401.033605897559,1790.8181412412814,2535.0776323504288,True,True,True,True,False,True,True,False,False,19.834538673483614,red,236.01402165721686,False,True,False,False,,Pharmaceuticals & Biotechnology,Pharmaceuticals,77.26611730489579,True,False
GLOBAL.NS,2026-09-30,132.8000030517578,132.12916628519693,119.48222223917644,114.72779983520508,106.20877563476563,101.752321434021,132.3458206502106,54.6614122632081,143.0,True,True,True,True,True,True,True,True,False,107.87782779950442,noise,93.5712175987594,False,False,False,False,,Other Consumer Services,Education,95.8797867183713,True,True
MEDANTA.NS,2026-09-30,1365.0,1454.433329264323,1443.5998636881511,1435.89927734375,1265.4450443522135,1235.0828494262696,1443.4383088448408,955.6610489257978,1544.0,True,True,True,True,False,True,True,False,False,5.061490409942637,red,157.2414875395139,False,False,False,False,,Healthcare Services,Hospital,67.08676684440135,False,False
GLOBALPET.NS,2026-09-29,168.0,164.0541674296061,160.12916607326932,159.7739990234375,138.84566614786783,133.7347496032715,164.05004667054078,85.0,174.6999969482422,True,True,True,True,True,True,True,True,False,31.25,dry,0.0,False,False,False,False,,Industrial Manufacturing,Industrial Products,82.59815802229762,True,True
GSLSU.NS,2026-09-30,31.0,29.951666673024494,29.757777743869358,29.200199966430663,46.06140008290609,58.20965006828308,30.362805932521045,23.059999465942383,139.6699981689453,False,False,False,False,True,True,False,True,False,-67.35811350790833,noise,31.663231151326016,False,False,False,False,,Consumer Durables,Granites & Marbles,1.8419777023751818,False,False
GLOBALVECT.NS,2026-09-30,127.58000183105469,131.93999989827475,141.52444373236762,146.85340026855468,159.84739990234374,166.43585006713866,132.97804929547084,123.0,248.0,False,False,False,False,False,False,False,False,False,-39.40055926908567,noise,53.75807837971832,False,False,False,False,,Transport Services,Airline,15.70528356761997,False,False
GLOBALE.NS,2026-09-30,10.3100004196167,11.009166717529297,11.193333334392971,11.073199977874756,11.76146666208903,11.78940001487732,10.833264526294355,9.199999809265137,15.399999618530273,False,False,False,False,False,False,False,False,False,-24.634501537869514,red,394.0962831311336,False,False,False,False,,Textiles & Apparels,Trading - Textile Products,33.349491032476976,False,False
GLOBECIVIL.NS,2026-09-30,41.529998779296875,42.829166412353516,44.324166509840225,43.12759994506836,43.60039990743001,46.47984996795654,42.90518781018733,33.5,80.0,False,False,False,False,False,False,False,False,False,-40.96659604822298,noise,44.305556934502235,False,False,False,False,,Construction,Civil Construction,14.008725157537565,False,False
GLOBE.NS,2026-09-30,2.140000104904175,2.0891666809717813,1.9908333321412404,2.0185999989509584,2.2512000075976055,2.379350009560585,2.128252081326003,1.75,3.2899999618530273,False,False,False,False,True,False,False,True,False,-1.3824871122127491,noise,60.56981825761365,False,False,False,False,,Textiles & Apparels,Other Textile Products,61.221522055259335,False,False
GICL.NS,2026-09-30,22.829999923706055,23.742499987284344,23.73277775446574,22.053600006103515,30.15213338216146,34.09010004043579,23.476119526959653,15.609999656677246,169.9499969482422,False,False,False,False,True,True,False,False,False,-86.21792890739697,noise,94.22588116741993,False,False,False,False,,Transport Services,Logistics Solution Provider,0.290838584585555,False,False
GSTL.NS,2026-09-29,11.399999618530273,11.479166428248087,12.701388729943169,13.861999912261963,21.18133325576782,20.262249937057494,11.610679279974777,5.949999809265137,37.650001525878906,False,True,False,False,False,True,False,False,False,28.08988884443171,dry,0.0,False,False,False,False,,IT - Services,IT Enabled Services,81.58022297624818,True,False
GLOBUSSPR.NS,2026-09-30,786.4500122070312,822.5624949137369,864.821265326606,868.8293286132813,892.8807531738281,913.7381216430664,820.1480423758358,782.5999755859375,1243.6605977695654,False,False,False,False,False,False,False,False,False,-23.897259504546543,red,149.50529936470576,False,False,False,True,,Beverages,Breweries & Distilleries,34.41589917595734,False,False
GLOSTERLTD.NS,2026-09-30,546.0999755859375,566.8708343505859,592.4402787950304,615.3490014648437,611.8582486979167,610.0544226074219,561.0450685856225,481.79030692895725,736.2632085540595,False,True,False,True,False,False,False,False,False,-12.441807620779644,dry,13.23634098594056,False,True,False,False,,"Paper, Forest & Jute Products",Jute & Jute Products,49.05477460009695,False,False
GLOTTIS.NS,2026-09-30,,,,,,,,,,False,False,False,False,False,False,False,False,False,,green,154.5791963039975,False,False,False,False,,Transport Services,Logistics Solution Provider,,False,False
GMMPFAUDLR.NS,2026-09-30,1466.699951171875,1443.3333231608074,1215.8069407145183,1120.3473681640626,933.71890625,955.2891134643555,1443.6363634666986,734.1152411860135,1533.5999755859375,True,False,False,True,True,True,True,True,False,40.20872128804505,noise,36.33987269053207,False,False,False,False,,Industrial Manufacturing,Industrial Products,85.45807077072224,True,False
GMRAIRPORT.NS,2026-09-30,95.1500015258789,96.2424996693929,97.91083335876465,100.31640014648437,100.06520004272461,99.92739986419677,96.20538827365446,84.11000061035156,115.63999938964844,False,True,False,True,False,False,True,False,False,9.116978045716518,green,139.42337026240796,False,False,False,False,,Transport Infrastructure,Airport & Airport services,70.96461463887542,True,False
GMRP&UI.NS,2026-09-30,105.37999725341797,97.15500005086263,95.77944458855524,96.25260025024414,102.10146642049153,103.60779983520507,99.59310619294942,86.80000305175781,136.3000030517578,True,False,False,False,True,False,True,True,False,-7.105081994467877,ppv,264.4801702970969,False,False,False,False,,Power,Power Generation,55.01696558410082,False,False
GNA.NS,2026-09-30,598.3499755859375,575.4666646321615,558.5569441053602,549.0700006103516,460.0692529296875,436.3344107055664,586.4715774572838,292.9006085948861,648.0,True,True,True,True,True,True,True,True,False,95.34479819491646,noise,83.84673920634404,False,False,False,False,,Auto Components,Auto Components & Equipments,94.76490547746,True,True
EBGNG.NS,2026-09-30,686.75,679.9125061035156,637.7819468180338,612.7200024414062,504.0496669514974,453.8767505645752,678.5187394092544,239.0,730.0,True,True,True,True,True,True,True,True,False,102.67079463773246,green,119.94896936742734,False,False,False,False,,IT - Hardware,Computers Hardware & Equipments,95.49200193892389,True,True
GODIGIT.NS,2026-09-30,260.04998779296875,250.4749984741211,255.38194359673395,257.5209994506836,294.925666402181,304.5272498321533,253.53568139591687,231.64999389648438,374.0,False,False,False,False,True,False,False,True,False,-23.86180732332551,green,157.36292699073496,False,False,False,False,,Insurance,General Insurance,34.46437227338827,False,False
GOCOLORS.NS,2026-09-30,300.75,308.35833231608075,323.99166700575086,324.3039990234375,318.20299835205077,340.3159981536865,309.478466034285,237.0500030517578,715.4500122070312,False,False,False,False,False,False,False,False,False,-55.70366085974931,noise,36.12694814802019,False,False,False,False,,Retailing,Speciality Retail,5.283567619970916,False,False
GOACARBON.NS,2026-09-30,404.95001220703125,394.65416717529297,381.772221883138,381.35600036621094,373.37566731770835,377.5502505493164,400.7634194053175,272.8500061035156,494.8999938964844,True,False,False,True,True,True,True,True,False,-7.004248282234293,noise,31.462445574254446,False,False,False,False,,Minerals & Mining,Industrial Minerals,55.210857973824524,False,False
GOCLCORP.NS,2026-09-30,362.45001220703125,395.5118815104167,388.26602427164715,385.8478070068359,337.575526936849,317.43127723693846,384.6508202098492,208.5733044464555,430.87402214509945,True,True,True,True,False,True,True,False,False,9.224249501620463,noise,21.86109038498519,False,True,False,False,,Chemicals & Petrochemicals,Explosives,71.1100339311682,True,False
GODAVARIB.NS,2026-09-30,232.00999450683594,237.1916643778483,240.8527772691515,247.43199859619142,278.8706657918294,277.6335489654541,236.1822168954575,224.0,353.0,False,True,False,False,False,False,False,False,False,-9.723737545978238,noise,22.691507349078385,False,True,False,False,,Diversified FMCG,Diversified FMCG,52.544837615123605,False,False
GPIL.NS,2026-09-30,222.33999633789062,231.519167582194,239.87885750664606,240.39963745117188,262.53843760172526,261.07330421447756,229.54408743753748,220.10000610351562,318.68479368531104,False,True,False,False,False,False,False,False,False,-8.800010715218287,noise,57.582243581389534,False,False,False,False,,Industrial Products,Iron & Steel Products,53.46582646631119,False,False
GODFRYPHLP.NS,2026-09-30,1891.800048828125,1949.3916727701824,2033.866678873698,2071.314938964844,2110.540236002604,2147.76314453125,1939.5167785183037,1805.6870625140934,3428.233634786403,False,False,False,False,False,False,False,False,False,-42.958062084974735,noise,65.58221739708858,False,True,False,False,,Cigarettes & Tobacco Products,Cigarettes & Tobacco Products,12.166747455162385,False,False
GODREJAGRO.NS,2026-09-30,623.5499877929688,652.004160563151,631.9208289252388,611.0794384765625,582.3153877766927,577.119723815918,647.8388580654101,496.4533186222811,706.4233279349978,True,True,True,True,True,False,True,False,False,-7.901138875937419,noise,21.152379214982922,False,False,False,False,,Food Products,Animal Feed,54.28986912263694,False,False
GODREJCP.NS,2026-09-30,850.0,868.4874979654948,892.9402787950304,938.8042504882812,1010.2363330078125,1055.7879888916016,866.7589992331384,848.0,1255.1784329498362,False,False,False,False,False,False,False,False,False,-25.746974326764715,noise,94.64021431662182,False,False,False,True,,Personal Products,Personal Care,32.23460979156568,False,False
GODREJIND.NS,2026-09-30,1039.4000244140625,1096.5,1149.6972317165798,1195.8780078125,1096.2900020345053,1073.9512503051758,1086.2423576918172,744.2000122070312,1443.0,False,True,True,True,False,True,False,False,False,-13.505861142753705,noise,34.384360531619876,False,False,False,False,,Diversified,Diversified,47.35821619001454,False,False
GODREJPROP.NS,2026-09-30,1628.5,1675.1583353678386,1874.2194383409287,1932.41044921875,1822.2441975911458,1827.9938128662109,1684.7849691325468,1427.1018020889294,2340.6858887816,False,False,False,True,False,False,False,False,False,-16.884820562182945,red,129.55655803015836,False,False,False,False,,Realty,"Residential, Commercial Projects",42.656325739214736,False,False
GOKEX.NS,2026-09-30,687.7999877929688,703.7166544596354,757.7763875325521,772.0760009765625,731.252334391276,724.8677505493164,700.4192928297663,531.0,954.9000244140625,False,True,False,True,False,False,False,False,False,-4.465591203409458,noise,87.80347709983535,False,False,False,False,,Textiles & Apparels,Garments & Apparels,57.68298594280174,False,False
GOKULAGRO.NS,2026-09-30,212.97999572753906,219.90749867757162,231.33194393581815,228.78879913330078,216.68459971110025,205.0797996520996,219.69129281392662,151.0,259.79998779296875,False,True,True,True,False,True,True,False,False,8.207798313110114,dry,19.817562045017855,False,False,False,False,,Agricultural Food & other Products,Edible Oil,70.04362578768783,True,False
GOKUL.NS,2026-09-30,39.41999816894531,39.8141663869222,41.04722181955973,40.57879959106445,40.58353312174479,39.82804982185364,39.93898927568084,31.0,46.79999923706055,False,True,False,False,False,False,True,False,False,-7.918717812657472,noise,79.4463983616775,False,True,False,False,,Agricultural Food & other Products,Edible Oil,54.192922927775086,False,False
GOLDENTOBC.NS,2026-09-30,23.459999084472656,24.14999993642171,24.569444285498726,24.563599891662598,25.67899996439616,26.931050024032594,24.161373341778354,20.34000015258789,36.5,False,False,False,False,False,False,False,False,False,-32.00000265370244,dry,14.57683730898068,False,False,False,False,,Realty,"Residential, Commercial Projects",23.994183228308287,False,False
GOLDIAM.NS,2026-09-30,313.45001220703125,322.4750010172526,341.12777625189887,347.39899841308596,312.91916646321613,300.7695686340332,321.8610002801871,198.75,398.20001220703125,True,True,True,True,False,True,True,False,False,9.052148053803188,noise,40.229758993273926,False,True,False,False,,Consumer Durables,"Gems, Jewellery And Watches",70.9161415414445,True,False
GOLDKART.NS,2026-09-29,107.0999984741211,107.0999984741211,98.21388838026259,103.11099975585938,159.80966501871745,184.23349784851075,106.39341089532724,81.69999694824219,285.0,False,False,False,False,True,True,False,True,False,-57.91748586478542,dry,0.0,False,False,False,False,,Consumer Durables,"Gems, Jewellery And Watches",4.411051866214251,False,False
GOLDSTAR.NS,2026-09-29,11.699999809265137,9.579166491826376,8.26527770360311,7.884999961853027,7.595000009536744,7.218250007629394,10.052599352439415,4.5,11.699999809265137,True,True,False,True,True,True,True,True,False,34.48275937667407,ppv,286.2985685071575,False,False,True,False,,Auto Components,Auto Components & Equipments,83.51914687348521,True,False
GOODLUCK.NS,2026-09-30,508.04998779296875,522.0378494262695,486.21969265407984,489.7174969482422,448.13622680664065,427.78724182128906,520.1604575736987,304.4331190765815,556.330723956048,True,True,True,True,True,True,True,False,False,20.456490347689527,noise,39.39453633005828,False,False,False,False,,Industrial Products,Iron & Steel Products,77.46000969461949,True,True
GOODYEAR.NS,2026-09-30,,,,,,,,,,False,False,False,False,False,False,False,False,False,,noise,22.341941815584047,False,True,False,False,,Auto Components,Tyres & Rubber Products,,False,False
GOPAL.NS,2026-09-30,250.9499969482422,256.0666669209798,267.2930547926161,267.5289993286133,276.99304728190106,285.1255816650391,256.6766977645259,247.21871544826075,366.3021424806218,False,False,False,False,False,False,False,False,False,-30.507688147281154,noise,40.62061150694997,False,True,False,False,,Food Products,Packaged Foods,25.933107125545323,False,False
GOYALALUM.NS,2026-09-30,5.860000133514404,5.919166644414266,6.176111102104187,6.267199983596802,6.5573999849955245,6.803799989223481,5.936974386372426,5.300000190734863,11.369999885559082,False,False,False,False,False,False,False,False,False,-20.91767538212611,noise,99.77933891347634,False,False,False,False,,Commercial Services & Supplies,Trading & Distributors,38.09985458070771,False,False
GOYALSALT.NS,2026-09-29,106.0,104.33750025431316,105.53749995761447,107.72100021362304,114.09300008138021,122.50375022888184,104.61770168000746,97.0,200.0,False,False,False,False,False,False,False,True,False,-37.82991202346041,noise,26.785714285714285,False,False,False,False,,Food Products,Other Food Products,17.062530295685892,False,False
GPECO.NS,2026-09-29,396.3500061035156,399.41666412353516,399.9861111111111,406.3969995117188,393.68433268229165,392.1702493286133,399.20922625150416,264.04998779296875,599.9000244140625,True,True,False,True,False,True,False,False,False,-32.36348018711337,noise,56.026236676687624,False,False,False,False,,Electrical Equipment,Other Electrical Equipment,23.50945225399903,False,False
GULFPETRO.NS,2026-09-30,60.720001220703125,62.00499947865804,64.43939622243245,60.54344390869141,43.1159770711263,40.75667018890381,62.07052170757056,23.06491811108752,71.4000015258789,True,True,True,True,True,True,True,False,False,52.332598246030585,dry,16.406319126881304,False,False,False,False,,Petroleum Products,Lubricants,88.80271449345614,True,True
GPTHEALTH.NS,2026-09-30,150.74000549316406,160.48500188191733,156.80750020345053,158.3513381958008,144.6332625325521,141.59714057922363,157.91677373676686,113.9682423977474,175.0,True,True,True,True,False,True,True,False,False,4.193233370490601,noise,42.11573501430447,False,False,False,False,,Healthcare Services,Hospital,66.45661657779932,False,False
GPTINFRA.NS,2026-09-30,118.33999633789062,115.53249931335449,113.82638910081651,114.83040023803711,115.4343024190267,113.6229211807251,115.7766712537134,95.40746885287561,150.0,True,True,True,False,True,False,True,True,False,5.229729770068059,noise,75.75691771057757,False,False,False,False,,Construction,Civil Construction,67.32913233155598,False,False
GFSTEELS.NS,2026-09-30,37.54999923706055,29.140000025431316,20.145555549197727,18.52019998550415,14.746733201344808,13.902999897003173,30.94673528829525,10.210000038146973,37.54999923706055,True,True,True,True,True,True,True,True,False,267.77668067350515,ppv,107.94182229275822,False,False,True,False,,Industrial Products,Iron & Steel Products,99.36984973339797,True,True
GRANDOAK.NS,2026-09-30,,,,,,,,,,False,False,False,False,False,False,False,False,False,,noise,,False,False,False,False,,Finance,Non Banking Financial Company (NBFC),,False,False
GRANULES.NS,2026-09-30,846.5499877929688,861.6583353678385,859.3777770996094,854.9247106933594,764.6094421386719,719.4968643188477,861.1973020228818,509.8379671736485,923.6500244140625,True,True,True,True,False,True,True,False,False,64.8491105971597,noise,84.28208922496346,False,False,False,False,,Pharmaceuticals & Biotechnology,Pharmaceuticals,91.42026175472613,True,False
GRAPHISAD.NS,2026-09-29,25.399999618530273,24.96249993642171,25.904166645473904,26.782999916076662,30.375333290100098,34.29150002479553,24.941373728326507,23.75,52.79999923706055,False,False,False,False,False,False,False,True,False,-29.931035535088903,dry,10.245901639344263,False,False,False,False,,Media,Advertising & Media Agencies,26.56325739214736,False,False
GRAPHITE.NS,2026-09-30,764.7999877929688,807.816660563151,760.2569376627604,739.2549975585938,688.3224182128906,672.3656680297852,799.9826724570169,510.5948183076055,874.3499755859375,True,True,True,True,True,True,True,False,False,39.20169737317747,noise,93.87363502773174,False,False,False,False,,Industrial Products,Electrodes & Refractories,85.02181289384392,True,True
GRASIM.NS,2026-09-30,3061.89990234375,3157.699991861979,3248.1527642144097,3228.86744140625,3021.2687060546873,2972.6788916015626,3151.5792243748106,2494.7282248871606,3411.10009765625,True,True,True,True,False,False,True,False,False,11.409140804461648,noise,50.769864477871785,False,False,False,False,,Cement & Cement Products,Cement & Cement Products,72.85506543868154,True,False
GRAUWEIL.NS,2026-09-30,,,,,,,,,,False,False,False,False,False,False,False,False,False,,noise,53.384433713027505,False,False,False,False,,Chemicals & Petrochemicals,Commodity Chemicals,,False,False
GRAVISSHO.NS,2026-09-30,,,,,,,,,,False,False,False,False,False,False,False,False,False,,noise,,False,False,False,False,,Leisure Services,Hotels & Resorts,,False,False
GRAVITA.NS,2026-09-30,1447.4000244140625,1546.5166727701824,1691.6055569118923,1693.9339990234375,1644.340665690104,1655.7980017089844,1522.4149505807343,1266.9000244140625,1913.5999755859375,False,False,False,True,False,False,True,False,False,-7.797172926923757,green,102.50646374912102,False,False,False,False,,Minerals & Mining,Industrial Minerals,54.386815317498794,False,False
GREAVESCOT.NS,2026-09-30,230.27999877929688,209.86500040690103,199.47694396972656,205.4949801635742,186.0804298909505,182.5780030822754,218.4425397182972,119.01442505726769,269.68934059737177,True,True,False,True,True,True,True,True,False,9.590564058859963,red,103.58253800651305,False,False,False,False,,Industrial Products,"Compressors, Pumps & Diesel Engines",71.49781871061562,True,False
GREENCHEF.NS,2026-09-29,72.0,71.87499936421712,62.101388931274414,58.62099990844727,53.423666661580405,53.11825000762939,71.20495689319908,40.400001525878906,76.5,True,True,False,True,True,True,True,True,False,9.173621427921951,noise,23.651844843897823,False,True,False,False,,Consumer Durables,Household Appliances,71.01308773630635,True,False
GREENLAM.NS,2026-09-30,212.85000610351562,225.36750030517578,238.91444481743707,243.28740020751954,237.27038279215495,239.87291389465332,222.78547742719294,197.2850144391706,278.54998779296875,False,False,False,True,False,False,True,False,False,-9.952246604409186,noise,46.17519007286423,False,True,False,False,,Consumer Durables,Plywood Boards/ Laminates,52.399418322830826,False,False
GREENPANEL.NS,2026-09-30,160.32000732421875,161.06250127156576,161.3738890753852,170.37311584472656,188.84828765869142,197.1128317260742,161.388371439467,148.50999450683594,313.58497462351295,False,False,False,False,False,False,False,False,False,-40.53396843867547,ppv,233.5208011856697,False,False,False,False,,Consumer Durables,Plywood Boards/ Laminates,14.396509936984975,False,False
GREENPLY.NS,2026-09-30,299.95001220703125,289.4750010172526,289.81944529215497,289.69259765625,266.62342641194664,260.1144974517822,290.1847256101854,176.11307552067777,333.81821311913393,True,True,False,True,True,True,True,True,False,-0.37375191764138505,ppv,394.36338013696115,True,False,False,False,,Consumer Durables,Plywood Boards/ Laminates,62.23945710130877,False,False
GCSL.NS,2026-09-30,675.8499755859375,635.1999918619791,574.0888858371311,559.3029962158203,449.03851501464845,420.0304266357422,645.6854902094636,212.85925329857284,682.5,True,True,True,True,True,True,True,True,False,155.53071866360315,noise,38.06043475936249,False,False,True,False,,Capital Markets,Other Capital Market related Services,98.06107610276297,True,True
GRETEX.NS,2026-09-29,214.0,221.41666666666666,257.8083326551649,267.6989996337891,271.6720001220703,254.19500007629395,221.52725796245565,180.5,304.0,False,True,True,False,False,False,False,False,False,7.537688442211055,dry,0.0,False,False,False,False,,Entertainment,Media & Entertainment,69.4134755210858,False,False
BIRDYS.NS,2026-09-29,85.44999694824219,85.44999694824219,86.48610899183485,87.40999832153321,105.32233276367188,109.2357495880127,85.631722341739,81.94999694824219,151.89999389648438,False,False,False,False,False,False,False,False,False,-28.791669209798176,dry,0.0,False,False,False,False,,Leisure Services,Restaurants,27.872031022782355,False,False
GRINDWELL.NS,2026-09-30,1994.0999755859375,1925.4666544596355,1986.0361192491318,2012.6640087890626,1848.3446752929688,1781.492469482422,1945.0333875140282,1316.5038257707065,2455.0,True,True,True,True,False,True,True,True,False,29.84763179433674,ppv,189.63153740705357,False,False,False,False,,Industrial Products,Abrasives & Bearings,82.1619001454193,True,False
GRMOVER.NS,2026-09-30,78.91999816894531,80.76999918619792,85.28111055162218,86.78619979858398,121.22073328653971,131.86903339385987,80.65574857471213,78.05999755859375,185.4499969482422,False,False,False,False,False,False,False,False,False,-34.02257475828522,noise,84.01814185948002,False,False,False,False,,Agricultural Food & other Products,Other Agricultural Products,21.08579738245274,False,False
GROBTEA.NS,2026-09-30,909.0999755859375,915.2208302815756,943.3055572509766,931.8399401855469,911.8253499348958,926.2153961181641,913.8224745340196,803.2462751071786,1222.331210626068,False,False,False,True,False,False,False,False,False,-16.19896344511873,noise,50.559026635975016,False,True,False,False,,Agricultural Food & other Products,Tea & Coffee,43.81968007755695,False,False
GRPLTD.NS,2026-09-30,1898.5999755859375,1977.8916625976562,1988.0666639539932,1992.3059936523437,1884.418681640625,1850.6172650146484,1958.0356969116203,1497.2378372990818,2295.8647576974063,True,True,False,True,False,False,True,False,False,-13.885252173585648,noise,23.685600060345475,False,False,False,False,,Industrial Products,Rubber,46.87348521570529,False,False
GSMFOILS.NS,2026-09-29,78.0999984741211,81.75833320617676,96.27499961853027,127.58399932861329,183.53899983723957,188.97999969482422,81.84006913938175,73.75,293.8500061035156,False,False,False,False,False,False,False,False,False,-64.025796278936,noise,47.462419573559536,False,False,False,False,,Industrial Products,Packaging,2.5206010664081435,False,False
GSPCROP.NS,2026-09-30,,,,,,,,,,False,False,False,False,False,False,False,False,False,,noise,69.04651519069358,False,False,False,False,,Fertilizers & Agrochemicals,Pesticides & Agrochemicals,,False,False
GSS.NS,2026-09-30,10.369999885559082,10.386666695276896,11.467222266727024,11.905800018310547,12.69333335240682,13.42339997768402,10.45090535256203,8.680000305175781,27.5,False,False,False,False,False,False,False,False,False,-58.767395455868844,noise,37.33916500407504,False,False,False,False,,IT - Services,IT Enabled Services,4.120213281628696,False,False
GTL.NS,2026-09-30,6.880000114440918,6.9983333349227905,7.211388879352146,7.254199991226196,7.3032666810353595,7.390800006389618,6.966465124011256,4.909999847412109,9.800000190734863,False,False,False,False,False,True,False,False,False,-27.806922274740465,noise,59.534798324168314,False,True,False,False,,Telecom - Services,Other Telecom Services,29.374697043141058,False,False
GTLINFRA.NS,2026-09-30,1.0800000429153442,1.1166666746139526,1.1666666732894049,1.1858000087738036,1.2434000039100648,1.2200500029325485,1.1102358791611702,0.9599999785423279,1.6699999570846558,False,True,False,False,False,False,False,False,False,-27.99999713897705,noise,86.4368411293098,False,False,False,False,,Telecom - Services,Telecom - Infrastructure,29.035385361124575,False,False
GTPL.NS,2026-09-30,54.86000061035156,55.12741216023763,54.41274854871962,55.229049377441406,59.328251088460284,65.15312976837158,55.18082632358719,49.06453463115313,114.09795784230069,False,False,False,False,False,False,False,False,False,-47.355219550744565,noise,30.422641153152284,False,True,False,False,,Entertainment,TV Broadcasting & Software Production,8.967523024721281,False,False
GUFICBIO.NS,2026-09-30,432.0,429.69583384195965,426.4992684258355,417.2357446289063,354.59561950683593,345.50066162109374,429.98310277828136,267.9349768924993,467.79998779296875,True,True,True,True,True,True,True,True,False,22.098000462661794,red,140.61285608596194,False,False,False,False,,Pharmaceuticals & Biotechnology,Pharmaceuticals,78.38099854580707,True,True
GUJAPOLLO.NS,2026-09-30,330.0,335.2058817545573,342.1006317138672,345.7610778808594,375.7155554199219,382.299425201416,334.6836990130156,298.78335795622996,497.14368020967225,False,False,False,False,False,False,False,False,False,-31.74375275289416,noise,99.01858237607352,False,False,False,False,,Industrial Manufacturing,Industrial Products,24.18807561803199,False,False
GIPCL.NS,2026-09-30,179.67999267578125,185.96333185831705,186.9680464002821,178.8003713989258,158.34190826416017,154.71359252929688,185.4337833218167,117.45792136190741,207.3979831995766,True,True,True,True,True,True,True,False,False,1.172563047119124,noise,26.31423523093705,False,False,False,False,,Power,Power Generation,64.03296170625303,False,False
GPPL.NS,2026-09-30,166.75,162.79333368937174,160.64733505249023,156.429833984375,152.33625071207683,157.73718658447265,162.90317822519862,137.3626328109463,194.17086460013374,True,False,False,False,True,False,True,True,False,12.10308274737557,green,103.00256049621026,False,False,False,False,,Transport Infrastructure,Port & Port services,73.43674260785265,True,False
GAEL.NS,2026-09-30,160.2100067138672,160.2208340962728,167.43897459242078,167.1517547607422,156.56438334147134,151.05140968322755,161.43807714792698,101.01982127662673,184.66065065257942,True,True,True,True,False,True,True,False,False,51.61132253027112,dry,18.19026237823207,False,False,False,False,,Agricultural Food & other Products,Other Agricultural Products,88.60882210373244,True,False
GLFL.NS,2026-09-30,5.389999866485596,5.164166688919067,5.491944445504083,5.499000005722046,5.669266662597656,5.6365000033378605,5.20530202454133,3.6600000858306885,9.34000015258789,False,True,False,False,False,True,False,True,False,-12.641818479147615,green,182.90200819065475,False,False,False,False,,Finance,Other Financial Services,48.76393601551139,False,False
GUJRAFFIA.NS,2026-09-30,40.689998626708984,40.24749946594238,40.85833326975504,40.53519989013672,40.036600011189776,41.625999965667724,40.380343491666565,35.099998474121094,88.0,False,False,False,False,True,False,False,True,False,6.046389782138717,noise,77.49819916043617,False,False,False,False,,Industrial Products,Packaging,67.9108095007271,False,False
GUJTHEM.NS,2026-09-30,387.6000061035156,411.80874888102215,404.4645351833767,391.32325927734377,361.7872599283854,362.1666220092773,407.3348775852593,224.68370567443628,478.2203568549891,True,False,False,True,False,True,True,False,False,-1.6511934152044772,noise,45.376545803010174,False,False,False,False,,Pharmaceuticals & Biotechnology,Pharmaceuticals,61.1730489578284,False,False
GNRL.NS,2026-09-30,,,,,,,,,,False,False,False,False,False,False,False,False,False,,noise,,False,False,False,False,,Oil,Oil Exploration & Production,,False,False
GUJALKALI.NS,2026-09-30,618.8499755859375,636.7003784179688,668.7109120686849,666.6459240722656,629.0140236409505,589.0028611755371,632.7177060179118,398.40127903450684,793.5892698217052,False,True,True,True,False,True,True,False,False,16.83910564581561,noise,40.79597312654714,False,True,False,False,,Chemicals & Petrochemicals,Commodity Chemicals,76.05428986912264,True,False
GUJENERGY.NS,2026-09-30,237.5800018310547,238.25916798909506,247.9687245686849,251.7853790283203,313.26109598795574,334.17583572387696,237.9257787779112,229.39999389648438,428.25011030596914,False,False,False,False,False,False,False,False,False,-42.11641935910079,noise,55.67367729072217,False,True,False,False,,Gas,LPG/CNG/PNG/LNG Supplier,12.942317014057197,False,False
FLUOROCHEM.NS,2026-09-30,4405.2998046875,4490.287923177083,4619.778008355035,4587.53498046875,3926.337001953125,3799.899997558594,4478.9330578881,2914.6699865065048,4955.618691060383,True,True,True,True,False,True,True,False,False,18.890362380847627,noise,41.1780894079816,False,False,False,False,,Chemicals & Petrochemicals,Specialty Chemicals,76.7329132331556,True,False
GKSL.NS,2026-09-30,,,,,,,,,,False,False,False,False,False,False,False,False,False,,noise,81.81191587276803,False,False,False,False,,Healthcare Services,Hospital,,False,False
GULFOILLUB.NS,2026-09-30,1125.4000244140625,1082.9750061035156,1097.3016696506077,1092.39240234375,997.6707922363281,1021.658205871582,1095.7259966947652,841.6741605754839,1231.8793020953658,True,False,False,True,True,True,True,True,False,-2.6649306866112887,noise,76.06271559775344,False,False,False,False,,Petroleum Products,Lubricants,59.864275327193404,False,False
GULPOLY.NS,2026-09-30,165.86000061035156,169.46833419799805,180.79386605156793,185.27635681152344,180.85667643229166,170.83864952087401,169.44718753925946,120.55614158651348,225.86168963286522,False,True,True,True,False,True,False,False,False,11.57292060245554,dry,12.323877445984015,False,False,False,False,,Agricultural Food & other Products,Other Agricultural Products,73.04895782840524,True,False
GVKPIL.NS,2026-09-30,2.559999942779541,2.4924999872843423,2.29694441292021,2.3263999891281126,2.666400006612142,2.7598000025749205,2.5193435951516334,2.0399999618530273,3.6600000858306885,False,False,False,False,True,False,False,True,False,-27.47875457427661,noise,40.813722949644905,False,False,False,False,,Power,Power Generation,29.810954920019388,False,False
GVPTECH.NS,2026-09-30,7.949999809265137,7.516221404075623,7.451945278379652,7.248650779724121,6.746868963241577,7.087470624446869,7.674627543214401,5.076198397874456,10.881735035058227,True,False,False,True,True,True,False,True,False,-15.282768177736516,noise,92.46835105742254,False,False,False,False,,IT - Software,Computers - Software & Consulting,44.78914202617547,False,False
GYFTR.NS,2026-09-30,,,,,,,,,,False,False,False,False,False,False,False,False,False,,green,168.8273503738237,False,False,False,False,,Finance,Other Financial Services,,False,False
HDIL.NS,2026-09-30,1.4700000286102295,1.4658333659172058,1.4919444521268208,1.533800003528595,1.845733335018158,1.9734500056505204,1.467055839240628,1.399999976158142,3.069999933242798,False,False,False,False,False,False,False,True,False,-49.48453658926256,noise,55.569472843234166,False,False,False,False,,Realty,"Residential, Commercial Projects",8.095007270964615,False,False
HINDPETRO.NS,2026-09-30,350.3500061035156,352.22083536783856,359.594226413303,363.22742248535155,362.9424578857422,380.52968093872073,351.46953702150665,300.70788795552824,483.5386775606495,False,False,False,False,False,False,False,False,False,-16.049092287454336,noise,49.52881169829805,False,False,False,False,,Petroleum Products,Refineries & Marketing,44.06204556471158,False,False
HTMEDIA.NS,2026-09-30,23.020000457763672,23.798333485921223,25.49555566575792,25.563800048828124,23.439400024414063,23.25704999923706,23.842487105820194,17.520000457763672,31.299999237060547,False,True,False,True,False,True,False,False,False,-13.13207374428803,noise,23.202670827828733,False,False,False,False,,Media,Print Media,48.13378574890936,False,False
HUDCO.NS,2026-09-30,166.5800018310547,171.31583404541016,179.02576192220053,183.9220443725586,191.96718770345052,194.42887168884278,170.875179388434,156.74431230508782,239.21867289789094,False,False,False,False,False,False,False,False,False,-23.134609153420737,green,120.75422616290317,False,True,False,False,,Finance,Financial Institution,35.33688802714494,False,False
HGINFRA.NS,2026-09-30,432.75,450.90833282470703,483.3861100938585,499.49102294921875,539.115605875651,575.2506677246093,449.6756109797906,427.93192345187117,972.8850012742132,False,False,False,False,False,False,False,False,False,-53.28718608401179,noise,29.24684027577802,False,False,False,False,,Construction,Civil Construction,6.446921958313136,False,False
HALDER.NS,2026-09-30,,,,,,,,,,False,False,False,False,False,False,False,False,False,,dry,1.2524862640067744,False,False,False,False,,Agricultural Food & other Products,Other Agricultural Products,,False,False
HALDYNGL.NS,2026-09-30,,,,,,,,,,False,False,False,False,False,False,False,False,False,,ppv,,False,False,True,False,,Industrial Products,Packaging,,False,False
HALEOSLABS.NS,2026-09-30,1501.4000244140625,1498.7271016438801,1479.4892679850261,1488.8802075195313,1446.0240738932291,1403.5691900634765,1496.8456928887613,1090.008859730156,1772.226076073655,True,True,True,True,True,True,True,True,False,24.691188433348763,noise,94.7011300676088,False,False,False,False,,Pharmaceuticals & Biotechnology,Pharmaceuticals,79.54435288414929,True,True
HAMPTON.NS,2026-09-30,,,,,,,,,,False,False,False,False,False,False,False,False,False,,noise,,False,False,False,False,,Realty,"Residential, Commercial Projects",,False,False
HGM.NS,2026-09-30,42.560001373291016,44.43500010172526,46.24666690826416,47.122800216674804,51.65986673990886,54.52760000228882,43.76227332431581,40.0,81.0,False,False,False,False,False,False,False,False,False,-44.35146508210427,dry,3.954776503840806,False,True,False,False,,IT - Services,IT Enabled Services,11.148812409112942,False,False
HAPPSTMNDS.NS,2026-09-30,310.6000061035156,316.6625010172526,364.92916785346137,371.4610009765625,367.98013081868487,381.2319036865234,316.14427373399644,303.29998779296875,527.9704541930206,False,False,False,False,False,False,False,False,False,-40.60576079257204,noise,24.56791805183334,False,False,False,False,,IT - Software,Computers - Software & Consulting,14.299563742123123,False,False
HAPPYFORGE.NS,2026-09-30,2067.199951171875,2093.8416748046875,2185.1666632758247,2058.763994140625,1603.9996956380207,1487.3225720214843,2089.0638359135655,886.5215390100362,2470.0,True,True,True,True,True,True,True,False,False,125.93582006574545,noise,54.33562992680948,False,False,False,False,,Industrial Products,Castings & Forgings,96.8007755695589,True,True
HARDWYN.NS,2026-09-30,9.210000038146973,9.167500019073486,9.43694445821974,9.947571411132813,13.999475866953532,13.561356806755066,9.202032564853523,7.610000133514404,20.200000762939453,False,True,False,False,False,False,False,True,False,5.2571432931082684,dry,15.911072527684011,False,False,False,False,,Consumer Durables,"Furniture, Home Furnishing",67.42607852641784,False,False
HARIOMPIPE.NS,2026-09-30,340.95001220703125,350.9478708902995,353.28211212158203,364.67899536132813,356.9760394287109,365.0621257019043,348.8337270039206,267.4944055776641,497.16740664751495,False,False,False,False,False,False,False,False,False,-28.72470021119907,noise,36.65319052129338,False,True,False,False,,Industrial Products,Iron & Steel Products,27.92050412021328,False,False
HRYNSHP.NS,2026-09-30,,,,,,,,,,False,False,False,False,False,False,False,False,False,,noise,,False,False,False,True,,Industrial Manufacturing,Ship Building & Allied Services,,False,False
HARRMALAYA.NS,2026-09-30,179.1300048828125,176.95750172932944,189.35166676839194,197.34500030517577,200.1067333984375,191.73430030822755,177.00727664121058,153.66000366210938,237.89999389648438,False,True,True,False,False,False,True,True,False,-11.962449595451242,ppv,109.84663282719396,False,False,False,False,,Industrial Products,Rubber,49.49103247697528,False,False
HARSHA.NS,2026-09-30,470.29998779296875,453.91666412353516,444.2972200181749,435.0749981689453,404.63470642089845,398.2819688415527,460.2858779542731,312.17531583398915,476.79998779296875,True,True,True,True,True,True,True,True,False,17.587036270345678,noise,52.568729017867696,False,False,True,False,,Industrial Products,Other Industrial Products,76.29665535627727,True,True
HATHWAY.NS,2026-09-30,9.449999809265137,9.850833336512247,10.265833404329088,10.423200092315675,10.627666708628336,10.888700041770935,9.76927586747787,8.760000228881836,14.380000114440918,False,False,False,False,False,False,False,False,False,-32.45175150914361,red,116.66838134609601,False,True,False,False,,Entertainment,TV Broadcasting & Software Production,23.267086766844404,False,False
HATSUN.NS,2026-09-30,1099.0,1156.8249918619792,1115.6944461398655,1055.4280004882812,967.2834407552083,956.5263134765624,1137.791143638874,846.1695010496207,1349.699951171875,True,True,True,True,True,False,True,False,False,21.931689873123705,dry,18.1330920552296,False,False,False,False,,Food Products,Dairy Products,78.2355792535143,True,False
HAVELLS.NS,2026-09-30,1016.0,1085.0500081380208,1175.2166680230034,1199.4280004882812,1218.6104239908855,1260.5123181152344,1077.5144899307888,1015.0999755859375,1507.8492164414567,False,False,False,False,False,False,False,False,False,-31.81176211121346,red,165.48783089945627,False,False,False,True,,Consumer Durables,Consumer Electronics,24.139602520601066,False,False
HAWKINCOOK.NS,2026-09-30,,,,,,,,,,False,False,False,False,False,False,False,False,False,,noise,46.917553849962864,False,False,False,False,,Consumer Durables,Houseware,,False,False
HAZOOR.NS,2026-09-30,,,,,,,,,,False,False,False,False,False,False,False,False,False,,noise,,False,False,False,False,,Construction,Civil Construction,,False,False
HBESD.NS,2026-09-30,,,,,,,,,,False,False,False,False,False,False,False,False,False,,noise,,False,True,False,False,,Realty,"Residential, Commercial Projects",,False,False
HBPOR.NS,2026-09-30,,,,,,,,,,False,False,False,False,False,False,False,False,False,,noise,,False,False,False,False,,Finance,Other Financial Services,,False,False
HBSL.NS,2026-09-30,55.88999938964844,54.37916692097982,54.473055839538574,53.67780029296875,54.22706687927246,57.65170007705689,54.97445182638469,42.630001068115234,108.80000305175781,False,False,False,False,True,True,False,True,False,-27.490921040519524,noise,26.270119260521273,False,False,False,False,,Finance,Non Banking Financial Company (NBFC),29.762481822588466,False,False
HBLENGINE.NS,2026-09-30,794.5,766.0541687011719,715.1253933376736,714.5379528808594,741.5720544433593,757.7529800415039,775.7000494661905,612.1496526863262,1117.5593013063567,True,False,False,False,True,False,False,True,False,-1.9595677272390088,noise,73.50923835754301,False,False,False,False,,Industrial Products,Other Industrial Products,60.68831798351915,False,False
HCL-INSYS.NS,2026-09-30,10.100000381469727,10.352500041325888,10.594166649712456,10.841599998474122,11.686666641235352,12.07864995956421,10.307742582886775,9.010000228881836,16.5,False,False,False,False,False,False,False,False,False,-32.214760805034274,noise,85.94179219317569,False,False,False,False,,IT - Hardware,Computers Hardware & Equipments,23.751817741153662,False,False
HCLTECH.NS,2026-09-30,1230.0,1252.3833312988281,1284.5388929578994,1298.572001953125,1244.9732832845052,1324.1337020874023,1246.3339937122348,1019.5907239069678,1729.0085007948294,False,False,False,False,False,False,False,False,False,-7.1761224960935515,green,174.6409385685029,False,True,False,False,,IT - Software,Computers - Software & Consulting,54.92001938923897,False,False
HDBFS.NS,2026-09-30,621.2999877929688,662.3000081380209,676.5652804904514,678.0910021972657,675.2514933268229,690.2676519775391,651.378639431979,553.7186859929476,794.4312900037413,False,False,False,False,False,False,True,False,False,-16.732782798201118,noise,76.56346562539281,False,False,False,False,,Finance,Non Banking Financial Company (NBFC),42.995637421231216,False,False
HDFCAMC.NS,2026-09-30,2280.699951171875,2373.1416829427085,2476.0138888888887,2496.3039990234374,2550.4749088541666,2559.873049316406,2348.3796374140375,2158.391558795009,2903.739155124938,False,False,False,False,False,False,True,False,False,-15.749346525684748,green,128.145803352553,False,False,False,False,,Capital Markets,Asset Management Company,44.35288414929714,False,False
HDFCBANK.NS,2026-09-30,708.7000122070312,726.0291646321615,718.9916653103298,725.0859997558593,762.2527095540364,804.537359008789,722.4306040270594,681.9000244140625,1003.8961237048558,False,False,False,False,False,False,False,False,False,-24.245898252135213,red,138.09061010177666,False,True,False,False,,Banks,Private Sector Bank,33.737275811924384,False,False
HDFCLIFE.NS,2026-09-30,521.2000122070312,539.0500030517578,539.0611114501953,541.3390002441406,579.9667765299479,618.3330688476562,533.9764965484387,508.70001220703125,785.6996289453043,False,False,False,False,False,False,False,False,False,-30.853640435960152,red,133.30193723279785,False,False,False,False,,Insurance,Life Insurance,25.39990305380514,False,False
HEADSUP.NS,2026-09-30,6.75,6.775833288828532,6.838611086209615,6.858999986648559,7.059666655858358,7.462250001430512,6.725962337835289,5.690000057220459,12.949999809265137,False,False,False,False,False,False,False,True,False,-37.38404297585674,dry,14.126509878542059,False,True,False,False,,Textiles & Apparels,Trading - Textile Products,17.35336888027145,False,False
HEALTHX.NS,2026-09-30,285.04998779296875,293.15832773844403,296.6597188313802,300.5599981689453,295.3003330485026,297.05549987792966,290.38413960474793,252.5,363.0,False,False,False,True,False,False,True,False,False,-8.137286817054834,dry,11.707973746330396,False,True,False,False,,Healthcare Services,Healthcare Service Provider,54.04750363548231,False,False
HCG.NS,2026-09-30,666.0499877929688,694.6291656494141,705.606947157118,698.6530029296875,634.2135620117188,633.1386953735351,693.7222087179541,513.2999877929688,804.6500244140625,True,True,False,True,False,False,True,False,False,3.5364527330477014,red,134.7025277719644,False,False,False,False,,Healthcare Services,Hospital,65.92341250605914,False,False
HECPROJECT.NS,2026-09-30,113.0,115.80083274841309,119.59722243414984,124.01200057983398,123.7365338643392,122.19030033111572,115.35321560421856,92.0999984741211,160.5,False,True,False,True,False,False,False,False,False,-19.372097808678834,dry,1.8057873373501547,False,True,False,False,,Construction,Civil Construction,40.28114396509937,False,False
HEG.NS,2026-09-29,,,,,,,,,,False,False,False,False,False,False,False,False,False,,noise,30.27296560974579,False,False,False,False,,Industrial Products,Electrodes & Refractories,,False,False
HEIDELBERG.NS,2026-09-30,132.60000610351562,138.98666763305664,147.7438498602973,148.05525848388672,148.17428843180338,151.7867115020752,137.3179769809437,129.00999450683594,197.58796347350884,False,False,False,False,False,False,False,False,False,-30.91536520617374,noise,77.60686738408592,False,False,False,False,,Cement & Cement Products,Cement & Cement Products,25.302956858943286,False,False
HEMIPROP.NS,2026-09-30,114.06999969482422,118.38916651407878,124.94555558098688,128.09199996948243,133.70466659545897,134.1098500442505,117.91675575907438,111.19999694824219,190.69000244140625,False,False,False,False,False,False,False,False,False,-31.616808725894295,noise,65.04375637528923,False,False,False,False,,Commercial Services & Supplies,Diversified Commercial Services,24.43044110518662,False,False
HERANBA.NS,2026-09-30,176.52999877929688,171.83416875203451,171.20694563123914,173.01700134277343,185.59326731363933,195.89260063171386,175.1381233662757,155.3800048828125,327.0,False,False,False,False,True,False,False,True,False,-39.565219072012816,noise,36.01287494815202,False,False,False,False,,Fertilizers & Agrochemicals,Pesticides & Agrochemicals,15.414444983034418,False,False
HERITGFOOD.NS,2026-09-30,402.0,409.4208348592122,388.0152765909831,374.5249975585937,343.52915547688804,359.12033477783206,406.3109682352663,290.35662689794395,500.02281355138234,True,False,False,True,True,True,True,False,False,-16.07196433321493,noise,32.52028395268663,False,False,False,False,,Food Products,Dairy Products,43.96509936984974,False,False
HEROMOTOCO.NS,2026-09-30,5241.0,5307.708333333333,5455.986111111111,5447.0519921875,5164.608291015625,5253.1170971679685,5304.943201338327,4603.781580166306,6175.521739453033,False,False,False,True,False,False,True,False,False,-0.9273824974448619,noise,89.6025988885943,False,True,False,False,,Automobiles,2/3 Wheelers,61.70625302956859,False,False
HESTERBIO.NS,2026-09-30,2175.800048828125,2191.8666788736978,2297.6638929578994,2342.1739892578125,1969.8555826822917,1860.9307690429687,2193.387681568681,1233.9436104429194,2683.60009765625,True,True,True,True,False,True,True,False,False,13.71416446202769,dry,15.505443139561242,False,False,False,False,,Pharmaceuticals & Biotechnology,Pharmaceuticals,74.69704314105672,True,False
HEXATRADEX.NS,2026-09-30,156.85000610351562,157.20083236694336,157.9897223578559,158.2297998046875,160.8379333496094,160.94375007629395,156.90819029171178,147.25999450683594,182.39999389648438,False,False,False,False,False,False,True,False,False,-10.458407408191384,noise,22.50676804946683,False,False,False,False,,Finance,Investment Company,51.38148327678138,False,False
HEXAGON.NS,2026-09-30,,,,,,,,,,False,False,False,False,False,False,False,False,False,,ppv,285.49907406884915,False,False,False,False,,Food Products,Packaged Foods,,False,False
HEXT.NS,2026-09-30,494.1000061035156,506.0166702270508,529.7138858371311,540.3059973144532,503.5528029378255,544.9066769409179,499.5960235171303,392.77756486306447,792.7687780924847,False,False,False,False,False,False,False,False,False,-24.931882787299877,noise,24.277435311256447,False,False,False,False,,IT - Software,Computers - Software & Consulting,33.0101793504605,False,False
HFCL.NS,2026-09-30,227.02000427246094,215.24394607543945,227.52885352240668,220.03526458740234,167.34348393758137,142.25841608047486,217.82837558916265,59.764173305578176,256.46045809851773,True,True,True,True,True,True,True,True,False,211.78935187222615,noise,21.122473865073914,False,False,False,False,,Telecom - Services,Telecom - Infrastructure,99.03053805138148,True,True
HIGREEN.NS,2026-09-29,122.8499984741211,117.87083307902019,124.9277778201633,128.43400009155275,132.3430000813802,135.08025016784669,119.27806317785667,101.19999694824219,232.1999969482422,False,False,False,False,False,False,False,True,False,-41.74964341894704,green,112.75773195876289,False,False,False,False,,Other Utilities,Waste Management,13.28162869607368,False,False
HITECH.NS,2026-09-30,72.61000061035156,74.1558329264323,76.8311112721761,79.1365998840332,83.78546671549479,84.33305011749268,74.08968254253261,70.13999938964844,123.80000305175781,False,False,False,False,False,False,False,False,False,-36.30701700846354,noise,50.638210934347015,False,False,False,False,,Industrial Products,Iron & Steel Products,18.177411536597187,False,False
HILINFRA.NS,2026-09-30,42.75,43.27166620890299,44.088610861036514,44.553999786376956,47.50366658528646,49.575249881744384,43.09250363866991,40.099998474121094,86.3499984741211,False,False,False,False,False,False,False,False,False,-47.14391511902111,red,101.35614754149309,False,True,False,False,,Transport Infrastructure,"Road AssetsToll, Annuity, Hybrid-Annuity",9.015996122152206,False,False
HIKAL.NS,2026-09-30,217.88999938964844,221.0816650390625,218.90511491563586,219.71396209716798,203.74211161295574,205.71191650390625,219.84410972071936,146.00661502940906,260.3170667043013,True,False,False,True,False,True,True,False,False,-12.772355810066905,noise,23.74727919738873,False,False,False,False,,Pharmaceuticals & Biotechnology,Pharmaceuticals,48.52157052835676,False,False
HILTON.NS,2026-09-30,16.34000015258789,16.780833562215168,18.4805555873447,19.234199981689454,20.656199957529704,23.09183442592621,16.827574606286152,13.430000305175781,50.63999938964844,False,False,False,False,False,False,False,False,False,-65.2636057938633,red,101.00471584644359,False,False,False,False,,Industrial Products,Castings & Forgings,2.2297624818225885,False,False
HSCL.NS,2026-09-30,677.7999877929688,666.7833302815756,685.2986128065321,707.0310046386719,622.0277579752604,583.804719543457,671.0079733477762,417.9330556788151,819.5,True,True,True,True,False,True,True,True,False,54.06184323865912,noise,38.73194233409148,False,False,False,False,,Chemicals & Petrochemicals,Carbon Black,89.33591856519631,True,False
HIMATSEIDE.NS,2026-09-30,66.4000015258789,65.60155200958252,69.00395721859402,71.97984001159668,79.91562680562338,87.13526563644409,66.4158369855848,61.09000015258789,128.99012029276878,False,False,False,False,False,False,False,False,False,-44.25246759209617,green,133.0047480105,False,False,False,False,,Textiles & Apparels,Other Textile Products,11.29423170140572,False,False
HINDALUMI.NS,2026-09-30,,,,,,,,,,False,False,False,False,False,False,False,False,False,,noise,,False,False,False,False,,Non - Ferrous Metals,Aluminium,,False,False
HINDUNILVR.NS,2026-09-30,1879.0999755859375,1926.7000020345051,1976.5166693793403,2012.662001953125,2117.869743652344,2170.9682037353514,1914.459239138367,1863.800048828125,2619.7497080594576,False,False,False,False,False,False,False,False,False,-23.912849850134844,noise,96.36825520991745,False,True,False,False,,Diversified FMCG,Diversified FMCG,34.31895298109549,False,False
HINDADH.NS,2026-09-30,,,,,,,,,,False,False,False,False,False,False,False,False,False,,noise,,False,True,False,False,,Industrial Products,Plastic Products - Industrial,,False,False
HAL.NS,2026-09-30,4668.0,4747.5333251953125,4866.177761501736,4817.822998046875,4432.5845133463545,4395.905975341797,4737.431315343499,3472.0644756594256,5149.89990234375,True,True,True,True,False,True,True,False,False,-0.6358122141674749,green,136.79530526400129,False,True,False,False,,Aerospace & Defense,Aerospace & Defense,62.045564711585065,False,False
HINDCOMPOS.NS,2026-09-30,381.29998779296875,378.70229085286456,393.20070987277563,401.6331262207031,413.92734802246093,416.3453286743164,380.8606963903261,345.269540044411,547.0995143185665,False,False,False,False,False,False,False,True,False,-15.586551559242935,noise,96.753106322743,False,False,False,False,,Auto Components,Auto Components & Equipments,44.49830344158992,False,False
HCC.NS,2026-09-30,20.40999984741211,21.325833320617676,22.014444457160103,21.795800018310548,21.229000040690103,20.704800033569335,21.259335206629057,13.649999618530273,29.5,False,True,False,True,False,True,False,False,False,-24.65854657641131,noise,37.04180487473092,False,False,False,False,,Construction,Civil Construction,33.30101793504605,False,False
HINDOILEXP.NS,2026-09-30,171.5500030517578,175.58916727701822,171.17833455403647,168.1490008544922,159.16286712646485,156.71640060424804,174.81971680100085,117.5,201.44000244140625,True,True,True,True,True,True,True,False,False,0.7339988124486885,dry,18.389166306031687,False,False,False,False,,Oil,Oil Exploration & Production,63.596703829374704,False,False
HINDALCO.NS,2026-09-30,941.7999877929688,972.3583374023438,1008.8958367241753,1005.0460046386719,998.6752213541666,978.3129370117188,969.5408575426842,750.5346923390451,1169.8969824893504,False,True,True,True,False,False,True,False,False,24.248719824668676,red,110.65770988716201,False,False,False,False,,Non - Ferrous Metals,Aluminium,79.20504120213282,True,False
HINDCON.NS,2026-09-30,35.04999923706055,26.744999885559082,24.36277765697903,23.802199897766112,22.165133310953777,22.686549978256224,28.72481603978638,15.65999984741211,37.75,True,False,False,True,True,True,True,True,False,10.812520287816074,ppv,630.5852186104759,True,False,True,False,,Chemicals & Petrochemicals,Specialty Chemicals,72.4188075618032,True,False
HPIL.NS,2026-09-29,115.37000274658203,118.02833302815755,122.71027755737305,123.5218002319336,125.96980021158855,127.71675029754638,117.19374771699732,107.0,154.4499969482422,False,False,False,False,False,False,False,False,False,-11.978335012067799,dry,12.299997966942486,False,False,False,False,,Chemicals & Petrochemicals,Dyes And Pigments,49.442559379544356,False,False
HGS.NS,2026-09-30,370.04998779296875,376.1679407755534,387.5588667127821,395.8084228515625,397.04323303222657,402.3341117858887,374.50618858868677,337.6232905293845,537.9468144906148,False,False,False,False,False,False,False,False,False,-24.989627598783702,noise,88.23686426385764,False,False,False,False,,Commercial Services & Supplies,Business Process Outsourcing (BPO)/ Knowledge Process Outsourcing (KPO),32.86476005816772,False,False
HINDCOPPER.NS,2026-09-30,472.6499938964844,491.4033381144206,521.4497358534071,515.8829742431641,520.4670741780599,526.0051806640626,490.1361327012239,306.8419898026673,755.9652099609375,False,False,True,False,False,True,False,False,False,44.245969083008,noise,52.34690365258443,False,False,False,False,,Non - Ferrous Metals,Copper,86.33058652447892,True,False
HNDFDS.NS,2026-09-30,574.75,609.6666666666666,619.745836046007,607.5750024414062,548.6270009358724,535.9180006408692,605.1270398329791,442.0,677.75,True,True,True,True,False,True,True,False,False,7.590787507742225,red,137.714085481967,False,False,False,False,,Diversified FMCG,Diversified FMCG,69.46194861851673,False,False
HMVL.NS,2026-09-30,75.95999908447266,76.90666516621907,84.27444415622287,87.61939971923829,77.5727995554606,75.6760495185852,75.93208374382012,55.20000076293945,108.16000366210938,False,True,True,True,False,True,False,True,False,-10.074585075470221,noise,29.989117115823582,False,False,False,False,,Media,Print Media,52.205525933107126,False,False
HINDZINC.NS,2026-09-30,566.0,579.4041697184244,585.8486141628689,578.0730065917969,572.5860559082031,583.2308819580078,578.2540499122384,445.36282284774444,719.8477125036038,False,False,True,False,False,False,True,False,False,19.46136042415003,noise,53.05511246165905,False,False,False,False,,Non - Ferrous Metals,Zinc,77.02375181774114,True,False
HINDWAREAP.NS,2026-09-30,169.97000122070312,173.1866658528646,184.5141660902235,193.72699890136718,213.7042663574219,221.5302500152588,173.01288688474378,165.0,392.70001220703125,False,False,False,False,False,False,False,False,False,-48.942624110243905,noise,60.50304064187596,False,False,False,True,,Consumer Durables,Sanitary Ware,8.337372758119244,False,False
HIRECT.NS,2026-09-30,1147.199951171875,1207.9500020345051,1232.755567762587,1254.567119140625,1050.0725533040365,959.4645422363282,1199.0541860596322,564.6092543150997,1397.5377365248423,True,True,True,True,False,True,True,False,False,38.64545911750383,noise,40.930870066336865,False,False,False,False,,Industrial Manufacturing,Industrial Products,84.77944740668929,True,False
HISARMETAL.NS,2026-09-30,148.97000122070312,154.1741689046224,154.3170288933648,152.6775372314453,151.56951436360677,154.016748046875,153.13582654386056,124.16345488191423,191.12767959235734,False,False,False,False,False,False,True,False,False,-18.82555151891676,noise,37.50536913454789,False,False,False,False,,Industrial Products,Iron & Steel Products,41.05671352399418,False,False
POWERINDIA.NS,2026-09-30,30630.0,31060.833333333332,32501.01486545139,32455.96859375,31642.370638020835,28613.852260742187,30975.16018832492,16107.154467866794,38775.74235339215,False,True,True,True,False,True,True,False,False,70.1978400557741,noise,78.28903078001244,False,False,False,False,,Electrical Equipment,Heavy Electrical Equipment,92.43819680077557,True,False
HITECHCORP.NS,2026-09-30,345.25,333.1999994913737,332.71756829155817,329.07921447753904,246.8286637878418,225.5029651260376,336.55948221325576,111.66765926887025,346.0,True,True,True,True,True,True,True,True,False,72.44896185991779,ppv,261.5779206704718,False,False,True,False,,Industrial Products,Packaging,92.8744546776539,True,True
HLEGLAS.NS,2026-09-30,439.3999938964844,432.7882614135742,364.2490963406033,381.94925415039063,354.22474578857424,366.0073352813721,428.53592948657575,249.38306770476686,660.3165096389808,True,False,False,True,True,True,False,True,False,-1.90690821014462,noise,30.993664783643233,False,False,False,False,,Industrial Manufacturing,Industrial Products,60.78526417838099,False,False
HLVLTD.NS,2026-09-30,6.409999847412109,6.53166667620341,6.55277779367235,6.727799997329712,7.4501333332061765,7.834099981784821,6.474972858892862,5.599999904632568,11.949999809265137,False,False,False,False,False,False,False,False,False,-44.01746764899287,noise,63.27741102540412,False,False,False,False,,Leisure Services,Hotels & Resorts,11.53659718856035,False,False
HMAAGRO.NS,2026-09-30,23.920000076293945,23.62666670481364,22.02527772055732,21.827999954223632,22.900199953715006,24.134999990463257,23.45346875363267,19.09000015258789,34.2400016784668,False,False,False,False,True,False,False,True,False,-23.48048656060564,noise,30.529687362629193,False,False,False,False,,Food Products,Meat Products including Poultry,34.94910324769753,False,False
HMT.NS,2026-09-30,60.099998474121094,61.61249987284342,62.67611100938585,62.11520004272461,61.48566673278808,57.509000034332274,61.448103536447434,41.0,72.94999694824219,False,True,True,True,False,True,True,False,False,-0.5131623474160518,noise,48.187968782661414,False,False,False,False,,Industrial Manufacturing,Industrial Products,62.190984003877844,False,False
HOACFOODS.NS,2026-09-29,893.25,859.7333323160807,867.7694464789497,829.4430017089844,617.5440016682943,547.6570010375976,866.1841399252557,219.85000610351562,1010.0,True,True,True,True,True,True,True,True,False,260.763319055232,dry,10.416666666666668,False,False,False,False,,Food Products,Other Food Products,99.32137663596704,True,True
HOLMARC.NS,2026-09-29,118.75,115.9208329518636,109.35354889763727,108.38253021240234,98.9580042775472,98.98943250656129,117.43807848313492,59.771732330322266,125.0999984741211,True,False,False,True,True,True,True,True,False,4.19461514774202,red,192.30769230769232,False,False,False,False,,Industrial Products,Other Industrial Products,66.50508967523024,False,False
HOMEFIRST.NS,2026-09-30,1104.800048828125,1167.9666849772136,1184.5750054253472,1184.1100024414063,1130.9482836914062,1129.9943441772461,1146.1946448305055,889.5428439967044,1311.570558920454,False,True,False,True,False,False,True,False,False,-6.490043262133483,green,129.44960239915474,False,False,False,False,,Finance,Housing Finance Company,55.84100824042656,False,False
HOMESFY.NS,2026-09-29,116.0,114.43333435058594,113.62916861640082,115.63200134277344,121.4990007019043,132.31600032806398,115.07433071221291,100.69999694824219,267.95001220703125,False,False,False,False,True,False,False,True,False,-50.847457627118644,dry,0.0,False,False,False,False,,Realty,Real Estate related services,7.56180319922443,False,False
HONASA.NS,2026-09-30,431.3500061035156,464.65416463216144,472.0892978244358,467.0725427246094,399.8970808919271,370.36573135375977,459.51534901332013,246.8630140577539,506.64561650495574,True,True,True,True,False,True,True,False,False,52.64132723278194,noise,91.96526064459533,False,False,False,False,,Personal Products,Personal Care,88.94813378574891,True,False
HONDAPOWER.NS,2026-09-30,1874.5,1910.5666605631511,1998.0605570475261,2020.8782592773437,2103.0295450846356,2128.162904663086,1906.0249215764366,1796.809438720053,2812.5536007767796,False,False,False,False,False,False,False,False,False,-32.956901181888675,noise,48.339529973377395,False,False,False,False,,Industrial Manufacturing,Industrial Products,22.733882695104217,False,False
HONAUT.NS,2026-09-30,33460.0,34051.666666666664,35414.444444444445,36209.0,34032.583893229166,33723.7303515625,34025.17300599377,26146.075333867524,41495.0,False,True,False,True,False,False,True,False,False,-8.258085397771675,noise,34.80305934899899,False,False,False,False,,Industrial Manufacturing,Industrial Products,53.70819195346582,False,False
HORIZONIND.NS,2026-09-30,,,,,,,,,,False,False,False,False,False,False,False,False,False,,noise,,False,False,False,True,,Realty,"Residential, Commercial Projects",,False,False
HPAL.NS,2026-09-30,33.83000183105469,35.10083325703939,35.23239019181993,34.72790107727051,34.99437007904053,36.16326897621155,34.92359163252131,26.240179238004295,52.44078005486245,False,False,False,False,False,False,False,False,False,-28.381320144188173,noise,38.899405944433695,False,False,False,False,,Chemicals & Petrochemicals,Specialty Chemicals,28.502181289384392,False,False
HPL.NS,2026-09-30,269.04998779296875,277.5067723592122,296.5697140163845,307.5099157714844,330.53474975585937,337.8891944885254,276.71220611216097,254.63074348789405,478.17373277491686,False,False,False,False,False,False,False,False,False,-40.80427540978675,noise,65.6177271342581,False,False,False,False,,Industrial Manufacturing,Industrial Products,14.105671352399419,False,False
HRHNEXT.NS,2026-09-29,24.149999618530273,24.37916644414266,25.351388772328693,25.81599979400635,26.895999946594237,27.609999961853028,24.244484400525295,21.0,37.5,False,False,False,False,False,False,False,False,False,-24.05660315115594,green,139.2757660167131,False,False,False,False,,Commercial Services & Supplies,Business Process Outsourcing (BPO)/ Knowledge Process Outsourcing (KPO),34.125060591371785,False,False
HUBTOWN.NS,2026-09-30,182.27999877929688,174.27666600545248,182.01666683620877,183.4911996459961,197.19266672770183,204.4887001800537,174.82864248098068,165.5500030517578,339.0,False,False,False,False,False,False,False,True,False,-34.17117992157126,ppv,315.7506866091356,True,False,False,False,,Realty,"Residential, Commercial Projects",20.84343189529811,False,False
HUHTAMAKI.NS,2026-09-30,237.35000610351562,242.25416692097983,257.94861051771375,268.41180023193357,210.57128529866537,205.79546012878419,241.9686513693028,147.03555205657148,330.0,True,True,True,True,False,True,False,False,False,2.436437754976173,dry,10.631829164392819,False,False,False,False,,Industrial Products,Packaging,65.24478914202618,False,False
HTEL.NS,2026-09-30,,,,,,,,,,False,False,False,False,False,False,False,False,False,,ppv,,False,False,False,False,,Industrial Products,Other Industrial Products,,False,False
HYBRIDFIN.NS,2026-09-30,17.940000534057617,16.825833479563396,17.055555661519367,17.370600128173827,18.274733352661134,18.638100023269654,17.17574284653737,14.5,33.619998931884766,False,False,False,False,True,False,False,True,False,16.569201649441357,noise,41.321866763363985,False,False,False,False,,Capital Markets,Stockbroking & Allied,75.90887057682986,True,False
HYUNDAI.NS,2026-09-30,2031.0,2113.425008138021,2175.127780490451,2153.915681152344,1980.0559448242188,2043.6771136474608,2097.5857154841974,1642.3163104887294,2662.0777075058413,False,False,False,True,False,False,True,False,False,-20.662602222655202,noise,85.80120631393702,False,True,False,False,,Automobiles,Passenger Cars & Utility Vehicles,38.439166262724186,False,False
IGPL.NS,2026-09-30,579.75,568.1250050862631,534.4166658189562,518.3241815185547,446.14855000813805,427.14704986572264,575.2444669909378,311.6019343179066,609.9000244140625,True,True,True,True,True,True,True,True,False,40.191904766683926,noise,35.180910584860314,False,False,False,False,,Chemicals & Petrochemicals,Commodity Chemicals,85.40959767329133,True,True
IOB.NS,2026-09-30,30.959999084472656,31.86666663487752,32.707777712080215,33.085999946594235,33.68920001983643,34.103600072860715,31.734973093222848,30.510000228881836,41.79999923706055,False,False,False,False,False,False,False,False,False,-21.69954889324579,green,107.10422617334174,False,True,False,False,,Banks,Public Sector Bank,37.13039263208919,False,False
IOC.NS,2026-09-30,134.92999267578125,135.17333348592123,136.54355494181314,137.53675628662108,141.18979329427083,146.6484789276123,134.9048923093517,129.06965104614895,184.95879041358242,False,False,False,False,False,False,False,True,False,-5.151684526132872,green,118.65796148636245,False,False,False,False,,Petroleum Products,Refineries & Marketing,57.004362578768784,False,False
IRCTC.NS,2026-09-30,455.3999938964844,460.6908187866211,475.2617874145508,483.23250183105466,513.2330149332682,544.4979441833497,459.70209614528557,446.0256812201048,725.6811213920008,False,False,False,False,False,False,False,False,False,-34.07785984341128,green,105.96278358224647,False,False,False,False,,Leisure Services,"Tour, Travel Related Services",20.94037809015996,False,False
IRFC.NS,2026-09-30,79.27999877929688,79.83583323160808,82.86472214592828,84.46919998168946,92.80490300496419,98.8025841140747,79.97819141902136,77.06999969482422,135.7285614195044,False,False,False,False,False,False,False,False,False,-34.58013200205211,red,473.97571287897443,False,False,False,False,,Finance,Financial Institution,20.01938923897237,False,False
ITDC.NS,2026-09-30,687.6500244140625,672.0250091552734,669.284925672743,680.2843347167968,602.6425217692057,589.1917318725586,673.824739796715,366.4286134130398,818.4899820798453,True,True,True,True,True,True,True,True,False,19.76049724629021,ppv,784.2523343509173,False,False,False,False,,Leisure Services,Hotels & Resorts,77.21764420746486,True,True
IBLFL.NS,2026-09-29,61.0,61.18333339691162,60.98194461398654,61.03300003051758,56.952333297729496,56.386999893188474,61.17661879972561,43.95000076293945,72.80000305175781,True,True,False,True,False,True,True,False,False,-8.955223880597018,noise,90.09009009009009,False,False,False,False,,Finance,Non Banking Financial Company (NBFC),53.32040717401843,False,False
ICDSLTD.NS,2026-09-30,48.880001068115234,57.46333376566569,51.81222237481011,48.76660018920899,45.182866694132485,44.71475004196167,55.53241339967845,36.400001525878906,77.69000244140625,True,True,True,True,True,True,False,False,False,-13.989091160991629,noise,23.344066858993187,False,False,False,False,,Commercial Services & Supplies,Diversified Commercial Services,46.63111972855065,False,False
ICEMAKE.NS,2026-09-30,629.5499877929688,671.4336903889974,717.9268408881294,750.1684020996094,770.3563993326823,769.2716220092774,665.5214469707895,623.0,917.0517088569006,False,True,False,False,False,False,False,False,False,-15.655183574354226,noise,61.8145068789564,False,False,False,True,,Industrial Manufacturing,Industrial Products,44.44983034415899,False,False
ICICIAMC.NS,2026-09-30,,,,,,,,,,False,False,False,False,False,False,False,False,False,,noise,83.04541638731932,False,False,False,False,,Capital Markets,Asset Management Company,,False,False
ICICIBANK.NS,2026-09-30,1321.699951171875,1333.125,1388.2916700575088,1401.0054370117186,1335.4146541341145,1344.692221069336,1329.689380801822,1177.67166509731,1467.6271961496604,False,False,False,True,False,False,True,False,False,-1.1244420116783727,green,146.30938862129753,False,False,False,False,,Banks,Private Sector Bank,61.609306834706736,False,False
ICICIGI.NS,2026-09-30,1590.0,1506.4916483561199,1544.4611104329426,1574.99400390625,1716.6184765625,1762.3950732421874,1529.256489097544,1423.0999755859375,2057.089271774458,False,False,False,False,True,False,True,True,False,-15.270244056782612,ppv,211.07551923477237,False,False,False,False,,Insurance,General Insurance,44.886088221037326,False,False
ICICIPRULI.NS,2026-09-30,443.79998779296875,470.73333231608075,487.8722203572591,493.69499755859374,516.4372471110026,550.7435704040528,463.85683470633677,442.3999938964844,704.3556293706895,False,False,False,False,False,False,False,False,False,-25.1780710333121,noise,55.72033575128912,False,False,False,True,,Insurance,Life Insurance,32.76781386330587,False,False
ICRA.NS,2026-09-30,4232.0,4475.191650390625,4780.938856336806,4831.69396484375,5076.786689453125,5286.406477050781,4428.139983984327,4198.2001953125,6484.436750270345,False,False,False,False,False,False,False,False,False,-33.31572963926585,red,186.38091312909282,False,False,False,True,,Capital Markets,Ratings,22.34609791565681,False,False
IDBI.NS,2026-09-30,82.19999694824219,83.0908317565918,85.21527693006728,84.94599960327149,81.47773320515951,87.25494983673096,83.37940947828886,61.0099983215332,118.37999725341797,False,False,False,False,False,True,False,False,False,-10.085322036065293,noise,36.56387758917576,False,False,False,False,,Banks,Private Sector Bank,52.1570528356762,False,False
IDEAFORGE.NS,2026-09-30,730.9500122070312,725.4416656494141,766.6111094156901,796.6539990234374,719.5463338216146,649.9640000915527,729.3057051883559,366.0,992.25,True,True,True,True,False,True,False,True,False,44.95786062608453,noise,74.15068274534445,False,False,False,False,,Aerospace & Defense,Aerospace & Defense,86.62142510906446,True,False
IDFCFIRSTB.NS,2026-09-30,81.44000244140625,84.17833518981934,85.18472311231825,84.92701156616211,75.59635485331218,77.42856389999389,83.1873650131848,57.90987854420542,89.61000061035156,True,False,False,True,False,True,True,False,False,17.06929958159078,green,112.4731735681594,False,False,False,False,,Banks,Private Sector Bank,76.10276296655356,True,False
IFBAGRO.NS,2026-09-30,891.6500244140625,869.4625040690104,923.0569474962023,939.6809997558594,912.0696683756511,1000.3687512207031,875.9792056101021,679.1500244140625,1790.0,False,False,False,False,False,True,False,True,False,7.291984538984253,noise,69.63514050545444,False,True,False,False,,Beverages,Breweries & Distilleries,69.02569074163839,False,False
IFBIND.NS,2026-09-30,1201.0,1226.2249959309895,1305.0111083984375,1319.5019970703124,1215.0609985351562,1247.737247314453,1225.3461913211647,883.2000122070312,2019.800048828125,False,False,False,True,False,True,False,False,False,-28.13117003494099,noise,42.191924349630966,False,False,False,False,,Consumer Durables,Household Appliances,28.84149297140087,False,False
IFCI.NS,2026-09-30,68.7699966430664,74.55999946594238,82.17361153496637,79.78480026245117,70.32313344319661,66.82070001602173,74.29659050459179,46.22999954223633,107.5,False,True,True,True,False,True,False,False,False,27.23403813836278,noise,36.86199386763331,False,False,False,False,,Finance,Financial Institution,80.90159961221522,True,False
IFGLEXPOR.NS,2026-09-30,191.4499969482422,195.87250010172525,206.95611063639322,207.4333172607422,187.1580864461263,187.54427108764648,195.30917766904128,118.36341946149847,334.28171894337873,True,False,False,True,False,True,False,False,False,-34.266178120584776,noise,43.66787588076778,False,False,False,False,,Industrial Products,Electrodes & Refractories,20.649539505574406,False,False
IGARASHI.NS,2026-09-30,403.3999938964844,423.24582926432294,427.106940375434,435.6860699462891,400.04975443522136,401.3083514404297,417.548196103182,270.2581708470401,556.369872473851,True,False,False,True,False,True,False,False,False,-18.953943528751903,dry,8.649676100263932,False,False,False,False,,Auto Components,Auto Components & Equipments,40.76587493940863,False,False
IIFLCAPS.NS,2026-09-30,346.0,343.80833689371747,338.9972212049696,338.2429992675781,326.2091997273763,329.2715279388428,344.6869805574059,240.39999389648438,407.5051309315702,True,False,True,True,True,True,True,True,False,24.78902411387267,ppv,321.6474204582096,False,False,False,False,,Capital Markets,Stockbroking & Allied,79.64129907901115,True,False
IIFL.NS,2026-09-30,600.75,605.2791646321615,627.1472235785591,619.4340002441406,530.5120005289714,539.3080480957032,608.7739152829623,409.1000061035156,705.0,True,False,True,True,False,True,True,False,False,33.92233999664469,noise,47.01704777999188,False,True,False,False,,Finance,Non Banking Financial Company (NBFC),83.27678138633058,True,False
IKIO.NS,2026-09-30,196.85000610351562,204.9749984741211,206.15277693006726,205.32139923095704,171.71753295898438,169.44549949645997,203.68704994957506,103.52999877929688,238.8000030517578,True,True,True,True,False,True,True,False,False,-6.351089932705256,noise,29.29398911428958,False,False,False,False,,Consumer Durables,Consumer Electronics,56.08337372758119,False,False
IL&FSENGG.NS,2026-09-30,38.56999969482422,40.04583326975504,37.46083323160807,36.4269998550415,30.27340000152588,29.06830002784729,39.26980732984015,21.0,43.79999923706055,True,True,True,True,True,True,True,False,False,29.212727644612336,noise,30.313758744965018,False,False,False,False,,Construction,Civil Construction,81.91953465826465,True,True
IVC.NS,2026-09-30,7.800000190734863,7.805000027020772,8.092169033156502,7.964034185409546,7.395357945760091,7.3578072762489315,7.867376510060142,5.557431444301955,10.145543087219746,True,True,True,True,False,True,True,False,False,11.061626022409365,green,105.41042595918573,False,False,False,False,,Capital Markets,Asset Management Company,72.6126999515269,True,False
IL&FSTRANS.NS,2026-09-30,1.9199999570846558,1.9083333313465118,2.0419444276226892,2.0611999821662903,2.21533332268397,2.354699993729591,1.924804908284635,1.75,3.25,False,False,False,False,False,False,False,False,False,-37.254902189944815,noise,42.55772883032362,False,False,False,False,,Construction,Civil Construction,17.4503150751333,False,False
IMAGICAA.NS,2026-09-30,51.08000183105469,51.91416708628336,51.91527811686198,50.803200302124026,46.640933430989584,47.21255002975464,51.88141782281859,36.84000015258789,62.0,True,False,True,True,True,True,True,False,False,-5.284625362495266,dry,15.607894616654495,False,True,False,False,,Leisure Services,Amusement Parks/ Other Recreation,56.95588948133786,False,False
IMPEXFERRO.NS,2026-09-30,6.5,5.868333379427592,4.766944448153178,4.1808000087738035,2.665933341185252,2.444050005674362,5.993730024260485,1.2999999523162842,6.5,True,True,True,True,True,True,True,True,False,228.28282512045556,ppv,127.04568254300985,False,False,True,False,,Ferrous Metals,Ferro & Silica Manganese,99.12748424624334,True,True
INCREDIBLE.NS,2026-09-30,32.61000061035156,32.68500026067098,32.56166675355699,32.74920001983642,33.64806659698486,34.70479998588562,32.52609502033989,28.100000381469727,48.849998474121094,False,False,False,False,False,False,False,True,False,-29.810587057781255,green,102.67489915858117,False,False,False,False,,Industrial Products,Iron & Steel Products,26.85409597673291,False,False
INDSWFTLAB.NS,2026-09-30,388.75,391.6416651407878,364.10888926188153,327.42720092773436,216.30300018310547,190.0015501022339,395.91535973127,87.1500015258789,424.75,True,True,True,True,True,True,True,False,False,304.6107333382142,noise,63.82352186123506,False,False,False,False,,Pharmaceuticals & Biotechnology,Pharmaceuticals,99.56374212312167,True,True
INDBANK.NS,2026-09-30,25.360000610351562,25.772499720255535,28.984722296396892,29.994999923706054,32.200599950154626,33.15465002059936,25.89943581767975,24.209999084472656,47.150001525878906,False,False,False,False,False,False,False,False,False,-23.011531063669434,noise,33.69043129933794,False,True,False,False,,Capital Markets,Stockbroking & Allied,35.48230731943771,False,False
BAJAJINDEF.NS,2026-09-30,211.02000427246094,216.55166625976562,220.06333329942493,223.1171548461914,244.66707946777345,261.0254136657715,215.8009918292253,205.4639775684266,438.78580706435025,False,False,False,False,False,False,False,False,False,-41.21670153151723,noise,35.66313304597652,False,False,False,False,,Industrial Manufacturing,Industrial Products,13.572467280659234,False,False
INDGN.NS,2026-09-30,590.75,594.6041666666666,584.1611107720269,568.9595642089844,519.6426493326823,514.120090637207,597.5538413977632,412.19021062389317,627.0,True,True,True,True,True,True,True,False,False,5.76538009477181,noise,55.74674833748252,False,False,False,False,,Healthcare Services,"Healthcare Research, Analytics & Technology",67.81386330586524,False,False
INDIACEM.NS,2026-09-30,301.8500061035156,330.3333333333333,353.4541651407878,365.3189990234375,379.8016666666667,396.85700073242185,323.6655711845213,300.1499938964844,485.79998779296875,False,False,False,False,False,False,False,False,False,-21.393227577209473,red,207.403207652171,False,False,False,True,,Cement & Cement Products,Cement & Cement Products,37.42123121667474,False,False
INDIAGLYCO.NS,2026-09-30,307.3999938964844,279.2666702270508,632.8388955858019,775.6500033569336,910.8577505493164,919.6876973724366,303.4297257356616,217.0,1219.0,False,False,False,False,False,True,False,True,False,-63.87161415741298,noise,70.27632141678193,False,False,False,False,,Beverages,Breweries & Distilleries,2.5690741638390695,False,False
IMPAL.NS,2026-09-30,1037.5,1061.7666524251301,1087.0916578504775,1089.9479931640626,1050.8517053222656,1041.6504788208008,1059.1845099397824,909.4963440827373,1214.1971604368546,False,True,True,True,False,False,True,False,False,1.287798950774155,noise,69.22135838036229,False,False,False,False,,Auto Components,Trading - Auto components,64.27532719340766,False,False
INDNIPPON.NS,2026-09-30,1244.4000244140625,1265.9833272298176,1183.6749979654949,1179.0059985351563,969.5499983723959,921.5465469360352,1265.1680893337045,675.0,1564.0,True,True,True,True,True,True,True,False,False,39.53829460670708,noise,36.19663572929434,False,False,False,False,,Auto Components,Auto Components & Equipments,85.1672321861367,True,True
IPL.NS,2026-09-30,132.72000122070312,134.05333201090494,136.57652197943793,139.66910186767578,149.35801600138348,153.3063167190552,133.52942394050427,124.33164441081733,212.8159909496895,False,False,False,False,False,False,False,False,False,-36.156243770088025,dry,19.463699324616336,False,False,False,False,,Fertilizers & Agrochemicals,Pesticides & Agrochemicals,18.225884634028112,False,False
DPSCLTD.NS,2026-09-30,6.800000190734863,7.027499993642171,7.15611113442315,7.2048000240325925,8.045466655095419,8.420549991130828,6.990619983183722,6.710000038146973,13.3100004196167,False,False,False,False,False,False,False,False,False,-43.661968826305795,red,110.00528248170383,False,False,False,True,,Power,Integrated Power Utilities,11.730489578284052,False,False
INDIASHLTR.NS,2026-09-30,635.5999755859375,657.8999938964844,661.6763865152994,678.9859985351562,735.923603922526,746.8855801391602,652.3663111878503,620.1500244140625,911.9719209725083,False,False,False,False,False,False,False,False,False,-25.53388440767851,noise,35.66897843627223,False,True,False,False,,Finance,Housing Finance Company,32.42850218128939,False,False
IBULLSLTD.NS,2026-09-30,29.610000610351562,29.222500165303547,27.25694449742635,27.69840000152588,22.132666613260906,19.797149968147277,29.06057460295925,8.899999618530273,32.5,True,True,True,True,True,True,True,True,False,66.25492138264252,noise,57.772603201062964,False,False,False,False,,Commercial Services & Supplies,Diversified Commercial Services,91.85651963160446,True,True
INDIAMART.NS,2026-09-30,1629.0,1645.8916727701824,1706.8083394368489,1724.5360034179687,1900.0757609049479,1961.2223919677735,1642.0546119986834,1600.0,2455.004088492464,False,False,False,False,False,False,False,False,False,-28.8727502051773,noise,89.33712248011754,False,False,False,False,,Retailing,Internet & Catalogue Retail,27.775084827920505,False,False
INDIANB.NS,2026-09-30,805.9000244140625,828.8708343505859,860.9472283257378,857.5120043945312,854.6861360677084,851.9569644165039,823.3323603632066,711.8359576336181,980.0229061203939,False,True,False,True,False,False,True,False,False,9.640052472315276,noise,93.89059430885699,False,False,False,False,,Banks,Public Sector Bank,71.54629180804653,True,False
INDIANCARD.NS,2026-09-30,186.1300048828125,203.19083531697592,209.73583348592123,213.3902001953125,209.49353322347005,215.62849983215332,198.54851154846503,153.0,278.25,False,False,False,False,False,False,False,False,False,-30.883767798049544,green,145.1954679121259,False,False,False,False,,Textiles & Apparels,Other Textile Products,25.35142995637421,False,False
IEML.NS,2026-09-29,50.95000076293945,45.32916673024496,42.88472196790907,42.751999893188476,55.57633321126302,62.812999877929684,47.53517061443925,37.79999923706055,158.5,False,False,False,False,True,True,False,True,False,-64.53184620414636,noise,95.92326139088729,False,False,False,False,,Chemicals & Petrochemicals,Specialty Chemicals,2.423654871546292,False,False
IEX.NS,2026-09-30,107.0,111.78166643778484,117.87055524190266,120.82539978027344,122.39648025512696,124.19087966918946,111.01890620261469,106.3499984741211,155.89996069995715,False,False,False,False,False,False,False,False,False,-20.971821985905926,noise,93.53322456944265,False,True,False,False,,Capital Markets,Exchange and Data Platform,38.002908385845856,False,False
INDHOTEL.NS,2026-09-30,728.6500244140625,726.8625030517578,724.1222245958116,727.542001953125,683.6551875813802,686.2110833740235,725.0531329296248,562.4948988120375,757.4000244140625,True,False,False,True,True,False,True,True,False,1.6097614534597238,ppv,171.00915147570606,False,False,False,False,,Leisure Services,Hotels & Resorts,64.46921958313136,False,False
INDIANHUME.NS,2026-09-30,352.79998779296875,358.17916615804035,372.76666429307727,377.2749975585937,341.7903287760417,353.482091217041,359.2001421512468,276.3430988061381,426.6626968523802,False,False,False,True,False,False,True,False,False,-2.5604726367676967,noise,43.771522102936316,False,False,False,False,,Construction,Civil Construction,60.10664081434803,False,False
IMFA.NS,2026-09-30,1190.9000244140625,1235.5250040690105,1312.2916598849827,1343.3500537109376,1365.005741373698,1350.4058374023436,1229.1364180641563,1057.2993063797437,1670.7880501060147,False,True,False,False,False,False,False,False,False,8.47335791477175,noise,42.581706889826066,False,False,False,False,,Ferrous Metals,Ferro & Silica Manganese,70.38293746970432,True,False
IREDA.NS,2026-09-30,111.68000030517578,111.14916674296062,113.26081085205078,115.01878189086914,120.87381576538085,123.56884796142577,111.79355492105981,107.36165539357144,156.81816409540926,False,False,False,False,False,False,False,False,False,-23.994500940117636,noise,81.03604775790505,False,True,False,False,,Finance,Financial Institution,34.27047988366457,False,False
INDTERRAIN.NS,2026-09-30,29.420000076293945,29.31083345413208,29.963888963063557,30.06879997253418,30.858599967956543,31.709249982833864,29.439563534543566,24.559999465942383,42.619998931884766,False,False,False,False,False,False,False,False,False,-7.716433968731328,noise,31.14639073858739,False,False,False,False,,Textiles & Apparels,Garments & Apparels,54.435288414929715,False,False
IWP.NS,2026-09-30,,,,,,,,,,False,False,False,False,False,False,False,False,False,,noise,,False,True,False,False,,"Paper, Forest & Jute Products",Forest Products,,False,False
INDIGOPNTS.NS,2026-09-30,1091.0,1106.7416687011719,1129.9978705512153,1118.6079614257812,987.6501033528646,1013.7493753051758,1107.8026583776757,705.057642497368,1340.211918083566,True,False,False,True,False,True,True,False,False,4.127577682620243,noise,33.75761561252277,False,False,False,False,,Consumer Durables,Paints,66.4081434803684,False,False
INDIGRID.NS,2026-09-29,172.10000610351562,173.03166834513345,174.36564297146268,174.33766998291014,168.4081605021159,165.13408378601073,172.91204994268898,147.4569759412728,177.25,True,True,True,True,False,False,True,False,False,12.78775324815844,noise,67.5990566073697,False,False,False,False,,Power,Power - Transmission,73.77605428986912,True,False
INDIQUBE.NS,2026-09-30,196.3800048828125,195.71666717529297,193.3386107550727,188.86159912109375,171.2924671427409,176.35710029602052,196.19081281382853,131.14999389648438,237.5,True,False,False,True,True,True,True,True,False,-15.11195297332687,noise,29.674153673172153,False,False,False,False,,Commercial Services & Supplies,Diversified Commercial Services,45.12845370819195,False,False
IITL.NS,2026-09-30,133.25999450683594,140.48666636149088,147.19694434271918,144.75100051879883,143.64800018310547,144.7208501434326,137.48945379520293,108.0,216.0,False,False,False,True,False,False,False,False,False,-29.792952836586494,noise,93.22122324482649,False,False,False,False,,Finance,Investment Company,26.951042171594764,False,False
INDPRUD.NS,2026-09-30,,,,,,,,,,False,False,False,False,False,False,False,False,False,,noise,,False,False,False,False,,Finance,Investment Company,,False,False
INDOAMIN.NS,2026-09-30,142.07000732421875,132.96346600850424,127.18864017062717,127.55205032348633,120.67150868733724,120.5085717010498,136.19016133545057,81.56723908714366,152.64999389648438,True,True,False,True,True,True,True,True,False,4.375212223918323,red,234.25871303943583,False,True,False,False,,Chemicals & Petrochemicals,Specialty Chemicals,66.65050896752302,False,False
INDOBORAX.NS,2026-09-30,481.45001220703125,467.60833231608075,479.2124998304579,457.9059997558594,344.7020522054036,316.88197746276853,473.46087125240354,206.5751418858148,542.7999877929688,True,True,True,True,True,True,True,True,False,130.42433243176214,noise,21.966868872055816,False,True,False,False,,Chemicals & Petrochemicals,Commodity Chemicals,97.04314105671352,True,True
ICIL.NS,2026-09-30,460.3999938964844,444.64583587646484,436.2627538045247,429.15513610839844,351.58175771077475,331.4222108459473,447.1476893051841,216.04358355223812,485.95001220703125,True,True,True,True,True,True,True,True,False,71.02344693302155,noise,89.23311344635104,False,False,False,False,,Textiles & Apparels,Other Textile Products,92.6805622879302,True,True
INDOFARM.NS,2026-09-30,134.4499969482422,137.27916717529297,139.08555560641818,143.8868002319336,139.99799997965494,148.4146499633789,136.91570613826107,110.69999694824219,271.69000244140625,False,False,False,False,False,False,False,False,False,-40.371651811318046,noise,34.01625164041659,False,False,False,False,,"Agricultural, Commercial & Construction Vehicles",Construction Vehicles,14.493456131846823,False,False
NIPPOBATRY.NS,2026-09-30,327.3999938964844,321.3081359863281,322.32406531439887,322.5270721435547,330.1137703450521,342.83195709228517,322.9233589870802,253.98640558137956,468.19478284190694,False,False,False,False,True,False,False,True,False,-26.471054493460578,noise,81.42123933881803,False,False,False,False,,Household Products,Household Products,31.265147842947165,False,False
INDORAMA.NS,2026-09-30,100.36000061035156,97.03750101725261,77.01722251044379,71.1494002532959,50.43113352457682,48.57380016326904,97.9248436088974,29.0,112.30000305175781,True,True,True,True,True,True,True,True,False,66.04897897201734,noise,76.62217071035944,False,False,False,False,,Textiles & Apparels,Other Textile Products,91.80804653417354,True,True
INDOTECH.NS,2026-09-30,3188.199951171875,3275.1499837239585,3529.2996690538193,3532.8623779296877,2718.870870768229,2400.993546142578,3257.3743939311107,1096.7429025157708,4018.066930770861,True,True,True,True,False,True,True,False,False,90.49615936780131,noise,41.759152029852665,False,False,False,False,,Electrical Equipment,Heavy Electrical Equipment,94.42559379544353,True,False
INDOTHAI.NS,2026-09-30,33.52000045776367,33.534166971842446,46.49294376373291,80.34235694885254,198.15534639994303,218.1925892829895,33.51496659784381,29.0,465.2762221522356,False,False,False,False,False,False,False,True,False,-87.51816365362426,dry,16.564662183737656,False,False,False,False,,Capital Markets,Stockbroking & Allied,0.19389238972370335,False,False
INDOUS.NS,2026-09-30,78.22000122070312,78.13166618347168,80.092499838935,81.01220001220703,94.80300003051758,102.31165000915527,78.13889923474795,70.0,159.0,False,False,False,False,False,False,False,True,False,-41.041680635967296,green,169.09194322488287,False,False,False,False,,Agricultural Food & other Products,Other Agricultural Products,13.911778962675713,False,False
INDOMIM.NS,2026-09-30,,,,,,,,,,False,False,False,False,False,False,False,False,False,,noise,,False,True,False,False,,Industrial Manufacturing,Industrial Products,,False,False
INDOCO.NS,2026-09-30,261.6700134277344,253.89416631062826,244.0260297987196,239.01491943359375,223.3652891031901,222.00009880065917,256.24600438609605,162.04969204761224,317.0754661004704,True,True,False,True,True,True,True,True,False,-10.29403425824269,noise,84.35559668804862,False,True,False,False,,Pharmaceuticals & Biotechnology,Pharmaceuticals,51.672321861366946,False,False
IGCL.NS,2026-09-30,56.79999923706055,62.69333299001058,68.94055483076308,70.56079948425293,65.48713305155437,67.76599983215333,61.42786621630309,49.459999084472656,111.4000015258789,False,False,False,True,False,False,False,False,False,-44.76857131495928,noise,69.30665562368208,False,False,False,False,,Fertilizers & Agrochemicals,Pesticides & Agrochemicals,10.664081434803684,False,False
INDOKEM.NS,2026-09-30,,,,,,,,,,False,False,False,False,False,False,False,False,False,,noise,,False,True,False,False,,Chemicals & Petrochemicals,Specialty Chemicals,,False,False
WAAREEINDO.NS,2026-09-30,209.9499969482422,241.8416659037272,264.98749923706055,281.70399993896484,359.1640003458659,381.38100105285645,233.44748380978683,205.5500030517578,725.0,False,False,False,False,False,False,False,False,False,-60.532006367069854,noise,74.95776053261558,False,False,False,True,,Electrical Equipment,Heavy Electrical Equipment,3.3931168201648085,False,False
INDOSTAR.NS,2026-09-30,213.5399932861328,224.50749969482422,242.78444459703235,245.15780029296874,231.3207334391276,230.98230026245116,221.70693710563177,179.02999877929688,292.0,False,True,False,True,False,False,False,False,False,-13.248020076760735,noise,69.28398534967155,False,True,False,False,,Finance,Non Banking Financial Company (NBFC),47.746000969461946,False,False
INDOWIND.NS,2026-09-30,8.6899995803833,8.870833237965902,8.966388940811157,9.015200061798096,9.26366668701172,10.305450000762939,8.839875153247304,7.0,18.940000534057617,False,False,False,False,False,False,False,False,False,-46.68711664338453,red,106.92276524118405,False,False,False,False,,Power,Power Generation,9.30683470673776,False,False
INDRAMEDCO.NS,2026-09-30,348.95001220703125,360.6065165201823,360.56774139404297,362.13844909667966,379.57577046712237,387.5311981201172,359.0909814644595,338.2381366516899,633.800908786859,False,False,False,False,False,False,False,False,True,-20.67648128999988,red,107.38385864225894,False,False,False,False,,Healthcare Services,Hospital,38.39069316529326,False,False
IGL.NS,2026-09-30,145.61000061035156,146.70083363850912,149.57416661580405,150.3433999633789,156.80133392333985,162.09338249206542,146.0210198072066,139.1999969482422,219.28693712723197,False,False,False,False,False,False,False,False,False,-28.83497370583935,green,167.51498871003088,False,False,False,False,,Gas,LPG/CNG/PNG/LNG Supplier,27.823557925351427,False,False
INDUSTOWER.NS,2026-09-30,373.20001220703125,375.97083282470703,377.6902779473199,376.58946105957034,394.35892923990883,401.3051629638672,373.9950805014814,325.5481676644739,464.0362575162202,False,False,False,False,False,False,True,False,False,12.932398206308516,ppv,141.31995833598458,False,False,False,False,,Telecom - Services,Telecom - Infrastructure,73.87300048473098,True,False
INDUSINDBK.NS,2026-09-30,901.4000244140625,934.8833363850912,981.1583319769966,990.127001953125,931.923496500651,923.8216384887695,925.2110557445455,721.3815568838367,1077.8499755859375,False,True,True,True,False,False,True,False,False,22.74625090271476,green,139.24549742200733,False,True,False,False,,Banks,Private Sector Bank,78.67183713039263,True,False
INFINIUM.NS,2026-09-29,266.5,266.41666920979816,254.6375028822157,241.51000213623047,219.66533416748047,219.82025032043458,265.6994103386764,189.39999389648438,285.5,True,False,False,True,True,True,True,True,False,5.5445544554455495,noise,73.6377025036819,False,False,False,False,,Pharmaceuticals & Biotechnology,Pharmaceuticals,67.57149781871061,False,False
NAUKRI.NS,2026-09-30,1219.5,1260.691670735677,1307.6111178927952,1285.163818359375,1100.8523583984374,1140.47220703125,1255.5179019511952,905.5050975494345,1409.9441898084212,True,False,False,True,False,True,True,False,False,-6.66430605818401,noise,95.56157259332323,False,False,False,False,,Retailing,Internet & Catalogue Retail,55.50169655841009,False,False
INFOBEAN.NS,2026-09-30,143.5,149.13250096638998,155.23527654012045,158.05857971191406,159.37586822509766,172.0528621673584,147.91838199670403,115.81316422652213,255.98189583973354,False,False,False,False,False,False,False,False,False,22.008265292149453,noise,22.734844788121507,False,True,False,False,,IT - Software,Computers - Software & Consulting,78.28405235094522,True,False
INFOLLION.NS,2026-09-29,152.5500030517578,154.54166666666666,156.43055555555554,157.66399963378908,207.16633280436199,248.46699935913085,153.7527754412741,145.0,483.79998779296875,False,False,False,False,False,False,False,False,False,-67.42820517481942,noise,88.67667121418826,False,False,False,False,,Commercial Services & Supplies,Diversified Commercial Services,1.793504604944256,False,False
INFOMEDIA.NS,2026-09-30,5.380000114440918,5.336666703224182,5.281111121177673,5.327800006866455,5.486399984359741,5.6084499931335445,5.318646755776791,4.5,8.050000190734863,False,False,False,False,True,False,False,True,False,-20.059433890141676,green,146.7667136903893,False,False,False,False,,Printing & Publication,Printing & Publication,39.214735821619,False,False
INFY.NS,2026-09-30,994.0999755859375,1030.2333374023438,1087.8916693793403,1102.267998046875,1144.0647131347657,1241.037389831543,1020.7478593346625,980.4000244140625,1691.3991593070652,False,False,False,False,False,False,False,False,False,-28.481099145725196,red,127.84168042933075,False,False,False,False,,IT - Software,Computers - Software & Consulting,28.259815802229767,False,False
INGERRAND.NS,2026-09-30,4144.0,4216.8666585286455,4519.791680230035,4465.052001953125,4251.9463720703125,4048.4138989257813,4243.743411926549,3049.5386808320995,4955.0,False,True,True,True,False,True,True,False,False,7.267888752174745,noise,97.50168552986428,False,False,False,False,,Industrial Products,"Compressors, Pumps & Diesel Engines",68.97721764420747,False,False
INNOVACAP.NS,2026-09-30,1159.800048828125,1216.9916687011719,1131.8652750651042,1084.6509997558594,912.2976647949218,858.0492630004883,1225.2272221362673,622.0,1353.5,True,True,True,True,True,True,True,False,False,40.410995293442184,red,600.3751801409592,False,False,False,False,,Pharmaceuticals & Biotechnology,Pharmaceuticals,85.50654386815317,True,True
INNOVANA.NS,2026-09-30,292.54998779296875,298.50416564941406,307.4874988132053,314.21099853515625,341.26966674804686,355.5637496948242,297.41015729174245,283.1000061035156,524.9500122070312,False,False,False,False,False,False,False,False,False,-39.98974609375,green,139.0725092378009,False,True,False,False,,IT - Software,Computers - Software & Consulting,15.026660203587008,False,False
INNOVISION.NS,2026-09-30,,,,,,,,,,False,False,False,False,False,False,False,False,False,,dry,13.028574220127357,False,False,False,False,,Transport Infrastructure,"Road AssetsToll, Annuity, Hybrid-Annuity",,False,False
INOXGREEN.NS,2026-09-30,161.07000732421875,171.07000223795572,174.16222212049695,176.4197998046875,175.37833272298178,177.94474922180177,169.38508490956195,132.5800018310547,279.0,False,False,False,False,False,False,False,False,False,-19.909498863614385,noise,33.52985090056392,False,False,False,False,,Commercial Services & Supplies,Diversified Commercial Services,39.50557440620456,False,False
INOXINDIA.NS,2026-09-30,2052.5,2072.7250061035156,2074.42776828342,2037.1019946289061,1704.068643391927,1559.8430987548827,2091.2834441713876,1066.9168905614442,2339.5,True,True,True,True,True,True,True,False,False,77.0608605639194,noise,54.253011472644374,False,False,False,False,,Industrial Products,Other Industrial Products,93.40765874939409,True,True
INOXWIND.NS,2026-09-30,69.51000213623047,74.2516663869222,74.11583264668782,74.92619964599609,84.4091997273763,91.46074977874756,73.24464555728035,68.0,159.3000030517578,False,False,False,False,False,False,False,False,False,-50.434969043395604,noise,75.77160088556509,False,False,False,False,,Electrical Equipment,Heavy Electrical Equipment,7.852641783809985,False,False
INSECTICID.NS,2026-09-30,584.2999877929688,599.2999979654948,605.7041642930773,613.9369982910156,650.3889986165365,650.935424194336,597.9041775522677,518.5999755859375,775.0210639436292,False,False,False,False,False,False,True,False,False,-22.963965032557667,noise,24.66772556258778,False,True,False,False,,Fertilizers & Agrochemicals,Pesticides & Agrochemicals,35.62772661173049,False,False
INA.NS,2026-09-30,,,,,,,,,,False,False,False,False,False,False,False,False,False,,red,103.43692858776494,False,False,False,False,,Power,Power Generation,,False,False
INSPIRE.NS,2026-09-29,9.0,9.083333333333334,8.790277772479588,8.885,9.596000013351441,9.952000029087067,9.00265858453455,6.800000190734863,17.899999618530273,False,False,False,False,True,True,False,False,False,-48.71794648859819,dry,0.0,False,False,False,False,,Entertainment,Media & Entertainment,8.531265147842946,False,False
INSPIRISYS.NS,2026-09-30,87.16000366210938,86.33916727701823,89.36722225613065,92.10299987792969,95.19466659545898,93.39490005493164,87.09531813496064,69.91999816894531,133.89999389648438,False,True,False,False,False,False,False,True,False,-9.585059872938928,green,112.86378365282698,False,False,False,False,,IT - Services,IT Enabled Services,52.69025690741639,False,False
ESSENTIA.NS,2026-09-30,1.0,1.0233333110809326,1.1094444294770558,1.1205999875068664,1.2959163896242778,1.3434372907876968,1.0204638953799559,1.0,2.0799999237060547,False,False,False,False,False,False,False,False,False,-44.75137946886662,noise,21.513697432421782,False,False,False,True,,Commercial Services & Supplies,Trading & Distributors,10.71255453223461,False,False
IPSL.NS,2026-09-29,215.0,215.0,214.82226943969727,217.70933959960936,229.79172302246093,240.19436614990235,214.9410792467798,171.88994880392372,364.61053198029214,False,False,False,False,False,False,False,True,False,-38.16086433225053,dry,0.0,False,False,False,False,,Commercial Services & Supplies,Diversified Commercial Services,16.820164808531267,False,False
INTELLECT.NS,2026-09-30,613.6500244140625,643.8458302815756,672.7527770996094,688.0720007324219,700.7093322753906,742.049130859375,638.1102492024679,589.5214019484429,1232.7256944645226,False,False,False,False,False,False,False,False,False,-36.42919459654205,green,114.61568030768056,False,False,False,False,,IT - Software,Computers - Software & Consulting,18.128938439166262,False,False
INTENTECH.NS,2026-09-30,84.45999908447266,81.17916679382324,81.07611083984375,82.43079956054687,92.2832666015625,97.62989990234375,82.41379877404198,66.30000305175781,145.0,False,False,False,False,True,False,False,True,True,-36.908939893112105,noise,61.269080642666715,False,False,False,False,,IT - Services,IT Enabled Services,17.644207464857004,False,False
INTERARCH.NS,2026-09-30,1673.4000244140625,1692.9416605631511,1699.7867058648003,1724.2738940429688,1805.0539583333334,1880.9727593994141,1695.4165884228564,1588.1481694240197,2742.1363509030452,False,False,False,False,False,False,False,False,False,-13.972129428255286,noise,66.49297514281302,False,False,False,False,,Construction,Civil Construction,46.67959282598158,False,False
INDIGO.NS,2026-09-30,4984.0,4902.875,5052.208333333333,5109.87,4793.703338216146,4826.041004638671,4931.114795499666,3895.199951171875,5970.0,True,False,False,True,False,False,True,True,False,-12.668652531978275,noise,97.87797418615894,False,False,False,False,,Transport Services,Airline,48.71546291808046,False,False
INM.NS,2026-09-29,150.0,151.95316950480142,156.61944452921549,161.97558532714845,168.95014394124348,181.44445114135743,147.90654837852892,136.0,686.8864925608916,False,False,False,False,False,False,False,True,False,-74.75477431224326,green,661.3756613756614,True,False,False,False,,Consumer Durables,"Furniture, Home Furnishing",1.1148812409112943,False,False
IGIL.NS,2026-09-30,315.8999938964844,322.9083302815755,329.6633945041233,334.5584368896484,341.0894447835286,334.97313583374023,323.07346522312764,282.67090105928503,385.39286639838434,False,True,False,False,False,False,True,False,False,-7.0593983675031335,noise,89.89429222730756,False,False,False,False,,Commercial Services & Supplies,Diversified Commercial Services,55.113911778962674,False,False
INTLCONV.NS,2026-09-30,80.01000213623047,78.23630714416504,77.49051920572917,76.5577392578125,76.71132977803548,78.22584508895874,79.21889232766405,59.60206698077789,113.78034412666766,True,False,False,False,True,True,False,True,False,-18.444524337732727,noise,47.02410805573223,False,False,False,False,,Industrial Manufacturing,Industrial Products,41.34755210857974,False,False
ISFT.NS,2026-09-30,95.86000061035156,94.51333300272624,88.52861128913031,85.83799987792969,79.19920008341471,81.63390007019044,96.16996800646905,54.04999923706055,114.94999694824219,True,False,False,True,True,True,True,False,False,-3.2401323249831027,dry,8.87614223159159,False,False,False,False,,Retailing,E-Retail/ E-Commerce,59.23412506059137,False,False
INVPRECQ.NS,2026-09-30,,,,,,,,,,False,False,False,False,False,False,False,False,False,,noise,,False,False,True,False,,Industrial Products,Castings & Forgings,,False,False
INVENTURE.NS,2026-09-30,0.8600000143051147,0.8816666652758917,0.9033333394262526,0.9036000049114228,0.9508000000317891,0.9992499995231628,0.877488773500607,0.7200000286102295,1.5800000429153442,False,False,False,False,False,False,False,False,False,-43.421050980480736,noise,48.460670050159585,False,False,False,False,,Capital Markets,Stockbroking & Allied,12.021328162869608,False,False
IKS.NS,2026-09-30,1747.5,1801.0833536783855,1785.3555603027344,1789.5100048828126,1657.4126708984375,1657.264002685547,1795.1010286741034,1262.0,1970.0,True,True,True,True,False,True,True,False,False,16.213344200624924,noise,84.07252554883289,False,False,False,False,,IT - Services,IT Enabled Services,75.76345128453708,True,False
IOLCP.NS,2026-09-30,207.0800018310547,199.74083455403647,189.3149994744195,179.5433999633789,133.35266657511394,119.01856731414794,201.7055026550183,67.07081715721031,219.0399932861328,True,True,True,True,True,True,True,True,False,104.21005842346109,noise,87.32260797457452,False,False,False,False,,Pharmaceuticals & Biotechnology,Pharmaceuticals,95.6858943286476,True,True
IONEXCHANG.NS,2026-09-30,411.1499938964844,425.16666412353516,401.96239301893445,403.8893853759766,388.54144104003905,383.88033386230467,420.6678873774807,311.64769712027083,484.3644916198611,True,True,True,True,True,True,True,False,False,1.8613029415456062,noise,49.53955781921234,False,False,False,False,,Other Utilities,Water Supply & Management,64.80853126514783,False,False
IPRINGLTD.NS,2026-09-30,,,,,,,,,,False,False,False,False,False,False,False,False,False,,noise,,False,False,False,False,,Auto Components,Auto Components & Equipments,,False,False
IPCALAB.NS,2026-09-30,1927.0,1964.875,1936.3027750651042,1882.2244360351563,1684.0390445963542,1626.7554876708984,1955.3645517435775,1247.2697331943216,2038.0,True,True,True,True,True,True,True,False,False,46.825370177305814,noise,75.85779188406482,False,False,False,False,,Pharmaceuticals & Biotechnology,Pharmaceuticals,87.54241396025206,True,True
IRB.NS,2026-09-30,17.489999771118164,18.06999985376994,18.86833323372735,19.12592269897461,20.36189135233561,20.45572461128235,17.83955318140249,16.75,23.835262248930352,False,False,False,False,False,False,False,False,False,-14.392706433208446,green,115.52015714526414,False,False,False,False,,Construction,Civil Construction,46.097915656810464,False,False
IRBINVIT.NS,2026-09-29,64.16999816894531,64.42666721343994,64.326111263699,63.86498344421387,60.20673110961914,59.56933931350708,64.46431853920801,54.138185447605636,65.25,True,True,True,True,True,False,True,False,False,13.180903355822004,noise,71.43797500856083,False,False,False,False,,Transport Infrastructure,"Road AssetsToll, Annuity, Hybrid-Annuity",74.30925836160931,True,False
IRCON.NS,2026-09-30,117.08999633789062,108.13867632548015,116.10778321160211,119.31529266357421,130.91683497111003,137.78407459259034,108.94644393812243,101.5999984741211,183.78538352585957,False,False,False,False,False,False,False,True,False,-30.529147826168835,ppv,2605.9096684250376,True,False,False,False,,Construction,Civil Construction,25.73921473582162,False,False
IRISDOREME.NS,2026-09-30,61.54999923706055,63.31999969482422,60.46388869815402,57.82299995422363,43.3532000096639,41.17914999008179,63.33345828287796,26.350000381469727,68.0,True,True,True,True,True,True,True,False,False,91.0304062853706,dry,13.459796854171538,False,False,False,False,,Textiles & Apparels,Garments & Apparels,94.52253999030538,True,True
IRIS.NS,2026-09-30,223.3800048828125,234.3508326212565,243.18777762518988,244.7852001953125,244.5677335611979,254.44804977416993,233.0740882742478,203.0,388.1000061035156,False,False,False,False,False,False,False,False,False,-31.26769080528846,noise,34.50650458839205,False,False,False,False,,IT - Software,Software Products,24.769752787203103,False,False
IRMENERGY.NS,2026-09-30,264.45001220703125,267.9916687011719,278.55775366889105,276.0528057861328,260.3847014363607,259.84796463012697,268.5918654072332,164.51785884218728,375.9840192991765,True,True,False,True,False,True,False,False,False,-27.79251703486201,noise,29.578044649360663,False,False,False,False,,Gas,LPG/CNG/PNG/LNG Supplier,29.42317014057198,False,False
ISGEC.NS,2026-09-30,883.0999755859375,834.7440846761068,790.0539771185981,800.9043139648437,900.8334326171876,880.1527838134766,854.6564217366293,678.7306555105498,1105.399615026135,False,True,False,False,True,True,True,True,False,1.6611522109232002,noise,97.10746494291821,False,False,False,False,,Construction,Civil Construction,64.5661657779932,False,False
ISHANCH.NS,2026-09-30,47.81999969482422,48.919166564941406,46.854166666666664,48.06480018615723,54.978666915893555,56.73210014343262,48.60898025645825,41.709999084472656,83.37000274658203,False,False,False,False,False,False,False,False,False,-24.167461697712046,noise,69.83802225385257,False,False,False,False,,Chemicals & Petrochemicals,Specialty Chemicals,33.97964129907901,False,False
ISHAN.NS,2026-09-29,0.5,0.5,0.4986111107799742,0.4919999980926514,0.5829999995231628,0.6214999988675117,0.5015398272177103,0.44999998807907104,0.949999988079071,False,False,False,False,True,False,False,False,False,-44.44444297272479,dry,0.0,False,False,False,False,,Industrial Manufacturing,Industrial Products,11.003393116820165,False,False
ISTLTD.NS,2026-09-30,,,,,,,,,,False,False,False,False,False,False,False,False,False,,noise,,False,False,False,False,,Auto Components,Auto Components & Equipments,,False,False
ITALIANE.NS,2026-09-29,30.5,30.62083339691162,31.666666560702854,31.713999977111815,35.50866649627685,33.836249885559084,30.73294333449471,24.049999237060547,49.0,False,True,False,False,False,False,False,False,False,-22.686946995822012,noise,33.557046979865774,False,False,False,False,,Food Products,Packaged Foods,36.015511391177895,False,False
ITC.NS,2026-09-30,262.75,265.30416615804035,266.5638877020942,271.6089990234375,285.20277404785156,296.4760105895996,265.28468905770296,255.5,406.5707642578344,False,False,False,False,False,False,False,False,False,-31.374721088491764,red,101.7393287138829,False,False,False,False,,Diversified FMCG,Diversified FMCG,24.721279689772178,False,False
ITCHOTELS.NS,2026-09-30,164.1300048828125,158.6308339436849,160.7441669040256,161.96199920654297,161.3984711710612,167.72705574035643,160.18849157546376,136.40565982941717,230.48879727483552,False,False,False,False,True,False,False,True,False,-27.308433916672094,noise,92.94821588057435,False,False,False,False,,Leisure Services,Hotels & Resorts,29.956374212312163,False,False
ITI.NS,2026-09-30,246.39999389648438,252.31249872843424,266.60277938842773,270.2950015258789,281.07833384195965,284.8180005645752,251.32400299666676,237.0,372.8500061035156,False,False,False,False,False,False,False,False,False,-18.30239094494097,ppv,444.2504879331085,False,False,False,False,,Telecom -  Equipment & Accessories,Telecom -  Equipment & Accessories,41.54144449830344,False,False
ITL.NS,2026-09-30,,,,,,,,,,False,False,False,False,False,False,False,False,False,,noise,,False,True,False,False,,Industrial Manufacturing,Industrial Products,,False,False
IVALUE.NS,2026-09-30,222.75999450683594,226.03083292643228,247.07777659098306,255.99299865722656,253.23126658121745,252.7123999786377,225.98676051678456,200.8800048828125,340.0,False,True,False,True,False,False,False,False,False,-22.00280471069155,noise,27.64688691913879,False,True,False,False,,IT - Services,IT Enabled Services,36.74260785264178,False,False
IVP.NS,2026-09-30,225.91000366210938,222.5608342488607,204.6327773200141,191.69417724609374,163.22829559326172,158.00973678588866,224.31036913285902,108.90937920381369,232.0,True,True,True,True,True,True,True,True,False,44.43111639117072,noise,59.71726644725873,False,False,False,False,,Chemicals & Petrochemicals,Specialty Chemicals,86.47600581677169,True,True
IZMO.NS,2026-09-30,874.7999877929688,905.1166636149088,898.1124979654948,934.2110009765624,855.7353340657552,832.2324996948242,897.90781441597,569.3499755859375,1374.699951171875,True,True,False,True,False,True,False,False,False,-31.725594750967232,noise,67.99347888987164,False,False,False,False,,IT - Services,IT Enabled Services,24.23654871546292,False,False
J&KBANK.NS,2026-09-30,138.64999389648438,145.00000127156576,147.8183339436849,151.76680084228516,144.5010004679362,134.08525032043457,143.55846303370924,97.3499984741211,201.75,False,True,True,True,False,True,False,False,False,32.00989765584434,noise,48.4612944365295,False,False,False,False,,Banks,Private Sector Bank,82.69510421715948,True,False
JKCEMENT.NS,2026-09-30,5076.0,4992.333333333333,5097.236111111111,5218.65,5297.731393229166,5388.8175048828125,5006.56986845839,4654.177313328525,6739.416026951673,False,False,False,False,False,False,True,True,False,-19.128688692164864,ppv,277.39946062948735,False,False,False,False,,Cement & Cement Products,Cement & Cement Products,40.523509452254,False,False
JKIL.NS,2026-09-30,463.29998779296875,473.3624954223633,484.3262939453125,484.61090759277346,487.64249226888023,506.3909683227539,469.4899389781274,421.42745093534194,666.3511778387405,False,False,False,False,False,False,False,False,False,-26.646128851516792,ppv,139.52966217254414,False,False,False,False,,Construction,Civil Construction,31.07125545322346,False,False
JGCHEM.NS,2026-09-30,645.0999755859375,611.4961903889974,609.3526662190756,586.3434063720703,460.1092848714193,431.9426348876953,623.1737493524453,297.86220044828514,688.0,True,True,True,True,True,True,True,True,True,60.443082217888474,red,191.25332506110595,False,False,False,False,,Chemicals & Petrochemicals,Commodity Chemicals,90.69316529326224,True,True
JAGRAN.NS,2026-09-30,62.29999923706055,62.294999758402504,61.998055352105034,62.25879974365235,60.623634847005206,60.288100776672366,62.31991874000059,51.89130373947772,68.81048404363386,True,True,True,True,True,False,True,False,False,0.8113141265410295,noise,53.185224897419204,False,False,False,False,,Media,Print Media,63.839069316529326,False,False
JAGSNPHARM.NS,2026-09-30,237.74000549316406,232.3016675313314,232.83063125610352,231.2760739135742,210.91857421875,202.6319773864746,235.32094378194216,152.44877845211974,260.14646303072993,True,True,True,True,True,True,True,True,False,10.237870814375484,noise,48.84139684279577,False,False,False,False,,Pharmaceuticals & Biotechnology,Pharmaceuticals,71.83713039263209,True,True
JAIBALAJI.NS,2026-09-30,62.2400016784668,64.06833394368489,66.79833369784885,65.51820022583007,67.81386678059896,67.90645025253296,64.22581880095618,53.650001525878906,102.0,False,False,False,False,False,False,False,False,False,-34.04683705943724,noise,36.451936020150264,False,False,False,False,,Ferrous Metals,Iron & Steel,21.037324285021814,False,False
JAICORPLTD.NS,2026-09-30,91.69000244140625,93.45379257202148,97.2955207824707,98.5968148803711,106.11272567749023,109.44064910888672,93.50764355288179,87.53399287997689,172.48175223782184,False,False,False,False,False,False,False,False,False,-33.91300904971155,noise,63.22345606330402,False,False,False,False,,Industrial Products,Plastic Products - Industrial,21.182743577314593,False,False
JISLDVREQS.NS,2026-09-30,19.139999389648438,20.379999955495197,20.915277851952446,21.23720001220703,22.367466672261557,23.159300003051758,20.055659918420623,18.5,34.22999954223633,False,False,False,False,False,False,False,False,False,-42.26244793772758,dry,19.649361681566013,False,False,False,True,,Industrial Products,Plastic Products - Industrial,12.69995152690257,False,False
JISLJALEQS.NS,2026-09-30,27.93000030517578,29.234999815622967,28.955833276112873,29.284799919128417,31.181733258565266,32.88649998664856,28.976656693776178,26.110000610351562,55.790000915527344,False,False,False,False,False,False,False,False,False,-46.85061710623521,noise,44.83807667249791,False,False,False,False,,Industrial Products,Plastic Products - Industrial,9.161415414444983,False,False
JAINREC.NS,2026-09-30,,,,,,,,,,False,False,False,False,False,False,False,False,False,,noise,53.909040619483896,False,True,False,False,,Diversified Metals,Diversified Metals,,False,False
JAINAM.NS,2026-09-29,201.5,208.47916666666666,222.1638887193468,226.4579998779297,228.2606669108073,229.05775032043456,207.40378534879596,169.0,312.0,False,False,False,False,False,False,False,False,False,-20.2138200098519,noise,71.42857142857143,False,False,False,False,,Ferrous Metals,Ferro & Silica Manganese,39.06931652932622,False,False
JAMNAAUTO.NS,2026-09-30,136.35000610351562,131.48795064290366,125.54833285013835,127.81380233764648,125.41169459025065,126.09705730438232,133.81302343635613,87.88870597445316,150.8288738594787,True,False,True,True,True,True,True,True,False,38.350478959955424,green,102.69051371388038,False,False,False,False,,Auto Components,Auto Components & Equipments,84.73097430925837,True,False
JSFB.NS,2026-09-30,489.29998779296875,517.0333302815756,537.6430511474609,542.9279956054687,472.04633239746096,453.17549911499026,514.591245952483,330.0,606.9500122070312,True,True,True,True,False,True,True,False,False,7.597578404171257,noise,45.820820245289504,False,False,False,False,,Banks,Other Bank,69.51042171594764,False,False
JARO.NS,2026-09-30,,,,,,,,,,False,False,False,False,False,False,False,False,False,,noise,79.45610376191885,False,True,False,False,,Other Consumer Services,E-Learning,,False,False
JASH.NS,2026-09-30,591.6500244140625,559.8791758219401,511.15702141655817,508.42150024414065,456.36847025553385,443.5704971313477,572.726326489739,325.9500949533864,619.4000244140625,True,True,False,True,True,True,True,True,False,18.321504857713776,red,169.52223913523937,False,False,False,False,,Industrial Manufacturing,Industrial Products,76.5390208434319,True,False
JAYBARMARU.NS,2026-09-30,128.38999938964844,117.11666615804036,121.55526415506999,130.14059814453125,123.01593221028646,115.68937896728515,120.6994857057147,73.75201610137978,205.8889662970584,True,True,True,True,False,True,False,True,False,25.35963638381724,green,153.31897966427414,False,False,False,False,,Auto Components,Auto Components & Equipments,80.02908385845856,True,False
KORE.NS,2026-09-29,188.1999969482422,175.24583307902017,152.39999961853027,157.90699935913085,136.4716667175293,138.18950008392335,175.09830928194566,85.0,212.3000030517578,True,False,False,True,True,True,True,True,False,8.723275743674218,red,175.72692793931733,False,False,False,False,,Retailing,Diversified Retail,70.62530295685895,True,False
JAYSREETEA.NS,2026-09-30,85.73999786376953,88.68000030517578,93.94750001695421,91.24599990844726,87.16600006103516,86.63604991912842,88.37552167490877,70.55000305175781,112.69999694824219,False,True,False,True,False,False,True,False,False,-9.01952482245102,noise,34.833206727143754,False,False,False,False,,Agricultural Food & other Products,Tea & Coffee,53.17498788172564,False,False
JAYAGROGN.NS,2026-09-30,223.17999267578125,230.1958325703939,229.22249942355685,227.0790200805664,208.37207041422525,202.98334197998048,230.32529794150074,144.96388034382235,265.0,True,True,True,True,False,True,True,False,False,-6.655555269076984,noise,33.08131684153356,False,False,False,False,,Chemicals & Petrochemicals,Specialty Chemicals,55.55016965584101,False,False
JAYNECOIND.NS,2026-09-30,92.79000091552734,89.91083399454753,92.8966670566135,91.80540023803711,90.97466679890951,88.2187000656128,90.70206255771889,64.4000015258789,117.0,True,True,True,True,True,True,True,True,False,37.875180843849535,green,118.94724751905035,False,False,False,False,,Industrial Products,Iron & Steel Products,84.48860882210373,True,True
JAYKAY.NS,2026-09-30,,,,,,,,,,False,False,False,False,False,False,False,False,False,,noise,87.06125330956696,False,False,False,False,,Aerospace & Defense,Aerospace & Defense,,False,False
JBMA.NS,2026-09-30,556.5,586.8458302815756,614.5677422417534,626.76986328125,626.6884151204428,617.1899850463867,581.9459860158463,476.3411078671452,737.4798969586368,False,True,False,True,False,False,True,False,False,-16.856429939723007,noise,45.92837449022128,False,False,False,False,,Auto Components,Auto Components & Equipments,42.704798836645665,False,False
JSLL.NS,2026-09-30,500.79998779296875,505.0150375366211,506.1432834201389,522.6140539550781,585.8851106770834,612.0549356079101,506.5326956292878,480.82307067771427,831.6028981949348,False,False,False,False,False,False,False,False,False,-36.74433790186673,red,102.27003419378171,False,True,False,False,,Leisure Services,Wellness,17.838099854580708,False,False
JENBURPH.NS,2026-09-30,,,,,,,,,,False,False,False,False,False,False,False,False,False,,noise,,False,False,False,True,,Pharmaceuticals & Biotechnology,Pharmaceuticals,,False,False
JETFREIGHT.NS,2026-09-30,20.739999771118164,20.984166463216145,21.423055595821804,21.775200004577638,20.811200002034504,19.907549991607667,21.001156292254482,12.0,25.950000762939453,False,True,True,True,False,True,True,False,False,58.80550616189695,noise,40.66498025124897,False,False,False,False,,Transport Services,Logistics Solution Provider,90.45079980610761,True,False
JETKNIT.NS,2026-09-29,48.45000076293945,48.45000076293945,51.2805560429891,54.28400047302246,74.98533228556315,78.53899845123291,48.51057064476705,48.45000076293945,109.0,False,False,False,False,False,False,False,False,False,-55.550458015651884,dry,0.0,False,False,False,True,,Textiles & Apparels,Garments & Apparels,5.380513814832768,False,False
JFLLIFE.NS,2026-09-29,10.0,10.249999841054281,10.812499867545235,11.292999935150146,10.200121161142985,10.551590867042542,10.214739504694947,8.550000190734863,15.399999618530273,False,False,False,True,False,False,False,False,False,-21.259841337126506,red,310.2189781021898,False,False,False,False,,Pharmaceuticals & Biotechnology,Pharmaceuticals,37.61512360639845,False,False
JHS.NS,2026-09-30,12.449999809265137,9.00250013669332,8.576111104753283,8.33020001411438,8.335933329264323,8.813099975585937,9.476773096509344,6.260000228881836,13.899999618530273,True,False,False,False,True,True,True,True,False,15.491652297412983,ppv,1366.9483104217697,True,False,False,False,,Personal Products,Personal Care,75.37566650508968,True,False
RETAIL.NS,2026-09-30,31.760000228881836,20.233333269755047,18.40749994913737,18.002000007629395,19.059600003560384,20.566350002288818,22.697337102360635,15.8100004196167,36.9900016784668,True,False,False,False,True,True,True,True,False,-10.811570669702707,ppv,368.78685865731893,False,False,False,False,,Retailing,Diversified Retail,50.79980610761028,False,False
JINDRILL.NS,2026-09-30,600.5999755859375,595.9291737874349,620.190426296658,615.8916845703125,578.366245320638,560.8854652404785,603.6626431085122,439.3905910515948,704.4000244140625,True,True,True,True,False,True,True,False,False,1.2061974593724267,noise,21.57627230662787,False,False,False,False,,Oil,Offshore Support Solution Drilling,64.08143480368396,False,False
JINDALPHOT.NS,2026-09-30,1040.5,1085.875,1051.2472161187065,1054.6219946289064,1092.1096638997396,1176.006749267578,1061.9444588555782,971.0999755859375,1616.5999755859375,False,False,False,False,False,False,False,False,False,-5.460655725886376,noise,23.681144361668323,False,False,False,False,,Finance,Investment Company,56.858943286476006,False,False
JINDALPOLY.NS,2026-09-30,672.5499877929688,710.3958384195963,676.3666636149088,663.5389978027343,704.3526643880208,640.9534985351562,693.1072845041587,365.0,1026.449951171875,False,True,True,False,True,True,False,False,False,22.739296069010773,dry,15.146330501083952,False,False,False,False,,Industrial Products,Packaging,78.6233640329617,True,False
JPOLYINVST.NS,2026-09-30,933.4000244140625,963.0791676839193,986.6055552164713,1002.1659973144531,1074.3266650390624,1065.1859970092773,955.9087354715741,852.0999755859375,1487.699951171875,False,True,False,False,False,False,False,False,False,-1.7732150050973394,dry,12.266776472553087,False,True,False,False,,Finance,Investment Company,60.93068347067378,False,False
JINDALSAW.NS,2026-09-30,277.70001220703125,285.2666702270508,291.6291681925456,283.40700103759764,246.2552480061849,228.1766968536377,284.8552711735625,151.60325107352764,320.0,True,True,True,True,False,True,True,False,False,38.18090320096141,noise,59.08349183933404,False,False,False,False,,Industrial Products,Iron & Steel Products,84.63402811439651,True,False
JSL.NS,2026-09-30,747.4000244140625,741.8208363850912,733.8646596272787,732.2536279296875,728.4374251302083,744.2800180053711,744.5110538618187,649.5262533837296,879.2203373423794,True,False,False,False,True,False,True,True,False,1.8587763822830228,green,113.085520279968,False,True,False,False,,Ferrous Metals,Iron & Steel,64.76005816771692,False,False
JINDALSTEL.NS,2026-09-30,1134.9000244140625,1134.991678873698,1137.4288499620225,1123.3856201171875,1149.729617513021,1136.5650857543944,1140.4543658180405,975.3534332608737,1303.865138167474,False,True,True,False,True,False,True,False,False,6.8796549538705065,ppv,184.98344390966608,False,False,False,False,,Ferrous Metals,Iron & Steel,68.6863790596219,False,False
JINDWORLD.NS,2026-09-30,46.540000915527344,49.146666526794434,44.796944512261284,42.97080009460449,32.20686672210693,31.001350040435792,48.67350277302374,17.850000381469727,61.9900016784668,True,True,True,True,True,True,True,False,False,31.804018990299056,dry,11.936889919626472,False,False,False,False,,Textiles & Apparels,Other Textile Products,82.64663111972855,True,True
JKIPL.NS,2026-09-30,,,,,,,,,,False,False,False,False,False,False,False,False,False,,dry,10.312089469963832,False,False,False,False,,"Agricultural, Commercial & Construction Vehicles","Dealers-Commercial Vehicles, Tractors, Construction Vehicles",,False,False
JIOFIN.NS,2026-09-30,216.8800048828125,225.96583302815756,235.60805469089084,239.7096322631836,239.1365663655599,248.34210632324218,224.34877915146734,215.36000061035156,316.1097009027144,False,False,False,False,False,False,False,False,False,-25.856780241895517,red,102.12179198965272,False,True,False,True,,Finance,Investment Company,31.943771206980127,False,False
JITFINFRA.NS,2026-09-30,278.79998779296875,280.9541651407878,301.0777774386936,313.71300048828124,316.42399963378904,309.53049980163576,282.16396301609564,222.35000610351562,433.1499938964844,False,True,False,False,False,False,False,False,False,-20.71662373608929,noise,94.93501584369774,False,False,False,False,,Other Utilities,Water Supply & Management,38.342220067862335,False,False
JIWANRAM.NS,2026-09-29,4.400000095367432,4.166666746139526,4.488888925976223,4.620000038146973,5.131333344777425,5.279250013828277,4.25595960642577,4.0,8.0,False,False,False,False,False,False,False,True,False,-44.999998807907104,dry,0.0,False,False,False,False,,Industrial Products,Other Industrial Products,10.324769752787203,False,False
JKLAKSHMI.NS,2026-09-30,492.29998779296875,507.0791651407878,524.327778286404,536.1870013427734,584.4423996988933,626.5670085144043,502.95122239463615,482.04998779296875,874.9722477555258,False,False,False,False,False,False,False,False,False,-41.92746537323525,noise,52.10446744636287,False,False,False,False,,Cement & Cement Products,Cement & Cement Products,13.184682501211828,False,False
JKPAPER.NS,2026-09-30,393.70001220703125,410.45416768391925,401.42740037706164,397.35280029296877,368.1315201822917,361.2039514160156,404.992248257494,301.6864340741184,442.0,True,True,True,True,False,True,True,False,False,6.642131056760259,noise,45.96415525043482,False,True,False,False,,"Paper, Forest & Jute Products",Paper & Paper Products,68.20164808531266,False,False
JKTYRE.NS,2026-09-30,347.0,345.65416463216144,364.1652789645725,373.7306475830078,392.1971791585286,423.25609283447267,345.9085078472647,333.1000061035156,605.8045982960336,False,False,False,False,False,False,False,True,False,-2.0015630801435425,ppv,171.7586321601143,False,False,False,False,,Auto Components,Tyres & Rubber Products,60.5913717886573,False,False
JMFINANCIL.NS,2026-09-30,129.02000427246094,125.44333394368489,127.6152778201633,126.6686001586914,126.58162928263346,128.73549976348878,126.617544789004,110.30581750563591,177.98981701911703,True,False,False,False,True,False,False,True,False,-17.163860855706623,noise,78.22295574766707,False,False,False,False,,Finance,Holding Company,42.51090644692196,False,False
JNKINDIA.NS,2026-09-30,438.20001220703125,420.11260477701825,433.25856526692706,435.7009765625,389.2949252319336,349.84081970214845,427.61755618629496,200.77367542648255,557.5936417008903,True,True,True,True,True,True,True,True,False,56.00119377987234,red,106.67856074737895,False,True,False,False,,Industrial Manufacturing,Industrial Products,89.82064953950557,True,True
JOCIL.NS,2026-09-30,146.86000061035156,145.84583282470703,147.67330890231662,146.3254214477539,135.75596522013348,135.35834560394287,146.86239246749182,89.16107425379715,174.0,True,True,False,True,True,True,True,False,False,-3.899787003499089,noise,85.70481839593775,False,False,False,False,,Chemicals & Petrochemicals,Commodity Chemicals,58.458555501696566,False,False
COCKERILL.NS,2026-09-30,,,,,,,,,,False,False,False,False,False,False,False,False,False,,noise,34.255451237716755,False,False,False,False,,Industrial Manufacturing,Industrial Products,,False,False
JPPOWER.NS,2026-09-30,15.130000114440918,15.665833473205566,16.42055564456516,16.78480010986328,17.266200052897137,16.97420005321503,15.645501585176905,13.149999618530273,24.5,False,True,False,False,False,False,False,False,False,-13.1956405649166,noise,51.588477836264744,False,False,False,False,,Power,Power Generation,47.93989335918565,False,False
JSWCEMENT.NS,2026-09-30,113.37999725341797,115.69583257039388,121.74249988132053,124.84579956054688,125.89738739013671,124.25406639099121,115.31247938760066,106.25579106571017,143.39999389648438,False,True,False,False,False,False,True,False,False,-17.469980082982396,green,149.4468143180942,False,False,False,False,,Cement & Cement Products,Cement & Cement Products,42.2200678623364,False,False
JSWDULUX.NS,2026-09-30,3079.0,3129.2666829427085,3136.0777791341147,3096.6239990234376,3010.526302083333,3010.297955322266,3124.369809892208,2626.091386571249,3687.5560372755367,True,True,False,True,False,False,True,False,False,-5.515515198291732,noise,59.418264510829275,False,True,False,False,,Consumer Durables,Paints,56.810470189045084,False,False
JSWENERGY.NS,2026-09-30,494.70001220703125,509.25833384195965,529.698610941569,537.7210015869141,538.7021301269531,524.2541960144043,507.5625819644886,426.30011443485296,615.2574202859911,False,True,True,False,False,False,True,False,False,-6.492884259121457,red,102.23985351609481,False,True,False,False,,Power,Power Generation,55.79253514299564,False,False
JSWHL.NS,2026-09-30,11346.0,11136.416666666666,11420.472222222223,11432.9,12514.133333333333,13991.18,11180.957579447095,10530.0,22790.0,False,False,False,False,False,False,False,True,False,-33.90807945476787,green,900.9979705839278,True,False,False,False,,Finance,Investment Company,21.27968977217644,False,False
JSWINFRA.NS,2026-09-30,356.6000061035156,348.76666768391925,341.35555775960285,337.27500122070313,300.64144327799477,292.2726354217529,352.13800537575514,232.71809982894663,375.5,True,True,True,True,True,True,True,True,False,13.457747409493837,noise,62.71124282545173,False,False,False,False,,Transport Infrastructure,Port & Port services,74.60009694619487,True,True
JSWSTEEL.NS,2026-09-30,1253.4000244140625,1265.0499979654949,1288.4305555555557,1285.9020043945313,1251.3661678059896,1233.3094158935546,1269.750116824895,1067.0708089952848,1351.0,True,True,True,True,False,False,True,False,False,10.317616787341265,noise,87.40523774122065,False,False,False,False,,Ferrous Metals,Iron & Steel,71.98254968492486,True,False
JTEKTINDIA.NS,2026-09-30,116.58000183105469,117.32916641235352,122.99250009324815,126.9811964416504,130.48669576009115,133.31889595031737,117.4980300288104,114.19999694824219,170.3998031780798,False,False,False,False,False,False,False,False,False,-28.171406282008892,noise,28.881789812737647,False,True,False,False,,Auto Components,Auto Components & Equipments,28.79301987396995,False,False
JTLIND.NS,2026-09-30,88.27999877929688,88.14916610717773,84.89599482218425,82.15393768310547,73.09338829040527,71.09021072387695,88.77274761360741,40.19384819281051,93.86886160930845,True,True,True,True,True,True,True,False,False,29.737791668058854,noise,53.61873785988445,False,False,False,False,,Industrial Products,Iron & Steel Products,82.01648085312652,True,True
JUBLCPL.NS,2026-09-30,2061.199951171875,2105.6749877929688,2163.8166707356772,2074.3800048828125,1905.72,1959.6080010986327,2119.2491076389792,1460.0,2753.10009765625,True,False,False,True,False,True,False,False,False,-13.172415183266429,noise,26.225970654687824,False,False,False,False,,Chemicals & Petrochemicals,Specialty Chemicals,47.988366456616575,False,False
JUBLFOOD.NS,2026-09-30,456.70001220703125,478.375,487.24027676052515,478.23399963378904,457.88044921875,476.2076693725586,474.6845231327334,407.64069289260294,633.1992004085787,False,False,False,True,False,False,False,False,False,-25.818138881761865,noise,36.28087059346874,False,False,False,False,,Leisure Services,Restaurants,32.04071740184198,False,False
JUBLINGREA.NS,2026-09-30,653.2000122070312,637.0791625976562,676.8944430881077,694.7219958496094,667.5023124186198,666.6737683105468,645.4610308982832,535.497064674972,792.3323631991859,False,True,False,True,False,False,True,True,False,2.898040163971083,green,197.49232947186098,False,False,False,False,,Chemicals & Petrochemicals,Specialty Chemicals,65.43868153174988,False,False
JUBLPHARMA.NS,2026-09-30,1028.800048828125,1045.2749888102214,959.8874952528212,957.6199987792969,939.5965482584635,952.8969720458985,1043.3113019400962,782.0015188448107,1178.6978642896322,True,False,False,True,True,True,True,False,False,-2.5696148080618153,red,151.99426795020216,False,False,False,False,,Pharmaceuticals & Biotechnology,Pharmaceuticals,60.05816771691711,False,False
JMA.NS,2026-09-30,89.5999984741211,89.30249977111816,90.2146593729655,88.76372955322266,85.84687505086264,83.50160091400147,89.42049055027752,67.88733492459089,103.69999694824219,True,True,True,True,True,True,True,True,False,2.1802209742090017,noise,42.98802129056939,False,False,False,False,,Auto Components,Trading - Auto components,65.19631604459525,False,False
JNPR.NS,2026-09-30,,,,,,,,,,False,False,False,False,False,False,False,False,False,,ppv,,False,False,False,False,,Power,Power Generation,,False,False
JUNIPER.NS,2026-09-30,213.4199981689453,217.77083333333334,212.8019438849555,208.13379974365233,204.42933339436848,213.81029998779297,216.770361505781,188.5,289.20001220703125,False,False,False,False,True,False,False,False,False,-24.225101085077895,noise,34.93516593217604,False,False,False,False,,Leisure Services,Hotels & Resorts,33.834222006786234,False,False
JLHL.NS,2026-09-30,253.60000610351562,270.62916056315106,289.562498304579,298.9029986572266,275.9649619547526,272.99126266479493,267.53253081286607,235.42042234373233,340.0,False,True,False,True,False,False,False,False,False,-16.56471487854191,red,197.51773628757184,False,False,False,False,,Healthcare Services,Hospital,43.28647600581677,False,False
JWL.NS,2026-09-30,233.1199951171875,228.41833368937174,240.29333368937174,244.78820068359374,263.12413411458334,274.33185066223143,228.77853578878728,218.4499969482422,358.25,False,False,False,False,False,False,False,True,False,-30.526001013887573,ppv,1735.095457345966,False,False,False,False,,Industrial Manufacturing,Railway Wagons,25.787687833252544,False,False
JUSTDIAL.NS,2026-09-30,666.1500244140625,671.9666646321615,676.5263875325521,686.2420007324218,596.8213336181641,619.4597492980957,669.9767225833745,480.5,878.5999755859375,True,False,False,True,False,True,True,False,False,-19.663529352705687,noise,47.60893610182519,False,False,False,False,,Retailing,Internet & Catalogue Retail,39.74793989335919,False,False
JYOTHYLAB.NS,2026-09-30,186.6999969482422,191.98666763305664,199.61999977959528,200.61839996337892,210.3519032796224,221.61931594848633,190.73534143085638,183.2899932861328,319.32386836316425,False,False,False,False,False,False,False,False,False,-39.724445934144235,noise,43.52484623260692,False,False,False,False,,Household Products,Household Products,15.220552593310712,False,False
JYOTICNC.NS,2026-09-30,1039.8499755859375,1045.129170735677,993.3208380805122,944.3770031738281,805.6653356933593,827.0905017089843,1049.9106878200228,580.0999755859375,1134.5999755859375,True,False,False,True,True,True,True,False,False,22.349681811437772,noise,33.60291098944377,False,False,False,False,,Industrial Manufacturing,Industrial Products,78.57489093553079,True,False
JYOTIRES.NS,2026-09-30,,,,,,,,,,False,False,False,False,False,False,False,False,False,,noise,,False,True,False,False,,Chemicals & Petrochemicals,Specialty Chemicals,,False,False
JYOTISTRUC.NS,2026-09-30,8.899999618530273,9.088333209355673,9.89999990993076,10.275599937438965,11.400466645558675,11.053350002765656,9.114329314310993,7.940000057220459,15.489999771118164,False,True,False,False,False,False,False,False,False,-40.50802409200611,noise,79.87348846445802,False,True,False,False,,Electrical Equipment,Heavy Electrical Equipment,14.444983034415898,False,False
KCP.NS,2026-09-30,154.14999389648438,158.46833038330078,161.4191657172309,160.55795837402343,160.7200026957194,163.9661435317993,158.22786074110564,124.2062787245037,206.48053010525658,False,False,False,False,False,False,False,False,False,-19.48981928994594,noise,42.432184918023495,False,False,False,False,,Cement & Cement Products,Cement & Cement Products,40.135724672806596,False,False
KPRMILL.NS,2026-09-30,1103.300048828125,1113.4500122070312,1127.4444444444443,1108.7760034179687,1019.1033345540365,991.1093856811524,1110.023533419683,794.3546009216013,1331.0754095910231,True,True,True,True,False,True,True,False,False,0.4904648269686396,noise,64.45039973522289,False,False,False,False,,Textiles & Apparels,Other Textile Products,63.06349975763451,False,False
KPEL.NS,2026-09-30,220.41000366210938,220.8146184285482,237.12899483574762,256.09292083740235,304.41140207926435,307.83164710998534,223.0260936398495,206.29777496988675,462.15116270576704,False,False,False,False,False,False,False,False,False,-44.78029117437457,noise,65.69330257619258,False,False,False,False,,Power,Power Generation,10.615608337372757,False,False
K2INFRA.NS,2026-09-29,44.900001525878906,43.75,47.9375,50.136999969482424,53.09599988301595,55.657999973297116,43.87872560800991,38.599998474121094,82.5999984741211,False,False,False,False,False,False,False,True,False,-30.116729142600928,noise,82.02099737532808,False,False,False,False,,Construction,Civil Construction,26.369365002423656,False,False
KABRAEXTRU.NS,2026-09-30,805.5499877929688,734.9583231608073,637.5458314683702,577.2999987792969,355.8619994099935,323.389849319458,771.7216816494706,180.0,888.7000122070312,True,True,True,True,True,True,True,True,False,208.93575754284518,noise,53.853321686687806,False,False,False,False,,Industrial Manufacturing,Industrial Products,98.98206495395056,True,True
KAJARIACER.NS,2026-09-30,1235.0999755859375,1206.7255961100261,1219.4722052680122,1212.5228564453125,1129.0701346842447,1089.811450805664,1210.7496949546023,865.2617122743181,1278.9527251914608,True,True,True,True,True,True,True,True,False,7.432350286362355,ppv,840.5448708134691,False,False,False,False,,Consumer Durables,Ceramics,69.26805622879301,False,False
KAKATCEM.NS,2026-09-30,105.18000030517578,107.73500061035156,110.5102776421441,112.50954360961914,114.13435760498047,115.18378940582275,107.4507274386955,82.91615351187981,161.49140760210366,False,False,False,False,False,False,False,False,False,-27.288836170158902,noise,64.08670082683126,False,False,False,False,,Cement & Cement Products,Cement & Cement Products,30.053320407174017,False,False
KALPATARU.NS,2026-09-30,278.70001220703125,270.59999720255536,275.2472207811144,277.7239993286133,300.6989995320638,311.36524955749513,274.7406837014768,250.0,410.70001220703125,False,False,False,False,True,False,False,True,False,-26.093872263017982,noise,41.91416144061472,False,True,False,False,,Realty,"Residential, Commercial Projects",31.65293262239457,False,False
KPIL.NS,2026-09-30,1380.5999755859375,1398.2499898274739,1399.7027723524307,1370.9459936523438,1282.5880436197917,1245.4078234863282,1392.5706709513643,999.0966928066694,1468.0,True,True,True,True,True,True,True,False,False,13.438145587784089,noise,31.895964792678683,False,True,False,False,,Construction,Civil Construction,74.50315075133301,True,True
KALYANKJIL.NS,2026-09-30,553.1500244140625,577.4874979654948,593.157006157769,594.0626721191406,464.23797505696615,458.2657914733887,573.3267861688075,325.72095783386743,646.3128397837881,True,True,True,True,False,True,True,False,False,22.255574275663026,noise,46.454599772738774,False,False,False,False,,Consumer Durables,"Gems, Jewellery And Watches",78.47794474066893,True,False
KALYANI.NS,2026-09-29,144.99000549316406,144.99000549316406,142.49833552042642,141.2640005493164,139.1479977416992,138.88349739074707,144.92170943701797,138.08999633789062,144.99000549316406,True,True,True,True,True,False,True,True,False,4.9967480181474455,dry,0.0,False,False,True,False,,"Agricultural, Commercial & Construction Vehicles","Dealers-Commercial Vehicles, Tractors, Construction Vehicles",66.98982064953951,False,False
KALYANIFRG.NS,2026-09-30,991.0499877929688,979.9208323160807,884.0989312065972,806.6608618164063,669.3855985514323,656.4435125732422,979.8086975326287,520.5692625270821,1192.25,True,True,True,True,True,True,True,True,False,50.89613778831743,dry,13.671845034239277,False,False,False,False,,Industrial Products,Castings & Forgings,88.51187590887058,True,True
KICL.NS,2026-09-30,4799.0,4900.708333333333,5114.932590060764,5203.41078125,5025.604404296875,4978.676691894531,4905.376730919346,4003.6525985054345,6542.89237718979,False,True,False,True,False,False,False,False,False,-2.232652487924758,noise,87.86735504368546,False,True,False,False,,Finance,Investment Company,60.44595249636452,False,False
KSL.NS,2026-09-30,965.4000244140625,960.9083353678385,918.3458336724175,905.5688439941406,822.7260913085937,797.1845257568359,961.4867335370286,567.4828239516848,1032.9000244140625,True,True,True,True,True,True,True,True,False,28.189957393780873,noise,73.29464398824364,False,False,False,False,,Industrial Products,Iron & Steel Products,81.62869607367911,True,True
KAMAHOLD.NS,2026-09-30,,,,,,,,,,False,False,False,False,False,False,False,False,False,,noise,,False,False,False,False,,Finance,Holding Company,,False,False
KAMANWALA.NS,2026-09-30,,,,,,,,,,False,False,False,False,False,False,False,False,False,,noise,,False,False,False,False,,Realty,"Residential, Commercial Projects",,False,False
KAMATHOTEL.NS,2026-09-30,237.1999969482422,229.99833552042642,220.4897223578559,206.39339965820312,184.92753326416016,192.67769958496095,233.48102282296298,140.1999969482422,329.6000061035156,True,False,False,True,True,True,False,True,False,-20.362601279986194,noise,32.08709792085913,False,False,False,False,,Leisure Services,Hotels & Resorts,38.87542413960252,False,False
KAMDHENU.NS,2026-09-30,38.08000183105469,39.783774058024086,37.19969675276015,36.49978492736816,28.822402941385906,27.24631130218506,39.33211134611866,15.9864550705264,43.70000076293945,True,True,True,True,True,True,True,False,False,39.080144607937385,noise,66.40844855832292,False,False,False,False,,Industrial Products,Iron & Steel Products,84.973339796413,True,True
KAMOPAINTS.NS,2026-09-30,4.139999866485596,4.233333309491475,4.398888879352146,4.44520001411438,4.801800015767415,5.0725000166893,4.210967549634951,3.5999999046325684,9.149999618530273,False,False,False,False,False,False,False,False,False,-53.27313739379744,green,104.67124222239417,False,False,False,False,,Consumer Durables,Paints,6.495395055744062,False,False
KANANIIND.NS,2026-09-30,1.3600000143051147,1.4024999837080638,1.4699999921851687,1.4781999945640565,1.5089333256085713,1.5412999963760377,1.3971110555333128,1.0199999809265137,2.0399999618530273,False,False,False,False,False,True,False,False,False,-30.61224551858229,noise,57.893976473675835,False,False,False,False,,Consumer Durables,"Gems, Jewellery And Watches",25.69074163839069,False,False
KANCHI.NS,2026-09-30,,,,,,,,,,False,False,False,False,False,False,False,False,False,,noise,,False,False,False,False,,Chemicals & Petrochemicals,Commodity Chemicals,,False,False
KANCOTEA.NS,2026-09-30,,,,,,,,,,False,False,False,False,False,False,False,False,False,,noise,,False,False,False,False,,Agricultural Food & other Products,Tea & Coffee,,False,False
KANDARP.NS,2026-09-29,66.05000305175781,71.93333371480306,88.82222260369196,91.01100006103516,119.3073331197103,125.63699962615966,72.96657445058308,66.05000305175781,169.0,False,False,False,False,False,False,False,False,False,-39.152463201438636,noise,75.66204287515762,False,False,False,True,,Commercial Services & Supplies,Business Process Outsourcing (BPO)/ Knowledge Process Outsourcing (KPO),16.093068347067376,False,False
KANORICHEM.NS,2026-09-30,198.77000427246094,188.49333572387695,168.1136105855306,163.53719970703125,117.23040011088054,106.38260011672973,190.718233079941,56.0,206.0,True,True,True,True,True,True,True,True,False,146.76597981596632,noise,85.997337502086,False,False,False,False,,Industrial Manufacturing,Industrial Products,97.62481822588464,True,True
KANPRPLA.NS,2026-09-30,249.0,255.1125005086263,257.1591665479872,244.5095706176758,208.8198887125651,202.66924858093262,253.60765652417317,150.37373809003816,283.1400146484375,True,True,True,True,True,True,True,False,False,19.421593807758807,dry,9.072467189511624,False,True,False,False,,Industrial Products,Packaging,76.9268056228793,True,True
KANSAINER.NS,2026-09-30,177.99000549316406,181.5558344523112,192.57555601331921,195.65960021972657,198.0233506266276,203.71862411499023,181.43281300296434,156.051448925647,260.8927950067185,False,False,False,False,False,False,False,False,False,-26.956831293320406,noise,55.20363053185364,False,False,False,False,,Consumer Durables,Paints,30.48957828405235,False,False
KAPSTON.NS,2026-09-30,550.3499755859375,566.1875,558.3847249348959,539.9500030517578,402.5675565592448,389.60141693115236,559.9763672002437,244.17999267578125,616.2000122070312,True,True,True,True,True,True,True,False,False,123.6285907910327,red,361.7340117165801,False,False,False,False,,Commercial Services & Supplies,Diversified Commercial Services,96.70382937469705,True,True
KARMAENG.NS,2026-09-30,37.43000030517578,39.28000036875407,38.76888910929362,38.716800155639646,41.700800018310545,42.73510000228882,38.81541128156809,34.380001068115234,73.69999694824219,False,False,False,False,False,False,False,False,False,-44.35028379962892,dry,11.170922777303662,False,True,False,False,,Power,Power Generation,11.197285506543867,False,False
KTKBANK.NS,2026-09-30,329.0,324.9749984741211,323.3686167399089,313.33580505371094,270.2310335286458,251.12794891357422,327.36697356045977,167.6434307691943,345.3999938964844,True,True,True,True,True,True,True,True,False,94.14036968469193,noise,35.93183425651985,False,False,False,False,,Banks,Private Sector Bank,94.61948618516723,True,True
KARNIKA.NS,2026-09-29,125.0,120.58749961853027,117.87638897365994,117.21199996948242,122.85133341471354,122.53700008392335,121.75824054350815,90.25,187.86944380573277,True,True,False,False,True,True,False,True,False,-30.853029007880238,noise,40.17677782241864,False,False,False,False,,Textiles & Apparels,Garments & Apparels,25.44837615123606,False,False
KARURVYSYA.NS,2026-09-30,324.79998779296875,325.85833231608075,335.643054538303,336.45799926757815,306.11149353027344,300.4590896606445,325.4568270904356,206.49400654750622,358.6499938964844,True,True,True,True,False,True,True,False,False,55.197051866621806,ppv,190.9195442196422,False,False,False,False,,Banks,Private Sector Bank,89.57828405235094,True,False
KLL.NS,2026-09-29,41.95000076293945,35.30416679382324,26.995833290947807,26.957999992370606,33.884000040690104,36.86775007247925,38.21619572141125,21.0,67.9000015258789,True,False,False,False,True,True,False,True,False,-35.011620790625074,noise,73.21274763135229,False,False,False,False,,Retailing,E-Retail/ E-Commerce,19.243819680077557,False,False
KAUSHALYA.NS,2026-09-30,837.0,845.5708363850912,868.3180575900608,881.607001953125,879.149999593099,874.5492489624023,845.6520905347302,750.0,1435.949951171875,False,True,False,True,False,False,False,False,False,-34.701203922934766,noise,35.58335130472288,False,False,False,False,,Leisure Services,Hotels & Resorts,19.825496849248665,False,False
KSCL.NS,2026-09-30,725.6500244140625,727.8958333333334,747.9069383409288,761.4669958496094,838.4089978027343,854.1202474975586,740.3909064223737,685.0,1095.9000244140625,False,False,False,False,False,False,False,False,False,-31.20861482772428,noise,32.330120529340704,False,False,False,False,,Agricultural Food & other Products,Other Agricultural Products,24.866698982064957,False,False
KAVDEFENCE.NS,2026-09-30,79.4800033569336,77.55166625976562,66.04111120435927,63.62120010375977,62.801133473714195,64.46140016555786,77.63438374343286,51.5099983215332,162.8699951171875,True,False,False,False,True,True,False,True,False,-48.76224480481104,noise,28.573730727245522,False,True,False,False,,Aerospace & Defense,Aerospace & Defense,8.434318952981096,False,False
KCEIL.NS,2026-09-29,80.5,77.89166768391927,79.35000038146973,81.95100006103516,98.94200012207031,108.36274997711182,78.78710008077486,74.0,260.29998779296875,False,False,False,False,False,False,False,True,False,-62.444601022719695,noise,49.586776859504134,False,True,False,False,,Construction,Civil Construction,2.9083858458555505,False,False
KAYA.NS,2026-09-30,307.20001220703125,320.2958348592122,331.70555708143445,315.8914013671875,280.05746673583985,300.56135002136233,318.1907839891771,224.00999450683594,478.0,True,False,False,True,False,True,False,False,False,-34.358971750634346,dry,8.329791520115501,False,False,False,False,,Leisure Services,Wellness,20.310227823557923,False,False
KAYNES.NS,2026-09-30,3501.0,3517.0833333333335,3648.2416720920137,3638.880009765625,3592.1500065104165,3648.6020056152342,3542.290824848319,2995.0,7705.0,False,False,False,False,False,False,False,False,False,-50.354509359047086,noise,55.61629613112794,False,True,False,False,,Industrial Manufacturing,Industrial Products,7.901114881240911,False,False
KCK.NS,2026-09-29,14.300000190734863,14.179166555404663,14.756944338480631,15.53799991607666,15.586666641235352,17.85599998474121,14.123407612489926,11.600000381469727,46.900001525878906,False,False,False,False,False,False,False,True,False,-55.10204075521903,dry,18.487705675725643,False,True,False,False,,Agricultural Food & other Products,Other Agricultural Products,5.671352399418323,False,False
KCPSUGIND.NS,2026-09-30,28.040000915527344,29.19456418355306,30.996522267659504,30.738037719726563,26.06325325012207,25.580975522994994,29.320948208243014,21.37572816515976,36.34372093196732,True,True,True,True,False,True,True,False,False,-10.046580961580787,noise,29.60821581334599,False,False,False,False,,Agricultural Food & other Products,Sugar,52.350945225399904,False,False
KDGREEN.NS,2026-09-30,,,,,,,,,,False,False,False,False,False,False,False,False,False,,noise,,False,False,False,False,,Consumer Durables,"Gems, Jewellery And Watches",,False,False
KDDL.NS,2026-09-30,3886.89990234375,3957.4249877929688,3935.8848537868926,3794.725517578125,3022.295475260417,2851.8176696777346,3971.566551713758,1986.0118447969367,4270.0,True,True,True,True,True,True,True,False,False,47.08219885769018,noise,32.09098330224336,False,False,False,False,,Consumer Durables,"Gems, Jewellery And Watches",87.6393601551139,True,True
KEC.NS,2026-09-30,377.25,395.5333302815755,412.1972206963433,427.5907904052734,493.5576241048177,534.8552536010742,391.7640422098832,375.1000061035156,882.7184042406384,False,False,False,False,False,False,False,False,False,-56.28110910497588,noise,68.11543564075187,False,False,False,True,,Construction,Civil Construction,5.041202132816287,False,False
KEI.NS,2026-09-30,4455.0,4570.958333333333,5074.208333333333,5108.1019921875,4997.364677734375,4840.052156982422,4577.9754073985,3724.290243524651,5899.0,False,True,True,True,False,False,True,False,False,9.796785138520692,noise,34.99774223556707,False,False,False,False,,Industrial Products,Cables - Electricals,71.64323800290838,True,False
KELLTONTEC.NS,2026-09-30,12.850000381469727,13.450833241144815,13.700277752346462,13.823599987030029,15.092333348592122,15.70590000629425,13.330705095578384,12.649999618530273,26.139999389648438,False,False,False,False,False,False,False,False,False,-46.166736783900284,noise,36.8420458235361,False,True,False,True,,IT - Services,IT Enabled Services,9.549200193892391,False,False
KENNAMET.NS,2026-09-30,,,,,,,,,,False,False,False,False,False,False,False,False,False,,ppv,243.99983467686215,False,False,False,False,,Industrial Manufacturing,Industrial Products,,False,False
KERNEX.NS,2026-09-30,1686.0,1712.7750040690105,1795.6361117892795,1944.0600024414061,1665.850332438151,1548.4882510375976,1717.4568548098378,850.0,2580.0,True,True,True,True,False,True,False,False,False,65.0998805176465,noise,69.24291350666728,False,False,False,False,,Transport Services,Transport Related Services,91.56568104701891,True,False
KESORAMIND.NS,2026-09-30,10.920000076293945,11.630000034968058,11.53388892279731,11.756000061035156,11.017333358128866,10.833400008678437,11.331092284934897,4.550000190734863,14.260000228881836,False,True,True,True,False,True,True,False,False,100.73529340868177,green,118.29061051438123,False,True,False,False,,Cement & Cement Products,Cement & Cement Products,95.20116335433835,True,False
KKCL.NS,2026-09-30,460.3500061035156,477.87499745686847,499.5124986436632,503.42999877929685,479.9521327718099,480.8306541442871,473.6940045404487,406.5753271266498,570.2234789820169,False,False,False,True,False,False,True,False,False,-15.452146575965141,dry,16.239645943863145,False,False,False,False,,Textiles & Apparels,Garments & Apparels,44.6437227338827,False,False
KEYFINSERV.NS,2026-09-30,242.9499969482422,238.77040990193686,248.7661493089464,250.51592224121094,260.1882064819336,269.3367537689209,237.0909865901774,219.10551108828793,380.5464326464425,False,False,False,False,False,False,False,True,False,0.5738315408625017,green,155.01964319121072,False,False,False,False,,Capital Markets,Stockbroking & Allied,63.49975763451285,False,False
RUSTOMJEE.NS,2026-09-30,361.20001220703125,355.90000406901044,365.3000022040473,373.6470007324219,391.58300048828124,418.6895007324219,360.0917993474635,331.8999938964844,634.0,False,False,False,False,False,False,False,True,False,-39.59866016604828,dry,6.47625568861142,False,True,False,False,,Realty,"Residential, Commercial Projects",15.365971885603491,False,False
KFINTECH.NS,2026-09-30,840.0,888.0375010172526,923.169445461697,925.6500012207031,895.6391328938802,928.0368994140625,879.2095814635364,774.4636355142945,1198.7685004367224,False,False,False,False,False,False,False,False,False,-19.04785040849115,noise,48.36941017927705,False,False,False,False,,Capital Markets,"Depositories, Clearing Houses and Other Intermediaries",40.62045564711585,False,False
KHADIM.NS,2026-09-30,114.16999816894531,121.36666615804036,112.23222223917644,107.55939987182617,104.27953318277994,119.22344985961914,118.9282873375125,77.47000122070312,279.54998779296875,False,False,False,False,True,True,False,False,False,-55.78918738909252,noise,22.05675420231292,False,False,False,False,,Consumer Durables,Footwear,5.23509452253999,False,False
KHAITANLTD.NS,2026-09-30,146.25,150.7749989827474,150.82111104329428,147.7170002746582,129.72446665445963,121.82709999084473,149.98157757139376,85.0,178.0,True,True,True,True,False,True,True,False,False,12.060383231676264,noise,23.923828882440258,False,False,False,False,,Consumer Durables,Consumer Electronics,73.38826951042171,True,False
KHAICHEM.NS,2026-09-30,48.7599983215332,49.764166514078774,53.119722260369194,52.173200149536136,53.579977696736655,57.417272033691404,49.87451045541509,42.878665105215774,132.772010719016,False,False,False,False,False,False,False,False,False,-60.486557756843354,noise,48.15000477116707,False,False,False,False,,Fertilizers & Agrochemicals,Fertilizers,3.49006301502666,False,False
KHANDSE.NS,2026-09-30,17.200000762939453,17.62916660308838,17.474166605207657,17.467399940490722,17.18246658325195,17.88479995727539,17.526344268167634,12.199999809265137,25.5,False,False,False,False,False,True,False,False,False,-28.03346846246868,noise,68.20105066483457,False,True,False,False,,Capital Markets,Stockbroking & Allied,28.938439166262725,False,False
KHFM.NS,2026-09-29,40.95000076293945,42.70000044504801,45.21527830759684,45.88900054931641,53.473000310262044,57.13550018310547,42.378118363631145,40.0,82.94999694824219,False,False,False,False,False,False,False,False,False,-42.32394258740923,noise,24.875621890547265,False,False,False,False,,Commercial Services & Supplies,Diversified Commercial Services,12.603005332040718,False,False
KLBRENG-B.NS,2026-09-30,,,,,,,,,,False,False,False,False,False,False,False,False,False,,noise,,False,False,False,False,,Industrial Manufacturing,Industrial Products,,False,False
KILITCH.NS,2026-09-30,213.32000732421875,206.79000091552734,186.50055694580078,186.49480102539061,172.65723378499348,171.75255043029784,210.15290277189797,117.25,232.5,True,True,False,True,True,True,True,True,False,25.16943142399932,red,111.37750222603304,False,False,False,False,,Pharmaceuticals & Biotechnology,Pharmaceuticals,79.88366456616578,True,False
KINGFA.NS,2026-09-30,6482.5,6131.2041422526045,6021.370849609375,5800.92037109375,5137.023745117188,4905.421444091797,6268.839677146127,3637.3743038122066,6601.0,True,True,True,True,True,True,True,True,False,49.66346980359442,red,106.33139682638762,False,False,False,False,,Industrial Products,Plastic Products - Industrial,88.1725642268541,True,True
KIOCL.NS,2026-09-30,332.29998779296875,338.3083318074544,366.5124977959527,368.5969989013672,372.948999226888,370.40374923706054,340.2415253876427,290.6499938964844,634.5499877929688,False,True,False,False,False,False,False,False,False,-21.71045394365899,noise,30.889688592602305,False,False,False,False,,Ferrous Metals,Sponge Iron,37.03344643722734,False,False
KIRANVYPAR.NS,2026-09-30,,,,,,,,,,False,False,False,False,False,False,False,False,False,,noise,,False,True,False,False,,Finance,Non Banking Financial Company (NBFC),,False,False
KIRIINDUS.NS,2026-09-30,541.2999877929688,541.5250040690104,513.0125011867947,486.3490002441406,427.1110005696615,450.1462498474121,544.9285706278216,333.79998779296875,779.0,True,False,False,True,True,True,False,False,False,-2.3981226791287225,noise,35.436040932237724,False,True,False,False,,Chemicals & Petrochemicals,Dyes And Pigments,60.34900630150266,False,False
KIRLOSBROS.NS,2026-09-30,1774.9000244140625,1774.7750244140625,1847.5555623372395,1859.4300024414063,1751.4914168294272,1710.2999359130858,1786.5197595938494,1329.942047366491,2180.905610301624,True,True,True,True,False,True,True,False,False,-7.6721671859849465,red,484.801180394913,False,True,False,False,,Industrial Products,"Compressors, Pumps & Diesel Engines",54.532234609791566,False,False
KECL.NS,2026-09-30,120.63999938964844,121.04999923706055,128.02388869391547,130.97139938354493,115.97793340047201,110.3609001159668,121.77604988060165,75.47000122070312,155.0,True,True,True,True,False,True,True,False,False,5.7225473178242225,noise,49.60910303802677,False,False,False,False,,Electrical Equipment,Other Electrical Equipment,67.7169171110034,False,False
KIRLFER.NS,2026-09-30,,,,,,,,,,False,False,False,False,False,False,False,False,False,,noise,32.7943978852038,False,False,False,False,,Ferrous Metals,Pig Iron,,False,False
KIRLPNU.NS,2026-09-30,676.7000122070312,695.7083435058594,726.0444488525391,730.1840026855468,734.7879378255209,686.9340585327149,694.421830753629,491.28502367158194,1093.5391904117103,False,True,True,False,False,True,False,False,False,14.084976900655178,noise,32.668669451922646,False,False,False,False,,Industrial Products,"Compressors, Pumps & Diesel Engines",74.98788172564227,True,False
KIRLOSIND.NS,2026-09-30,3570.699951171875,3671.4416707356772,3710.111117892795,3733.3978662109375,3421.318663736979,3347.2273559570312,3628.334564673267,2454.5104273251077,4559.03089925217,True,True,False,True,False,True,True,False,False,-8.122205064012855,dry,19.44387037807849,False,False,False,False,,Industrial Products,Iron & Steel Products,54.09597673291323,False,False
KIRLOSENG.NS,2026-09-30,2304.199951171875,2169.066660563151,2145.544447157118,2158.7210791015623,1915.097353515625,1744.907020263672,2216.616229166882,862.2056409078928,2714.2611782271474,True,True,True,True,True,True,True,True,False,151.346041111363,red,329.13545007861774,False,True,False,False,,Industrial Products,"Compressors, Pumps & Diesel Engines",97.77023751817741,True,True
KITEX.NS,2026-09-30,119.55000305175781,118.40035947163899,124.21695137023926,129.66768478393556,150.05419184366863,157.36848484039308,118.72685249696366,114.36000061035156,231.73507903347866,False,False,False,False,False,False,False,True,False,-35.68293449178272,ppv,118.33389476656644,False,False,False,False,,Textiles & Apparels,Garments & Apparels,18.61366941347552,False,False
KKVAPOW.NS,2026-09-29,310.8500061035156,343.52916717529297,378.6666675143772,408.12000061035155,533.7946645100911,561.600749053955,333.2646623770519,310.5,693.0,False,False,False,False,False,False,False,False,False,-42.33810719883974,dry,0.0,False,False,False,True,,Consumer Durables,"Gems, Jewellery And Watches",12.554532234609791,False,False
KMSUGAR.NS,2026-09-30,33.68000030517578,30.129999955495197,30.79666656917996,30.018399925231932,28.199799995422364,27.594949979782104,31.195467474496567,23.299999237060547,36.5,True,True,True,True,True,True,True,True,False,24.32632010139857,ppv,217.3644879687827,False,False,False,False,,Agricultural Food & other Products,Sugar,79.39893359185652,True,True
KMCSHIL.NS,2026-09-30,,,,,,,,,,False,False,False,False,False,False,False,False,False,,ppv,,False,False,True,False,,Healthcare Services,Hospital,,False,False
KNAGRI.NS,2026-09-30,198.1300048828125,200.89750162760416,207.0522232055664,207.8126007080078,199.24520080566407,195.21435073852538,202.4384961586938,148.3000030517578,244.0,False,True,False,True,False,True,True,False,False,-5.110152305074633,noise,21.262584475585694,False,False,False,False,,Agricultural Food & other Products,Edible Oil,57.052835676199706,False,False
KNACK.NS,2026-09-30,,,,,,,,,,False,False,False,False,False,False,False,False,False,,noise,54.65052802878245,False,False,False,False,,Industrial Products,Packaging,,False,False
KMEW.NS,2026-09-30,3041.5,2895.3333536783853,2865.8444552951387,2767.83201171875,2207.562664388021,2094.7307464599608,2944.007522990594,1084.5999755859375,3175.0,True,True,True,True,True,True,True,True,False,153.42664984612418,red,181.25815019400625,False,False,False,False,,Engineering Services,Dredging,97.86718371303927,True,True
KNRCON.NS,2026-09-30,118.58000183105469,120.67000007629395,123.63067626953125,124.83008972167968,125.66473795572917,131.1906117248535,120.12666964712075,108.43384507627295,204.19295576267498,False,False,False,False,False,False,False,False,False,-40.091571810319785,noise,29.421331213854373,False,True,False,False,,Construction,Civil Construction,14.929714008725156,False,False
KODYTECH.NS,2026-09-29,1479.0,1489.9000040690105,1464.3777737087673,1430.64599609375,1060.7293302408855,1010.3439974975586,1498.8211843238519,556.0499877929688,1596.0,True,True,True,True,True,True,True,False,False,109.9808406708105,dry,11.363636363636363,False,True,False,False,,IT - Software,Computers - Software & Consulting,96.21909840038778,True,True
KOHINOOR.NS,2026-09-30,30.579999923706055,30.81416654586792,31.36166673236423,29.036000022888185,26.086600036621093,26.00375002861023,30.856953423201453,19.200000762939453,38.470001220703125,True,True,True,True,True,True,True,False,False,-8.470517619368568,noise,43.856352659949174,False,False,False,False,,Agricultural Food & other Products,Other Agricultural Products,53.61124575860398,False,False
KOKUYOCMLN.NS,2026-09-30,75.87000274658203,76.15083312988281,78.82111146714952,80.60694839477539,83.49201431274415,84.36260833740235,76.06150106129616,70.79813775620397,111.21435610329364,False,False,False,False,False,False,False,False,False,-29.92830294852724,green,132.1996506665857,False,False,False,False,,Household Products,Stationary,26.611730489578285,False,False
KOLTEPATIL.NS,2026-09-30,424.8500061035156,429.8541615804036,446.94722239176434,436.88200012207034,385.65100036621095,382.77300048828124,430.4219006445297,292.25,554.5999755859375,True,True,True,True,False,True,True,False,False,-0.11755025104627226,dry,8.442319568581649,False,False,False,False,,Realty,"Residential, Commercial Projects",62.4818225884634,False,False
KONSTELEC.NS,2026-09-29,59.25,60.22083346048991,60.606944508022735,61.113000030517576,48.660666669209796,47.64074999809265,60.03576832637485,28.0,75.6500015258789,True,True,True,True,False,True,True,False,False,-7.349492895804966,dry,9.185548071034905,False,False,False,False,,Construction,Civil Construction,54.77460009694619,False,False
KONTOR.NS,2026-09-29,51.400001525878906,53.2416664759318,55.70277786254883,56.217999877929685,64.23833315531412,64.75449993133545,52.883070952310206,49.29999923706055,87.0,False,False,False,False,False,False,False,False,False,-31.23745615267036,dry,0.0,False,True,False,False,,Commercial Services & Supplies,Diversified Commercial Services,24.81822588463403,False,False
KOPRAN.NS,2026-09-30,278.32000732421875,274.86000061035156,232.42194408840604,219.8420147705078,180.73100540161133,169.75153774261474,274.6776117139097,105.19368133041839,295.8299865722656,True,True,True,True,True,True,True,True,False,62.36472373264803,noise,45.127584928618845,False,False,False,False,,Pharmaceuticals & Biotechnology,Pharmaceuticals,91.03247697527873,True,True
KDL.NS,2026-09-29,52.25,72.02499961853027,85.8944443596734,92.46799987792969,117.88199966430665,128.91399967193604,65.90398294290188,52.25,246.1999969482422,False,False,False,False,False,False,False,False,False,-78.4802309129865,dry,9.752925877763328,False,False,False,True,,Telecom - Services,Telecom - Infrastructure,0.6786233640329618,False,False
KOTAKBANK.NS,2026-09-30,417.0,410.6708297729492,410.10972171359595,404.7709991455078,390.281186726888,398.8913754272461,410.3414198002826,344.9045390549985,452.4189269358333,True,False,False,True,True,False,True,True,False,4.8125421689223735,ppv,266.65482713498056,False,False,False,False,,Banks,Private Sector Bank,66.89287445467765,False,False
KOTIC.NS,2026-09-30,,,,,,,,,,False,False,False,False,False,False,False,False,False,,ppv,,False,False,False,False,,Consumer Durables,Leather And Leather Products,,False,False
KOTHARIPET.NS,2026-09-30,129.42999267578125,133.02333323160806,135.54305521647134,136.68399993896483,127.53522969563802,126.09695003509522,132.60305101678938,94.07677144197076,155.47000122070312,True,True,False,True,False,True,True,False,False,-9.367855859151785,noise,39.78636892752245,False,True,False,False,,Chemicals & Petrochemicals,Petrochemicals,52.884149297140084,False,False
KOTHARIPRO.NS,2026-09-30,65.3499984741211,65.37166563669841,66.90027734968398,67.1855997467041,68.60793309529622,69.02074981689454,65.8492889031028,58.0,100.41999816894531,False,False,False,False,False,False,False,False,False,-31.376671038032644,noise,42.189053670067274,False,True,False,False,,Commercial Services & Supplies,Trading & Distributors,24.67280659234125,False,False
KOTARISUG.NS,2026-09-30,26.079999923706055,26.91416660944621,29.011388937632244,28.022400093078613,26.317800051371258,26.299200038909913,26.9732557379877,22.5,39.939998626708984,False,True,False,True,False,False,False,False,False,-13.06666692097982,dry,11.000983858454497,False,True,False,False,,Agricultural Food & other Products,Sugar,48.18225884634028,False,False
KOTYARK.NS,2026-09-30,29.829999923706055,30.894166628519695,33.5389134089152,34.15867290496826,34.97473213195801,31.290275955200194,30.389774739283766,17.197409995355258,45.01727806166758,False,True,True,False,False,True,False,False,False,5.18508041529766,green,113.03530097123868,False,False,False,False,,Petroleum Products,Refineries & Marketing,67.28065923412507,False,False
KOVAI.NS,2026-09-30,,,,,,,,,,False,False,False,False,False,False,False,False,False,,noise,76.8299987049987,False,True,False,False,,Healthcare Services,Hospital,,False,False
KPIGREEN.NS,2026-09-30,358.95001220703125,324.44252014160156,312.9506369696723,331.4731872558594,383.2039042154948,393.8111599731445,338.9555897981214,271.56159908116916,541.0236304500187,False,False,False,False,True,True,False,True,False,-17.946475934233696,red,216.23424813461946,False,False,False,False,,Power,Power Generation,41.73533688802715,False,False
KPITTECH.NS,2026-09-30,499.1000061035156,530.5166651407877,566.863889058431,577.2004888916016,655.3103920491536,755.5868544006348,523.5813269977451,495.5,1271.2449225520793,False,False,False,False,False,False,False,False,False,-54.043808257649694,noise,55.185290690283686,False,True,False,True,,IT - Software,Computers - Software & Consulting,6.05913717886573,False,False
KRBL.NS,2026-09-30,381.6000061035156,391.81969960530597,404.68062761094836,391.3313104248047,359.02471028645834,360.2116078186035,392.52020696290424,271.52423694470116,447.6467343412539,True,False,False,True,False,True,True,False,False,11.205105150773775,noise,36.115797401876456,False,False,False,False,,Agricultural Food & other Products,Other Agricultural Products,72.75811924381969,True,False
KREBSBIO.NS,2026-09-30,60.20000076293945,57.010833740234375,56.27944480048286,55.75880027770996,57.446066767374674,58.96730014801025,57.59920073227987,38.33000183105469,76.8499984741211,True,False,False,False,True,True,True,True,False,-15.270938526089095,ppv,450.19547984870405,False,False,False,False,,Pharmaceuticals & Biotechnology,Pharmaceuticals,44.8376151236064,False,False
KRIDHANINF.NS,2026-09-30,1.8799999952316284,1.8658333520094554,2.0097222295072346,2.103999993801117,2.5339999930063883,2.884149992465973,1.880865309322786,1.7899999618530273,4.78000020980835,False,False,False,False,False,False,False,False,False,-51.794873095906745,noise,111.72230849170897,False,False,False,False,,Construction,Civil Construction,7.222491517207949,False,False
KRISHANA.NS,2026-09-30,188.22999572753906,184.54083124796549,188.08138783772787,184.34399932861328,144.82677927652995,133.93652244567872,185.7596060662289,86.13667447448749,206.38999938964844,True,True,True,True,True,True,True,True,False,108.97311918168757,green,100.32932773622731,False,False,False,False,,Fertilizers & Agrochemicals,Fertilizers,96.02520601066408,True,True
KRISHCA.NS,2026-09-29,224.1999969482422,182.5541674296061,170.19166607326932,168.6909994506836,172.6086664835612,175.8737498474121,195.86351240834037,138.0,232.14999389648438,True,False,False,False,True,True,True,True,False,6.3315107698751705,noise,69.20999324780553,False,True,False,False,,Industrial Products,Iron & Steel Products,68.00775569558894,False,False
KRISHIVAL.NS,2026-09-30,401.8500061035156,413.3798344930013,407.81214904785156,402.87348083496096,375.45635864257815,369.6309483337402,410.71468578962134,282.0643631618236,507.5759692612279,True,True,False,True,False,True,True,False,False,-12.75798047085227,noise,42.91942423419432,False,False,False,False,,Food Products,Other Food Products,48.61851672321861,False,False
KRISHNADEF.NS,2026-09-30,1032.800048828125,1019.2083384195963,1041.9000040690105,1090.23400390625,1111.258680013021,1061.2385760498046,1021.9596178826602,664.3519847169132,1398.6358552528313,False,True,True,False,False,True,False,True,False,27.685713811405943,noise,61.64708977180743,False,False,False,False,,Aerospace & Defense,Aerospace & Defense,81.33785748909355,True,False
KIMS.NS,2026-09-30,746.4000244140625,781.2708333333334,777.7249993218315,785.137998046875,749.3350008138021,721.6507501220703,774.2859590256843,575.7999877929688,858.0,False,True,True,True,False,False,True,False,False,6.60572711380043,red,401.5879646846385,False,False,False,False,,Healthcare Services,Hospital,68.1047018904508,False,False
KRITI.NS,2026-09-30,61.0,60.9491662979126,62.98083305358887,64.34739974975587,71.61819979349772,74.32974977493286,61.2213069544287,53.0,136.6699981689453,False,False,False,False,False,False,False,False,False,-53.97963138772553,noise,51.20555123311953,False,False,False,False,,Industrial Products,Plastic Products - Industrial,6.253029568589433,False,False
KRITINUT.NS,2026-09-30,69.80999755859375,78.1833324432373,82.57083299424913,81.89859970092773,80.59773323059082,78.38559991836547,76.50687524967843,51.36000061035156,102.98999786376953,False,True,False,True,False,True,False,False,False,-24.390776373716538,red,305.4039205012274,False,False,False,False,,Agricultural Food & other Products,Edible Oil,33.640329617062534,False,False
KRITIKA.NS,2026-09-30,4.909999847412109,5.074999968210856,5.340833306312561,5.433999977111816,5.756799977620442,6.0512499833107,5.053886729213442,4.5,9.550000190734863,False,False,False,False,False,False,False,False,False,-45.13966534022465,noise,84.06041875366572,False,True,False,False,,Industrial Products,Iron & Steel Products,10.082404265632574,False,False
KRN.NS,2026-09-30,1436.5,1424.2416687011719,1496.125,1417.8679956054686,1222.007998453776,1097.7469985961914,1433.445733538782,589.7999877929688,1687.0,True,True,True,True,True,True,True,True,False,70.92033781137496,noise,90.17322746457114,False,False,False,False,,Industrial Products,Other Industrial Products,92.63208919049927,True,True
KRONOX.NS,2026-09-30,216.3800048828125,190.68416595458984,181.40509923299155,174.3900112915039,146.97405985514322,142.88491333007812,200.02669338466663,95.7256701769065,227.74000549316406,True,True,True,True,True,True,True,True,False,33.87631516787455,dry,14.711462258575182,False,False,False,False,,Chemicals & Petrochemicals,Specialty Chemicals,83.22830828889967,True,True
KROSS.NS,2026-09-30,263.04998779296875,254.4558308919271,226.72555584377713,219.4698001098633,198.1672001139323,198.84045013427735,257.52956604113734,150.52000427246094,283.0,True,False,True,True,True,True,True,True,False,36.898254566003175,noise,65.6913334220153,False,False,False,False,,Auto Components,Auto Components & Equipments,84.0523509452254,True,False
KRSNAA.NS,2026-09-30,559.9500122070312,547.8429209391276,552.9209459092882,550.917109375,563.0855411783854,598.105682067871,550.7421913182753,513.0963124934381,844.9649771158203,False,False,False,False,True,False,False,True,False,-25.73631912441231,noise,49.0773753206095,False,False,False,False,,Healthcare Services,Healthcare Service Provider,32.2830828889966,False,False
KRYSTAL.NS,2026-09-30,626.2000122070312,637.9958343505859,638.0772840711805,627.7004284667969,597.9391727701823,592.3725857543945,632.4015605938998,498.79895915662905,696.9000244140625,True,True,True,True,False,False,True,False,False,1.9916871046138152,dry,19.692993348412948,False,False,False,False,,Commercial Services & Supplies,Diversified Commercial Services,64.95395055744062,False,False
KSB.NS,2026-09-30,856.0999755859375,807.754160563151,804.8694390190972,813.5289965820313,846.516348063151,816.242282409668,818.2208905196176,663.373535570316,1023.2461180887996,True,True,True,False,True,False,True,True,True,4.713774273634019,ppv,1866.2196910221517,False,False,False,False,,Industrial Products,"Compressors, Pumps & Diesel Engines",66.84440135724672,False,False
KSE.NS,2026-09-30,,,,,,,,,,False,False,False,False,False,False,False,False,False,,noise,,False,True,False,False,,Food Products,Animal Feed,,False,False
KSHINTL.NS,2026-09-30,,,,,,,,,,False,False,False,False,False,False,False,False,False,,noise,49.925650294913346,False,False,False,False,,Industrial Products,Cables - Electricals,,False,False
KSHITIJPOL.NS,2026-09-30,4.139999866485596,4.371666669845581,3.529722213745117,3.3521999883651734,3.530333326657613,3.2585999941825867,4.358441220432731,1.8799999952316284,7.199999809265137,True,True,True,False,True,True,False,False,False,39.393933555712835,dry,6.753400586563574,False,False,False,False,,Chemicals & Petrochemicals,Printing Inks,85.07028599127484,True,False
KSOLVES.NS,2026-09-30,248.8000030517578,251.70833206176758,264.2319441901313,268.731999206543,281.3139967854818,281.0843278503418,251.27922199827142,242.4667784709831,349.2606854148325,False,True,False,False,False,False,False,False,False,-16.223531994049,noise,57.996356453780265,False,False,False,False,,IT - Software,Computers - Software & Consulting,43.77120698012603,False,False
KSR.NS,2026-09-30,,,,,,,,,,False,False,False,False,False,False,False,False,False,,noise,61.96613943945227,False,False,False,False,,Commercial Services & Supplies,Trading & Distributors,,False,False
KUANTUM.NS,2026-09-30,76.3499984741211,78.71916580200195,76.33584870232477,76.76914810180664,75.90211481730144,78.95656826019287,78.16415884726057,62.94488260004328,112.31512020442125,False,False,False,False,False,False,False,False,False,-28.876235152442785,noise,40.79965577889899,False,False,False,False,,"Paper, Forest & Jute Products",Paper & Paper Products,27.72661173048958,False,False
KUSUMGAR.NS,2026-09-30,,,,,,,,,,False,False,False,False,False,False,False,False,False,,dry,15.213680511824757,False,False,False,False,,Textiles & Apparels,Other Textile Products,,False,False
KPL.NS,2026-09-30,,,,,,,,,,False,False,False,False,False,False,False,False,False,,noise,,False,False,False,False,,Pharmaceuticals & Biotechnology,Pharmaceuticals,,False,False
KWIL.NS,2026-09-30,,,,,,,,,,False,False,False,False,False,False,False,False,False,,noise,42.21272445194252,False,False,False,False,,Food Products,Dairy Products,,False,False
LGBBROSLTD.NS,2026-09-30,1730.0999755859375,1727.1916605631511,1682.743455674913,1638.7316723632812,1635.0222102864584,1677.911793823242,1728.798919688676,1296.8551263586494,2019.894362671753,True,False,False,False,True,True,True,True,False,27.836563421930016,noise,38.0367312084016,False,False,False,False,,Auto Components,Auto Components & Equipments,81.48327678138632,True,False
LTFOODS.NS,2026-09-30,400.3999938964844,418.4676513671875,430.99386257595484,422.45515075683596,403.38522562662763,399.54893936157225,416.33632053670937,331.46884023524086,489.53692311570376,False,True,True,True,False,False,True,False,False,-0.7813662691157797,noise,23.715741685021325,False,False,False,False,,Agricultural Food & other Products,Other Agricultural Products,61.90014541929229,False,False
LTF.NS,2026-09-30,265.0,292.749994913737,307.4291636149089,308.6399969482422,290.8622602335612,291.7194568634033,286.629119573902,232.5061628263369,338.6000061035156,False,False,False,True,False,False,True,False,False,7.400666207883977,red,121.3027277432861,False,False,False,False,,Finance,Non Banking Financial Company (NBFC),69.2195831313621,False,False
LTTS.NS,2026-09-30,3228.60009765625,3258.7000528971353,3423.502780490451,3457.37400390625,3395.4876904296875,3541.601163330078,3236.6820763240185,2976.4372238818078,4673.3032272251885,False,False,False,False,False,False,False,False,False,-20.29091607836746,ppv,166.10650764909147,False,False,False,False,,IT - Services,IT Enabled Services,39.020843431895294,False,False
LAOPALA.NS,2026-09-30,156.17999267578125,159.19916788736978,169.0522520277235,173.1707342529297,174.99267364501952,179.90927040100098,159.19070277545163,153.00999450683594,244.20002961981203,False,False,False,False,False,False,False,False,False,-33.60160190472372,dry,16.54398860071582,False,False,False,False,,Consumer Durables,Glass - Consumer,21.909840038778476,False,False
LADDERUP.NS,2026-09-30,,,,,,,,,,False,False,False,False,False,False,False,False,False,,noise,,False,False,False,False,,Finance,Non Banking Financial Company (NBFC),,False,False
LAGNAM.NS,2026-09-30,72.23999786376953,73.06666564941406,75.26194445292155,78.62739974975585,77.02113311767579,75.77419982910156,73.3159753216168,58.599998474121094,95.9000015258789,False,True,False,True,False,False,True,False,False,-14.589741901323016,dry,14.992674465387799,False,False,False,False,,Textiles & Apparels,Other Textile Products,45.71013087736306,False,False
LAHOTIOV.NS,2026-09-30,,,,,,,,,,False,False,False,False,False,False,False,False,False,,noise,,False,False,False,False,,Commercial Services & Supplies,Trading & Distributors,,False,False
LFIC.NS,2026-09-30,131.22000122070312,132.42305501302084,134.87528779771594,136.05616271972656,136.26408442179363,139.49512378692626,132.66979070056945,108.90598307291667,220.60819839300015,False,False,False,False,False,False,False,False,False,-35.24905890666395,noise,20.970238965269345,False,False,False,False,,Finance,Investment Company,19.098400387784782,False,False
LAKSHMIMIL.NS,2026-09-30,,,,,,,,,,False,False,False,False,False,False,False,False,False,,noise,,False,False,False,False,,Textiles & Apparels,Other Textile Products,,False,False
LALITHAA.NS,2026-09-30,,,,,,,,,,False,False,False,False,False,False,False,False,False,,noise,,False,False,True,False,,Consumer Durables,"Gems, Jewellery And Watches",,False,False
LAMBODHARA.NS,2026-09-30,129.27999877929688,127.0875784556071,127.70033094618056,123.52616653442382,111.05621678670248,111.89882652282715,131.08681189157576,81.4608883773371,154.5,True,False,False,True,True,True,True,False,False,-4.762539598465764,dry,14.635918637413155,False,False,False,False,,Textiles & Apparels,Other Textile Products,57.343674260785264,False,False
LANCER.NS,2026-09-30,,,,,,,,,,False,False,False,False,False,False,False,False,False,,noise,,False,True,False,False,,Transport Services,Logistics Solution Provider,,False,False
LANCORHOL.NS,2026-09-30,32.83000183105469,34.18811003367106,33.11988867653741,31.04627227783203,26.152458992004394,26.079301099777222,33.86356261910534,17.964685470212824,41.392141167192804,True,True,True,True,True,True,True,False,False,46.58625094946418,noise,21.483548528571404,False,True,False,False,,Realty,"Residential, Commercial Projects",87.30004847309743,True,True
LANDMARK.NS,2026-09-30,475.70001220703125,489.64747111002606,503.53302595350476,512.059721069336,442.2864013671875,441.4727687072754,488.0690234229399,338.4315015855853,659.9164650856485,True,True,False,True,False,True,False,False,False,-20.802931946280843,red,180.61997562454403,False,False,False,False,,Automobiles,Auto Dealer,38.148327678138635,False,False
LPDC.NS,2026-09-30,6.179999828338623,6.450833280881246,6.7383333047231035,6.598199996948242,6.637999992370606,6.657049992084503,6.414616022220402,5.230000019073486,9.460000038146973,False,False,False,False,False,False,False,False,False,-19.948186576502437,noise,50.32584669287723,False,False,False,False,,Realty,Real Estate related services,39.40862821134271,False,False
LANDSMILL.NS,2026-09-30,0.9599999785423279,0.6341666678587595,0.6644444432523515,0.7019999992847442,0.8537333297729492,0.9594999986886978,0.7062763656075643,0.5199999809265137,1.7200000286102295,True,False,False,False,True,True,False,True,False,-41.104295622656814,green,158.38778730305276,False,False,False,False,,Commercial Services & Supplies,Trading & Distributors,13.814832767813865,False,False
LT.NS,2026-09-30,3760.0,3840.8999633789062,3959.830552842882,3957.7019921875,3927.8312272135418,3950.083934326172,3830.3789717109557,3256.294765660181,4397.052414797838,False,False,False,True,False,False,True,False,False,3.7640138377531107,green,160.5438037105857,False,False,False,False,,Construction,Civil Construction,66.11730489578284,False,False
LASA.NS,2026-09-29,5.599999904632568,5.997499863306682,6.663055512640211,6.817799959182739,7.352933333714803,7.85939998626709,5.920864533816524,5.599999904632568,12.479999542236328,False,False,False,False,False,False,False,False,False,-52.82224129213793,dry,0.0,False,False,False,True,,Pharmaceuticals & Biotechnology,Pharmaceuticals,6.737760542898691,False,False
LASERPOWER.NS,2026-09-30,,,,,,,,,,False,False,False,False,False,False,False,False,False,,noise,27.439105668710003,False,False,False,False,,Industrial Products,Cables - Electricals,,False,False
LATENTVIEW.NS,2026-09-30,236.0,247.8374989827474,264.211110856798,275.0029995727539,290.8789993286133,325.01674995422366,245.0762809641565,234.25,517.5,False,False,False,False,False,False,False,False,False,-42.220591762308835,noise,43.460410008978535,False,True,False,False,,IT - Software,Computers - Software & Consulting,12.796897721764422,False,False
LATTEYS.NS,2026-09-30,20.90999984741211,20.553333441416424,21.31611114078098,20.960400009155272,21.313866659800212,21.550299983024598,20.67887113900834,15.789999961853027,37.0,False,False,False,False,False,True,False,True,False,3.3102770942221804,green,106.65154300982817,False,False,False,False,,Industrial Products,"Compressors, Pumps & Diesel Engines",65.82646631119728,False,False
LAURUSLABS.NS,2026-09-30,1980.0,1982.9499918619792,1909.7694396972656,1873.1,1465.0240226236979,1357.7783932495117,1986.913232641651,825.7458165032888,2055.300048828125,True,True,True,True,True,True,True,False,False,135.63872755470646,noise,52.76434501278507,False,False,False,False,,Pharmaceuticals & Biotechnology,Pharmaceuticals,97.38245273873001,True,True
LAXMICOT.NS,2026-09-30,13.010000228881836,13.0575000445048,13.356944481531778,13.638200035095215,14.141266682942708,14.934350023269653,13.09220314748153,11.359999656677246,24.8799991607666,False,False,False,False,False,False,False,False,False,-46.23967017056583,noise,76.83852193956024,False,False,False,False,,Textiles & Apparels,Other Textile Products,9.452253999030539,False,False
LAXMIDENTL.NS,2026-09-30,191.4199981689453,195.41416549682617,197.5297220018175,202.68960021972657,205.19826629638672,210.94384941101075,194.91917977599866,155.8800048828125,344.79998779296875,False,False,False,False,False,False,False,False,False,-41.13776415018027,noise,67.55836498755312,False,False,False,False,,Healthcare Equipment & Supplies,Medical Equipment & Supplies,13.717886572952013,False,False
LGHL.NS,2026-09-30,200.0399932861328,182.87833150227866,181.09999889797635,187.36719970703126,224.26326680501302,240.47170028686523,183.98790512270833,168.0,395.3125,False,False,False,False,True,False,False,True,False,-47.80997971209665,ppv,381.5058353555215,True,False,False,False,,Consumer Durables,"Gems, Jewellery And Watches",8.72515753756665,False,False
LAXMIINDIA.NS,2026-09-30,121.0999984741211,122.34333356221516,127.15527809990778,127.84119995117187,112.8649331665039,112.19839984893798,122.14932736617806,71.05999755859375,159.58999633789062,True,True,False,True,False,True,True,False,False,-18.96955440148943,noise,33.60159047462652,False,False,False,False,,Finance,Non Banking Financial Company (NBFC),40.717401841977704,False,False
LXCHEM.NS,2026-09-30,177.36000061035156,177.87083307902017,174.81944486829968,177.2690002441406,155.36270736694337,154.50527889251708,178.19815945165755,107.41716450845627,216.4316077512647,True,True,False,True,True,True,True,False,False,-14.010993990331711,noise,47.13791832214339,False,False,False,False,,Chemicals & Petrochemicals,Specialty Chemicals,46.43722733882695,False,False
LCCINFOTEC.NS,2026-09-30,4.019999980926514,3.67250003417333,3.660000012980567,3.805400013923645,4.414066656430562,4.525449999570847,3.8391308352300433,2.880000114440918,5.889999866485596,False,False,False,False,True,True,False,True,True,-1.9512176967531936,noise,69.43825208777183,False,False,False,False,,Other Consumer Services,Education,60.73679108095007,False,False
LEMERITE.NS,2026-09-30,19.93000030517578,19.586666742960613,21.139166673024494,21.57740005493164,48.39280008951823,59.67695014953613,19.978543507948494,17.729999542236328,107.56999969482422,False,False,False,False,False,False,False,False,False,-77.1967963876127,red,191.57642534936684,False,False,False,False,,Textiles & Apparels,Other Textile Products,0.8240426563257393,False,False
IXIGO.NS,2026-09-30,162.88999938964844,160.8116658528646,164.7022213406033,172.37739898681642,175.20979919433594,187.09294921875,160.5994838644868,151.27000427246094,339.1499938964844,False,False,False,False,False,False,False,True,False,-38.578434429902444,noise,75.32241451891215,False,False,False,False,,Leisure Services,"Tour, Travel Related Services",16.577799321376634,False,False
LRRPL.NS,2026-09-29,103.05000305175781,93.8166675567627,88.73750029669867,88.7820002746582,82.57666671752929,79.41774990081787,95.53835362655602,59.150001525878906,103.05000305175781,True,True,False,True,True,True,True,True,False,27.616102850474068,ppv,470.2970297029703,True,False,True,False,,Industrial Products,Rubber,81.14396509936985,True,False
LEAPIND.NS,2026-09-30,,,,,,,,,,False,False,False,False,False,False,False,False,False,,noise,,False,False,False,False,,Commercial Services & Supplies,Diversified Commercial Services,,False,False
LEENEE.NS,2026-09-30,,,,,,,,,,False,False,False,False,False,False,False,False,False,,noise,,False,False,False,False,,IT - Services,IT Enabled Services,,False,False
THELEELA.NS,2026-09-30,573.7999877929688,539.2750040690104,540.951392279731,526.8330029296875,467.51466796875,457.69675109863283,546.0017604061413,384.5,586.9500122070312,True,True,True,True,True,True,True,True,False,36.79818121205673,green,225.67693396993116,False,False,False,False,,Leisure Services,Hotels & Resorts,84.00387784779447,True,True
LEMONTREE.NS,2026-09-30,104.25,105.24166679382324,106.62694443596735,107.79700012207032,111.38080006917318,118.51690002441406,105.23773910699596,99.61000061035156,174.1999969482422,False,False,False,False,False,False,False,False,False,-37.315855011499835,noise,80.71505409435929,False,False,False,False,,Leisure Services,Hotels & Resorts,17.401841977702375,False,False
LENSKART.NS,2026-09-30,,,,,,,,,,False,False,False,False,False,False,False,False,False,,noise,70.35052647933958,False,False,False,False,,Retailing,Speciality Retail,,False,False
LEXUS.NS,2026-09-30,11.760000228881836,12.573333422342936,13.291111204359266,13.729400100708007,18.71913335800171,21.016349968910216,12.35821481242437,11.319999694824219,39.25,False,False,False,False,False,False,False,False,False,-58.22379968651725,noise,66.78724699815952,False,True,False,True,,Consumer Durables,"Furniture, Home Furnishing",4.314105671352399,False,False
LGEINDIA.NS,2026-09-30,,,,,,,,,,False,False,False,False,False,False,False,False,False,,noise,60.78826164155103,False,False,False,False,,Consumer Durables,Household Appliances,,False,False
LIBAS.NS,2026-09-30,11.869999885559082,12.015000104904175,10.823888911141289,10.579400005340576,11.075733318328858,10.958950004577638,11.874017715234327,9.020000457763672,13.449999809265137,True,True,False,False,True,True,True,False,False,-3.022874938544884,noise,37.98075163938398,False,True,False,False,,Textiles & Apparels,Garments & Apparels,59.37954435288415,False,False
LIBERTSHOE.NS,2026-09-30,221.00999450683594,224.59333038330078,234.1241658528646,241.51939880371094,247.61060028076173,251.1639505767822,226.76216195564746,210.5,348.75,False,False,False,False,False,False,False,False,False,-32.94599805394889,red,100.60797967510193,False,False,False,False,,Consumer Durables,Footwear,22.830828889966067,False,False
LICHSGFIN.NS,2026-09-30,530.2000122070312,554.8041737874349,535.2394748263889,529.3192120361329,528.4378712972006,525.1802732849121,553.4266460738695,449.86740023054796,586.4255760885916,True,True,False,True,True,False,True,False,False,-4.275124152125775,red,192.1574335517687,False,False,False,False,,Finance,Housing Finance Company,57.82840523509453,False,False
LICI.NS,2026-09-30,395.20001220703125,400.6374994913737,409.3319447835286,409.89899963378906,404.52704366048175,406.90868103027344,400.6681940183349,352.4872671490231,457.74492274879265,False,False,False,True,False,False,True,False,False,-10.15405386560414,noise,53.66851848359594,False,True,False,False,,Insurance,Life Insurance,51.9631604459525,False,False
LIKHITHA.NS,2026-09-30,234.2899932861328,226.0091692606608,216.97444576687283,219.1330014038086,211.98233428955078,202.2819507598877,226.21848409236034,131.4499969482422,272.0,True,True,False,True,True,True,True,True,False,0.5622789864438538,ppv,325.40914025215744,False,False,False,False,,Construction,Civil Construction,63.402811439650996,False,False
LINC.NS,2026-09-30,88.62999725341797,91.56999969482422,93.86410140991211,95.66547729492187,99.20474385579428,101.87134014129639,91.20408289389249,83.71015535243087,131.34056190911465,False,False,False,False,False,False,False,False,False,-24.66205807038837,noise,64.2047775132218,False,True,False,False,,Household Products,Stationary,33.25254483761512,False,False
LINCOLN.NS,2026-09-30,585.6500244140625,594.6458282470703,608.9998847113716,602.46033203125,617.1970300292969,587.758745727539,593.7738727523205,438.75159875466625,767.8152546425441,False,True,True,False,False,True,True,False,False,7.982422635942887,noise,36.976775747835646,False,True,False,False,,Pharmaceuticals & Biotechnology,Pharmaceuticals,69.75278720310227,False,False
LINDEINDIA.NS,2026-09-30,6323.0,6203.375,6400.638888888889,6535.93060546875,6928.611481119791,6730.73666015625,6235.894572744375,5663.395514756716,8035.3727195912315,False,True,True,False,False,False,True,True,False,2.1403522139315845,green,118.57347260337254,False,False,False,False,,Chemicals & Petrochemicals,Industrial Gases,65.05089675230246,False,False
LKPSEC.NS,2026-09-30,,,,,,,,,,False,False,False,False,False,False,False,False,False,,noise,,False,False,False,False,,Capital Markets,Stockbroking & Allied,,False,False
LLOYDSENGG.NS,2026-09-30,98.63999938964844,89.2408332824707,87.72990417480469,88.62670654296875,72.76595952351887,67.44282848358154,93.06039803965007,37.297425311917706,104.19999694824219,True,True,True,True,True,True,True,True,False,70.47790462477288,red,187.7592307803357,False,False,False,False,,Industrial Manufacturing,Industrial Products,92.4866698982065,True,True
LLOYDSENT.NS,2026-09-30,79.2300033569336,72.95250002543132,73.56666670905219,75.51080047607422,68.40769813537598,66.30978588104249,75.40513936061457,40.66239061884169,84.69999694824219,True,True,True,True,True,True,True,True,False,27.877095659990523,ppv,129.02212664831532,False,False,False,False,,Metals & Minerals Trading,Trading - Metals,81.53174987881727,True,True
LLOYDS.NS,2026-09-29,60.0,59.30416679382324,60.62916692097982,63.08800018310547,70.29366722106934,68.63950042724609,60.125407449298265,34.79999923706055,98.9000015258789,False,True,False,False,False,True,False,False,False,-29.824561403508774,noise,216.21621621621622,False,False,False,False,,Leisure Services,Wellness,26.80562287930199,False,False
LLOYDSME.NS,2026-09-30,1884.0,1839.366678873698,1843.4277750651042,1894.6360009765624,1710.2964998372395,1592.7580798339843,1852.729240756307,1042.2770517704853,2125.0,True,True,True,True,False,True,True,True,False,53.887835188548316,noise,71.73576496172768,False,False,False,False,,Minerals & Mining,Industrial Minerals,89.2874454677654,True,False
LMW.NS,2026-09-30,16862.0,17268.25,18329.305555555555,17760.1,15841.734661458333,15610.854345703125,17216.93057550038,11893.875786654997,20151.0,True,True,True,True,False,True,True,False,False,10.653715925560036,noise,23.144083893313752,False,True,False,False,,Industrial Manufacturing,Industrial Products,72.22491517207949,True,False
LODHA.NS,2026-09-30,1135.0,1127.183329264323,1186.8138936360676,1197.8627685546876,1007.6367203776042,1017.733583984375,1136.275902219818,648.5216337409466,1340.2415520455131,True,False,False,True,False,True,True,False,False,0.2806220644504309,noise,88.44383860867556,False,False,False,False,,Realty,"Residential, Commercial Projects",62.91808046534173,False,False
LCL.NS,2026-09-30,,,,,,,,,,False,False,False,False,False,False,False,False,False,,noise,,False,False,False,False,,Industrial Manufacturing,Industrial Products,,False,False
LOKESHMACH.NS,2026-09-30,365.8999938964844,343.14583079020184,339.49444410536023,339.5940002441406,283.2451333618164,255.89600006103515,345.51384291317055,138.9600067138672,385.79998779296875,True,True,True,True,True,True,True,True,False,90.61261778443759,ppv,202.41953361694942,False,False,True,False,,Industrial Manufacturing,Industrial Products,94.47406689287445,True,True
LORDSCHLO.NS,2026-09-30,138.5399932861328,138.0991668701172,137.86833318074545,140.06940002441405,136.73279978434246,140.74949974060058,140.0014891867951,108.0,233.0,False,False,False,False,False,False,False,False,False,-18.018824319325212,noise,41.307693151205676,False,False,False,False,,Chemicals & Petrochemicals,Commodity Chemicals,41.68686379059622,False,False
LAL.NS,2026-09-30,8.420000076293945,8.713333209355673,8.815000030729506,8.715400018692016,7.940733350118001,8.060200016498566,8.680606529903777,5.559999942779541,11.430000305175781,True,False,False,True,False,True,False,False,False,-20.79021650380487,dry,7.101583094075911,False,False,False,False,,Textiles & Apparels,Garments & Apparels,38.196800775569564,False,False
LOTUSCHO.NS,2026-09-30,,,,,,,,,,False,False,False,False,False,False,False,False,False,,noise,,False,True,False,True,,Food Products,Packaged Foods,,False,False
LOTUSEYE.NS,2026-09-30,115.88999938964844,114.23416646321614,113.47638893127441,114.75139999389648,114.858466796875,116.43760009765624,114.25878942231827,97.58999633789062,147.0,False,False,False,False,True,False,True,True,False,-2.7115541323527004,noise,33.636681781520025,False,True,False,False,,Healthcare Services,Hospital,59.76732913233156,False,False
LOVABLE.NS,2026-09-30,71.05000305175781,70.45333290100098,71.43333350287543,71.67420028686523,71.79859990437825,73.18969989776612,70.63810855486008,55.0,101.94999694824219,False,False,False,False,False,False,False,True,False,-22.89744777507734,noise,34.46234513087234,False,False,False,False,,Textiles & Apparels,Garments & Apparels,35.773145904023266,False,False
LOYALTEX.NS,2026-09-30,209.6699981689453,212.6591657002767,215.1599998474121,213.4233999633789,210.33079986572267,213.1896999359131,213.56717492005515,170.0399932861328,333.989990234375,False,False,False,True,False,False,False,False,False,-28.5378314483129,noise,38.290501814784896,False,False,False,False,,Textiles & Apparels,Other Textile Products,28.211342704798838,False,False
LTM.NS,2026-09-30,4045.0,4153.0583089192705,4407.774997287326,4420.986005859375,4218.561479492188,4593.293016357422,4115.663489932722,3528.0,6344.474916122625,False,False,False,False,False,False,False,False,False,-20.206941669357203,green,105.12615906579634,False,True,False,False,,IT - Software,Computers - Software & Consulting,39.11778962675715,False,False
LUMAXTECH.NS,2026-09-30,2076.699951171875,2041.6583353678386,2006.9527757432725,1898.0639111328126,1704.2549275716146,1663.3235919189453,2040.8660942638353,1116.3719883205647,2190.0,True,True,True,True,True,True,True,True,False,57.514842656224154,noise,49.318392077939805,False,False,False,False,,Auto Components,Auto Components & Equipments,90.20843431895298,True,True
LUMAXIND.NS,2026-09-30,5568.5,5745.958333333333,5919.805555555556,5785.890302734375,5440.09064453125,5440.086765136719,5737.959925779955,4437.502738318829,6868.719019600016,True,True,True,True,False,False,True,False,False,13.455407897904648,noise,63.39576347591501,False,False,False,False,,Auto Components,Auto Components & Equipments,74.55162384876394,True,False
LUMINO.NS,2026-09-30,,,,,,,,,,False,False,False,False,False,False,False,False,False,,noise,,False,False,False,False,,Industrial Products,Cables - Electricals,,False,False
LUPIN.NS,2026-09-30,2030.199951171875,2082.383341471354,2140.7888929578994,2208.852001953125,2281.3356705729166,2248.841502685547,2076.6352903506804,1886.322723198068,2523.699951171875,False,True,False,False,False,False,True,False,False,6.991076484855663,red,122.62087294655662,False,False,False,False,,Pharmaceuticals & Biotechnology,Pharmaceuticals,68.83179835191468,False,False
LUXIND.NS,2026-09-30,1107.0,1123.2409973144531,1160.3363138834636,1185.3854858398438,1224.3206359863282,1167.978434753418,1130.9317053604755,822.469064394925,1819.8519348314312,False,True,False,False,False,True,False,False,False,-13.376459105500338,noise,35.034122617959,False,False,False,False,,Textiles & Apparels,Garments & Apparels,47.455162384876395,False,False
LYKALABS.NS,2026-09-30,83.20999908447266,83.98916562398274,77.61416625976562,73.87119956970214,65.84873326619466,67.88229993820191,83.85332630203061,44.099998474121094,100.94000244140625,True,False,False,True,True,True,True,False,False,-13.349994645202568,green,145.42062725996198,False,False,False,False,,Pharmaceuticals & Biotechnology,Pharmaceuticals,47.503635482307324,False,False
MBEL.NS,2026-09-30,249.0,255.00000127156576,264.4638379414876,271.48206451416013,292.07569244384763,305.93636909484866,255.0474310349452,222.20879137850392,533.8789199375677,False,False,False,False,False,False,False,False,False,-34.78339374563433,noise,28.332840838027895,False,False,False,False,,Construction,Civil Construction,19.58313136209404,False,False
M&M.NS,2026-09-30,2950.0,3022.7750040690103,3204.8722262912324,3247.6480029296877,3150.7010302734375,3251.5400378417967,3013.5621051626354,2865.903724597869,3799.9943064302024,False,False,False,False,False,False,True,False,False,-13.01489570958816,green,110.19245945721006,False,False,False,False,,Automobiles,Passenger Cars & Utility Vehicles,48.27920504120213,False,False
M&MFIN.NS,2026-09-30,324.8500061035156,341.6416651407878,365.39444563123914,372.0090002441406,329.74817850748695,338.44375091552735,338.8239644748462,263.56995824155,415.0,False,False,False,True,False,False,True,False,False,20.65338831829815,noise,36.67298803738863,False,False,False,False,,Finance,Non Banking Financial Company (NBFC),77.60542898691226,True,False
MBAPL.NS,2026-09-30,170.6300048828125,164.17750040690103,164.12000020345053,162.85079986572265,126.3470327758789,116.08990390777588,166.0183010289684,74.56403046577304,174.94000244140625,True,True,True,True,True,True,True,True,True,125.4831872746788,green,139.41268700744925,False,False,True,False,,Fertilizers & Agrochemicals,Fertilizers,96.75230247212797,True,True
MKEXIM.NS,2026-09-30,,,,,,,,,,False,False,False,False,False,False,False,False,False,,noise,,False,False,False,False,,Retailing,Distributors,,False,False
MKPL.NS,2026-09-30,3.990000009536743,3.9966667691866555,4.061111172040303,4.0980000400543215,4.65833335240682,4.906200015544892,3.9923594535645295,3.559999942779541,7.489999771118164,False,False,False,False,False,False,False,False,False,-42.672413970287295,noise,76.0867266135203,False,False,False,False,,Agricultural Food & other Products,Edible Oil,12.45758603974794,False,False
MMFL.NS,2026-09-30,598.5999755859375,610.2749989827474,627.5680508083767,611.1299951171875,509.7387420654297,484.77070724487305,611.0567541859377,285.5132388663281,687.9500122070312,True,True,True,True,False,True,True,False,False,97.49003937532696,noise,39.70432694249942,False,False,False,False,,Auto Components,Auto Components & Equipments,94.9587978671837,True,False
MRPL.NS,2026-09-30,169.2899932861328,166.6408348083496,171.99944517347546,171.0750003051758,168.67098714192707,166.7851602935791,168.47271895639582,128.94954722502166,212.0,True,True,True,True,False,True,True,True,False,30.176606743315904,red,264.1159948983378,False,False,False,False,,Petroleum Products,Refineries & Marketing,82.21037324285022,True,False
MTNL.NS,2026-09-30,22.969999313354492,23.608333428700764,25.43833329942491,25.97580005645752,28.046200014750163,29.348500032424926,23.613559726845573,21.260000228881836,44.66999816894531,False,False,False,False,False,False,False,False,False,-46.65583237161209,noise,47.869106161452166,False,False,False,False,,Telecom - Services,Telecom - Cellular & Fixed line services,9.403780901599612,False,False
MCL.NS,2026-09-30,56.7400016784668,57.41416645050049,58.02999994489882,57.113199920654296,58.99966672261556,62.087750091552735,57.97318632977456,42.0,93.19999694824219,False,False,True,False,False,True,False,False,False,-3.0582558314749764,noise,88.21656743351068,False,False,False,False,,Industrial Products,"Aluminium, Copper & Zinc Products",59.331071255453224,False,False
MVKAGRO.NS,2026-09-29,248.0500030517578,246.6791648864746,227.54305436876086,259.1959994506836,407.41900014241537,471.39424995422365,238.78266419823825,152.0500030517578,819.0,False,False,False,False,False,True,False,True,False,-47.01484432645198,green,113.46190750335828,False,False,False,False,,Agricultural Food & other Products,Sugar,9.064469219583131,False,False
MAANALU.NS,2026-09-30,100.16999816894531,102.9600003560384,112.8516665564643,115.16039978027344,126.92680028279622,133.5351999282837,102.92873331441733,99.01000213623047,184.74000549316406,False,False,False,False,False,False,False,False,False,-7.060679807516701,noise,43.97218459614856,False,True,False,True,,Non - Ferrous Metals,Aluminium,55.06543868153175,False,False
MCCHRLS-B.NS,2026-09-30,,,,,,,,,,False,False,False,False,False,False,False,False,False,,noise,,False,False,False,False,,Leisure Services,Hotels & Resorts,,False,False
MACPOWER.NS,2026-09-30,2096.0,2037.5083618164062,1930.52976820204,1810.0344213867188,1330.138818359375,1230.044730529785,2063.062816694785,760.3935313115157,2226.0,True,True,True,True,True,True,True,True,False,154.91208575044632,noise,61.916092696797996,False,False,False,False,,Industrial Manufacturing,Industrial Products,97.96412990790111,True,True
MADHAVIPL.NS,2026-09-30,,,,,,,,,,False,False,False,False,False,False,False,False,False,,noise,,False,False,False,False,,Construction,Civil Construction,,False,False
MADHAV.NS,2026-09-30,34.15999984741211,34.911666552225746,35.22583315107558,34.988199920654296,35.82640000661214,36.72705008506775,34.95409406404144,29.0,46.790000915527344,False,False,False,False,False,False,False,False,False,-23.20143840160066,red,125.09859154929576,False,False,False,False,,Consumer Durables,Granites & Marbles,35.23994183228309,False,False
MADHUCON.NS,2026-09-30,4.190000057220459,4.082500060399373,4.693333387374878,4.842400026321411,5.107533356348673,5.220150010585785,4.155144419359565,3.609999895095825,8.4399995803833,False,False,False,False,False,False,False,True,False,-45.01312178283534,green,167.47207605221342,False,False,False,False,,Construction,Civil Construction,10.227823557925351,False,False
MADHUSUDAN.NS,2026-09-29,240.0,234.65416717529297,229.46666759914822,230.72,188.16066680908204,174.08274993896484,234.60023845568372,108.5999984741211,260.0,True,True,True,True,True,True,True,True,False,67.42238561656681,noise,79.29515418502203,False,False,False,False,,Food Products,Other Food Products,92.09888511875909,True,True
MPTODAY.NS,2026-09-29,41.54999923706055,41.54999923706055,43.020833015441895,43.854999771118166,44.715,45.41199981689453,41.591990449974425,34.20000076293945,49.150001525878906,False,False,False,False,False,False,True,False,False,-15.462872945826334,dry,0.0,False,False,False,False,,Media,Print Media,44.59524963645177,False,False
MADRASFERT.NS,2026-09-30,58.77000045776367,60.40583324432373,63.751944330003525,64.55400032043457,66.0432667541504,68.40670013427734,60.230367583018264,52.560001373291016,88.68000030517578,False,False,False,False,False,False,False,False,False,-33.01800559761403,noise,46.05334512476952,False,True,False,False,,Fertilizers & Agrochemicals,Fertilizers,22.636936500242367,False,False
MAFATIND.NS,2026-09-30,,,,,,,,,,False,False,False,False,False,False,False,False,False,,noise,52.13575019072758,False,False,False,False,,Textiles & Apparels,Other Textile Products,,False,False
MAGADSUGAR.NS,2026-09-30,531.25,516.7583389282227,550.1930550469292,538.1209985351562,489.7809749348958,480.4656889343262,528.1281968826081,406.86682144586706,634.9500122070312,True,True,True,True,False,True,True,True,False,-0.07690542400787814,noise,27.30318786126688,False,False,False,False,,Agricultural Food & other Products,Sugar,62.53029568589433,False,False
MCLOUD.NS,2026-09-30,25.059999465942383,25.02500009536743,26.731111155615913,27.26940010070801,26.39359999338786,26.058649978637696,25.018853796508438,19.399999618530273,78.97000122070312,False,True,False,True,False,False,False,True,False,-67.45877318427895,noise,77.83017981706858,False,True,False,False,,IT - Software,Computers - Software & Consulting,1.74503150751333,False,False
MAGNUM.NS,2026-09-30,18.479999542236328,18.9366668065389,19.06777795155843,19.212200164794922,19.77380006154378,20.386850032806397,18.82502192728194,16.25,28.0,False,False,False,False,False,False,False,False,False,-25.753314602643094,noise,42.23541293612487,False,False,False,False,,"Paper, Forest & Jute Products",Paper & Paper Products,32.18613669413475,False,False
MAGSON.NS,2026-09-29,180.10000610351562,179.84583536783853,183.25555547078451,182.75599975585936,171.4540000406901,160.6717499923706,180.02766846265988,100.5,213.89999389648438,True,True,True,True,False,True,True,True,False,56.67682547621826,green,545.1373746184038,True,False,False,False,,Food Products,Packaged Foods,90.01454192922928,True,False
MAHSCOOTER.NS,2026-09-30,12576.0,13040.63916015625,13182.966254340277,13145.709609375,12645.841575520833,12866.913642578125,12917.875257512398,10721.758704587743,17800.419998666428,False,False,False,True,False,False,False,False,False,-26.81031016870914,green,109.78270567528328,False,True,False,False,,Finance,Investment Company,30.877363063499757,False,False
MAHSEAMLES.NS,2026-09-30,737.6500244140625,711.4083302815756,669.2666066487631,641.8074572753907,613.3786433919271,592.165397644043,714.8307226694878,493.1502386104819,768.0,True,True,True,True,True,True,True,True,False,25.251764621997587,ppv,484.8815019971983,False,False,True,False,,Industrial Products,Iron & Steel Products,79.9321376635967,True,True
MAHAPEXLTD.NS,2026-09-30,51.0,52.948334058125816,54.90888902876112,52.283200073242185,53.517849909464516,64.85473741531372,52.29373851879455,42.0,117.88999938964844,False,False,False,False,False,False,False,False,False,-50.81967068383362,noise,25.841783964108323,False,True,False,False,,Finance,Other Financial Services,7.610276296655356,False,False
MFML.NS,2026-09-30,18.6299991607666,18.772499720255535,18.77277766333686,18.86459991455078,21.665266647338868,22.424050006866455,18.682158578577976,16.75,31.889999389648438,False,False,False,False,False,False,False,False,False,-33.84233216720458,green,288.25677838084346,False,False,False,False,,Textiles & Apparels,Other Textile Products,21.42510906446922,False,False
MHLXMIRU.NS,2026-09-30,179.2100067138672,162.62749989827475,172.65138965182834,165.60060119628906,165.1794007364909,174.29830070495606,168.45751195965667,105.52999877929688,244.64999389648438,True,False,False,False,True,True,False,True,False,-17.801117694728894,noise,21.682160065206403,False,False,False,False,,Textiles & Apparels,Other Textile Products,41.97770237518178,False,False
MAHASTEEL.NS,2026-09-30,1189.0,1195.3750101725261,1208.3555501302083,1131.3849963378907,955.1339990234375,921.4047491455078,1203.4013314002182,405.5,1421.0,True,True,True,True,True,True,True,False,False,189.11854103343467,dry,6.568465774100679,False,False,False,False,,Industrial Products,Iron & Steel Products,98.59428017450314,True,True
MGL.NS,2026-09-30,1058.0,1070.9000040690105,1089.8991292317708,1090.350224609375,1080.6489912923178,1080.3895196533203,1067.4729119755384,885.652283987356,1300.4366683282476,False,True,False,True,False,False,True,False,False,-13.746812702654987,noise,82.53001940026813,False,False,False,False,,Gas,LPG/CNG/PNG/LNG Supplier,47.06737760542899,False,False
MAHESHWARI.NS,2026-09-30,73.43000030517578,71.79250017801921,72.23833317226834,72.4615998840332,61.76573348999023,57.7807001876831,72.41649536963588,39.040000915527344,76.80999755859375,True,True,True,True,True,True,True,True,False,25.714775718201178,noise,93.09406407458303,False,True,False,False,,Diversified,Diversified,80.27144934561319,True,True
MAHICKRA.NS,2026-09-29,295.0,305.8875020345052,292.0430560641819,284.2760012817383,247.29743560791016,225.24994964599608,302.1478645842307,130.91812553661782,314.5,True,True,True,True,True,True,True,False,False,83.34441156747829,noise,20.97902097902098,False,False,False,False,,Chemicals & Petrochemicals,Dyes And Pigments,93.94086282113427,True,True
MAHEPC.NS,2026-09-30,96.73999786376953,99.51249885559082,103.16833262973361,104.28399948120118,111.6599334716797,114.97095001220703,98.73811544353356,91.91000366210938,154.0,False,False,False,False,False,False,False,False,False,-35.7550825558441,noise,49.22098747151386,False,True,False,False,,Industrial Manufacturing,Industrial Products,18.51672321861367,False,False
MHRIL.NS,2026-09-30,194.25,197.21416600545248,207.55555513170032,211.93960021972657,232.1585331217448,249.07940017700196,197.48324929950562,188.2100067138672,355.5,False,False,False,False,False,False,False,False,False,-44.940474285392995,noise,39.504651175654644,False,False,False,False,,Leisure Services,Hotels & Resorts,10.421715947649055,False,False
MAHLIFE.NS,2026-09-30,360.29998779296875,357.7999979654948,366.08333079020184,371.56299743652346,351.3791396077474,356.6979721069336,359.38543616066977,284.10304615801056,423.03422522089073,True,False,False,True,False,False,True,True,False,2.934829821963869,noise,45.455899431157334,False,False,False,False,,Realty,"Residential, Commercial Projects",65.4871546291808,False,False
MAHLOG.NS,2026-09-30,435.8500061035156,408.01249440511066,403.0486119588216,405.1430010986328,385.3317724609375,374.08141586303714,416.54262218160954,273.2820886223393,447.10758500270833,True,True,True,True,True,True,True,True,False,27.446128058348872,ppv,159.2886213192731,False,False,False,False,,Transport Services,Logistics Solution Provider,80.95007270964615,True,True
MAITHANALL.NS,2026-09-30,925.25,978.4038391113281,997.1459672715929,988.367568359375,978.9595711263021,985.0531781005859,966.3421190644206,816.7156645855056,1202.9048357348615,False,False,False,True,False,False,True,False,False,-14.332305725354244,noise,59.49220133451784,False,False,False,False,,Ferrous Metals,Ferro & Silica Manganese,46.19486185167232,False,False
MAITREYA.NS,2026-09-29,109.05000305175781,113.79166603088379,116.19583320617676,118.54100021362305,152.0126665242513,166.70774948120118,113.3814868934901,103.0999984741211,292.95001220703125,False,False,False,False,False,False,False,False,False,-55.96607884539671,noise,49.30966469428008,False,False,False,False,,Healthcare Services,Hospital,5.138148327678139,False,False
MAJESAUT.NS,2026-09-30,,,,,,,,,,False,False,False,False,False,False,False,False,False,,noise,22.12282679175248,False,False,False,False,,Commercial Services & Supplies,Diversified Commercial Services,,False,False
MAKERSL.NS,2026-09-30,,,,,,,,,,False,False,False,False,False,False,False,False,False,,noise,,False,False,False,False,,Pharmaceuticals & Biotechnology,Pharmaceuticals,,False,False
MAKS.NS,2026-09-29,15.0,14.629166920979818,14.83888906902737,15.685000038146972,22.37633326212565,24.16224986076355,14.79772643371076,12.649999618530273,34.650001525878906,False,False,False,False,False,False,False,True,False,-55.223880597014926,dry,0.0,False,False,False,False,,Industrial Products,"Compressors, Pumps & Diesel Engines",5.574406204556471,False,False
MALLCOM.NS,2026-09-30,938.9500122070312,945.788330078125,968.0081091986763,978.4685266113281,1023.0897701009114,1053.1959048461913,948.6417733794412,902.3442596099511,1515.2883615769324,False,False,False,False,False,False,False,False,False,-31.565096793944967,noise,43.51978405952088,False,False,False,False,,Industrial Products,Other Industrial Products,24.478914202617545,False,False
MALUPAPER.NS,2026-09-30,31.469999313354492,32.02249972025553,32.165277587042915,32.524199867248534,32.063933270772296,32.50069996833801,32.033496727722266,27.0,44.11000061035156,False,False,False,True,False,False,False,False,False,-18.828994217737648,noise,27.601075308817762,False,False,False,False,,"Paper, Forest & Jute Products",Paper & Paper Products,41.00824042656326,False,False
MAMATA.NS,2026-09-30,398.79998779296875,402.687494913737,408.8499984741211,407.3704675292969,395.8335996500651,400.2240603637695,403.9917890320901,296.61573458793464,475.0845391887806,False,False,False,True,False,True,True,False,False,-11.243245291851,noise,37.14344403083271,False,False,False,False,,Industrial Manufacturing,Industrial Products,50.315075133301015,False,False
MANINDS.NS,2026-09-30,907.3499755859375,897.7416585286459,789.1986100938585,719.1209985351562,574.6103314208984,525.5082485961914,919.0286634178663,302.04998779296875,1039.699951171875,True,True,True,True,True,True,True,False,False,149.27197131481796,noise,76.29830784447094,False,False,False,False,,Industrial Products,Iron & Steel Products,97.72176442074648,True,True
MANINFRA.NS,2026-09-30,126.86000061035156,125.72750027974446,120.29833348592122,115.72620010375977,109.13671849568685,111.1956502532959,126.3830247383447,76.65347017879223,149.44500207385218,True,False,False,True,True,True,True,True,False,-12.627996211661042,noise,67.19987622223151,False,True,False,False,,Realty,"Residential, Commercial Projects",48.81240911294232,False,False
MANAKSIA.NS,2026-09-30,59.9900016784668,63.84333419799805,61.748611238267685,60.26700019836426,58.29660001118978,59.66804988861084,62.91552910564563,42.099998474121094,73.4000015258789,True,False,False,True,False,True,True,False,False,-11.466942462814867,noise,70.68135026806087,False,False,False,False,,Industrial Products,Iron & Steel Products,50.072709646146386,False,False
MANAKALUCO.NS,2026-09-30,34.31999969482422,35.271666844685875,37.30808056725396,37.22035140991211,34.374485867818194,34.844606161117554,35.27388225562628,21.700531215855428,68.0276235995725,False,False,True,True,False,True,False,False,False,7.362095226173215,dry,17.474701668427393,False,False,False,False,,Non - Ferrous Metals,Aluminium,69.07416383906931,False,False
MANAKCOAT.NS,2026-09-30,126.9800033569336,129.14916865030924,125.03689659966363,123.70004043579101,114.49878595987956,117.6897102355957,128.3869121777857,94.16217512580242,182.7466119542093,True,False,False,True,True,True,False,False,False,-2.9927342716255634,noise,47.02513658363994,False,False,False,False,,Industrial Products,Iron & Steel Products,59.428017450315075,False,False
MANAKSTEEL.NS,2026-09-30,110.33000183105469,107.7408332824707,99.74666701422797,92.71800018310547,74.51160018920899,71.79150007247925,108.3649586160598,45.11000061035156,120.76000213623047,True,True,True,True,True,True,True,True,False,86.24240159526977,dry,14.643620312795532,False,False,False,False,,Ferrous Metals,Iron & Steel,94.13475521085797,True,True
MANALIPETC.NS,2026-09-30,80.9800033569336,83.01529439290364,79.62050777011447,75.58062866210938,62.773233006795245,61.70008171081543,82.80700648465204,38.89405126649905,92.43921791593199,True,True,True,True,True,True,True,False,False,26.922047866980115,dry,16.16640141360723,False,False,False,False,,Chemicals & Petrochemicals,Petrochemicals,80.65923412506059,True,True
MANAPPURAM.NS,2026-09-30,315.8500061035156,319.4166666666667,335.4122619628906,342.84759216308595,312.56967814127603,309.45537673950196,320.40010263818544,244.06078978586396,380.45671483079525,True,True,True,True,False,False,True,False,False,13.38306668374205,noise,59.54814393787062,False,False,False,False,,Finance,Non Banking Financial Company (NBFC),74.45467765390208,True,False
MANAV.NS,2026-09-29,40.75,40.75,35.14722225401137,32.62300003051758,37.60600001017253,35.84125000953674,40.48960283458314,17.299999237060547,47.0,True,True,True,False,True,True,True,True,False,135.5491433358228,dry,0.0,False,False,False,False,,Construction,Civil Construction,97.33397964129908,True,False
MANBA.NS,2026-09-30,136.83999633789062,136.19879531860352,132.14882511562772,133.12994369506836,122.94537602742513,125.46233718872071,136.5492766030635,97.63307782339018,153.42342458023612,True,False,False,True,True,True,True,True,False,1.2515503107960235,noise,49.18429370199861,False,False,False,False,,Finance,Non Banking Financial Company (NBFC),64.1783809985458,False,False
MANDEEP.NS,2026-09-29,17.799999237060547,17.741666475931805,18.080555597941082,18.50400005340576,19.501000010172525,20.01350004196167,17.868108392267963,16.149999618530273,29.600000381469727,False,False,False,False,False,False,False,False,False,-39.86486821735398,dry,16.39344262295082,False,False,False,False,,Auto Components,Auto Components & Equipments,15.075133301017935,False,False
MANCREDIT.NS,2026-09-30,220.72999572753906,220.52583185831705,225.32573445638022,227.78762512207032,203.22020233154296,193.8677269744873,220.7401202637631,151.53824189683678,286.28429630144484,True,True,True,True,False,True,True,False,False,18.933574262895235,noise,57.240437746835546,False,False,False,False,,Finance,Non Banking Financial Company (NBFC),76.78138633058651,True,False
MEIL.NS,2026-09-30,264.8500061035156,270.3874994913737,275.94583468967016,278.7700006103516,284.84293345133466,293.6399498748779,270.3282969453171,206.25999450683594,495.0,False,False,False,False,False,False,False,False,False,-43.34759227732287,noise,27.468492886741224,False,True,False,False,,Electrical Equipment,Other Electrical Equipment,12.069801260300533,False,False
MAL.NS,2026-09-29,40.04999923706055,43.1791664759318,36.60416656070285,35.45199989318848,36.07599994659424,39.039999895095825,41.82777496730138,28.950000762939453,59.95000076293945,True,False,False,False,True,True,False,False,False,-31.067125148205264,dry,5.488474204171241,False,False,False,False,,Industrial Products,Iron & Steel Products,25.109064469219582,False,False
MANGLMCEM.NS,2026-09-30,993.2000122070312,1011.125,1012.9555019802517,994.5785388183593,916.2567464192708,881.8136758422852,1011.0586086173017,678.2213010338754,1120.0,True,True,True,True,False,True,True,False,False,34.43050107089449,noise,61.52995963149418,False,True,False,False,,Cement & Cement Products,Cement & Cement Products,83.4706737760543,True,False
MANGALAM.NS,2026-09-30,30.739999771118164,32.12333313624064,30.984722243414986,29.90939998626709,29.52679993947347,30.667749919891357,31.75813044076005,22.799999237060547,73.94000244140625,True,False,False,False,True,True,False,False,False,-57.768925148397955,noise,75.77329991908417,False,False,False,False,,Pharmaceuticals & Biotechnology,Pharmaceuticals,4.459524963645177,False,False
MGEL.NS,2026-09-30,15.890000343322754,15.722500165303549,15.131666660308838,15.25340003967285,14.295734786987305,13.965929737091065,15.791669874693692,9.524065247834445,18.158685681827453,True,True,False,True,True,True,True,True,False,-2.154456433971963,noise,26.384819419733546,False,True,False,False,,Agricultural Food & other Products,Other Agricultural Products,60.54289869122636,False,False
MANORG.NS,2026-09-30,452.25,454.2958297729492,468.98194207085504,476.9989978027344,486.83266784667967,480.0742512512207,455.6047358320532,356.25,635.0,False,True,False,False,False,False,False,False,False,-14.774337285790363,noise,54.484246581092535,False,True,False,False,,Chemicals & Petrochemicals,Commodity Chemicals,45.467765390208434,False,False
MSL.NS,2026-09-30,,,,,,,,,,False,False,False,False,False,False,False,False,False,,noise,,False,False,False,False,,Agricultural Food & other Products,Other Agricultural Products,,False,False
MWL.NS,2026-09-30,43.380001068115234,42.4883337020874,40.75083329942491,40.18739997863769,35.350071805318194,33.34989539146423,42.75312711048747,19.98028894668577,48.0,True,True,True,True,True,True,True,True,False,83.77262744937704,dry,18.955090246411014,False,False,False,False,,Metals & Minerals Trading,Trading - Metals,94.03780901599612,True,True
MANIPALHOS.NS,2026-09-30,,,,,,,,,,False,False,False,False,False,False,False,False,False,,noise,,False,False,False,False,,Healthcare Services,Hospital,,False,False
MANKIND.NS,2026-09-30,2503.800048828125,2414.1083374023438,2378.994432237413,2412.239990234375,2348.5139949544273,2296.0894970703125,2449.666053593042,1909.699951171875,2642.0,True,True,False,True,True,True,True,True,False,1.6978086445217366,red,288.155900425519,False,True,False,False,,Pharmaceuticals & Biotechnology,Pharmaceuticals,64.61463887542413,False,False
MVGJL.NS,2026-09-30,207.16000366210938,213.08250045776367,183.6586104498969,179.0029995727539,164.36313334147135,167.1777000427246,211.9432947585652,129.10000610351562,233.99000549316406,True,False,False,True,True,True,True,False,False,8.500503644751278,noise,37.669607185904816,False,False,False,False,,Consumer Durables,"Gems, Jewellery And Watches",70.47988366456617,True,False
MANOMAY.NS,2026-09-30,240.66000366210938,229.21750259399414,224.871945699056,220.8470004272461,206.53639994303384,208.77845016479492,231.797125556774,160.25,259.8800048828125,True,False,False,True,True,True,True,True,False,40.08965193989322,ppv,290.20011012181186,False,False,False,False,,Textiles & Apparels,Other Textile Products,85.36112457586039,True,False
MANORAMA.NS,2026-09-30,1852.800048828125,1909.1500040690105,1915.488989935981,1833.77158203125,1572.3716251627604,1513.1190838623047,1897.5947979173663,1060.1930872125888,2148.6752714346185,True,True,True,True,True,True,True,False,False,32.95396801968451,noise,24.23506819139672,False,True,False,False,,Food Products,Other Food Products,82.98594280174503,True,True
MANUGRAPH.NS,2026-09-30,17.31999969482422,18.461666584014893,16.38805561595493,15.954800033569336,14.890066661834716,15.071349992752076,18.50965800861429,9.649999618530273,24.260000228881836,True,False,False,True,True,True,False,False,False,-24.23447404904573,red,147.96521422110175,False,False,False,False,,Industrial Manufacturing,Industrial Products,33.785748909355306,False,False
MARALOVER.NS,2026-09-30,60.310001373291016,59.64750003814697,57.69166692097982,57.371400146484376,52.18153330485026,49.91579998016358,59.94654874892472,34.11000061035156,68.88999938964844,True,True,True,True,True,True,True,True,False,27.075437287613546,noise,81.04939237180561,False,False,False,False,,Textiles & Apparels,Other Textile Products,80.75618031992245,True,True
MARATHON.NS,2026-09-30,389.1499938964844,407.7831776936849,406.96337127685547,401.0082342529297,423.60663818359376,442.5550370788574,404.2853940884079,343.2192547389346,676.4127737312596,False,False,False,False,False,False,False,False,False,-33.899533790858094,dry,12.53147005385998,False,True,False,False,,Realty,"Residential, Commercial Projects",21.328162869607368,False,False
MARC.NS,2026-09-29,,,,,,,,,,False,False,False,False,False,False,False,False,False,,dry,11.918951132300357,False,False,False,False,,Commercial Services & Supplies,Consulting Services,,False,False
MARCO.NS,2026-09-29,29.25,29.475000381469727,31.24305576748318,31.51200023651123,33.52666681925456,33.897500095367434,29.473217811532777,26.600000381469727,44.5,False,False,False,False,False,False,False,False,False,-26.875000000000004,green,282.3920265780731,False,False,False,False,,Industrial Products,Cables - Electricals,30.780416868637907,False,False
MARICO.NS,2026-09-30,786.0,811.5791727701823,826.2652791341146,837.193837890625,810.8099393717448,796.3461389160157,807.9340096853267,688.1530394845844,889.0999755859375,False,True,True,True,False,False,True,False,False,13.219721706727539,red,145.01697211207713,False,False,False,False,,Agricultural Food & other Products,Edible Oil,74.35773145904024,True,False
MARINE.NS,2026-09-30,429.54998779296875,405.5583318074544,398.8457090589735,368.91687957763673,273.31222747802735,253.967650680542,417.6669189631682,150.74930410802895,449.66979114957604,True,True,True,True,True,True,True,True,False,100.8153888669573,noise,77.7754059529627,False,False,False,False,,Industrial Manufacturing,Industrial Products,95.29810954920019,True,True
MARINETRAN.NS,2026-09-29,14.5,14.387500286102295,15.68888913260566,15.332000198364257,15.993000049591064,17.13400001525879,14.329483500827823,13.300000190734863,28.200000762939453,False,False,False,False,False,False,False,True,False,-10.493831375789341,green,208.33333333333334,False,False,False,False,,Transport Services,Logistics Solution Provider,51.28453708191954,False,False
MARKOLINES.NS,2026-09-30,,,,,,,,,,False,False,False,False,False,False,False,False,False,,red,227.0884706485232,False,False,False,False,,Construction,Civil Construction,,False,False
MARKSANS.NS,2026-09-30,322.29998779296875,329.89583587646484,327.3493660820855,309.16875610351565,245.20566752115886,228.05385192871094,332.27018639372585,154.57339337516265,350.95001220703125,True,True,True,True,True,True,True,False,False,95.8249600511464,noise,89.37265033561918,False,False,False,False,,Pharmaceuticals & Biotechnology,Pharmaceuticals,94.91032476975279,True,True
MARSONS.NS,2026-09-30,,,,,,,,,,False,False,False,False,False,False,False,False,False,,noise,38.0653702401133,False,False,False,False,,Electrical Equipment,Heavy Electrical Equipment,,False,False
MARUTI.NS,2026-09-30,11967.0,12109.833333333334,12871.861111111111,13146.4272265625,13219.818522135416,13826.528837890624,12101.969628035476,11831.0,17197.28603290768,False,False,False,False,False,False,False,False,False,-24.591772359876863,green,116.73279802438287,False,False,False,False,,Automobiles,Passenger Cars & Utility Vehicles,33.397964129907905,False,False
MDL.NS,2026-09-29,64.9000015258789,61.80416679382324,60.047222243414986,61.50800003051758,59.30233334859212,60.01924995422363,62.86937000181958,43.0,102.9000015258789,True,False,False,True,True,True,False,True,False,-29.83783618823902,dry,0.0,False,False,False,False,,Consumer Durables,"Furniture, Home Furnishing",26.75714978187106,False,False
MASFIN.NS,2026-09-30,282.70001220703125,285.9250005086263,293.7444008721246,298.76470153808594,307.9617490641276,310.87998840332034,284.622526239478,273.1499938964844,357.9301909358125,False,False,False,False,False,False,True,False,False,-5.74899245128252,noise,88.57008185994215,False,True,False,False,,Finance,Non Banking Financial Company (NBFC),56.6650508967523,False,False
MASKINVEST.NS,2026-09-30,150.9499969482422,143.78666559855142,146.66472244262695,147.8970004272461,146.95873357137043,146.95605037689208,145.57390525688183,114.94000244140625,246.08999633789062,True,True,False,True,True,True,False,True,False,-2.7885122778813387,green,212.94021294021292,False,False,False,False,,Finance,Investment Company,59.718856034900625,False,False
MASON.NS,2026-09-29,107.25,111.22500038146973,115.83333354526096,117.41100006103515,130.015,143.6317497253418,110.66451753774494,101.19999694824219,220.0,False,False,False,False,False,False,False,False,False,-46.69483020539529,noise,23.3402489626556,False,False,False,True,,Realty,"Residential, Commercial Projects",9.258361609306835,False,False
MASTEK.NS,2026-09-30,1562.800048828125,1583.5333353678386,1670.9544169108074,1709.1505810546876,1636.1488216145833,1723.2923156738282,1574.7271385616643,1322.9728365112476,2339.8013183845087,False,False,False,False,False,False,False,False,False,-27.85416129433638,noise,57.56723338561724,False,False,False,False,,IT - Software,Computers - Software & Consulting,29.277750848279204,False,False
MASTER.NS,2026-09-29,390.0,399.75416564941406,433.74027760823566,441.50599975585936,372.8400038655599,360.2348924255371,398.8078285311974,281.8980771263174,502.0,True,True,True,True,False,True,True,False,False,9.476957190417657,red,246.4788732394366,False,False,False,False,,Industrial Products,Plastic Products - Industrial,71.3039263208919,True,False
MASTERTR.NS,2026-09-30,82.13999938964844,85.90666643778484,84.55194409688313,83.89719970703125,81.2096666208903,86.8990001487732,85.03433635931242,55.599998474121094,164.5,False,False,False,False,False,True,False,False,False,-40.33991592149658,noise,37.5806258883154,False,False,False,False,,Capital Markets,Stockbroking & Allied,14.54192922927775,False,False
MATRIMONY.NS,2026-09-30,523.7999877929688,531.7833302815756,528.9180526733398,502.95015380859377,443.35888509114585,463.8798452758789,529.0336782071199,359.8286404253853,566.3557799316015,True,False,False,True,True,True,True,False,False,2.1580718723212655,dry,7.632506493793185,False,True,False,False,,Retailing,Internet & Catalogue Retail,65.14784294716432,False,False
MAWANASUG.NS,2026-09-30,145.00999450683594,134.51333300272623,136.61888800726996,129.55539932250977,108.22588119506835,101.00047271728516,139.49231304404884,72.43959449258234,164.0,True,True,True,True,True,True,True,True,False,70.79043485504188,noise,57.670683682015614,False,False,False,False,,Agricultural Food & other Products,Sugar,92.58361609306834,True,True
MAXESTATES.NS,2026-09-30,587.0999755859375,587.3666636149088,536.988889058431,497.47700134277346,437.3036661783854,432.87974990844725,582.8641918885517,305.45001220703125,652.7999877929688,True,True,True,True,True,True,True,True,False,27.713717641045044,noise,46.85839449260524,False,False,False,False,,Realty,"Residential, Commercial Projects",81.38633058652448,True,True
MFSL.NS,2026-09-30,1373.4000244140625,1482.5333353678386,1520.3666653103298,1518.1960009765626,1591.6460026041666,1619.555,1455.1126450687002,1344.300048828125,1892.5,False,False,False,False,False,False,False,False,False,-12.849799915149552,noise,97.36320305885873,False,False,False,True,,Insurance,Life Insurance,48.42462433349491,False,False
MAXHEALTH.NS,2026-09-30,929.7999877929688,1024.691665649414,1014.6833292643229,1035.1219995117187,1030.638553873698,1032.06722076416,1005.7758023177271,901.3980430128952,1219.732372328196,False,False,False,True,False,False,True,False,False,-16.43917857011996,red,662.9878880169555,False,False,False,True,,Healthcare Services,Hospital,43.38342220067862,False,False
MAXIND.NS,2026-09-30,160.8300018310547,149.95083491007486,151.06277804904514,157.07800079345702,156.55526646931966,160.5130996322632,153.32365223982737,120.0,241.57000732421875,True,False,False,False,True,True,False,True,False,-28.236133419730123,noise,68.92850534506944,False,False,False,False,,Finance,Holding Company,28.599127484246246,False,False
MAXPOSURE.NS,2026-09-29,37.95000076293945,37.18333307902018,33.03194438086616,33.179999923706056,35.29133335113525,36.84649994850159,37.08996016004278,28.5,58.0,True,False,False,False,True,True,False,True,False,-33.42105129308868,noise,63.79585326953748,False,False,False,False,,Entertainment,Media & Entertainment,22.15220552593311,False,False
MAYURUNIQ.NS,2026-09-30,734.3499755859375,735.1208343505859,740.842037624783,750.2675573730469,688.8928350830079,645.5308316040039,731.9017841702326,467.5569640916496,899.9875607705063,True,True,True,True,False,True,True,True,False,45.254526123857964,green,132.17751200783724,False,False,False,False,,Consumer Durables,Leather And Leather Products,86.71837130392632,True,False
MAZDOCK.NS,2026-09-30,2113.0,2195.425008138021,2404.011284722222,2400.8965771484377,2433.41529296875,2430.094620361328,2186.915385094875,2053.692522278021,2908.974368726317,False,True,False,False,False,False,False,False,False,-22.93845848923247,noise,67.88096613052801,False,False,False,False,,Industrial Manufacturing,Ship Building & Allied Services,35.72467280659234,False,False
MAZDA.NS,2026-09-30,303.29998779296875,267.74999618530273,253.57413016425238,243.66858795166016,220.09976084391275,216.8436940765381,276.31717480139275,156.86611422200318,303.4847005208333,True,True,True,True,True,True,True,True,False,16.57359148300783,green,142.19468704317512,False,False,True,False,,Industrial Manufacturing,Industrial Products,75.95734367426078,True,True
MBLINFRA.NS,2026-09-30,22.850000381469727,21.821666717529297,23.110833432939316,23.63400005340576,24.911333351135255,25.932949962615968,21.91447416735629,18.3700008392334,45.599998474121094,False,False,False,False,False,False,False,True,False,-45.006014919276694,green,150.98354867677594,False,False,False,False,,Construction,Civil Construction,10.276296655356278,False,False
MCLEODRUSS.NS,2026-09-30,44.7400016784668,44.105000495910645,46.085833337571884,47.51259994506836,51.97726666768392,50.12700000762939,44.365182869672495,28.5,78.41000366210938,False,True,False,False,False,True,False,True,False,18.642277286314734,green,233.89900323564592,False,False,False,False,,Agricultural Food & other Products,Tea & Coffee,76.63596703829376,True,False
MBECL.NS,2026-09-30,484.32000732421875,426.18416595458984,237.8100011613634,189.53520126342772,106.77840143839518,96.43380146026611,433.5708968916524,65.4000015258789,484.32000732421875,True,True,True,True,True,True,True,True,False,640.5504526365683,ppv,193.4641597878268,False,False,True,False,,Construction,Civil Construction,99.95152690256907,True,True
MCON.NS,2026-09-29,40.95000076293945,40.49583339691162,42.916666666666664,43.19000007629395,45.40333335876465,48.50949998855591,40.781079692948715,37.29999923706055,79.94999694824219,False,False,False,False,False,False,False,True,False,-36.90292788882197,green,150.9433962264151,False,False,False,False,,Other Construction Materials,Other Construction Materials,17.69268056228793,False,False
MEDIASSIST.NS,2026-09-30,302.25,318.7541681925456,331.8941192626953,337.35880676269534,347.5056553141276,366.93574615478514,315.9644847240335,291.1860276489772,571.9867367161792,False,False,False,False,False,False,False,False,False,-42.67591881431439,noise,94.6758417947559,False,False,False,False,,Insurance,Insurance Distributors,12.409112942317014,False,False
MEDICAPQ.NS,2026-09-30,,,,,,,,,,False,False,False,False,False,False,False,False,False,,noise,,False,False,False,False,,Pharmaceuticals & Biotechnology,Pharmaceuticals,,False,False
MMWL.NS,2026-09-30,,,,,,,,,,False,False,False,False,False,False,False,False,False,,noise,58.63077191437757,False,True,False,False,,Entertainment,"Film Production, Distribution & Exhibition",,False,False
MEDICAMEQ.NS,2026-09-30,321.75,323.7736231486003,280.4834149678548,268.7312530517578,260.069333597819,285.21015022277834,318.9498560831689,211.78665368671918,446.3573451542181,True,False,False,False,True,True,False,True,False,7.381627259162693,noise,37.66826725242328,False,False,False,False,,Pharmaceuticals & Biotechnology,Pharmaceuticals,69.12263693650024,False,False
MEDIORG.NS,2026-09-29,24.049999237060547,23.112499872843426,24.152777618832058,24.75699989318848,24.613999977111817,24.727249994277955,23.511569003470022,19.100000381469727,38.0,False,False,False,True,False,False,False,True,False,-31.38373820096696,ppv,251.0460251046025,False,False,False,False,,Pharmaceuticals & Biotechnology,Pharmaceuticals,24.624333494910324,False,False
MEDICO.NS,2026-09-30,21.530000686645508,30.59000031153361,37.985277864668106,39.938600044250485,40.98079982757568,43.00884989738464,28.073442507542598,20.469999313354492,56.880001068115234,False,False,False,False,False,False,False,False,False,-55.4059626532595,red,191.48797798806055,False,True,False,True,,Pharmaceuticals & Biotechnology,Pharmaceuticals,5.477460009694619,False,False
MEDPLUS.NS,2026-09-30,654.9000244140625,656.2791697184244,664.6944444444445,674.9930017089844,793.7650024414063,801.7037515258789,656.3417962902848,645.0,1022.2000122070312,False,False,False,False,False,False,False,False,False,-16.7746849542023,noise,39.20069523649522,False,False,False,False,,Retailing,Pharmacy Retail,42.898691226369365,False,False
MEESHO.NS,2026-09-30,,,,,,,,,,False,False,False,False,False,False,False,False,False,,noise,85.91522559729769,False,False,False,False,,Retailing,E-Retail/ E-Commerce,,False,False
MEGAFLEX.NS,2026-09-29,103.94999694824219,98.125,97.04166666666667,97.87,122.73399978637696,120.4652498626709,99.65651800662934,43.5,155.0500030517578,False,True,False,False,True,True,False,True,False,53.885998892693095,dry,0.0,False,False,False,False,,Industrial Products,Packaging,89.23897237033447,True,False
MEGASTAR.NS,2026-09-30,249.0500030517578,268.20416768391925,292.80833689371747,304.3100018310547,299.36693359375,281.8730001831055,263.1054146674709,203.0,392.0,False,True,False,True,False,False,False,False,False,18.307923400601457,noise,73.0720568514997,False,True,False,False,,Food Products,Other Food Products,76.49054774600097,True,False
MEGATHERM.NS,2026-09-29,248.0,255.81666564941406,226.77638922797308,222.38800048828125,224.41766642252605,222.41099975585936,250.48268989052747,170.0,290.0,True,True,False,False,True,True,True,False,False,-13.22602848407074,noise,36.05375286791216,False,True,False,False,,Industrial Products,Other Industrial Products,47.8429471643238,False,False
MOL.NS,2026-09-30,56.310001373291016,59.518333752950035,61.73888895246718,59.83840003967285,52.597466710408526,54.12065008163452,59.029656911381096,36.5,85.3499984741211,True,False,False,True,False,True,False,False,False,-30.17978883085042,dry,18.767711087285242,False,False,False,False,,Fertilizers & Agrochemicals,Pesticides & Agrochemicals,26.272418807561802,False,False
MIIL.NS,2026-09-30,,,,,,,,,,False,False,False,False,False,False,False,False,False,,noise,,False,False,False,False,,Realty,"Residential, Commercial Projects",,False,False
MENONBE.NS,2026-09-30,296.20001220703125,300.49583689371747,286.16916698879663,269.1710006713867,183.94036946614582,166.85009513854982,297.3448390660211,100.57782056732867,330.0,True,True,True,True,True,True,True,False,False,131.2516067607489,noise,89.10377448456066,False,True,False,False,,Auto Components,Auto Components & Equipments,97.09161415414445,True,True
MENNPIS.NS,2026-09-30,,,,,,,,,,False,False,False,False,False,False,False,False,False,,noise,,False,False,False,False,,Auto Components,Auto Components & Equipments,,False,False
MEP.NS,2026-09-30,0.6700000166893005,0.6516666660706202,0.6675000025166405,0.6332000005245209,0.7949333333969116,1.0008000004291535,0.6619989884510104,0.5,2.869999885559082,False,False,False,False,True,True,False,True,False,-62.56983067219123,red,135.85025785450645,False,False,False,False,,Transport Infrastructure,"Road AssetsToll, Annuity, Hybrid-Annuity",2.859912748424624,False,False
MERCANTILE.NS,2026-09-30,,,,,,,,,,False,False,False,False,False,False,False,False,False,,noise,,False,False,False,False,,Commercial Services & Supplies,Diversified Commercial Services,,False,False
MERCURYEV.NS,2026-09-30,,,,,,,,,,False,False,False,False,False,False,False,False,False,,dry,13.321170764739861,False,False,False,False,,Automobiles,Passenger Cars & Utility Vehicles,,False,False
METROBRAND.NS,2026-09-30,841.75,909.1749979654948,922.2329508463541,946.0924768066407,991.2793448893229,1015.2663943481446,891.2656896949995,832.0,1300.7865845004437,False,False,False,False,False,False,False,False,False,-30.522102677849038,noise,75.33035868719949,False,False,False,True,,Consumer Durables,Footwear,25.836160930683473,False,False
METROGLOBL.NS,2026-09-30,,,,,,,,,,False,False,False,False,False,False,False,False,False,,dry,11.4318567742108,False,False,False,False,,Commercial Services & Supplies,Trading & Distributors,,False,False
METROPOLIS.NS,2026-09-30,541.7000122070312,579.1875,574.5527801513672,575.362001953125,529.0651033528646,516.1684822082519,572.8313691861081,411.4375158286193,609.0499877929688,True,True,True,True,False,True,True,False,False,6.855420380505728,red,222.6017225670389,False,False,False,False,,Healthcare Services,Healthcare Service Provider,68.58943286476006,False,False
MICEL.NS,2026-09-30,36.720001220703125,34.85166645050049,36.302500089009605,36.513000106811525,38.83426656087239,39.47569990158081,35.548954369080576,29.969999313354492,61.59000015258789,False,False,False,False,True,False,False,True,False,-35.61283183117781,ppv,116.45091953053814,False,False,False,False,,Industrial Products,Other Industrial Products,18.662142510906445,False,False
MICROPRO.NS,2026-09-29,18.0,18.1916667620341,18.6638888253106,18.727999992370606,19.158000062306723,19.276250042915343,18.15904738850782,15.149999618530273,25.399999618530273,False,False,False,False,False,False,False,False,False,-23.566876504719936,noise,64.93506493506493,False,False,False,False,,IT - Software,Computers - Software & Consulting,34.75521085797382,False,False
MIDWESTLTD.NS,2026-09-30,,,,,,,,,,False,False,False,False,False,False,False,False,False,,ppv,297.4746030503498,False,False,False,False,,Consumer Durables,Granites & Marbles,,False,False
MLKFOOD.NS,2026-09-30,,,,,,,,,,False,False,False,False,False,False,False,False,False,,noise,,False,False,False,False,,Food Products,Dairy Products,,False,False
MILKYMIST.NS,2026-09-30,,,,,,,,,,False,False,False,False,False,False,False,False,False,,noise,,False,False,False,False,,Food Products,Dairy Products,,False,False
MILTON.NS,2026-09-29,35.099998474121094,36.05833339691162,37.53611108991835,36.5210001373291,41.55,41.267999935150144,35.74146563848274,24.850000381469727,53.5,False,True,True,False,False,True,False,False,False,27.636358087713077,dry,0.0,False,False,False,False,,Consumer Durables,Plywood Boards/ Laminates,81.19243819680078,True,False
MINALIND.NS,2026-09-30,,,,,,,,,,False,False,False,False,False,False,False,False,False,,noise,,False,False,False,False,,Commercial Services & Supplies,Trading & Distributors,,False,False
MINDACORP.NS,2026-09-30,692.8499755859375,681.2499949137369,702.9839630126953,703.513466796875,621.3790193684896,610.2989639282226,683.7138595646836,467.97365403461544,769.0,True,True,True,True,False,True,True,True,False,22.059036998821746,noise,57.97072712491571,False,False,False,False,,Auto Components,Auto Components & Equipments,78.33252544837616,True,False
MINDPOOL.NS,2026-09-29,71.0999984741211,71.0999984741211,71.0999984741211,71.0999984741211,71.0999984741211,71.0999984741211,71.09999847412104,71.0999984741211,71.0999984741211,False,False,False,False,False,False,True,True,False,0.0,dry,0.0,False,False,True,True,,IT - Services,IT Enabled Services,62.57876878332526,False,False
MINDSPACE.NS,2026-09-29,495.8299865722656,501.4199981689453,497.5900005764431,494.8870550537109,470.381352742513,469.81047348022463,501.6701527327956,422.83660552799023,525.5,True,True,True,True,True,False,True,False,False,13.789464491106408,noise,86.83963018860865,False,False,False,False,,Realty,Real Estate Investment Trusts (REITs),74.74551623848764,True,False
MINDTECK.NS,2026-09-30,153.14999389648438,155.7783317565918,165.4558334350586,173.10384582519532,189.90088104248048,195.6162509918213,155.92210748951948,144.3729668382626,306.0750642033879,False,False,False,False,False,False,False,False,False,-34.823653479883454,noise,45.548353517197135,False,True,False,False,,IT - Software,Computers - Software & Consulting,19.53465826466311,False,False
MIRZAINT.NS,2026-09-30,27.940000534057617,28.93833351135254,30.539444340599907,31.542999992370607,32.10513338724772,33.231550006866456,28.860725414010197,24.950000762939453,43.29999923706055,False,False,False,False,False,False,False,False,False,-30.66997254837779,noise,60.25110245824733,False,False,False,False,,Consumer Durables,Leather And Leather Products,25.64226854095977,False,False
MIDHANI.NS,2026-09-30,437.6499938964844,413.1234944661458,423.0198957655165,418.6737835693359,395.1121150716146,382.5148475646973,419.87245680351623,265.84722513732504,480.94770175684044,True,True,True,True,True,True,True,True,False,16.685650606706325,noise,96.69804851510415,False,False,False,False,,Aerospace & Defense,Aerospace & Defense,76.00581677169171,True,True
MITCON.NS,2026-09-30,82.94999694824219,82.32750066121419,79.95305569966634,78.64739990234375,74.8401333363851,71.87435001373291,82.93261296203875,49.560001373291016,92.83999633789062,True,True,True,True,True,True,True,True,False,22.11099157307377,noise,50.44837660063373,False,True,False,False,,Commercial Services & Supplies,Consulting Services,78.429471643238,True,True
MITTAL.NS,2026-09-30,0.7200000286102295,0.7441666622956594,0.8216666645473905,0.8457999992370605,0.9148000021775563,0.954050000011921,0.7406813013227445,0.699999988079071,1.6200000047683716,False,False,False,False,False,False,False,False,False,-54.999998882412925,noise,40.49635980066789,False,False,False,False,,Textiles & Apparels,Garments & Apparels,5.719825496849248,False,False
MMP.NS,2026-09-30,474.8500061035156,461.60416920979816,417.9160368177626,384.42152404785156,298.78750193277995,286.92562721252443,458.65013349173194,184.26453135354302,498.0,True,True,True,True,True,True,True,True,False,66.6122174772368,green,121.1246194551688,False,False,False,False,,Non - Ferrous Metals,Aluminium,92.00193892389724,True,True
MMTC.NS,2026-09-30,56.90999984741211,58.94166660308838,61.9261105855306,62.141799774169925,63.12926648457845,63.368449935913084,58.4561305013522,50.099998474121094,78.3499984741211,False,False,False,False,False,False,False,False,False,-12.094529309120238,noise,58.8181094208236,False,False,False,False,,Commercial Services & Supplies,Trading & Distributors,49.39408628211343,False,False
MODTHREAD.NS,2026-09-30,48.63999938964844,48.28333314259847,51.64777755737305,50.70679985046387,47.69600003560384,46.592450046539305,48.2697722678975,35.61000061035156,65.6500015258789,True,True,True,True,False,True,False,True,False,7.777527672191997,dry,0.32850671796238234,False,False,False,False,,Textiles & Apparels,Other Textile Products,69.65584100824043,False,False
MODINATUR.NS,2026-09-30,,,,,,,,,,False,False,False,False,False,False,False,False,False,,noise,36.0465486071868,False,False,False,False,,Agricultural Food & other Products,Other Agricultural Products,,False,False
MODIRUBBER.NS,2026-09-30,120.20999908447266,121.37250010172527,124.56166733635797,124.19140060424805,125.10339960734049,124.72939990997314,121.7206018552775,98.41000366210938,167.5,False,True,True,False,False,False,False,False,False,4.8403935505867635,noise,22.286449748233117,False,False,False,False,,Auto Components,Tyres & Rubber Products,66.94134755210858,False,False
MODIS.NS,2026-09-30,,,,,,,,,,False,False,False,False,False,False,False,False,False,,ppv,70.46038274661134,False,False,False,False,,Realty,"Residential, Commercial Projects",,False,False
MODISONLTD.NS,2026-09-30,462.95001220703125,456.6208318074544,434.3374998304579,390.4989996337891,269.4200550333659,238.8764813232422,456.1734872553554,112.84731995786822,546.0,True,True,True,True,True,True,True,True,False,198.08771237596994,noise,36.510607479834334,False,False,False,False,,Electrical Equipment,Other Electrical Equipment,98.78817256422685,True,True
MHHL.NS,2026-09-29,32.5,32.237500031789146,32.90694438086616,33.746999969482424,36.15233331044515,36.866500005722045,32.20035438383135,29.200000762939453,53.95000076293945,False,False,False,False,False,False,False,True,False,-39.647166349282905,noise,53.76344086021505,False,True,False,False,,Healthcare Equipment & Supplies,Medical Equipment & Supplies,15.269025690741639,False,False
MOHITIND.NS,2026-09-30,22.670000076293945,23.2541667620341,23.73138888676961,23.82060001373291,23.42173325856527,24.197399969100953,23.14080647422389,18.600000381469727,34.79999923706055,False,False,False,False,False,False,False,False,False,-30.968331391717484,noise,39.01154431223822,False,False,False,False,,Textiles & Apparels,Other Textile Products,25.206010664081436,False,False
MOHITE.NS,2026-09-30,,,,,,,,,,False,False,False,False,False,False,False,False,False,,noise,,False,False,False,False,,Textiles & Apparels,Other Textile Products,,False,False
MOIL.NS,2026-09-30,237.75999450683594,242.2600008646647,251.943054623074,259.0899996948242,282.6493336995443,295.33861099243165,242.90053186737572,234.05999755859375,398.6210131186603,False,False,False,False,False,False,False,False,False,-34.78122436603991,noise,27.39319772862349,False,False,False,False,,Minerals & Mining,Industrial Minerals,19.631604459524965,False,False
MOKSH.NS,2026-09-30,9.510000228881836,9.911666790644327,10.210833311080933,10.297000007629395,11.256199989318848,11.996299991607666,9.845638680484338,8.109999656677246,16.649999618530273,False,False,False,False,False,False,False,False,False,-35.26207964238965,noise,28.92009104203489,False,False,False,False,,Consumer Durables,"Gems, Jewellery And Watches",19.049927290353853,False,False
MOLBIO.NS,2026-09-30,,,,,,,,,,False,False,False,False,False,False,False,False,False,,noise,,False,False,False,False,,Healthcare Equipment & Supplies,Medical Equipment & Supplies,,False,False
MOLDTKPAC.NS,2026-09-30,660.5999755859375,657.8499959309896,680.075693766276,680.2237634277344,637.8734057617188,620.6426708984375,660.1912088883449,461.32377134684066,808.7306710902861,True,True,True,True,False,True,True,True,False,-10.14092072747259,noise,43.626737543043326,False,False,False,False,,Industrial Products,Packaging,52.01163354338342,False,False
MOLDTECH.NS,2026-09-30,206.16000366210938,197.10916646321616,195.66753005981445,185.00635589599608,144.9769366455078,144.1095327758789,200.1775560790771,100.14482747342075,224.8553567212878,True,True,True,True,True,True,True,True,False,21.08111857504118,dry,17.957934541379167,False,False,False,False,,Construction,Civil Construction,77.79932137663596,True,True
MONARCH.NS,2026-09-30,337.8500061035156,360.0666681925456,373.37660047743054,376.27625427246096,332.02609588623045,323.08706993103027,355.9118068334777,234.84913080056816,405.91149198853304,True,True,True,True,False,True,True,False,False,6.430289056618355,dry,13.085480475244887,False,True,False,False,,Capital Markets,Stockbroking & Allied,68.05622879301988,False,False
MONEYBOXX.NS,2026-09-30,,,,,,,,,,False,False,False,False,False,False,False,False,False,,noise,43.882227628319455,False,False,False,False,,Finance,Non Banking Financial Company (NBFC),,False,False
MONOPHARMA.NS,2026-09-29,8.550000190734863,8.550000031789144,8.573611034287346,8.837999925613403,10.81933331489563,11.399249966144561,8.56915976059821,7.5,24.0,False,False,False,False,False,False,False,False,False,-61.136362769386984,noise,40.816326530612244,False,True,False,False,,Pharmaceuticals & Biotechnology,Pharmaceuticals,3.296170625302957,False,False
MONTECARLO.NS,2026-09-30,527.4500122070312,526.2981414794922,524.3082105848524,518.6722119140625,522.3172790527344,541.334603881836,524.3955250391266,447.2203207724967,829.8154199938156,False,False,False,False,True,False,False,True,False,-17.838013959209277,noise,55.490325884660066,False,False,False,False,,Textiles & Apparels,Garments & Apparels,41.92922927775085,False,False
MORARJEE.NS,2026-09-29,7.920000076293945,8.479166746139526,9.470000055101183,10.082999992370606,8.601399971644083,8.320149981975556,8.373537607721632,5.579999923706055,12.40999984741211,False,True,True,True,False,True,False,False,False,-10.508477571628482,dry,0.0,False,False,False,False,,Textiles & Apparels,Other Textile Products,51.23606398448861,False,False
MOREPENLAB.NS,2026-09-30,125.98999786376953,119.0052884419759,107.33598878648546,95.43215209960937,62.35809107462565,56.53474002838135,119.95103417044264,32.995170514607494,128.10000610351562,True,True,True,True,True,True,True,True,False,163.7395160068678,ppv,108.96115323180402,False,False,True,False,,Pharmaceuticals & Biotechnology,Pharmaceuticals,98.20649539505575,True,True
MOS.NS,2026-09-29,7.25,6.541666666666667,8.597222155994839,9.300999937057496,12.660999968846639,14.978749949932098,7.112913508343477,5.099999904632568,52.849998474121094,False,False,False,False,False,True,False,True,False,-85.11293657819155,dry,14.758471930521655,False,False,False,False,,Financial Technology (Fintech),Financial Technology (Fintech),0.3393116820164809,False,False
MOSCHIP.NS,2026-09-30,201.25,203.92583592732748,208.38138961791992,209.1602005004883,203.8686666870117,202.16505004882814,203.46933352436395,146.8000030517578,288.45001220703125,False,True,False,True,False,True,False,False,False,-16.601051744185014,noise,71.7069682375947,False,False,False,False,,IT - Hardware,Computers Hardware & Equipments,43.238002908385845,False,False
MSUMI.NS,2026-09-30,34.06999969482422,35.018333435058594,36.961666636996796,38.06440002441406,38.67116030375163,40.15062345504761,34.875357027427555,33.810001373291016,52.823297143452564,False,False,False,False,False,False,False,False,False,-24.383047943857207,noise,60.00618438319844,False,True,False,True,,Auto Components,Auto Components & Equipments,33.688802714493455,False,False
MOTILALOFS.NS,2026-09-30,994.0,1005.2749989827474,1000.2138892279731,964.2490014648438,875.1613346354167,858.0789239501953,1008.9560981629105,614.9000244140625,1088.3156211947492,True,True,True,True,True,True,True,False,False,12.133295555518075,noise,61.091391225243775,False,False,False,False,,Capital Markets,Stockbroking & Allied,73.48521570528357,True,True
MOTISONS.NS,2026-09-30,18.0,17.791667064030964,16.682222419314915,15.975400161743163,14.19633337656657,14.180000038146973,17.80857689273958,10.619999885559082,19.780000686645508,True,True,False,True,True,True,True,True,False,-1.2616541306183393,noise,65.40926358591781,False,False,False,False,,Consumer Durables,"Gems, Jewellery And Watches",61.512360639844886,False,False
MOTOGENFIN.NS,2026-09-30,25.5,25.70916684468587,26.557777881622314,26.57740005493164,25.57793332417806,24.79890001296997,25.843052449457343,17.5,34.400001525878906,False,True,False,True,False,True,False,False,False,-3.628114579323649,noise,20.103744257914595,False,False,False,False,,Commercial Services & Supplies,Diversified Commercial Services,58.65244789142026,False,False
MOXSH.NS,2026-09-29,95.0,93.73333358764648,100.96111106872559,101.89199996948243,115.85533447265625,109.22725082397461,94.62342431107288,33.5,140.0,False,True,True,False,False,True,False,True,False,172.98851173200305,dry,0.0,False,False,False,False,,Other Consumer Services,Education,98.44886088221038,True,False
MPDL.NS,2026-09-30,,,,,,,,,,False,False,False,False,False,False,False,False,False,,ppv,,False,False,False,False,,Realty,"Residential, Commercial Projects",,False,False
MPHASIS.NS,2026-09-30,2154.39990234375,2263.6499633789062,2371.1277669270835,2377.629990234375,2260.894020996094,2357.125169067383,2235.9593526996573,1960.4413570175507,2897.3238943204424,False,False,False,True,False,False,False,False,False,-16.673249832414918,noise,141.51624059262016,False,False,False,False,,IT - Software,Computers - Software & Consulting,43.189529810954916,False,False
MPSLTD.NS,2026-09-30,2699.0,2627.7083129882812,2698.422214084201,2713.225986328125,2065.18266031901,2007.8559936523438,2648.914254647033,1336.0999755859375,2979.0,True,True,True,True,False,True,True,True,False,22.989291410344048,ppv,78.82719382628193,False,False,False,False,,Printing & Publication,Printing & Publication,78.76878332525449,True,False
MRF.NS,2026-09-30,125280.0,124589.16666666667,129214.44444444444,130309.4,130525.66619791667,134366.07265625,124774.1745372149,121787.43505408362,163308.4863287346,False,False,False,False,False,False,True,True,False,-13.970843142432464,green,107.78458729951754,False,False,False,False,,Auto Components,Tyres & Rubber Products,46.7280659234125,False,False
BECTORFOOD.NS,2026-09-30,206.74000549316406,217.2441660563151,233.37067074245877,228.00433685302735,199.89196309407552,206.59884635925292,215.93787294580562,164.52941938217484,278.33899243412714,True,False,False,True,False,False,False,False,False,-17.3493436736888,noise,40.179078180075074,False,False,False,False,,Food Products,Packaged Foods,42.365487154629186,False,False
MSPL.NS,2026-09-30,33.0,33.73083305358887,34.300277392069496,34.692199630737306,36.39406658172607,35.61614988327026,33.72918090719929,26.25,46.119998931884766,False,True,False,False,False,False,False,False,False,-9.090907180216712,red,299.66700338422993,False,False,False,False,,Industrial Products,Iron & Steel Products,53.12651478429472,False,False
MSTCLTD.NS,2026-09-30,714.75,722.8314158121744,710.6673075358073,677.7788891601563,557.6592183430989,535.2151861572265,724.5744294464914,357.9805560549056,795.731978165477,True,True,True,True,True,True,True,False,False,54.21252145523445,noise,68.12742011275569,False,False,False,False,,Commercial Services & Supplies,Trading & Distributors,89.43286476005817,True,True
MTEDUCARE.NS,2026-09-30,1.7200000286102295,1.7141666909058888,1.7833333445919886,1.8312000107765198,1.7154000027974448,1.687650004029274,1.7206201244178276,1.1699999570846558,2.5299999713897705,True,True,False,True,False,True,False,False,False,-14.851482928167314,noise,48.58109443251224,False,False,False,False,,Other Consumer Services,Education,45.370819195346584,False,False
MTARTECH.NS,2026-09-30,7797.0,7143.708333333333,7135.277777777777,6859.5,6242.542669270833,5402.140001220703,7269.17879547666,1824.5,8714.0,True,True,True,True,True,True,True,True,True,321.1407527915325,green,131.06949562592064,False,False,False,False,,Electrical Equipment,Other Electrical Equipment,99.66068831798351,True,True
MUFIN.NS,2026-09-30,131.50999450683594,132.11083348592123,134.9316660563151,133.84679992675783,122.7828667195638,121.04234992980957,132.26464904834674,85.12999725341797,141.5,True,True,True,True,False,True,True,False,False,49.42619169952063,noise,57.677550993600576,False,True,False,False,,Finance,Non Banking Financial Company (NBFC),88.12409112942316,True,False
MUKANDLTD.NS,2026-09-30,180.1300048828125,151.66666666666666,141.58694500393338,140.76712036132812,134.41866317749023,132.71609455108643,160.15630030754986,111.91673941994071,184.8000030517578,True,True,False,True,True,True,True,True,False,38.906718813853104,ppv,513.9826423751148,False,False,True,False,,Industrial Products,Iron & Steel Products,84.87639360155114,True,False
MUKESHB.NS,2026-09-30,,,,,,,,,,False,False,False,False,False,False,False,False,False,,noise,,False,False,False,True,,Finance,Non Banking Financial Company (NBFC),,False,False
MUKKA.NS,2026-09-30,25.979999542236328,27.70916684468587,27.691666709052193,26.397000122070313,24.09406667073568,23.94265001296997,27.2998712392155,18.270000457763672,33.290000915527344,True,True,True,True,False,True,True,False,False,-1.329283640273038,noise,21.53457141631383,False,False,False,False,,Food Products,Animal Feed,61.318468250121185,False,False
MUKTAARTS.NS,2026-09-30,57.09000015258789,56.76249980926514,57.052222145928276,57.038399887084964,55.12306655883789,56.62470003128052,56.92477560208772,37.0099983215332,72.69999694824219,True,False,False,True,True,True,True,True,False,-15.982335957905047,green,111.56164796102199,False,False,False,False,,Entertainment,"Film Production, Distribution & Exhibition",44.15899175957343,False,False
MCX.NS,2026-09-30,3300.39990234375,3275.3333129882812,3225.9271782769097,3078.6312744140623,2899.685262044271,2752.7547192382813,3288.6166030212635,1541.323282972979,3481.39990234375,True,True,True,True,True,True,True,True,False,112.191312885323,noise,93.64737616265761,False,False,False,False,,Capital Markets,Exchange and Data Platform,96.36451769268056,True,True
MUNJALAU.NS,2026-09-30,112.86000061035156,106.084166208903,110.6852429707845,108.1422947692871,93.91039408365886,89.65550361633301,107.82240399849576,66.61489043568629,129.46286953315382,True,True,True,True,True,True,True,True,False,4.374131746430332,ppv,429.6143677332517,True,False,False,False,,Auto Components,Auto Components & Equipments,66.6020358700921,False,False
MUNJALSHOW.NS,2026-09-30,126.44000244140625,127.5075003306071,130.07166798909506,131.28677429199217,127.18859430948893,125.35287204742431,127.60421189516977,106.8602903898512,143.3000030517578,False,True,True,True,False,False,True,False,False,-6.424347549169895,noise,45.78354677887621,False,False,False,False,,Auto Components,Auto Components & Equipments,55.93795443528842,False,False
MURUDCERA.NS,2026-09-30,28.510000228881836,28.59916655222575,29.72444438934326,30.04760005950928,31.108866640726724,31.819250020980835,28.632239586743122,25.15999984741211,46.0,False,False,False,False,False,False,False,False,False,-31.49927688479458,noise,93.60973877102909,False,False,False,False,,Consumer Durables,Ceramics,24.527387300048474,False,False
RADIOCITY.NS,2026-09-30,5.989999771118164,6.024166742960612,6.338888923327128,6.439200019836425,6.126866671244303,6.1912000012397765,6.040828720178471,4.5,8.699999809265137,False,False,False,True,False,True,False,False,False,-29.941524707693258,noise,89.35048107781337,False,False,False,False,,Entertainment,Media & Entertainment,26.51478429471643,False,False
MUTHOOTCAP.NS,2026-09-30,218.89999389648438,227.24916712443033,239.68805609809027,238.1716000366211,215.89160064697265,225.81215034484865,225.3516112426238,175.25,303.0,False,False,False,True,False,False,False,False,False,-23.71493828738698,noise,35.347896741220396,False,True,False,False,,Finance,Non Banking Financial Company (NBFC),34.56131846825012,False,False
MUTHOOTFIN.NS,2026-09-30,2737.10009765625,2795.1166788736978,2895.6500108506943,2913.7199951171874,3144.393805338542,3294.849831542969,2792.476214524514,2671.0,4114.708242760882,False,False,False,False,False,False,False,False,False,-10.297241409990809,noise,46.75033067453534,False,False,False,False,,Finance,Non Banking Financial Company (NBFC),51.62384876393602,False,False
MUTHOOTMF.NS,2026-09-30,178.39999389648438,184.86999893188477,198.71388838026257,209.3870001220703,194.547599995931,191.25630004882814,183.81776328944903,141.1999969482422,262.7699890136719,False,True,False,True,False,False,False,False,False,8.727445091190521,noise,22.392717771911038,False,False,False,False,,Finance,Microfinance Institutions,70.67377605428987,True,False
MVELECTRO.NS,2026-09-30,,,,,,,,,,False,False,False,False,False,False,False,False,False,,noise,,False,True,False,False,,Industrial Manufacturing,Industrial Products,,False,False
MYSORPETRO.NS,2026-09-30,,,,,,,,,,False,False,False,False,False,False,False,False,False,,noise,,False,False,False,False,,Chemicals & Petrochemicals,Trading - Chemicals,,False,False
NKIND.NS,2026-09-30,58.20000076293945,58.40416653951009,58.96694427066379,59.597600021362304,62.78199989318848,63.363949890136716,59.07825712943585,49.65999984741211,78.5,False,False,False,False,False,False,False,False,False,-18.63553508156296,dry,3.8067012351964955,False,False,False,False,,Agricultural Food & other Products,Edible Oil,41.20213281628696,False,False
NRAIL.NS,2026-09-30,669.4500122070312,645.3041687011719,572.9278564453125,550.3027972412109,480.86887023925783,474.28215621948243,648.0815870425255,378.58488918566053,706.4000244140625,True,True,True,True,True,True,True,True,False,59.044079780806435,noise,30.65830653628774,False,True,False,False,,"Paper, Forest & Jute Products",Paper & Paper Products,90.49927290353854,True,True
NACLIND.NS,2026-09-30,132.86000061035156,141.60999806722006,159.8638882107205,166.9197998046875,167.39499974568685,164.9200999069214,140.1733283888335,112.62000274658203,245.0,False,True,False,False,False,False,False,False,False,-33.31994950546972,noise,76.48029185847726,False,True,False,False,,Fertilizers & Agrochemicals,Pesticides & Agrochemicals,22.297624818225884,False,False
NDGL.NS,2026-09-30,2484.0,2583.2833658854165,2709.2810262044272,2718.086630859375,2630.3464127604166,2652.2482788085936,2561.636572011433,2098.158116181439,4046.4476254342076,False,False,False,True,False,False,False,False,False,-35.33990378070817,green,107.03946365991163,False,False,False,False,,Finance,Non Banking Financial Company (NBFC),18.904507998061078,False,False
NAGAFERT.NS,2026-09-29,1.690000057220459,1.8016666769981384,2.0319444470935397,2.186399989128113,3.2240000009536742,3.6221000015735627,1.780835609731602,1.690000057220459,5.690000057220459,False,False,False,False,False,False,False,False,False,-66.73228183854894,dry,0.0,False,False,False,True,,Fertilizers & Agrochemicals,Fertilizers,1.9873969946679595,False,False
NAGREEKCAP.NS,2026-09-30,26.030000686645508,27.917499860127766,24.789444393581814,24.27199993133545,25.758333371480305,26.174250030517577,27.095527911285874,19.299999237060547,42.75,False,False,False,False,True,True,False,False,False,-4.930600860118128,noise,24.084578506488377,False,False,False,False,,Finance,Investment Company,57.295201163354335,False,False
NAGREEKEXP.NS,2026-09-30,21.700000762939453,22.21999994913737,22.49055544535319,22.46099987030029,24.335066630045574,24.70694995880127,22.384323760218457,17.5,35.900001525878906,False,False,False,False,False,False,False,False,False,-34.57943334089296,dry,12.714296415243068,False,True,False,False,,Textiles & Apparels,Other Textile Products,20.067862336403298,False,False
NAHARCAP.NS,2026-09-30,244.89999389648438,248.42916615804037,253.92439566718207,253.95422637939453,246.26095357259115,245.82724899291992,247.24549156001163,189.89595271929917,305.2254226265647,False,True,False,True,False,False,True,False,False,-14.142962557119832,noise,72.83638154353577,False,True,False,False,,Finance,Investment Company,46.29180804653417,False,False
NAHARINDUS.NS,2026-09-30,130.1300048828125,130.34000078837076,130.82083405388727,127.61320068359375,115.04180013020833,112.30980018615723,130.61435638566047,83.05000305175781,154.0,True,True,True,True,True,True,True,False,False,13.009121283916759,noise,27.974351568558163,False,False,False,False,,Textiles & Apparels,Other Textile Products,73.9214735821619,True,True
NAHARPOLY.NS,2026-09-30,225.27000427246094,226.4983342488607,236.15355470445422,243.71289520263673,245.7389884440104,243.5283692932129,227.64720858949354,198.79221954105063,336.7540102498069,False,True,False,False,False,False,False,False,False,-21.37427228850778,noise,21.384514400099814,False,True,False,False,,Industrial Products,Packaging,37.5181774115366,False,False
NAHARSPING.NS,2026-09-30,260.04998779296875,269.44166564941406,284.55627695719403,287.0830059814453,258.01298258463544,240.0093423461914,268.91189009804157,148.69077797520234,347.8088684400749,True,True,True,True,False,True,False,False,False,25.548774711197765,noise,34.941099869733364,False,False,False,False,,Textiles & Apparels,Other Textile Products,80.1260300533204,True,False
NGIL.NS,2026-09-30,39.11000061035156,37.84750016530355,38.81083318922255,38.9957999420166,36.12333335876465,34.172700033187866,38.83217500361067,22.010000228881836,43.88999938964844,True,True,True,True,True,True,True,True,False,33.57240332371126,noise,99.41640205906555,False,False,False,False,,Food Products,Packaged Foods,83.08288899660688,True,True
NSIL.NS,2026-09-30,5324.0,5455.666666666667,5573.458333333333,5572.09,5565.899326171875,5729.8494946289065,5447.515634676772,4700.0,8730.0,False,False,False,False,False,False,False,False,False,-27.431336468343215,noise,45.61733847094564,False,False,False,False,,Finance,Investment Company,29.859428017450313,False,False
NAMAN.NS,2026-09-29,48.5,42.28749974568685,41.37777762942844,42.403999938964844,47.9156667582194,51.57000017166138,44.33012832206675,37.0,89.5,False,False,False,False,True,True,False,True,False,-44.412607449856736,ppv,137.19512195121953,False,False,False,False,,Consumer Durables,"Furniture, Home Furnishing",11.100339311682017,False,False
NDL.NS,2026-09-30,2.609999895095825,2.729166646798452,2.7316666377915277,2.620199956893921,2.5650666483243305,2.656149987578392,2.697194566262467,1.7999999523162842,3.4800000190734863,False,False,False,False,False,True,False,False,False,-21.85628855787094,noise,41.39833423786468,False,True,False,False,,Textiles & Apparels,Other Textile Products,36.88802714493456,False,False
JAIPURKURT.NS,2026-09-30,26.690000534057617,25.168333371480305,26.053055551317,26.364599990844727,28.786133308410644,30.26900002479553,25.536785892838566,23.90999984741211,42.7400016784668,False,False,False,False,True,False,False,True,False,-28.94036326357292,green,194.15935162617015,False,False,False,False,,Textiles & Apparels,Garments & Apparels,27.67813863305865,False,False
NH.NS,2026-09-30,1791.4000244140625,1865.3000081380208,1867.6805521647136,1893.6619995117187,1857.0316162109375,1852.4793127441405,1846.3743787237345,1585.4858653846154,2092.89990234375,False,True,False,True,False,False,True,False,False,3.324734408843133,green,117.12708525933442,False,False,False,False,,Healthcare Services,Hospital,65.87493940862821,False,False
NARMADA.NS,2026-09-30,12.710000038146973,13.379166762034098,13.929722256130642,14.574700012207032,16.587833366394044,15.856600027084351,13.23559352539965,9.949999809265137,22.584999084472656,False,True,True,False,False,False,False,False,False,0.5140338317931148,noise,29.270642447542794,False,False,False,False,,Food Products,Animal Feed,63.11197285506543,False,False
NATCOPHARM.NS,2026-09-30,827.5,826.1249949137369,849.3066660563151,868.7699145507812,963.597685953776,941.3369586181641,830.7385057800188,784.9091438882253,1224.7250830949197,False,True,False,False,False,False,False,False,False,4.558210987983835,red,145.2308691283252,False,False,False,False,,Pharmaceuticals & Biotechnology,Pharmaceuticals,66.74745516238487,False,False
NATHBIOGEN.NS,2026-09-30,142.80999755859375,147.10416793823242,150.23779932657877,152.5793130493164,156.819821879069,154.73781997680663,146.35647892728048,124.49568289143575,201.32475438689224,False,True,False,False,False,False,False,False,False,-13.010111491394094,dry,11.41786563368243,False,True,False,False,,Agricultural Food & other Products,Other Agricultural Products,48.327678138633054,False,False
NATIONSTD.NS,2026-09-30,,,,,,,,,,False,False,False,False,False,False,False,False,False,,noise,,False,False,False,False,,Realty,"Residential, Commercial Projects",,False,False
NATIONALUM.NS,2026-09-30,340.95001220703125,352.8833363850911,373.0956386990017,369.69000061035155,380.7934946695963,370.40182922363283,352.6670237318855,197.1860318397093,443.3731066930094,False,True,True,False,False,True,True,False,False,65.08987348047609,noise,81.22976122547361,False,False,False,False,,Non - Ferrous Metals,Aluminium,91.51720794958797,True,False
NFL.NS,2026-09-30,65.19999694824219,66.4683329264323,68.58342594570584,69.12351806640625,71.9268583170573,74.43056545257568,66.32241730316551,62.40134764762116,96.82798291770169,False,False,False,False,False,False,False,False,False,-28.076501427967628,green,104.66538484244079,False,False,False,False,,Fertilizers & Agrochemicals,Fertilizers,28.889966068831797,False,False
NATCAPSUQ.NS,2026-09-30,165.8000030517578,170.3766657511393,178.29888788859049,170.95739929199217,159.3423329671224,162.6153997039795,170.35623803454524,136.36000061035156,296.0,True,False,False,True,False,False,False,False,False,-39.073237027590416,dry,4.511846881907525,False,False,False,False,,Pharmaceuticals & Biotechnology,Pharmaceuticals,16.238487639360155,False,False
NAVA.NS,2026-09-30,559.3499755859375,551.1750030517578,558.5458357069227,560.0299304199219,589.4252551269532,582.1041485595703,552.6376016941014,497.0066711243156,732.5560380476754,False,True,False,False,False,False,True,True,False,-12.786892172680698,green,129.80746357284926,False,False,False,False,,Power,Power Generation,48.47309743092584,False,False
NAVINFLUOR.NS,2026-09-30,8245.0,8378.166666666666,8433.597222222223,8252.84,7334.959993489583,7021.540935058594,8394.295290078304,4488.291781017636,8949.5,True,True,True,True,False,True,True,False,False,81.53315236380251,noise,75.01263327065021,False,False,False,False,,Chemicals & Petrochemicals,Specialty Chemicals,93.79544352884149,True,False
NAVKARCORP.NS,2026-09-30,84.87999725341797,87.82333310445149,93.74277793036566,96.0122003173828,97.36306676228841,97.6742000579834,87.84374398017454,74.05000305175781,131.36000061035156,False,False,False,False,False,False,False,False,False,-29.91495596924052,red,167.73439707110867,False,False,False,False,,Transport Services,Logistics Solution Provider,26.660203587009214,False,False
NAVKARURB.NS,2026-09-30,0.8600000143051147,0.8737148642539978,0.9116448942157958,0.9424505770206452,0.9361140314737956,1.057084009051323,0.8778808107812062,0.6957831206810043,2.564457728595898,False,False,False,False,False,False,False,False,False,-65.52939651957043,noise,173.95901711101197,False,False,False,False,,Construction,Civil Construction,2.1328162869607366,False,False
NAVNETEDUL.NS,2026-09-30,122.5199966430664,123.86916669209798,129.77166578504773,131.61599929809572,137.35316660563151,139.74577308654784,123.67960873084343,120.20616844926178,164.1333558091885,False,False,False,False,False,False,False,False,False,-18.549884384942604,noise,47.06376195755585,False,False,False,False,,Household Products,Stationary,41.250605913717884,False,False
NAZARA.NS,2026-09-30,392.8500061035156,371.8958333333333,365.59583282470703,355.5799987792969,300.7113989257812,292.66854904174807,378.13046969460913,215.6999969482422,401.8999938964844,True,True,True,True,True,True,True,True,False,54.30086279879747,ppv,89.58581509457,False,False,True,False,,Entertainment,Digital Entertainment,89.4813378574891,True,True
NBCC.NS,2026-09-30,78.5,81.46583366394043,85.14611350165472,87.64193130493165,92.23324762980143,95.40097114562988,81.07257617870673,76.65010804466255,124.82730179011317,False,False,False,False,False,False,False,False,False,-25.95444952563044,green,114.55428204474674,False,True,False,False,,Construction,Civil Construction,31.846825012118273,False,False
NBIFIN.NS,2026-09-30,1897.5,1943.1083272298176,1985.175075954861,2040.8430322265624,1957.6583439127605,1996.5187774658202,1931.5640603029085,1538.454019385706,2989.938782188696,False,False,False,True,False,False,False,False,False,-24.0244399312754,dry,17.346224732168377,False,True,False,False,,Finance,Non Banking Financial Company (NBFC),34.17353368880271,False,False
NCC.NS,2026-09-30,128.8800048828125,133.77000172932944,141.22638702392578,140.8559085083008,145.79301859537762,146.90482177734376,133.06289873994342,126.6500015258789,213.9474194024461,False,False,False,False,False,False,False,False,False,-36.954693155466764,noise,95.24688303711385,False,True,False,False,,Construction,Civil Construction,17.54726126999515,False,False
NCLIND.NS,2026-09-30,174.17999267578125,175.22249857584634,174.0356936984592,175.47831115722656,176.60132944742838,180.18251899719237,175.71692457131175,145.84372031876111,210.68426307184774,False,False,False,False,False,False,True,False,False,-11.487511430379882,noise,49.5548621539058,False,False,False,False,,Cement & Cement Products,Cement & Cement Products,50.024236548715464,False,False
NDLVENTURE.NS,2026-09-30,123.94999694824219,121.67249997456868,122.1310223473443,123.38565032958985,123.44423533121744,116.03362186431885,122.3162642437121,79.68109607806538,139.44191964019768,True,True,True,False,True,True,True,True,False,49.88086655088668,noise,49.425939209374874,False,False,False,False,,Finance,Other Financial Services,88.22103732428502,True,False
NDRAUTO.NS,2026-09-30,717.7000122070312,724.9125010172526,741.9444427490234,763.4169995117187,769.0488232421875,767.533080444336,730.6478744852504,602.1346391634679,1075.1942170447003,False,True,False,False,False,False,False,False,False,-30.00341089701234,noise,30.003068997819565,False,False,False,False,,Auto Components,Auto Components & Equipments,26.466311197285506,False,False
NDTV.NS,2026-09-30,69.13999938964844,70.43666648864746,72.72777684529622,73.8509992980957,76.86319961547852,79.8101498413086,70.20495315320223,58.75,118.51000213623047,False,False,False,False,False,False,False,False,False,-39.64207983616683,noise,49.48274110412148,False,False,False,False,,Entertainment,TV Broadcasting & Software Production,15.317498788172564,False,False
NECLIFE.NS,2026-09-30,10.5,10.897500038146973,11.380833360883924,11.117400016784668,11.490266660054525,12.657949986457824,10.879440592330461,9.300000190734863,22.399999618530273,False,False,False,False,False,False,False,False,False,-27.083331401701273,noise,60.197336753234495,False,False,False,False,,Pharmaceuticals & Biotechnology,Pharmaceuticals,30.29568589432865,False,False
NEAGI.NS,2026-09-29,,,,,,,,,,False,False,False,False,False,False,False,False,False,,noise,,False,True,False,False,,Agricultural Food & other Products,Tea & Coffee,,False,False
NELCAST.NS,2026-09-30,123.4000015258789,111.2375005086263,114.79583316379123,117.33259994506835,127.17170959472656,121.73737915039062,114.92235178007371,85.51137386740619,172.2559904918423,False,True,False,False,True,True,False,True,False,-10.284691046199413,green,196.08127623258102,False,False,False,False,,Industrial Products,Castings & Forgings,51.76926805622879,False,False
NELCO.NS,2026-09-30,914.5,965.0916595458984,956.4458279079861,959.9479956054688,796.1761517333985,766.6990928649902,952.6390167363045,499.3681252958441,1120.0,True,True,True,True,False,True,True,False,False,8.75025848128914,noise,25.071420358937495,False,False,False,False,,IT - Hardware,Computers Hardware & Equipments,70.72224915172079,True,False
NEOGEN.NS,2026-09-30,2451.60009765625,2385.191691080729,2275.1583387586807,2213.6096142578126,1867.6733317057292,1707.3966632080078,2391.075600087395,966.2326038611084,2499.699951171875,True,True,True,True,True,True,True,True,False,63.46457674749777,noise,69.33504748070617,False,False,False,False,,Chemicals & Petrochemicals,Specialty Chemicals,91.08095007270964,True,True
NEPHROCARE.NS,2026-09-29,90.55000305175781,93.83333333333333,91.50972239176433,84.27900032043458,76.66333348592123,84.15875015258788,92.7518089399977,50.04999923706055,156.35000610351562,True,False,False,True,True,True,False,False,False,-36.52295343421713,noise,23.273855702094647,False,False,False,False,,Healthcare Services,Hospital,18.031992244304412,False,False
NEPHROPLUS.NS,2026-09-30,,,,,,,,,,False,False,False,False,False,False,False,False,False,,red,100.63319137392355,False,False,False,False,,Healthcare Services,Healthcare Service Provider,,False,False
NESCO.NS,2026-09-30,1046.9000244140625,1075.2583414713542,1060.0277811686199,1058.362003173828,1105.8600410970053,1123.8647164916993,1068.1189591996254,989.6270152436205,1413.6962088264588,False,False,False,False,False,False,False,False,False,-23.04690195363418,noise,50.30679007436516,False,True,False,False,,Commercial Services & Supplies,Diversified Commercial Services,35.38536112457586,False,False
NESTLEIND.NS,2026-09-30,1310.0,1361.7416585286458,1417.3166639539932,1441.0619970703126,1384.6687638346355,1359.0799041748046,1355.2137501571253,1133.4029066422722,1553.0,False,True,True,True,False,False,True,False,False,14.789144132281695,noise,76.06873873612734,False,False,False,False,,Food Products,Packaged Foods,75.18177411536597,True,False
NETWEB.NS,2026-09-30,4548.0,4635.333333333333,5000.163886176215,4879.52380859375,4293.1198046875,4027.3844921875,4658.561167671633,2918.180990781822,5813.0,True,True,True,True,False,True,True,False,False,24.73166459847498,noise,38.123908202135546,False,False,False,False,,IT - Services,IT Enabled Services,79.59282598158022,True,False
NPST.NS,2026-09-30,1764.800048828125,1775.5211791992188,1691.0344645182292,1645.750595703125,1408.2073160807292,1387.9618328857423,1747.3766026167739,845.6871520602764,2055.78100588124,True,True,False,True,True,True,True,True,False,-7.608775952124292,noise,95.3352931821264,False,False,False,False,,Financial Technology (Fintech),Financial Technology (Fintech),54.62918080465342,False,False
NETWORK18.NS,2026-09-30,25.8700008392334,26.484999974568684,27.778888755374485,28.188799896240234,30.928466720581056,33.11694999694824,26.443642842469213,25.280000686645508,53.2400016784668,False,False,False,False,False,False,False,False,False,-49.71817209793296,noise,50.049111102634434,False,False,False,True,,Entertainment,Media & Entertainment,7.949587978671838,False,False
NEUEON.NS,2026-09-30,15.0600004196167,12.940833489100138,13.45249997244941,13.967400016784667,17.070266717274983,14.89670003414154,13.687754747424517,5.21999979019165,27.399999618530273,False,True,True,False,True,True,False,True,False,188.50576676103233,green,249.57692859117859,False,False,False,False,,Electrical Equipment,Heavy Electrical Equipment,98.54580707707223,True,False
NEULANDLAB.NS,2026-09-30,21350.0,22194.583333333332,22892.666666666668,22107.18,17919.73453125,16955.678168945313,21991.572704446095,11478.786028437366,24225.0,True,True,True,True,False,True,True,False,False,46.45298132741904,noise,73.16096353983795,False,True,False,False,,Pharmaceuticals & Biotechnology,Pharmaceuticals,87.15462918080465,True,False
NIACL.NS,2026-09-30,167.02000427246094,181.79916763305664,189.17861090766058,184.69859985351562,166.80612762451173,162.65665435791016,178.70837742664332,116.0144662714778,242.60000610351562,True,True,False,True,False,True,False,False,False,-10.948898517852001,dry,16.428770059511123,False,True,False,False,,Insurance,General Insurance,50.55744062045565,False,False
NEWGEN.NS,2026-09-30,467.8500061035156,488.8541666666667,512.8222206963433,521.3869989013672,487.10070556640625,534.3594320678711,485.42173444504164,396.6099082577377,1030.4143551726484,False,False,False,False,False,False,False,False,False,-46.82616507010562,noise,32.739637152174176,False,True,False,False,,IT - Software,Computers - Software & Consulting,9.20988851187591,False,False
NEWJAISA.NS,2026-09-29,18.0,17.80833339691162,17.48888895246718,16.836000022888182,18.985999984741213,19.795250005722046,17.81005642327981,13.350000381469727,45.75,False,False,False,False,True,True,False,True,False,-60.0,red,530.690537084399,False,False,False,False,,IT - Hardware,Computers Hardware & Equipments,3.6839554047503635,False,False
NEXTMEDIA.NS,2026-09-30,3.7300000190734863,3.763333320617676,3.891388886504703,3.8960000038146974,4.136266681353251,4.5546000134944915,3.7516911611243193,3.1600000858306885,8.479999542236328,False,False,False,False,False,False,False,False,False,-40.22435647613659,dry,14.185089933969278,False,False,False,False,,Entertainment,Media & Entertainment,14.784294716432381,False,False
NXST.NS,2026-09-29,164.6999969482422,166.21666717529297,167.10083304511176,166.6143862915039,158.28011657714845,157.1474582672119,166.01801628257942,145.45394036877988,189.1042709723323,True,True,True,True,False,False,True,False,False,6.751936117637225,red,154.51959423648427,False,False,False,False,,Realty,Real Estate Investment Trusts (REITs),68.34706737760543,False,False
NGLFINE.NS,2026-09-30,2909.5,2789.324991861979,2891.421630859375,3004.448095703125,2716.741991373698,2462.4756628417967,2830.0765139534583,1270.2352838363754,3599.8325981661596,True,True,True,True,False,True,True,True,False,105.69854810004382,noise,31.379603412589923,False,True,False,False,,Pharmaceuticals & Biotechnology,Pharmaceuticals,95.73436742607852,True,False
NHPC.NS,2026-09-30,72.80999755859375,75.4191665649414,76.0619445376926,76.68980102539062,77.44455891927083,77.34709060668945,74.92499003078953,71.42454681386315,86.59303970157107,False,True,False,False,False,False,True,False,False,-13.89235163467667,noise,78.03539683287714,False,False,False,False,,Power,Power Generation,46.82501211827436,False,False
NIBE.NS,2026-09-30,1236.4000244140625,1277.1903788248699,1353.9297858344185,1374.2683642578124,1294.944923502604,1248.117398071289,1274.3853950033733,808.8323403740555,1846.2478464264655,False,True,True,True,False,True,False,False,False,-14.009629885960717,noise,70.75554654215499,False,True,False,False,,Aerospace & Defense,Aerospace & Defense,46.48570043625788,False,False
NICCOPAR.NS,2026-09-30,,,,,,,,,,False,False,False,False,False,False,False,False,False,,noise,,False,False,False,False,,Leisure Services,Amusement Parks/ Other Recreation,,False,False
NIDAN.NS,2026-09-29,12.899999618530273,13.279166539510092,13.495833343929714,13.396999969482422,14.119333330790202,15.014249987602234,13.204072252003769,11.5,24.899999618530273,False,False,False,False,False,False,False,False,False,-31.01604763516318,noise,23.980815347721823,False,True,False,False,,Healthcare Services,Healthcare Service Provider,25.157537566650507,False,False
NIITLTD.NS,2026-09-30,86.16999816894531,88.42999903361003,94.00755225287543,94.25093215942383,82.75414258321126,82.37426698684692,88.64639670600079,48.46923652674774,109.89657617408741,True,True,False,True,False,True,True,False,False,-17.42786683035158,noise,35.10448642420075,False,False,False,False,,Other Consumer Services,Education,42.26854095976733,False,False
NIITMTS.NS,2026-09-30,204.50999450683594,216.28500111897787,225.13757705688477,228.64203796386718,252.6884740193685,286.16378746032717,212.83867061633447,200.50434899542847,437.79574031188224,False,False,False,False,False,False,False,False,False,-37.40974387003641,noise,58.74351563426616,False,True,False,True,,Other Consumer Services,Education,17.304895782840525,False,False
NILAINFRA.NS,2026-09-30,6.710000038146973,6.717500011126201,6.817222197850545,6.991599979400635,7.51879997253418,7.849849989414215,6.756836097991183,5.900000095367432,11.199999809265137,False,False,False,False,False,False,False,False,False,-32.76552759597232,noise,62.39591890258491,False,False,False,False,,Realty,"Residential, Commercial Projects",22.92777508482792,False,False
NILASPACES.NS,2026-09-30,11.1899995803833,11.78000005086263,12.260833342870077,12.20700002670288,12.757266629536947,13.280449981689452,11.535088249958672,10.880000114440918,19.969999313354492,False,False,False,False,False,False,False,False,False,-34.75218758435014,noise,40.80464493046358,False,False,False,False,,Realty,"Residential, Commercial Projects",19.728550654386815,False,False
NILE.NS,2026-09-30,,,,,,,,,,False,False,False,False,False,False,False,False,False,,noise,,False,False,False,True,,Minerals & Mining,Industrial Minerals,,False,False
NILKAMAL.NS,2026-09-30,1901.699951171875,1905.2499898274739,1976.5277777777778,1914.3300024414064,1484.783642578125,1460.3301318359374,1913.3115637186347,1034.4655321576956,2149.5,True,True,True,True,False,True,True,False,False,24.263360320947935,dry,9.507304582945213,False,True,False,False,,Consumer Durables,Plastic Products - Consumer,79.25351429956375,True,False
NIMBSPROJ.NS,2026-09-30,,,,,,,,,,False,False,False,False,False,False,False,False,False,,noise,85.84197213739958,False,False,False,False,,Realty,"Residential, Commercial Projects",,False,False
NINSYS.NS,2026-09-30,766.3499755859375,716.8500010172526,717.3388926188151,739.4190026855468,631.2483341471354,565.356000366211,724.1782941893364,281.04998779296875,935.0,True,True,True,True,True,True,True,True,False,75.12567753590366,ppv,321.9070381785018,True,False,False,False,,IT - Software,Computers - Software & Consulting,93.11682016480853,True,True
NAM-INDIA.NS,2026-09-30,1070.0,1129.6333312988281,1172.5166727701824,1170.2560083007813,1075.22748046875,1028.009803161621,1119.8889024528974,787.2052851605498,1269.5,False,True,True,True,False,True,True,False,False,25.85240443558281,noise,63.43131437043405,False,False,False,False,,Capital Markets,Asset Management Company,80.36839554047503,True,False
NIRAJ.NS,2026-09-30,27.65999984741211,28.075833320617676,28.379722171359592,28.557999992370604,28.67966667175293,30.21255006790161,28.10050378622624,20.149999618530273,49.0,False,False,False,False,False,True,False,False,False,-39.24884562046266,red,148.69908372936624,False,False,False,False,,Construction,Civil Construction,15.947649054774601,False,False
NIRAJISPAT.NS,2026-09-30,301.0,287.69583384195965,283.45749918619794,261.34899963378905,232.636733194987,231.42200004577637,294.4588488054742,155.0,429.6499938964844,True,True,True,True,True,True,False,True,False,-14.366998577524893,noise,21.20994583306141,False,False,False,False,,Consumer Durables,Plastic Products - Consumer,46.1463887542414,False,False
NIRLON.NS,2026-09-30,,,,,,,,,,False,False,False,False,False,False,False,False,False,,noise,24.62488648559399,False,False,False,False,,Commercial Services & Supplies,Diversified Commercial Services,,False,False
NIRMAN.NS,2026-09-29,26.5,26.825000127156574,28.912500116560196,31.45400005340576,42.12266658782959,46.683249940872194,26.808163312567316,26.0,219.4499969482422,False,False,False,False,False,False,False,False,False,-87.92435617748033,dry,13.040238450074515,False,False,False,False,,Agricultural Food & other Products,Other Agricultural Products,0.1454192922927775,False,False
NITCO.NS,2026-09-30,88.12000274658203,88.12999979654948,92.09499952528212,95.18039932250977,94.22406646728516,92.33129974365234,88.55218425925396,64.0,120.0,False,True,False,True,False,True,False,False,False,-19.999998614726387,noise,88.1847789354376,False,False,False,False,,Consumer Durables,Ceramics,39.31168201648085,False,False
NITINSPIN.NS,2026-09-30,598.2999877929688,613.5833333333334,610.1937357584635,593.4045690917969,510.1720058186849,464.994298248291,610.2415904867223,300.8041771483202,665.0,True,True,True,True,True,True,True,False,False,76.8131558818975,noise,23.232554488083796,False,True,False,False,,Textiles & Apparels,Other Textile Products,93.31071255453224,True,True
NITIRAJ.NS,2026-09-30,209.25999450683594,224.62416712443033,214.9602779812283,215.08100006103516,205.96773345947267,201.0894502258301,220.4174991157993,168.0,241.0,True,True,True,True,False,False,True,False,False,1.933850333937004,noise,24.36100138045674,False,False,False,False,,Consumer Durables,Consumer Electronics,64.85700436257878,False,False
NITTAGELA.NS,2026-09-30,,,,,,,,,,False,False,False,False,False,False,False,False,False,,noise,36.90319614878756,False,False,False,False,,Chemicals & Petrochemicals,Specialty Chemicals,,False,False
NIVABUPA.NS,2026-09-30,74.80999755859375,78.24333381652832,80.64527808295355,82.26600021362304,80.61520014444987,79.68535007476807,77.05543007293244,67.5,91.4000015258789,False,True,False,True,False,False,True,False,False,-10.06251829270698,green,281.5635640450297,False,False,False,False,,Insurance,General Insurance,52.253999030538054,False,False
NLCINDIA.NS,2026-09-30,261.70001220703125,262.24732208251953,268.4500444200304,276.1972198486328,294.3535675048828,284.28899673461916,262.03589112940597,226.55743882214648,387.4363949219129,False,True,True,False,False,False,False,False,False,-6.8846954321913785,green,109.34025197588898,False,False,False,False,,Power,Power Generation,55.25933107125546,False,False
NMDC.NS,2026-09-30,76.54000091552734,79.53833389282227,83.22722265455458,83.63140014648438,85.05133326212565,83.6648080444336,79.19577628715479,70.10877049673599,97.48999786376953,False,True,True,False,False,False,True,False,False,3.2963073935529996,red,100.25245275566658,False,True,False,False,,Minerals & Mining,Industrial Minerals,65.77799321376636,False,False
NSLNISP.NS,2026-09-30,41.31999969482422,42.113332748413086,43.120555559794106,43.15880004882813,42.69680007934571,42.41955009460449,42.25487150729216,33.0099983215332,53.75,False,True,False,True,False,False,True,False,False,-7.8912190534176645,noise,57.192352794504906,False,False,False,False,,Ferrous Metals,Iron & Steel,54.33834222006786,False,False
NOCIL.NS,2026-09-30,171.11000061035156,186.38583374023438,176.1550004747179,173.33800079345704,167.1508046468099,161.32414920806886,182.19253932891584,124.15050882479248,211.1999969482422,True,True,True,True,False,True,True,False,False,-0.8222898705562254,noise,68.92095748884344,False,False,False,False,,Chemicals & Petrochemicals,Specialty Chemicals,61.803199224430436,False,False
NOIDATOLL.NS,2026-09-30,3.8499999046325684,3.899166703224182,4.033611145284441,4.136000018119812,4.2624666786193846,4.196650018692017,3.856002351827649,2.869999885559082,7.429999828338623,False,True,False,False,False,True,False,False,False,-4.228857639316819,noise,96.93607663434727,False,True,False,False,,Transport Infrastructure,"Road AssetsToll, Annuity, Hybrid-Annuity",57.92535142995637,False,False
NORBTEAEXP.NS,2026-09-30,66.25,66.08916727701823,66.71472273932562,66.7324005126953,74.5862669881185,77.51280014038086,66.43068881311731,47.5,99.3499984741211,False,False,False,False,False,True,False,False,False,25.0,ppv,263.4421576401098,False,False,False,False,,Agricultural Food & other Products,Tea & Coffee,79.78671837130392,True,False
NECCLTD.NS,2026-09-30,18.420000076293945,18.995000044504803,17.520833359824287,16.873400020599366,15.773866691589355,15.957450037002564,18.77835407448752,10.550000190734863,24.010000228881836,True,False,False,True,True,True,True,False,False,-10.625912029122741,noise,86.84463114500018,False,True,False,False,,Transport Services,Logistics Solution Provider,51.09064469219583,False,False
NORTHARC.NS,2026-09-30,287.3500061035156,303.0166651407878,297.9208348592122,294.95600036621096,278.33106699625654,273.0894004821777,299.1829764243366,206.0,334.0,True,True,True,True,False,True,True,False,False,5.760026939034257,noise,42.13961148548711,False,False,False,False,,Finance,Non Banking Financial Company (NBFC),67.76539020843431,False,False
NOVAAGRI.NS,2026-09-30,22.43000030517578,22.730833371480305,23.718055566151936,23.57060001373291,25.588466669718425,28.031900033950805,22.723680392886415,18.1200008392334,51.9900016784668,False,False,False,False,False,False,False,False,False,-53.085129343446816,green,103.11942260013991,False,False,False,False,,Fertilizers & Agrochemicals,Fertilizers,6.689287445467765,False,False
NOVARTIND.NS,2026-09-30,,,,,,,,,,False,False,False,False,False,False,False,False,False,,noise,21.021704835970763,False,False,False,False,,Pharmaceuticals & Biotechnology,Pharmaceuticals,,False,False
NRBBEARING.NS,2026-09-30,534.0499877929688,518.3499984741211,491.03055657280817,474.4960003662109,382.2770004272461,352.9405562591553,526.5478868600551,211.10343900049978,559.9000244140625,True,True,True,True,True,True,True,True,False,97.57188586413928,noise,78.23034083379767,False,False,False,False,,Auto Components,Auto Components & Equipments,95.00727096461465,True,True
NIBL.NS,2026-09-30,31.850000381469727,31.75500027338664,31.549722300635445,32.62520008087158,31.346200091044107,31.33230010032654,31.910975552821704,25.299999237060547,40.79999923706055,True,True,False,True,False,False,True,False,False,13.063543823958423,dry,16.90708451953408,False,False,False,False,,Industrial Products,Abrasives & Bearings,73.96994667959282,True,False
NTCIND.NS,2026-09-30,,,,,,,,,,False,False,False,False,False,False,False,False,False,,noise,,False,True,False,False,,Cigarettes & Tobacco Products,Cigarettes & Tobacco Products,,False,False
NTPC.NS,2026-09-30,322.75,325.875,330.29916212293836,333.5175799560547,358.5004473876953,354.5851219177246,325.3658762273243,309.83848166590883,409.97128898871665,False,True,True,False,False,False,True,False,False,-2.631736913955829,noise,83.75843404772742,False,True,False,False,,Power,Power Generation,59.912748424624326,False,False
NTPCGREEN.NS,2026-09-30,93.37000274658203,91.17000007629395,90.4844447241889,90.97720031738281,96.8613335164388,95.35760017395019,91.8396488103644,84.0,119.94999694824219,False,True,False,False,True,False,True,True,False,-3.950207153642482,noise,62.96610497427859,False,False,False,False,,Power,Power Generation,58.41008240426563,False,False
NUCLEUS.NS,2026-09-30,650.25,678.3666737874349,708.7847256130642,710.3560009765625,747.1388505045572,781.2196115112305,673.1599045509627,647.0,1047.2047100200728,False,False,False,False,False,False,False,False,False,-33.776481227856614,noise,52.20178066364487,False,False,False,True,,IT - Software,Software Products,21.570528356761997,False,False
NRL.NS,2026-09-30,159.8000030517578,152.54333368937174,132.40916718377008,125.69400024414062,85.57846682230631,77.91580011367797,155.05185194919937,45.099998474121094,167.25999450683594,True,True,True,True,True,True,True,True,False,120.65728678833665,noise,47.63469158429342,False,False,False,False,,Metals & Minerals Trading,Trading - Metals,96.6068831798352,True,True
NURECA.NS,2026-09-30,366.6000061035156,344.4750010172526,332.3763885498047,330.28080078125,280.4492005411784,282.59290016174316,350.2144632588942,204.0,376.0,True,False,True,True,True,True,True,True,False,60.55006218053538,ppv,77.89118094036668,False,False,True,False,,Healthcare Equipment & Supplies,Medical Equipment & Supplies,90.7901114881241,True,False
NUVAMA.NS,2026-09-30,1652.5,1678.7833150227864,1735.8249918619792,1746.9219897460937,1570.2361678059897,1521.8020861816406,1678.4514027667042,1086.5091731363827,2066.0,True,True,True,True,False,True,True,False,False,33.55179457066999,noise,51.72406274852519,False,False,False,False,,Capital Markets,Stockbroking & Allied,83.03441589917597,True,False
NUVOCO.NS,2026-09-30,337.79998779296875,329.66666920979816,329.59166717529297,334.87000061035155,319.9683341471354,327.4327508544922,332.6135131290878,276.25,439.8500061035156,True,False,False,True,True,False,True,True,True,-19.494760991582716,noise,58.895452270860545,False,False,False,False,,Cement & Cement Products,Cement & Cement Products,40.08725157537567,False,False
ONGC.NS,2026-09-30,225.8000030517578,233.94166692097983,234.6090905931261,236.2554052734375,257.67555521647137,254.76137031555174,232.4357353393628,222.40769220653587,306.19702215663295,False,True,False,False,False,False,False,False,False,-0.7163264763905497,noise,99.94197596268944,False,False,False,False,,Oil,Oil Exploration & Production,61.94861851672322,False,False
OBCL.NS,2026-09-30,55.34000015258789,57.295000076293945,55.71416685316298,54.95980010986328,55.196933339436846,55.22350002288818,56.7796063600054,46.5099983215332,62.0,True,False,False,False,True,False,True,False,False,-0.3242080397904856,noise,89.50465451882756,False,False,False,False,,Transport Services,Logistics Solution Provider,62.2879301987397,False,False
OBEROIRLTY.NS,2026-09-30,1765.699951171875,1789.3583272298176,1831.2305501302083,1825.7859936523437,1712.3299446614583,1682.5384484863282,1801.047055214393,1387.9800889099738,1983.9545449282684,True,True,True,True,False,False,True,False,False,10.836913439462737,green,130.36495904272633,False,False,False,False,,Realty,"Residential, Commercial Projects",72.51575375666505,True,False
OCCLLTD.NS,2026-09-30,187.44000244140625,161.35166549682617,160.4073397318522,159.46966735839842,123.79406692504882,116.44676574707032,168.51684309184856,74.8847757046385,187.44000244140625,True,True,True,True,True,True,True,True,True,48.432094988281605,ppv,151.39080369578033,False,False,True,False,,Chemicals & Petrochemicals,Commodity Chemicals,87.88172564226853,True,True
ODIGMA.NS,2026-09-30,21.350000381469727,21.172500133514404,22.109166622161865,22.29739990234375,23.916799952189127,25.388549938201905,21.271355992805603,20.0,47.36000061035156,False,False,False,False,False,False,False,True,False,-53.241348110342166,noise,52.79749497371016,False,False,False,False,,IT - Services,IT Enabled Services,6.543868153174988,False,False
ODYCORP.NS,2026-09-30,,,,,,,,,,False,False,False,False,False,False,False,False,False,,noise,,False,False,False,False,,Finance,Non Banking Financial Company (NBFC),,False,False
OILCOUNTUB.NS,2026-09-30,76.61000061035156,69.01500002543132,63.870277616712784,62.2507999420166,56.08973322550456,55.70859992980957,71.08648532249241,35.650001525878906,82.16999816894531,True,True,False,True,True,True,True,True,False,11.970188045289309,noise,59.593053308101396,False,False,False,False,,Oil,Oil Equipment & Services,73.29132331555986,True,False
OIL.NS,2026-09-30,448.6499938964844,472.65833536783856,478.852788289388,470.8102661132813,464.9382334391276,459.0585874938965,468.7543013441418,388.8457252612527,529.9163379046904,False,True,True,True,False,False,True,False,False,11.197478244755477,red,116.53163106917019,False,False,False,False,,Oil,Oil Exploration & Production,72.70964614638875,True,False
OLAELEC.NS,2026-09-30,36.91999816894531,38.19166628519694,38.35527769724528,38.486199951171876,36.777866770426435,36.01805016517639,38.240960379919294,22.25,58.650001525878906,True,True,False,True,False,True,False,False,False,-35.17120689316792,noise,82.58410687918209,False,True,False,False,,Automobiles,2/3 Wheelers,19.146873485215703,False,False
OLECTRA.NS,2026-09-30,1134.199951171875,1193.7843933105469,1250.216261121962,1278.212392578125,1243.8619486490886,1208.9037838745116,1186.7551260235766,866.1616606732061,1578.0014250402533,False,True,False,True,False,True,False,False,False,-26.925497458812565,red,108.0522300969592,False,False,False,False,,Automobiles,Passenger Cars & Utility Vehicles,30.538051381483278,False,False
OMFREIGHT.NS,2026-09-30,,,,,,,,,,False,False,False,False,False,False,False,False,False,,green,123.61510669030005,False,False,False,False,,Transport Services,Logistics Solution Provider,,False,False
OMINFRAL.NS,2026-09-30,77.11000061035156,78.81916618347168,81.67067654927571,83.49227111816407,86.13555135091146,86.8025880432129,78.60826104268168,71.06761067080576,134.1835922150989,False,False,False,False,False,False,False,False,False,-41.12085527303842,noise,48.25788715168358,False,False,False,False,,Construction,Civil Construction,13.766359670382938,False,False
OMPOWER.NS,2026-09-30,,,,,,,,,,False,False,False,False,False,False,False,False,False,,red,202.3984405813841,False,False,False,True,,Construction,Civil Construction,,False,False
OMAXAUTO.NS,2026-09-30,200.32000732421875,190.62416712443033,188.69771660698785,190.8865298461914,179.09837702433268,160.1778244781494,195.0691337008868,82.52199549472783,260.1032164095451,True,True,True,True,True,True,True,True,True,46.51541075729104,noise,63.478982805294734,False,True,False,False,,Auto Components,Auto Components & Equipments,87.20310227823558,True,True
OMAXE.NS,2026-09-30,109.76000213623047,115.8766663869222,114.76527849833171,106.80860031127929,88.30053359985351,85.38660018920899,114.90236228994273,62.5,138.88999938964844,True,True,True,True,True,True,True,False,False,36.43257464241421,dry,12.404817853167275,False,False,False,False,,Realty,"Residential, Commercial Projects",83.90693165293263,True,True
OMFURN.NS,2026-09-29,51.0,53.05000019073486,56.07361136542426,57.24400024414062,55.679666646321614,59.694749908447264,52.95769980659448,38.0,140.0,False,False,False,False,False,True,False,False,False,-59.20000000000001,dry,8.291873963515755,False,False,False,False,,Consumer Durables,"Furniture, Home Furnishing",3.974793989335919,False,False
OMNI.NS,2026-09-30,,,,,,,,,,False,False,False,False,False,False,False,False,False,,noise,70.3905998951764,False,False,False,False,,Industrial Manufacturing,Industrial Products,,False,False
ONDOOR.NS,2026-09-29,257.6499938964844,271.27500406901044,272.95416683620874,267.45899993896484,202.41166646321614,182.06224983215333,268.7208946385022,100.0,340.0,True,True,True,True,False,True,True,False,False,71.42381148705577,dry,17.97842588893328,False,False,False,False,,Retailing,Diversified Retail,92.72903538536113,True,False
PAYTM.NS,2026-09-30,1678.0,1744.8833414713542,1689.9916687011719,1605.6580004882812,1284.6666674804687,1273.4365014648438,1714.444483792478,930.5999755859375,1855.5,True,True,True,True,True,True,True,False,False,49.31481821430628,noise,55.18929368403831,False,False,False,False,,Financial Technology (Fintech),Financial Technology (Fintech),88.07561803199224,True,True
ONEGLOBAL.NS,2026-09-30,,,,,,,,,,False,False,False,False,False,False,False,False,False,,noise,,False,False,False,False,,Healthcare Services,Healthcare Service Provider,,False,False
MOBIKWIK.NS,2026-09-30,196.32000732421875,202.2166659037272,198.46472295125326,200.1936004638672,197.9484004720052,203.76980018615723,200.23313709041494,151.4600067138672,296.70001220703125,False,False,False,False,False,False,False,False,False,-21.490838502380893,noise,29.837527199143143,False,False,False,False,,Financial Technology (Fintech),Financial Technology (Fintech),37.32428502181289,False,False
ONEPOINT.NS,2026-09-30,73.38999938964844,64.72749996185303,59.231666564941406,58.57439994812012,55.67526674906413,54.77425010681152,67.25690065223515,40.58000183105469,74.4000015258789,True,True,True,True,True,True,True,True,False,63.9999986360859,ppv,309.2730340757755,True,False,True,False,,Commercial Services & Supplies,Business Process Outsourcing (BPO)/ Knowledge Process Outsourcing (KPO),91.32331555986427,True,True
OLIL.NS,2026-09-29,455.29998779296875,435.21666463216144,421.2444432576497,420.38199951171873,396.4846667480469,373.1969999694824,434.8067684487687,260.0,479.8999938964844,True,True,True,True,True,True,True,True,False,64.10162831538358,green,249.74341430037632,False,False,False,False,,Transport Services,Logistics Solution Provider,91.37178865729521,True,True
ONELIFECAP.NS,2026-09-30,40.08000183105469,35.50100866953532,33.46830887264676,34.13010986328125,26.84760722478231,24.063250794410706,36.541998031534625,11.146808681376179,40.5,True,True,True,True,True,True,True,True,False,197.6353153436944,noise,72.69933954909799,False,False,True,False,,Capital Markets,Stockbroking & Allied,98.73969946679593,True,True
KISSHT.NS,2026-09-30,,,,,,,,,,False,False,False,False,False,False,False,False,False,,green,149.0881540068024,False,False,True,False,,Finance,Other Financial Services,,False,False
ONESOURCE.NS,2026-09-30,1521.5999755859375,1585.2333272298176,1557.147216796875,1575.9119970703125,1608.1793302408855,1580.747495727539,1573.5428184858836,1057.0,1925.0,False,True,False,False,False,True,True,False,False,-17.322323657848404,noise,71.67431150491159,False,False,False,False,,Pharmaceuticals & Biotechnology,Pharmaceuticals,42.41396025206011,False,False
ONIDA.NS,2026-09-30,32.029998779296875,33.13666661580404,34.70666652255588,35.698999938964846,35.46506660461426,34.19214994430542,32.91123591210479,21.5,49.22999954223633,False,True,True,True,False,True,False,False,False,27.60955495021935,noise,68.36236096170651,False,False,False,False,,Consumer Durables,Consumer Electronics,81.047018904508,True,False
ONIXSOLAR.NS,2026-09-30,,,,,,,,,,False,False,False,False,False,False,False,False,False,,noise,,False,False,False,False,,Non - Ferrous Metals,Copper,,False,False
ONMOBILE.NS,2026-09-30,50.619998931884766,51.225000063578285,52.86472246381972,56.420800018310544,54.59773333231608,54.531049976348875,50.984139622668785,40.209999084472656,84.0,False,True,False,True,False,False,False,False,False,-24.51535822431923,noise,41.37625992777786,False,False,False,False,,Media,Web based media and service,33.494910324769755,False,False
ONWARDTEC.NS,2026-09-30,288.3500061035156,287.11666615804035,286.1222195095486,287.1899987792969,263.82241689046225,270.3109593200684,287.42638427856116,202.5474502609932,339.05421608387906,True,False,False,True,True,True,True,True,False,0.8052554230556952,noise,22.2939828492471,False,False,False,False,,IT - Services,IT Enabled Services,63.790596219098404,False,False
OPTIEMUS.NS,2026-09-30,767.75,703.3208312988281,610.794443766276,608.7059997558594,486.4609999593099,477.8394999694824,733.1296184681985,288.0,850.6500244140625,True,True,False,True,True,True,True,True,False,20.450262094947867,noise,95.86851999273588,False,False,False,False,,Telecom -  Equipment & Accessories,Telecom -  Equipment & Accessories,77.41153659718856,True,False
OPTIFIN.NS,2026-09-30,,,,,,,,,,False,False,False,False,False,False,False,False,False,,noise,,False,True,False,False,,Finance,Non Banking Financial Company (NBFC),,False,False
OFSS.NS,2026-09-30,10630.0,11092.416666666666,11596.222222222223,11542.96,9799.145078125,9169.970529785156,10931.48754139658,6060.863819699785,12540.0,True,True,True,True,False,True,True,False,False,32.144045983921465,noise,91.0378146652097,False,True,False,False,,IT - Software,Software Products,82.7435773145904,True,False
ORBTEXP.NS,2026-09-30,258.510009765625,233.50250116984049,237.1452267964681,238.8439111328125,200.26377868652344,196.0717401123047,239.3159821825563,134.72293208187594,282.8500061035156,True,True,True,True,True,True,True,True,False,41.40600455725363,red,665.4866888807298,False,False,False,False,,Textiles & Apparels,Other Textile Products,85.89432864760059,True,True
ORCHASP.NS,2026-09-30,1.3200000524520874,1.403333346048991,1.399999996026357,1.454199995994568,1.8305999986330668,2.055199999213219,1.3669370969414667,1.25,4.159999847412109,False,False,False,False,False,False,False,False,False,-50.74626792643008,noise,20.75599838007515,False,False,False,False,,IT - Software,Computers - Software & Consulting,7.658749394086282,False,False
ORCHPHARMA.NS,2026-09-30,997.0,1031.737513224284,1003.1486155192057,1003.4100036621094,825.4103304036458,799.5929977416993,1031.1454662567212,480.0,1143.5,True,True,True,True,False,True,True,False,False,42.02279202279202,noise,61.129344473090455,False,False,False,False,,Pharmaceuticals & Biotechnology,Pharmaceuticals,85.99127484246243,True,False
ORIANA.NS,2026-09-29,317.20001220703125,284.0224978129069,826.5269427829319,994.0724017333985,1515.7081329345704,1640.891099090576,335.53476925091394,240.1999969482422,3064.0,False,False,False,False,False,True,False,False,False,-86.77672145446256,green,282.0334844202111,False,False,False,False,,Electrical Equipment,Other Electrical Equipment,0.24236548715462916,False,False
ORICONENT.NS,2026-09-30,51.34000015258789,52.42302576700846,53.524915589226616,53.62173225402832,59.362012151082354,60.138223800659176,52.299188409005936,47.040000915527344,72.84277119450495,False,False,False,False,False,False,False,False,False,-4.03092323314147,noise,54.00981257322535,False,True,False,False,,Industrial Products,Packaging,58.21619001454192,False,False
ORIENTBELL.NS,2026-09-30,398.54998779296875,393.9541651407878,386.2416687011719,368.077001953125,327.36445170084636,315.8713311767578,397.4304506734489,245.77001941542372,434.95001220703125,True,True,True,True,True,True,True,True,False,37.251917237836494,noise,65.36761186044548,False,False,False,False,,Consumer Durables,Ceramics,84.10082404265633,True,True
ORIENTCEM.NS,2026-09-30,118.7699966430664,122.04250017801921,127.09972190856934,129.7836000061035,135.31651062011719,142.62506622314453,121.55377308697021,116.69999694824219,225.98672509713518,False,False,False,False,False,False,False,False,False,-45.51526112418293,noise,52.71009592718213,False,True,False,False,,Cement & Cement Products,Cement & Cement Products,9.840038778477943,False,False
ORIENTCER.NS,2026-09-30,44.900001525878906,46.32001972198486,44.94280433654785,43.77615898132324,40.93631037394206,41.54196851730347,46.142569362436674,33.73449197109154,56.19769697696197,True,False,True,True,True,True,True,False,False,25.425122414603884,noise,48.494172973045394,False,False,False,False,,Industrial Products,Electrodes & Refractories,80.07755695588948,True,False
ORIENTELEC.NS,2026-09-30,158.11000061035156,164.7799975077311,176.09722095065646,176.1811993408203,176.74943450927734,175.916848526001,163.3781403909054,148.40382189942517,215.64378647408492,False,True,False,False,False,False,False,False,False,-18.341885638730883,dry,15.529857030421232,False,True,False,False,,Consumer Durables,Household Appliances,41.49297140087251,False,False
GREENPOWER.NS,2026-09-30,8.829999923706055,8.985000133514404,9.248333348168266,9.435599975585937,10.192600015004476,10.350350022315979,8.96203630740914,7.980000019073486,14.930000305175781,False,False,False,False,False,False,False,False,False,-31.176929257880825,noise,50.7968566311547,False,False,False,False,,Power,Power Generation,24.963645176926804,False,False
ORIENTPPR.NS,2026-09-30,16.450000762939453,16.835000197092693,17.1436112191942,17.422800025939942,17.43246671040853,18.400550031661986,16.794392537987786,13.25,27.59000015258789,False,False,False,False,False,False,False,False,False,-38.64229358215234,noise,37.468525068100135,False,True,False,False,,"Paper, Forest & Jute Products",Paper & Paper Products,16.480853126514784,False,False
ORIENTLTD.NS,2026-09-30,78.2300033569336,80.46583429972331,80.52194510565863,80.66340026855468,69.89253328959147,69.66604991912841,80.07770775857009,53.720001220703125,102.30000305175781,True,True,False,True,False,True,True,False,False,-5.060677295783378,dry,3.776047962094474,False,False,False,False,,Industrial Products,Packaging,57.101308773630635,False,False
ORIENTTECH.NS,2026-09-30,231.52999877929688,235.49500020345053,241.07583279079861,247.295,261.1300676472982,281.13286903381345,234.9094634233644,220.8000030517578,466.7272644042969,False,False,False,False,False,False,False,False,False,-28.004806654386538,dry,18.7014072342722,False,False,False,False,,IT - Services,IT Enabled Services,28.986912263693647,False,False
OAL.NS,2026-09-30,533.25,533.8125025431315,466.0236112806532,441.1398675537109,347.6238098144531,332.2941925048828,535.9662614118929,227.70043330477768,570.0,True,True,True,True,True,True,True,False,False,63.51295875076302,dry,19.122962128130887,False,False,False,False,,Chemicals & Petrochemicals,Specialty Chemicals,91.12942317014057,True,True
ORIENTHOT.NS,2026-09-30,142.36000061035156,141.1349983215332,138.0838877360026,136.34339920043945,116.38783213297526,113.57999652862549,140.90541108771882,79.61620663529307,148.08615521805814,True,True,True,True,True,True,True,True,False,12.052518141702162,noise,27.17573401686454,False,False,False,False,,Leisure Services,Hotels & Resorts,73.3397964129908,True,True
ORIRAIL.NS,2026-09-30,,,,,,,,,,False,False,False,False,False,False,False,False,False,,ppv,,False,False,False,False,,Industrial Products,Other Industrial Products,,False,False
ORIENTALTL.NS,2026-09-30,4.829999923706055,4.9633333285649615,5.04000002808041,5.092800025939941,5.859333337148031,6.336650006771087,4.943321914343015,4.400000095367432,10.84000015258789,False,False,False,False,False,False,False,False,False,-51.98807433161037,red,102.75895909967703,False,False,False,False,,Consumer Durables,Granites & Marbles,7.125545322346098,False,False
ORISSAMINE.NS,2026-09-30,3651.5,3784.2166341145835,4230.897230360243,4196.162006835937,4008.793338216146,4164.417999267578,3770.9676674597613,3100.5,6138.89990234375,False,False,False,True,False,False,False,False,False,-21.78094482420598,dry,17.22903744327414,False,True,False,False,,Minerals & Mining,Industrial Minerals,36.98497333979641,False,False
ORKLAINDIA.NS,2026-09-30,,,,,,,,,,False,False,False,False,False,False,False,False,False,,noise,46.308675241252594,False,True,False,False,,Food Products,Other Food Products,,False,False
ORTINGLOBE.NS,2026-09-30,14.319999694824219,15.418333371480307,15.547777811686197,15.394400043487549,15.748600025177002,15.299100017547607,15.04653175608917,10.65999984741211,21.299999237060547,False,True,False,False,False,True,False,False,False,23.982679293039165,noise,51.099283995547836,False,True,False,False,,Pharmaceuticals & Biotechnology,Pharmaceuticals,79.10809500727096,True,False
OSIAHYPER.NS,2026-09-30,2.259999990463257,2.263333340485891,2.468333343664805,2.5786000204086306,3.893800009091695,6.472749985456467,2.2794743222913483,2.109999895095825,25.299999237060547,False,False,False,False,False,False,False,False,False,-90.8427878342072,noise,40.047414825804076,False,False,False,False,,Retailing,Diversified Retail,0.09694619486185167,False,False
OSWALAGRO.NS,2026-09-30,33.95000076293945,34.22583325703939,35.97000005510118,36.7742000579834,41.91893343607585,44.769350090026855,34.40065313846871,32.36000061035156,81.0,False,False,False,False,False,False,False,False,False,-54.02843403600558,red,199.92473696061114,False,True,False,False,,Commercial Services & Supplies,Trading & Distributors,6.156083373727581,False,False
OSWALGREEN.NS,2026-09-30,20.31999969482422,19.71333344777425,20.30833339691162,20.593200035095215,23.363066635131837,25.029149961471557,19.856520798686265,18.549999237060547,43.790000915527344,False,False,False,False,False,False,False,True,False,-50.523496844863594,green,130.43560189896607,False,False,False,False,,Finance,Investment Company,7.804168686379059,False,False
OSWALPUMPS.NS,2026-09-30,266.75,273.95833587646484,285.59861246744794,298.51900146484377,350.7496673583984,372.07974990844724,273.1357934327175,264.5,790.0,False,False,False,False,False,False,False,False,False,-63.05401662049861,noise,56.114685150026176,False,False,False,False,,Industrial Products,"Compressors, Pumps & Diesel Engines",2.617547261269995,False,False
OWAIS.NS,2026-09-29,69.80000305175781,74.88333257039388,76.14999940660265,82.03599945068359,116.52099950154623,149.81699947357177,73.92038685269571,58.099998474121094,580.0,False,False,False,False,False,False,False,False,False,-83.99266024405945,dry,7.290907197166961,False,False,False,False,,Ferrous Metals,Ferro & Silica Manganese,0.4847309743092583,False,False
PGHL.NS,2026-09-30,5563.0,5475.125,5628.095458984375,5843.290634765625,5652.955325520833,5555.869536132813,5506.935602386493,4670.26488000687,6920.564352013024,False,True,False,True,False,False,True,True,False,-8.161138854293881,noise,75.45534231855198,False,True,False,False,,Pharmaceuticals & Biotechnology,Pharmaceuticals,53.999030538051386,False,False
PGHH.NS,2026-09-30,6798.5,7233.958333333333,7717.359673394098,7963.9694921875,9052.80939453125,9796.633325195313,7111.219718468752,6782.0,14166.08056390996,False,False,False,False,False,False,False,False,False,-51.01257986172243,red,239.74008171479554,False,False,False,True,,Personal Products,Personal Care,7.464857004362578,False,False
PIIND.NS,2026-09-30,2310.0,2336.9916788736978,2403.000013563368,2500.90822265625,2739.8387174479167,2848.3321923828125,2342.8436217927892,2191.0,3812.9263498994665,False,False,False,False,False,False,False,False,False,-33.909185061141145,noise,64.75080570114308,False,False,False,False,,Fertilizers & Agrochemicals,Pesticides & Agrochemicals,21.231216674745514,False,False
PNGJL.NS,2026-09-30,590.1500244140625,599.0291697184244,603.9930589463976,618.6680029296875,595.422666422526,592.1884997558594,595.8994100403388,503.0,736.4000244140625,False,True,False,True,False,False,True,False,False,-2.212092060635873,noise,42.29314366201102,False,False,False,False,,Consumer Durables,"Gems, Jewellery And Watches",60.49442559379544,False,False
PROPEQUITY.NS,2026-09-29,192.85000610351562,193.77916971842447,210.4402787950304,212.12900024414063,211.43733276367186,205.08549957275392,195.1334637134001,145.0,268.0,False,True,False,True,False,True,False,False,False,-4.52969994875464,dry,0.0,False,False,False,False,,Realty,Real Estate related services,57.5860397479399,False,False
PACEDIGITK.NS,2026-09-30,,,,,,,,,,False,False,False,False,False,False,False,False,False,,noise,26.366678606563948,False,False,False,False,,Telecom - Services,Telecom - Infrastructure,,False,False
PACIFICI.NS,2026-09-30,,,,,,,,,,False,False,False,False,False,False,False,False,False,,noise,,False,False,False,False,,Consumer Durables,Granites & Marbles,,False,False
PAGEIND.NS,2026-09-30,36385.0,36364.583333333336,36066.313802083336,37105.65328125,36792.8362890625,36134.02118164062,36666.31381208114,29525.273567492757,43614.205560919945,False,True,False,True,False,False,True,False,False,-10.328196014590773,red,311.0006528732004,False,False,False,False,,Textiles & Apparels,Garments & Apparels,51.52690256907416,False,False
PAISALO.NS,2026-09-30,76.41000366210938,86.41999944051106,76.7453498840332,74.97967514038086,58.36859006245931,52.458825702667234,83.41047978365101,29.963878249866504,94.87999725341797,True,True,True,True,True,True,True,False,False,101.42737892213192,noise,53.21757388875717,False,False,False,False,,Finance,Non Banking Financial Company (NBFC),95.39505574406203,True,True
PAKKA.NS,2026-09-30,72.88999938964844,75.77666600545247,78.19999970330133,76.30579956054687,82.76726659138997,86.2523999786377,75.04591733482782,69.0999984741211,160.3000030517578,False,False,False,False,False,False,False,False,False,-51.80826486634814,noise,35.58794740302694,False,False,False,False,,"Paper, Forest & Jute Products",Paper & Paper Products,7.174018419777024,False,False
PALASHSECU.NS,2026-09-29,84.25,86.68666648864746,88.61222182379828,88.58039962768555,91.82826655069987,94.29854984283448,86.75218405393528,79.01000213623047,132.6999969482422,False,False,False,False,False,False,False,False,False,-27.582944256496656,noise,84.53696302055387,False,False,False,False,,Food Products,Packaged Foods,29.665535627726612,False,False
PALREDTEC.NS,2026-09-30,43.86000061035156,46.69250011444092,51.47750006781684,50.01300003051758,44.51280007680257,43.57085007667541,46.681407952356246,27.450000762939453,73.5999984741211,False,True,True,True,False,True,False,False,False,-10.69028697770651,red,269.0071111224053,False,False,False,False,,IT - Services,IT Enabled Services,51.04217159476491,False,False
PANACEABIO.NS,2026-09-30,366.0,373.1999994913737,389.24305555555554,398.1290008544922,415.30033223470053,403.9662490844727,374.08650181011654,292.3999938964844,647.0,False,True,True,False,False,False,False,False,False,-10.051608382891587,noise,39.2268097865925,False,True,False,False,,Pharmaceuticals & Biotechnology,Pharmaceuticals,52.30247212796898,False,False
PANACHE.NS,2026-09-30,516.1500244140625,517.4708379109701,522.4458338419596,498.22200073242186,404.01766682942707,382.3942502593994,516.33377324543,237.6999969482422,559.4000244140625,True,True,True,True,True,True,True,False,False,34.106739208553805,ppv,311.82434264028194,False,False,False,False,,IT - Services,IT Enabled Services,83.32525448376151,True,True
PANAMAPET.NS,2026-09-30,484.25,471.2875010172526,479.83271959092883,479.09675170898436,378.05292826334636,355.80292266845703,476.8865514274616,227.57646060004578,595.8726432274872,True,True,True,True,True,True,True,True,False,71.42624408206946,noise,33.67333068021958,False,False,False,False,,Petroleum Products,Lubricants,92.77750848279204,True,True
PANCHMAHQ.NS,2026-09-30,,,,,,,,,,False,False,False,False,False,False,False,False,False,,noise,,False,False,False,False,,Industrial Products,Iron & Steel Products,,False,False
PANORAMA.NS,2026-09-30,,,,,,,,,,False,False,False,False,False,False,False,False,False,,noise,,False,False,False,False,,Entertainment,"Film Production, Distribution & Exhibition",,False,False
PANSARI.NS,2026-09-30,274.0,283.15833536783856,298.99166785346137,308.7550018310547,299.5113335164388,300.32625007629395,282.35924907617397,233.3000030517578,388.8999938964844,False,False,False,True,False,False,False,False,False,0.5504587155963359,noise,20.523607253716712,False,False,False,False,,Realty,"Residential, Commercial Projects",63.25739214735822,False,False
PAR.NS,2026-09-30,126.63999938964844,131.4950008392334,124.6211117638482,117.20980041503907,99.48626658121745,98.82559986114502,130.74537515517466,78.05000305175781,180.0,True,True,True,True,True,True,False,False,False,21.699022064977868,dry,10.961343167566334,False,False,False,False,,Pharmaceuticals & Biotechnology,Pharmaceuticals,78.09015996122152,True,False
PARADEEP.NS,2026-09-30,154.27999877929688,153.65166473388672,153.64798143174914,151.0140643310547,133.56783503214518,134.8521928024292,154.5747188518394,98.72591600991848,200.0165475038783,True,False,False,True,True,True,True,False,False,-20.517194714161157,noise,23.858919663067514,False,False,False,False,,Fertilizers & Agrochemicals,Fertilizers,38.681531749878815,False,False
PARAGMILK.NS,2026-09-30,271.6499938964844,267.67852783203125,248.357361263699,240.2872686767578,224.760808207194,233.59595916748046,268.19239491089485,177.1218503337203,375.4278281988306,True,False,False,True,True,True,False,True,False,5.037697178136735,noise,62.92747928827585,False,True,False,False,,Food Products,Dairy Products,67.03829374697044,False,False
PARAGON.NS,2026-09-29,48.25,52.645833333333336,51.07916662428114,50.45,47.26266675313314,45.800000038146976,51.785847183123934,34.099998474121094,64.9000015258789,True,True,False,True,False,True,False,False,False,-13.141312938471305,noise,68.38905775075987,False,False,False,False,,Chemicals & Petrochemicals,Dyes And Pigments,48.08531265147843,False,False
PARACABLES.NS,2026-09-30,56.36000061035156,60.03750038146973,62.86111153496636,63.37900024414063,55.504466705322265,50.68925003051758,59.46908603375688,28.299999237060547,75.69999694824219,True,True,True,True,False,True,False,False,False,26.708635769733966,noise,69.60476471249049,False,False,False,False,,Industrial Products,Cables - Electricals,80.51381483276782,True,False
PARAS.NS,2026-09-30,1311.0,1348.3499959309895,1410.4247199164497,1365.557021484375,1056.6556286621094,957.6221417236328,1346.693377654662,580.1009628646058,1583.9105379095645,True,True,True,True,False,True,True,False,False,95.54354506466447,noise,45.12497006518061,False,False,False,False,,Aerospace & Defense,Aerospace & Defense,94.81337857489093,True,False
PARASPETRO.NS,2026-09-30,2.069999933242798,2.099166671435038,2.1763889127307467,2.243000020980835,2.1732666635513307,2.1495999932289123,2.087945162422586,1.5299999713897705,3.2300000190734863,False,True,True,True,False,True,False,False,False,-8.81057486185901,dry,18.66650422006826,False,False,False,False,,Finance,Investment Company,53.41735336888027,False,False
PARIN.NS,2026-09-30,710.9000244140625,709.7875010172526,709.6055552164713,712.5250012207031,688.0360001627604,670.6387515258789,713.4261760651102,499.0,789.0,True,True,True,True,False,True,True,False,True,40.89783799692908,red,235.66194069777265,False,True,False,False,,Consumer Durables,"Furniture, Home Furnishing",85.7489093553078,True,False
PARKHOSPS.NS,2026-09-30,,,,,,,,,,False,False,False,False,False,False,False,False,False,,red,151.68207405437488,False,False,False,False,,Healthcare Services,Hospital,,False,False
PARNAXLAB.NS,2026-09-30,,,,,,,,,,False,False,False,False,False,False,False,False,False,,noise,,False,True,False,True,,Pharmaceuticals & Biotechnology,Pharmaceuticals,,False,False
PARSVNATH.NS,2026-09-30,2.0899999141693115,1.9133333166440327,1.6449999941719904,1.6927999949455261,4.092333341439565,5.428100005984306,1.9458528195291356,1.350000023841858,18.75,False,False,False,False,True,True,False,True,False,-84.14264138257592,ppv,6.271941832147938,False,False,False,False,,Realty,"Residential, Commercial Projects",0.4362578768783325,False,False
PARTYCRUS.NS,2026-09-29,98.94999694824219,97.19583257039388,88.02638859219022,88.1199998474121,89.47666651407877,88.36524993896484,97.0089913145392,63.04999923706055,113.8499984741211,True,True,True,False,True,True,True,True,False,28.673595558958297,dry,0.0,False,False,False,False,,Other Consumer Services,Other Consumer Services,81.7741153659719,True,False
PASHUPATI.NS,2026-09-30,75.4000015258789,80.4924685160319,82.57271469963922,83.38122650146484,89.2926094563802,87.828918800354,80.82873988313882,67.70775933658246,118.27621080086024,False,True,False,False,False,False,False,False,False,6.616324651732497,red,1737.6552304830593,False,False,False,False,,Textiles & Apparels,Other Textile Products,68.15317498788173,False,False
PASUPTAC.NS,2026-09-30,72.7300033569336,73.22500038146973,66.77333397335477,64.88020050048829,58.61146667480469,56.44339998245239,73.35790934186895,40.40999984741211,81.29000091552734,True,True,True,True,True,True,True,False,False,58.349668786607346,red,126.1205181716707,False,False,False,False,,Chemicals & Petrochemicals,Petrochemicals,90.35385361124575,True,True
PATANJALI.NS,2026-09-30,363.0,380.72083536783856,357.7886776394314,355.7211010742187,414.10453450520833,442.424942779541,379.5322474296089,326.057353105007,605.9581114957105,False,False,False,False,True,False,False,False,False,-36.115418199450055,noise,29.654475286524402,False,False,False,False,,Agricultural Food & other Products,Edible Oil,18.27435773145904,False,False
PATELENG.NS,2026-09-30,26.450000762939453,26.52000029881795,27.383889145321316,27.652800178527833,27.88726665496826,28.117800006866457,26.750990718713837,22.0,38.79999923706055,False,False,False,False,False,False,False,False,False,-28.416778844917957,noise,50.05430015679278,False,False,False,False,,Construction,Civil Construction,28.356761997091613,False,False
PATINTLOG.NS,2026-09-30,13.109999656677246,13.753274122873941,13.412191126081678,13.584728565216064,12.611857713063557,12.63536169052124,13.568373599308286,7.893745127847544,16.014151277027647,True,False,False,True,False,True,True,False,False,-11.371903974368136,noise,93.72229268273686,False,False,False,False,,Transport Services,Logistics Solution Provider,50.16965584100824,False,False
PATELRMART.NS,2026-09-30,211.52000427246094,206.70750045776367,217.94333267211914,219.42260040283202,205.0669332885742,202.64114997863769,208.91707341793062,150.25,266.0,True,True,False,True,False,True,True,True,False,-10.976431465112157,noise,65.56512762647857,False,False,False,False,,Retailing,Diversified Retail,50.41202132816287,False,False
PML.NS,2026-09-30,,,,,,,,,,False,False,False,False,False,False,False,False,False,,noise,,False,False,False,True,,Finance,Other Financial Services,,False,False
PAUSHAKLTD.NS,2026-09-30,,,,,,,,,,False,False,False,False,False,False,False,False,False,,noise,30.657965488357448,False,False,False,False,,Chemicals & Petrochemicals,Specialty Chemicals,,False,False
PAVNAIND.NS,2026-09-30,15.460000038146973,15.4375,16.814444488949245,17.09220001220703,17.87846674601237,18.883750047683716,15.541394257797975,14.109999656677246,42.29999923706055,False,False,False,False,False,False,False,False,False,-58.88297695334322,noise,40.526492293822265,False,False,False,False,,Auto Components,Auto Components & Equipments,4.07174018419777,False,False
POLICYBZR.NS,2026-09-30,1063.9000244140625,1518.7333374023438,1706.338890923394,1677.3659985351562,1617.6513346354166,1630.1835028076173,1371.6056751169804,1031.4000244140625,1964.199951171875,False,False,False,True,False,False,False,False,False,-36.916689925048175,red,271.5426785810744,False,False,False,True,,Financial Technology (Fintech),Financial Technology (Fintech),17.59573436742608,False,False
PBMPOLY.NS,2026-09-30,,,,,,,,,,False,False,False,False,False,False,False,False,False,,noise,,False,False,False,False,,Textiles & Apparels,Other Textile Products,,False,False
PCJEWELLER.NS,2026-09-30,13.199999809265137,13.31250007947286,11.92777779367235,11.25160005569458,9.793466657002767,9.877899985313416,13.412561816085006,7.46999979019165,14.859999656677246,True,False,False,True,True,True,True,False,False,6.9692029663134925,noise,78.28979964680536,False,False,False,False,,Consumer Durables,"Gems, Jewellery And Watches",68.78332525448376,False,False
PCBL.NS,2026-09-30,331.1000061035156,333.9250030517578,325.7333340115017,325.10033447265624,298.80834309895835,296.08848358154296,334.19020068156317,223.3811204499978,382.23402387266384,True,True,False,True,True,True,True,False,False,-8.647770424065392,noise,45.08184558503091,False,False,False,False,,Chemicals & Petrochemicals,Carbon Black,53.51429956374212,False,False
PDSL.NS,2026-09-30,352.29998779296875,351.0208333333333,358.856945461697,358.3309851074219,324.082116800944,329.015412979126,352.8084376192911,244.91119284506286,416.5630259242535,True,False,False,True,False,True,True,False,False,9.680921846151147,noise,44.819302365438446,False,True,False,False,,Textiles & Apparels,Trading - Textile Products,71.59476490547746,True,False
PGIL.NS,2026-09-30,1282.0999755859375,1226.3250020345051,1196.9069451226128,1161.4469995117188,941.8953723144531,902.9401321411133,1254.8819782330006,594.6745299041222,1357.9000244140625,True,True,True,True,True,True,True,True,False,103.32938275773151,noise,29.40235119085721,False,True,False,False,,Textiles & Apparels,Garments & Apparels,95.58894813378575,True,True
PEARLPOLY.NS,2026-09-30,17.75,17.612500031789143,16.394166734483505,16.553200073242188,17.739266688028973,18.536750020980836,17.58326522633345,12.75,31.5,False,False,False,False,True,True,False,True,False,-39.3991142192478,noise,72.11000177596578,False,False,False,False,,Consumer Durables,Plastic Products - Consumer,15.753756665050897,False,False
PENINLAND.NS,2026-09-30,15.050000190734863,15.890000025431315,15.899444421132406,15.933600063323974,16.526733315785727,18.013850016593935,15.883880864214253,13.819999694824219,37.599998474121094,False,False,False,False,False,False,False,False,False,-56.3515069879878,red,205.1522602509783,False,False,False,False,,Realty,"Residential, Commercial Projects",4.944255937954435,False,False
PENIND.NS,2026-09-30,184.0,176.21499888102213,168.45944298638238,167.29259857177735,161.43326599121093,166.24424934387207,179.12485603955855,129.10000610351562,279.8999938964844,True,False,False,True,True,True,False,True,False,-22.004155337329124,green,159.61804889815886,False,False,False,False,,Industrial Manufacturing,Industrial Products,36.694134755210854,False,False
PENTAGON.NS,2026-09-29,86.0,90.37916628519694,71.22361119588216,66.31700019836425,63.477666498819985,64.94250001907349,88.66314841540814,49.150001525878906,100.5,True,False,False,True,True,True,True,False,False,19.444444444444443,dry,0.0,False,False,False,False,,Industrial Products,Rubber,76.97527872031023,True,False
PERMAGN.NS,2026-09-30,,,,,,,,,,False,False,False,False,False,False,False,False,False,,noise,,False,True,False,False,,Electrical Equipment,Other Electrical Equipment,,False,False
PERSISTENT.NS,2026-09-30,5279.0,5356.666666666667,5517.625,5491.67375,5120.09732421875,5340.289104003907,5330.063242155347,4229.809203861739,6552.654707500795,False,False,False,True,False,False,True,False,False,10.240267348701959,green,119.23352851160718,False,False,False,False,,IT - Software,Computers - Software & Consulting,71.885603490063,True,False
PCCL.NS,2026-09-29,440.0,444.2124964396159,393.5861121283637,361.81400024414063,292.9230004882813,273.3867504119873,442.8464425073975,168.39999389648438,454.0,True,True,True,True,True,True,True,False,False,145.94746507067745,dry,1.973164956590371,False,False,False,False,,Minerals & Mining,Industrial Minerals,97.57634512845371,True,True
PETRONET.NS,2026-09-30,284.5,285.63333892822266,287.6611141628689,285.05200256347655,277.49522277832034,279.4999754333496,285.9063390052242,232.6659092397909,322.6775170144611,True,False,True,True,False,False,True,False,False,5.8791127479869365,green,136.7695491481116,False,False,False,False,,Gas,LPG/CNG/PNG/LNG Supplier,67.86233640329617,False,False
PFIZER.NS,2026-09-30,3875.300048828125,3994.7083129882812,4435.469434950087,4539.558002929687,4591.232892252604,4644.259388427734,3998.479071203272,3833.5,5489.439888599995,False,False,False,False,False,False,False,False,False,-19.719240389991054,noise,73.95128657571098,False,False,False,True,,Pharmaceuticals & Biotechnology,Pharmaceuticals,39.65099369849733,False,False
PGEL.NS,2026-09-30,493.45001220703125,517.0048344930013,559.0230823092991,571.701674194336,542.9650614420573,553.3340130615235,513.6373274167029,436.34383127169804,644.0957170393084,False,False,False,True,False,False,True,False,False,-1.7154752126435469,noise,58.85674786806203,False,True,False,False,,Consumer Durables,Consumer Electronics,61.076102762966556,False,False
PHANTOMFX.NS,2026-09-29,88.0,94.03749974568684,114.37222205268012,130.31699920654296,169.72333353678385,183.281000289917,93.5549465571386,83.0,311.0,False,False,False,False,False,False,False,False,False,-64.62311557788945,noise,46.21926418931411,False,False,False,False,,Entertainment,Media & Entertainment,2.32670867668444,False,False
PHOENXINTL.NS,2026-09-30,,,,,,,,,,False,False,False,False,False,False,False,False,False,,noise,,False,False,False,False,,Commercial Services & Supplies,Diversified Commercial Services,,False,False
PHOENIXLTD.NS,2026-09-30,1935.0,1921.9916585286458,1914.174540201823,1922.8402978515626,1828.2588403320312,1819.4274450683595,1935.6028346876622,1463.661338687736,2166.9299087704976,True,True,True,True,True,True,True,False,False,25.78310327548261,noise,91.87776607616618,False,False,False,False,,Realty,"Residential, Commercial Projects",80.3199224430441,True,True
PWL.NS,2026-09-30,,,,,,,,,,False,False,False,False,False,False,False,False,False,,noise,46.035458636942245,False,False,False,False,,Other Consumer Services,E-Learning,,False,False
PICCADIL.NS,2026-09-30,592.3499755859375,600.2947743733724,632.6684502495659,664.9819287109375,616.2225545247396,607.6437738037109,602.7981797214853,514.14246279787,808.3517449655756,False,True,False,True,False,False,False,False,False,-10.290604819559091,noise,31.087708656934065,False,False,False,False,,Beverages,Breweries & Distilleries,51.72079495879787,False,False
PIDILITIND.NS,2026-09-30,1465.0999755859375,1532.566650390625,1603.022216796875,1611.8059985351563,1502.977666829427,1492.1833984375,1518.969887319569,1249.9992446237347,1707.5,False,True,False,True,False,False,True,False,False,0.5210855517667534,green,107.31383330101497,False,True,False,False,,Chemicals & Petrochemicals,Specialty Chemicals,63.16044595249637,False,False
PILITA.NS,2026-09-30,7.519999980926514,7.540833353996277,7.880277792612712,8.104799995422363,8.118133312861124,8.428099992275238,7.544384110502428,6.199999809265137,14.489999771118164,False,False,False,False,False,False,False,False,False,-45.029241131805044,noise,73.86676349618504,False,False,False,False,,Consumer Durables,Plastic Products - Consumer,10.179350460494426,False,False
PILANIINVS.NS,2026-09-30,3956.5,4030.3500162760415,4242.5138753255205,4265.84,4418.1016796875,4529.299331054687,4033.9925447847204,3901.800048828125,5967.811511439587,False,False,False,False,False,False,False,False,False,-26.102876164202414,red,258.5090095395124,False,False,False,True,,Finance,Investment Company,31.459040232670866,False,False
PINELABS.NS,2026-09-30,,,,,,,,,,False,False,False,False,False,False,False,False,False,,noise,60.215388391823566,False,False,False,False,,Financial Technology (Fintech),Financial Technology (Fintech),,False,False
PIONEEREMB.NS,2026-09-30,20.59000015258789,21.47166681289673,21.753333409627277,22.295000076293945,23.961933428446454,24.866550064086915,21.273869093334863,19.610000610351562,38.5,False,False,False,False,False,False,False,False,False,-41.983659682155874,noise,41.75549441055518,False,True,False,False,,Textiles & Apparels,Other Textile Products,13.087736306349976,False,False
PIONRINV.NS,2026-09-30,,,,,,,,,,False,False,False,False,False,False,False,False,False,,noise,,False,False,False,False,,Finance,Other Financial Services,,False,False
PIRAMALFIN.NS,2026-09-30,,,,,,,,,,False,False,False,False,False,False,False,False,False,,noise,65.26742655480011,False,False,False,False,,Finance,Housing Finance Company,,False,False
PPLPHARMA.NS,2026-09-30,206.52000427246094,207.9033342997233,211.47111129760742,208.05400024414064,177.27699951171874,174.36884963989257,208.82490230818203,132.3000030517578,231.92999267578125,True,True,True,True,False,True,True,False,False,8.035153963222141,noise,41.7646894397371,False,False,False,False,,Pharmaceuticals & Biotechnology,Pharmaceuticals,69.8012603005332,False,False
PITTIENG.NS,2026-09-30,1139.5,1136.866678873698,1108.0184326171875,1058.708194580078,956.0776798502604,920.7792971801758,1141.118180936146,673.5594125870612,1225.3791940785206,True,True,True,True,True,True,True,False,False,13.074274801314445,noise,23.77831402925164,False,False,False,False,,Industrial Manufacturing,Industrial Products,74.01841977702375,True,True
PIXTRANS.NS,2026-09-30,1726.9000244140625,1733.9249979654949,1786.1277804904514,1779.68,1639.751346028646,1577.4740557861328,1734.6503346660984,1245.9203610210297,2089.0,True,True,True,True,False,True,True,False,False,20.684788140805743,dry,9.137410489298228,False,False,False,False,,Industrial Products,Rubber,77.65390208434319,True,False
PLASTIBLEN.NS,2026-09-30,200.2899932861328,191.28916676839194,190.740902794732,190.23345794677735,170.16878952026366,166.34847385406493,195.44653114866094,119.18729085056164,213.0321173797698,True,True,True,True,True,True,True,True,True,11.055106873007436,noise,84.70953810135488,False,False,False,False,,Chemicals & Petrochemicals,Specialty Chemicals,72.56422685409598,True,True
PLATIND.NS,2026-09-30,206.85000610351562,212.26916885375977,218.63694466484918,221.54860076904296,222.16033365885417,225.74915016174316,211.34087341570836,183.5,306.29998779296875,False,False,False,False,False,False,False,False,False,-29.438850277937433,noise,40.55270867875389,False,False,False,False,,Chemicals & Petrochemicals,Specialty Chemicals,27.290353853611244,False,False
PLAZACABLE.NS,2026-09-30,59.150001525878906,60.90000025431315,57.665000173780655,54.03000015258789,46.493066749572755,44.81095005989075,60.10169404311777,27.0,66.0,True,True,True,True,True,True,True,False,False,11.435567983106099,noise,61.86299398358279,False,False,False,False,,Industrial Products,Cables - Electricals,72.95201163354338,True,True
PNBGILTS.NS,2026-09-30,73.98999786376953,75.22352155049641,76.73389053344727,77.93998443603516,77.17047307332356,77.38978328704835,74.79845567442584,57.11982738776781,98.88747792802168,False,False,False,True,False,False,False,False,False,-21.094243071125796,ppv,712.1500386787965,False,False,False,False,,Finance,Investment Company,37.809015996122156,False,False
PNBHOUSING.NS,2026-09-30,1120.0,1117.7833251953125,1148.9944458007812,1132.1146850585938,1018.0979451497395,987.4679168701172,1115.5623930214545,723.9501950006703,1211.5,True,True,True,True,False,True,True,True,False,30.701787187790575,green,118.78762385610887,False,False,False,False,,Finance,Housing Finance Company,82.50121182743577,True,False
PNCINFRA.NS,2026-09-30,133.17999267578125,136.27242533365884,175.69634204440646,192.7050360107422,204.30846557617187,211.33970809936523,138.76463844178258,115.89978323828474,295.7236801458865,False,False,False,False,False,False,False,False,False,-54.505174517471765,noise,61.05157496836702,False,False,False,False,,Construction,Civil Construction,6.010664081434804,False,False
PNGSREVA.NS,2026-09-30,,,,,,,,,,False,False,False,False,False,False,False,False,False,,dry,17.64916888010157,False,False,False,False,,Consumer Durables,"Gems, Jewellery And Watches",,False,False
POEL.NS,2026-09-30,,,,,,,,,,False,False,False,False,False,False,False,False,False,,noise,,False,False,False,False,,Chemicals & Petrochemicals,Commodity Chemicals,,False,False
PODDARMENT.NS,2026-09-30,257.1499938964844,273.13749440511066,264.1734521653917,261.325446472168,246.65415150960285,247.86192764282225,268.8684625095763,198.4132996388349,328.94576134835404,True,False,False,True,False,False,True,False,False,-8.163479056198176,noise,21.58205458799371,False,False,False,False,,Chemicals & Petrochemicals,Dyes And Pigments,53.90208434318953,False,False
POKARNA.NS,2026-09-30,705.7000122070312,733.2916666666666,821.0097232394749,855.4560009765624,888.1500549316406,883.9093560791016,732.5060648921483,692.1703608780139,1145.4889587311654,False,True,False,False,False,False,False,False,False,-8.258016263186807,noise,74.00295752300681,False,False,False,False,,Consumer Durables,Granites & Marbles,53.75666505089676,False,False
POLYMED.NS,2026-09-30,1673.800048828125,1697.941650390625,1732.074974907769,1723.5323095703125,1560.5608235677084,1566.0758782958985,1689.8685869275564,1179.584393160086,2090.02010392206,True,False,False,True,False,True,True,False,False,-13.904429299607813,noise,74.55891823255917,False,False,False,False,,Healthcare Equipment & Supplies,Medical Equipment & Supplies,46.77653902084343,False,False
POLYCAB.NS,2026-09-30,8026.0,8258.708333333334,8670.277777777777,8789.93,8691.72,8387.821779785156,8246.258539961227,6631.534745548168,10126.0,False,True,True,True,False,False,True,False,False,10.679140310038315,red,142.6577199230457,False,False,False,False,,Industrial Products,Cables - Electricals,72.32186136694135,True,False
POLYPLEX.NS,2026-09-30,1055.0,1084.7583312988281,1142.746334499783,1140.0022973632813,988.46068359375,949.9016223144531,1083.9430910690248,739.37288212371,1262.9288373840152,True,True,True,True,False,True,True,False,False,1.968193695394893,noise,45.21448935374895,False,False,False,False,,Industrial Products,Packaging,64.90547746000969,False,False
POLYSIL.NS,2026-09-29,58.599998474121094,65.64166673024495,66.02916696336534,76.92600021362304,128.54266642252605,158.19224975585936,62.467878854831895,47.25,356.75,False,False,False,False,False,False,False,False,False,-75.18526360843006,noise,68.37961044343142,False,False,False,False,,Industrial Products,Plastic Products - Industrial,1.0664081434803683,False,False
POLYSPIN.NS,2026-09-30,,,,,,,,,,False,False,False,False,False,False,False,False,False,,noise,,False,True,False,False,,Industrial Products,Packaging,,False,False
POCL.NS,2026-09-30,452.6499938964844,463.67916615804035,478.01094309488934,487.79955078125,500.97245564778643,506.96564239501953,463.11891794164984,390.47282160748705,644.7480375604595,False,False,False,False,False,False,False,False,False,-0.6615537532014271,noise,84.38168495204086,False,True,False,False,,Diversified Metals,Diversified Metals,61.997091614154144,False,False
PONNIERODE.NS,2026-09-30,372.20001220703125,369.99999745686847,377.41944291856555,360.9039990234375,318.50496643066407,304.45324066162107,377.100764094528,248.27783069557003,455.0,True,True,True,True,True,True,True,False,False,32.231233817022,noise,35.190672820014576,False,False,False,False,,Agricultural Food & other Products,Sugar,82.79205041202133,True,True
POONAWALLA.NS,2026-09-30,443.8500061035156,455.1124979654948,467.3541658189562,469.19,436.8496669514974,441.60375,454.1441874543879,361.20001220703125,570.4000244140625,True,False,False,True,False,False,True,False,False,-10.801848742103592,noise,58.24824491251298,False,False,False,False,,Finance,Non Banking Financial Company (NBFC),50.8482792050412,False,False
PVSL.NS,2026-09-30,95.5,98.35166676839192,104.70416662428114,105.64420013427734,99.8084669494629,103.07945026397705,98.17374771709328,82.41000366210938,163.0,False,False,False,True,False,False,False,False,False,-30.686601214899966,noise,35.66538136327965,False,False,False,False,,Automobiles,Auto Dealer,25.593795443528844,False,False
PIGL.NS,2026-09-30,96.33999633789062,99.5766658782959,101.90249994066026,103.55540023803711,106.54286666870117,109.29310005187989,98.8853625211685,88.05000305175781,189.6999969482422,False,False,False,False,False,False,False,False,False,-43.92643169380466,noise,50.042684908109955,False,True,False,False,,Electrical Equipment,Other Electrical Equipment,11.585070285991275,False,False
PFC.NS,2026-09-30,325.5,339.25,351.7120429144965,367.59425964355466,401.6127469889323,392.7155419921875,336.120326932888,317.6634042148347,476.82888450136187,False,True,False,False,False,False,False,False,False,-16.761156604917705,green,118.59537615771218,False,False,False,False,,Finance,Financial Institution,42.947164323800294,False,False
POWERGRID.NS,2026-09-30,260.5,265.1374994913737,266.3999989827474,270.1926715087891,287.22796732584635,282.8248594665527,264.59962478370556,246.07771802547202,323.4425459044702,False,True,False,False,False,False,True,False,False,-3.9770590585030186,red,108.39913739965034,False,False,False,False,,Power,Power - Transmission,58.26466311197286,False,False
POWERMECH.NS,2026-09-30,2490.5,2397.741658528646,2432.7427639431426,2477.6903076171875,2425.105694986979,2371.3670007324217,2417.8330566739737,1716.6396917096176,3005.643635770155,True,True,False,True,True,True,True,True,False,-7.117475212343683,ppv,452.271810729319,False,False,False,False,,Construction,Civil Construction,54.968492486669895,False,False
PGINVIT.NS,2026-09-29,102.02999877929688,101.61416753133138,100.90333408779568,100.18521667480469,92.56572560628256,90.35605491638184,101.71384382820119,78.50849455041794,104.5,True,True,True,True,True,False,True,True,False,22.330952504224744,noise,83.90359804099597,False,False,False,False,,Power,Power - Transmission,78.52641783809986,True,False
POWERICA.NS,2026-09-30,,,,,,,,,,False,False,False,False,False,False,False,False,False,,ppv,167.5058614811263,False,False,False,False,,Electrical Equipment,Heavy Electrical Equipment,,False,False
PPAP.NS,2026-09-30,234.4499969482422,237.95833587646484,255.86853451199002,265.69201416015625,237.43040852864584,230.5005795288086,239.504797163317,174.91245522139644,377.15499110074853,False,True,True,True,False,True,False,False,False,2.9880507729542316,noise,38.54758697286855,False,False,False,False,,Auto Components,Auto Components & Equipments,65.58410082404265,False,False
PRABHA.NS,2026-09-30,222.02999877929688,228.90666580200195,217.0511114332411,198.15020050048827,171.1158501180013,171.2001375579834,227.78242102206445,137.91000366210938,262.79998779296875,True,False,True,True,True,True,True,False,False,0.13981488223300254,dry,6.669481470654281,False,False,False,False,,Oil,Oil Exploration & Production,62.6757149781871,False,False
PRADPME.NS,2026-09-30,,,,,,,,,,False,False,False,False,False,False,False,False,False,,noise,,False,False,False,False,,Auto Components,Auto Components & Equipments,,False,False
PRAJIND.NS,2026-09-30,305.8500061035156,314.37916564941406,330.26805369059247,326.0658984375,340.7503255208333,332.66049392700194,314.0147567368489,269.90699581373747,422.8048706122484,False,True,False,False,False,False,False,False,False,-6.241891430202962,noise,47.24878183289285,False,False,False,False,,Industrial Manufacturing,Industrial Products,56.27726611730489,False,False
PRAENG.NS,2026-09-30,21.18000030517578,22.177500247955322,21.523333655463325,21.307600212097167,21.248333396911622,21.982350015640257,22.18965546280914,17.0,33.880001068115234,False,False,False,False,False,False,False,False,False,-14.25101355885452,noise,45.91598116591605,False,False,False,False,,Realty,"Residential, Commercial Projects",46.24333494910325,False,False
PRAKASH.NS,2026-09-30,123.72000122070312,119.01416778564453,123.39176962110731,123.42613159179687,130.77640782674155,130.63458854675292,120.08410469013742,108.57934101008478,170.29543346775242,False,True,False,False,True,False,False,True,False,-23.598188281080457,green,150.1582313879862,False,False,False,False,,Ferrous Metals,Iron & Steel,34.7067377605429,False,False
PPL.NS,2026-09-30,253.35000610351562,265.71250406901044,266.35978444417316,265.3441409301758,234.74464599609374,231.2476342010498,261.66705194376533,161.79821586787995,331.50738811977976,True,True,False,True,False,True,True,False,False,-15.9783286578006,noise,43.44452264769371,False,False,False,False,,Industrial Products,Plastic Products - Industrial,44.20746485700436,False,False
PRAKASHSTL.NS,2026-09-30,3.5899999141693115,3.6616666515668235,3.7924999992052713,3.8516000270843507,4.18700000445048,4.336550000905991,3.6511628081844094,3.4600000381469727,6.570000171661377,False,False,False,False,False,False,False,False,False,-32.51880078326776,noise,75.85941006137215,False,False,False,False,,Industrial Products,Iron & Steel Products,23.17014057198255,False,False
PRAMARA.NS,2026-09-29,113.05000305175781,93.0625,104.15972179836697,110.10399978637696,208.5719997660319,243.85649982452392,99.37746410483064,82.5,374.79998779296875,False,False,False,False,True,True,False,True,False,-59.28326831013511,green,197.178002894356,False,False,False,False,,Media,Advertising & Media Agencies,3.9263208919049926,False,False
DIAMONDYD.NS,2026-09-30,1108.5,1086.3580017089844,1137.4474453396267,1139.8163061523437,1079.432129313151,1090.4604159545897,1085.9860335215815,858.5097485716138,1244.434253384608,True,False,False,True,False,False,True,True,False,9.504209044158651,ppv,398.932948838327,True,False,False,False,,Food Products,Packaged Foods,71.35239941832283,True,False
PRATHAM.NS,2026-09-29,120.0,122.375,120.72638935512967,119.78500045776367,124.61166697184245,128.7479999923706,121.98205001762909,100.0,196.0,False,False,False,False,True,False,False,False,False,-13.294793864114308,red,113.29305135951661,False,False,False,False,,Construction,Civil Construction,47.69752787203102,False,False
PRAVEG.NS,2026-09-30,,,,,,,,,,False,False,False,False,False,False,False,False,False,,noise,,False,False,False,True,,Leisure Services,Hotels & Resorts,,False,False
PRAXIS.NS,2026-09-30,4.590000152587891,4.411666711171468,4.90833334128062,5.43020001411438,6.669199991226196,7.1412499833107,4.563049735016885,3.9100000858306885,14.4399995803833,False,False,False,False,False,False,False,True,False,-60.396893078875365,noise,31.93598541964381,False,False,False,False,,Retailing,Speciality Retail,3.538536112457586,False,False
PRECWIRE.NS,2026-09-30,492.45001220703125,477.9750010172526,465.55416700575086,443.49084228515625,398.2554634602865,360.8363655090332,486.0291119736561,181.25944979076462,524.9000244140625,True,True,True,True,True,True,True,True,False,169.461563708809,noise,34.73892932978684,False,True,False,False,,Industrial Products,"Aluminium, Copper & Zinc Products",98.3034415899176,True,True
PRECAM.NS,2026-09-30,116.77999877929688,117.16833368937175,123.57027837965224,128.53180007934571,138.25566045125325,141.58189067840576,118.07632416791539,103.24009159706355,204.43482898872423,False,False,False,False,False,False,False,False,False,-39.26626659965818,noise,54.43030733586798,False,False,False,False,,Auto Components,Auto Components & Equipments,15.899175957343676,False,False
PRECISION.NS,2026-09-29,6.800000190734863,6.562500079472859,7.119444449742635,7.300000009536743,7.66833335240682,8.503250012397766,6.699468518985212,5.800000190734863,21.25,False,False,False,False,False,False,False,True,False,-67.99999910242418,dry,0.0,False,False,False,False,,Auto Components,Auto Components & Equipments,1.5996122152205527,False,False
PRECOT.NS,2026-09-30,627.7000122070312,649.6583353678385,684.3361172146267,718.452470703125,663.9634897867838,599.9028601074219,644.2776021017896,298.548139941249,899.0,False,True,True,True,False,True,False,False,False,44.39406540588728,noise,30.19068578940372,False,False,False,False,,Textiles & Apparels,Other Textile Products,86.42753271934076,True,False
PREMEXPLN.NS,2026-09-30,684.0999755859375,674.2847900390625,667.8327924940321,665.2947277832031,614.1387320963541,585.0472023010254,676.3071855935937,378.11939472936064,829.1846454746575,True,True,True,True,True,True,True,True,False,21.244593734172803,green,197.78201937906005,False,False,False,False,,Chemicals & Petrochemicals,Explosives,77.89626757149783,True,True
PREMCO.NS,2026-09-30,,,,,,,,,,False,False,False,False,False,False,False,False,False,,noise,,False,False,False,False,,Textiles & Apparels,Other Textile Products,,False,False
PREMIERENE.NS,2026-09-30,870.0999755859375,900.7166697184244,973.0027838812935,989.0800024414062,983.9562552897136,933.8113745117188,900.8224631378289,666.4089382565205,1134.0,False,True,False,True,False,True,True,False,False,-14.762748934199376,green,102.8043043943043,False,True,False,False,,Electrical Equipment,Other Electrical Equipment,45.51623848763936,False,False
PREMIERPOL.NS,2026-09-30,92.76000213623047,88.53260930379231,87.90798738267686,83.80544326782227,67.15454650878907,62.117485466003416,91.58014507123846,37.93100838755093,106.0,True,True,True,True,True,True,True,True,False,98.26908522581897,noise,27.19035928851091,False,False,False,False,,Industrial Products,Plastic Products - Industrial,95.10421715947649,True,True
PRLIND.NS,2026-09-29,45.20000076293945,44.64166704813639,43.326388676961265,43.68999984741211,51.538666559855145,56.136499881744385,45.24697305571057,37.599998474121094,93.0,False,False,False,False,True,False,False,False,False,-44.91164036346602,dry,6.234413965087282,False,False,False,False,,Transport Services,Logistics Solution Provider,10.47018904507998,False,False
PRESSTONIC.NS,2026-09-29,47.79999923706055,38.60833342870077,34.87777773539225,32.77400001525879,35.04066668192546,39.99331916809082,42.73878120951273,24.0,85.80000305175781,True,False,False,False,True,True,False,True,False,-43.230402649012866,noise,82.09538702111024,False,False,False,False,,Industrial Manufacturing,Industrial Products,12.11827435773146,False,False
PRESTIGE.NS,2026-09-30,1481.9000244140625,1456.9000040690105,1542.411112467448,1562.4351147460939,1464.787353515625,1482.140668334961,1470.2628124140924,1088.629585901896,1802.9302554788078,False,False,False,True,False,True,True,True,False,-1.743883236066479,ppv,241.59234947616488,False,False,False,False,,Realty,"Residential, Commercial Projects",60.9791565681047,False,False
PRICOLLTD.NS,2026-09-30,747.5999755859375,755.5874938964844,771.5652770996094,752.7089990234375,634.6456646728516,629.8327488708496,755.6736352819987,498.2068341942702,823.0,True,True,True,True,False,True,True,False,False,39.45726482832666,noise,47.686141708700234,False,False,False,False,,Auto Components,Auto Components & Equipments,85.11875908870576,True,False
PFOCUS.NS,2026-09-30,316.0,329.0750045776367,305.6833335028754,301.7765997314453,282.48799987792967,272.3554997253418,322.52197767754313,161.00999450683594,367.0,True,True,True,True,True,True,True,False,False,70.62635270361936,red,212.6081440933374,False,False,False,False,,Entertainment,Media & Entertainment,92.53514299563741,True,True
PRIMESECU.NS,2026-09-30,298.45001220703125,295.15000406901044,286.9763912624783,285.37400207519534,283.23566772460936,282.3040013122559,296.85756747576966,253.10000610351562,325.0,True,True,False,True,True,False,True,True,False,9.442610505074288,dry,13.309693424007405,False,False,False,False,,Finance,Other Financial Services,71.20698012603005,True,False
PRIMO.NS,2026-09-30,26.639999389648438,23.66083335876465,22.56611114078098,22.833399963378906,22.520000025431315,22.419900035858156,24.768799800380737,16.100000381469727,29.799999237060547,True,True,False,True,True,True,True,True,False,5.630452478014258,red,128.24988615663543,False,True,False,False,,Chemicals & Petrochemicals,Commodity Chemicals,67.61997091614154,False,False
PRINCEPIPE.NS,2026-09-30,255.75,261.0749969482422,276.02215067545575,273.2402996826172,263.16994537353514,260.0319757843018,261.3222120462151,204.28258995520707,350.96745230751316,False,True,False,True,False,False,False,False,False,-20.579246131652607,noise,27.432239905915353,False,False,False,False,,Industrial Products,Plastic Products - Industrial,38.584585555016965,False,False
PRIORITY.NS,2026-09-30,,,,,,,,,,False,False,False,False,False,False,False,False,False,,noise,,False,False,False,False,,Consumer Durables,"Gems, Jewellery And Watches",,False,False
PRSMJOHNSN.NS,2026-09-30,108.73999786376953,114.23583348592122,111.41388871934679,110.6911996459961,118.71006652832031,121.18895000457763,113.13162859328571,97.0999984741211,170.05999755859375,False,False,False,False,False,False,False,False,False,-33.68703457923827,dry,9.48180445690209,False,True,False,False,,Cement & Cement Products,Cement & Cement Products,21.619001454192922,False,False
PRISMX.NS,2026-09-30,,,,,,,,,,False,False,False,False,False,False,False,False,False,,noise,,False,False,False,False,,Commercial Services & Supplies,Trading & Distributors,,False,False
PNC.NS,2026-09-30,17.649999618530273,16.807499885559082,17.187777784135605,17.88659999847412,19.82973337809245,21.3201500415802,16.996282991684186,15.699999809265137,33.0,False,False,False,False,False,False,False,True,False,-44.25142228807375,noise,66.23965554651807,False,False,False,False,,Entertainment,"Film Production, Distribution & Exhibition",11.342704798836646,False,False
PRITI.NS,2026-09-30,32.709999084472656,32.78749990463257,33.698611206478546,34.65280010223389,39.342466773986814,43.09970002174377,32.7198967129096,30.5,85.0,False,False,False,False,False,False,False,False,False,-55.3019965180853,noise,91.56007099577697,False,False,False,False,,Consumer Durables,"Furniture, Home Furnishing",5.525933107125545,False,False
PRITIKAUTO.NS,2026-09-30,17.079999923706055,16.18666664759318,16.57861108250088,16.9521999168396,15.176399949391683,14.78564995288849,16.900537974622846,10.40999984741211,20.989999771118164,True,True,False,True,True,True,True,True,False,0.7669566661662852,red,231.40599228536988,False,False,False,False,,Auto Components,Auto Components & Equipments,63.645176926805625,False,False
PRITIKA.NS,2026-09-29,62.70000076293945,63.600000063578285,62.15694416893853,61.74999984741211,61.664333521525066,63.768500080108645,63.1269724362507,44.04999923706055,92.3499984741211,False,False,False,False,True,True,False,False,False,-30.06135003261534,green,125.52301255230125,False,False,False,False,,Auto Components,Auto Components & Equipments,26.417838099854578,False,False
PRIVISCL.NS,2026-09-30,3586.60009765625,3526.883341471354,3483.463907877604,3523.27275390625,3334.8413802083332,3215.246262207031,3551.0514065672405,2332.9521093636263,3774.7057070510364,True,True,True,True,True,True,True,True,False,52.23984288865673,red,118.52792821450147,False,False,False,False,,Chemicals & Petrochemicals,Specialty Chemicals,88.75424139602521,True,True
PRIZOR.NS,2026-09-29,1150.6500244140625,1133.125,1065.7041659884983,1010.5040002441406,751.6843330891927,635.1079998779297,1132.5991162901737,216.64999389648438,1248.8499755859375,True,True,True,True,True,True,True,True,False,309.26553419656705,noise,24.271844660194176,False,False,False,False,,Industrial Manufacturing,Industrial Products,99.61221522055259,True,True
PROLIFE.NS,2026-09-29,76.0,79.06666564941406,80.4659555223253,78.61864471435547,69.22356887817382,69.49068935394287,78.90787511733235,55.837152634046056,131.4987335205078,True,False,False,True,False,True,False,False,False,-42.20476656670806,noise,60.97560975609756,False,False,False,False,,Chemicals & Petrochemicals,Dyes And Pigments,12.845370819195345,False,False
PROSTARM.NS,2026-09-30,134.66000366210938,133.008331934611,134.4822220272488,133.84539962768554,138.16493336995444,144.90720016479492,134.98990369657918,114.63999938964844,208.6999969482422,False,False,False,False,True,False,False,False,False,-30.465764166224517,noise,52.395837264551716,False,True,False,False,,Electrical Equipment,Other Electrical Equipment,25.98158022297625,False,False
PROTEAN.NS,2026-09-30,659.2999877929688,595.7291717529297,548.1015828450521,558.8612487792968,557.0516935221355,585.4849655151368,626.1767889080286,436.0272875280249,893.1685063894947,True,False,False,False,True,True,False,True,False,-23.79623190332014,noise,61.73970860488504,False,False,False,False,,IT - Services,IT Enabled Services,34.51284537081919,False,False
PROV.NS,2026-09-29,1949.5,1852.6708272298176,1852.4458312988281,1805.3809985351563,1531.2633333333333,1461.0954998779298,1892.8828508263691,1020.0,2050.0,True,True,True,True,True,True,True,True,True,67.22421670505665,noise,99.1501416430595,False,False,False,False,,Food Products,Other Food Products,92.05041202132817,True,True
PROZONER.NS,2026-09-30,56.52000045776367,54.10916646321615,48.109721925523544,46.633999786376954,48.76826655069987,50.09449993133545,54.527706667756405,39.54999923706055,72.7699966430664,True,False,False,False,True,True,True,True,False,14.691562211459331,ppv,416.86723723000665,False,False,False,False,,Realty,"Residential, Commercial Projects",75.13330101793505,True,False
PRUDMOULI.NS,2026-09-30,13.390000343322754,14.15750010808309,14.99833337465922,14.481800041198731,15.040800005594889,16.224900007247925,14.120441929697213,11.260000228881836,33.849998474121094,False,False,False,False,False,False,False,False,False,-55.500165252836844,noise,45.35921225694074,False,False,False,False,,Agricultural Food & other Products,Sugar,5.428986912263694,False,False
PRUDENT.NS,2026-09-30,3129.199951171875,3274.9416707356772,3331.602789984809,3294.2880029296875,2879.4420638020833,2791.1342199707033,3223.952242919339,2118.407683707669,4105.5,True,True,True,True,False,True,True,False,False,23.042416274019395,noise,67.19015426669984,False,True,False,False,,Capital Markets,Financial Products Distributor,78.81725642268542,True,False
PSPPROJECT.NS,2026-09-30,767.0,806.3958333333334,864.2194451226128,896.1500012207031,847.1280017089844,838.671501159668,801.9442044377574,569.2000122070312,1143.0,False,True,False,True,False,True,False,False,False,-0.821099862468655,noise,83.99806623156877,False,False,False,False,,Construction,Civil Construction,61.851672321861365,False,False
PTC.NS,2026-09-30,155.55999755859375,155.2241668701172,156.2563887702094,157.51202392578125,159.78980906168619,156.2632078552246,155.389529159563,130.34474084135397,203.5447632528218,False,True,True,False,False,False,True,True,False,7.211295676730822,noise,55.18722357979819,False,False,False,False,,Power,Power Trading,68.92874454677654,False,False
PFS.NS,2026-09-30,29.079999923706055,26.87166674931844,27.378055572509766,27.72420009613037,29.186800130208333,30.12260008811951,27.36314385957644,23.850000381469727,40.5,False,False,False,False,True,False,False,True,False,-17.056478081431493,ppv,209.8097340581622,False,False,False,False,,Finance,Non Banking Financial Company (NBFC),42.55937954435288,False,False
PTCIL.NS,2026-09-30,22190.0,22280.0,21837.694444444445,20815.4,18298.653333333332,18215.775,22249.881703703995,14499.0,24125.0,True,True,True,True,True,True,True,False,False,46.10218593626547,noise,61.17243123049039,False,False,False,False,,Industrial Products,Castings & Forgings,86.96073679108095,True,True
PTL.NS,2026-09-30,37.869998931884766,38.15416685740153,38.39916674296061,38.70859992980957,38.662418645222985,38.335013675689694,38.13352068271762,35.17181612589144,42.69720786366261,False,True,True,True,False,False,True,False,False,1.7608115941434743,red,120.11864188337724,False,True,False,False,,Commercial Services & Supplies,Diversified Commercial Services,64.66311197285506,False,False
PDMJEPAPER.NS,2026-09-30,97.22000122070312,97.34666570027669,93.99170218573676,94.28400344848633,85.41226633707683,86.01616634368897,96.3801059851117,64.56996482755343,126.33858732530278,True,False,False,True,True,True,True,True,False,-17.606087782471313,noise,88.89306018763396,False,False,False,False,,"Paper, Forest & Jute Products",Paper & Paper Products,42.07464857004363,False,False
PULZ.NS,2026-09-29,21.649999618530273,21.941667079925537,22.676389164394802,23.1060001373291,24.31433343251546,25.448750104904175,21.558058549705468,19.5,41.29999923706055,False,False,False,False,False,False,False,True,False,-44.487180465306984,noise,87.71929824561403,False,False,False,False,,Consumer Durables,Consumer Electronics,10.954920019389238,False,False
PSB.NS,2026-09-30,21.329999923706055,21.826666831970215,22.7027776506212,22.98499988555908,23.59048211415609,24.437774152755736,21.71523553462999,20.178140732048902,31.950362111142574,False,False,False,False,False,False,False,False,False,-27.158882172941933,green,111.31065561619322,False,False,False,False,,Banks,Public Sector Bank,30.1987396994668,False,False
PUNJABCHEM.NS,2026-09-30,1054.5,1060.2749837239583,1091.963894314236,1103.6860009765626,1066.7256701660156,1083.431919555664,1060.0760153695553,874.3373930297982,1529.9409473892583,False,False,False,True,False,False,False,False,False,-16.812593114960308,dry,19.081162613125713,False,True,False,False,,Fertilizers & Agrochemicals,Pesticides & Agrochemicals,42.85021812893844,False,False
PNB.NS,2026-09-30,113.05999755859375,115.80583318074544,116.29750018649631,115.26240020751953,109.60176737467448,112.33183330535888,114.95128695196792,95.71672519141161,131.33111679644097,True,False,False,True,False,False,True,False,False,3.117597273002648,green,119.2223373459297,False,False,False,False,,Banks,Public Sector Bank,65.63257392147358,False,False
PURVA.NS,2026-09-30,206.33999633789062,212.16666539510092,215.33472188313803,214.46259979248046,210.4746664428711,217.48594993591308,211.1651572617167,160.69000244140625,287.29998779296875,False,False,False,False,False,False,False,False,False,-23.46439478244511,dry,7.90208819003156,False,False,False,False,,Realty,"Residential, Commercial Projects",34.99757634512846,False,False
PERNIASPOP.NS,2026-09-30,,,,,,,,,,False,False,False,False,False,False,False,False,False,,noise,,False,False,False,False,,,,,False,False
PURVFLEXI.NS,2026-09-29,41.150001525878906,44.708333333333336,47.2972223493788,47.09000007629395,51.08833330790202,56.78249996185303,44.27255213468978,37.0,115.5,False,False,False,False,False,False,False,False,False,-62.76017961458922,noise,72.85974499089252,False,False,False,False,,Industrial Products,Plastic Products - Industrial,2.7629665535627725,False,False
PVP.NS,2026-09-30,53.119998931884766,60.63666598002116,56.67194440629747,49.01919990539551,35.61273323059082,34.6840998840332,59.7855607862499,23.0,72.04000091552734,True,True,True,True,True,True,False,False,False,74.39264782829002,red,110.43381174583713,False,False,False,False,,Realty,"Residential, Commercial Projects",93.01987396994667,True,False
PVRINOX.NS,2026-09-30,1242.699951171875,1270.3083190917969,1232.1944410536025,1203.5149951171875,1061.1163354492187,1050.140252380371,1251.373277783113,907.4000244140625,1357.800048828125,True,True,True,True,True,True,True,False,False,15.599995457848848,green,110.87508529920109,False,False,False,False,,Entertainment,"Film Production, Distribution & Exhibition",75.47261269995153,True,True
PYRAMID.NS,2026-09-30,156.00999450683594,157.51666514078775,158.61185836791992,163.90046783447266,161.4686880493164,160.5913264465332,157.9225688150833,131.37371568801387,198.04736217201153,False,True,False,True,False,False,True,False,False,-4.481737474490832,dry,12.89230577335502,False,False,False,False,,Industrial Products,Packaging,57.63451284537082,False,False
QMSMEDI.NS,2026-09-30,205.9600067138672,188.84774780273438,160.58732753329807,147.09783859252929,108.51581853230795,103.64947944641114,194.55797813588205,68.77118423399997,216.7899932861328,True,True,True,True,True,True,True,True,False,108.2657676962051,red,350.77289923153717,False,True,False,False,,Healthcare Equipment & Supplies,Medical Equipment & Supplies,95.97673291323315,True,True
QUADPRO.NS,2026-09-29,4.400000095367432,3.537499984105428,2.8250000410609775,2.7060000562667845,2.32933336575826,2.3340000283718108,3.7358389911289365,1.850000023841858,4.400000095367432,True,False,False,True,True,True,True,True,False,39.68253848113594,ppv,564.516129032258,False,False,True,False,,IT - Services,IT Enabled Services,85.26417838099854,True,False
QUADFUTURE.NS,2026-09-30,547.4500122070312,523.3500061035156,446.1083348592122,421.8060015869141,366.1076668294271,351.8365003967285,524.1062237582303,248.5500030517578,567.2000122070312,True,True,True,True,True,True,True,True,False,37.37766931167661,noise,55.31784015535821,False,False,False,False,,Industrial Products,Cables - Electricals,84.2462433349491,True,True
QFIL.NS,2026-09-29,52.349998474121094,58.262499491373696,60.31527752346463,60.93299964904785,52.333666814168296,53.98075017929077,56.32009435148919,39.900001525878906,77.0,False,False,False,True,False,True,False,False,False,-25.21428789411272,noise,833.3333333333334,False,False,False,False,,Industrial Products,Iron & Steel Products,32.71934076587494,False,False
QPOWER.NS,2026-09-30,1584.800048828125,1511.8662719726562,1426.2538689507378,1343.5855883789063,1177.5920642089843,1070.133098754883,1539.260440037854,580.4955789253012,1675.0,True,True,True,True,True,True,True,True,False,48.33789052480084,noise,98.63812605909918,False,False,False,False,,Electrical Equipment,Heavy Electrical Equipment,87.83325254483762,True,True
QUESS.NS,2026-09-30,334.95001220703125,348.6625010172526,350.30833435058594,339.53836853027343,258.03231140136717,243.63324325561524,346.13562143701,162.53922482226787,388.75,True,True,True,True,False,True,True,False,False,37.747487792803746,noise,49.32947814233357,False,False,False,False,,Commercial Services & Supplies,Diversified Commercial Services,84.39166262724189,True,False
QUESTLAB.NS,2026-09-29,89.0,80.61249987284343,84.91527769300673,86.9629997253418,102.5603330485026,103.0222498703003,83.3605479456205,68.5999984741211,152.60000610351562,False,False,False,False,True,False,False,True,False,-6.855052687135743,green,116.95906432748538,False,False,False,False,,Pharmaceuticals & Biotechnology,Pharmaceuticals,55.30780416868638,False,False
QUICKHEAL.NS,2026-09-30,144.49000549316406,150.4499994913737,146.12777752346463,148.67559997558592,163.01779947916665,177.13189971923828,147.63363707108854,125.0,371.3999938964844,False,False,False,False,False,False,False,False,False,-52.060382077250786,noise,62.308892985475595,False,False,False,False,,IT - Software,Software Products,7.077072224915172,False,False
QUICKTOUCH.NS,2026-09-29,14.75,16.50416660308838,17.034722169240315,18.53799987792969,24.325666631062827,27.542249908447264,16.036285575901747,14.699999809265137,48.0,False,False,False,False,False,False,False,False,False,-68.34763844854783,noise,45.248868778280546,False,False,False,True,,IT - Software,Computers - Software & Consulting,1.502666020358701,False,False
QUINT.NS,2026-09-30,,,,,,,,,,False,False,False,False,False,False,False,False,False,,noise,,False,False,False,False,,Media,Electronic Media,,False,False
RCF.NS,2026-09-30,109.97000122070312,108.60818990071614,113.77990998162164,116.92661392211915,122.1515603129069,125.18740474700928,109.24000302054083,104.7068431385872,154.10415849543918,False,False,False,False,False,False,False,True,False,-22.370607787913777,ppv,149.1539258768661,False,False,False,False,,Fertilizers & Agrochemicals,Fertilizers,36.354823073194375,False,False
RKSWAMY.NS,2026-09-30,90.08999633789062,89.55583318074544,93.11361100938585,95.59874542236328,93.63857452392578,97.01717250823975,90.09615335697387,65.86347909024379,148.89168744596967,False,False,False,False,False,True,False,False,False,-36.86435553262879,noise,47.65595910252237,False,True,False,False,,Media,Advertising & Media Agencies,17.789626757149783,False,False
RMDRIP.NS,2026-09-30,23.510000228881836,23.30037848154704,21.06134600109524,20.275496368408202,21.354220873514812,30.266797590255738,23.29723771888903,14.791269291543834,72.12532991833992,False,False,False,False,True,True,False,True,False,-44.53072840097975,noise,41.933178852425655,False,False,False,False,,Industrial Products,Plastic Products - Industrial,10.906446921958313,False,False
RRKABEL.NS,2026-09-30,2518.60009765625,2461.7166748046875,2623.7333374023438,2626.24,2111.097638346354,1945.1880517578124,2491.493112204929,1212.3573793256226,2983.800048828125,True,True,True,True,False,True,True,True,False,100.74456677677,noise,43.73717196734573,False,True,False,False,,Industrial Products,Cables - Electricals,95.24963645176928,True,False
RSSOFTWARE.NS,2026-09-30,29.729999542236328,30.52916653951009,30.66499990887112,30.707799949645995,32.36966672261556,35.44390001296997,30.438068008876535,21.93000030517578,75.25,False,False,False,False,False,True,False,False,False,-57.321277663946546,noise,32.47865028842514,False,False,False,False,,IT - Software,Computers - Software & Consulting,4.65341735336888,False,False
RSYSTEMS.NS,2026-09-30,279.8999938964844,251.5099983215332,246.82833353678384,249.315,258.72175944010417,285.9945820617676,260.5101460972745,213.52000427246094,427.21095634757916,False,False,False,False,True,True,False,True,False,-29.803887412995934,red,408.5031164505256,False,False,False,False,,IT - Services,IT Enabled Services,26.90256907416384,False,False
RNBDENIMS.NS,2026-09-30,9.109999656677246,9.101666768391928,9.269722249772814,9.23600004196167,15.230222187042237,23.740899901390076,9.16190202249929,7.71999979019165,67.66666412353516,False,False,False,False,False,False,False,False,False,-77.03361283846384,noise,33.382450345854394,False,False,False,False,,Textiles & Apparels,Other Textile Products,0.872515753756665,False,False
RACE.NS,2026-09-30,118.0199966430664,110.24250030517578,103.84527799818251,105.19260025024414,111.97413365681966,115.19840007781983,114.0875660004422,84.11000061035156,240.0,True,False,False,False,True,True,False,True,False,-47.46494553770235,noise,53.529875760100424,False,False,False,False,,Other Utilities,Waste Management,8.919049927290354,False,False
RILINFRA.NS,2026-09-29,33.099998474121094,32.987499396006264,34.89583317438761,35.95499988555908,35.82433320363363,35.729499940872195,33.23414049222951,27.600000381469727,47.5,False,True,False,True,False,False,False,False,False,-3.357668688697535,noise,46.5288035450517,False,True,False,False,,Construction,Civil Construction,58.84634028114396,False,False
RACLGEAR.NS,2026-09-30,1594.800048828125,1710.3833312988281,1583.8277723524307,1517.9599975585938,1376.68466796875,1314.0223773193359,1658.102190572604,920.8888972758508,1927.699951171875,True,True,True,True,True,True,True,False,False,40.4273161969168,noise,41.86714702440083,False,True,False,False,,Auto Components,Auto Components & Equipments,85.5550169655841,True,True
RADAAN.NS,2026-09-30,3.0,2.9358333150545755,2.9641666611035666,2.995199999809265,3.0322666645050047,3.0971499991416933,2.9716516951858387,2.3499999046325684,3.990000009536743,False,False,False,False,True,False,True,True,False,-14.529914297690528,noise,47.68987519974751,False,True,False,False,,Entertainment,Media & Entertainment,45.807077072224914,False,False
RADHIKAJWE.NS,2026-09-30,70.2300033569336,71.1266663869222,72.96444426642523,71.77160011291504,64.02373336791992,66.06945003509522,71.41678695561727,50.0099983215332,97.5,True,False,False,True,False,True,False,False,False,-21.67075564529223,dry,7.60097087101583,False,False,False,False,,Consumer Durables,"Gems, Jewellery And Watches",37.17886572952012,False,False
RADIANTCMS.NS,2026-09-30,35.40999984741211,35.806666692097984,35.86427042219374,35.69204750061035,36.45270055135091,38.41720441818237,35.76796017877157,30.321927276694193,53.919194217783094,False,False,False,False,False,False,False,False,False,-28.72374570558087,noise,20.463872635572542,False,True,False,False,,Commercial Services & Supplies,Diversified Commercial Services,28.01745031507513,False,False
RADICO.NS,2026-09-30,4366.0,4459.8999430338545,4525.4944254557295,4482.17798828125,3723.8393391927084,3529.3529553222656,4449.713098201588,2494.465428414862,4747.0,True,True,True,True,False,True,True,False,False,51.58618396911372,green,114.44972032776495,False,False,False,False,,Beverages,Breweries & Distilleries,88.5603490063015,True,False
RADIOWALLA.NS,2026-09-29,29.149999618530273,26.704167048136394,26.755555576748318,27.13699996948242,30.534999987284344,37.17949999809265,27.785722984903078,22.200000762939453,72.0,False,False,False,False,True,True,False,True,False,-52.524431768549526,ppv,294.11764705882354,False,False,False,False,,Entertainment,Media & Entertainment,6.834706737760543,False,False
RPEL.NS,2026-09-30,1809.0,1687.6000061035156,1671.3944396972656,1560.46599609375,1125.5560001627605,1051.1866076660156,1722.5996300894622,560.8282002900473,1943.699951171875,True,True,True,True,True,True,True,True,False,177.83652647347216,green,145.71946403904664,False,False,False,False,,Industrial Products,Electrodes & Refractories,98.4973339796413,True,True
RVNL.NS,2026-09-30,201.75999450683594,205.04416529337564,212.53388765123157,216.61618682861328,247.32741892496745,267.7439537811279,204.60163327969775,195.14999389648438,398.20450175980454,False,False,False,False,False,False,False,False,False,-40.190192082831054,ppv,374.2439762902613,False,False,False,False,,Construction,Civil Construction,14.832767813863306,False,False
RAILTEL.NS,2026-09-30,265.6499938964844,260.3874969482422,270.5708287556966,275.43681579589844,295.0840923055013,306.46432319641116,261.8169615057296,243.9284560598348,396.58160206280564,False,False,False,False,False,False,False,True,False,-27.867904950378218,ppv,732.6265512086586,False,False,False,False,,Telecom - Services,Other Telecom Services,29.229277750848283,False,False
RAIN.NS,2026-09-30,213.94000244140625,211.82749938964844,209.45226626925998,213.42244232177734,175.98423533121743,168.07006935119628,214.69283154737096,99.43315286007488,250.82236847510148,True,True,True,True,True,True,True,False,False,67.62417000267622,noise,44.704471507019,False,False,False,False,,Chemicals & Petrochemicals,Petrochemicals,92.14735821619001,True,True
RAINBOW.NS,2026-09-30,1314.300048828125,1413.1249898274739,1439.9416605631511,1462.7819921875,1358.4679150390625,1329.8228717041015,1389.8322575821608,1081.4576042961687,1610.0,False,True,False,True,False,False,True,False,False,-3.261138821249554,red,323.76049706221187,False,False,False,False,,Healthcare Services,Hospital,59.0887057682986,False,False
ROML.NS,2026-09-30,43.380001068115234,41.96833292643229,42.69694413079156,43.25679969787598,44.209733149210614,44.89804985046387,42.3115639029542,35.11000061035156,62.0,False,False,False,False,True,False,False,True,False,-10.186331773624957,noise,42.69795662383501,False,True,False,False,,Agricultural Food & other Products,Edible Oil,51.866214251090646,False,False
RAJRILTD.NS,2026-09-30,20.170000076293945,20.623332977294922,21.695555475023056,21.546799926757814,21.397066663106283,21.576400022506714,20.635939234447164,19.40999984741211,28.899999618530273,False,False,False,False,False,False,False,False,False,-28.677512070151046,noise,68.84801862781957,False,False,False,False,,Textiles & Apparels,Other Textile Products,28.06592341250606,False,False
RAJTV.NS,2026-09-30,10.880000114440918,9.660833517710367,9.57416676150428,9.977400045394898,18.11899998664856,23.81989997625351,10.093538356966526,7.699999809265137,46.900001525878906,False,False,False,False,True,True,False,True,True,-73.38551900643935,noise,89.22541034162262,False,False,False,False,,Entertainment,TV Broadcasting & Software Production,1.211827435773146,False,False
RAJPALAYAM.NS,2026-09-30,,,,,,,,,,False,False,False,False,False,False,False,False,False,,red,485.4098427497724,False,False,False,False,,Textiles & Apparels,Other Textile Products,,False,False
ARENTERP.NS,2026-09-30,33.900001525878906,33.80750020345052,35.54861153496636,36.9986003112793,37.825666732788086,39.30160001754761,33.87987026822396,27.600000381469727,60.790000915527344,False,False,False,False,False,False,False,True,False,-22.972045401573393,dry,1.0483030498732089,False,False,False,False,,Metals & Minerals Trading,Trading - Minerals,35.579253514299566,False,False
RAJESHEXPO.NS,2026-09-30,64.69999694824219,69.50833352406819,76.13583321041531,78.8492000579834,96.57660001118978,116.69514989852905,68.15856829597978,60.25,237.8800048828125,False,False,False,False,False,False,False,False,False,-64.32510105287832,green,181.1984705050491,False,False,False,False,,Consumer Durables,"Gems, Jewellery And Watches",2.4721279689772175,False,False
RCDL.NS,2026-09-29,18.75,15.337500015894571,17.994251913494534,20.90030611038208,23.162512226104738,22.70856484889984,16.32898608130141,13.399999618530273,34.75694554204474,False,True,False,False,False,True,False,True,False,-34.78025056501026,ppv,493.04044445054006,True,False,False,False,,Agricultural Food & other Products,Edible Oil,19.680077556955887,False,False
RAJMET.NS,2026-09-30,3.119999885559082,3.1174999674161277,3.188055548402998,3.2245999813079833,3.5724666690826417,3.723000009059906,3.115771497019387,2.7200000286102295,5.28000020980835,False,False,False,False,False,False,False,True,False,-32.173914125150475,noise,53.12025775758412,False,False,False,False,,Industrial Products,"Aluminium, Copper & Zinc Products",23.897237033446437,False,False
RAJOOENG.NS,2026-09-30,53.43000030517578,53.74106979370117,51.9523794386122,52.03746612548828,55.100935490926105,57.65403383255005,53.69586368555559,45.875065396560984,94.801821124293,False,False,False,False,True,False,False,False,False,-34.56825811987581,green,104.29046985288468,False,False,False,False,,Industrial Manufacturing,Industrial Products,20.116335433834223,False,False
RSL.NS,2026-09-30,,,,,,,,,,False,False,False,False,False,False,False,False,False,,noise,45.72765579859665,False,False,False,False,,Industrial Products,Iron & Steel Products,,False,False
RAJRATAN.NS,2026-09-30,461.6000061035156,463.1791712443034,489.34583282470703,495.1239990234375,446.559326171875,450.6204724121094,467.55492190918073,304.31768608201764,563.9500122070312,True,False,True,True,False,True,True,False,False,46.737131465747424,noise,22.323673755866853,False,True,False,False,,Auto Components,Auto Components & Equipments,87.4454677653902,True,False
RPPL.NS,2026-09-30,18.969999313354492,19.861666520436604,21.95472213957045,22.108199920654297,19.20493335723877,18.775550017356874,19.739664254678445,14.25,26.969999313354492,False,True,True,True,False,True,False,False,False,-9.66666993640718,noise,63.0172277578382,False,False,False,False,,Industrial Products,Packaging,52.59331071255453,False,False
RAJSREESUG.NS,2026-09-30,28.8700008392334,31.50583330790202,34.288333574930824,33.16480018615723,32.17273337046306,32.06180000305176,31.282166693155876,24.649999618530273,42.47999954223633,False,True,False,True,False,False,False,False,False,-26.651421769438,red,207.98333619017154,False,False,False,False,,Agricultural Food & other Products,Sugar,31.022782355792533,False,False
RALLIS.NS,2026-09-30,199.72999572753906,201.49833297729492,206.63777796427408,209.48080017089845,231.6172134399414,240.00230598449707,201.1340289981029,196.75999450683594,311.01502998141837,False,False,False,False,False,False,False,False,False,-33.64307322563537,noise,73.04763813745261,False,False,False,False,,Fertilizers & Agrochemicals,Pesticides & Agrochemicals,21.715947649054776,False,False
RAMRAT.NS,2026-09-30,582.4000244140625,556.5249989827474,528.966667175293,503.81300048828126,422.7860371907552,393.08080764770506,564.1146736603981,266.4076130636512,602.4500122070312,True,True,True,True,True,True,True,True,False,82.24781888978296,noise,50.15486375933368,False,False,False,False,,Electrical Equipment,Other Electrical Equipment,93.89238972370335,True,True
RAMAPHO.NS,2026-09-30,120.08999633789062,120.11000061035156,122.0883337656657,123.2626577758789,124.63573516845703,133.06860298156738,120.86220979876248,103.29441573540697,216.758589238699,False,False,False,False,False,False,False,False,False,-18.288355624143904,noise,48.701599293200225,False,False,False,False,,Fertilizers & Agrochemicals,Fertilizers,41.58991759573436,False,False
RAMASTEEL.NS,2026-09-30,4.559999942779541,4.343333383401235,4.24416669872072,4.290200037956238,4.926800012588501,5.818100011348724,4.418792973655367,3.430000066757202,11.289999961853027,False,False,False,False,True,True,False,True,False,-53.37423244086121,green,188.48317708522958,False,False,False,False,,Industrial Products,Iron & Steel Products,6.398448860882211,False,False
RAMCOIND.NS,2026-09-30,307.6000061035156,319.6291681925456,330.8541675143772,332.54450073242185,304.70408223470054,306.30214187622073,316.87313093431237,229.84711610231898,394.1233116425528,True,False,False,True,False,True,True,False,False,-7.45780280800461,noise,28.094553575293236,False,False,False,False,,Other Construction Materials,Other Construction Materials,54.677653902084344,False,False
RAMCOSYS.NS,2026-09-30,554.5999755859375,570.5666656494141,578.7222239176432,594.4700036621093,542.4773347981771,536.8812507629394,570.4947618953254,342.1000061035156,967.5,True,True,False,True,False,True,False,False,False,12.289933678795538,noise,21.603920983282023,False,False,False,False,,IT - Software,Software Products,73.67910809500728,True,False
RBS.NS,2026-09-29,84.9000015258789,83.44583384195964,88.0125003390842,86.72000015258789,87.07633328755696,88.4235000038147,83.85961471764168,58.79999923706055,128.0,False,False,False,False,False,True,False,True,False,-33.017750275440704,noise,26.968716289104638,False,False,False,False,,Agricultural Food & other Products,Edible Oil,22.685409597673292,False,False
RKFORGE.NS,2026-09-30,702.2999877929688,706.9666646321615,722.5555504692925,706.8699987792969,608.1940079752604,587.3861683654785,708.6604463296453,459.4101971519111,772.7999877929688,True,True,True,True,False,True,True,False,False,30.33738703425115,noise,40.56261427964658,False,False,False,False,,Auto Components,Auto Components & Equipments,82.30731943771207,True,False
RAMKY.NS,2026-09-30,279.1000061035156,310.33719126383465,344.8683581882053,355.77705627441406,417.9263946533203,440.17290115356445,306.950728199171,274.5,702.8017194352399,False,False,False,False,False,False,False,False,False,-51.10923257810319,red,383.5468311663228,False,False,False,True,,Construction,Civil Construction,7.367910809500727,False,False
RANASUG.NS,2026-09-30,13.239999771118164,14.169999917348227,14.437499973509047,13.845399990081788,12.99340000152588,12.654450006484986,13.988172820487694,10.210000038146973,16.450000762939453,True,True,True,True,False,False,True,False,False,-6.497175750055428,noise,53.461685749297935,False,False,False,False,,Agricultural Food & other Products,Sugar,55.74406204556471,False,False
RML.NS,2026-09-30,1351.9000244140625,1331.241678873698,1235.941667344835,1202.558642578125,999.2859375,943.9658352661132,1340.8329027270079,599.8542523291803,1440.0,True,True,True,True,True,True,True,True,False,68.5162381964804,noise,43.500974384259585,False,True,False,False,,Auto Components,Auto Components & Equipments,92.2927775084828,True,True
RANEHOLDIN.NS,2026-09-30,1529.800048828125,1591.5916849772136,1623.1111178927952,1656.1105249023437,1424.8413724772136,1391.5812295532226,1580.4052593964495,955.9554473507789,1846.1341245121132,True,True,True,True,False,True,True,False,False,-2.974140367149336,noise,41.779303062302006,False,False,False,False,,Finance,Holding Company,59.476490547745996,False,False
RPTECH.NS,2026-09-30,953.5,860.8416646321615,839.1621856689453,838.664609375,634.6400126139323,566.3018128967285,886.0179538890962,312.33178320165,1004.7000122070312,True,True,True,True,True,True,True,True,False,194.96686043317172,ppv,299.70256688898786,False,False,True,False,,IT - Hardware,Computers Hardware & Equipments,98.691226369365,True,True
RATEGAIN.NS,2026-09-30,851.5499877929688,846.4208374023438,888.6208343505859,899.4000036621094,755.9063346354167,723.4752513122559,843.5665688285478,437.0,1050.0,True,True,True,True,False,True,True,True,False,35.72680182603483,noise,85.26163106959605,False,False,False,False,,IT - Software,Computers - Software & Consulting,83.76151236063984,True,False
RATNAMANI.NS,2026-09-30,2725.5,2768.0999959309897,2643.0611165364585,2558.9739599609375,2526.3096142578124,2447.7054400634765,2772.854838493231,1927.9657490362597,3330.2583637320286,True,True,True,True,True,True,True,False,False,13.535358877221526,noise,44.366962474437216,False,False,False,False,,Industrial Products,Iron & Steel Products,74.64857004362578,True,True
RATNAVEER.NS,2026-09-30,330.75,319.0375010172526,289.8803185356988,263.4760296630859,196.77147603352864,185.72090705871582,323.6607110165312,130.5,344.3999938964844,True,True,True,True,True,True,True,True,False,106.0234295702874,noise,66.00060979783568,False,False,False,False,,Industrial Products,Iron & Steel Products,95.78284052350945,True,True
RTNINDIA.NS,2026-09-30,26.059999465942383,26.65500005086263,28.4611111746894,29.37280002593994,31.618133494059244,33.08590010643005,26.6057015318027,24.399999618530273,54.5,False,False,False,False,False,False,False,False,False,-49.01193669587959,green,352.26828731469817,False,False,False,False,,Retailing,E-Retail/ E-Commerce,8.288899660688317,False,False
RTNPOWER.NS,2026-09-30,6.889999866485596,7.011666655540466,7.4786110983954535,7.801800022125244,8.64260001818339,8.717699997425079,6.998362928273757,6.710000038146973,11.9399995803833,False,False,False,False,False,False,False,False,False,-38.59180300794992,noise,60.13710665007629,False,False,False,False,,Power,Power Generation,16.52932622394571,False,False
RKDL.NS,2026-09-30,18.170000076293945,18.378333409627277,18.41944434907701,18.675799827575684,19.43266657511393,19.951999912261964,18.36229185321941,16.299999237060547,28.3700008392334,False,False,False,False,False,False,False,False,False,-33.613447134980554,noise,22.765024511825686,False,False,False,False,,Beverages,Breweries & Distilleries,21.86136694134755,False,False
RVHL.NS,2026-09-30,38.20000076293945,39.100000063578285,40.27500004238553,41.607399978637694,41.25979993184408,43.187149925231935,38.934909742482425,28.5,62.150001525878906,False,False,False,False,False,True,False,False,False,-32.58030203703892,noise,64.24218139044898,False,True,False,False,,Realty,"Residential, Commercial Projects",23.0731943771207,False,False
RELTD.NS,2026-09-30,149.6699981689453,148.09250005086264,155.94194412231445,160.09059936523437,148.66354365030924,149.6771577835083,149.2152621841877,114.59262084960938,196.4499969482422,False,False,False,True,False,True,True,True,False,-6.251172006940386,green,100.47019954057632,False,False,False,False,,Electrical Equipment,Other Electrical Equipment,56.22879301987397,False,False
RAYMOND.NS,2026-09-30,1213.050048828125,1103.4874979654949,838.7208319769966,772.817998046875,583.3536653645833,539.4527497863769,1126.134840703337,320.0,1241.0,True,True,True,True,True,True,True,True,False,111.42484511165578,noise,50.65342452323275,False,False,True,False,,Industrial Manufacturing,Industrial Products,96.26757149781872,True,True
RAYMONDLSL.NS,2026-09-30,642.0499877929688,664.4541625976562,687.9152781168619,698.405,752.4391914876302,808.6211993408203,665.57796732096,628.25,1244.832144824717,False,False,False,False,False,False,False,False,False,-44.6336520289026,noise,73.80540096510447,False,False,False,False,,Textiles & Apparels,Other Textile Products,10.809500727096461,False,False
RAYMONDREL.NS,2026-09-30,669.9500122070312,633.6374969482422,587.9111107720269,607.3269982910156,556.3088865152995,534.5386448669434,650.9104373056438,347.8966973806635,741.9500122070312,True,True,True,True,True,True,True,True,False,17.18825134628443,noise,49.195609372782265,False,True,False,False,,Realty,"Residential, Commercial Projects",76.15123606398448,True,True
RBLBANK.NS,2026-09-30,403.3500061035156,410.11666615804035,399.78453742133246,393.01258728027346,354.59033264160155,342.96234603881834,409.09263366950785,260.9244632419414,429.6000061035156,True,True,True,True,True,True,True,False,False,45.85907051705087,green,106.9120177366817,False,False,False,False,,Banks,Private Sector Bank,86.91226369365003,True,True
RBMINFRA.NS,2026-09-29,241.39999389648438,275.39166768391925,258.3486107720269,262.5740002441406,310.758666788737,331.4007501220703,265.0956361979294,221.0,524.7999877929688,False,False,False,False,False,False,False,False,False,-50.8650519246076,noise,94.8644793152639,False,False,False,False,,Commercial Services & Supplies,Diversified Commercial Services,7.513330101793504,False,False
RBZJEWEL.NS,2026-09-30,207.22999572753906,178.83583196004233,164.573610941569,159.80940002441406,141.420866800944,141.23835006713867,185.81155319659595,100.0,207.66000366210938,True,True,True,True,True,True,True,True,False,55.438032060394214,noise,28.95333458026909,False,False,True,False,,Consumer Durables,"Gems, Jewellery And Watches",89.72370334464372,True,True
RRECL.NS,2026-09-30,,,,,,,,,,False,False,False,False,False,False,False,False,False,,noise,,False,False,False,False,,Realty,"Residential, Commercial Projects",,False,False
RECLTD.NS,2026-09-30,299.0,307.3625030517578,318.63478512234155,330.4190881347656,338.4201540120443,341.15509429931643,305.34664221011997,292.20001220703125,381.3442016302781,False,False,False,False,False,False,True,False,False,-15.689972865401703,green,115.12018985776209,False,True,False,False,,Finance,Financial Institution,44.40135724672807,False,False
REDINGTON.NS,2026-09-30,407.0,400.09583536783856,373.1458333333333,357.785,275.89978190104165,272.2584819030762,401.5956128390531,187.19874597305954,419.5,True,True,True,True,True,True,True,True,False,46.75176639747567,noise,51.046121586474705,False,False,False,False,,Commercial Services & Supplies,Trading & Distributors,87.49394086282113,True,True
REDTAPE.NS,2026-09-30,117.5999984741211,119.06250063578288,120.48333379957411,123.34880737304688,125.21294631958008,124.33083518981934,118.93236682849655,105.92267660028074,156.6134844830799,False,True,False,False,False,False,True,False,False,-16.85157320519879,dry,18.147384787836053,False,True,False,False,,Consumer Durables,Footwear,42.75327193407659,False,False
REFEX.NS,2026-09-30,265.25,276.9541651407878,282.9749993218316,289.78299926757813,278.4109719848633,270.40085372924807,276.5282499043806,187.40098243331008,381.1815877927063,False,True,False,True,False,True,False,False,False,-26.011995272850875,noise,58.85825500631844,False,False,False,False,,Other Utilities,Waste Management,31.749878817256423,False,False
REFRACTORY.NS,2026-09-29,40.79999923706055,33.73333326975504,28.6055555873447,28.027000007629393,32.717666702270506,37.11475004196167,35.59827341500138,23.149999618530273,61.20000076293945,True,False,False,False,True,True,False,True,False,-19.842832978469072,green,316.5584415584416,True,False,False,False,,Industrial Products,Electrodes & Refractories,39.60252060106641,False,False
REGAAL.NS,2026-09-30,88.08000183105469,87.10416666666667,89.10187170240614,87.32884140014649,81.83594500223795,77.84360719680787,88.45954284213092,57.09040123356944,103.0,True,True,False,True,True,True,True,False,False,-0.6218867464567457,noise,21.615113826024913,False,False,False,False,,Agricultural Food & other Products,Other Agricultural Products,62.094037809016,False,False
REGENCERAM.NS,2026-09-30,32.380001068115234,33.30749956766764,34.51222229003906,34.13199993133545,39.34333321889242,41.078349905014036,33.247591566734066,30.0,54.9900016784668,False,False,False,False,False,False,False,False,False,-21.158993648115676,red,168.36511371272508,False,False,False,False,,Consumer Durables,Ceramics,37.76054289869123,False,False
RELCHEMQ.NS,2026-09-30,116.2300033569336,117.52287101745605,115.14348008897569,118.20123336791993,121.14251932779948,123.39678398132324,116.29157510766709,104.5695614115994,162.31633301439936,False,False,False,False,False,False,False,False,False,-24.94884431705883,dry,17.941192136151223,False,True,False,False,,Textiles & Apparels,Other Textile Products,32.96170625302957,False,False
RIIL.NS,2026-09-30,677.3499755859375,697.2749989827474,729.7208353678385,733.5390026855468,747.8326586914062,750.8421774291992,695.3671239080361,614.5514292159556,959.630048784558,False,False,False,False,False,False,False,False,False,-21.703644074313686,noise,59.01900952933408,False,False,False,False,,Transport Services,Logistics Solution Provider,37.08191953465826,False,False
RELAXO.NS,2026-09-30,291.20001220703125,297.46976470947266,337.71630096435547,356.6778631591797,334.32014302571616,345.6776722717285,297.6538441665326,233.86133830038253,467.82154146357,False,False,False,True,False,False,False,False,False,-34.339878879560594,noise,39.96982904112076,False,False,False,False,,Consumer Durables,Footwear,20.455647115850702,False,False
RELIABLE.NS,2026-09-30,144.27999877929688,142.12755584716797,140.40479278564453,141.09058349609376,136.5361057027181,140.67359470367433,143.5445728036402,104.70160280948723,174.9358484496147,True,False,False,True,True,True,True,True,False,17.35336746048748,red,140.89454466300546,False,False,False,False,,Finance,Other Financial Services,76.19970916141541,True,False
RCOM.NS,2026-09-30,0.8399999737739563,0.927499994635582,0.863611113693979,0.8541999971866607,0.8946000007788341,0.9385499992966652,0.8971031715421982,0.75,1.5099999904632568,False,False,False,False,False,False,False,False,False,-38.68613351457786,red,123.97969559253193,False,False,False,False,,Telecom - Services,Telecom - Cellular & Fixed line services,16.383906931652934,False,False
RHFL.NS,2026-09-30,1.5800000429153442,1.6958333452542622,1.7730555534362793,1.811199998855591,2.0816666722297668,2.2574000078439713,1.6635698879979095,1.5299999713897705,4.25,False,False,False,False,False,False,False,False,False,-59.383033411145234,noise,59.01096386942828,False,True,False,True,,Finance,Housing Finance Company,3.8778477944740666,False,False
RELIANCE.NS,2026-09-30,1187.0,1224.4333394368489,1275.4833340115017,1281.8560034179689,1322.8926310221354,1358.0602435302735,1217.7405006828524,1181.699951171875,1604.3820104615531,False,False,False,False,False,False,False,False,False,-12.574176472798914,green,146.28007747376836,False,False,False,False,,Petroleum Products,Refineries & Marketing,48.90935530780417,False,False
RELINFRA.NS,2026-09-30,44.27000045776367,47.71000003814697,56.23361121283637,58.86520004272461,70.80566693623861,87.77059976577759,46.826393277206506,42.560001373291016,255.7899932861328,False,False,False,False,False,False,False,False,False,-81.71416797121643,ppv,236.63543224533217,False,False,False,False,,Power,Integrated Power Utilities,0.58167716917111,False,False
RPOWER.NS,2026-09-30,19.690000534057617,20.63083330790202,21.790000014834934,22.354599990844726,24.61813331604004,26.258249988555907,20.462606679435957,19.450000762939453,50.72999954223633,False,False,False,False,False,False,False,False,False,-55.61316442032942,red,100.14291983370592,False,False,False,True,,Power,Power Generation,5.332040717401842,False,False
RELIGARE.NS,2026-09-30,228.91000366210938,244.17750295003256,242.57083384195963,244.51800048828125,237.7941334025065,238.22280006408693,240.51303792940212,196.50999450683594,280.0,False,False,False,True,False,False,True,False,False,-9.374873517993343,noise,97.55301218880513,False,False,False,False,,Finance,Investment Company,52.835676199709155,False,False
REMSONSIND.NS,2026-09-30,113.93000030517578,103.75960159301758,94.53990427652995,91.49096267700196,92.86159703572591,98.54720127105713,108.02462904798912,75.15309929063858,151.95211661523493,True,False,False,False,True,True,False,True,False,-4.035512115899498,ppv,294.6001479701377,False,False,False,False,,Auto Components,Auto Components & Equipments,58.167716917111,False,False
REMUS.NS,2026-09-29,925.0499877929688,935.7860565185547,909.3833499484592,864.4009448242188,757.7577119954427,743.5263891601562,936.0413765347092,579.7067024217403,1006.4907481599214,True,True,True,True,True,True,True,False,False,19.11561092375864,noise,39.80288097043215,False,False,False,False,,Pharmaceuticals & Biotechnology,Pharmaceuticals,76.82985942801746,True,True
RGL.NS,2026-09-30,165.02000427246094,160.52166748046875,144.84277809990778,137.55880004882812,117.5538665262858,117.86769985198974,162.02481381809625,85.0,173.8000030517578,True,False,True,True,True,True,True,True,False,44.38708806593547,dry,17.122009012419788,False,False,False,False,,Consumer Durables,"Gems, Jewellery And Watches",86.37905962190983,True,False
REPCOHOME.NS,2026-09-30,341.70001220703125,349.09864044189453,353.77066209581164,361.9749279785156,378.222529296875,383.6003971862793,348.4802097750412,330.83652745166125,449.95124725771996,False,False,False,False,False,False,True,False,False,-4.201009716685721,noise,55.15533397979541,False,False,False,False,,Finance,Housing Finance Company,58.02229762481823,False,False
REPRO.NS,2026-09-30,318.6000061035156,304.6166687011719,313.30555725097656,329.7050006103516,353.84366617838543,374.7459999084473,310.27349047104747,276.1000061035156,590.0,False,False,False,False,False,False,False,True,False,-29.066011258380787,noise,72.32992357265799,False,True,False,False,,Printing & Publication,Printing & Publication,27.532719340765876,False,False
RESPONIND.NS,2026-09-30,165.3800048828125,161.59750111897787,159.30030314127603,163.0167611694336,168.17334279378255,173.19739318847655,162.7388617788733,117.18050072732538,240.7572086823752,False,False,False,False,True,True,False,True,False,-13.862848862072797,noise,27.263526461900163,False,False,False,False,,Consumer Durables,"Furniture, Home Furnishing",46.92195831313621,False,False
RBA.NS,2026-09-30,91.58000183105469,93.69583511352539,97.915833791097,92.02900054931641,75.35513338724772,72.70500007629394,93.18811555628692,57.150001525878906,111.1500015258789,True,True,True,True,False,True,True,False,False,17.727215263182728,dry,16.357668540037054,False,False,False,False,,Leisure Services,Restaurants,76.34512845370818,True,False
RVTH.NS,2026-09-30,669.7999877929688,665.2624969482422,712.9763912624783,712.2010021972657,678.7730008951822,676.8625006103516,668.713478298414,491.1000061035156,1169.699951171875,False,True,False,True,False,True,False,True,False,-39.736378854778444,noise,79.86653414738038,False,False,False,False,,Industrial Manufacturing,Industrial Products,15.172079495879787,False,False
REXPIPES.NS,2026-09-29,160.64999389648438,160.64999389648438,162.7624969482422,165.06899780273437,180.2766655476888,174.03574905395507,160.68892307824677,130.1999969482422,208.0,False,True,True,False,False,False,True,False,False,0.4062461853027388,dry,0.0,False,False,False,False,,Industrial Products,Plastic Products - Industrial,63.01502666020359,False,False
RHETAN.NS,2026-09-30,17.510000228881836,18.24500012397766,21.312222401301067,23.91360013961792,26.09566666285197,25.95475000858307,17.83821322471141,14.420000076293945,34.869998931884766,False,True,False,False,False,False,False,False,False,-18.671622524643816,noise,75.80678841673162,False,False,False,False,,Industrial Products,Iron & Steel Products,41.153659718856034,False,False
RHIM.NS,2026-09-30,384.8500061035156,377.5666732788086,374.2243482801649,381.78794677734373,385.1181013997396,400.25616317749024,382.38783923508055,320.9173739231228,504.94444206371475,False,False,False,False,True,False,True,True,False,-12.410693498531145,noise,59.54107883244774,False,True,False,False,,Industrial Products,Electrodes & Refractories,49.10324769752788,False,False
RICOAUTO.NS,2026-09-30,126.91999816894531,128.52166493733725,129.58395343356662,133.44776763916016,125.31679890950521,125.31107116699219,128.59376158135439,78.58512483629973,157.3196224733626,True,True,True,True,False,True,True,False,False,38.10904113942468,noise,33.21387072077492,False,False,False,False,,Auto Components,Auto Components & Equipments,84.58555501696559,True,False
RIR.NS,2026-09-30,,,,,,,,,,False,False,False,False,False,False,False,False,False,,red,156.20299746318008,False,False,False,False,,Electrical Equipment,Other Electrical Equipment,,False,False
RISHABH.NS,2026-09-30,703.0,738.4458262125651,728.5861070421007,702.5189978027344,569.272621866862,525.7462188720704,729.6063955571359,314.00355666259446,852.0,True,True,True,True,True,True,True,False,False,77.41656954129277,noise,42.72119242143901,False,False,False,False,,Electrical Equipment,Other Electrical Equipment,93.50460494425595,True,True
RITCO.NS,2026-09-30,280.25,287.2916717529297,301.3444476657444,300.6280029296875,256.81306752522784,255.99800048828126,286.25180549547355,167.10000610351562,331.1499938964844,True,True,False,True,False,True,True,False,False,7.809189013155837,noise,37.49544026171524,False,True,False,False,,Transport Services,Logistics Solution Provider,69.70431410567134,False,False
RITES.NS,2026-09-30,209.0500030517578,202.31819279988608,209.93975999620227,211.97260467529296,207.48949920654297,211.33060485839843,202.1318158601428,171.65342046038222,252.6160882566492,False,False,False,True,False,False,True,True,False,-11.933325092530655,ppv,3390.105696219419,False,False,False,False,,Construction,Civil Construction,49.58797867183713,False,False
RKEC.NS,2026-09-30,23.09000015258789,20.62250026067098,21.588611072964138,22.997399940490723,29.591533533732097,34.60075017929077,21.756507751932944,17.399999618530273,76.93000030517578,False,False,False,False,True,True,False,True,False,-67.89042000180788,red,346.6818920940174,False,False,False,False,,Construction,Civil Construction,1.6965584100824043,False,False
RMC.NS,2026-09-30,,,,,,,,,,False,False,False,False,False,False,False,False,False,,noise,49.13235833873112,False,False,False,False,,Electrical Equipment,Other Electrical Equipment,,False,False
RHL.NS,2026-09-30,165.17999267578125,172.45166778564453,169.49139022827148,169.9178009033203,177.05259969075522,180.78564994812012,169.5756198516446,160.97999572753906,273.8999938964844,False,False,False,False,False,False,False,False,False,-34.25671933302239,dry,11.403416928042391,False,False,False,False,,Leisure Services,Hotels & Resorts,20.746485700436256,False,False
ROCKINGDCE.NS,2026-09-29,215.89999389648438,222.43749872843424,211.75972069634332,203.97099853515624,192.48333251953125,198.67299926757812,219.82886472031657,123.9000015258789,283.8500061035156,True,False,False,True,True,True,True,False,False,6.881185097269493,noise,29.962546816479403,False,False,False,False,,Commercial Services & Supplies,Trading & Distributors,68.73485215705284,False,False
ROLEXRINGS.NS,2026-09-30,190.08999633789062,179.7116673787435,178.19277699788412,168.94659942626953,148.51133356730142,143.59940029144286,184.51989583213788,99.79000091552734,198.4499969482422,True,True,True,True,True,True,True,True,False,46.90108601547247,noise,26.115517145451395,False,False,False,False,,Auto Components,Auto Components & Equipments,87.59088705768299,True,True
ROLLT.NS,2026-09-30,4.980000019073486,5.628333330154419,4.515833344724443,3.974600005149841,2.6430666637420654,2.3124499988555907,5.465037673651049,1.0700000524520874,6.570000171661377,True,True,True,True,True,True,True,False,False,292.1259916429594,noise,67.7053749380597,False,False,False,False,,Industrial Products,Packaging,99.51526902569074,True,True
ROSSARI.NS,2026-09-30,417.95001220703125,438.89166768391925,467.61944410536023,479.15800048828123,489.0416615804036,503.1719317626953,437.8130033119723,374.6386314970258,689.6347499019316,False,False,False,False,False,False,False,False,False,-32.34362679118843,noise,94.58416674746766,False,False,False,False,,Chemicals & Petrochemicals,Specialty Chemicals,23.557925351429958,False,False
ROSSELLIND.NS,2026-09-30,50.869998931884766,52.614166259765625,55.527815183003746,56.07320114135742,53.85042556762696,52.01204614639282,52.15870952828281,39.715149491293374,73.0,False,True,False,True,False,False,False,False,False,-18.94501511719886,dry,17.291568712496463,False,True,False,False,,Agricultural Food & other Products,Tea & Coffee,40.814348036839554,False,False
ROSSTECH.NS,2026-09-30,1503.199951171875,1404.5932210286458,1215.7273796929253,1159.2065991210939,990.8518237304687,907.2098922729492,1413.0120108522308,551.7773507625232,1525.0,True,True,True,True,True,True,True,True,False,111.85487556667053,noise,66.85690730032408,False,False,True,False,,Aerospace & Defense,Aerospace & Defense,96.31604459524964,True,True
ROTO.NS,2026-09-30,64.58000183105469,63.00405343373617,64.31216600206163,65.16740814208984,61.975215632120765,62.27728483200073,63.39651370695692,47.35601402462706,80.52516439325045,True,False,False,True,False,True,True,True,False,-16.060179499244608,ppv,106.07709439897607,False,False,False,False,,Industrial Products,"Compressors, Pumps & Diesel Engines",44.01357246728066,False,False
ROUTE.NS,2026-09-30,445.0,466.5791702270508,491.6444566514757,505.62030517578125,507.04090698242186,533.8820030212403,462.463963543103,406.1171468902937,798.1971250028588,False,False,False,False,False,False,False,False,False,-42.59771991650984,dry,7.30879147139792,False,False,False,False,,Telecom - Services,Other Telecom Services,12.506059137178866,False,False
ROXHITECH.NS,2026-09-29,46.54999923706055,44.77623303731283,47.799289809332954,46.84672554016113,37.935118204752605,37.91647459030151,45.86225342490039,22.429000559739766,57.562884953624646,True,True,False,True,False,True,True,True,False,-4.162371653217534,noise,36.231884057971016,False,False,False,False,,IT - Services,IT Enabled Services,58.11924381968008,False,False
ROHLTD.NS,2026-09-30,299.8500061035156,303.2541681925456,303.1174731784397,305.94433166503904,321.02800720214844,335.70410842895507,303.66107522762735,267.17832741026103,558.3075308743254,False,False,False,False,False,False,False,False,False,-43.676724599485325,noise,37.45107237133121,False,True,False,False,,Leisure Services,Hotels & Resorts,11.682016480853125,False,False
RPGLIFE.NS,2026-09-30,3037.10009765625,2887.4333292643228,2744.719448513455,2753.892001953125,2370.293309733073,2312.855496826172,2937.829404582948,1716.0396604625457,3127.800048828125,True,True,True,True,True,True,True,True,False,37.28033148666445,red,189.01785714285714,False,True,False,False,,Pharmaceuticals & Biotechnology,Pharmaceuticals,84.14929714008726,True,True
RPPINFRA.NS,2026-09-30,51.4900016784668,53.52666727701823,56.13416682349311,57.387000274658206,65.45846682230632,72.06840002059937,53.260654045597306,50.20000076293945,134.0,False,False,False,False,False,False,False,False,False,-60.51077389409472,dry,18.114924047567285,False,False,False,False,,Construction,Civil Construction,3.4415899175957345,False,False
RPSGVENT.NS,2026-09-30,850.5,839.4958343505859,852.7652774386936,872.4739978027344,861.3496667480468,827.7422509765624,841.7351022997012,551.9000244140625,1179.0,False,True,True,True,False,True,False,True,False,3.6626226273229534,green,137.98068413927703,False,False,False,False,,Commercial Services & Supplies,Business Process Outsourcing (BPO)/ Knowledge Process Outsourcing (KPO),66.06883179835191,False,False
RRIL.NS,2026-09-30,,,,,,,,,,False,False,False,False,False,False,False,False,False,,noise,,False,False,False,True,,Textiles & Apparels,Other Textile Products,,False,False
RSDFIN.NS,2026-09-29,,,,,,,,,,False,False,False,False,False,False,False,False,False,,noise,,False,False,False,True,,Finance,Non Banking Financial Company (NBFC),,False,False
RSWM.NS,2026-09-30,208.60000610351562,217.41416549682617,209.71805572509766,211.24839996337892,183.51146692911783,174.39630001068116,215.77721223894304,120.0,238.0,True,True,True,True,False,True,True,False,False,41.117572566469974,noise,73.37549960197818,False,False,False,False,,Textiles & Apparels,Other Textile Products,85.84585555016966,True,False
RTSPOWR.NS,2026-09-30,,,,,,,,,,False,False,False,False,False,False,False,False,False,,noise,,False,False,False,False,,Electrical Equipment,Other Electrical Equipment,,False,False
RUBFILA.NS,2026-09-30,63.04999923706055,64.10249328613281,65.59752972920735,66.83621780395508,67.93509300231933,68.47561311721802,64.10817034274125,55.62143097923174,83.93197809217328,False,False,False,False,False,False,True,False,False,-20.591507111518524,noise,75.9505023196199,False,False,False,False,,Industrial Products,Rubber,38.53611245758604,False,False
RUBICON.NS,2026-09-30,,,,,,,,,,False,False,False,False,False,False,False,False,False,,noise,66.8631135122496,False,False,False,False,,Pharmaceuticals & Biotechnology,Pharmaceuticals,,False,False
RUBYMILLS.NS,2026-09-30,499.75,476.2842254638672,429.27052730984155,415.01253112792966,316.25247477213543,289.2873188018799,483.7026669130093,168.1055909008604,522.0,True,True,True,True,True,True,True,True,False,126.98125802538405,noise,66.14815533407285,False,True,False,False,,Textiles & Apparels,Other Textile Products,96.89772176442074,True,True
RUCHINFRA.NS,2026-09-30,4.909999847412109,5.1233333349227905,5.536111116409302,5.62539999961853,5.869800001780192,5.954550004005432,5.121711290923216,4.050000190734863,7.829999923706055,False,False,False,False,False,False,False,False,False,-34.707448671998996,red,183.58683159210497,False,False,False,False,,Commercial Services & Supplies,Diversified Commercial Services,19.77702375181774,False,False
RUCHIRA.NS,2026-09-30,103.25,105.12183634440105,103.504330529107,104.35430938720702,107.06003662109374,109.15171680450439,104.97466983822815,92.98980110310004,147.78509484921506,False,False,False,False,False,False,False,False,False,-25.17295191317549,noise,33.208149445596,False,False,False,False,,"Paper, Forest & Jute Products",Paper & Paper Products,32.81628696073679,False,False
RUDRA.NS,2026-09-30,,,,,,,,,,False,False,False,False,False,False,False,False,False,,dry,10.68705777175002,False,False,False,False,,Industrial Products,Iron & Steel Products,,False,False
REPL.NS,2026-09-30,59.349998474121094,59.304999669392906,61.715555085076225,62.71939971923828,69.63399993896485,78.72604976654053,60.06893475516524,56.0,154.49000549316406,False,False,False,False,False,False,False,False,False,-60.59097206587987,red,133.63827295125006,False,False,False,False,,Construction,Civil Construction,3.3446437227338826,False,False
RULKA.NS,2026-09-29,107.4000015258789,106.36249987284343,107.65833303663466,107.98599975585938,99.88699996948242,100.94874988555908,106.51617875129566,72.94999694824219,139.75,True,False,False,True,False,True,True,True,False,-16.420232275580616,green,107.77881911902531,False,False,False,False,,Construction,Civil Construction,43.480368395540474,False,False
RUPA.NS,2026-09-30,130.52000427246094,135.15000279744467,141.28324847751193,146.3516876220703,145.25823471069336,146.7037205886841,134.78510822895714,106.87728529779513,205.4165398473348,False,False,False,False,False,False,False,False,False,-33.30561989666212,noise,90.29533467602134,False,False,False,False,,Textiles & Apparels,Garments & Apparels,22.394571013087734,False,False
RUSHIL.NS,2026-09-30,16.139999389648438,16.205833355585735,16.42165462176005,16.72925157546997,16.27669132868449,17.466424136161805,16.220975370493036,12.451066323135663,29.90648475185387,False,False,False,False,False,False,False,False,False,-43.50848556887509,dry,14.934434797394808,False,True,False,False,,Consumer Durables,Plywood Boards/ Laminates,11.778962675714979,False,False
S&SPOWER.NS,2026-09-30,298.1499938964844,315.97083536783856,320.852781507704,322.5750030517578,350.167333984375,333.4013006591797,312.6583676182719,193.5,444.95001220703125,False,True,False,False,False,True,False,False,False,-24.21199834209027,red,248.95200615963725,False,False,False,False,,Electrical Equipment,Other Electrical Equipment,33.882695104217156,False,False
SAIL.NS,2026-09-30,181.49000549316406,177.22329457600912,179.98263676961264,176.4279656982422,173.29056091308593,166.80428218841553,179.80923249742028,122.397321356075,206.98966102070128,True,True,True,True,True,True,True,True,False,36.72401142565364,noise,78.14555702678422,False,False,False,False,,Ferrous Metals,Iron & Steel,83.95540475036356,True,True
SCI.NS,2026-09-30,270.5,274.17916107177734,284.6257781982422,285.68384155273435,284.54243764241534,270.2011508178711,275.083671319106,192.34996969124379,367.499792159746,False,True,True,True,False,True,False,False,False,24.95357982821065,noise,46.36783364791425,False,False,False,False,,Transport Services,Shipping,79.68977217644208,True,False
SCHAND.NS,2026-09-30,148.0800018310547,138.66583251953125,137.30861028035483,139.5627996826172,147.99034922281902,150.13133644104005,141.64358083831956,127.01304824091756,195.32956057106102,False,False,False,False,True,False,True,True,False,-17.767287830012002,noise,54.23005673519023,False,True,False,False,,Printing & Publication,Printing & Publication,42.0261754726127,False,False
SHK.NS,2026-09-30,141.02000427246094,138.87166595458984,148.9827766418457,152.32459869384766,140.1919332377116,146.21577030181885,140.46719582708462,111.9800033569336,242.11786059924776,False,False,False,True,False,False,False,True,False,-38.561475340360765,noise,21.869837065541795,False,False,False,False,,Chemicals & Petrochemicals,Specialty Chemicals,16.62627241880756,False,False
SJLOGISTIC.NS,2026-09-29,322.54998779296875,315.8624979654948,323.5194447835286,320.7990008544922,316.63166748046876,323.28850082397463,317.9219969903135,225.35000610351562,459.0,False,False,False,False,True,True,False,True,False,-22.2864721649239,noise,74.81908499938673,False,False,False,False,,Transport Services,Logistics Solution Provider,36.4032961706253,False,False
SPAL.NS,2026-09-30,964.5999755859375,973.4916585286459,985.1490614149305,993.200693359375,890.260625406901,841.7495153808594,970.8208523013474,598.3063263737936,1218.4508944923061,True,True,True,True,False,True,True,False,False,32.71099814688358,noise,40.88138552432618,False,False,False,False,,Textiles & Apparels,Garments & Apparels,82.88899660688318,True,False
SPIC.NS,2026-09-30,63.939998626708984,65.21288967132568,66.42678991953532,65.99318367004395,65.66464131673177,67.65670963287353,64.92051876349225,53.495922457248646,94.01107793053362,False,False,False,False,False,False,False,False,False,-28.22881518427073,noise,35.869981917777125,False,False,False,False,,Fertilizers & Agrochemicals,Fertilizers,28.647600581677167,False,False
STCINDIA.NS,2026-09-30,109.13999938964844,110.13250096638997,114.49472236633301,115.68580001831054,116.91353312174479,118.31464988708495,109.72585828649886,97.04000091552734,150.0,False,False,False,False,False,False,False,False,False,-15.578588783892911,noise,65.1272692544326,False,False,False,False,,Commercial Services & Supplies,Trading & Distributors,44.54677653902085,False,False
SVGLOBAL.NS,2026-09-30,,,,,,,,,,False,False,False,False,False,False,False,False,False,,noise,,False,False,False,False,,Realty,"Residential, Commercial Projects",,False,False
SALSTEEL.NS,2026-09-30,99.05999755859375,85.54999987284343,78.72666645050049,73.25019989013671,59.55386657714844,55.21739994049072,89.73183254804044,26.100000381469727,101.52999877929688,True,True,True,True,True,True,True,True,False,247.945205295904,green,194.64156463162917,False,False,True,False,,Ferrous Metals,Sponge Iron,99.22443044110518,True,True
SAAKSHI.NS,2026-09-29,367.0,366.0374984741211,322.2041651407878,315.32199829101563,260.29533223470054,241.0284992980957,363.23606244494835,147.39999389648438,381.45001220703125,True,True,True,True,True,True,True,True,False,108.9977148313165,noise,47.59238521836507,False,False,False,False,,Electrical Equipment,Other Electrical Equipment,96.073679108095,True,True
SAATVIKGL.NS,2026-09-30,413.54998779296875,421.74166615804035,418.20833502875433,422.0060003662109,431.35099955240884,422.46975006103514,421.8377666562972,328.0,567.0,False,True,False,False,False,False,False,False,False,-5.625290672611028,noise,23.88332802962363,False,True,False,False,,Electrical Equipment,Other Electrical Equipment,56.761997091614155,False,False
SAB.NS,2026-09-29,,,,,,,,,,False,False,False,False,False,False,False,False,False,,noise,,False,False,False,True,,Construction,Civil Construction,,False,False
SABAR.NS,2026-09-29,9.5,9.5,8.449999994701809,7.795,6.19233331044515,5.910499982833862,9.45668112264455,3.950000047683716,9.5,True,True,True,True,True,True,True,True,False,75.92592281896233,dry,0.0,False,False,True,False,,Industrial Products,Packaging,93.2622394571013,True,True
SADBHAV.NS,2026-09-30,7.150000095367432,7.473333319028218,7.96805555290646,8.211400012969971,8.746333328882853,8.76284999370575,7.402254015652878,6.050000190734863,14.699999809265137,False,False,False,False,False,False,False,False,False,-43.47825841121925,noise,48.895646640853634,False,False,False,False,,Construction,Civil Construction,11.924381968007754,False,False
SADBHIN.NS,2026-09-30,2.5999999046325684,2.5558332999547324,2.6174999674161277,2.5759999752044678,2.7305333312352498,2.9627999985218048,2.575583091862098,2.059999942779541,4.789999961853027,False,False,False,False,True,False,False,True,False,-34.34343738417734,noise,63.48467365222591,False,False,False,False,,Construction,Civil Construction,20.407174018419777,False,False
SADHNANIQ.NS,2026-09-30,2.5299999713897705,2.7516666452089944,2.8674999939070807,2.8469999980926515,2.465200006167094,3.232614592909813,2.7102448541802633,1.2699999809265137,10.800000190734863,False,False,False,False,False,True,False,False,False,-73.25581436376667,noise,67.38655354018344,False,False,False,False,,Chemicals & Petrochemicals,Commodity Chemicals,1.2603005332040718,False,False
SADHAV.NS,2026-09-29,110.0,107.74583307902019,112.23194419013129,113.6,112.50399988810221,110.32324985504151,108.08395867618702,86.30000305175781,128.85000610351562,False,True,True,True,False,False,True,True,False,-2.6117724904357265,noise,126.953125,False,False,False,False,,Transport Services,Shipping,60.00969461948619,False,False
SAFARI.NS,2026-09-30,1429.5999755859375,1483.3249816894531,1499.7388780381943,1511.58798828125,1550.3847444661458,1680.643021850586,1468.5228524309,1361.4252325150483,2504.019782423858,False,False,False,False,False,False,False,False,False,-35.40018867035719,red,151.5001226962171,False,True,False,False,,Consumer Durables,Plastic Products - Consumer,18.85603490063015,False,False
SAGCEM.NS,2026-09-30,148.63999938964844,150.2349993387858,157.8052775065104,162.789599609375,173.13039967854817,180.30184959411622,150.3389587086573,141.52000427246094,260.1499938964844,False,False,False,False,False,False,False,False,False,-41.039271800487434,noise,46.73668417104276,False,False,False,False,,Cement & Cement Products,Cement & Cement Products,13.96025206010664,False,False
SAGARDEEP.NS,2026-09-30,23.1299991607666,23.539166768391926,23.701666778988308,23.979000091552734,24.08286673227946,24.54865002632141,23.471759739842724,20.809999465942383,31.479999542236328,False,False,False,False,False,False,False,False,False,-13.338333840601823,noise,96.05998202359687,False,False,False,False,,Industrial Products,"Aluminium, Copper & Zinc Products",47.600581677169174,False,False
SAGILITY.NS,2026-09-30,42.58000183105469,44.72083377838135,44.56194464365641,44.230151901245115,41.93955996195475,43.91173812866211,44.17081573302846,35.748125066049155,57.700033807096844,False,False,False,True,False,False,False,False,False,0.14108634150358235,noise,49.829255132668024,False,True,False,False,,IT - Services,IT Enabled Services,62.72418807561804,False,False
SAHAJSOLAR.NS,2026-09-29,87.9000015258789,91.49583371480306,98.85833337571886,103.97699981689453,123.30333358764648,131.45625019073486,90.86652017201948,84.5,250.0,False,False,False,False,False,False,False,False,False,-61.83239237468694,red,116.66666666666667,False,False,False,True,,Electrical Equipment,Other Electrical Equipment,3.1022782355792535,False,False
SAHANA.NS,2026-09-29,806.0,853.9666646321615,865.9041646321615,843.8346643066407,871.061220296224,875.7816662597656,846.2736302998878,685.0,1221.449951171875,False,False,False,False,False,False,False,False,False,-32.18912867614097,noise,62.1206373292868,False,False,False,False,,IT - Services,IT Enabled Services,23.84876393601551,False,False
SAHYADRI.NS,2026-09-30,346.75,360.5458348592122,364.9897867838542,349.6123797607422,291.9199842325846,281.52289260864256,358.8986069052468,197.86802644015765,408.95001220703125,True,True,True,True,False,True,True,False,False,35.39572936926725,noise,31.215495476880754,False,False,False,False,,Other Construction Materials,Other Construction Materials,83.61609306834707,True,False
SAICAPI.NS,2026-09-30,,,,,,,,,,False,False,False,False,False,False,False,False,False,,noise,,False,False,False,False,,Commercial Services & Supplies,Diversified Commercial Services,,False,False
SAILIFE.NS,2026-09-30,1524.5,1574.933329264323,1532.897216796875,1478.6919970703125,1231.4966642252605,1147.1617477416992,1571.9697828065346,783.8499755859375,1697.0,True,True,True,True,True,True,True,False,False,77.12326924346546,noise,82.50535334801046,False,False,False,False,,Pharmaceuticals & Biotechnology,Pharmaceuticals,93.456131846825,True,True
SAIPARENT.NS,2026-09-30,,,,,,,,,,False,False,False,False,False,False,False,False,False,,ppv,318.10513415131607,True,False,False,False,,Pharmaceuticals & Biotechnology,Pharmaceuticals,,False,False
KALAMANDIR.NS,2026-09-30,76.2699966430664,77.93916702270508,83.1638895670573,84.39614013671876,95.94171834309896,103.20135330200195,78.15183018426335,75.37000274658203,219.27654356882928,False,False,False,False,False,False,False,False,False,-48.730722853009546,noise,86.24437049031374,False,True,False,False,,Retailing,Speciality Retail,8.482792050412021,False,False
SAKAR.NS,2026-09-30,1093.050048828125,1135.8958536783855,1026.9916737874348,985.8040063476562,787.9000018310547,697.389250793457,1121.682145414133,345.5,1229.8499755859375,True,True,True,True,True,True,True,False,False,205.02303061559832,noise,36.12435329024766,False,False,False,False,,Pharmaceuticals & Biotechnology,Pharmaceuticals,98.83664566165778,True,True
SAKSOFT.NS,2026-09-30,139.42999267578125,142.69416427612305,152.6397221883138,157.20587127685548,148.77529307047527,156.23248062133788,142.744351331503,107.23637904324156,222.25710155729428,False,False,False,True,False,True,False,False,False,-29.240990846233604,noise,40.13482919278859,False,False,False,False,,IT - Software,Computers - Software & Consulting,27.387300048473094,False,False
SAKHTISUG.NS,2026-09-30,18.010000228881836,18.37750005722046,19.33749993642171,18.74439998626709,17.598066685994468,17.68494999885559,18.435902781520447,13.520000457763672,23.290000915527344,True,False,False,True,False,True,True,False,False,-13.662513413616306,noise,26.88955012983076,False,True,False,False,,Agricultural Food & other Products,Sugar,47.16432380029084,False,False
SAKUMA.NS,2026-09-30,1.559999942779541,1.5783332983652751,1.6033333241939545,1.6141999888420104,1.7385333236058553,1.8144999980926513,1.5892905239219872,1.100000023841858,3.0999999046325684,False,False,False,False,False,True,False,False,False,-37.60000228881836,noise,83.06067972688939,False,False,False,False,,Commercial Services & Supplies,Trading & Distributors,17.20794958797867,False,False
SECL.NS,2026-09-29,3.0,3.0,3.0,3.0,3.2550000174840292,3.48200000166893,3.000000081645202,3.0,5.650000095367432,False,False,False,False,False,False,False,False,False,-46.90265576349688,dry,,False,False,False,True,,Construction,Civil Construction,9.112942317014056,False,False
SALASAR.NS,2026-09-30,4.079999923706055,4.71999994913737,5.335000011656019,5.489600009918213,6.423266665140788,6.940550003051758,4.606680246423631,3.799999952316284,10.989999771118164,False,False,False,False,False,False,False,False,False,-54.002255058102634,red,267.6863122488805,False,False,False,True,,Industrial Manufacturing,Industrial Products,6.204556471158507,False,False
SALONA.NS,2026-09-30,260.70001220703125,266.8999989827474,264.58815426296655,259.4141070556641,266.2213821411133,263.2650450134277,267.33710022180895,199.53333961766904,319.2533428458128,False,True,False,False,True,True,True,False,False,8.2117490684956,dry,4.909108583649266,False,False,False,False,,Textiles & Apparels,Other Textile Products,70.09209888511876,True,False
SALZERELEC.NS,2026-09-30,536.4000244140625,543.3208414713541,551.5010460747612,560.1165393066407,600.2884828694662,609.2808772277832,541.284234868697,486.5670256209939,948.1487230418616,False,False,False,False,False,False,False,False,False,-28.461774524272542,noise,36.56351923477439,False,False,False,False,,Electrical Equipment,Other Electrical Equipment,28.30828889966069,False,False
SAMBANDAM.NS,2026-09-30,,,,,,,,,,False,False,False,False,False,False,False,False,False,,noise,,False,False,False,False,,Textiles & Apparels,Other Textile Products,,False,False
SAMBHAAV.NS,2026-09-30,5.739999771118164,5.910000006357829,6.088333341810438,6.162999992370605,6.4375333372751875,6.954400005340577,5.8885847617671105,5.070000171661377,11.529999732971191,False,False,False,False,False,False,False,False,False,-5.901641625289322,red,418.32272754908723,False,False,False,False,,Media,Electronic Media,56.51963160445953,False,False
SAMBHV.NS,2026-09-30,164.89999389648438,149.3275006612142,134.5255561404758,130.18000045776367,116.12566685994466,110.61610019683837,153.54212801942379,81.41999816894531,167.30999755859375,True,True,True,True,True,True,True,True,False,52.55805299595442,ppv,151.45678486808382,False,False,True,False,,Industrial Products,Iron & Steel Products,88.89966068831798,True,True
SAIFL.NS,2026-09-29,4.25,4.308333396911621,4.715277791023254,4.811000032424927,6.679666706720988,8.01050002336502,4.311651836885117,4.099999904632568,20.25,False,False,False,False,False,False,False,False,False,-74.70237980353855,noise,58.358433734939766,False,False,False,False,,Agricultural Food & other Products,Other Agricultural Products,1.16335433834222,False,False
SAMHI.NS,2026-09-30,153.67999267578125,156.89583206176758,157.52333323160806,162.6697998046875,160.82206685384114,164.78990036010742,155.39417164346116,127.0,217.3000030517578,False,False,False,False,False,False,False,False,False,-21.60383939562025,noise,64.09047439512653,False,False,False,False,,Leisure Services,Hotels & Resorts,37.27581192438197,False,False
SAMPANN.NS,2026-09-30,24.170000076293945,24.21250009536743,25.100833415985107,25.717000045776366,27.267333221435546,28.581499938964843,24.231294832185082,23.06999969482422,43.439998626708984,False,False,False,False,False,False,False,False,False,-10.877583597533702,noise,21.926898478015282,False,False,False,False,,Industrial Products,Rubber,50.75133301017936,False,False
MOTHERSON.NS,2026-09-30,163.25999450683594,161.86166636149088,164.75638834635416,161.67519989013672,141.3614175415039,136.0022889328003,162.39586290119826,100.52274639930697,173.27000427246094,True,True,True,True,True,True,True,True,False,55.27813088175728,noise,99.0868211785315,False,False,False,False,,Auto Components,Auto Components & Equipments,89.62675714978187,True,True
SANATHAN.NS,2026-09-30,508.1499938964844,492.4124984741211,472.0861121283637,474.1310009765625,439.69200012207034,437.7154997253418,501.71804053731074,352.6000061035156,544.2999877929688,True,True,False,True,True,True,True,True,False,1.6299987792968818,noise,90.68340713152429,False,False,False,False,,Textiles & Apparels,Other Textile Products,64.51769268056229,False,False
SANDESH.NS,2026-09-30,999.2999877929688,1027.8166758219402,1038.4869367811416,1032.2974829101563,993.2022709147135,1005.502036743164,1024.3917716513652,807.2328449654277,1264.1007007758396,False,False,False,True,False,False,True,False,False,-14.454365925309155,noise,27.00654868214537,False,False,False,False,,Media,Print Media,45.95249636451769,False,False
SANDHAR.NS,2026-09-30,585.9000244140625,587.2833353678385,619.6058959960938,619.5769787597657,588.4908846028646,574.1382997131348,587.5320755966375,421.2961280525958,758.3330403781767,False,True,True,True,False,True,True,False,False,32.55261294481151,noise,64.25905452705365,False,False,False,False,,Auto Components,Auto Components & Equipments,82.84052350945225,True,False
SANDUMA.NS,2026-09-30,182.17999267578125,183.26999791463217,194.2602767944336,197.53119018554688,204.31123413085936,208.74449615478517,184.34413740641125,164.64624352641403,272.33215508462166,False,False,False,False,False,False,False,False,False,8.159161001438209,noise,43.47567060413697,False,False,False,False,,Ferrous Metals,Iron & Steel,69.94667959282597,False,False
SANGANI.NS,2026-09-29,56.29999923706055,52.00000031789144,52.7402778201633,50.34000007629395,47.66200017293294,48.49275016784668,52.83054400519754,37.0,73.69999694824219,True,False,False,True,True,True,True,True,False,-23.60922446632021,green,232.55813953488374,False,False,False,False,,Healthcare Services,Hospital,34.65826466311197,False,False
SANGHVIMOV.NS,2026-09-30,455.20001220703125,436.1041666666667,454.262080722385,454.51943115234377,377.6592370605469,360.3872987365723,444.8945430012086,222.89884643051099,525.873954285097,True,True,True,True,True,True,True,True,False,26.726832200046992,noise,49.119897685650216,False,False,False,False,,Commercial Services & Supplies,Diversified Commercial Services,80.56228793019874,True,True
SANGINITA.NS,2026-09-29,69.56999969482422,70.86166636149089,61.68333307902018,61.84359977722168,39.2345999399821,32.2905499458313,70.5157417627504,9.260000228881836,76.88999938964844,True,True,True,True,True,True,True,False,False,602.7272967223851,dry,9.528848324430802,False,False,False,False,,Chemicals & Petrochemicals,Specialty Chemicals,99.85458070770721,True,True
SANOFICONR.NS,2026-09-30,3802.800048828125,3968.9333292643228,4140.641689724393,4270.958032226563,4440.783907877604,4389.734201660156,3945.6468900120262,3796.0,5175.356390056189,False,True,False,False,False,False,False,False,False,-19.56418234654329,noise,70.64696260364374,False,False,False,True,,Pharmaceuticals & Biotechnology,Pharmaceuticals,39.89335918565196,False,False
SANOFI.NS,2026-09-30,3057.0,3092.3833211263022,3156.8277723524307,3214.0379931640623,3317.277705078125,3494.213203125,3090.765315454467,3049.0,4756.042904691189,False,False,False,False,False,False,False,False,False,-33.09436795609797,noise,67.46548090158294,False,False,False,False,,Pharmaceuticals & Biotechnology,Pharmaceuticals,22.58846340281144,False,False
SANSERA.NS,2026-09-30,4537.5,4353.516682942708,4064.5372450086807,3895.3219384765625,3058.5459806315102,2765.0634301757814,4417.006312227041,1362.8258521500732,4743.5,True,True,True,True,True,True,True,True,False,231.0068025623748,noise,92.34787775288625,False,False,False,False,,Auto Components,Auto Components & Equipments,99.17595734367426,True,True
SANSTAR.NS,2026-09-30,104.94000244140625,110.53916676839192,109.51583353678386,110.42259994506836,103.6094662475586,100.52499977111816,108.62085078524962,74.30000305175781,137.49000549316406,True,True,True,True,False,True,True,False,False,10.381826841553444,noise,26.17537878008242,False,False,False,False,,Agricultural Food & other Products,Other Agricultural Products,72.07949587978672,True,False
SANWARIA.NS,2026-09-30,0.1899999976158142,0.18999999885757765,0.19138888807760346,0.19399999976158142,0.21053333222866058,0.22574999868869783,0.18988810231778377,0.18000000715255737,0.3499999940395355,False,False,False,False,False,False,False,True,False,-44.1176483478513,noise,99.00527623982693,False,False,False,False,,Food Products,Other Food Products,11.439650993698496,False,False
SAPPHIRE.NS,2026-09-30,212.0800018310547,225.4375,231.02388932969836,221.6838003540039,192.6891334025065,199.65560012817383,221.78954571983448,139.91000366210938,310.5,True,False,False,True,False,True,False,False,False,-27.81483640479232,noise,20.497347370680387,False,True,False,False,,Leisure Services,Restaurants,29.32622394571013,False,False
SARTELE.NS,2026-09-29,91.94999694824219,82.05833435058594,93.16111140780978,99.89100021362304,135.56500005086264,158.59999980926514,86.14154503820309,72.4000015258789,264.8500061035156,False,False,False,False,False,False,False,True,False,-50.683830274469166,green,127.56984712704269,False,False,False,False,,Telecom - Services,Telecom - Infrastructure,7.707222491517209,False,False
ZSARACOM.NS,2026-09-30,,,,,,,,,,False,False,False,False,False,False,False,False,False,,noise,,False,True,False,False,,Finance,Non Banking Financial Company (NBFC),,False,False
SSDL.NS,2026-09-30,75.80999755859375,65.78048769632976,60.210565355088974,57.81692443847656,56.97223292032878,60.26206577301026,69.63753391951815,44.50021332615818,87.44798361951328,True,False,False,False,True,True,True,True,False,-10.106846958960725,red,185.34190661715974,False,False,False,False,,Textiles & Apparels,Garments & Apparels,52.108579738245275,False,False
SARDAEN.NS,2026-09-30,497.29998779296875,501.30833689371747,508.5676210191515,507.6837524414062,526.0718593343099,519.8205499267578,501.9254856387023,451.3682929916116,621.6151182855507,False,True,False,False,False,False,True,False,False,-9.825159977010722,noise,23.389560673815975,False,False,False,False,,Ferrous Metals,Iron & Steel,52.49636451769268,False,False
SAREGAMA.NS,2026-09-30,506.54998779296875,495.39166768391925,500.84305487738715,506.99499877929685,434.1113319905599,412.2012484741211,497.7117350703004,307.04998779296875,574.5,True,True,True,True,False,True,True,True,False,10.284294519248682,ppv,103.55035203511997,False,False,False,False,,Entertainment,Media & Entertainment,71.93407658749395,True,False
SARLAPOLY.NS,2026-09-30,93.95999908447266,97.62249946594238,99.73055542839899,99.93360000610352,93.56152806599935,91.07642211914063,97.61254804788588,67.07889869852855,111.0,True,True,True,True,False,True,True,False,False,1.290325339867393,noise,52.893082771331024,False,False,False,False,,Textiles & Apparels,Other Textile Products,64.32380029083859,False,False
SAROJA.NS,2026-09-29,38.900001525878906,40.191667238871254,37.94305578867594,35.63600017547608,33.36299995422363,34.26724996566772,39.82385330936661,28.0,48.0,True,False,False,True,True,True,True,False,False,-10.983979755742412,dry,0.0,False,False,False,False,,Chemicals & Petrochemicals,Specialty Chemicals,50.36354823073195,False,False
SMLT.NS,2026-09-30,61.81999969482422,60.40416685740153,64.71527703603108,65.66099967956544,68.57019981384278,71.41359991073608,60.590399135167864,56.61000061035156,121.0,False,False,False,False,False,False,False,True,False,-41.441697571724944,green,176.1694067508176,False,False,False,False,,Industrial Products,Iron & Steel Products,13.427047988366455,False,False
SARVESHWAR.NS,2026-09-30,3.490000009536743,3.6416666905085244,3.5730555918481617,3.525600037574768,3.6062666845321654,3.758150019645691,3.58415817341825,2.5,6.639999866485596,False,False,False,False,False,True,False,False,False,-41.34453577456869,noise,63.28424896408207,False,True,False,False,,Agricultural Food & other Products,Other Agricultural Products,13.475521085797382,False,False
SASKEN.NS,2026-09-30,1672.699951171875,1709.0999857584636,1828.5083312988281,1839.5319995117188,1717.0015014648438,1615.8016882324218,1708.3509026307797,983.9739616389734,2760.488858956468,False,True,True,True,False,True,False,False,False,24.277548600880184,noise,52.697334168996235,False,False,False,False,,IT - Services,IT Enabled Services,79.35046049442559,True,False
SATIPOLY.NS,2026-09-29,33.79999923706055,34.71666685740153,39.41805574629042,40.00400016784668,37.531333440144856,41.84275005340576,34.46449519274465,27.149999618530273,81.0,False,False,False,False,False,False,False,False,False,-45.702812470585464,noise,57.03422053231939,False,True,False,False,,Industrial Products,Packaging,9.646146388754241,False,False
SATIA.NS,2026-09-30,69.69999694824219,67.63183720906575,62.84007549285889,62.47559982299805,60.99170290629069,61.892183513641356,67.73105355867042,50.4985618031077,83.3027463755602,True,False,False,True,True,True,True,True,False,-11.936636376921284,green,145.28066652584008,False,False,False,False,,"Paper, Forest & Jute Products",Paper & Paper Products,49.539505574406206,False,False
SAURASHCEM.NS,2026-09-30,54.529998779296875,53.45583311716715,55.98999998304579,57.24199996948242,58.77353342692057,62.93820014953613,54.03316746146426,47.650001525878906,112.25,False,False,False,False,False,False,False,True,False,-48.20970813454023,dry,18.75206963366851,False,False,False,False,,Cement & Cement Products,Cement & Cement Products,8.579738245273873,False,False
SBC.NS,2026-09-30,58.290000915527344,50.63750012715658,45.20888900756836,44.23700004577637,38.75600009918213,36.42190004348755,52.10816807534606,21.149999618530273,59.5,True,True,True,True,True,True,True,True,False,171.3687251292122,ppv,347.7467346687923,True,False,True,False,,Textiles & Apparels,Garments & Apparels,98.40038778477945,True,True
SBICARD.NS,2026-09-30,578.0499877929688,617.6166687011719,638.477779812283,642.3430017089844,644.9433524576823,686.6577606201172,609.5921481519683,565.4500122070312,961.6311031378486,False,False,False,False,False,False,False,False,False,-33.85311796395379,noise,27.20178867384291,False,False,False,False,,Finance,Non Banking Financial Company (NBFC),21.376635967038293,False,False
SEJALLTD.NS,2026-09-30,674.0,671.7999979654948,671.4624972873264,690.8069982910156,683.3273345947266,700.1232496643066,670.9176340488763,381.0,1036.699951171875,False,False,False,False,False,True,False,True,True,-12.1766904320306,noise,44.99885409382327,False,False,False,False,,Industrial Products,Glass - Industrial,49.24866698982065,False,False
SENORES.NS,2026-09-30,1385.800048828125,1383.1166687011719,1451.5694478352864,1426.0000024414062,1163.2180004882812,1075.373000793457,1387.0078611171887,684.5999755859375,1599.0,True,True,True,True,False,True,True,False,False,101.39516029601299,red,107.08785710474535,False,True,False,False,,Pharmaceuticals & Biotechnology,Pharmaceuticals,95.34658264663112,True,False
SETCO.NS,2026-09-30,18.309999465942383,17.62083339691162,17.460555712382,17.55940013885498,15.313662859598795,13.471885211467743,17.927289851981467,6.30912658406512,19.770000457763672,True,True,True,True,True,True,True,True,False,81.05123375016596,red,117.494238312754,False,False,False,False,,Auto Components,Auto Components & Equipments,93.74697043141057,True,True
SEYAIND.NS,2026-09-30,13.449999809265137,13.366666634877523,12.711666610505846,12.636000003814697,12.680199998219807,13.740649981498718,13.416669118340177,8.539999961853027,23.989999771118164,False,False,False,False,True,True,False,True,False,-18.878167242725073,noise,98.881814295678,False,False,False,False,,Chemicals & Petrochemicals,Specialty Chemicals,40.911294231701405,False,False
SHALPAINTS.NS,2026-09-30,80.62000274658203,79.06583340962727,82.04777802361383,79.97380020141601,60.56206672668457,61.14595003128052,78.84313536393906,35.209999084472656,95.94999694824219,True,False,True,True,True,True,True,True,False,-3.310139838992132,dry,18.756855440028804,False,False,False,False,,Consumer Durables,Paints,58.99175957343674,False,False
SEIL.NS,2026-09-30,,,,,,,,,,False,False,False,False,False,False,False,False,False,,noise,,False,True,False,False,,Other Consumer Services,Education,,False,False
SHINDL.NS,2026-09-30,,,,,,,,,,False,False,False,False,False,False,False,False,False,,noise,,False,True,False,False,,Food Products,Seafood,,False,False
SHEKHAWATI.NS,2026-09-30,31.68000030517578,24.930833339691162,19.996388885709976,18.02240001678467,15.07293333053589,15.49715000629425,26.45155913078394,9.119999885559082,31.68000030517578,True,False,False,True,True,True,True,True,False,45.25447538247762,noise,23.99069906649881,False,False,True,False,,Textiles & Apparels,Other Textile Products,86.6698982064954,True,False
SHIGAN.NS,2026-09-29,58.29999923706055,62.03749974568685,65.72060351901584,65.10017127990723,65.10265785217285,63.026394062042236,61.41836781557036,40.91087714844722,87.38245391845703,False,True,True,False,False,True,False,False,False,-16.720549754624425,noise,64.51612903225806,False,False,False,False,,Auto Components,Auto Components & Equipments,43.092583616093066,False,False
SHILCTECH.NS,2026-09-30,,,,,,,,,,False,False,False,False,False,False,False,False,False,,noise,38.206108343951506,False,True,False,False,,Electrical Equipment,Other Electrical Equipment,,False,False
SHIVACEM.NS,2026-09-30,,,,,,,,,,False,False,False,False,False,False,False,False,False,,noise,,False,False,False,True,,Cement & Cement Products,Cement & Cement Products,,False,False
SHIVAMILLS.NS,2026-09-30,58.13999938964844,60.18333339691162,60.78416686587863,61.027200088500976,59.998933436075845,59.35580007553101,59.9172129333983,43.0099983215332,74.0,False,True,False,True,False,True,True,False,False,-18.71941789201308,noise,27.050295480634322,False,False,False,False,,Textiles & Apparels,Other Textile Products,41.10518662142511,False,False
SHIVATEX.NS,2026-09-30,166.8699951171875,171.4758326212565,171.64933480156793,168.10612426757814,157.54941380818684,161.36817211151123,170.1390320368822,125.60463109619725,217.13280170111076,True,False,False,True,False,True,True,False,False,-11.529338974987036,dry,8.329567424037823,False,False,False,False,,Textiles & Apparels,Other Textile Products,49.92729035385361,False,False
SHRADHA.NS,2026-09-30,30.5,30.30416663487752,31.646851433648003,32.203943481445314,33.7200594329834,34.84838987350464,30.24813371115215,25.86654286634685,50.878722786853224,False,False,False,False,False,False,False,True,False,-33.16490656711415,dry,4.044823344135485,False,False,False,False,,Realty,"Residential, Commercial Projects",22.539990305380513,False,False
SHREEOSFM.NS,2026-09-29,51.0,51.80000019073486,56.10972245534261,56.7260001373291,64.00633336385091,67.97024997711182,51.97003192378015,49.0,123.94999694824219,False,False,False,False,False,False,False,False,False,-54.86725663716814,noise,40.21447721179624,False,False,False,False,,Transport Services,Road Transport,5.816771691711101,False,False
SIS.NS,2026-09-30,419.1000061035156,417.8083318074544,422.080554538303,424.71199890136717,387.0109989420573,371.46959564208987,417.0348093592416,257.04998779296875,480.95001220703125,True,True,True,True,False,True,True,True,False,23.934409038529925,green,119.66384539390513,False,True,False,False,,Other Consumer Services,Other Consumer Services,79.05962190984003,True,False
SKIL.NS,2026-09-29,0.9700000286102295,0.9216666668653488,0.8766666634215249,0.894399995803833,0.9386000005404155,1.0091999995708465,0.9313861261792267,0.7799999713897705,1.5499999523162842,False,False,False,False,True,False,False,True,False,-34.01360478017889,dry,0.0,False,False,False,False,,Construction,Civil Construction,21.134270479883664,False,False
SKP.NS,2026-09-29,166.9499969482422,163.19166692097983,159.03194427490234,159.44699981689453,157.2710004679362,160.3082504272461,163.13278361060435,137.0,233.0,True,False,False,False,True,False,False,True,False,-25.882354296007904,green,193.27731092436974,False,False,False,False,,Industrial Products,Abrasives & Bearings,31.895298109549202,False,False
SKYGOLD.NS,2026-09-30,810.7000122070312,796.2624969482422,799.9180552164713,768.0340002441407,564.4539990234375,506.85249908447264,802.0218246502565,259.0,868.7999877929688,True,True,True,True,True,True,True,True,False,207.9582192619302,noise,66.80700266054403,False,False,False,False,,Consumer Durables,"Gems, Jewellery And Watches",98.88511875908871,True,True
SMVD.NS,2026-09-29,15.300000190734863,15.300000270207724,15.993055688010323,15.603000202178954,12.87533338546753,11.724750075340271,15.195888813582897,5.599999904632568,17.049999237060547,True,True,True,True,False,True,True,True,False,118.57143129621232,green,217.39130434782606,False,False,False,False,,Industrial Products,Plastic Products - Industrial,96.55841008240427,True,False
SONAMLTD.NS,2026-09-30,68.1500015258789,69.00500043233235,66.9475007587009,63.40045837402344,56.675584157307945,52.932267894744875,68.79786938197537,37.192837659100036,80.31999969482422,True,True,True,True,True,True,True,False,False,49.98817481129863,noise,82.24618040523912,False,True,False,False,,Consumer Durables,Consumer Electronics,88.31798351914686,True,True
SGL.NS,2026-09-30,8.5600004196167,9.315833489100138,9.761944479412502,9.792000007629394,10.619800020853678,11.032050023078918,9.22642836958303,8.399999618530273,17.239999771118164,False,False,False,False,False,False,False,False,False,-45.581686784971595,red,731.2883520827579,False,False,False,False,,Textiles & Apparels,Other Textile Products,9.79156568104702,False,False
SUBEXLTD.NS,2026-09-30,19.729999542236328,20.3025000890096,18.382499933242798,16.861999969482422,12.423799994786581,11.94979997396469,20.245014210131053,6.610000133514404,22.799999237060547,True,True,True,True,True,True,True,False,False,65.10460131504907,red,108.00889030702363,False,False,False,False,,IT - Software,Software Products,91.61415414444983,True,True
SUDARSCHEM.NS,2026-09-30,1203.9000244140625,1217.8000081380208,1208.8055657280815,1166.8536279296875,978.7289501953124,965.4101910400391,1216.3374088951184,723.169537946061,1399.9462520729792,True,True,True,True,True,True,True,False,False,-10.754393688417895,ppv,98.35034766128783,False,False,False,False,,Chemicals & Petrochemicals,Dyes And Pigments,50.94522539990305,False,False
SUMEDHA.NS,2026-09-30,,,,,,,,,,False,False,False,False,False,False,False,False,False,,noise,,False,False,True,False,,Finance,Other Financial Services,,False,False
SUMEETINDS.NS,2026-09-30,10.920000076293945,10.665000041325888,11.896666712231106,14.780200061798096,24.303872343699137,25.115954289436342,11.075538649368172,9.260000228881836,40.5,False,False,False,False,False,False,False,False,False,-68.43748132509518,noise,22.45447054852376,False,False,False,False,,Textiles & Apparels,Other Textile Products,1.4541929229277752,False,False
SUNPHARMA.NS,2026-09-30,1816.5999755859375,1849.5916748046875,1885.463894314236,1907.072001953125,1840.2960888671876,1803.834510498047,1848.7958871375358,1569.3658720691096,2046.9000244140625,False,True,True,True,False,False,True,False,False,14.984134190718557,red,128.23669295096408,False,False,False,False,,Pharmaceuticals & Biotechnology,Pharmaceuticals,75.27872031022783,True,False
SUNTV.NS,2026-09-30,605.0,499.05833943684894,479.2012184990777,482.29558837890625,525.7435850016276,533.6399397277833,521.222684431443,447.20001220703125,663.9000244140625,True,False,False,False,True,True,True,True,False,18.299643131383082,ppv,2484.7428150084456,False,False,False,False,,Entertainment,TV Broadcasting & Software Production,76.44207464857004,True,False
SUNCLAY.NS,2026-09-30,1228.9000244140625,1245.8000081380208,1267.7888963487412,1271.7400073242188,1327.9909545898438,1310.9513439941406,1244.3346850835453,1108.7626995679627,1721.7306094893552,False,True,False,False,False,False,False,False,False,-24.840045753794204,noise,55.34418383585679,False,False,False,False,,Auto Components,Auto Components & Equipments,33.05865244789142,False,False
SUNFLAG.NS,2026-09-30,456.04998779296875,386.2333297729492,359.9760470920139,361.61832336425783,327.7101705932617,309.08632019042966,409.4220997320847,191.59368881133625,471.0,True,True,True,True,True,True,True,True,False,74.33739673692654,red,155.33871716438637,False,False,False,False,,Industrial Products,Iron & Steel Products,92.97140087251576,True,True
SUNRAKSHAK.NS,2026-09-30,,,,,,,,,,False,False,False,False,False,False,False,False,False,,noise,,False,False,False,True,,Textiles & Apparels,Other Textile Products,,False,False
SUPERHOUSE.NS,2026-09-30,160.0500030517578,165.66666793823242,168.24944474962024,165.55440032958984,156.26200032552083,155.39710037231444,164.317969498612,128.5500030517578,189.0,True,True,True,True,False,False,True,False,False,-6.359697656001073,noise,33.406989083558216,False,True,False,False,,Consumer Durables,Leather And Leather Products,56.03490063015026,False,False
SUPREMEIND.NS,2026-09-30,3451.0,3446.9083455403647,3514.3055487738716,3497.3939892578123,3559.639339192708,3558.1437414550783,3468.1372272066915,3140.0,4251.447951229625,False,True,False,False,False,False,True,False,False,-17.398353307689863,noise,76.14927362248562,False,False,False,False,,Industrial Products,Plastic Products - Industrial,42.31701405719826,False,False
SUPREMEINF.NS,2026-09-30,73.9000015258789,79.93083381652832,83.93777804904514,84.56599990844727,79.49579991658528,80.89899997711181,79.42555131605852,58.11000061035156,110.87999725341797,False,False,False,True,False,False,False,False,False,-29.464537659914537,noise,99.44622816761246,False,False,False,False,,Construction,Civil Construction,27.24188075618032,False,False
SURAKSHA.NS,2026-09-30,355.3999938964844,344.0458297729492,329.05555470784503,307.72100006103517,284.91759958903,282.31419914245606,347.7543930049971,224.10000610351562,360.0,True,True,True,True,True,True,True,True,False,19.261742918283353,ppv,59.04422229161111,False,True,False,False,,Healthcare Services,Healthcare Service Provider,76.87833252544837,True,True
SURANASOL.NS,2026-09-30,24.8700008392334,25.286666870117188,25.649722417195637,25.892800178527832,25.481000073750813,25.470300045013428,25.223719919102436,18.309999465942383,34.5099983215332,False,True,False,True,False,True,False,False,False,-22.547491851445645,noise,27.748383373779305,False,False,False,False,,Electrical Equipment,Heavy Electrical Equipment,36.112457586039746,False,False
SURANAT&P.NS,2026-09-30,15.84000015258789,15.956666866938273,16.159444517559475,16.64840009689331,17.714000034332276,18.039200043678285,15.94222163821847,15.5,24.1200008392334,False,False,False,False,False,False,False,False,False,-26.90355285270084,noise,24.15531874672286,False,False,False,False,,Power,Power Generation,30.63499757634513,False,False
SURANI.NS,2026-09-29,98.44999694824219,94.75416628519694,96.46944342719183,97.02499923706054,104.39433303833007,93.22224979400634,96.21658839385944,47.29999923706055,143.60000610351562,False,True,True,False,True,True,False,True,False,11.874996532093384,dry,5.824111822947001,False,True,False,False,,Industrial Products,Iron & Steel Products,73.19437712069802,True,False
SBGLP.NS,2026-09-30,22.84000015258789,23.135833104451496,23.718162218729656,24.057149391174317,25.40457887013753,27.464264469146727,23.19181709808133,18.251872440991676,40.681285596448745,False,False,False,False,False,False,False,False,False,-36.89805886277855,noise,49.13986954910112,False,True,False,False,,Realty,"Residential, Commercial Projects",17.741153659718854,False,False
SURYAROSNI.NS,2026-09-30,221.3699951171875,215.3858324686686,217.24503453572592,223.21737243652345,231.74570963541666,236.54793983459473,218.30696791086353,185.2067002350832,308.0746845932235,False,False,False,False,False,False,False,True,False,-21.06637219564448,noise,51.64303491667614,False,False,False,False,,Industrial Products,Iron & Steel Products,37.85748909355308,False,False
SURYALAXMI.NS,2026-09-30,58.79999923706055,57.27416674296061,57.97361077202691,58.19179969787598,57.42293312072754,57.49969984054565,57.55012676383238,43.0,67.69999694824219,True,False,False,True,True,True,True,True,False,-9.189190367474055,green,116.67001823961279,False,False,False,False,,Textiles & Apparels,Other Textile Products,53.078041686863784,False,False
SURYODAY.NS,2026-09-30,145.16000366210938,146.1241658528646,151.14527681138782,156.07259887695312,155.4025183614095,150.20011791229248,146.51987178721743,114.47672068195065,218.0,False,True,True,True,False,False,False,False,False,9.522103460399855,dry,6.063129756978937,False,False,False,False,,Banks,Other Bank,71.40087251575376,True,False
SUTLEJTEX.NS,2026-09-30,37.5,38.014166514078774,38.641666412353516,38.548799743652346,36.14479996999105,34.77939998626709,37.80649401842116,24.0,42.93000030517578,True,True,True,True,False,True,True,False,False,8.287608557214998,noise,79.20707538266566,False,True,False,False,,Textiles & Apparels,Other Textile Products,70.1890450799806,True,False
SUVEN.NS,2026-09-30,320.20001220703125,334.4291687011719,352.19444444444446,341.80799987792966,266.43906733194984,238.6900006866455,333.0614936293742,124.11000061035156,403.3500061035156,True,True,True,True,False,True,True,False,False,56.7993740168109,noise,57.03588528911793,False,False,False,False,,Healthcare Services,"Healthcare Research, Analytics & Technology",90.0630150266602,True,False
SUVIDHAA.NS,2026-09-30,2.0899999141693115,2.1958333452542624,2.287500003973643,2.355999994277954,2.638000001907349,2.809850004911423,2.17878001930073,1.7699999809265137,4.25,False,False,False,False,False,False,False,False,False,-47.619049895391605,noise,63.513008645447236,False,True,False,False,,Financial Technology (Fintech),Financial Technology (Fintech),8.822103732428502,False,False
SUYOG.NS,2026-09-30,695.0999755859375,659.7083384195963,715.8703799777561,756.591865234375,759.445390625,720.0833810424805,669.5500574511443,527.2112614483941,919.773963233286,False,True,False,False,False,True,True,True,False,-12.616597978518229,green,265.16231225498166,False,False,False,False,,Telecom - Services,Telecom - Infrastructure,48.86088221037324,False,False
SUZLON.NS,2026-09-30,39.4900016784668,41.63750044504801,44.80916659037272,45.94679992675781,49.345866673787434,49.25724992752075,41.1683715725367,38.189998626708984,61.5,False,True,False,False,False,False,False,False,False,-28.265209399164725,noise,85.04145361414201,False,False,False,True,,Electrical Equipment,Heavy Electrical Equipment,28.550654386815317,False,False
SVPGLOB.NS,2026-09-30,3.130000114440918,3.305833339691162,3.5708333320087857,3.6450000047683715,3.520466678937276,3.5378000175952913,3.2686762742610695,2.180000066757202,6.889999866485596,False,False,False,True,False,True,False,False,False,-14.945650607037663,noise,68.46362340175357,False,False,False,False,,Textiles & Apparels,Other Textile Products,45.225399903053805,False,False
SWANCORP.NS,2026-09-30,280.20001220703125,293.2250035603841,295.0457814534505,299.11913818359375,318.251083984375,346.48081283569337,290.419521991622,273.6499938964844,493.35629273111505,False,False,False,False,False,False,False,False,False,-38.34650808040932,noise,45.728116690814055,False,False,False,False,,Chemicals & Petrochemicals,Petrochemicals,16.77169171110034,False,False
SWANDEF.NS,2026-09-30,2756.60009765625,2708.7583211263022,2539.5333319769966,2526.69,2170.9153385416666,2042.3254998779296,2696.6783920940766,577.0999755859375,2804.89990234375,True,True,True,True,True,True,True,True,False,377.6642201132371,noise,87.38251762680271,False,False,False,False,,Industrial Manufacturing,Ship Building & Allied Services,99.8061076102763,True,True
SWARAJENG.NS,2026-09-30,3546.199951171875,3558.4083251953125,3573.3611111111113,3579.777998046875,3642.360226236979,3606.1812524414063,3555.937760144523,3212.804310119185,4318.4494565822215,False,True,False,False,False,False,True,False,False,-10.927200645115798,noise,68.57805842538536,False,False,False,False,,Industrial Products,"Compressors, Pumps & Diesel Engines",50.70285991274842,False,False
SWARAJ.NS,2026-09-30,388.6000061035156,320.50833384195965,348.477776421441,352.1599993896484,307.4053341674805,295.72025077819825,342.481488061605,158.5,391.8500061035156,True,True,True,True,True,True,True,True,False,130.07698054843107,noise,38.18320140910757,False,False,True,False,,Textiles & Apparels,Other Textile Products,96.9946679592826,True,True
SWARNSAR.NS,2026-09-30,,,,,,,,,,False,False,False,False,False,False,False,False,False,,noise,,False,True,False,False,,Consumer Durables,"Gems, Jewellery And Watches",,False,False
SWASTIK.NS,2026-09-29,19.75,17.5625,18.713888857099747,18.865000038146974,19.10299997329712,19.746999945640564,18.31508282059521,12.5,33.75,True,False,False,False,True,True,False,True,False,-35.45751714447724,noise,70.4225352112676,False,False,False,False,,Industrial Products,Iron & Steel Products,18.807561803199224,False,False
SWIGGY.NS,2026-09-30,250.10000610351562,268.53333409627277,275.2291670905219,276.2715997314453,270.8378657023112,290.6651491546631,264.12090855986,235.75,459.95001220703125,False,False,False,False,False,False,False,False,False,-40.86771512348525,noise,41.109081483050716,False,False,False,False,,Retailing,E-Retail/ E-Commerce,14.057198254968492,False,False
SWISSMLTRY.NS,2026-09-30,,,,,,,,,,False,False,False,False,False,False,False,False,False,,noise,,False,False,False,True,,Consumer Durables,Diversified consumer products,,False,False
SYMBIOTEC.NS,2026-09-30,,,,,,,,,,False,False,False,False,False,False,False,False,False,,noise,,False,False,True,False,,Pharmaceuticals & Biotechnology,Pharmaceuticals,,False,False
SYNCOMF.NS,2026-09-30,25.079999923706055,20.7492774327596,18.934445937474568,17.35466682434082,14.76233191172282,14.44070315361023,21.968977357396202,10.159950837625136,27.489999771118164,True,True,True,True,True,True,True,True,False,56.15580163144165,red,574.534431053953,False,False,False,False,,Pharmaceuticals & Biotechnology,Pharmaceuticals,89.86912263693651,True,True
SGIL.NS,2026-09-30,666.2000122070312,626.7374928792318,598.4694417317709,598.4049987792969,561.051001586914,549.7030018615723,639.6499672989331,420.0,697.9500122070312,True,True,True,True,True,True,True,True,False,21.127274946732943,noise,36.13855822416082,False,False,False,False,,Industrial Products,Castings & Forgings,77.84779447406689,True,True
SYNOPTICS.NS,2026-09-29,48.45000076293945,46.87083339691162,54.008332676357696,59.77599891662598,58.527999547322594,58.38599964141846,47.74995396285097,39.650001525878906,110.0,False,True,False,True,False,False,False,True,False,-54.03225800614101,dry,0.0,False,False,False,False,,IT - Services,IT Enabled Services,6.107610276296655,False,False
SYRMA.NS,2026-09-30,1782.9000244140625,1682.7583312988281,1561.1610514322917,1512.61248046875,1217.639051106771,1103.8425595092774,1704.5117943296857,633.8515990037583,1820.0,True,True,True,True,True,True,True,True,False,132.56759388399928,ppv,188.1853672014288,False,False,True,False,,Industrial Manufacturing,Industrial Products,97.28550654386815,True,True
SYSTANGO.NS,2026-09-29,223.25,223.2416674296061,221.22222222222223,219.7179995727539,233.67685129801433,248.01544441223143,222.7790960302255,202.5500030517578,399.0573022567899,False,False,False,False,True,False,False,True,False,0.8028310670530558,noise,41.77660510114336,False,False,False,False,,IT - Software,Computers - Software & Consulting,63.74212312166747,False,False
SYSTMTXC.NS,2026-09-30,,,,,,,,,,False,False,False,False,False,False,False,False,False,,noise,30.229120974111602,False,False,False,False,,Capital Markets,Stockbroking & Allied,,False,False
TBZ.NS,2026-09-30,635.0499877929688,621.9916585286459,447.13749652438696,398.7125393676758,240.5330428059896,220.70384521484374,622.4565138558829,109.74685890423396,698.5999755859375,True,True,True,True,True,True,True,True,False,251.09162112884968,dry,7.012001420820099,False,False,False,False,,Consumer Durables,"Gems, Jewellery And Watches",99.27290353853611,True,True
TNPL.NS,2026-09-30,150.61000061035156,147.70434188842773,144.5437643263075,145.78812133789063,141.33672805786134,140.1506362915039,148.77868164540638,118.31426719297552,171.12773556954076,True,True,True,True,True,False,True,True,False,4.469858474679778,dry,18.456706699587176,False,False,False,False,,"Paper, Forest & Jute Products",Paper & Paper Products,66.69898206495395,False,False
TNPETRO.NS,2026-09-30,124.08000183105469,127.20863342285156,122.54985406663683,115.15735992431641,97.33595530192058,97.25128746032715,127.03621917691962,77.74606367099086,145.26368311165538,True,True,True,True,True,True,True,False,False,21.862148293385154,noise,50.6465276236121,False,False,False,False,,Chemicals & Petrochemicals,Petrochemicals,78.18710615608337,True,True
TNTELE.NS,2026-09-30,12.84000015258789,10.080000082651773,9.350277794731987,9.262600021362305,9.273266658782958,9.313499999046325,10.945682729186311,7.809999942779541,15.739999771118164,True,False,False,False,True,True,True,True,False,8.080808324067522,red,507.6719949810736,False,False,False,False,,Telecom -  Equipment & Accessories,Telecom -  Equipment & Accessories,69.84973339796413,False,False
TARIL.NS,2026-09-30,270.1000061035156,277.46643829345703,291.1919954087999,292.57106628417966,305.60716705322267,298.39164794921874,277.42811018470275,223.84705029255147,500.74602595961534,False,True,False,False,False,False,False,False,False,-44.43065042475786,noise,57.81654190214559,False,False,False,False,,Electrical Equipment,Heavy Electrical Equipment,11.05186621425109,False,False
TTL.NS,2026-09-30,8.069999694824219,7.231666644414266,6.7299999660915795,6.5939999771118165,7.426133337020874,7.701050014495849,7.387723987054955,5.5,11.170000076293945,True,False,False,False,True,True,False,True,False,-22.84895157367658,ppv,393.6207629287421,True,False,False,False,,Textiles & Apparels,Other Textile Products,35.82161900145419,False,False
TVTODAY.NS,2026-09-30,104.19000244140625,106.36749903361003,110.4433330959744,111.8179998779297,113.05619984944661,117.49979995727539,106.21087085146067,93.5,153.00999450683594,False,False,False,False,False,False,False,False,False,-26.909856042881742,noise,39.58935585381651,False,True,False,False,,Entertainment,TV Broadcasting & Software Production,30.5865244789142,False,False
TAALTECH.NS,2026-09-30,,,,,,,,,,False,False,False,False,False,False,False,False,False,,noise,,False,False,False,False,,Transport Services,Airline,,False,False
TAC.NS,2026-09-29,419.70001220703125,469.9166717529297,450.1333363850911,465.92500366210936,450.0176682535807,510.234751739502,455.5149906102731,347.3999938964844,1147.5,False,False,False,False,False,False,False,False,False,-60.05519827626069,red,275.9079198869775,False,False,False,False,,IT - Software,Computers - Software & Consulting,3.6354823073194376,False,False
TAINWALCHM.NS,2026-09-30,205.19000244140625,211.09833017985025,211.07249874538846,208.26277801513672,199.57865681966146,195.03184127807617,209.66565737876292,152.712398634533,253.20700448553967,True,True,True,True,False,True,True,False,False,-1.2968207380337549,dry,18.16462377084936,False,False,False,False,,Industrial Products,Plastic Products - Industrial,61.36694134755211,False,False
TAJGVK.NS,2026-09-30,320.20001220703125,325.70416768391925,335.4509446885851,342.2469195556641,332.2094466145833,344.884513092041,323.8571955782449,279.6735506480844,435.63864952593093,False,False,False,False,False,False,False,False,False,-21.94829727852302,noise,43.667286513256606,False,False,False,False,,Leisure Services,Hotels & Resorts,36.83955404750364,False,False
TAKE.NS,2026-09-30,13.3100004196167,15.837500015894571,17.54027779897054,18.71,28.7864666112264,31.986599988937378,15.120117468726551,10.149999618530273,50.13999938964844,False,False,False,False,False,True,False,False,False,27.612656089873244,red,138.82780396899443,False,False,False,False,,Healthcare Services,"Healthcare Research, Analytics & Technology",81.09549200193894,True,False
TALBROAUTO.NS,2026-09-30,429.8500061035156,448.8125,426.9298824734158,422.2969140625,355.3052542114258,334.0264099884033,444.09477036897607,219.6121671693998,485.79998779296875,True,True,True,True,True,True,True,False,False,46.60288313391743,noise,46.906432334200495,False,False,False,False,,Auto Components,Auto Components & Equipments,87.34852157052836,True,True
TAMBOLIIN.NS,2026-09-30,,,,,,,,,,False,False,False,False,False,False,False,False,False,,noise,,False,False,False,False,,Finance,Holding Company,,False,False
TMPV.NS,2026-09-30,283.5,296.3958333333333,309.65833367241754,317.7259991455078,337.81251037597656,343.2142597961426,291.91799679376436,272.20001220703125,733.6144341409002,False,False,False,False,False,False,False,False,False,-57.9753419771855,green,122.83571136473176,False,False,False,False,,Automobiles,Passenger Cars & Utility Vehicles,4.362578768783325,False,False
TEMPSENS.NS,2026-09-30,,,,,,,,,,False,False,False,False,False,False,False,False,False,,noise,,False,False,False,False,,Industrial Manufacturing,Industrial Products,,False,False
TENNIND.NS,2026-09-30,,,,,,,,,,False,False,False,False,False,False,False,False,False,,noise,23.50498771422658,False,False,False,False,,Auto Components,Auto Components & Equipments,,False,False
TERAI.NS,2026-09-30,,,,,,,,,,False,False,False,False,False,False,False,False,False,,noise,,False,False,False,False,,Agricultural Food & other Products,Tea & Coffee,,False,False
TEXINFRA.NS,2026-09-30,119.41000366210938,116.68333307902019,113.61641841464572,113.54397354125976,104.64949213663736,103.08529758453369,117.21035746688403,82.39240445413874,126.58999633789062,True,True,True,True,True,True,True,True,False,25.58128040477923,ppv,280.66888706857236,False,False,False,False,,Commercial Services & Supplies,Diversified Commercial Services,80.17450315075133,True,True
TEXRAIL.NS,2026-09-30,131.72999572753906,119.7533327738444,113.22847684224446,112.06317626953125,106.84872589111328,110.99049667358399,123.16480744645251,77.55295586446476,142.18870442678158,True,False,False,True,True,True,True,True,False,-3.5823504933204964,ppv,638.1530902546846,False,False,False,False,,Industrial Manufacturing,Railway Wagons,58.749394086282116,False,False
TEXMOPIPES.NS,2026-09-30,55.08000183105469,58.38833395640055,51.76416704389784,49.31980033874512,45.87446673075358,46.28655002593994,56.66627516416746,33.0,64.5,True,False,False,True,True,True,True,False,False,-1.975434815416921,noise,93.27629914260585,False,False,False,False,,Industrial Products,Plastic Products - Industrial,60.63984488608823,False,False
TGBHOTELS.NS,2026-09-30,9.600000381469727,9.455000003178915,9.484722190433079,9.419600009918213,9.172066650390626,9.259199991226197,9.441164081957414,7.5,12.800000190734863,True,False,False,True,True,False,True,True,False,-19.259881377035093,noise,87.15872442279866,False,False,False,False,,Leisure Services,Hotels & Resorts,40.42656325739215,False,False
THACKER.NS,2026-09-30,,,,,,,,,,False,False,False,False,False,False,False,False,False,,noise,,False,False,False,False,,Finance,Other Financial Services,,False,False
THAKDEV.NS,2026-09-30,,,,,,,,,,False,False,False,False,False,False,False,False,False,,noise,,False,False,False,False,,Realty,"Residential, Commercial Projects",,False,False
BYKE.NS,2026-09-30,29.1200008392334,29.855833371480305,31.10638893975152,31.797200164794923,34.54753339131673,38.83199998855591,29.775410319444163,26.25,73.05999755859375,False,False,False,False,False,False,False,False,False,-56.666663449907915,green,125.17083614846626,False,True,False,False,,Leisure Services,Hotels & Resorts,4.89578284052351,False,False
HITECHGEAR.NS,2026-09-30,621.7999877929688,574.8916625976562,563.0486094156901,566.1219982910156,593.8643322753907,617.1944998168946,596.3465561735682,521.25,897.4500122070312,True,False,False,False,True,False,False,True,False,-16.687879931286687,red,124.25253620099622,False,False,False,False,,Auto Components,Auto Components & Equipments,43.141056713523994,False,False
THEINVEST.NS,2026-09-30,93.44999694824219,94.05333201090495,95.86083285013835,96.49919967651367,99.2282666015625,101.90329978942871,93.56324041848738,89.0,153.99000549316406,False,False,False,False,False,False,False,False,False,-34.9867862968139,noise,64.06471836826495,False,True,False,False,,Finance,Other Financial Services,19.340765874939407,False,False
RAMCOCEM.NS,2026-09-30,845.5499877929688,865.2624969482422,884.9529944525825,895.6178186035156,925.3599519856771,967.2507940673828,861.3015347877797,822.0499877929688,1211.1945755050306,False,False,False,False,False,False,False,False,False,-15.349681779733537,noise,82.4694480744578,False,False,False,False,,Cement & Cement Products,Cement & Cement Products,44.74066892874455,False,False
THEJO.NS,2026-09-30,2175.39990234375,2165.3583170572915,2124.909115261502,2100.801787109375,1837.3646997070311,1809.0621130371094,2159.034928458146,1440.1922305183673,2281.202323145146,True,True,True,True,True,True,True,True,False,19.744493132769158,green,112.34753884841564,False,False,False,False,,Industrial Manufacturing,Industrial Products,77.16917111003393,True,True
THERMAX.NS,2026-09-30,3392.199951171875,3471.2833048502603,3742.54443359375,3879.219990234375,4068.3514225260415,3789.3934350585937,3447.5378329018467,2731.5439342301706,5256.332008959298,False,True,True,False,False,False,False,False,False,8.767500067126166,ppv,173.685709861678,False,False,False,False,,Electrical Equipment,Heavy Electrical Equipment,70.77072224915172,True,False
TIRUMALCHM.NS,2026-09-30,151.38999938964844,157.0633316040039,157.24555502997504,161.1413995361328,176.4675328572591,185.52439949035644,156.40285728518785,143.5,293.8999938964844,False,False,False,False,False,False,False,False,False,-46.18200996828038,noise,40.54735226776034,False,True,False,False,,Chemicals & Petrochemicals,Commodity Chemicals,9.500727096461464,False,False
THOMASCOOK.NS,2026-09-30,102.38999938964844,103.81416702270508,106.40818744235568,105.30194290161133,101.45653793334961,108.11273399353027,104.01502106795081,85.96001645922374,168.23674919231718,False,False,False,False,False,False,False,False,False,-34.98039159448463,noise,34.85623102081867,False,True,False,False,,Leisure Services,"Tour, Travel Related Services",19.389238972370336,False,False
THYROCARE.NS,2026-09-30,534.1500244140625,557.2208302815756,576.2625003390842,580.7819995117187,496.2406026204427,479.78660415649415,555.2020149409476,338.148639887055,662.0,True,True,True,True,False,True,True,False,False,40.654423330644484,noise,29.455573445982118,False,False,False,False,,Healthcare Services,Healthcare Service Provider,85.70043625787687,True,False
TIGERLOGS.NS,2026-09-30,26.25,26.473333199818928,27.64305543899536,27.893599891662596,31.242933209737142,31.828899908065797,26.496547168306552,22.899999618530273,49.13999938964844,False,False,False,False,False,False,False,False,False,-44.20828814950695,noise,65.3565454367115,False,False,False,False,,Transport Services,Logistics Solution Provider,11.391177896267571,False,False
TIJARIA.NS,2026-09-30,6.599999904632568,7.028333306312561,6.820833312140571,6.255999984741211,5.093866650263468,5.04239998459816,6.89049544234037,3.549999952316284,9.800000190734863,True,True,True,True,True,True,False,False,False,9.271522290005741,noise,59.79498764856268,False,False,False,False,,Industrial Products,Plastic Products - Industrial,71.15850702859913,True,False
TIL.NS,2026-09-30,252.69000244140625,251.7466697692871,244.14389080471463,242.68440185546876,213.54651224772135,223.08633399963378,251.90807042586775,161.25,334.70001220703125,True,False,False,True,True,True,True,True,False,-20.349881027137506,dry,6.091068200854155,False,False,False,False,,"Agricultural, Commercial & Construction Vehicles",Construction Vehicles,38.923897237033444,False,False
TI.NS,2026-09-30,540.6500244140625,560.6625010172526,555.8939666748047,532.574467163086,471.890053507487,463.9302207946777,559.9124420118827,380.8184953584051,607.7999877929688,True,True,True,True,True,True,True,False,False,20.764364763866606,noise,81.7902362836829,False,False,False,False,,Beverages,Breweries & Distilleries,77.70237518177412,True,True
TIMESCAN.NS,2026-09-29,40.0,40.32916736602783,40.13333363003201,40.225000076293945,41.828333384195965,43.313250102996825,40.61320246545352,37.29999923706055,58.849998474121094,False,False,False,False,False,False,False,False,False,-19.436054842514096,red,250.0,False,False,False,False,,Transport Services,Logistics Solution Provider,40.232670867668446,False,False
TIMEX.NS,2026-09-30,,,,,,,,,,False,False,False,False,False,False,False,False,False,,noise,58.81142996944539,False,True,False,False,,Consumer Durables,"Gems, Jewellery And Watches",,False,False
TIPSFILMS.NS,2026-09-30,318.25,322.3166681925456,335.19722323947485,347.20400085449216,347.9153336588542,361.06600006103514,325.81496541865516,276.75,479.25,False,False,False,False,False,False,False,False,False,-29.001673173452314,red,103.82193796445989,False,False,False,False,,Entertainment,"Film Production, Distribution & Exhibition",27.5811924381968,False,False
TIRUPATIFL.NS,2026-09-30,76.69000244140625,73.1125005086263,69.8161112467448,70.7550001525879,55.30906656901042,50.225899868011474,74.85018554069991,30.110000610351562,83.9000015258789,True,True,True,True,True,True,True,True,False,108.05751809963087,noise,93.72183901503497,False,False,False,False,,Industrial Products,Castings & Forgings,95.92825981580224,True,True
TOKYOPLAST.NS,2026-09-30,73.19999694824219,75.61833381652832,76.94888877868652,77.69119979858398,81.00966682434083,86.87540021896362,74.973283935334,53.86000061035156,135.0,False,False,False,False,False,True,False,False,False,-40.132494513818116,red,113.9401078240384,False,False,False,False,,Consumer Durables,Plastic Products - Consumer,14.881240911294233,False,False
TORNTPHARM.NS,2026-09-30,4800.0,4895.625,4927.833333333333,4939.797998046875,4593.202428385417,4436.081903076172,4897.277821115512,3450.040733610751,5250.0,True,True,True,True,False,True,True,False,False,34.394895881346855,noise,99.04517937452698,False,False,False,False,,Pharmaceuticals & Biotechnology,Pharmaceuticals,83.42220067862335,True,False
TORNTPOWER.NS,2026-09-30,1245.9000244140625,1258.4333394368489,1265.986107720269,1299.6959985351561,1419.7131477864584,1404.5847888183594,1250.45738072366,1171.7578125,1817.8039543841724,False,True,False,False,False,False,False,False,False,3.6319571533820927,noise,54.62924623069279,False,False,False,False,,Power,Integrated Power Utilities,65.97188560349007,False,False
TOUCHWOOD.NS,2026-09-30,59.220001220703125,60.96333312988281,61.51916652255588,62.95499984741211,68.49946662902832,75.59405000686645,60.56432499880989,57.0,113.0,False,False,False,False,False,False,False,False,False,-40.56006940352346,red,134.9710386030528,False,False,False,False,,Other Consumer Services,Other Consumer Services,14.348036839554048,False,False
TFCILTD.NS,2026-09-30,141.91000366210938,140.02999877929688,136.7461369832357,127.29876052856446,91.05214655558268,85.01373031616211,140.4056307933672,50.73462828916926,148.5,True,True,True,True,True,True,True,True,False,94.48163733041409,ppv,204.76850722415296,False,False,False,False,,Finance,Financial Institution,94.66795928259816,True,True
TOYAMSL.NS,2026-09-30,,,,,,,,,,False,False,False,False,False,False,False,False,False,,noise,,False,False,False,False,,Finance,Other Financial Services,,False,False
TRANSWORLD.NS,2026-09-30,162.0,164.43999862670898,167.96249940660266,166.0411996459961,158.99153315226238,163.84774959564209,164.5785207314013,111.55999755859375,262.3800048828125,False,False,False,True,False,True,False,False,False,-35.31642963705893,noise,90.84414684337915,False,True,False,False,,Transport Services,Shipping,18.952981095492003,False,False
TUNWAL.NS,2026-09-29,25.850000381469727,25.300296624501545,25.57098166147868,25.76890922546387,28.54677480061849,29.489270839691162,25.4681045797899,24.203952617681534,49.60316075055789,False,False,False,False,True,False,False,True,False,-15.187648456948866,ppv,129.4378698224852,False,False,False,False,,Automobiles,2/3 Wheelers,45.0315075133301,False,False
UCOBANK.NS,2026-09-30,23.280000686645508,23.618333339691162,24.667777750227188,25.12319995880127,25.63274127960205,26.353809471130372,23.586538792964795,21.855055871357475,33.63829638359693,False,False,False,False,False,False,False,False,False,-22.372132177879102,noise,70.62481641627875,False,False,False,False,,Banks,Public Sector Bank,36.30634997576345,False,False
UNIHEALTH.NS,2026-09-29,626.4000244140625,661.9041646321615,701.8652801513672,719.4080004882812,555.8796669514974,491.01100067138674,654.6000951312031,133.64999389648438,820.0,True,True,True,True,False,True,True,False,False,271.7507563288205,noise,95.7956359765833,False,False,False,False,,Healthcare Services,Hospital,99.46679592825983,True,False
UNIMECH.NS,2026-09-30,1724.0,1644.6500040690105,1554.9166700575088,1480.19400390625,1157.233339029948,1096.0687539672851,1660.728956915897,695.0,1868.199951171875,True,True,True,True,True,True,True,True,False,68.58987298646949,green,102.66480981581665,False,False,False,False,,Aerospace & Defense,Aerospace & Defense,92.38972370334464,True,True
UNIONBANK.NS,2026-09-30,171.0,176.0283317565918,182.12249925401477,179.9983996582031,172.5691072591146,171.10800811767578,174.93806910534002,131.410160184065,199.59697275189,False,True,True,True,False,True,True,False,False,27.101815002035835,green,175.18635191806086,False,False,False,False,,Banks,Public Sector Bank,80.80465341735336,True,False
UNIVASTU.NS,2026-09-30,132.9600067138672,141.3708324432373,155.19666565789117,149.27579925537108,101.13326642354329,92.26579988479614,139.44974967952376,56.02000045776367,178.97999572753906,True,True,True,True,False,True,False,False,False,73.50153576828835,noise,44.93940402749803,False,False,False,False,,Construction,Civil Construction,92.92292777508483,True,False
VMART.NS,2026-09-30,753.7000122070312,781.6249949137369,810.9749993218315,800.1310009765625,700.9910821533203,687.878768157959,776.1284594719522,457.2878261718021,886.8128854091074,True,True,False,True,False,True,True,False,False,6.7405405218509795,red,136.09009503668227,False,False,False,False,,Retailing,Diversified Retail,68.29859428017451,False,False
V2RETAIL.NS,2026-09-30,208.74000549316406,211.99749883015951,217.0849995083279,217.88920013427733,215.53319986979167,214.50124977111815,212.25736507507057,172.02999877929688,259.25,False,True,False,True,False,False,True,False,False,0.28827044550547853,noise,90.62038637829883,False,True,False,False,,Retailing,Speciality Retail,62.96655356277267,False,False
WABAG.NS,2026-09-30,2061.39990234375,2063.0750020345054,2046.597215440538,2024.5759912109374,1718.7006803385416,1595.04640625,2060.0435245828685,1030.4859602847353,2319.0,True,True,True,True,True,True,True,True,False,44.002026109179646,noise,62.259060340055164,False,False,False,False,,Other Utilities,Water Supply & Management,86.28211342704799,True,True
VADILENT.NS,2026-09-30,,,,,,,,,,False,False,False,False,False,False,False,False,False,,noise,,False,False,False,False,,Food Products,Dairy Products,,False,False
VADILALIND.NS,2026-09-30,7253.0,7336.25,7406.572455512152,7312.7906640625,5872.603583984375,5584.33630493164,7355.172139758282,3964.1445258937783,8379.661952680708,True,True,True,True,False,True,True,False,False,34.695729250969684,noise,44.8569712440874,False,False,False,False,,Food Products,Dairy Products,83.56761997091614,True,False
VSCL.NS,2026-09-29,19.5,20.120833079020183,21.46805551317003,23.213999938964843,24.6606666692098,23.47774998664856,20.11157266027101,16.049999237060547,31.799999237060547,False,True,False,False,False,False,False,False,False,-33.78607981382723,dry,0.0,False,False,False,False,,Chemicals & Petrochemicals,Specialty Chemicals,21.522055259331072,False,False
VAIBHAVGBL.NS,2026-09-30,204.32000732421875,207.12083435058594,216.93861219618054,227.89577301025392,223.88660095214843,225.16349342346192,206.3289171643437,171.95281788079984,286.0804190389319,False,False,False,True,False,False,False,False,False,-9.910293222628553,noise,50.13918993271121,False,False,False,False,,Consumer Durables,"Gems, Jewellery And Watches",52.44789142026175,False,False
MADHAVBAUG.NS,2026-09-29,167.8000030517578,162.89166768391928,167.56805547078451,175.39499938964843,192.36399953206381,207.39499961853028,164.32760077484235,147.0,335.0,False,False,False,False,False,False,False,True,False,-42.82793763142835,green,330.52039381153304,False,False,False,False,,Healthcare Equipment & Supplies,Medical Equipment & Supplies,12.263693650024237,False,False
VALIANTLAB.NS,2026-09-30,126.2300033569336,122.98666763305664,108.35722266303168,95.59160018920899,76.27160011291504,73.27355012893676,122.59999535644081,49.5099983215332,132.25,True,True,True,True,True,True,True,True,False,54.183460513201865,noise,68.28171612862283,False,False,False,False,,Pharmaceuticals & Biotechnology,Pharmaceuticals,89.38439166262724,True,True
VHL.NS,2026-09-30,3400.800048828125,3367.308390299479,3449.933688693576,3453.868583984375,3414.5900390625,3415.9624462890624,3372.169804964809,2865.7698659813987,4268.699147767823,False,False,False,True,False,False,True,True,False,-10.617782122294905,green,131.96253966615927,False,False,False,False,,Finance,Investment Company,51.13911778962675,False,False
VSSL.NS,2026-09-30,401.04998779296875,405.75416564941406,373.82703653971356,355.9655065917969,293.6784657796224,286.89182167053224,403.3985787850738,204.38240429135575,428.25,True,True,True,True,True,True,True,False,False,42.935954680265034,noise,29.263441121603183,False,False,False,False,,Industrial Products,Iron & Steel Products,86.18516723218613,True,True
VTL.NS,2026-09-30,534.5999755859375,553.9333292643229,576.9253184000651,583.5709631347656,587.5856905110677,553.6416439819336,550.0536501041983,382.25830878098185,682.2146139481268,False,True,True,False,False,True,True,False,False,30.58824590598135,noise,71.41870045497059,False,False,False,False,,Textiles & Apparels,Other Textile Products,82.45273873000485,True,False
VARROC.NS,2026-09-30,862.9500122070312,848.7791697184244,842.1152852376302,804.3935302734375,642.2813387044271,626.9980435180664,848.6751380717106,461.0607825414901,912.2000122070312,True,True,True,True,True,True,True,True,False,43.615343851764266,noise,39.88674884707811,False,False,False,False,,Auto Components,Auto Components & Equipments,86.23364032961706,True,True
DENTALKART.NS,2026-09-29,434.8500061035156,408.7083333333333,406.0430560641819,406.7579998779297,402.63000061035154,443.3727507019043,415.40904889312134,322.5,622.0,False,False,False,False,True,True,False,True,True,-29.635921342473203,noise,53.52112676056338,False,False,False,False,,Healthcare Equipment & Supplies,Medical Equipment & Supplies,27.193407658749397,False,False
VASCONEQ.NS,2026-09-30,33.66999816894531,32.232500076293945,31.20027780532837,31.624799880981445,33.69986662546793,36.143299951553345,32.99629404033255,26.75,74.58999633789062,False,False,False,False,True,False,False,True,False,-51.032581263978486,noise,61.89144484453972,False,True,False,False,,Realty,"Residential, Commercial Projects",7.416383906931653,False,False
VEDL.NS,2026-09-30,259.0,262.03333536783856,269.00000254313153,269.1850018310547,399.18675323486326,459.8531969451904,262.7546537840433,249.6999969482422,795.0,False,False,False,False,False,False,False,False,False,-43.468114906860635,noise,85.9649482009274,False,False,False,False,,Diversified Metals,Diversified Metals,11.972855065438681,False,False
VAML.NS,2026-09-30,,,,,,,,,,False,False,False,False,False,False,False,False,False,,red,159.3552285996543,False,False,False,False,,Non - Ferrous Metals,Aluminium,,False,False
VOGL.NS,2026-09-30,,,,,,,,,,False,False,False,False,False,False,False,False,False,,noise,45.03202853314574,False,False,False,False,,Oil,Oil Exploration & Production,,False,False
VEDPOWER.NS,2026-09-30,,,,,,,,,,False,False,False,False,False,False,False,False,False,,noise,97.15490360471554,False,True,False,False,,Power,Power Generation,,False,False
VEEDOL.NS,2026-09-30,1373.300048828125,1372.0916849772136,1444.8472323947483,1441.7720141601562,1406.6509903971355,1426.8762200927733,1377.230993704423,1219.399181583164,1892.3085842566638,False,False,False,True,False,False,False,False,False,-19.508453882045963,noise,71.82736289701279,False,False,False,False,,Petroleum Products,Lubricants,40.03877847794474,False,False
VEEKAYEM.NS,2026-09-29,102.44999694824219,101.06666692097981,106.34583346048991,111.68100006103515,126.17000005086263,129.9904998779297,101.24096563447706,79.80000305175781,302.0,False,False,False,False,False,False,False,True,False,-64.55017406635218,green,115.60693641618498,False,False,False,False,,Textiles & Apparels,Garments & Apparels,2.375181774115366,False,False
VELJAN.NS,2026-09-30,,,,,,,,,,False,False,False,False,False,False,False,False,False,,ppv,,False,False,True,False,,Auto Components,Auto Components & Equipments,,False,False
VERTEXPLUS.NS,2026-09-29,69.3499984741211,69.23333168029785,57.49027739630805,54.50099967956543,67.92899981180827,76.50074975967408,68.28703073675416,35.95000076293945,149.8000030517578,False,False,False,False,True,True,False,True,False,-44.60862606666799,dry,0.0,False,False,False,False,,IT - Services,IT Enabled Services,10.857973824527388,False,False
VERTOZ.NS,2026-09-30,35.59000015258789,36.701666514078774,37.32944467332628,36.846200180053714,40.74678817749023,46.46053150177002,36.479511879936865,26.953873146300563,77.11081781696102,False,False,False,False,False,True,False,False,False,-51.68948206898173,noise,59.442345581452315,False,True,False,False,,Media,Advertising & Media Agencies,7.270964614638875,False,False
VESUVIUS.NS,2026-09-30,424.20001220703125,398.2375030517578,416.4916644626194,426.1869989013672,460.5083964029948,465.71337432861327,401.85741098211975,383.0,606.1323605842241,False,False,False,False,False,False,False,True,False,-16.33488374556611,ppv,2889.4871846006163,False,False,False,False,,Industrial Products,Electrodes & Refractories,43.62578768783325,False,False
VIDYAWIRES.NS,2026-09-30,,,,,,,,,,False,False,False,False,False,False,False,False,False,,ppv,164.45838753390964,False,False,False,False,,Industrial Products,"Aluminium, Copper & Zinc Products",,False,False
VILAS.NS,2026-09-29,365.54998779296875,368.6750005086263,359.2763892279731,358.77100036621096,380.14966674804685,378.66149978637696,376.1584237287171,313.25,535.0,False,True,False,False,True,False,False,False,False,-28.617456508426574,red,125.91897387767872,False,False,False,False,,Industrial Products,Other Industrial Products,28.114396509936984,False,False
VIMTALABS.NS,2026-09-30,600.2999877929688,602.3249969482422,621.705557929145,620.3820031738281,532.3278658040365,531.1555119323731,602.0914466846692,374.6670638451446,771.851031857928,True,True,False,True,False,True,True,False,False,-14.718226251412503,noise,91.84790256779299,False,False,False,False,,Healthcare Services,"Healthcare Research, Analytics & Technology",45.61318468250121,False,False
VIRTUALG.NS,2026-09-30,,,,,,,,,,False,False,False,False,False,False,False,False,False,,noise,,False,False,False,False,,Other Consumer Services,Education,,False,False
VISACHROME.NS,2026-09-30,36.77000045776367,33.445000330607094,36.11805566151937,36.58400016784668,39.295666758219404,40.2856000328064,34.62169594010994,27.049999237060547,73.68000030517578,False,False,False,False,True,True,False,True,False,-6.007153727720905,ppv,840.8897871917844,True,False,False,False,,Ferrous Metals,Ferro & Silica Manganese,56.422685409597676,False,False
VMM.NS,2026-09-30,101.0,102.64249992370605,104.9658334520128,106.20779998779297,113.16366653442383,116.74354999542237,102.94462675831186,98.0,152.17999267578125,False,False,False,False,False,False,False,False,False,-32.21931164129628,red,123.15609492365944,False,True,False,False,,Retailing,Diversified Retail,23.703344643722733,False,False
VIVIMEDLAB.NS,2026-09-30,5.440000057220459,5.570000012715657,5.946111109521654,5.712399997711182,6.168399998346964,7.355700006484986,5.598894800875626,4.75,29.399999618530273,False,False,True,False,False,False,False,False,False,9.89899528961935,noise,22.343716703974767,False,False,False,False,,Pharmaceuticals & Biotechnology,Pharmaceuticals,71.69171110033932,True,False
VIYASH.NS,2026-09-30,235.8000030517578,245.16666666666666,257.3138898213704,258.59800048828123,240.816999613444,232.6596996307373,244.54428164662664,178.1300048828125,298.0,False,True,True,True,False,True,True,False,False,26.576848757292026,noise,23.948105975322783,False,False,False,False,,Pharmaceuticals & Biotechnology,Pharmaceuticals,80.46534173533689,True,False
VLSFINANCE.NS,2026-09-30,234.08999633789062,237.67611185709634,244.62037658691406,247.56674041748047,240.27160400390625,249.95466033935546,237.72561792782307,197.56572023245192,336.8783200277491,False,False,False,False,False,False,False,False,False,6.710897095599155,noise,80.90783271069857,False,False,False,False,,Finance,Investment Company,68.25012118274357,False,False
VOLTAMP.NS,2026-09-30,10500.0,10667.0,10744.777777777777,10447.36,9800.736041666667,9256.516489257812,10670.872705786467,6594.353209382375,12724.746990128295,True,True,True,True,True,True,True,False,False,46.694502967316545,noise,37.2688108064428,False,False,False,False,,Electrical Equipment,Heavy Electrical Equipment,87.39699466795928,True,True
VRLLOG.NS,2026-09-30,287.1499938964844,288.73333231608075,292.49444495307074,286.23940032958984,259.9734002685547,261.59288772583005,288.38698374720275,225.0,310.20001220703125,True,False,True,True,True,False,True,False,False,6.782668201753017,noise,32.780488418274636,False,False,False,False,,Transport Services,Logistics Solution Provider,68.44401357246727,False,False
WALPAR.NS,2026-09-29,27.399999618530273,24.33749993642171,27.65277756585015,29.667999420166016,34.180333099365235,36.96475002288818,25.51228939251638,21.25,50.599998474121094,False,False,False,False,False,False,False,True,False,-31.155778533241207,green,117.64705882352942,False,False,False,False,,Pharmaceuticals & Biotechnology,Pharmaceuticals,25.06059137178866,False,False
CORDELIA.NS,2026-09-30,,,,,,,,,,False,False,False,False,False,False,False,False,False,,dry,19.97176937037194,False,False,False,False,,Leisure Services,"Tour, Travel Related Services",,False,False
WEIZMANIND.NS,2026-09-30,70.87999725341797,71.71750005086263,73.8877779642741,74.98360076904297,79.05640604654948,81.89375659942627,71.79706771188448,64.7975946309332,113.77587242265542,False,False,False,False,False,False,False,False,False,-34.34780055472055,noise,95.19158112018282,False,True,False,False,,Textiles & Apparels,Other Textile Products,20.358700920988852,False,False
WEWORK.NS,2026-09-30,,,,,,,,,,False,False,False,False,False,False,False,False,False,,noise,48.43948452495345,False,True,False,False,,Commercial Services & Supplies,Diversified Commercial Services,,False,False
WHIRLPOOL.NS,2026-09-30,890.25,808.8875071207682,793.6663513183594,794.2971313476562,825.4873734537761,834.5681649780273,847.7109308857345,706.0,1428.4580610250364,True,False,False,False,True,False,False,True,False,-24.81753149179654,green,212.77062479791766,False,False,False,False,,Consumer Durables,Household Appliances,33.10712554532235,False,False
WPIL.NS,2026-09-30,,,,,,,,,,False,False,False,False,False,False,False,False,False,,ppv,,False,False,False,False,,Industrial Manufacturing,Industrial Products,,False,False
XELPMOC.NS,2026-09-30,80.23999786376953,78.12749862670898,78.96583281622992,79.62879959106445,91.35326670328776,101.64164989471436,80.65732941024238,71.0999984741211,155.5,False,False,False,False,True,False,False,False,False,-20.727132092389688,red,212.16201709469408,False,False,False,False,,IT - Software,Software Products,38.245273873000485,False,False
YASHOPTICS.NS,2026-09-29,130.0,130.91250038146973,121.21527756585016,119.23199996948242,119.15600006103516,119.59550014495849,130.26061363011917,97.5,146.0,True,False,False,False,True,True,True,False,False,-9.40766550522648,noise,89.16323731138546,False,False,False,False,,Consumer Durables,Diversified consumer products,52.787203102278234,False,False
YCCL.NS,2026-09-29,8.0,8.337500015894571,9.062499867545235,9.22599988937378,9.783333314259847,10.313749985694885,8.298469785780611,8.0,13.949999809265137,False,False,False,False,False,False,False,False,False,-34.693877551020414,dry,0.0,False,False,False,True,,Chemicals & Petrochemicals,Dyes And Pigments,19.873969946679594,False,False
YOGI.NS,2026-09-30,,,,,,,,,,False,False,False,False,False,False,False,False,False,,noise,,False,True,False,False,,Finance,Non Banking Financial Company (NBFC),,False,False
ZEELEARN.NS,2026-09-30,6.5,6.743333379427592,7.238055613305834,7.4768000411987305,6.842266677220662,6.798250005245209,6.677301644379398,4.170000076293945,10.100000381469727,False,True,False,True,False,True,False,False,False,-29.270943451676466,noise,90.36300993591558,False,True,False,False,,Other Consumer Services,Education,27.338826951042172,False,False
ZIMLAB.NS,2026-09-30,137.97000122070312,135.96166610717773,127.28444459703233,123.64980010986328,103.922466990153,95.97715026855468,135.94356630341466,59.310001373291016,144.49000549316406,True,True,True,True,True,True,True,True,False,88.40638385364731,noise,91.64234263899,False,False,False,False,,Pharmaceuticals & Biotechnology,Pharmaceuticals,94.23170140571983,True,True
ZUARIIND.NS,2026-09-30,282.20001220703125,273.5375035603841,271.818852742513,267.9425366210937,258.31400685628256,265.326342010498,278.0844618186263,209.22651031785279,394.3919875665341,True,False,False,True,True,True,False,True,False,-22.100311855522246,noise,99.96099641876208,False,False,False,False,,Agricultural Food & other Products,Sugar,36.54871546291808,False,False
ROADSTAR.NS,2026-09-29,62.0,62.25,61.99777740902371,61.468399658203126,60.154985936482746,59.922863159179684,62.15924462533308,45.73954772949219,63.04999923706055,True,True,False,True,True,True,True,False,False,27.636619220575255,dry,0.0,False,False,False,False,BSE,Transport Infrastructure,"Road AssetsToll, Annuity, Hybrid-Annuity",81.2409112942317,True,False
SBFC.NS,2026-09-30,85.37000274658203,90.13166745503743,94.41583357916937,93.74380004882812,92.51306650797527,94.26179985046387,89.0325579824441,79.61000061035156,123.0,False,False,False,False,False,False,False,False,False,-21.642950768380544,dry,5.277539955245545,False,True,False,False,BSE,Finance,Non Banking Financial Company (NBFC),37.22733882695104,False,False
SCODATUBES.NS,2026-09-30,124.5999984741211,129.55000114440918,130.47500144110785,134.7080014038086,137.23133392333983,139.7130005645752,130.0629592230521,113.4000015258789,181.25,False,False,False,False,False,False,False,False,False,-28.575522697722466,red,140.86761220012528,False,False,False,False,BSE,Industrial Products,Iron & Steel Products,28.162869607367913,False,False
SECMARK.NS,2026-09-30,142.0,137.54999796549478,137.09305466545953,134.25299911499025,126.20533304850261,122.26574981689453,137.45576698775818,85.8499984741211,180.0,True,True,True,True,True,True,True,True,False,11.416244331231029,noise,32.47251342367681,False,False,False,False,BSE,IT - Software,Computers - Software & Consulting,72.90353853611245,True,True
SHAH.NS,2026-09-30,3.130000114440918,3.247500002384186,3.5730555852254233,3.718800039291382,4.516883147557577,4.615862364768982,3.2335532822240154,2.630000114440918,5.849999904632568,False,False,False,False,False,False,False,False,False,-14.480873195648558,noise,34.77217805071747,False,False,False,True,BSE,Industrial Products,Iron & Steel Products,45.90402326708677,False,False
SRD.NS,2026-09-30,38.790000915527344,39.46500015258789,39.61286131540934,39.13519271850586,41.660283432006835,46.40009786605835,39.17766574359603,34.95498828623818,76.40162052427416,False,False,False,False,False,False,False,False,False,-44.962521606745106,green,239.0821721024044,False,False,False,False,BSE,Chemicals & Petrochemicals,Trading - Chemicals,10.373242850218128,False,False
ENRIN.NS,2026-09-30,3205.64990234375,3181.75,3286.576402452257,3290.8480078125,3252.775001627604,3086.8164916992187,3206.8316437423937,2101.766962798584,3966.800048828125,False,True,False,True,False,True,True,False,False,-8.941623391947829,noise,46.8230799623653,False,False,False,False,BSE,Electrical Equipment,Heavy Electrical Equipment,53.36888027144935,False,False
SILINV.NS,2026-09-30,428.70001220703125,443.0874964396159,456.4486100938585,447.4359985351563,433.18324259440107,443.81424850463867,442.0509243247202,373.7672310306539,767.6144811263949,False,False,False,True,False,False,False,False,False,-29.653216774770186,dry,9.56676233429001,False,False,False,False,BSE,Finance,Investment Company,27.14493456131847,False,False
SKIPPER.NS,2026-09-30,532.0999755859375,546.5583343505859,552.3884006076389,545.9451440429688,490.28208312988284,467.1606217956543,547.3878415408416,299.9504020622185,616.4500122070312,True,True,True,True,False,True,True,False,False,0.19540453404718328,noise,41.58109730885876,False,False,False,False,BSE,Electrical Equipment,Heavy Electrical Equipment,62.82113427047988,False,False
SMSPHARMA.NS,2026-09-30,477.75,455.6806386311849,402.0580045912001,394.7873828125,393.2778686523437,376.2206562805176,462.4613296528914,240.24380915803957,494.3999938964844,True,True,True,True,True,True,True,True,False,76.83433472244987,noise,33.85742843513939,False,False,False,False,BSE,Pharmaceuticals & Biotechnology,Pharmaceuticals,93.35918565196316,True,True
SOMICONVEY.NS,2026-09-30,88.1500015258789,91.75833384195964,92.01111115349664,92.86100006103516,100.32393341064453,104.02479995727539,90.81704273006139,81.0,168.25,False,False,False,False,False,False,False,False,False,-35.727301896629186,dry,0.14183419987275445,False,True,False,False,BSE,Industrial Manufacturing,Industrial Products,18.565196316044595,False,False
SRHHYPOLTD.NS,2026-09-30,563.5999755859375,564.7466278076172,517.8552415635851,509.4889807128906,489.6098075358073,488.77389511108396,569.6925796786974,378.73583022100496,671.0,True,True,False,True,True,True,True,False,False,-3.3179941494647425,red,115.18366762690333,False,True,False,False,BSE,Chemicals & Petrochemicals,Commodity Chemicals,58.94328647600582,False,False
SWSOLAR.NS,2026-09-30,171.0,175.6166674296061,187.27777735392252,192.65199981689454,199.46399973551434,200.64499984741212,175.23045142905454,148.3000030517578,260.8999938964844,False,False,False,False,False,False,False,False,False,-32.07547169811321,red,115.52207666916145,False,False,False,False,BSE,Construction,Civil Construction,23.945710130877362,False,False
SUPREME.NS,2026-09-30,30.5,31.84166685740153,36.69749980502658,39.058000030517576,46.4296666208903,51.48869981765747,31.802419361465365,30.0,97.87999725341797,False,False,False,False,False,False,False,False,False,-65.13887216285971,noise,64.37001221762978,False,False,False,False,BSE,Realty,"Residential, Commercial Projects",2.278235579253514,False,False
TATVA.NS,2026-09-30,1781.8499755859375,1735.2999877929688,1679.6668565538193,1694.7604223632814,1382.6584440104166,1358.2739807128905,1753.949559355302,986.8133391567211,1880.449951171875,True,True,True,True,True,True,True,True,False,68.46807876600829,noise,67.14405614385971,False,False,False,False,BSE,Chemicals & Petrochemicals,Specialty Chemicals,92.24430441105187,True,True
TBOTEK.NS,2026-09-30,1681.800048828125,1679.6041666666667,1685.1888902452256,1646.037001953125,1397.3386661783854,1432.670498046875,1683.453383550047,1005.5,1764.0,True,False,False,True,True,True,True,False,False,9.470806182098745,dry,8.006130423347791,False,False,False,False,BSE,Leisure Services,"Tour, Travel Related Services",71.25545322346098,True,False
TIPSMUSIC.NS,2026-09-30,658.6500244140625,660.0875040690104,655.3486124674479,660.1990026855469,628.5683337402344,606.4631100463868,658.8139918762441,478.626450020607,740.5,True,True,True,True,False,True,True,False,False,13.10234424366492,dry,18.968977846014358,False,False,False,False,BSE,Entertainment,Media & Entertainment,74.21231216674745,True,False
TITAGARH.NS,2026-09-30,818.6500244140625,824.9331512451172,837.35132683648,836.0900561523438,794.1653173828125,796.7133770751954,826.4481149744389,567.9683265059009,968.8870468462735,True,False,False,True,False,True,True,False,False,-9.015636591164522,red,126.67684600195474,False,False,False,False,BSE,Industrial Manufacturing,Railway Wagons,53.22346097915657,False,False
TOLINS.NS,2026-09-30,86.20999908447266,88.38833363850911,92.73250007629395,95.56139999389649,101.49020004272461,108.08390003204346,88.28410956917187,83.30000305175781,197.64999389648438,False,False,False,False,False,False,False,False,False,-52.42273701080822,noise,71.12218426527625,False,False,False,False,BSE,Auto Components,Tyres & Rubber Products,6.883179835191469,False,False
TPLPLASTEH.NS,2026-09-30,71.23999786376953,66.10416603088379,71.63805474175348,73.59919952392578,69.75159975687663,68.81994981765747,67.19025796506244,51.09000015258789,89.80000305175781,True,True,False,True,False,True,True,True,False,-2.836881941778724,ppv,871.8299272024659,False,False,False,False,BSE,Industrial Products,Packaging,59.621909840038775,False,False
TRACXN.NS,2026-09-30,32.9900016784668,31.97166681289673,30.377222273084854,30.281800003051757,31.320999972025554,32.78154998779297,32.16028373964627,25.399999618530273,57.34000015258789,True,False,False,False,True,False,False,True,False,-34.269769712822985,noise,99.44385675135634,False,False,False,False,BSE,Commercial Services & Supplies,Data Processing Services,20.60106640814348,False,False
TRANSCOR.NS,2026-09-30,23.969999313354492,24.582499821980793,24.741944313049316,25.044999885559083,25.592025362650553,25.664371757507325,24.412633078347696,20.51023896734887,33.72838288039912,False,False,True,False,False,False,False,False,False,8.35485971409977,dry,10.682381636985966,False,True,False,False,BSE,Finance,Other Financial Services,70.28599127484246,True,False
TCI.NS,2026-09-30,,,,,,,,,,False,False,False,False,False,False,False,False,False,,noise,,False,False,True,True,BSE,Transport Services,Logistics Solution Provider,,False,False
TFL.NS,2026-09-30,11.460000038146973,11.733333269755045,11.753888871934679,11.518400020599366,12.059200007120769,12.666650004386902,11.728562240068744,10.3100004196167,18.700000762939453,False,False,False,False,False,False,False,False,False,-23.904384337071306,noise,47.17648723876021,False,True,False,False,BSE,Finance,Non Banking Financial Company (NBFC),34.36742607852642,False,False
TRAVELFOOD.NS,2026-09-30,1198.8499755859375,1218.4625040690105,1276.3043450249565,1285.9754052734374,1250.7046622721355,1227.1017602539061,1216.8655933747157,1026.84801685483,1453.4901126091631,False,True,False,True,False,False,True,False,False,-10.330888039278097,dry,13.344881946597505,False,True,False,False,BSE,Leisure Services,Restaurants,51.47842947164324,False,False
TREEHOUSE.NS,2026-09-30,5.989999771118164,5.954166650772095,6.127777775128682,6.174000005722046,7.093600015640259,7.323300008773804,5.981187267472084,5.420000076293945,10.600000381469727,False,False,False,False,False,False,False,True,False,-23.303459474977252,ppv,173.914021045058,False,False,False,False,BSE,Other Consumer Services,Education,35.14299563742123,False,False
TREJHARA.NS,2026-09-30,136.85000610351562,137.14166768391928,148.11527803209094,147.41000030517577,152.1823334757487,169.1132499694824,138.71138330734394,128.0,284.75,False,False,False,False,False,False,False,False,False,-27.304113623630478,noise,27.04386404126737,False,False,False,False,BSE,IT - Software,Computers - Software & Consulting,30.004847309743095,False,False
TRF.NS,2026-09-30,198.85000610351562,213.58750025431314,224.31527794731988,226.01100036621094,238.00366678873698,249.8237503051758,211.18471436215702,198.0,403.0,False,False,False,False,False,False,False,False,False,-46.0160166122995,noise,29.40994365673952,False,False,False,True,BSE,Industrial Manufacturing,Industrial Products,9.597673291323314,False,False
TRIVENI.NS,2026-09-30,,,,,,,,,,False,False,False,False,False,False,False,False,False,,noise,,False,False,True,True,BSE,Agricultural Food & other Products,Sugar,,False,False
TRITURBINE.NS,2026-09-30,539.4000244140625,551.7666676839193,568.6457858615452,582.1393603515625,579.5318516031901,561.2942507934571,551.4956964166199,427.0175539547758,785.1243039029989,False,True,True,True,False,False,False,False,False,5.532700995078943,dry,12.035651930499156,False,True,False,False,BSE,Electrical Equipment,Heavy Electrical Equipment,67.52302472127968,False,False
TRU.NS,2026-09-30,4.099999904632568,4.142499963442485,4.160833345519172,4.312200012207032,5.360800008773804,5.91410001039505,4.138574149352991,3.8299999237060547,11.5,False,False,False,False,False,False,False,False,False,-62.929477856433394,dry,14.746785102041823,False,False,False,False,BSE,Finance,Non Banking Financial Company (NBFC),2.714493456131847,False,False
TTKHLTCARE.NS,2026-09-30,1018.5499877929688,1047.620829264323,1095.6777784559463,1081.6980017089843,950.9958333333333,958.7749572753906,1045.5679642230239,729.5363536800329,1250.0,True,False,False,True,False,True,True,False,False,-12.121408878095696,noise,32.49704934766659,False,False,False,False,BSE,Diversified,Diversified,49.3456131846825,False,False
TVSELECT.NS,2026-09-30,415.3500061035156,393.6291681925456,421.20277828640405,441.2510003662109,446.8516666666667,440.73425003051756,394.2958345589957,332.70001220703125,740.8499755859375,False,True,False,False,False,False,False,True,False,-33.432166363080476,ppv,1773.6613401702516,False,False,False,False,BSE,IT - Hardware,Computers Hardware & Equipments,22.10373242850218,False,False
UCAL.NS,2026-09-29,138.89999389648438,141.52083206176758,142.5013885498047,135.23099990844727,113.85220001220704,113.36889995574951,142.38930383110144,79.0,163.8000030517578,True,True,True,True,True,True,True,False,False,-1.733294730271906,dry,2.4505281608930303,False,False,False,False,BSE,Auto Components,Auto Components & Equipments,61.027629665535635,False,False
VSTIND.NS,2026-09-30,203.0,205.01250076293945,208.9944462246365,213.16700134277343,227.74701538085938,228.96146614074706,204.90189810810446,190.65185263155726,273.4235982931641,False,False,False,False,False,False,False,False,False,-19.288608360580795,noise,133.00907089590945,False,False,False,False,BSE,Cigarettes & Tobacco Products,Cigarettes & Tobacco Products,40.378090159961225,False,False
WILLAMAGOR.NS,2026-09-30,21.75,23.895833174387615,24.454166730244953,25.070600090026854,26.312866643269857,27.118999996185302,23.44931004377341,21.010000228881836,42.70000076293945,False,False,False,False,False,False,False,False,False,-35.26785420317214,noise,61.703132378403915,False,True,False,True,BSE,Finance,Investment Company,19.001454192922928,False,False
ZEEMEDIA.NS,2026-09-30,7.199999809265137,7.366666674613953,8.140833285119799,7.957199954986573,8.05653333346049,8.248100004196168,7.391645590082194,6.699999809265137,12.289999961853027,False,False,False,False,False,False,False,False,False,-39.1377865114174,dry,15.24250701247937,False,False,False,False,BSE,Entertainment,TV Broadcasting & Software Production,16.1415414444983,False,False
ZENITHEXPO.NS,2026-09-29,,,,,,,,,,False,False,False,False,False,False,False,False,False,,noise,,False,False,True,True,BSE,Consumer Durables,Leather And Leather Products,,False,False
ZFCVINDIA.NS,2026-09-30,2335.10009765625,2380.9208374023438,2514.350002712674,2496.51,2442.4515625,2449.43458984375,2367.12932750006,2049.789720304734,3036.438343670444,False,False,False,True,False,False,True,False,False,12.599715268254252,green,262.2040175679541,False,False,False,False,BSE,Auto Components,Auto Components & Equipments,73.7275811924382,True,False
ZYDUSWELL.NS,2026-09-30,512.8499755859375,527.7458267211914,525.8555535210503,533.3809997558594,505.9844189453125,486.11366760253907,522.9252067765728,356.8374966276438,610.9500122070312,True,True,True,True,False,True,True,False,False,8.538170178507599,noise,67.87320104743709,False,False,False,False,BSE,Food Products,Packaged Foods,70.52835676199709,True,False
