symbol,date,close,MA12,MA36,MA50,MA150,MA200,EMA10,52w_low,52w_high,cond1_price_above_150_200,cond2_ma150_above_ma200,cond3_ma200_trending_up_1m,cond4_ma50_above_150_200,cond5_price_above_ma50,cond6_30pct_above_52w_low,cond7_within_25pct_52w_high,cond9_price_above_ema10,fresh_ma12_cross_today,12m_return_pct,volume_signal,relative_volume,bull_snort,inside_bar,is_52w_high,is_52w_low,data_source,industry_group,industry,rs_percentile,cond8_rs_at_least_70,all_conditions_met,total_market_cap_cr,traded_value_cr,traded_volume,traded_val_pct_mc,price_band
AAREYDRUGS.NS,2026-10-06,107.8499984741211,102.4516658782959,94.111388736301,90.43239990234375,82.58633331298829,79.06290002822875,102.86420605760253,50.310001373291016,108.9800033569336,True,True,True,True,True,True,True,True,False,30.1907330297539,noise,95.08556429901597,False,False,True,False,,Pharmaceuticals & Biotechnology,Pharmaceuticals,81.82917002417406,True,True,343.76,1.59,147351,0.4623,5
ABSMARINE.NS,2026-10-05,327.04998779296875,312.4625015258789,292.4222229851617,272.32600067138674,236.43300018310546,223.93900009155274,320.42135754204793,143.0500030517578,360.0,True,True,True,True,True,True,True,True,False,78.61822877715852,noise,63.108072574283455,False,True,False,False,,Transport Services,Shipping,92.7880741337631,True,True,807.7,2.15,65333,0.2661,20
ACCENTMIC.NS,2026-10-05,662.9000244140625,674.8874969482422,638.2944386800131,604.4719976806641,490.10018229166667,451.44006118774416,671.1684087852746,237.53315895751183,731.7000122070312,True,True,True,True,True,True,True,False,False,172.77325379233906,noise,36.73176850026877,False,False,False,False,,Pharmaceuticals & Biotechnology,Pharmaceuticals,98.14665592264303,True,True,688.24,1.71,59606,0.2485,20
ACMESOLAR.NS,2026-10-06,448.20001220703125,442.8666636149089,416.33055369059247,403.5449993896484,342.65953267415364,313.54450393676757,436.8420631743546,195.72747422084996,476.8999938964844,True,True,True,True,True,True,True,True,False,54.60798954697743,noise,39.09796254074619,False,False,False,False,,Power,Power Generation,89.68573730862208,True,True,31655.98,96.93,2162615,0.3062,20
ACE.NS,2026-10-06,1252.199951171875,1230.4750061035156,1169.9006008572048,1146.8311572265625,988.4932902018229,964.0811672973633,1222.4115590742558,743.7339869667156,1268.0,True,True,True,True,True,True,True,True,False,14.92303433354698,noise,54.06335198202997,False,False,False,False,,"Agricultural, Commercial & Construction Vehicles",Construction Vehicles,75.30217566478646,True,True,14904.67,59.34,473915,0.3982,20
ADANIGREEN.NS,2026-10-06,1313.0,1283.9499918619792,1290.6138882107205,1310.8339990234374,1292.9556665039063,1208.017749633789,1285.1789743909308,765.0,1631.5,True,True,True,True,True,True,True,True,False,23.786184636793916,green,169.06804561393346,False,False,False,False,,Power,Power Generation,79.45205479452055,True,True,216274.23,249.29,1898640,0.1153,No Band
ADANIPORTS.NS,2026-10-06,1783.4000244140625,1779.9750162760417,1733.6472303602432,1721.0200024414062,1686.8045279947917,1633.226460571289,1771.6198620089137,1286.5777387006826,1891.0999755859375,True,True,True,True,True,True,True,True,False,27.9682836966453,noise,74.6069652765692,False,False,False,False,,Transport Infrastructure,Port & Port services,81.06365834004835,True,True,410888.07,369.02,2069195,0.0898,No Band
ADFFOODS.NS,2026-10-06,293.1000061035156,272.2874984741211,270.53194427490234,270.43714599609376,259.70790903727215,245.70097648620606,276.8181189542653,152.76382902708204,346.1881784193172,True,True,True,True,True,True,True,True,False,37.16073187323998,ppv,314.95291476545543,False,False,False,False,,Food Products,Packaged Foods,84.73005640612409,True,True,3220.1,4.58,156214,0.1422,20
CPPLUS.NS,2026-10-06,3976.0,3783.6250203450522,3660.1500108506943,3634.4880078125,3017.498058268229,2636.3481103515624,3828.128729704705,1303.4082246777493,4188.89990234375,True,True,True,True,True,True,True,True,False,179.53655043809925,red,168.68799293141927,False,False,False,False,,Industrial Manufacturing,Industrial Products,98.34810636583401,True,True,48756.47,92.9,233643,0.1905,5
AEGISLOG.NS,2026-10-06,1395.9000244140625,1382.9749959309895,1341.6861029730903,1334.43599609375,1014.3100960286458,936.4748852539062,1375.1608728350204,573.0465115667306,1528.699951171875,True,True,True,True,True,True,True,True,False,68.8734079252062,noise,90.63436004226348,False,False,False,False,,Gas,Trading - Gas,91.82111200644641,True,True,48996.09,176.23,1262478,0.3597,10
AEGISVOPAK.NS,2026-10-06,293.3500061035156,296.7583287556966,287.8138877020942,286.7143981933594,239.1859146118164,235.9748334503174,295.0929781373602,157.88530940558778,320.95001220703125,True,True,True,True,True,True,True,False,False,7.5125880695109615,noise,40.947755135369206,False,True,False,False,,Oil,Oil Storage & Transportation,70.1853344077357,True,True,32502.93,57.18,1949282,0.1759,10
AEROFLEX.NS,2026-10-06,560.75,528.6083272298177,526.7236107720269,502.8879998779297,408.57583811442055,354.86567321777346,534.3387116126297,157.8500633749001,584.1500244140625,True,True,True,True,True,True,True,True,False,219.3824080180999,noise,94.9460155881994,False,False,False,False,,Industrial Products,Iron & Steel Products,98.91216760676873,True,True,7420.45,80.62,1437678,1.0864,10
AEROENTER.NS,2026-10-06,132.55999755859375,125.16666666666667,132.98310364617242,130.951630859375,110.20410232543945,103.05635776519776,126.484331554332,62.02029581540144,159.60000610351562,True,True,True,True,True,True,True,True,False,43.42873591408525,noise,98.64313758120844,False,False,False,False,,Industrial Products,Iron & Steel Products,86.42224012892828,True,True,1500.1,10.13,764359,0.6754,20
AETHER.NS,2026-10-06,1799.800048828125,1691.1416625976562,1659.4194437662761,1632.5539965820312,1341.0863366699218,1245.3070028686523,1703.8611452446457,728.0,1814.0999755859375,True,True,True,True,True,True,True,True,False,138.39989664568185,ppv,420.4067491507937,True,False,True,False,,Chemicals & Petrochemicals,Specialty Chemicals,97.21998388396455,True,True,23888.36,59.92,332946,0.2508,20
AIMTRON.NS,2026-10-05,1873.550048828125,1815.0166625976562,1716.8916558159722,1664.8899877929687,1278.5159985351563,1162.7929989624024,1842.0771053696747,675.0,2010.0,True,True,True,True,True,True,True,True,False,170.99878715410983,noise,58.10862134447399,False,True,False,False,,Industrial Manufacturing,Industrial Products,98.10636583400483,True,True,1123.82,2.69,49321,0.2393,20
AJANTPHARM.NS,2026-10-06,3573.39990234375,3552.0250244140625,3559.4611070421006,3537.421533203125,3201.612197265625,3098.9323876953126,3551.1724769874018,2331.548247588081,3796.0,True,True,True,True,True,True,True,True,False,51.82719848237591,green,115.47217329651625,False,True,False,False,,Pharmaceuticals & Biotechnology,Pharmaceuticals,88.83964544721998,True,True,44652.86,33.21,92944,0.0744,20
AKIKO.NS,2026-10-05,431.3999938964844,425.875,408.4236119588216,388.86400024414064,296.90699981689454,281.5042498779297,425.80350674020497,190.25,445.0,True,True,True,True,True,True,True,True,False,71.76986039437972,noise,61.953352769679306,False,False,False,False,,Finance,Other Financial Services,92.22401289282837,True,True,82.66,0.17,22327,0.2073,10
AKSHARCHEM.NS,2026-10-06,374.20001220703125,385.7458318074544,378.5630128648546,348.14021850585937,253.13732564290365,246.79192611694336,381.8262438040422,141.133148807369,471.442609418163,True,True,True,True,True,True,True,False,False,38.44878649135386,green,132.26906592398646,False,False,False,False,,Chemicals & Petrochemicals,Dyes And Pigments,85.29411764705883,True,True,300.6,0.42,11156,0.1389,5
AKUMS.NS,2026-10-06,814.6500244140625,814.1666615804037,780.0194413926866,758.0469958496094,625.1736979166667,581.4300798034668,808.5439363293633,407.37371334346585,838.7999877929688,True,True,True,True,True,True,True,True,False,83.4383925368075,noise,38.02160657153939,False,False,False,False,,Pharmaceuticals & Biotechnology,Pharmaceuticals,93.39242546333601,True,True,12472.46,28.57,350763,0.2291,10
ALBERTDAVD.NS,2026-10-06,839.0999755859375,856.2916615804037,858.7638888888889,825.5713024902344,740.4263313802084,734.070361328125,853.8564415576838,575.6902111808453,931.8499755859375,True,True,True,True,True,True,True,False,False,8.845020581709617,noise,21.54434774105222,False,False,False,False,,Pharmaceuticals & Biotechnology,Pharmaceuticals,71.11200644641417,True,True,478.89,0.88,10451,0.1831,20
ALIVUS.NS,2026-10-06,1384.0,1373.4166564941406,1378.3013305664062,1355.0084790039064,1153.6546439615886,1091.2671450805665,1375.2007918435665,816.0868402393627,1488.4866814641196,True,True,True,True,True,True,True,True,False,48.82035902952568,noise,96.3422522264308,False,True,False,False,,Pharmaceuticals & Biotechnology,Pharmaceuticals,87.79210314262691,True,True,16991.57,21.08,152333,0.1241,20
AMANTA.NS,2026-10-06,197.67999267578125,189.66833368937174,189.45999993218317,182.369599609375,149.98546630859374,139.02259963989258,192.10808746361215,92.0,209.9499969482422,True,True,True,True,True,True,True,True,False,44.99046353637275,red,125.65647161818458,False,False,False,False,,Pharmaceuticals & Biotechnology,Pharmaceuticals,86.78485092667204,True,True,767.58,1.24,62733,0.1616,2
AMEYA.NS,2026-10-05,143.0,149.51666641235352,125.56944465637207,120.59200042724609,112.0336668395996,107.82650005340577,146.06375249808525,86.0,164.9499969482422,True,True,True,True,True,True,True,False,False,39.376220396405806,noise,50.377833753148614,False,False,False,False,,Industrial Products,Other Industrial Products,85.5761482675262,True,True,90.86,0.08,6681,0.0891,5
ANDHRSUGAR.NS,2026-10-06,94.41999816894531,94.0124994913737,95.94364356994629,94.07635223388672,86.50972493489583,82.80979324340821,93.64201991685937,65.64734140930214,105.85510736650535,True,True,True,True,True,True,True,True,False,27.341715963088873,noise,40.857106923445244,False,False,False,False,,Chemicals & Petrochemicals,Commodity Chemicals,80.94278807413376,True,True,1279.73,8.28,877331,0.6473,20
AHCL.NS,2026-10-06,29.65999984741211,30.600833415985107,21.13694453239441,19.31740005493164,15.701266670227051,15.033519997596741,30.490406635506996,10.371000289916992,37.2400016784668,True,True,True,True,True,True,True,False,False,141.02064387974497,noise,48.585324340178204,False,False,False,False,,Pharmaceuticals & Biotechnology,Pharmaceuticals,97.46172441579371,True,True,1576.47,57.2,19283983,3.6281,5
ANLON.NS,2026-10-05,758.2000122070312,770.5541687011719,696.0347239176432,674.6120007324218,581.0026672363281,533.6532502746581,763.3321412435628,335.0,858.0999755859375,True,True,True,True,True,True,True,False,False,74.29885338092672,noise,88.93280632411067,False,False,False,False,,Commercial Services & Supplies,Diversified Commercial Services,92.50604351329574,True,True,316.52,0.36,7139,0.1141,10
ANTELOPUS.NS,2026-10-06,1100.5999755859375,1135.8249918619792,1012.4166615804037,957.4699975585937,799.7423303222656,723.8674972534179,1120.7995825144205,357.0,1290.9000244140625,True,True,True,True,True,True,True,False,False,102.50229541599585,dry,9.21408102549188,False,False,False,False,,Oil,Oil Exploration & Production,95.04431909750201,True,True,3869.97,161.09,1463669,4.1626,20
ANTHEM.NS,2026-10-06,890.3499755859375,873.6208292643229,903.0694427490234,886.4310009765625,789.086230875651,753.7721673583984,873.8620561481388,577.6439689831894,977.5499877929688,True,True,True,True,True,True,True,True,False,14.84995806350964,noise,88.42682491666604,False,False,False,False,,Pharmaceuticals & Biotechnology,Biotechnology,75.26188557614827,True,True,50012.19,72.03,809011,0.144,20
ANUHPHR.NS,2026-10-06,87.56999969482422,89.30750020345052,86.41527811686198,84.0398487854004,79.230120900472,78.42375549316407,87.9115410648024,65.74983978271484,99.5,True,True,True,True,True,True,True,False,False,9.571509359897856,noise,66.65571673441254,False,False,False,False,,Pharmaceuticals & Biotechnology,Pharmaceuticals,71.7969379532635,True,True,877.66,1.11,127158,0.1269,20
APARINDS.NS,2026-10-06,18016.0,17874.833333333332,17495.542588975695,17024.737578125,14104.755592447917,12772.661691894531,17804.56194610726,6777.469795325622,19265.0,True,True,True,True,True,True,True,True,False,111.9283493068934,noise,63.992009693354866,False,False,False,False,,Electrical Equipment,Other Electrical Equipment,95.9709911361805,True,True,75437.2,256.39,142313,0.3399,20
APOLLO.NS,2026-10-06,408.04998779296875,400.25525919596356,394.66747199164496,393.7052081298828,350.27022440592447,324.02525337219237,400.1763132382212,179.38966604060064,466.21327810672074,True,True,True,True,True,True,True,True,False,23.503000939459074,noise,58.07610470686917,False,False,False,False,,Aerospace & Defense,Aerospace & Defense,79.33118452860596,True,True,15163.12,288.97,7081724,1.9057,20
ARABIAN.NS,2026-10-05,96.75,88.46249961853027,85.5874998304579,83.33799987792969,74.2319997660319,73.32199993133545,89.1579497881961,63.20000076293945,97.0,True,True,True,True,True,True,True,True,False,37.42897429403447,ppv,482.57372654155495,True,False,True,False,,Petroleum Products,Lubricants,84.89121676067687,True,True,89.91,0.1,11878,0.1091,20
ARIES.NS,2026-10-06,499.0,475.86666615804035,469.6523852878147,435.53479553222655,376.3198771158854,363.17507858276366,482.43938019942993,283.80856922132995,521.9153446988465,True,True,True,True,True,True,True,True,False,35.10440346026296,noise,30.463948282706237,False,False,False,False,,Fertilizers & Agrochemicals,Fertilizers,83.92425463336019,True,True,648.92,3.24,64883,0.4989,5
ARROWGREEN.NS,2026-10-06,891.75,884.6666615804037,802.4242841932509,787.4011071777344,620.7337034098307,580.082041015625,874.3924252303844,339.84701118518905,952.75,True,True,True,True,True,True,True,True,False,55.816320066479676,green,143.1941606941489,False,False,False,False,,Industrial Products,Packaging,90.00805801772765,True,True,1345.47,3.28,36770,0.2437,20
ASAHISONG.NS,2026-10-06,369.95001220703125,380.23341115315753,371.04907565646704,369.1196307373047,284.2323962402344,272.8721822357178,376.5875814069693,178.91408623147177,412.277266097403,True,True,True,True,True,True,True,False,False,31.883905819232837,dry,12.425004716021721,False,True,False,False,,Chemicals & Petrochemicals,Dyes And Pigments,82.51410153102337,True,True,436.07,1.52,41131,0.3489,5
ASHIANA.NS,2026-10-06,382.95001220703125,385.63232421875,366.9977501763238,370.5068640136719,356.34122192382813,342.3232241821289,382.3576632946563,267.64283553700096,434.28772937264273,True,True,True,True,True,True,True,True,False,29.179343791689092,noise,48.33526631167307,False,False,False,False,,Realty,"Residential, Commercial Projects",81.5471394037067,True,True,3849.6,6.7,175072,0.1742,20
ASTRAMICRO.NS,2026-10-06,1705.9000244140625,1631.7416585286458,1663.7306281195747,1692.151962890625,1438.3529349772136,1315.1274114990235,1645.4171698382522,849.7963206864241,1957.2277658555508,True,True,True,True,True,True,True,True,False,53.13668271664736,ppv,131.45055641503578,False,False,False,False,,Aerospace & Defense,Aerospace & Defense,89.16196615632555,True,True,16196.67,72.72,426300,0.449,20
ATLANTAELE.NS,2026-10-06,1869.300048828125,1685.0083414713542,1749.9527825249565,1707.2460083007813,1615.4386714680988,1425.0470025634766,1730.9910132626276,707.5999755859375,2152.60009765625,True,True,True,True,True,True,True,True,False,105.09079201191813,red,233.20617563342466,False,False,False,False,,Electrical Equipment,Heavy Electrical Equipment,95.28605962933119,True,True,14374.29,26.48,141646,0.1842,10
AUROPHARMA.NS,2026-10-06,1692.800048828125,1695.9500122070312,1670.169457329644,1655.1980078125,1510.639335123698,1428.8134991455079,1687.544654392559,1066.800048828125,1740.0,True,True,True,True,True,True,True,True,False,54.38212939608984,green,114.62523911315061,False,True,False,False,,Pharmaceuticals & Biotechnology,Pharmaceuticals,89.5245769540693,True,True,97399.97,146.03,862646,0.1499,No Band
AURUM.NS,2026-10-06,231.13999938964844,223.03083165486655,225.353887769911,224.72979919433592,201.18486684163412,196.54959983825682,224.71448641335977,151.89999389648438,264.6400146484375,True,True,True,True,True,True,True,True,False,37.14252319758828,noise,81.62255363331555,False,False,False,False,,IT - Services,IT Enabled Services,84.6897663174859,True,True,2231.85,6.1,264079,0.2735,20
AVADHSUGAR.NS,2026-10-06,873.2999877929688,780.1374918619791,789.6152750651041,737.1849981689453,556.6169978841145,502.32300003051756,799.9167582008571,300.3047281830496,898.7999877929688,True,True,True,True,True,True,True,True,False,106.78612243511716,ppv,147.0981354201597,False,False,True,False,,Agricultural Food & other Products,Sugar,95.56809024979856,True,True,1748.21,23.48,268820,1.3429,10
AVALON.NS,2026-10-06,2400.39990234375,2369.0083211263022,2275.8666788736978,2152.664013671875,1621.1890051269531,1450.1512551879882,2325.8334435143615,777.2999877929688,2618.0,True,True,True,True,True,True,True,True,False,112.14316414880687,noise,91.48038694062618,False,False,False,False,,Electrical Equipment,Other Electrical Equipment,96.01128122481869,True,True,16054.43,128.74,536348,0.8019,20
AVTNPL.NS,2026-10-06,90.18000030517578,91.11333274841309,89.30638800726996,84.28166625976563,72.29216702779134,70.56769804000855,90.18370927072847,53.16497337905437,102.0,True,True,True,True,True,True,True,False,False,26.09705359305041,noise,27.4674017472108,False,True,False,False,,Agricultural Food & other Products,Other Agricultural Products,80.49959709911361,True,True,1373.3,3.22,357206,0.2346,20
AYMSYNTEX.NS,2026-10-06,289.25,288.3874994913737,282.69861263699,273.4874017333984,234.77186686197916,218.7867502593994,287.3428755731719,141.52999877929688,330.0,True,True,True,True,True,True,True,True,False,52.349098846589534,noise,26.84243967010133,False,False,False,False,,Textiles & Apparels,Other Textile Products,89.00080580177277,True,True,1700.44,3.01,104062,0.177,20
AZAD.NS,2026-10-06,3062.60009765625,2831.0666300455728,2806.352769639757,2716.657998046875,2238.191338704427,2076.819505004883,2880.0331256219524,1360.0,3127.89990234375,True,True,True,True,True,True,True,True,False,85.89378437974204,green,181.40740791110903,False,False,True,False,,Electrical Equipment,Heavy Electrical Equipment,93.75503626107977,True,True,19778.81,223.31,729146,1.129,20
BHEL.NS,2026-10-06,452.0,423.3625005086263,424.4805560641819,421.0990008544922,377.915000406901,350.3030512237549,427.046729776668,228.8019259330385,453.8999938964844,True,True,True,True,True,True,True,True,False,85.19075247572043,ppv,312.3573478678396,True,False,True,False,,Electrical Equipment,Heavy Electrical Equipment,93.63416599516519,True,True,157389.26,427.06,9448202,0.2713,No Band
BBTCL.NS,2026-10-06,233.1199951171875,231.00999959309897,231.759398566352,229.38132720947266,208.0408994547526,203.07629959106444,230.86252563890855,155.3235913227737,260.86397988180863,True,True,True,True,True,True,True,True,False,18.13077857008869,noise,36.921652673827055,False,False,False,False,,Industrial Products,Packaging,77.23609991941981,True,True,478.16,0.27,11435,0.0557,20
STYLEBAAZA.NS,2026-10-06,375.45001220703125,379.1958312988281,391.8972210354275,370.4899981689453,337.42733123779294,329.06699874877927,376.63704414611607,229.9499969482422,447.1000061035156,True,True,True,True,True,True,True,False,False,10.134942484345743,noise,97.281316066939,False,False,False,False,,Retailing,Speciality Retail,72.32070910556003,True,True,2857.83,37.81,1007146,1.3231,5
BAFNAPH.NS,2026-10-06,394.0,354.3333333333333,307.5958349439833,296.2420010375977,200.18246688842774,182.6825,363.78264183029654,94.7699966430664,394.0,True,True,True,True,True,True,True,True,False,123.54609929078015,dry,2.360408862155073,False,False,True,False,,Pharmaceuticals & Biotechnology,Pharmaceuticals,96.57534246575342,True,True,932.06,0.66,16636,0.0703,2
BALPHARMA.NS,2026-10-06,101.45999908447266,106.63416608174641,95.8963851928711,93.538857421875,83.41276875813801,80.44814262390136,105.61030887342193,59.289451054818755,123.12442569317751,True,True,True,True,True,True,True,False,False,23.82530182182503,noise,28.7974761904511,False,False,False,False,,Pharmaceuticals & Biotechnology,Pharmaceuticals,79.49234488315874,True,True,161.53,0.75,74072,0.4653,20
BALAMINES.NS,2026-10-06,2287.699951171875,2143.3999837239585,2245.424994574653,2204.759987792969,1837.7319274902343,1660.3769558715821,2137.7279106305864,963.3273935013657,2629.800048828125,True,True,True,True,True,True,True,True,False,65.48144337516189,ppv,1033.1035222341359,True,False,False,False,,Chemicals & Petrochemicals,Specialty Chemicals,91.45850120870266,True,True,7412.38,58.07,253829,0.7834,20
BALRAMCHIN.NS,2026-10-06,691.2999877929688,668.6375020345052,680.915273030599,665.87099609375,576.2883331298829,542.2559996032714,671.0836247248965,393.54998779296875,780.9500122070312,True,True,True,True,True,True,True,True,False,44.7049127254878,noise,60.549988819865,False,False,False,False,,Agricultural Food & other Products,Sugar,86.66398066075746,True,True,14627.73,206.39,2985536,1.411,20
BHAGERIA.NS,2026-10-06,393.54998779296875,371.06666564941406,297.8636105855306,272.9116000366211,207.9029690551758,197.7485721588135,372.44835952947716,126.11259857623196,415.79998779296875,True,True,True,True,True,True,True,True,False,129.62130639096821,ppv,232.90852881525933,False,False,False,False,,Chemicals & Petrochemicals,Dyes And Pigments,96.81708299758259,True,True,1717.62,4.7,119313,0.2734,10
BHAGYANGR.NS,2026-10-06,432.95001220703125,423.8874994913737,405.0611097547743,398.63799865722655,320.07446655273435,280.57759994506836,419.01344978084944,94.08000183105469,467.8999938964844,True,True,True,True,True,True,True,True,False,344.73551000837864,noise,96.83728782195317,False,False,False,False,,Non - Ferrous Metals,Copper,99.67767929089445,True,True,1450.23,5.99,138454,0.4133,5
BEPL.NS,2026-10-06,128.6300048828125,126.42000071207683,126.41638904147678,124.8517999267578,105.0847612508138,99.56249114990234,125.95654663756682,72.86855369334994,137.34641029083173,True,True,True,True,True,True,True,True,False,34.13471460379092,green,107.87313088246779,False,False,False,False,,Chemicals & Petrochemicals,Petrochemicals,83.36019339242546,True,True,3201.07,58.91,4580175,1.8405,20
BIL.NS,2026-10-06,1092.8499755859375,1028.3583221435547,952.5361073811849,907.9619958496094,792.4366658528646,787.9334994506836,1031.5982285190523,602.0,1150.0,True,True,True,True,True,True,True,True,False,32.845066936493026,green,152.33994549801108,False,False,False,False,,Consumer Durables,Leather And Leather Products,82.67526188557615,True,True,1465.56,1.55,14205,0.1059,20
BIRLACABLE.NS,2026-10-06,395.45001220703125,372.7875010172526,346.9330546061198,319.4854000854492,218.88925084431966,198.0957222747803,378.1875160810946,103.34114160024168,418.79998779296875,True,True,True,True,True,True,True,True,False,141.86899479691002,green,141.66049616406434,False,False,False,False,,Telecom -  Equipment & Accessories,Telecom -  Equipment & Accessories,97.50201450443191,True,True,1186.35,9.86,249348,0.8312,5
BBOX.NS,2026-10-06,839.9500122070312,808.0499979654948,773.2315165201823,768.3479370117187,766.6029180908204,706.6876817321777,806.944289311534,443.6987723274004,1101.5073628455477,True,True,True,True,True,True,True,True,False,43.34694436206856,green,207.11912706093432,False,False,False,False,,IT - Services,IT Enabled Services,86.38195004029009,True,True,14917.45,38.81,462018,0.2601,10
BLISSGVS.NS,2026-10-06,676.4500122070312,691.3999989827474,651.4736107720269,604.0199987792969,433.65895782470704,371.5404305267334,688.0386986429316,117.5147500933485,739.9000244140625,True,True,True,True,True,True,True,False,False,342.24446621159166,noise,42.21791453460057,False,False,False,False,,Pharmaceuticals & Biotechnology,Pharmaceuticals,99.63738920225624,True,True,7192.72,25.46,376309,0.3539,5
BLSE.NS,2026-10-06,160.89999389648438,161.4354159037272,159.74783537122937,158.27003631591796,121.1702288309733,112.62517204284669,160.86980278518212,62.05272688107476,169.89999389648438,True,True,True,True,True,True,True,True,False,76.87575922569295,noise,32.71468289866301,False,False,False,False,,IT - Services,IT Enabled Services,92.66720386784851,True,True,1458.62,20.64,1282648,1.4149,20
BLUSPRING.NS,2026-10-06,144.52999877929688,138.2941665649414,130.8944443596734,126.23899993896484,94.49466687520345,86.29890014648437,141.17233059112607,43.97999954223633,152.5,True,True,True,True,True,True,True,True,False,80.48201233088477,noise,26.178202015997915,False,False,False,False,,Commercial Services & Supplies,Diversified Commercial Services,92.98952457695407,True,True,2160.75,8.22,568737,0.3804,10
BODALCHEM.NS,2026-10-06,186.57000732421875,193.94666798909506,150.43972312079535,128.0276008605957,84.9632002512614,76.26425024032592,189.12798620484506,42.810001373291016,207.6999969482422,True,True,True,True,True,True,True,False,False,196.99141711328338,noise,22.7154213385449,False,False,False,False,,Chemicals & Petrochemicals,Dyes And Pigments,98.67042707493955,True,True,2349.74,35.57,1906398,1.5137,5
CHENNPETRO.NS,2026-10-06,1405.699951171875,1390.5,1424.4388902452256,1384.6232104492187,1149.7497359212239,1068.1840805053712,1398.3473602016784,681.4494121069772,1677.5,True,True,True,True,True,True,True,True,False,83.61125766960672,noise,44.902428533801945,False,False,False,False,,Petroleum Products,Refineries & Marketing,93.43271555197421,True,True,20932.47,299.63,2131569,1.4314,20
CALSOFT.NS,2026-10-06,33.439998626708984,36.83416620890299,35.507500118679474,31.712600059509278,22.786133410135903,20.71790006160736,35.69326521605113,10.899999618530273,43.130001068115234,True,True,True,True,True,True,True,False,False,125.03364333311362,noise,41.38872919293954,False,False,False,False,,IT - Software,Computers - Software & Consulting,96.61563255439162,True,True,206.75,0.73,218353,0.3532,5
CAPLIPOINT.NS,2026-10-06,2679.699951171875,2750.7333374023438,2670.3946329752603,2637.5871435546874,2235.8669360351564,2125.7616571044923,2708.839543358479,1495.027411428422,2990.0,True,True,True,True,True,True,True,False,False,33.132862728963566,noise,57.4328591216559,False,False,False,False,,Pharmaceuticals & Biotechnology,Pharmaceuticals,82.83642224012893,True,True,20368.85,46.76,174491,0.2296,20
CARBORUNIV.NS,2026-10-06,1269.5999755859375,1235.9833374023438,1144.9583231608074,1133.0052514648437,1034.435438639323,981.3268942260743,1234.184552786779,733.4511840295453,1368.9000244140625,True,True,True,True,True,True,True,True,False,36.01822702514945,noise,97.35543977593345,False,False,False,False,,Industrial Products,Abrasives & Bearings,84.28686543110395,True,True,24186.56,41.36,325786,0.171,20
CEIGALL.NS,2026-10-06,376.20001220703125,380.45833587646484,359.4382146199544,351.22644287109375,338.0702856445312,322.5004067993164,379.94936770039635,222.3163870325336,405.164930099543,True,True,True,True,True,True,True,False,False,44.54982705364561,noise,38.27553364482154,False,True,False,False,,Construction,Civil Construction,86.62369057211926,True,True,6553.59,16.51,438778,0.2519,10
CENTUM.NS,2026-10-06,4451.0,4701.9833984375,4066.3222452799478,3960.1999365234374,3436.929464518229,3163.9734155273436,4619.4531638951485,2041.2345828168375,4999.5,True,True,True,True,True,True,True,False,False,65.47744974081884,noise,88.94656102641878,False,False,False,False,,Aerospace & Defense,Aerospace & Defense,91.41821112006447,True,True,6570.57,33.93,76219,0.5163,20
CGPOWER.NS,2026-10-06,912.0,883.6124979654948,886.7736104329427,882.4699987792969,852.8616654459636,800.7123098754882,884.1795389847343,524.3427016609982,980.9000244140625,True,True,True,True,True,True,True,True,False,22.194235099842217,green,101.0235980565295,False,False,False,False,,Electrical Equipment,Heavy Electrical Equipment,78.84770346494763,True,True,143682.71,272.12,2983738,0.1894,No Band
CLSEL.NS,2026-10-06,291.95001220703125,289.2541681925456,292.03124660915796,288.86466125488283,275.0173302205404,270.9254781341553,288.0372667359993,201.67726198444993,321.4957959945291,True,True,True,True,True,True,True,True,False,12.490666558800513,noise,44.97690739120191,False,False,False,False,,Agricultural Food & other Products,Other Agricultural Products,73.73086220789685,True,True,1451.74,3.53,120813,0.243,20
CHEMBOND.NS,2026-10-06,191.8300018310547,187.68999862670898,185.19277699788412,182.555,167.59960642496745,163.78729705810548,186.78124033309126,104.02647994423943,236.8000030517578,True,True,True,True,True,True,True,True,False,8.379531826722353,noise,57.84239402185809,False,False,False,False,,Chemicals & Petrochemicals,Specialty Chemicals,70.78968573730863,True,True,257.98,0.27,14065,0.1046,20
CONFIPET.NS,2026-10-06,86.66999816894531,87.09395535786946,83.46655782063802,82.02761306762696,67.3221360651652,58.862692193984984,86.75887512377604,28.027656990154686,93.09257068463576,True,True,True,True,True,True,True,False,False,86.5219459049069,noise,39.72193656691962,False,True,False,False,,Gas,LPG/CNG/PNG/LNG Supplier,93.91619661563256,True,True,2879.53,28.29,3263824,0.9824,20
CORDSCABLE.NS,2026-10-06,314.3500061035156,342.37916310628253,312.07608201768664,285.2477752685547,222.21007578531902,209.80116287231445,330.1284403197403,126.59146539161857,406.95001220703125,True,True,True,True,True,True,True,False,False,81.01896815040257,dry,18.593499332117997,False,False,False,False,,Industrial Products,Cables - Electricals,93.07010475423046,True,True,406.38,5.11,162668,1.2583,5
CPCAP.NS,2026-10-06,154.52999877929688,148.93833287556967,134.05194536844888,129.4840003967285,107.56446685791016,106.75660022735596,145.91419774461622,73.51000213623047,161.33999633789062,True,True,True,True,True,True,True,True,False,20.20068583842869,ppv,880.9093272326285,True,False,False,False,,Finance,Non Banking Financial Company (NBFC),78.24335213537469,True,True,281.23,0.59,38382,0.2109,20
CUPID.NS,2026-10-06,324.20001220703125,286.9250017801921,282.5166664123535,275.90019927978517,183.868732808431,159.33989974975586,299.49341399521825,41.816001892089844,324.95001220703125,True,True,True,True,True,True,True,True,False,654.0236868612171,noise,95.9334296778786,False,False,True,False,,Personal Products,Personal Care,99.87912973408541,True,True,43593.9,1044.62,32221359,2.3962,20
CYIENTDLM.NS,2026-10-06,939.0,922.000010172526,868.1055603027344,817.7100036621093,553.6586682128906,508.6617512512207,920.2678408573556,265.20001220703125,1009.0,True,True,True,True,True,True,True,True,False,109.55143655657116,noise,38.8645030480325,False,False,False,False,,Aerospace & Defense,Aerospace & Defense,95.76954069298952,True,True,7452.32,81.48,867773,1.0934,20
DSKULKARNI.NS,2026-10-06,27.1200008392334,24.5724999109904,20.368611123826767,17.983799991607665,15.027933457692464,14.658450140953065,25.067711031220686,8.600000381469727,27.1200008392334,True,True,True,True,True,True,True,True,False,100.14760485226671,ppv,654.0377708260919,False,False,True,False,,Realty,"Residential, Commercial Projects",94.84286865431105,True,True,27.12,0.0,113,0.0011,2
DALMIASUG.NS,2026-10-06,453.0,409.52916717529297,438.3375006781684,425.98,374.2471527099609,351.8222123718262,419.1123539659963,256.4493957198617,520.0,True,True,True,True,True,True,True,True,False,30.91718825738252,ppv,110.74003728943347,False,False,False,False,,Agricultural Food & other Products,Sugar,82.11120064464141,True,True,3666.55,30.86,681257,0.8417,20
DEEDEV.NS,2026-10-06,651.7000122070312,669.3625030517578,650.3814476860894,650.0079553222656,554.1817420450847,469.90087089538576,659.0615555151164,182.69871604200983,758.7487929742209,True,True,True,True,True,True,True,False,False,139.24307214327897,noise,55.14015296760812,False,True,False,False,,Industrial Manufacturing,Industrial Products,97.34085414987914,True,True,4903.35,11.49,176327,0.2344,5
DEEPINDS.NS,2026-10-06,748.9500122070312,759.0291646321615,733.8372311062283,706.3016333007813,540.0067291259766,502.9138882446289,755.0304240393818,328.747065369566,825.0,True,True,True,True,True,True,True,False,False,52.3413291817741,noise,33.17350388233224,False,False,False,False,,Oil,Oil Equipment & Services,88.96051571313457,True,True,4793.28,41.92,559783,0.8747,20
DBOL.NS,2026-10-06,137.89999389648438,121.0558312733968,123.31027666727702,119.31159912109375,112.53115422566732,106.3217395401001,124.44712507205432,68.04458797402032,139.0,True,True,True,True,True,True,True,True,False,69.74538419639,ppv,391.08916410812583,True,False,True,False,,Agricultural Food & other Products,Sugar,91.98227236099919,True,True,907.22,3.2,231912,0.3525,20
DHAMPURSUG.NS,2026-10-06,188.80999755859375,170.22499974568686,171.01972113715277,165.0039990234375,147.86213943481445,140.24153171539308,173.58786521992258,108.4862046974501,199.9199981689453,True,True,True,True,True,True,True,True,False,39.44543013806323,ppv,348.1930037220943,True,False,False,False,,Agricultural Food & other Products,Sugar,85.61643835616438,True,True,1214.17,16.38,867594,1.3492,20
DIACABS.NS,2026-10-06,368.29998779296875,359.6749979654948,354.3666636149089,351.5851983642578,238.04533289591473,211.95784957885743,357.42897202669076,115.56999969482422,404.0,True,True,True,True,True,True,True,True,False,148.6497434067442,ppv,64.20717889781929,False,False,False,False,,Electrical Equipment,Other Electrical Equipment,97.5825946817083,True,True,22026.96,143.57,3898168,0.6518,5
DICIND.NS,2026-10-06,619.2000122070312,633.812510172526,608.8277757432726,582.9109991455078,538.3959586588542,531.3643684387207,623.3771306251141,447.9634122961736,675.0,True,True,True,True,True,True,True,False,False,22.664477844523656,dry,13.23641473769632,False,True,False,False,,Chemicals & Petrochemicals,Printing Inks,78.96857373086222,True,True,568.36,0.6,9679,0.1054,20
DIFFNKG.NS,2026-10-06,454.1000061035156,444.10416412353516,434.5473870171441,424.71088928222656,357.15781290690103,339.58482414245606,447.2051851767406,215.99034037428646,519.9000244140625,True,True,True,True,True,True,True,True,False,26.3134907854502,noise,65.80423286712586,False,False,False,False,,Industrial Products,Other Industrial Products,80.58017727639,True,True,1685.9,15.34,337732,0.9097,20
DIVISLAB.NS,2026-10-06,9550.0,9427.041666666666,9214.458333333334,8966.16,7355.977975260416,7082.71189453125,9377.692115242808,5624.307044364768,9740.0,True,True,True,True,True,True,True,True,False,64.58219504131175,noise,92.32758059367511,False,False,False,False,,Pharmaceuticals & Biotechnology,Pharmaceuticals,91.29734085414988,True,True,253522.49,466.55,488533,0.184,No Band
DPEL.NS,2026-10-05,608.5,629.183339436849,603.3097262912327,589.3100036621094,506.91966715494794,452.48400009155273,621.4229833562072,236.0,655.0,True,True,True,True,True,True,True,False,False,157.83898305084745,noise,54.224464060529634,False,False,False,False,,Industrial Products,Cables - Electricals,97.78404512489928,True,True,251.91,0.44,41166,0.1732,10
DMCC.NS,2026-10-06,355.79998779296875,305.4958318074544,292.2738257514106,289.521943359375,266.1288311767578,258.51825569152834,313.4365689579303,189.6849424177935,374.1499938964844,True,True,True,True,True,True,True,True,False,15.539430417862764,ppv,1619.5489362470405,False,False,True,False,,Chemicals & Petrochemicals,Specialty Chemicals,75.66478646253022,True,True,887.36,3.67,103032,0.4131,20
DOLPHIN.NS,2026-10-06,643.3499755859375,666.5583292643229,645.2847188313802,582.4409973144532,459.902998046875,453.2739988708496,650.3482012254467,322.0,749.5,True,True,True,True,True,True,True,False,False,64.89811243124942,green,106.3970966299699,False,False,False,False,,Oil,Offshore Support Solution Drilling,91.37792103142627,True,True,2573.69,5.03,78160,0.1954,10
LALPATHLAB.NS,2026-10-06,1964.199951171875,1948.7583516438801,1921.9527791341145,1918.612109375,1659.4651839192709,1597.5936657714844,1958.8286884205618,1266.1614521067843,2038.5999755859375,True,True,True,True,True,True,True,True,False,24.769110019988517,noise,77.53953063436786,False,False,False,False,,Healthcare Services,Healthcare Service Provider,79.8146655922643,True,True,32797.77,68.99,351240,0.2104,20
DURLAX.NS,2026-10-05,63.400001525878906,63.14166673024496,63.35694440205892,60.98999992370605,53.71599993387858,50.66399694442749,63.976715549280954,30.549999237060547,72.0,True,True,True,True,True,True,True,False,False,54.82295566464834,noise,23.685457129322597,False,False,False,False,,Consumer Durables,"Furniture, Home Furnishing",89.76631748589847,True,True,140.23,1.1,142030,0.7859,20
DWARKESH.NS,2026-10-06,46.86000061035156,42.87000020345052,46.411111195882164,44.80919998168945,43.93960703531901,41.873472709655765,43.61030693330332,32.045448076776864,59.900001525878906,True,True,True,True,True,True,True,True,False,13.45965425107436,ppv,149.07203445245887,False,False,False,False,,Agricultural Food & other Products,Sugar,74.41579371474617,True,True,868.32,15.75,3361413,1.814,20
DYNAMATECH.NS,2026-10-06,14279.0,13233.916666666666,12222.931830512152,11834.412265625,10948.82837890625,10514.330073242187,13496.260410816889,6756.698232049184,14409.0,True,True,True,True,True,True,True,True,False,106.26957138218933,green,116.40759086662757,False,False,True,False,,Industrial Manufacturing,Industrial Products,95.44721998388397,True,True,9697.5,27.38,19176,0.2824,20
E2E.NS,2026-10-06,688.9000244140625,638.3875071207682,623.6166670057509,610.4610034179688,426.9338680013021,377.1704009246826,648.0617660045452,183.36000061035156,698.0,True,True,True,True,True,True,True,True,False,85.72238374269435,noise,76.8970076356722,False,False,True,False,,IT - Services,IT Enabled Services,93.71474617244158,True,True,14153.99,85.83,1245953,0.6064,5
EDELWEISS.NS,2026-10-06,135.52999877929688,138.44166564941406,131.7937037150065,127.8081755065918,118.55095545450847,116.50711246490478,136.96435709511647,96.92496747850444,146.0,True,True,True,True,True,True,True,False,False,23.553521359808816,noise,37.01226263885004,False,False,False,False,,Finance,Holding Company,79.37147461724415,True,True,12828.34,78.86,5818547,0.6147,20
EIMCOELECO.NS,2026-10-06,2371.800048828125,2282.9333292643228,2239.530551486545,2121.0900024414063,1797.834551595052,1751.5396960449218,2287.110516910123,1401.8188379398755,2415.89990234375,True,True,True,True,True,True,True,True,False,38.08086098593522,ppv,225.8589661950774,False,False,True,False,,Industrial Manufacturing,Industrial Products,85.17324738114424,True,True,1368.15,10.4,43854,0.7602,20
EMIL.NS,2026-10-06,201.4199981689453,197.43083572387695,188.3252796596951,180.6532015991211,135.40326721191406,126.11840042114258,199.17047577175717,84.9000015258789,211.66000366210938,True,True,True,True,True,True,True,True,False,43.145468380604555,noise,76.62883614107899,False,False,False,False,,Retailing,Diversified Retail,86.34165995165189,True,True,7749.61,128.83,6396037,1.6624,20
EMAMIPAP.NS,2026-10-06,115.19999694824219,115.89583269755046,114.33562405904134,112.47208862304687,89.77145871480306,88.09110292434693,115.95850869263528,53.53796318085757,130.1459177836226,True,True,True,True,True,True,True,False,False,15.866384239924813,noise,29.21369977679903,False,False,False,False,,"Paper, Forest & Jute Products",Paper & Paper Products,75.9065269943594,True,True,696.95,1.49,128977,0.2132,5
ENGINERSIN.NS,2026-10-06,313.29998779296875,306.6125717163086,275.567931705051,263.8593362426758,239.4878426106771,227.67009017944335,305.77790801024065,161.02693362262252,321.3999938964844,True,True,True,True,True,True,True,True,False,58.62561326889657,noise,97.28918855659319,False,False,False,False,,Construction,Civil Construction,90.49153908138598,True,True,17608.79,137.27,4381541,0.7796,20
ENTERO.NS,2026-10-06,1721.5999755859375,1770.7916768391926,1709.5222303602432,1591.6020043945311,1315.6180053710937,1263.1320040893554,1744.8439377821169,944.0,1920.0,True,True,True,True,True,True,True,False,False,56.90849910694637,noise,20.80959003805805,False,False,False,False,,Retailing,Pharmacy Retail,90.37066881547139,True,True,7492.93,42.59,247373,0.5684,20
ESAFSFB.NS,2026-10-06,42.150001525878906,41.93083349863688,41.71083312564426,41.17379981994629,32.671399955749514,31.356599941253663,42.46270485192963,19.780000686645508,46.0,True,True,True,True,True,True,True,False,False,40.87567318983722,dry,15.901834167670081,False,False,False,False,,Banks,Other Bank,85.89846897663175,True,True,2175.45,9.34,2216706,0.4295,5
FILATEX.NS,2026-10-06,111.36000061035156,105.82833353678386,88.78420490688748,85.89316955566406,61.09611618041992,57.579445877075194,105.24176507226223,36.135550735753014,113.94000244140625,True,True,True,True,True,True,True,True,False,115.42996061986574,noise,87.99002258460028,False,False,False,False,,Textiles & Apparels,Other Textile Products,96.21273166800967,True,True,4945.03,66.03,5929538,1.3353,20
FINEORG.NS,2026-10-06,5537.0,5168.041666666667,5172.830552842882,5116.455380859375,4835.120289713542,4704.260472412109,5216.108568354897,3847.3028827011017,5590.0,True,True,True,True,True,True,True,True,False,19.730674570032747,ppv,254.73155448895,False,False,True,False,,Chemicals & Petrochemicals,Specialty Chemicals,78.12248186946012,True,True,16976.43,13.58,24525,0.08,20
FCL.NS,2026-10-06,59.20000076293945,56.99666690826416,53.4431947072347,49.92186958312988,37.58350371042887,34.08478070259094,56.70142127174795,19.080274212500033,62.400001525878906,True,True,True,True,True,True,True,True,False,142.65501424954246,green,215.47494721612145,False,False,False,False,,Chemicals & Petrochemicals,Specialty Chemicals,97.5423045930701,True,True,6893.85,103.29,17447660,1.4983,10
FINCABLES.NS,2026-10-06,1474.0,1448.6749979654949,1350.7534552680122,1270.7142602539063,1085.5893013509115,1007.6441873168945,1446.4974570508427,695.8450204922062,1498.0,True,True,True,True,True,True,True,True,False,79.27615093542373,noise,37.847573585290526,False,False,False,False,,Industrial Products,Cables - Electricals,92.90894439967768,True,True,22543.26,165.4,1122096,0.7337,20
FOSECOIND.NS,2026-10-06,6440.0,6442.166666666667,6211.638888888889,5977.3,5300.113723958333,5157.798916015625,6405.677040262353,4278.613157691368,7389.5,True,True,True,True,True,True,True,True,False,14.775508840131323,noise,44.792092071085676,False,False,False,False,,Chemicals & Petrochemicals,Specialty Chemicals,75.18130539887188,True,True,4878.07,11.33,17599,0.2323,20
FROG.NS,2026-10-05,258.6000061035156,270.0291697184245,250.5263900756836,238.93900024414063,188.0763331604004,178.13874980926514,263.98463858207714,123.5,304.95001220703125,True,True,True,True,True,True,True,False,False,8.907142315054895,green,114.99684940138626,False,False,False,False,,Telecom -  Equipment & Accessories,Telecom -  Equipment & Accessories,71.23287671232876,True,True,496.73,0.74,23248,0.1495,20
NYKAA.NS,2026-10-06,338.20001220703125,331.65833536783856,334.1013904147678,333.4990008544922,295.5295995076497,286.35059967041013,331.822665097289,232.0,349.54998779296875,True,True,True,True,True,True,True,True,False,28.887202771982402,noise,67.38358702615272,False,False,False,False,,Retailing,E-Retail/ E-Commerce,81.38597904915392,True,True,96903.46,187.72,5550577,0.1937,No Band
GNFC.NS,2026-10-06,629.5,608.1416727701823,580.4236721462673,564.0738610839844,499.09608642578127,488.0213789367676,602.9532482489456,351.9886096859767,636.0,True,True,True,True,True,True,True,True,False,31.394870279815134,ppv,252.59174063296342,False,False,False,False,,Chemicals & Petrochemicals,Commodity Chemicals,82.232070910556,True,True,9249.92,45.71,726205,0.4942,20
GTECJAINX.NS,2026-10-06,36.189998626708984,30.144999663035076,29.187499788072373,29.23059986114502,25.092333272298177,24.15104992866516,32.219026333423955,15.539999961853027,39.54999923706055,True,True,True,True,True,True,True,True,False,49.54544415606526,red,619.7238989606835,False,False,False,False,,Other Consumer Services,E-Learning,88.03384367445608,True,True,36.87,0.03,7528,0.0739,10
GALAPREC.NS,2026-10-06,1161.0,1126.2916514078777,1065.8805491129558,1064.6479919433593,958.0213313802084,909.474248046875,1138.1605178514803,671.2000122070312,1260.0,True,True,True,True,True,True,True,True,False,51.408453114564054,noise,25.664868805485103,False,True,False,False,,Industrial Manufacturing,Industrial Products,88.6784850926672,True,True,1487.96,5.51,47472,0.3704,20
GALAXYSURF.NS,2026-10-06,2442.39990234375,2275.0499877929688,2276.9555460611978,2198.4347094726563,1944.7504272460938,1937.1636212158203,2313.5614779162256,1492.9641285266785,2648.0,True,True,True,True,True,True,True,True,False,12.142250620034467,ppv,154.76495280085848,False,True,False,False,,Chemicals & Petrochemicals,Specialty Chemicals,73.56970185334409,True,True,8933.03,12.03,49274,0.1347,20
GANDHAR.NS,2026-10-06,282.5,271.97916412353516,264.43555535210504,256.30551544189456,191.1857230122884,180.62729625701905,274.5048130761178,113.93974378848462,300.3749196686875,True,True,True,True,True,True,True,True,False,102.17611631696295,noise,27.362051286463085,False,True,False,False,,Petroleum Products,Lubricants,95.00402900886382,True,True,2765.1,78.01,2761288,2.8211,20
GRWRHITECH.NS,2026-10-06,7102.5,6708.708333333333,6896.295274522569,6958.464033203125,5834.591980794271,5250.642567138671,6822.806334574867,2685.810234604558,7975.480119830348,True,True,True,True,True,True,True,True,False,137.38675984629668,green,129.6788097531406,False,False,False,False,,Industrial Products,Plastic Products - Industrial,97.09911361804996,True,True,16500.81,45.03,63401,0.2729,20
GRCL.NS,2026-10-05,571.1500244140625,572.5625,559.6583336724175,556.3830004882813,509.5576676432292,475.59325088500975,572.4333303609396,306.6499938964844,629.2000122070312,True,True,True,True,True,True,True,False,False,54.364871463260144,noise,29.069767441860467,False,False,False,False,,Industrial Products,Rubber,89.4842868654311,True,True,212.28,0.05,1382,0.0241,5
GHCLTEXTIL.NS,2026-10-06,131.5800018310547,131.94583320617676,130.12999979654947,126.53599990844727,102.59724950154623,95.73773582458496,131.21364288916817,64.84792129679248,144.58999633789062,True,True,True,True,True,True,True,True,False,69.96037778577988,noise,29.395432565142972,False,True,False,False,,Textiles & Apparels,Other Textile Products,92.02256244963739,True,True,1257.72,11.91,905491,0.9473,20
GLAND.NS,2026-10-06,3006.10009765625,2926.7166341145835,2903.0999959309897,2832.98251953125,2299.3683764648435,2161.2762017822265,2929.328263875591,1561.8007505195303,3042.0,True,True,True,True,True,True,True,True,False,55.21218827374555,noise,55.187176482278886,False,False,False,False,,Pharmaceuticals & Biotechnology,Pharmaceuticals,89.84689766317486,True,True,49603.91,187.93,625146,0.3789,20
GLOBAL.NS,2026-10-06,142.6199951171875,135.1241658528646,122.43749978807237,116.91739990234375,106.98552942911783,102.49987575531006,135.72544131552698,54.66141601481325,145.25,True,True,True,True,True,True,True,True,False,118.68163672024244,green,120.65157682816188,False,False,True,False,,Other Consumer Services,Education,96.33360193392426,True,True,725.96,1.95,136929,0.269,20
GLOBALPET.NS,2026-10-05,176.1999969482422,166.73749923706055,161.34722137451172,160.99299896240234,140.06899943033855,134.4907495498657,169.63665077811123,85.0,179.0,True,True,True,True,True,True,True,True,False,34.50381446430701,red,371.0247349823322,False,True,False,False,,Industrial Manufacturing,Industrial Products,83.52135374697825,True,True,114.16,0.05,5295,0.0449,5
GNA.NS,2026-10-06,615.7999877929688,590.6791687011719,562.6569434271919,554.3090002441406,463.54315002441405,440.65950744628907,590.8900650434299,292.9006085948861,648.0,True,True,True,True,True,True,True,True,False,100.81392273018501,ppv,144.31190781550544,False,False,False,False,,Auto Components,Auto Components & Equipments,94.88315874294923,True,True,2643.68,42.37,688042,1.6027,20
EBGNG.NS,2026-10-06,685.1500244140625,688.937510172526,651.2513936360677,622.8790051269531,512.812333984375,461.93275093078614,688.0369496886857,239.0,730.0,True,True,True,True,True,True,True,False,False,99.28739055879481,red,101.98387357890293,False,False,False,False,,IT - Hardware,Computers Hardware & Equipments,94.76228847703464,True,True,7811.5,47.53,693682,0.6084,10
GOODLUCK.NS,2026-10-06,491.29998779296875,515.318857828776,492.8352983262804,488.6289630126953,451.09763671875,430.6827850341797,504.6310599973574,304.4331190765815,556.330723956048,True,True,True,True,True,True,True,False,False,18.102223537491756,noise,29.821252482157995,False,True,False,False,,Industrial Products,Iron & Steel Products,77.19580983078163,True,True,4899.02,34.42,700525,0.7025,20
GULFPETRO.NS,2026-10-06,62.52000045776367,62.270833015441895,64.5069408416748,61.706731719970705,43.722848103841145,41.15760848999023,62.2028176236438,23.06491811108752,71.4000015258789,True,True,True,True,True,True,True,True,False,55.955659348941154,noise,34.1789649952288,False,False,False,False,,Petroleum Products,Lubricants,90.08863819500404,True,True,318.75,1.22,195785,0.384,5
GFSTEELS.NS,2026-10-06,39.83000183105469,33.12916692097982,22.150277826521133,20.00620002746582,15.292266553243001,14.320099906921387,34.66108975622531,10.210000038146973,39.83000183105469,True,True,True,True,True,True,True,True,False,290.1077539886424,ppv,299.80328916746043,False,False,True,False,,Industrial Products,Iron & Steel Products,99.39564867042708,True,True,121.2,0.05,11371,0.0374,2
GRAPHITE.NS,2026-10-06,851.2000122070312,808.5166727701823,769.3597191704644,751.2159985351562,691.2790743001302,677.9544012451172,808.6760520976022,510.5948183076055,874.3499755859375,True,True,True,True,True,True,True,True,False,49.85534069268196,green,101.65869131402907,False,False,True,False,,Industrial Products,Electrodes & Refractories,88.07413376309428,True,True,16630.37,185.3,2176907,1.1142,20
GREENCHEF.NS,2026-10-05,69.94999694824219,72.15416526794434,63.84027756585015,59.98699974060059,53.952333272298176,53.316999950408935,70.78949041170841,40.400001525878906,76.5,True,True,True,True,True,True,True,False,False,9.553639185431573,dry,4.651162790697675,False,True,False,False,,Consumer Durables,Household Appliances,71.7163577759871,True,True,175.47,0.11,13951,0.0599,10
GCSL.NS,2026-10-06,693.0499877929688,657.2041625976562,589.9430525037977,568.8849969482421,455.6192362467448,425.1557083129883,663.8265389659471,212.85925329857284,696.25,True,True,True,True,True,True,True,True,False,177.48764265239475,noise,35.38571750333141,False,False,True,False,,Capital Markets,Other Capital Market related Services,98.26752618855762,True,True,1627.65,43.69,630430,2.6844,20
GRINDWELL.NS,2026-10-06,2033.0999755859375,1964.8083190917969,1974.7333407931858,2012.3220092773438,1855.482099609375,1788.3591705322265,1973.5918345843054,1316.5038257707065,2455.0,True,True,True,True,True,True,True,True,False,23.430234738332565,green,124.17616005821017,False,False,False,False,,Industrial Products,Abrasives & Bearings,79.21031426269137,True,True,22510.48,12.19,59955,0.0542,20
GUFICBIO.NS,2026-10-06,427.79998779296875,429.31666564941406,425.94265831841363,419.7122869873047,357.4073185221354,346.58543411254885,426.6466419229813,267.9349768924993,467.79998779296875,True,True,True,True,True,True,True,True,False,19.35949814031752,noise,61.16972473354282,False,False,False,False,,Pharmaceuticals & Biotechnology,Pharmaceuticals,77.96132151490734,True,True,4290.09,4.66,108908,0.1086,20
HALEOSLABS.NS,2026-10-06,1587.800048828125,1510.5345764160156,1486.719021267361,1489.2244921875,1451.3176513671874,1406.23068359375,1520.3378754803489,1090.008859730156,1772.226076073655,True,True,True,True,True,True,True,True,False,40.940807551945625,noise,90.76137418755803,False,False,False,False,,Pharmaceuticals & Biotechnology,Pharmaceuticals,85.93875906526995,True,True,480.04,0.13,832,0.0275,20
HARSHA.NS,2026-10-06,464.6499938964844,463.32499440511066,449.4055531819661,438.802998046875,406.6760123697917,399.7170440673828,463.1090166300691,312.17531583398915,484.79998779296875,True,True,True,True,True,True,True,True,False,16.99046989124462,noise,42.520472950976185,False,True,False,False,,Industrial Products,Other Industrial Products,76.5511684125705,True,True,4230.36,7.99,171875,0.1888,20
HATSUN.NS,2026-10-06,1150.0,1133.4916585286458,1134.1972232394749,1075.9159997558593,973.8233866373698,959.5466088867188,1136.502603258868,846.1695010496207,1349.699951171875,True,True,True,True,True,True,True,True,False,27.0114676762367,noise,28.82694853749388,False,False,False,False,,Food Products,Dairy Products,80.90249798549557,True,True,25616.05,8.57,74511,0.0335,20
HFCL.NS,2026-10-06,262.7799987792969,226.1183344523112,230.28196334838867,224.14951263427736,172.12964350382487,145.91497316360474,235.37099926739586,59.764173305578176,262.7799987792969,True,True,True,True,True,True,True,True,False,253.24397803479673,noise,46.81563225483268,False,False,True,False,,Telecom - Services,Telecom - Infrastructure,99.23448831587429,True,True,40212.27,449.21,17094461,1.1171,5
HITECHCORP.NS,2026-10-06,342.3999938964844,336.07083384195965,334.0289306640625,330.41722290039064,250.71216924031575,228.101329536438,338.87991063592233,111.66765926887025,346.0,True,True,True,True,True,True,True,True,False,81.64552955566332,ppv,248.8230668935933,False,False,False,False,,Industrial Products,Packaging,93.19097502014503,True,True,588.1,0.46,13457,0.0783,5
HOACFOODS.NS,2026-10-05,923.0499877929688,865.0583292643229,877.4652777777778,840.2860009765625,628.3046681722005,556.1100009155274,889.2520894788366,219.85000610351562,1010.0,True,True,True,True,True,True,True,True,False,289.390413798657,noise,52.742616033755276,False,True,False,False,,Food Products,Other Food Products,99.35535858178888,True,True,63.59,0.05,3329,0.0767,2
HOLMARC.NS,2026-10-05,123.75,118.125,110.32188754611545,108.99811386108398,99.35795885721842,99.29512178421021,118.73092352682593,59.771732330322266,125.0999984741211,True,True,True,True,True,True,True,True,False,11.904692913646574,green,154.39429928741092,False,False,False,False,,Industrial Products,Other Industrial Products,73.40854149879131,True,True,109.49,0.06,5068,0.0504,5
HONASA.NS,2026-10-06,478.29998779296875,461.45833079020184,470.50318739149304,467.19169189453123,402.82448506673177,373.24030685424805,456.4920260678702,246.8630140577539,506.64561650495574,True,True,True,True,True,True,True,True,False,67.95600655023684,ppv,1092.4495402043153,True,False,False,False,,Personal Products,Personal Care,91.70024174053182,True,True,15593.74,73.62,1539124,0.4721,20
IGPL.NS,2026-10-06,589.5,576.4541727701823,543.533332824707,525.3571069335937,450.38818990071616,429.75897171020506,573.9829560171709,311.6019343179066,609.9000244140625,True,True,True,True,True,True,True,True,False,40.51605165230281,green,165.2913648798477,False,False,False,False,,Chemicals & Petrochemicals,Commodity Chemicals,85.81788879935536,True,True,1815.36,5.04,85515,0.2777,20
IL&FSENGG.NS,2026-10-06,39.540000915527344,40.03000005086263,37.827222188313804,36.98019989013672,30.558066660563153,29.263950023651123,39.31208831557558,21.0,43.79999923706055,True,True,True,True,True,True,True,True,False,28.627199772061296,red,288.35133627465893,False,False,False,False,,Construction,Civil Construction,81.26510878323933,True,True,518.45,0.15,39005,0.0297,5
IVC.NS,2026-10-06,8.0,7.815833330154419,8.099075317382812,7.980084657669067,7.418678983052572,7.365327908992767,7.88192144829555,5.557431444301955,10.145543087219746,True,True,True,True,True,True,True,True,False,13.627059485102745,noise,35.91833608069558,False,True,False,False,,Capital Markets,Asset Management Company,74.57695406929895,True,True,251.23,0.3,378115,0.1204,20
IMPEXFERRO.NS,2026-10-05,6.369999885559082,6.137500007947286,5.018333329094781,4.424800000190735,2.7611333394050597,2.513450005054474,6.19907525168384,1.2999999523162842,6.5,True,True,True,True,True,True,True,True,False,237.03703353294267,red,582.3244218011826,False,False,False,False,,Ferrous Metals,Ferro & Silica Manganese,99.1539081385979,True,True,56.92,0.03,50064,0.056,2
INDSWFTLAB.NS,2026-10-06,400.45001220703125,398.50416564941406,374.1830563015408,340.36320068359373,223.09213348388673,195.980650100708,395.05826705256385,87.1500015258789,424.75,True,True,True,True,True,True,True,True,False,293.7174474600552,noise,29.287443574328677,False,True,False,False,,Pharmaceuticals & Biotechnology,Pharmaceuticals,99.43593875906527,True,True,3482.38,47.88,1195606,1.3749,20
INDNIPPON.NS,2026-10-06,1241.699951171875,1258.0499979654949,1191.4444444444443,1180.647998046875,977.5436653645834,928.2329418945312,1249.2645671907671,675.0,1564.0,True,True,True,True,True,True,True,False,False,20.78702939010779,dry,17.95108000796508,False,True,False,False,,Auto Components,Auto Components & Equipments,78.52538275584206,True,True,2808.9,15.85,127683,0.5644,20
IBULLSLTD.NS,2026-10-06,30.950000762939453,29.474166870117188,27.53250005510118,27.668600006103517,22.663999951680502,20.048499970436097,29.54825298768668,8.899999618530273,32.5,True,True,True,True,True,True,True,True,False,79.42029427790986,green,133.8614060462263,False,False,False,False,,Commercial Services & Supplies,Diversified Commercial Services,92.94923448831588,True,True,6936.52,38.79,12534533,0.5593,5
INDOBORAX.NS,2026-10-06,491.75,469.6125005086263,482.2458335028754,462.4199993896484,349.697873840332,320.21149421691894,474.39832752404664,210.88432143661325,542.7999877929688,True,True,True,True,True,True,True,True,False,110.88668615561676,noise,35.79066860728846,False,False,False,False,,Chemicals & Petrochemicals,Commodity Chemicals,95.9307010475423,True,True,1578.03,33.56,682492,2.1268,20
ICIL.NS,2026-10-06,473.1499938964844,450.3500010172526,441.60277981228296,432.4471466064453,355.3574105834961,334.15265213012697,451.3086892972584,216.04358355223812,485.95001220703125,True,True,True,True,True,True,True,True,False,79.15352554213999,noise,85.06887890863666,False,False,False,False,,Textiles & Apparels,Other Textile Products,92.86865431103949,True,True,9370.94,44.63,943248,0.4763,20
INDORAMA.NS,2026-10-06,95.0999984741211,99.6841672261556,81.30416689978705,74.85220016479492,52.036000162760416,49.52820014953613,96.31325129863482,29.0,112.30000305175781,True,True,True,True,True,True,True,False,False,59.88567452256157,noise,38.405253518255336,False,False,False,False,,Textiles & Apparels,Other Textile Products,90.65269943593876,True,True,2483.19,11.73,1233554,0.4724,10
INFINIUM.NS,2026-10-05,311.79998779296875,275.6500015258789,261.70972485012476,247.34000213623048,221.5526675415039,220.99650032043456,284.4379182271469,189.39999389648438,320.8500061035156,True,True,True,True,True,True,True,True,False,25.22087863171436,red,133.8766006984866,False,False,False,False,,Pharmaceuticals & Biotechnology,Pharmaceuticals,80.09669621273167,True,True,347.43,0.16,7151,0.0459,10
INNOVACAP.NS,2026-10-06,1141.800048828125,1219.6750081380208,1141.8513878716362,1095.9790002441407,921.9329988606771,864.8712243652344,1191.2182280899544,622.0,1353.5,True,True,True,True,True,True,True,False,False,34.72725102999385,noise,65.2653065971899,False,False,False,False,,Pharmaceuticals & Biotechnology,Pharmaceuticals,83.68251410153103,True,True,6533.94,10.86,95099,0.1662,20
INOXINDIA.NS,2026-10-06,2077.300048828125,2107.5333455403647,2095.4305521647134,2049.2039990234375,1730.283291015625,1579.770264892578,2105.459707539606,1066.9168905614442,2339.5,True,True,True,True,True,True,True,False,False,72.52577508766073,noise,96.87895201131927,False,False,False,False,,Industrial Products,Other Industrial Products,92.26430298146656,True,True,18887.32,72.55,349249,0.3841,20
IOLCP.NS,2026-10-06,214.89999389648438,205.12916692097983,194.53972159491644,184.4347998046875,137.02459986368814,121.61461853027343,206.40076356241238,67.07081715721031,219.0399932861328,True,True,True,True,True,True,True,True,False,114.69995758956269,noise,97.30511207769158,False,False,True,False,,Pharmaceuticals & Biotechnology,Pharmaceuticals,96.17244157937147,True,True,6307.91,106.52,4956606,1.6886,20
IPCALAB.NS,2026-10-06,1945.5,1963.7583312988281,1951.3833312988281,1893.1619750976563,1692.6463305664063,1634.6962957763672,1951.4857700818034,1247.2697331943216,2038.0,True,True,True,True,True,True,True,False,False,48.67523320153235,noise,64.5443860265871,False,True,False,False,,Pharmaceuticals & Biotechnology,Pharmaceuticals,87.71152296535053,True,True,49358.16,73.2,376233,0.1483,20
IVP.NS,2026-10-06,228.9199981689453,225.72583389282227,208.49194378323025,196.04695709228517,164.992749226888,159.15847549438476,224.4446114926238,108.90937920381369,232.0,True,True,True,True,True,True,True,True,False,49.265606301381105,green,124.9521702444959,False,True,False,False,,Chemicals & Petrochemicals,Specialty Chemicals,87.95326349717969,True,True,236.39,0.58,25368,0.2457,5
JGCHEM.NS,2026-10-06,665.4500122070312,624.1488393147787,611.419935438368,596.399370727539,467.12998250325523,437.33093627929685,625.9996322395709,297.86220044828514,688.0,True,True,True,True,True,True,True,True,False,56.674856504202765,noise,98.60351783105602,False,False,True,False,,Chemicals & Petrochemicals,Commodity Chemicals,90.290088638195,True,True,2607.64,43.8,658254,1.6798,20
JAGSNPHARM.NS,2026-10-06,233.6300048828125,233.4250005086263,233.49774424235025,232.01211547851562,212.26004455566405,203.16740684509278,233.70604714367914,152.44877845211974,260.14646303072993,True,True,True,True,True,True,True,False,False,8.525124294605435,dry,10.05316052639919,False,False,False,False,,Pharmaceuticals & Biotechnology,Pharmaceuticals,70.9508460918614,True,True,1543.34,10.77,461064,0.698,20
JASH.NS,2026-10-06,594.9500122070312,587.0875040690104,522.2620264689127,514.5598565673828,461.4649914550781,446.57004180908206,581.332427284317,325.9500660065985,619.4000244140625,True,True,True,True,True,True,True,True,False,25.52274741093892,noise,34.90122995997272,False,True,False,False,,Industrial Manufacturing,Industrial Products,80.17727639000806,True,True,3742.54,25.17,423041,0.6725,20
JAYNECOIND.NS,2026-10-06,94.44999694824219,90.89500045776367,93.07361136542426,92.16780014038086,91.27973342895508,88.52905002593994,91.49816879661739,64.4000015258789,117.0,True,True,True,True,True,True,True,True,False,30.509870614455625,noise,66.38986090231197,False,False,False,False,,Industrial Products,Iron & Steel Products,81.99033037872682,True,True,9171.08,46.89,4964590,0.5113,20
JNKINDIA.NS,2026-10-06,440.95001220703125,427.7250061035156,434.4900868733724,432.98829467773436,394.519631245931,353.96594871520995,431.8480557865646,200.77367542648255,557.5936417008903,True,True,True,True,True,True,True,True,False,58.9308103947364,noise,27.79234258504734,False,False,False,False,,Industrial Manufacturing,Industrial Products,90.57211925866237,True,True,2467.29,15.4,349288,0.6242,20
JSWINFRA.NS,2026-10-06,363.04998779296875,358.02083587646484,343.43472459581164,340.2780010986328,303.4960679117839,294.007827835083,356.3778257654898,232.71809982894663,375.5,True,True,True,True,True,True,True,True,False,18.401882101148814,noise,67.28919218394734,False,False,False,False,,Transport Infrastructure,Port & Port services,77.3569701853344,True,True,84051.94,127.8,3520139,0.152,20
JTLIND.NS,2026-10-06,84.52999877929688,88.1416670481364,85.99994574652777,83.20941833496094,73.79778923034668,71.5985892868042,86.87442879798049,40.19384819281051,93.86886160930845,True,True,True,True,True,True,True,False,False,22.945671729371874,red,111.80061180432408,False,False,False,False,,Industrial Products,Iron & Steel Products,79.0491539081386,True,True,3322.72,25.09,2967650,0.755,20
KABRAEXTRU.NS,2026-10-06,815.7000122070312,774.0166625976562,662.0958319769966,602.255,366.62419952392577,331.96494941711427,783.0535775604889,180.0,888.7000122070312,True,True,True,True,True,True,True,True,False,220.07062690660018,dry,12.812903946639908,False,False,False,False,,Industrial Manufacturing,Industrial Products,98.95245769540692,True,True,2852.73,29.47,361270,1.033,5
KPIL.NS,2026-10-06,1451.5,1399.6083272298176,1401.7194417317708,1376.7559936523437,1286.6008162434896,1249.0051947021484,1396.8341342949598,999.0966928066694,1490.0,True,True,True,True,True,True,True,True,False,17.15327125915731,ppv,278.3915590663134,False,False,True,False,,Construction,Civil Construction,76.6317485898469,True,True,24787.64,28.75,198096,0.116,20
KALYANIFRG.NS,2026-10-06,905.0,956.1958262125651,905.6616058349609,826.0594360351563,675.3934582519531,660.4793942260742,953.0502915734739,520.5692625270821,1192.25,True,True,True,True,True,True,True,False,False,34.91460651665559,noise,25.86479296273771,False,False,False,False,,Industrial Products,Castings & Forgings,83.80338436744562,True,True,329.24,0.84,9249,0.2542,5
KSL.NS,2026-10-06,942.7999877929688,954.5833333333334,924.5055558946398,908.1688488769531,826.5376062011719,800.2048059082031,946.2094841302779,567.4828239516848,1032.9000244140625,True,True,True,True,True,True,True,False,False,21.519904790690415,noise,59.92128196796169,False,False,False,False,,Industrial Products,Iron & Steel Products,78.76712328767124,True,True,4125.63,9.61,101880,0.2328,20
KAMDHENU.NS,2026-10-06,37.310001373291016,39.43583329518636,37.48763995700412,36.65622444152832,29.12366760253906,27.440385866165162,38.365326399503346,15.9864550705264,43.70000076293945,True,True,True,True,True,True,True,False,False,31.97370428199695,noise,87.63306550985038,False,True,False,False,,Industrial Products,Iron & Steel Products,82.55439161966156,True,True,1051.71,3.23,864843,0.3068,20
KANORICHEM.NS,2026-10-06,182.10000610351562,188.74333699544272,170.57472271389432,164.9818002319336,119.57313357035319,108.00685018539428,187.7532798000091,56.0,206.0,True,True,True,True,True,True,True,False,False,133.58133432788173,noise,61.98198213748621,False,False,False,False,,Industrial Manufacturing,Industrial Products,97.01853344077357,True,True,795.66,0.83,45415,0.1039,5
KANPRPLA.NS,2026-10-06,250.89999389648438,253.15749994913736,256.8086111280653,247.01902038574218,210.69107594807943,203.72660537719727,251.12877262887423,150.37373809003816,283.1400146484375,True,True,True,True,True,True,True,False,False,22.82184448988096,dry,18.549642852971616,False,False,False,False,,Industrial Products,Packaging,79.0088638195004,True,True,614.18,1.35,53794,0.2198,20
KAPSTON.NS,2026-10-06,547.25,559.5458272298177,555.9263899061415,545.0040014648438,405.38555623372395,393.27941665649416,553.8247655145868,244.17999267578125,616.2000122070312,True,True,True,True,True,True,True,False,False,119.55867602808424,noise,35.64484676180349,False,False,False,False,,Commercial Services & Supplies,Diversified Commercial Services,96.37389202256244,True,True,1665.4,6.52,119081,0.3913,20
KTKBANK.NS,2026-10-06,324.25,327.67083231608075,325.3324042426215,317.0892175292969,273.52515096028645,253.67676605224608,325.4322610003119,167.6434307691943,345.3999938964844,True,True,True,True,True,True,True,False,False,88.93336641956608,noise,56.55325308306567,False,False,False,False,,Banks,Private Sector Bank,94.19822723609992,True,True,12262.53,82.6,2547303,0.6736,20
KDDL.NS,2026-10-06,3999.89990234375,3994.208292643229,3940.0876668294272,3845.2082421875,3054.0025032552085,2876.3584118652343,3965.180590022857,1986.0118447969367,4270.0,True,True,True,True,True,True,True,True,False,51.335441219803045,noise,35.219100424664326,False,False,False,False,,Consumer Durables,"Gems, Jewellery And Watches",88.638195004029,True,True,4919.59,17.68,44198,0.3594,20
KILITCH.NS,2026-10-06,260.70001220703125,218.89500172932944,190.36333465576172,190.10580139160157,174.20790049235026,172.78305053710938,223.8692781912615,117.25,267.79998779296875,True,True,True,True,True,True,True,True,False,51.50371456083551,ppv,1375.4668347056565,True,False,True,False,,Pharmaceuticals & Biotechnology,Pharmaceuticals,88.75906526994359,True,True,911.45,0.83,31811,0.091,5
KINGFA.NS,2026-10-06,6932.0,6360.291666666667,6088.058336046007,5898.41498046875,5183.429386393229,4949.0961328125,6487.605653373046,3637.3743038122066,6996.0,True,True,True,True,True,True,True,True,False,55.59840244805982,green,133.89070177985985,False,False,True,False,,Industrial Products,Plastic Products - Industrial,89.96776792908945,True,True,9393.82,10.56,15229,0.1124,20
KIRLOSENG.NS,2026-10-06,2266.10009765625,2214.8833211263022,2160.5194498697915,2161.1594580078126,1932.206358235677,1760.5169287109375,2232.8170076013103,862.2056409078928,2714.2611782271474,True,True,True,True,True,True,True,True,False,152.27502051003498,noise,69.65405010340635,False,False,False,False,,Industrial Products,"Compressors, Pumps & Diesel Engines",97.66317485898469,True,True,32986.76,130.4,575443,0.3953,20
KMEW.NS,2026-10-06,3202.300048828125,2973.8416951497397,2901.902791341146,2815.4180126953124,2245.234666341146,2120.277497558594,2999.5318219198143,1084.5999755859375,3242.0,True,True,True,True,True,True,True,True,False,188.75564011074167,ppv,214.7479401296086,False,False,True,False,,Engineering Services,Dredging,98.50926672038679,True,True,8122.42,35.94,112239,0.4425,20
KODYTECH.NS,2026-10-05,1576.800048828125,1517.5291748046875,1477.5902743869358,1450.4049975585938,1074.1723307291666,1018.370997619629,1520.6146927628852,556.0499877929688,1596.0,True,True,True,True,True,True,True,True,False,139.27163108165783,ppv,192.60293091416608,False,False,True,False,,IT - Software,Computers - Software & Consulting,97.38114423851732,True,True,5074.18,7.6,21413,0.1498,5
KOPRAN.NS,2026-10-06,269.6000061035156,278.2766698201497,240.10166676839194,224.49622589111328,183.6314442952474,171.94579208374023,273.7624950082224,105.19368133041839,295.8299865722656,True,True,True,True,True,True,True,False,False,53.78498414627364,noise,32.4809553384669,False,False,False,False,,Pharmaceuticals & Biotechnology,Pharmaceuticals,89.36341659951653,True,True,1302.87,23.27,863050,1.7859,20
KRISHANA.NS,2026-10-06,193.66000366210938,186.30499903361002,188.02611033121744,185.91659942626953,146.656398824056,135.17133811950683,187.0641573837704,91.14299253241217,206.38999938964844,True,True,True,True,True,True,True,True,False,98.0606856771624,green,175.96642346582735,False,False,False,False,,Fertilizers & Agrochemicals,Fertilizers,94.68170829975826,True,True,5986.77,22.02,1137262,0.3679,20
KRN.NS,2026-10-06,1462.300048828125,1415.3333231608074,1494.6277737087673,1432.8699951171875,1234.3513309733073,1111.4252481079102,1428.4822432332242,589.7999877929688,1687.0,True,True,True,True,True,True,True,True,False,73.18648559364978,noise,50.293099867713295,False,False,False,False,,Industrial Products,Other Industrial Products,92.38517324738115,True,True,9571.99,26.13,178691,0.273,5
KRONOX.NS,2026-10-06,206.64999389648438,198.49833170572916,184.58393224080405,177.48785217285158,148.71776896158855,143.78102485656737,201.4514486920446,95.7256701769065,227.74000549316406,True,True,True,True,True,True,True,True,False,28.363096865746627,dry,4.757056848814699,False,False,False,False,,Chemicals & Petrochemicals,Specialty Chemicals,81.18452860596294,True,True,766.75,14.18,686324,1.8497,5
LANCORHOL.NS,2026-10-06,32.209999084472656,33.30916706720988,33.48235215081109,31.453779182434083,26.295631192525228,26.181177825927733,32.8929352490861,17.964685470212824,41.392141167192804,True,True,True,True,True,True,True,False,False,41.07022236835489,dry,8.954611113829593,False,True,False,False,,Realty,"Residential, Commercial Projects",85.97904915390814,True,True,236.91,0.8,248200,0.3375,5
LAURUSLABS.NS,2026-10-06,2050.0,2004.1916605631511,1928.9555528428818,1900.0519995117188,1489.8872981770833,1377.3856439208985,1995.4311162171775,841.4672483994065,2055.300048828125,True,True,True,True,True,True,True,True,False,137.86589802924527,noise,90.53208240833416,False,False,True,False,,Pharmaceuticals & Biotechnology,Pharmaceuticals,97.17969379532634,True,True,110764.0,486.1,2371226,0.4389,No Band
THELEELA.NS,2026-10-06,582.7000122070312,551.9916687011719,546.7513919406467,532.5840026855469,470.2516680908203,460.3087510681152,560.1678312800399,384.5,589.7000122070312,True,True,True,True,True,True,True,True,False,34.94674124132055,noise,91.69606884357887,False,False,True,False,,Leisure Services,Hotels & Resorts,83.8436744560838,True,True,19459.73,28.99,497444,0.149,10
LLOYDSENGG.NS,2026-10-06,101.1500015258789,95.70833333333333,88.62361102634006,89.47995986938477,74.19044191996257,68.35337432861328,97.05256205471953,37.297425311917706,104.19999694824219,True,True,True,True,True,True,True,True,False,66.11232547655734,noise,96.7031664106648,False,False,False,False,,Industrial Manufacturing,Industrial Products,91.49879129734086,True,True,15688.76,119.59,11822901,0.7623,20
LLOYDSENT.NS,2026-10-06,78.83000183105469,76.61249987284343,73.79694430033366,75.44600021362305,69.16793820699056,66.61324703216553,77.21950060443335,40.66239061884169,84.69999694824219,True,True,True,True,True,True,True,True,False,12.674659579303405,red,102.0006921459177,False,False,False,False,,Metals & Minerals Trading,Trading - Metals,73.93231265108783,True,True,12034.91,33.33,4228295,0.277,20
LOKESHMACH.NS,2026-10-06,455.70001220703125,366.39583079020184,346.72083282470703,345.37400024414063,288.25740010579426,259.887200088501,387.2622783322793,138.9600067138672,471.20001220703125,True,True,True,True,True,True,True,True,False,137.022794771186,ppv,678.6533758821714,False,False,True,False,,Industrial Manufacturing,Industrial Products,97.05882352941177,True,True,993.28,3.38,74255,0.3407,20
MBAPL.NS,2026-10-06,166.9499969482422,165.58583323160806,163.9563891092936,163.5995999145508,127.79900960286459,117.3640726852417,165.81396073127053,76.49232284239076,174.94000244140625,True,True,True,True,True,True,True,True,False,100.02118815262344,noise,49.63662691561569,False,True,False,False,,Fertilizers & Agrochemicals,Fertilizers,94.80257856567285,True,True,7314.66,20.87,1249966,0.2853,20
MRPL.NS,2026-10-06,174.72000122070312,167.85749944051108,171.42222256130643,171.24800018310546,168.13127838134767,167.2849449157715,169.37566140102618,133.20966474570707,212.0,True,True,True,True,True,True,True,True,False,19.51104473493126,noise,86.50108863749607,False,False,False,False,,Petroleum Products,Refineries & Marketing,78.04190169218373,True,True,30621.41,265.99,15223717,0.8686,20
MACPOWER.NS,2026-10-06,2090.10009765625,2096.125040690104,1963.2425842285156,1857.6864306640625,1352.848711344401,1247.1346044921875,2092.4219571100425,760.3935313115157,2251.0,True,True,True,True,True,True,True,False,False,155.311490277061,noise,64.7366036892678,False,False,False,False,,Industrial Manufacturing,Industrial Products,97.70346494762289,True,True,2090.97,11.59,55439,0.5542,20
MADHUSUDAN.NS,2026-10-05,235.0,233.6875,229.7430559794108,230.775,190.2233334350586,175.68024990081787,234.88112143177858,108.5999984741211,260.0,True,True,True,True,True,True,True,True,False,64.73887841210177,noise,33.33333333333333,False,True,False,False,,Food Products,Other Food Products,91.33763094278807,True,True,246.96,0.49,30257,0.1985,5
MAGSON.NS,2026-10-05,185.5,180.04583485921225,183.16666666666666,182.48100006103516,172.30000010172526,161.69175003051757,180.91846094498504,100.5,213.89999389648438,True,True,True,True,True,True,True,True,False,71.75925925925925,dry,11.928429423459244,False,False,False,False,,Food Products,Packaged Foods,92.18372280419017,True,True,120.23,0.37,40181,0.3108,20
MAHSEAMLES.NS,2026-10-06,685.7000122070312,706.1124979654948,678.9579569498698,652.1103271484375,617.159296468099,594.9703552246094,701.5454325075276,493.1502386104819,768.0,True,True,True,True,True,True,True,False,False,19.01830345262452,noise,65.17416260399636,False,True,False,False,,Industrial Products,Iron & Steel Products,77.67929089443997,True,True,9188.33,18.36,267734,0.1998,20
MAHLOG.NS,2026-10-06,415.04998779296875,414.2291615804036,403.59722222222223,405.36100036621093,385.4964412434896,375.5710794067383,414.7971206818348,273.2820886223393,447.10758500270833,True,True,True,True,True,True,True,True,False,19.472336205981744,noise,49.04231506353637,False,False,False,False,,Transport Services,Logistics Solution Provider,78.00161160354553,True,True,4120.51,11.57,278654,0.2807,20
MANINDS.NS,2026-10-06,922.0499877929688,923.6041564941406,815.798607720269,742.0089990234375,583.7856646728516,532.9687484741211,915.3062289256077,302.04998779296875,1039.699951171875,True,True,True,True,True,True,True,True,False,138.81118187440845,noise,31.932490554804737,False,False,False,False,,Industrial Products,Iron & Steel Products,97.26027397260275,True,True,6916.26,103.46,1122025,1.4958,20
MANAKSTEEL.NS,2026-10-06,108.87999725341797,107.62166659037273,101.65194469028049,94.85460006713868,75.46893346150716,72.53430006027222,107.8285450513221,45.11000061035156,120.76000213623047,True,True,True,True,True,True,True,True,False,77.85036766153704,noise,40.09763870404901,False,False,False,False,,Ferrous Metals,Iron & Steel,92.7477840451249,True,True,713.53,1.15,105260,0.1606,5
MANALIPETC.NS,2026-10-06,92.36000061035156,83.85250091552734,81.40847884284125,77.03594879150391,63.57362698872884,62.18045471191406,84.16535219122929,38.89405126649905,92.80000305175781,True,True,True,True,True,True,True,True,False,45.551848970934316,ppv,177.38363314805875,False,False,True,False,,Chemicals & Petrochemicals,Petrochemicals,86.94601128122483,True,True,1588.58,40.96,4435139,2.5786,20
MANCREDIT.NS,2026-10-06,231.89999389648438,222.47333145141602,223.96690283881293,228.21163818359375,204.32655069986978,194.6581736755371,222.607278438379,151.53824189683678,286.28429630144484,True,True,True,True,True,True,True,True,False,26.818052061179554,ppv,108.34766088630646,False,False,False,False,,Finance,Non Banking Financial Company (NBFC),80.7413376309428,True,True,489.63,6.54,282229,1.3367,20
MWL.NS,2026-10-06,41.65999984741211,42.9358336130778,40.81111113230387,40.55979995727539,35.65602024078369,33.57522016525269,42.418294183286655,19.98028894668577,48.0,True,True,True,True,True,True,True,False,False,75.06337498272757,noise,23.64059929891422,False,True,False,False,,Metals & Minerals Trading,Trading - Metals,92.54633360193392,True,True,1237.33,5.85,1403501,0.4725,20
MANORAMA.NS,2026-10-06,1985.5999755859375,1899.2833455403645,1936.965528700087,1858.3711791992187,1586.281299641927,1524.7248895263672,1916.8056154308147,1060.1930872125888,2148.6752714346185,True,True,True,True,True,True,True,True,False,37.293472564449345,noise,39.845277190904795,False,False,False,False,,Food Products,Other Food Products,84.81063658340048,True,True,12533.58,85.51,430643,0.6822,20
MARALOVER.NS,2026-10-06,57.9900016784668,59.17000039418539,58.07250033484565,57.47900016784668,52.42533332824707,50.10199998855591,58.96681787976233,34.11000061035156,68.88999938964844,True,True,True,True,True,True,True,False,False,24.54896900353736,dry,13.617480577833,False,False,False,False,,Textiles & Apparels,Other Textile Products,79.7743755036261,True,True,240.7,0.14,23785,0.0573,20
MARINE.NS,2026-10-06,478.8500061035156,432.1166636149089,409.01705169677734,384.5121722412109,280.45503072102866,259.02437370300294,440.62851026027363,150.74930410802895,490.0,True,True,True,True,True,True,True,True,False,122.38798809609439,ppv,131.34421280859277,False,False,True,False,,Industrial Manufacturing,Industrial Products,96.49476228847703,True,True,6701.24,68.04,1420836,1.0153,20
MARKSANS.NS,2026-10-06,324.3999938964844,333.07083384195965,328.19170464409723,315.12048706054685,249.31145517985027,230.9272610473633,329.27089564671877,154.57339337516265,350.95001220703125,True,True,True,True,True,True,True,False,False,97.10089435739361,noise,84.95298805877013,False,False,False,False,,Pharmaceuticals & Biotechnology,Pharmaceuticals,94.60112812248187,True,True,14700.63,104.93,3234668,0.7138,20
MAWANASUG.NS,2026-10-06,147.88999938964844,139.81499862670898,139.48222139146594,132.17999923706054,109.97114761352539,102.25336578369141,141.83694604294902,72.43959449258234,164.0,True,True,True,True,True,True,True,True,True,70.10382928117535,noise,94.70356350375377,False,False,False,False,,Agricultural Food & other Products,Sugar,92.06285253827559,True,True,578.5,5.35,361540,0.9243,20
MAXESTATES.NS,2026-10-06,564.9500122070312,585.3666687011719,548.3152796427408,508.10600219726564,440.5289998372396,434.6557501220703,574.689409222269,305.45001220703125,652.7999877929688,True,True,True,True,True,True,True,False,False,20.432744586740537,noise,48.34638239214143,False,False,False,False,,Realty,"Residential, Commercial Projects",78.3239323126511,True,True,9241.44,12.53,221797,0.1356,20
MAYURUNIQ.NS,2026-10-06,761.1500244140625,730.3583323160807,739.3434363471138,746.2941162109375,692.72583597819,649.1864979553222,730.9712262763119,467.5569640916496,899.9875607705063,True,True,True,True,True,True,True,True,False,51.238297409430864,ppv,158.8827466649102,False,False,False,False,,Consumer Durables,Leather And Leather Products,88.55761482675261,True,True,3307.39,8.09,106341,0.2447,20
MBECL.NS,2026-10-06,493.79998779296875,459.350830078125,273.79472308688696,215.4442010498047,115.41473470052084,102.91105140686035,462.3313915014343,65.4000015258789,513.9000244140625,True,True,True,True,True,True,True,True,False,655.0458352781095,red,761.741215351467,False,False,False,False,,Construction,Civil Construction,99.91941982272361,True,True,1646.0,0.08,1585,0.0048,2
MENONBE.NS,2026-10-06,304.95001220703125,298.2291717529297,291.1502783033583,273.80320068359373,187.50959462483723,169.67560165405274,295.951231889152,100.57782056732867,330.0,True,True,True,True,True,True,True,True,False,137.6784458117109,green,230.54216946507088,False,False,False,False,,Auto Components,Auto Components & Equipments,97.13940370668816,True,True,1708.94,2.71,88907,0.1586,20
MIDHANI.NS,2026-10-06,462.3500061035156,425.14916229248047,425.1355565388997,422.63868530273436,397.7588106282552,385.4999333190918,433.6425611914675,265.84722513732504,480.94770175684044,True,True,True,True,True,True,True,True,True,19.547173295163134,green,101.18456626771828,False,False,False,False,,Aerospace & Defense,Aerospace & Defense,78.08219178082192,True,True,8661.67,78.35,1694542,0.9045,20
MITCON.NS,2026-10-06,79.3499984741211,82.35583305358887,80.21305550469293,79.11039993286133,75.30199996948242,72.04239997863769,81.69900358073043,49.560001373291016,92.83999633789062,True,True,True,True,True,True,True,False,False,18.379829806336524,noise,26.720501516991114,False,False,False,False,,Commercial Services & Supplies,Consulting Services,77.31668009669622,True,True,138.22,0.09,11517,0.0661,20
MMP.NS,2026-10-06,480.54998779296875,463.1416651407878,428.53016069200305,395.40970642089843,303.3208095296224,290.16119255065917,462.92873248170423,184.26453135354302,498.0,True,True,True,True,True,True,True,True,False,72.74306673519347,noise,43.56359663540096,False,False,True,False,,Non - Ferrous Metals,Aluminium,92.30459307010476,True,True,1220.72,4.75,98803,0.3889,20
MODISONLTD.NS,2026-10-06,491.29998779296875,461.8374989827474,448.3944439358181,402.2079998779297,276.3181478881836,244.03084701538086,467.94836190421154,112.84731995786822,546.0,True,True,True,True,True,True,True,True,False,207.10059527153476,noise,34.7234719994241,False,False,False,False,,Electrical Equipment,Other Electrical Equipment,98.83158742949234,True,True,1594.27,6.65,135391,0.4172,5
MOLDTECH.NS,2026-10-06,216.72000122070312,201.82916768391928,198.0461366441515,189.56084686279297,146.60366485595702,144.85129066467286,205.72730163734292,100.14482747342075,224.8553567212878,True,True,True,True,True,True,True,True,False,24.409785539485117,noise,27.78392939978816,False,False,False,False,,Construction,Civil Construction,79.69379532634971,True,True,624.26,3.33,153859,0.5341,5
MOREPENLAB.NS,2026-10-06,143.9600067138672,125.00749969482422,112.19225883483887,100.43875717163085,64.24579582214355,58.004329147338865,128.27399278994494,32.995170514607494,145.25,True,True,True,True,True,True,True,True,False,195.9146672421091,ppv,89.15093147440491,False,False,True,False,,Pharmaceuticals & Biotechnology,Pharmaceuticals,98.63013698630137,True,True,7888.34,301.04,20911274,3.8162,10
MOTILALOFS.NS,2026-10-06,1081.1500244140625,1014.1125030517578,1011.7375013563368,974.937001953125,883.1130017089844,861.5966198730468,1018.1841507386669,614.9000244140625,1088.3156211947492,True,True,True,True,True,True,True,True,True,16.265899085346614,ppv,219.92559580764217,False,False,False,False,,Capital Markets,Stockbroking & Allied,76.02739726027397,True,True,65190.88,120.63,1115747,0.185,No Band
MSTCLTD.NS,2026-10-06,714.2999877929688,723.6666615804037,720.1545935736763,684.3131884765625,562.7935532633463,538.9547625732422,715.8358032568381,357.9805560549056,795.731978165477,True,True,True,True,True,True,True,False,False,37.685124345653676,noise,54.439734498046896,False,False,False,False,,Commercial Services & Supplies,Trading & Distributors,85.05237711522965,True,True,5028.67,25.95,363250,0.516,10
MTARTECH.NS,2026-10-06,7718.5,7341.25,7184.388888888889,6974.2,6322.1180029296875,5482.955001220703,7472.362390610431,1866.199951171875,8714.0,True,True,True,True,True,True,True,True,False,295.3137003841229,noise,67.66135841286031,False,False,False,False,,Electrical Equipment,Other Electrical Equipment,99.47622884770347,True,True,23741.79,116.68,151172,0.4915,5
MUFIN.NS,2026-10-06,135.1699981689453,132.15583292643228,134.5416662428114,134.4497998046875,123.33679997762044,121.43569988250732,132.51532711818558,85.12999725341797,141.5,True,True,True,True,True,True,True,True,False,54.28603724147709,ppv,231.4375483232875,False,False,False,False,,Finance,Non Banking Financial Company (NBFC),89.44399677679291,True,True,2678.56,11.88,878898,0.4435,20
MUKANDLTD.NS,2026-10-06,181.5500030517578,165.79833475748697,146.26750055948892,144.0491943359375,135.7533416748047,133.68729091644286,170.09231607541287,111.91673941994071,189.89999389648438,True,True,True,True,True,True,True,True,False,36.48778957907648,red,140.66750101535538,False,True,False,False,,Industrial Products,Iron & Steel Products,84.44802578565674,True,True,2623.32,5.48,301812,0.2089,20
MCX.NS,2026-10-06,3310.0,3274.4833170572915,3257.6995307074653,3118.1386181640623,2919.9649560546877,2776.6846228027343,3257.8741907024687,1622.025668304755,3481.39990234375,True,True,True,True,True,True,True,True,False,102.10196923964907,noise,68.78094154009973,False,False,False,False,,Capital Markets,Exchange and Data Platform,94.96373892022562,True,True,84244.16,739.22,2233284,0.8775,No Band
NRAIL.NS,2026-10-06,658.25,652.8333333333334,584.9745424058702,560.4955322265625,485.1374112955729,476.94987731933594,653.2939685349486,383.5158073125121,706.4000244140625,True,True,True,True,True,True,True,True,False,55.18962536835845,noise,40.85751750889504,False,True,False,False,,"Paper, Forest & Jute Products",Paper & Paper Products,89.80660757453667,True,True,1120.28,1.69,25614,0.1505,20
NAVINFLUOR.NS,2026-10-06,8536.0,8406.166666666666,8435.236111111111,8293.64,7374.675615234375,7055.939599609375,8370.49005745085,4504.255320019595,8949.5,True,True,True,True,True,True,True,True,False,85.99132246866947,noise,52.28070106835023,False,False,False,False,,Chemicals & Petrochemicals,Specialty Chemicals,93.79532634971797,True,True,43796.61,161.6,189314,0.369,20
NAZARA.NS,2026-10-06,379.54998779296875,378.4750010172526,368.00555419921875,360.38299865722655,303.1300655110677,294.8417990112305,380.32908265500777,215.6999969482422,401.8999938964844,True,True,True,True,True,True,True,False,False,35.917632155046995,noise,30.920697592541362,False,False,False,False,,Entertainment,Digital Entertainment,84.24657534246576,True,True,14601.14,85.9,2263230,0.5883,20
NEOGEN.NS,2026-10-06,2429.199951171875,2390.0167032877603,2299.4222344292534,2240.017275390625,1893.654911295573,1733.3167352294922,2389.6711353221444,966.2326038611084,2499.699951171875,True,True,True,True,True,True,True,True,False,62.6648217157308,noise,46.11411564893852,False,True,False,False,,Chemicals & Petrochemicals,Specialty Chemicals,91.0958904109589,True,True,7297.91,45.85,188761,0.6283,20
NGLFINE.NS,2026-10-06,3122.10009765625,2890.9333292643228,2841.990281846788,2986.0471728515627,2734.8330997721355,2495.8185876464845,2927.4940218808297,1270.2352838363754,3599.8325981661596,True,True,True,True,True,True,True,True,False,110.83755358887828,ppv,136.09837746546836,False,False,False,False,,Pharmaceuticals & Biotechnology,Pharmaceuticals,95.85012087026591,True,True,1928.84,3.72,11914,0.1928,20
NINSYS.NS,2026-10-06,822.5499877929688,753.3791707356771,727.5458374023438,735.86400390625,644.4783343505859,573.5955004882812,777.3993535129214,281.04998779296875,935.0,True,True,True,True,True,True,True,True,False,86.79458984715154,red,144.52427590066569,False,False,False,False,,IT - Software,Computers - Software & Consulting,93.99677679290895,True,True,1527.97,0.4,4850,0.0261,5
NITINSPIN.NS,2026-10-06,616.3499755859375,607.5583292643229,615.7644246419271,597.7897302246093,514.711112467448,469.34150299072263,608.6314873039364,300.8041771483202,665.0,True,True,True,True,True,True,True,True,False,90.81974077725252,noise,31.028650025104117,False,False,False,False,,Textiles & Apparels,Other Textile Products,94.23851732473811,True,True,3465.12,10.45,169570,0.3016,20
NRBBEARING.NS,2026-10-06,536.9500122070312,534.2583312988281,497.3500010172526,482.6030004882812,387.6301079305013,356.7782414245605,531.754403408712,211.10343900049978,559.9000244140625,True,True,True,True,True,True,True,True,False,87.82494686232305,noise,27.787958874791773,False,False,False,False,,Auto Components,Auto Components & Equipments,94.07735697018533,True,True,5204.26,33.14,617217,0.6368,20
NRL.NS,2026-10-06,157.0,157.88916651407877,135.77138943142361,128.73640029907227,87.68226684570313,79.37910013198852,155.88551477824439,45.099998474121094,167.25999450683594,True,True,True,True,True,True,True,True,False,118.63250987008462,noise,76.79526501902167,False,False,False,False,,Metals & Minerals Trading,Trading - Metals,96.29331184528606,True,True,1084.38,1.5,95404,0.1381,2
NUVAMA.NS,2026-10-06,1838.800048828125,1703.9749959309895,1743.861107720269,1737.263994140625,1581.329873046875,1527.1497937011718,1731.5746792309392,1086.5091731363827,2066.0,True,True,True,True,True,True,True,True,False,35.24462222734586,green,155.9015393095813,False,False,False,False,,Capital Markets,Stockbroking & Allied,83.9645447219984,True,True,33928.75,81.88,445289,0.2413,20
OCCLLTD.NS,2026-10-06,207.58999633789062,176.74250030517578,165.7320442199707,163.64330932617187,126.70387939453126,118.53763332366944,185.50220619849267,74.8847757046385,207.6699981689453,True,True,True,True,True,True,True,True,False,62.84646618333245,ppv,208.4290148278056,False,False,True,False,,Chemicals & Petrochemicals,Commodity Chemicals,91.21676067687349,True,True,1036.92,1.77,85419,0.171,5
OMAXAUTO.NS,2026-10-06,209.2899932861328,198.9558334350586,188.80237282647028,189.99276611328125,181.07608042399087,161.7676481628418,199.34138033637274,82.52199549472783,260.1032164095451,True,True,True,True,True,True,True,True,False,57.93836064335449,green,139.2944537861078,False,False,False,False,,Auto Components,Auto Components & Equipments,90.45124899274778,True,True,448.74,1.58,75491,0.3521,10
PAYTM.NS,2026-10-06,1694.0,1707.9750061035156,1696.8611145019531,1636.7119995117187,1300.4266666666667,1281.0260015869142,1693.2648219494874,930.5999755859375,1855.5,True,True,True,True,True,True,True,True,False,36.87783075447957,noise,47.92620033474043,False,False,False,False,,Financial Technology (Fintech),Financial Technology (Fintech),84.60918614020952,True,True,108400.33,708.63,4183169,0.6537,No Band
ONEPOINT.NS,2026-10-06,78.6500015258789,70.89250087738037,61.19611125522189,60.3060001373291,56.46420013427734,55.25705015182495,72.54971532874579,40.58000183105469,81.0,True,True,True,True,True,True,True,True,False,58.98524274336179,noise,78.44803777478234,False,True,True,False,,Commercial Services & Supplies,Business Process Outsourcing (BPO)/ Knowledge Process Outsourcing (KPO),90.61240934730056,True,True,2068.0,16.61,2112493,0.8034,20
OLIL.NS,2026-10-05,443.6499938964844,438.2249984741211,423.51944308810766,422.0959991455078,399.5176666259766,375.31224990844726,441.0169276818651,260.1000061035156,479.8999938964844,True,True,True,True,True,True,True,True,False,60.27818405407963,noise,48.78869448183042,False,False,False,False,,Transport Services,Logistics Solution Provider,90.69298952457694,True,True,61.23,0.17,18884,0.2759,20
ONELIFECAP.NS,2026-10-06,45.0,38.145021756490074,34.451839711931015,34.517143936157225,27.399830754597982,24.46612168312073,39.72983967407022,11.146808681376179,45.25,True,True,True,True,True,True,True,True,False,233.67594824244918,noise,84.78793857800943,False,False,True,False,,Capital Markets,Stockbroking & Allied,99.07332796132151,True,True,168.12,0.28,62776,0.168,5
ORBTEXP.NS,2026-10-06,246.85000610351562,237.4125010172526,235.72517903645834,239.56688751220702,201.67602864583333,196.91886367797852,241.3745682125234,134.72293208187594,282.8500061035156,True,True,True,True,True,True,True,True,True,40.56010958042393,noise,50.41381265276913,False,False,False,False,,Textiles & Apparels,Other Textile Products,85.85817888799355,True,True,632.44,0.39,15637,0.061,20
ORCHPHARMA.NS,2026-10-06,1006.5499877929688,1036.6541798909504,997.9055582682291,1003.9710046386718,835.6756640625,803.304248046875,1007.8622856901206,480.0,1143.5,True,True,True,True,True,True,True,False,False,37.178873975191664,noise,68.55753114697686,False,False,False,False,,Pharmaceuticals & Biotechnology,Pharmaceuticals,84.77034649476228,True,True,5105.13,16.95,168395,0.332,20
ORIENTBELL.NS,2026-10-06,413.54998779296875,400.00416056315106,392.0388904147678,374.98200073242185,330.20819885253906,318.74005599975584,403.5350746612974,245.77001941542372,434.95001220703125,True,True,True,True,True,True,True,True,False,42.53991945896451,noise,44.35311371573706,False,True,False,False,,Consumer Durables,Ceramics,86.18049959709911,True,True,608.35,1.22,29600,0.2012,20
OAL.NS,2026-10-06,511.3500061035156,535.9250005086263,479.61527760823566,449.9882373046875,352.62856241861977,335.6268107604981,527.9281015701542,227.70043330477768,570.0,True,True,True,True,True,True,True,False,False,55.89061701488085,dry,16.494034799849587,False,True,False,False,,Chemicals & Petrochemicals,Specialty Chemicals,90.04834810636584,True,True,1720.88,3.73,72903,0.2166,10
PAISALO.NS,2026-10-06,83.0999984741211,84.48083241780598,78.11787944369846,75.78231994628906,59.59431658426921,53.34995456695557,82.23792724270447,29.963878249866504,94.87999725341797,True,True,True,True,True,True,True,True,False,118.37318032090107,noise,74.48244127782098,False,False,False,False,,Finance,Non Banking Financial Company (NBFC),96.25302175664785,True,True,7811.91,125.04,15047405,1.6007,20
PANACHE.NS,2026-10-06,569.0,522.9791742960612,526.1597247653538,505.0640014648437,408.0113336181641,385.4685004425049,529.6977663921778,237.6999969482422,569.0,True,True,True,True,True,True,True,True,False,43.701387079293674,noise,82.55338746505578,False,False,True,False,,IT - Services,IT Enabled Services,86.50282030620467,True,True,911.2,0.6,10594,0.0662,2
PANAMAPET.NS,2026-10-06,504.1000061035156,480.56667073567706,480.69583384195965,479.02751403808594,382.2882120768229,359.07180755615235,483.8679946457039,227.57646060004578,595.8726432274872,True,True,True,True,True,True,True,True,False,78.79917211605832,ppv,100.92287577456887,False,False,False,False,,Petroleum Products,Lubricants,92.82836422240129,True,True,3049.48,27.27,541031,0.8944,20
PASUPTAC.NS,2026-10-06,70.88999938964844,73.12833340962727,67.7852783203125,65.81320045471192,59.08220001220703,56.76345001220703,71.21650189484441,40.40999984741211,81.29000091552734,True,True,True,True,True,True,True,False,False,55.49462415525876,green,163.2791408087123,False,False,False,False,,Chemicals & Petrochemicals,Petrochemicals,89.92747784045125,True,True,631.86,0.92,130417,0.1463,20
PGIL.NS,2026-10-06,1266.699951171875,1253.9749959309895,1199.3027784559463,1177.9619982910156,951.9950280761718,909.7328228759766,1259.7470701092795,594.6744698202933,1357.9000244140625,True,True,True,True,True,True,True,True,False,106.63599295110569,noise,84.73125463078385,False,False,False,False,,Textiles & Apparels,Garments & Apparels,95.48751007252217,True,True,11701.91,32.66,257830,0.2791,20
PCCL.NS,2026-10-05,415.8999938964844,439.70416259765625,402.8388892279731,371.56,297.0660004679362,276.73950035095214,431.4986131645923,168.39999389648438,454.0,True,True,True,True,True,True,True,False,False,139.09169370105423,dry,15.772870662460567,False,True,False,False,,Minerals & Mining,Industrial Minerals,97.30056406124093,True,True,770.02,0.51,16351,0.0662,20
PITTIENG.NS,2026-10-06,1122.0,1139.4750162760417,1116.7238226996528,1071.0480883789062,960.614073079427,925.3815264892578,1133.4787163640685,673.5594125870612,1225.3791940785206,True,True,True,True,True,True,True,False,False,12.902865820624164,noise,40.64417418063161,False,False,False,False,,Industrial Manufacturing,Industrial Products,74.1337630942788,True,True,4141.7,13.78,122794,0.3327,20
PIXTRANS.NS,2026-10-06,1796.699951171875,1755.3416646321614,1776.9833340115017,1781.4280004882812,1647.162158203125,1582.9475775146484,1769.8269574736037,1245.9203610210297,2089.0,True,True,True,True,True,True,True,True,False,25.65016422761799,noise,26.716671245450502,False,False,False,False,,Industrial Products,Rubber,80.29814665592264,True,True,2448.04,11.25,62633,0.4597,20
PLASTIBLEN.NS,2026-10-06,202.39999389648438,194.74166615804037,190.91083272298178,190.88727966308593,171.283548634847,166.91624622344972,196.83709812919733,119.18729085056164,213.0321173797698,True,True,True,True,True,True,True,True,False,11.415776026881264,green,123.3366544437049,False,False,False,False,,Chemicals & Petrochemicals,Specialty Chemicals,73.16680096696213,True,True,526.02,1.67,82552,0.3176,20
PLAZACABLE.NS,2026-10-06,58.06999969482422,59.59250005086263,57.922777811686196,54.87920013427734,46.881466738382976,45.05670004844666,58.65805758837027,27.0,66.0,True,True,True,True,True,True,True,False,False,9.710937766886474,noise,74.59333614495075,False,False,False,False,,Industrial Products,Cables - Electricals,72.07896857373086,True,True,254.07,0.45,78261,0.1789,5
PONNIERODE.NS,2026-10-06,374.54998779296875,374.23333231608075,380.3069432576497,364.2359985351562,320.673740641276,305.8934159851074,374.76442813755284,248.27783069557003,455.0,True,True,True,True,True,True,True,False,False,32.37220139917098,ppv,159.85600690070734,False,False,False,False,,Agricultural Food & other Products,Sugar,82.63497179693795,True,True,322.05,1.92,51375,0.5975,20
PGINVIT.NS,2026-10-05,102.0999984741211,101.74416732788086,101.13194508022733,100.57546310424804,92.99545888264974,90.70138534545899,101.88750058960048,78.50849455041794,104.5,True,True,True,True,True,True,True,True,False,21.809689469487626,green,119.08805988433517,False,False,False,False,,Power,Power - Transmission,78.80741337630943,True,True,8732.35,13.25,1380819,0.1517,20
PRECWIRE.NS,2026-10-06,515.1500244140625,494.22916920979816,470.40555657280817,451.7194366455078,402.14434611002605,365.03583473205566,496.37379890287957,192.26450427531572,524.9000244140625,True,True,True,True,True,True,True,True,False,148.6562304453424,noise,40.121141131377975,False,True,True,False,,Industrial Products,"Aluminium, Copper & Zinc Products",97.6228847703465,True,True,9417.35,38.48,746916,0.4086,20
PREMIERPOL.NS,2026-10-06,97.2300033569336,92.8716672261556,90.06825998094347,85.26102081298828,68.2843665822347,63.20057176589966,93.88097266341316,37.93100838755093,106.05000305175781,True,True,True,True,True,True,True,True,False,113.19075818195188,noise,95.54273026077583,False,True,False,False,,Industrial Products,Plastic Products - Industrial,96.09186140209508,True,True,1018.41,8.15,838561,0.8006,20
PRIZOR.NS,2026-10-05,1253.699951171875,1140.8499959309895,1092.4916653103298,1032.2689990234376,769.701666056315,649.2292495727539,1168.7296348303007,216.64999389648438,1253.699951171875,True,True,True,True,True,True,True,True,False,319.57831405285503,ppv,114.02231926249394,False,False,True,False,,Industrial Manufacturing,Industrial Products,99.51651893634165,True,True,194.79,0.28,15327,0.1434,2
PROV.NS,2026-10-05,1940.0,1918.3791605631511,1864.8208312988281,1819.3709985351563,1546.0703336588542,1471.2929998779298,1915.349810858319,1020.0,2050.0,True,True,True,True,True,True,True,True,False,61.66666666666667,dry,0.0,False,False,False,False,,Food Products,Other Food Products,90.89443996776792,True,True,376.42,0.06,538,0.0156,20
PTCIL.NS,2026-10-06,23125.0,22275.833333333332,22131.25,21099.18,18390.56,18291.685,22423.293585274387,14499.0,24125.0,True,True,True,True,True,True,True,True,False,38.90557424315233,noise,61.86125412934139,False,False,False,False,,Industrial Products,Castings & Forgings,85.4149879129734,True,True,34670.27,65.64,28387,0.1893,20
PVRINOX.NS,2026-10-06,1249.4000244140625,1256.8416748046875,1237.1888902452256,1215.4889990234376,1066.6533361816407,1053.4457522583007,1240.0604024248476,907.4000244140625,1357.800048828125,True,True,True,True,True,True,True,True,False,14.288335182849776,noise,63.17445670320729,False,False,False,False,,Entertainment,"Film Production, Distribution & Exhibition",74.9798549556809,True,True,11752.11,66.33,530884,0.5644,20
QMSMEDI.NS,2026-10-06,192.7100067138672,195.22559356689453,166.2681999206543,151.99476913452148,110.62542114257812,105.14141609191894,193.06787923991988,68.77118423399997,216.7899932861328,True,True,True,True,True,True,True,False,False,91.29808289812867,ppv,491.3482394407705,True,False,False,False,,Healthcare Equipment & Supplies,Medical Equipment & Supplies,94.27880741337631,True,True,372.65,0.81,42085,0.2176,5
QUADFUTURE.NS,2026-10-06,547.4000244140625,532.783342997233,465.8763919406467,435.5820031738281,372.68800069173176,357.25575073242186,530.7207416275901,248.5500030517578,567.2000122070312,True,True,True,True,True,True,True,True,False,40.01790697583652,noise,33.851045881315216,False,False,False,False,,Industrial Products,Cables - Electricals,85.69701853344077,True,True,2189.6,67.94,1241102,3.1028,20
QPOWER.NS,2026-10-06,1648.800048828125,1559.2472127278645,1454.4420369466145,1374.0770971679688,1192.505439860026,1084.3137774658203,1574.301471811386,580.4955789253012,1681.0,True,True,True,True,True,True,True,True,False,57.1351157918641,green,115.89530896219622,False,False,True,False,,Electrical Equipment,Heavy Electrical Equipment,90.41095890410958,True,True,12768.98,38.78,235223,0.3037,5
RRKABEL.NS,2026-10-06,2789.699951171875,2527.2750040690103,2611.1361083984375,2637.413994140625,2133.456975097656,1963.5231072998047,2572.2451232688436,1212.3573793256226,2983.800048828125,True,True,True,True,True,True,True,True,False,121.33483180585407,green,163.81556760904053,False,False,False,False,,Industrial Products,Cables - Electricals,96.41418211120065,True,True,31553.04,154.58,554109,0.4899,20
RACLGEAR.NS,2026-10-06,1593.4000244140625,1647.5,1597.536105685764,1532.1359985351562,1379.5266682942708,1321.601538696289,1615.7226895262652,920.8888972758508,1927.699951171875,True,True,True,True,True,True,True,False,False,28.93908700242447,noise,26.632520573455913,False,False,False,False,,Auto Components,Auto Components & Equipments,81.4262691377921,True,True,1881.63,10.46,65657,0.556,20
RPEL.NS,2026-10-06,1835.5999755859375,1742.2750040690105,1709.3888821072048,1592.3,1147.8702937825522,1064.237677307129,1770.1439053719469,560.8282002900473,1943.699951171875,True,True,True,True,True,True,True,True,False,164.2612189321743,noise,47.145597168959306,False,True,False,False,,Industrial Products,Electrodes & Refractories,97.98549556809026,True,True,8429.43,18.32,99789,0.2173,20
RAIN.NS,2026-10-06,212.6300048828125,214.4708340962728,209.49944559733072,212.40587524414062,177.7047774251302,169.97235313415527,211.9590959585097,99.43315286007488,250.82236847510148,True,True,True,True,True,True,True,True,False,62.29454946902533,noise,74.85286289403243,False,False,False,False,,Chemicals & Petrochemicals,Petrochemicals,91.01531023368251,True,True,7151.72,105.03,4939398,1.4685,20
RAMRAT.NS,2026-10-06,641.2000122070312,586.1500040690104,546.7347225613064,520.7240002441406,430.99728922526043,399.5269023132324,600.3086123500526,266.4076130636512,662.8499755859375,True,True,True,True,True,True,True,True,False,105.32632873841652,noise,60.43073234717229,False,True,True,False,,Electrical Equipment,Other Electrical Equipment,95.32634971796938,True,True,5985.54,23.05,359477,0.3851,20
RKFORGE.NS,2026-10-06,732.6500244140625,710.8083343505859,720.3152754041884,713.6379992675782,611.3780655924479,590.5893983459473,710.1929193666759,459.4101971519111,772.7999877929688,True,True,True,True,True,True,True,True,False,32.28118056367515,ppv,98.16684669880745,False,False,False,False,,Auto Components,Auto Components & Equipments,82.59468170829976,True,True,13569.37,100.8,1375783,0.7428,20
RML.NS,2026-10-06,1394.4000244140625,1352.3583374023438,1257.2833319769966,1217.637998046875,1010.3529927571615,953.6072964477539,1355.526652455347,599.8542523291803,1440.0,True,True,True,True,True,True,True,True,False,69.09714882245557,ppv,81.86447650859358,False,False,False,False,,Auto Components,Auto Components & Equipments,91.86140209508461,True,True,3853.72,13.96,100132,0.3623,20
RPTECH.NS,2026-10-06,958.25,898.8625030517578,847.4430575900608,849.0121130371094,646.3920871988933,575.3902381896972,915.8655107116615,312.33178320165,1004.7000122070312,True,True,True,True,True,True,True,True,False,203.6527273340909,noise,34.64659708230922,False,True,True,False,,IT - Hardware,Computers Hardware & Equipments,98.75100725221596,True,True,6363.33,50.14,523259,0.788,20
RATNAMANI.NS,2026-10-06,2601.199951171875,2742.808308919271,2667.925001356337,2570.8406884765627,2530.212091471354,2451.584083862305,2692.0319536355437,1927.9657490362597,3330.2583637320286,True,True,True,True,True,True,True,False,False,8.177966592148579,noise,20.800359428202942,False,False,False,False,,Industrial Products,Iron & Steel Products,70.70910556003224,True,True,18232.33,20.7,79566,0.1135,20
RATNAVEER.NS,2026-10-06,335.25,330.6916681925456,299.87698576185437,272.76322998046874,200.58034291585287,188.40230712890624,330.753840358442,130.5,357.70001220703125,True,True,True,True,True,True,True,True,False,107.22586384572419,dry,16.692345103220052,False,False,False,False,,Industrial Products,Iron & Steel Products,95.60838033843675,True,True,2813.63,249.7,7448058,8.8745,20
RAYMOND.NS,2026-10-06,1294.300048828125,1190.4333190917969,906.6416625976562,825.2899963378907,606.1026645914714,555.7564991760254,1198.4051468673097,320.0,1339.0,True,True,True,True,True,True,True,True,False,121.93073075050948,noise,62.64666377923746,False,False,False,False,,Industrial Manufacturing,Industrial Products,96.45447219983883,True,True,8613.75,322.29,2490071,3.7416,10
RAYMONDREL.NS,2026-10-06,707.7999877929688,664.8333333333334,598.6319444444445,608.7289978027344,563.1199639892578,538.6570922851563,666.7996880707713,347.8966973806635,741.9500122070312,True,True,True,True,True,True,True,True,False,15.661286604953894,ppv,205.05278194118998,False,False,False,False,,Realty,"Residential, Commercial Projects",75.7856567284448,True,True,4710.51,82.34,1163308,1.748,20
RBLBANK.NS,2026-10-06,414.5,412.2999979654948,402.90416463216144,397.47367309570313,357.1991237386068,345.26379623413084,411.69576006716306,271.3973600222854,429.6000061035156,True,True,True,True,True,True,True,True,False,51.91853645512872,noise,72.75446629791593,False,True,False,False,,Banks,Private Sector Bank,88.87993553585818,True,True,64342.07,182.78,4409562,0.2841,No Band
RBZJEWEL.NS,2026-10-06,196.14999389648438,185.72333145141602,168.96138848198785,162.86199981689452,142.78046671549478,142.02875,189.21848217171512,100.0,207.66000366210938,True,True,True,True,True,True,True,True,False,47.16032993970551,dry,13.264572425491423,False,False,False,False,,Consumer Durables,"Gems, Jewellery And Watches",87.38920225624497,True,True,784.6,13.2,672783,1.682,5
REDINGTON.NS,2026-10-06,405.70001220703125,404.0375035603841,380.426390753852,368.52600158691405,279.89473999023437,275.01618896484376,403.1944394428608,187.19874597305954,419.5,True,True,True,True,True,True,True,True,False,50.90444057540387,noise,24.62274388086479,False,False,False,False,,Commercial Services & Supplies,Trading & Distributors,88.43674456083804,True,True,31716.59,276.34,6811332,0.8713,20
RGL.NS,2026-10-06,163.6199951171875,163.77000045776367,149.95194477505154,141.1513999938965,118.65253316243489,118.56894985198974,162.34490811883768,85.0,173.8000030517578,True,True,True,True,True,True,True,True,False,33.53464192218154,noise,23.222175041458442,False,False,False,False,,Consumer Durables,"Gems, Jewellery And Watches",82.95729250604352,True,True,1757.41,25.92,1584205,1.4749,20
RBA.NS,2026-10-06,95.0999984741211,92.96500078837077,97.4350005255805,94.21360046386718,76.15093338012696,73.29205007553101,93.4407787313214,57.150001525878906,111.1500015258789,True,True,True,True,True,True,True,True,False,20.56288258808261,dry,14.442591939290065,False,True,False,False,,Leisure Services,Restaurants,78.40451248992748,True,True,6773.2,88.62,9318896,1.3084,10
ROLEXRINGS.NS,2026-10-06,188.17999267578125,185.50249989827475,179.49111048380533,172.14059936523438,149.652466990153,144.53880027770995,187.40747049886681,99.79000091552734,199.0,True,True,True,True,True,True,True,True,False,35.83080828300946,noise,58.73301394453866,False,False,False,False,,Auto Components,Auto Components & Equipments,84.20628525382756,True,True,4936.58,66.44,3530842,1.3459,20
ROLLT.NS,2026-10-06,5.210000038146973,5.573333303133647,4.670277780956692,4.14199999332428,2.7155333280563356,2.3661999970674517,5.2567786586793925,1.0700000524520874,6.570000171661377,True,True,True,True,True,True,True,False,False,323.57723230536806,noise,66.05397612435642,False,False,False,False,,Industrial Products,Packaging,99.55680902497986,True,True,130.32,0.28,533633,0.2133,5
ROSSTECH.NS,2026-10-06,1612.0999755859375,1468.7333272298176,1258.0111524793838,1195.3836389160156,1007.9863753255208,921.3355227661133,1491.399059538137,551.7773507625232,1699.0,True,True,True,True,True,True,True,True,False,129.87501395778574,ppv,128.27460803293843,False,False,True,False,,Aerospace & Defense,Aerospace & Defense,96.85737308622079,True,True,6100.23,52.0,322555,0.8524,20
RPGLIFE.NS,2026-10-06,2933.199951171875,2927.25830078125,2759.574998643663,2753.74599609375,2391.79666015625,2321.847038574219,2929.956872185175,1716.0396604625457,3127.800048828125,True,True,True,True,True,True,True,True,False,31.51262339310248,noise,56.14695240042729,False,False,False,False,,Pharmaceuticals & Biotechnology,Pharmaceuticals,82.27236099919419,True,True,4851.22,9.49,32370,0.1957,20
RUBYMILLS.NS,2026-10-06,512.7999877929688,489.5666681925456,440.74271816677515,420.85963439941406,322.59288889567057,293.5129107666016,492.49567442051443,168.1055909008604,522.0,True,True,True,True,True,True,True,True,False,126.12577387691756,noise,95.58174015914028,False,False,True,False,,Textiles & Apparels,Other Textile Products,96.69621273166801,True,True,1714.8,1.37,26726,0.0799,20
SAIL.NS,2026-10-06,178.10000610351562,178.40604782104492,180.73607381184897,177.66060333251954,173.69091135660807,167.792388381958,177.89820941304583,122.397321356075,206.98966102070128,True,True,True,True,True,True,True,True,False,35.78571288138524,noise,96.93093860444016,False,False,False,False,,Ferrous Metals,Iron & Steel,84.16599516518937,True,True,73564.66,318.12,17861641,0.4324,No Band
SCI.NS,2026-10-06,289.0,276.7374954223633,283.1194788614909,285.90486511230466,285.0970091756185,271.62426605224607,278.14430307132915,192.34996969124379,367.499792159746,True,True,True,True,True,True,True,True,False,33.81184616703068,red,192.56227175511674,False,False,False,False,,Transport Services,Shipping,83.11845286059629,True,True,13461.59,73.37,2538597,0.545,20
SALSTEEL.NS,2026-10-06,89.5999984741211,90.42166646321614,81.2602776421441,75.49779991149903,60.50393323262533,56.09354995727539,91.45814119181125,26.100000381469727,102.4000015258789,True,True,True,True,True,True,True,False,False,217.7304824469145,red,114.59070482472593,False,False,False,False,,Ferrous Metals,Sponge Iron,98.87187751813053,True,True,1297.11,4.45,496877,0.3432,5
SAAKSHI.NS,2026-10-05,358.6000061035156,367.09583282470703,329.4638883802626,319.0849987792969,263.8413322957357,243.7099993133545,362.8702411716139,147.39999389648438,381.45001220703125,True,True,True,True,True,True,True,False,False,104.33048780827102,dry,11.627906976744185,False,True,False,False,,Electrical Equipment,Other Electrical Equipment,95.24576954069299,True,True,479.45,0.48,17690,0.1002,2
SABAR.NS,2026-10-05,9.5,9.5,8.722222222222221,8.133000001907348,6.304333311716715,5.996499986648559,9.480587722537454,3.950000047683716,9.5,True,True,True,True,True,True,True,True,False,84.46601600154366,dry,0.0,False,False,True,False,,Industrial Products,Packaging,93.5535858178888,True,True,51.22,0.05,18181,0.0946,2
SAILIFE.NS,2026-10-06,1558.0999755859375,1568.683329264323,1543.1944376627605,1500.513994140625,1246.0859973144532,1160.0527474975586,1553.613498268422,783.8499755859375,1697.0,True,True,True,True,True,True,True,True,False,80.70164982150622,noise,43.15486912679746,False,False,False,False,,Pharmaceuticals & Biotechnology,Pharmaceuticals,93.02981466559227,True,True,33096.88,90.5,580854,0.2734,20
SAKAR.NS,2026-10-06,1048.5,1115.7125091552734,1038.1097293429905,999.2140063476562,798.5490018717447,706.8007507324219,1085.6045691885126,345.5,1229.8499755859375,True,True,True,True,True,True,True,False,False,193.1637125383176,noise,44.732765727426354,False,True,False,False,,Pharmaceuticals & Biotechnology,Pharmaceuticals,98.58984689766318,True,True,2301.45,17.08,162913,0.7422,20
SAMBHV.NS,2026-10-06,162.19000244140625,158.97166697184244,139.33805635240344,133.7220004272461,117.84440017700196,111.99390018463134,158.5183502850107,81.41999816894531,171.6999969482422,True,True,True,True,True,True,True,True,False,38.28118439372854,noise,38.769803003256776,False,False,False,False,,Industrial Products,Iron & Steel Products,85.21353746978242,True,True,4779.28,54.93,3386640,1.1493,20
SANGAMIND.NS,2026-10-06,642.4000244140625,609.0833333333334,589.3152770996094,593.2389978027344,535.2743992106119,516.166904296875,620.1095088935839,389.75381058185866,672.5,True,True,True,True,True,True,True,True,False,47.92009453882562,noise,81.7671931647799,False,True,False,False,,Textiles & Apparels,Other Textile Products,87.55036261079773,True,True,3167.68,7.28,113374,0.2299,20
SANSERA.NS,2026-10-06,4232.89990234375,4433.933349609375,4106.265129937066,3980.6562744140624,3112.261278483073,2816.4607006835936,4333.760893762468,1381.3072533858908,4743.5,True,True,True,True,True,True,True,False,False,191.53487480515815,noise,96.8308013250632,False,False,False,False,,Auto Components,Auto Components & Equipments,98.54955680902499,True,True,26420.81,112.42,265578,0.4255,20
SATIN.NS,2026-10-06,228.35000610351562,228.02416483561197,223.4836107889811,226.88059967041016,211.80333323160806,196.62819999694824,226.66386320224066,135.80999755859375,274.1400146484375,True,True,True,True,True,True,True,True,False,50.59684676525356,ppv,1116.3920589890408,True,False,False,False,,Finance,Microfinance Institutions,88.27558420628525,True,True,2511.58,9.75,427152,0.3884,20
SOTL.NS,2026-10-06,775.5,725.0958302815756,710.3223453097874,699.0655981445312,532.3308286539714,489.89952880859374,730.2523717988041,283.7246181088854,860.4000244140625,True,True,True,True,True,True,True,True,False,95.61101191328436,noise,62.60563763982998,False,False,False,False,,Petroleum Products,Lubricants,94.52054794520548,True,True,5316.86,63.34,816787,1.1913,20
SBC.NS,2026-10-06,61.70000076293945,54.635000228881836,47.56250031789144,45.68640007019043,39.50906678517659,37.05860006332397,56.752941584155266,22.100000381469727,64.43000030517578,True,True,True,True,True,True,True,True,False,175.20071611497755,red,232.94275743531085,False,False,False,False,,Textiles & Apparels,Garments & Apparels,98.22723609991942,True,True,2938.09,63.24,10249292,2.1524,20
SCHNEIDER.NS,2026-10-06,1274.0,1233.1916605631511,1215.2222256130642,1252.51400390625,1209.1023352050781,1092.066752319336,1243.548449737087,571.8499755859375,1548.0,True,True,True,True,True,True,True,True,False,51.18969478294113,noise,34.62425936765185,False,False,False,False,,Electrical Equipment,Heavy Electrical Equipment,88.51732473811443,True,True,30461.85,44.27,347527,0.1453,20
SECMARK.NS,2026-10-06,137.0,139.74916712443033,138.42333348592123,134.74739990234374,126.40666671752929,122.46975002288818,139.2475742445603,95.05000305175781,179.5,True,True,True,True,True,True,True,False,False,16.358079230233336,dry,2.802645697538476,False,True,False,False,,IT - Software,Computers - Software & Consulting,76.14826752618856,True,True,150.16,0.07,5104,0.0466,20
SERVICE.NS,2026-10-05,69.19999694824219,66.94583257039388,66.97916634877522,65.31499977111817,56.85366650899251,54.47799989700317,67.71347485086743,39.20000076293945,73.0,True,True,True,True,True,True,True,True,False,47.23403606008976,green,127.61020881670532,False,False,False,False,,Commercial Services & Supplies,Diversified Commercial Services,87.46978243352136,True,True,72.11,0.1,18333,0.1375,5
SETCO.NS,2026-10-06,18.219999313354492,17.852499961853027,17.505833466847736,17.558400115966798,15.497190634409586,13.618700015544892,17.956494421864367,6.30912658406512,19.770000457763672,True,True,True,True,True,True,True,True,False,101.35037691039916,noise,72.58263893585712,False,False,False,False,,Auto Components,Auto Components & Equipments,94.92344883158744,True,True,244.34,0.13,73053,0.0545,5
SGFIN.NS,2026-10-06,662.1500244140625,622.8708292643229,655.1222229003906,661.4890002441406,586.1480006917318,537.3934999084472,635.8001998893925,323.0,727.4500122070312,True,True,True,True,True,True,True,True,False,84.08395939473895,red,128.85538534188836,False,True,False,False,,Finance,Non Banking Financial Company (NBFC),93.5132957292506,True,True,4363.24,32.2,486276,0.738,20
SHREEPUSHK.NS,2026-10-06,510.1000061035156,499.5874964396159,472.2656758626302,452.17388244628904,392.3328780110677,380.5685047912598,497.51149124197707,271.33362959787917,542.9660166810689,True,True,True,True,True,True,True,True,False,19.31022594409857,noise,57.810568981786815,False,False,False,False,,Chemicals & Petrochemicals,Dyes And Pigments,77.92103142626914,True,True,1649.55,4.2,82325,0.2546,20
SHANTIGEAR.NS,2026-10-06,602.2999877929688,637.3708343505859,595.7111112806532,543.0210009765625,478.36081258138023,470.7133090209961,618.0328000836432,384.0,743.0,True,True,True,True,True,True,True,False,False,16.27126560349499,dry,10.406552961027336,False,False,False,False,,Industrial Manufacturing,Industrial Products,76.06768734891217,True,True,4622.07,22.18,368193,0.4798,5
SHANTIGOLD.NS,2026-10-06,336.6499938964844,299.889165242513,269.12194485134546,257.484333190918,224.41994130452474,219.3729557800293,305.50399556669805,155.0,338.70001220703125,True,True,True,True,True,True,True,True,False,62.742914484762856,green,144.3064795751905,False,False,True,False,,Consumer Durables,"Gems, Jewellery And Watches",91.1361804995971,True,True,2428.43,87.64,2603405,3.6091,20
SHAREINDIA.NS,2026-10-06,211.39999389648438,213.28083165486655,190.9027468363444,185.87025604248046,156.9826262919108,155.04949474334717,208.141167607213,114.693516995367,233.35000610351562,True,True,True,True,True,True,True,True,False,53.10149007050644,noise,22.93463153456522,False,True,False,False,,Capital Markets,Stockbroking & Allied,89.12167606768735,True,True,4625.97,118.53,5607038,2.5623,20
SHEETAL.NS,2026-10-05,358.6499938964844,357.31249745686847,344.2999996609158,335.6419995117187,291.77200002034505,268.1052501678467,356.7013184695483,121.0,361.0,True,True,True,True,True,True,True,True,False,156.08710180744464,noise,33.840947546531304,False,True,False,False,,Agricultural Food & other Products,Other Agricultural Products,97.74375503626108,True,True,67.53,0.03,5500,0.048,20
SHERA.NS,2026-10-05,187.0,185.9458325703939,181.6430549621582,177.45999938964843,155.74633316040038,148.07049987792968,187.86055083716778,94.94999694824219,204.0,True,True,True,True,True,True,True,False,False,49.361026004901575,noise,65.8165364047717,False,False,False,False,,Industrial Products,"Aluminium, Copper & Zinc Products",87.99355358581789,True,True,471.44,0.82,42636,0.1745,20
SHILPAMED.NS,2026-10-06,1073.699951171875,1040.0583190917969,947.9975772433811,881.9130798339844,611.1062247721354,535.9346891784668,1036.827276243095,259.33715759272434,1095.0,True,True,True,True,True,True,True,True,False,184.64010538067126,noise,29.783295850429543,False,True,True,False,,Pharmaceuticals & Biotechnology,Pharmaceuticals,98.3883964544722,True,True,20999.62,174.43,1624614,0.8307,20
SHIVAUM.NS,2026-10-06,552.6500244140625,525.4500045776367,476.3430582682292,462.78600219726565,387.2460005696615,365.6452500915527,534.6742685870486,275.0,563.9000244140625,True,True,True,True,True,True,True,True,False,86.07744929766415,dry,9.400652260947318,False,True,False,False,,Commercial Services & Supplies,Trading & Distributors,93.83561643835617,True,True,751.63,2.69,48654,0.3577,20
SBCL.NS,2026-10-06,1099.5999755859375,1113.0499877929688,1078.9159376356338,1019.855166015625,749.0697458902995,674.3808294677734,1097.867918729921,367.86391220435536,1215.699951171875,True,True,True,True,True,True,True,True,False,112.51426721821448,dry,19.941634151952048,False,False,False,False,,Industrial Products,Iron & Steel Products,96.05157131345689,True,True,6334.16,64.68,588199,1.0211,10
SVLL.NS,2026-10-06,835.5999755859375,825.0791625976562,800.7402750651041,786.0349963378907,675.6286637369792,667.8257467651367,818.9419407442509,445.1499938964844,897.4500122070312,True,True,True,True,True,True,True,True,False,7.902886007549004,noise,69.1207039212125,False,True,False,False,,Transport Services,Logistics Solution Provider,70.58823529411765,True,True,960.41,1.24,14860,0.1293,20
SHREEJISPG.NS,2026-10-06,796.5,748.0124918619791,690.0611046685112,678.9649951171875,521.2246643066406,482.8305024719238,758.9178136760186,221.4449392882965,799.5,True,True,True,True,True,True,True,True,False,236.30817301661517,green,109.33209930973993,False,False,True,False,,Transport Services,Shipping,99.11361804995971,True,True,12976.44,80.44,1009953,0.6199,10
SHYAMMETL.NS,2026-10-06,1054.0,1071.5333404541016,1059.5944535997178,1045.0023510742187,949.9970475260417,921.9435009765625,1058.7312310837845,742.7285204868352,1148.0,True,True,True,True,True,True,True,False,False,14.157822478798266,noise,78.83629599575774,False,False,False,False,,Industrial Products,Iron & Steel Products,74.81869460112812,True,True,29335.62,59.28,562472,0.2021,20
SIGMAADV.NS,2026-10-06,1119.4000244140625,984.6083374023438,828.2541707356771,781.9520031738281,495.530800374349,417.6221004486084,1014.8854083329895,140.10000610351562,1165.0,True,True,True,True,True,True,True,True,False,621.7744863280893,red,119.16607185225949,False,False,False,False,,Aerospace & Defense,Aerospace & Defense,99.83883964544722,True,True,21260.65,37.28,333031,0.1753,5
SILKFLEX.NS,2026-10-05,300.1499938964844,285.1708348592122,260.7916666666667,245.25799926757813,200.8653332010905,175.90724990844726,285.6548055248523,76.0,309.04998779296875,True,True,True,True,True,True,True,True,False,221.53186802642884,noise,55.325034578146614,False,False,False,False,,Chemicals & Petrochemicals,Specialty Chemicals,98.99274778404512,True,True,85.37,0.17,23378,0.2014,5
SKYGOLD.NS,2026-10-06,857.6500244140625,808.4166717529297,804.0291680230034,781.2700012207031,577.1513330078125,516.957749633789,817.5975608767129,280.0,877.0,True,True,True,True,True,True,True,True,False,188.43114404224738,ppv,376.0753643719402,False,False,True,False,,Consumer Durables,"Gems, Jewellery And Watches",98.4286865431104,True,True,13282.76,92.71,1081012,0.698,20
SMARTLINK.NS,2026-10-06,221.89999389648438,215.86083348592123,218.8850008646647,217.8532000732422,173.59361836751302,161.64014194488524,216.51404850658008,102.34948836265465,241.80999755859375,True,True,True,True,True,True,True,True,False,48.98046931224873,red,272.6733743088883,False,False,False,False,,IT - Hardware,Computers Hardware & Equipments,87.8726833199033,True,True,221.35,0.16,7131,0.0715,5
SMLMAH.NS,2026-10-06,6135.5,6512.416666666667,5985.805555555556,5779.436005859375,4541.105952148438,4451.757053222656,6404.884067411736,2703.052088847761,6898.5,True,True,True,True,True,True,True,False,False,94.31689564418222,noise,30.215677459676975,False,False,False,False,,"Agricultural, Commercial & Construction Vehicles",Commercial Vehicles,94.43996776792909,True,True,8879.08,96.2,156800,1.0835,5
SMSPHARMA.NS,2026-10-06,472.20001220703125,471.9600143432617,413.4488059149848,401.58796752929686,395.66364237467445,379.4125381469727,468.0879071857221,257.0693828523141,494.45001220703125,True,True,True,True,True,True,True,True,False,75.79425560354451,noise,32.29958535360019,False,False,False,False,,Pharmaceuticals & Biotechnology,Pharmaceuticals,92.58662369057213,True,True,4422.25,29.16,617454,0.6593,20
SOFTTECH.NS,2026-10-06,461.54998779296875,491.0124994913737,451.7249993218316,442.28199951171877,394.9862666829427,372.5681999206543,478.5978055160401,215.0,545.0,True,True,True,True,True,True,True,False,False,27.605742940584975,noise,24.403505819297543,False,True,False,False,,IT - Software,Computers - Software & Consulting,80.98307816277196,True,True,638.88,0.23,4959,0.0358,5
SOLARINDS.NS,2026-10-06,20071.0,19431.333333333332,20222.972222222223,19806.26,17542.968873697915,16407.37630371094,19623.33081519299,11639.12322904721,22700.0,True,True,True,True,True,True,True,True,False,44.97119473347677,noise,92.18020051782474,False,False,False,False,,Chemicals & Petrochemicals,Explosives,86.74456083803385,True,True,181622.59,349.02,173894,0.1922,No Band
SOLARA.NS,2026-10-06,682.6500244140625,724.0,681.830554538303,634.135,558.837666015625,549.2285002136231,710.8821806109571,422.0,774.0,True,True,True,True,True,True,True,False,False,13.879391194056145,noise,38.38648633182104,False,False,False,False,,Pharmaceuticals & Biotechnology,Pharmaceuticals,74.77840451248993,True,True,3293.82,32.69,478820,0.9924,20
SOMANYCERA.NS,2026-10-06,625.0,609.6958312988281,571.323609246148,552.3750543212891,493.10197794596354,469.5859178161621,609.732095342346,327.89613047910154,631.7000122070312,True,True,True,True,True,True,True,True,False,36.60493253197108,ppv,67.0727308458689,False,False,True,False,,Consumer Durables,Ceramics,84.52860596293313,True,True,2563.3,10.16,162536,0.3963,20
SONACOMS.NS,2026-10-06,820.0,813.2166697184244,805.7222239176432,801.4060009765625,660.990185139974,619.3972723388672,810.2649909062609,401.87242738536247,844.0,True,True,True,True,True,True,True,True,False,99.26466454936491,noise,76.02561521159629,False,False,False,False,,Auto Components,Auto Components & Equipments,94.72199838839646,True,True,51181.96,195.72,2386838,0.3824,No Band
SONAMLTD.NS,2026-10-06,71.55000305175781,68.86083348592122,68.26083405812581,64.42698364257812,57.110111516316735,53.337571125030514,69.48667731555155,37.192837659100036,80.31999969482422,True,True,True,True,True,True,True,True,False,62.63231148983457,ppv,98.19008719870558,False,False,False,False,,Consumer Durables,Consumer Electronics,91.0556003223207,True,True,286.43,0.86,120581,0.3012,5
SOUTHBANK.NS,2026-10-06,47.22999954223633,47.826666831970215,46.52000013987223,46.397999114990235,43.03963508605957,42.43775466918945,47.74310796628268,29.797042306570436,50.68000030517578,True,True,True,True,True,True,True,False,False,53.161063757169224,red,113.79079253081565,False,False,False,False,,Banks,Private Sector Bank,89.20225624496373,True,True,12371.92,61.76,13077487,0.4992,20
SPECTRUM.NS,2026-10-06,3915.89990234375,3537.2000122070312,2812.3777940538193,2705.64201171875,1930.1280029296875,1755.7670025634766,3632.9134065144076,1050.0,3980.0,True,True,True,True,True,True,True,True,False,188.7406019267344,ppv,99.1965423175264,False,True,True,False,,Industrial Manufacturing,Industrial Products,98.46897663174859,True,True,6691.28,14.95,38185,0.2235,5
LOTUSDEV.NS,2026-10-06,244.72999572753906,223.1050122578939,201.01640531751843,196.20907684326173,157.68144307454426,155.65979846954346,227.21898727365897,101.81956678755641,248.10000610351562,True,True,True,True,True,True,True,True,False,31.712806645530044,noise,75.99014961449753,False,False,True,False,,Realty,"Residential, Commercial Projects",82.39323126510878,True,True,11960.54,64.0,2615177,0.5351,5
SSFL.NS,2026-10-05,286.0,286.81250254313153,268.39444647894965,263.0490017700195,198.52400110880535,178.9537508392334,285.1904788743261,86.0,329.29998779296875,True,True,True,True,True,True,True,True,False,83.39211644545254,noise,50.64456721915286,False,False,False,False,,Food Products,Other Food Products,93.35213537469782,True,True,238.64,0.39,13848,0.1616,5
SETL.NS,2026-10-06,428.29998779296875,415.84999593098956,391.1833326551649,361.2879986572266,234.13873275756836,208.8456495666504,420.559376052697,104.55999755859375,468.1499938964844,True,True,True,True,True,True,True,True,False,133.5587176293677,noise,46.794444933939154,False,True,False,False,,Industrial Manufacturing,Industrial Products,96.97824335213538,True,True,8544.23,40.86,954086,0.4783,5
STEELXIND.NS,2026-10-06,11.460000038146973,11.321666797002157,11.202777809566921,11.169799995422363,10.727600015004477,10.144750010967254,11.315671821003711,7.0,13.949999809265137,True,True,True,True,True,True,True,True,False,10.298360533855666,noise,79.76478710347857,False,False,False,False,,Industrial Products,Iron & Steel Products,72.44157937147462,True,True,1461.74,5.62,4904075,0.3845,20
SSWL.NS,2026-10-06,424.70001220703125,388.7177098592122,352.83824920654297,340.9204425048828,259.4853811645508,245.9063105773926,395.7634693801218,168.30510470665126,434.0,True,True,True,True,True,True,True,True,False,88.06382800026785,green,145.45095259305555,False,False,True,False,,Auto Components,Auto Components & Equipments,94.15793714746172,True,True,6679.05,77.72,1829921,1.1636,20
STEELCAS.NS,2026-10-06,369.6000061035156,357.58333587646484,342.3125008477105,338.4294287109375,297.71070576985676,276.6546640014648,360.11567016629624,175.13958500232704,390.8999938964844,True,True,True,True,True,True,True,True,False,66.89861397998189,noise,49.09505090850029,False,False,False,False,,Industrial Products,Castings & Forgings,91.57937147461725,True,True,3740.35,5.76,155954,0.1541,20
STLTECH.NS,2026-10-06,1016.7000122070312,892.6458282470703,796.1569451226128,744.5140014648438,521.8970662434896,421.8396495056152,926.2913540544528,84.5999984741211,1051.0999755859375,True,True,True,True,True,True,True,True,False,751.1511412156574,green,176.77312248175733,False,False,True,False,,Telecom -  Equipment & Accessories,Telecom -  Equipment & Accessories,99.9597099113618,True,True,52264.22,207.11,2037084,0.3963,5
STLNETWORK.NS,2026-10-06,47.08000183105469,48.79333368937174,36.67277797063192,33.40500015258789,27.823266716003417,26.155050067901612,46.9952802360483,15.75,56.5,True,True,True,True,True,True,True,True,False,62.79392014817697,green,129.7911411155852,False,False,False,False,,Telecom - Services,Other Telecom Services,91.17647058823529,True,True,2298.78,18.16,3856347,0.7898,5
STOVEKRAFT.NS,2026-10-06,813.4500122070312,812.3875071207682,814.831300523546,804.3753979492187,676.3170373535156,639.4586367797851,811.2826182932403,445.1867339957378,873.3447454599583,True,True,True,True,True,True,True,True,False,19.958083506260248,ppv,72.23665771275901,False,False,False,False,,Consumer Durables,Household Appliances,78.1627719580983,True,True,2693.12,16.4,201666,0.6091,20
STAR.NS,2026-10-06,1088.699951171875,1165.6250101725261,1103.250001695421,1076.9760900878907,1050.2511783854168,1008.4212884521485,1133.7372811389664,765.0675335548549,1260.9000244140625,True,True,True,True,True,True,True,False,False,31.135100856104092,noise,33.12891866456239,False,False,False,False,,Pharmaceuticals & Biotechnology,Pharmaceuticals,82.1917808219178,True,True,10034.84,38.31,351926,0.3818,20
SUBEXLTD.NS,2026-10-06,19.59000015258789,20.153333346048992,18.856388807296753,17.28019994735718,12.631466658910115,12.06314996957779,19.8617995789306,6.610000133514404,22.799999237060547,True,True,True,True,True,True,True,False,False,62.16887645954407,noise,46.84850619567029,False,True,False,False,,IT - Software,Software Products,90.97502014504431,True,True,1086.96,15.24,7777689,1.4018,20
SUNFLAG.NS,2026-10-06,459.04998779296875,421.374994913737,369.7648866441515,369.0102880859375,333.0984680175781,312.8175930786133,430.5538872923359,191.59368881133625,473.0,True,True,True,True,True,True,True,True,False,72.8488252039158,ppv,163.87144686077733,False,False,False,False,,Industrial Products,Iron & Steel Products,92.34488315874295,True,True,8272.97,16.64,362424,0.2011,5
SEL.NS,2026-10-05,320.0,340.77916717529297,325.3541675143772,304.1420007324219,227.0596669514974,220.91050033569337,330.44704278351105,115.25,385.3999938964844,True,True,True,True,True,True,True,False,False,33.33333333333333,dry,15.174506828528072,False,True,False,False,,Electrical Equipment,Other Electrical Equipment,82.87671232876713,True,True,83.5,0.22,6239,0.2691,5
SUPREMEENG.NS,2026-10-06,4.400000095367432,3.9774999817212424,3.2433333330684238,2.9473999977111816,1.7705999978383382,1.638199998140335,4.06158101361254,0.6800000071525574,4.400000095367432,True,True,True,True,True,True,True,True,False,411.62790955563634,ppv,49.20538758992638,False,False,True,False,,Industrial Products,Iron & Steel Products,99.79854955680902,True,True,109.98,0.15,332260,0.1329,2
SUPRIYA.NS,2026-10-06,915.3499755859375,951.4083302815756,877.6104821099175,874.0288537597656,799.7452620442708,776.712021484375,936.4198229266008,544.8526903164613,1083.7124081428149,True,True,True,True,True,True,True,False,False,25.35049775462115,noise,53.006262335651854,False,True,False,False,,Pharmaceuticals & Biotechnology,Pharmaceuticals,80.13698630136986,True,True,7366.99,32.14,351096,0.4362,20
SURAKSHA.NS,2026-10-06,332.0,348.2333297729492,335.33888753255206,314.5679998779297,286.62159942626954,283.46744926452635,343.05415381625926,224.10000610351562,360.0,True,True,True,True,True,True,True,False,False,10.962562317769176,noise,28.93214574468374,False,False,False,False,,Healthcare Services,Healthcare Service Provider,73.00564061240935,True,True,1729.08,5.46,164517,0.3159,20
SWANDEF.NS,2026-10-06,2760.199951171875,2721.1499837239585,2559.191657172309,2545.7219970703127,2191.6200048828123,2064.7729998779296,2715.625648217872,605.9500122070312,2804.89990234375,True,True,True,True,True,True,True,True,False,355.51611445942416,green,101.78967971842606,False,False,False,False,,Industrial Manufacturing,Ship Building & Allied Services,99.71796937953263,True,True,14541.33,5.83,21112,0.0401,5
SWARAJ.NS,2026-10-06,354.70001220703125,336.65416717529297,348.2249984741211,352.46899963378905,308.63600067138674,297.40950073242186,353.0352391859356,160.0,395.0,True,True,True,True,True,True,True,True,False,113.73908932198292,dry,19.462827944161166,False,False,False,False,,Textiles & Apparels,Other Textile Products,96.13215149073328,True,True,937.06,5.91,166517,0.6303,5
SYNCOMF.NS,2026-10-06,23.219999313354492,21.988705158233643,19.615159379111397,17.97673049926758,14.979305744171143,14.57422740459442,22.612970742455726,10.159950837625136,27.489999771118164,True,True,True,True,True,True,True,True,False,41.93662758404877,noise,81.21398497454526,False,True,False,False,,Pharmaceuticals & Biotechnology,Pharmaceuticals,86.14020950846091,True,True,2182.68,33.41,14386608,1.5305,20
SGIL.NS,2026-10-06,603.2000122070312,631.3458251953125,600.4847191704644,599.2749987792969,562.8373345947266,550.7807518005371,624.4304471524761,420.0,697.9500122070312,True,True,True,True,True,True,True,False,False,13.61838095086998,noise,34.95995715854666,False,True,False,False,,Industrial Products,Castings & Forgings,74.49637389202256,True,True,937.07,0.76,12518,0.0806,20
SYRMA.NS,2026-10-06,1685.0999755859375,1721.6583455403645,1580.6527879503037,1535.0719116210937,1235.4309875488282,1118.6397750854492,1702.0002261060856,633.8515990037583,1822.5999755859375,True,True,True,True,True,True,True,False,False,106.2509968466216,noise,40.34646193361983,False,False,False,False,,Industrial Manufacturing,Industrial Products,95.40692989524577,True,True,32459.23,295.41,1753044,0.9101,20
TBZ.NS,2026-10-06,608.8499755859375,637.2749938964844,477.67956161499023,419.3107791137695,249.84619639078775,227.45774543762207,616.4504879821628,109.74685890423396,698.5999755859375,True,True,True,True,True,True,True,False,False,228.34933197566164,dry,16.42771397619083,False,False,False,False,,Consumer Durables,"Gems, Jewellery And Watches",99.03303787268331,True,True,4062.89,174.12,2859840,4.2856,5
TNPETRO.NS,2026-10-06,126.02999877929688,126.72249984741211,123.87000931633844,116.9791177368164,97.96962727864583,97.56530746459961,125.74629867318008,77.74606367099086,145.26368311165538,True,True,True,True,True,True,True,True,False,11.144973945966562,noise,42.14531777987412,False,True,False,False,,Chemicals & Petrochemicals,Petrochemicals,73.08622078968574,True,True,1133.91,18.3,1452231,1.6141,20
TALBROAUTO.NS,2026-10-06,429.45001220703125,448.00417073567706,427.172863430447,424.16364196777346,358.58967447916666,336.1374370574951,434.3504845586899,219.6121671693998,485.79998779296875,True,True,True,True,True,True,True,False,False,46.99177612972847,noise,51.1150182648954,False,False,False,False,,Auto Components,Auto Components & Equipments,87.30862207896858,True,True,2650.92,10.29,239562,0.3881,20
TARSONS.NS,2026-10-06,331.6499938964844,330.68333435058594,330.8291659884983,327.3559997558594,261.0401331583659,248.53219985961914,329.7841547857921,164.4499969482422,375.0,True,True,True,True,True,True,True,True,False,10.697592503350982,noise,30.883076270414243,False,False,False,False,,Healthcare Equipment & Supplies,Medical Equipment & Supplies,72.72360999194198,True,True,1764.59,23.56,710391,1.3352,20
TATVA.NS,2026-10-06,1877.4000244140625,1776.574971516927,1683.7753261990017,1698.2637817382813,1402.3140657552083,1365.814006958008,1780.508235855106,1025.2626551582448,1900.0,True,True,True,True,True,True,True,True,False,81.24248587208429,green,202.1253320160961,False,False,True,False,,Chemicals & Petrochemicals,Specialty Chemicals,93.15068493150685,True,True,4391.62,28.68,152758,0.653,20
TCPLPACK.NS,2026-10-06,4007.89990234375,3983.675008138021,3955.9888780381943,3794.727021484375,3048.5966959635416,2989.605030517578,3986.502257259806,2183.081091821615,4410.89990234375,True,True,True,True,True,True,True,True,False,18.545426763617236,dry,12.76440554339898,False,True,False,False,,Industrial Products,Packaging,77.43755036261079,True,True,3639.54,7.24,18057,0.1988,20
TDPOWERSYS.NS,2026-10-06,816.0,771.7791697184244,759.7194434271919,723.5616906738281,608.7599381510416,551.0396977233887,784.033016402583,290.7108095718568,856.0999755859375,True,True,True,True,True,True,True,True,False,158.57060493984986,noise,84.63787628785337,False,True,True,False,,Electrical Equipment,Heavy Electrical Equipment,97.82433521353747,True,True,25598.48,229.69,2814812,0.8973,20
TEXINFRA.NS,2026-10-06,125.41999816894531,118.34083302815755,114.61059464348688,114.07701904296874,105.18577234903971,103.34454448699951,119.46214110418259,82.39240445413874,126.58999633789062,True,True,True,True,True,True,True,True,False,30.098191032060374,ppv,235.6401256638206,False,False,True,False,,Commercial Services & Supplies,Diversified Commercial Services,81.74858984689767,True,True,1598.18,2.58,205604,0.1614,20
TCL.NS,2026-10-05,139.3000030517578,132.59166717529297,129.88333320617676,126.15899978637695,107.39899988810221,104.31774990081787,133.32014907215913,74.05000305175781,147.4499969482422,True,True,True,True,True,True,True,True,False,12.930688913614418,noise,62.76150627615063,False,False,False,False,,Auto Components,Auto Components & Equipments,74.2143432715552,True,True,472.22,1.06,54703,0.2247,20
PKTEA.NS,2026-10-06,983.2000122070312,994.3083292643229,900.3295254177517,841.9414282226562,804.6891520182292,793.8667654418946,1003.785577822086,604.5074679843734,1168.0482306051329,True,True,True,True,True,True,True,False,False,17.6682993711087,dry,17.022693141367792,False,False,False,False,,Agricultural Food & other Products,Tea & Coffee,76.99435938759065,True,True,304.39,0.4,4108,0.1327,5
TI.NS,2026-10-06,547.7999877929688,564.7916666666666,555.3528459337023,538.7103271484375,473.8864339192708,465.4262585449219,552.6868222847764,380.8184953584051,607.7999877929688,True,True,True,True,True,True,True,False,False,15.669595859989238,ppv,246.4098868912168,False,False,False,False,,Beverages,Breweries & Distilleries,75.82594681708301,True,True,13579.85,47.68,870305,0.3511,20
TIRUPATIFL.NS,2026-10-06,72.19000244140625,74.95416768391927,70.38500044080946,70.52240020751952,56.04653330485026,50.83919992446899,74.22717292888798,30.110000610351562,83.9000015258789,True,True,True,True,True,True,True,False,False,103.18042477240654,red,151.36828446923957,False,False,False,False,,Industrial Products,Castings & Forgings,95.08460918614021,True,True,914.14,3.34,462970,0.3656,2
TFCILTD.NS,2026-10-06,140.64999389648438,140.21416473388672,139.27166578504773,131.26994934082032,92.90577112833658,86.51979284286499,139.98011695521734,50.73462828916926,148.5,True,True,True,True,True,True,True,True,False,87.86296063313405,noise,24.476875748555013,False,False,False,False,,Finance,Financial Institution,94.11764705882352,True,True,6511.77,195.89,13927716,3.0083,20
UYFINCORP.NS,2026-10-06,22.950000762939453,20.671666781107586,20.158055570390488,20.035000038146972,16.306800015767415,15.712450017929077,21.51681698693219,11.5,24.200000762939453,True,True,True,True,True,True,True,True,False,53.3066155882874,red,128.19129693924697,False,False,False,False,,Finance,Non Banking Financial Company (NBFC),89.28283642224014,True,True,436.6,0.81,352344,0.1852,5
UFLEX.NS,2026-10-06,641.25,653.1458384195963,648.5249989827474,602.3699993896485,480.86497884114584,478.8872952270508,649.5918103669846,327.7149659167901,723.5,True,True,True,True,True,True,True,False,False,16.650935545557168,dry,14.457305603547399,False,False,False,False,,Industrial Products,Packaging,76.34971796937954,True,True,4630.56,35.41,552273,0.7648,20
UGARSUGAR.NS,2026-10-06,59.2599983215332,58.03833325703939,55.22305552164713,52.058999938964845,44.14046391805013,42.766600074768064,57.93549715684738,33.66863560404256,66.7699966430664,True,True,True,True,True,True,True,True,False,37.66675906689008,dry,17.72799592105334,False,False,False,False,,Agricultural Food & other Products,Sugar,85.01208702659146,True,True,666.67,5.96,1005705,0.894,5
UNICHEMLAB.NS,2026-10-06,548.0999755859375,547.1291758219401,541.5777808295356,535.9860028076172,445.7959999593099,434.06600021362306,544.3720066621128,278.20001220703125,687.2000122070312,True,True,True,True,True,True,True,True,False,12.546196218878336,noise,21.674759490206196,False,False,False,False,,Pharmaceuticals & Biotechnology,Pharmaceuticals,73.81144238517324,True,True,3858.94,25.53,465736,0.6615,20
UNIMECH.NS,2026-10-06,1873.0999755859375,1731.9833272298176,1593.3861117892795,1528.7440014648437,1182.1913387044272,1114.059253845215,1751.6141362038888,695.0,1901.0,True,True,True,True,True,True,True,True,False,97.1891701699179,green,102.05232207985419,False,False,True,False,,Aerospace & Defense,Aerospace & Defense,94.64141821112007,True,True,9534.45,46.44,247923,0.4871,10
UNITEDPOLY.NS,2026-10-06,48.4900016784668,46.58999983469645,41.620555347866485,38.42959980010986,32.99013328552246,31.54484992980957,46.77479183997066,20.600000381469727,50.22999954223633,True,True,True,True,True,True,True,True,False,8.28495533788438,ppv,293.2244564896559,False,True,True,False,,Textiles & Apparels,Other Textile Products,70.74939564867043,True,True,1112.92,0.91,188210,0.082,20
UNIVCABLES.NS,2026-10-06,1649.199951171875,1490.5,1544.1805521647136,1537.7,1172.7560083007813,1070.5741250610351,1507.152878412938,573.9009093095138,1774.9000244140625,True,True,True,True,True,True,True,True,False,133.34491688685205,ppv,204.01144041288282,False,False,False,False,,Industrial Products,Cables - Electricals,96.93795326349718,True,True,5721.96,27.04,163958,0.4726,20
USHAMART.NS,2026-10-06,516.7000122070312,513.2000020345052,501.85416836208765,502.12515625,474.57181070963543,461.9818524169922,506.7718692182815,377.1664104167085,542.5999755859375,True,True,True,True,True,True,True,True,False,15.466752995626965,green,104.7063315306451,False,False,False,False,,Industrial Products,Iron & Steel Products,75.58420628525383,True,True,15728.36,37.21,720143,0.2366,20
UTTAMSUGAR.NS,2026-10-06,302.79998779296875,278.46666463216144,286.970767127143,274.8033438110352,247.42288096110025,241.40032043457032,285.3967302666122,179.49677310650335,356.11921220364263,True,True,True,True,True,True,True,True,False,17.28071249615255,ppv,102.18079334739367,False,False,False,False,,Agricultural Food & other Products,Sugar,76.75261885576148,True,True,1154.82,10.11,333862,0.8754,20
VALIANTLAB.NS,2026-10-06,124.37000274658203,123.96500142415364,112.20083385043674,99.36680038452148,77.59520016988118,74.15845014572143,123.51821032208706,49.5099983215332,132.25,True,True,True,True,True,True,True,True,False,48.60795688667474,noise,52.35958248959166,False,True,False,False,,Pharmaceuticals & Biotechnology,Pharmaceuticals,87.67123287671232,True,True,675.48,1.33,106869,0.1968,5
VALIANTORG.NS,2026-10-06,496.79998779296875,439.00833384195965,367.3708326551649,346.2509991455078,294.2756010945638,284.5752006530762,451.0861220725658,195.0,503.0,True,True,True,True,True,True,True,True,False,48.7425113152601,green,293.6412945973246,False,False,True,False,,Chemicals & Petrochemicals,Specialty Chemicals,87.75181305398871,True,True,1392.76,3.28,65934,0.2352,20
VSSL.NS,2026-10-06,389.75,402.2666651407878,378.20032840304907,361.4977490234375,296.35367513020833,288.34939674377443,395.89741785520346,204.38240429135575,428.25,True,True,True,True,True,True,True,False,False,33.967836376929725,dry,12.34960319588558,False,False,False,False,,Industrial Products,Iron & Steel Products,83.23932312651088,True,True,3768.32,12.82,328995,0.3403,20
VENKEYS.NS,2026-10-06,1694.800048828125,1648.0416768391926,1632.6339552137588,1604.1440869140624,1491.6566805013022,1487.122356567383,1650.0833676016314,1158.1739984615053,1814.9000244140625,True,True,True,True,True,True,True,True,False,13.796730764439058,noise,49.29800598547167,False,False,False,False,,Food Products,Meat Products including Poultry,74.73811442385173,True,True,2387.52,14.61,86182,0.6118,20
VENUSPIPES.NS,2026-10-06,2240.300048828125,2205.7916666666665,1890.828097873264,1813.9223193359376,1522.85080851237,1422.752600402832,2177.2113223877172,889.7209805823545,2347.89990234375,True,True,True,True,True,True,True,True,False,71.00513633979975,noise,37.78779396975543,False,False,False,False,,Industrial Products,Iron & Steel Products,92.14343271555198,True,True,4641.03,41.39,184747,0.8918,20
VENUSREM.NS,2026-10-06,1746.699951171875,1699.6333109537761,1670.7638821072048,1646.7408935546875,1387.1994291178385,1227.1242449951171,1726.645292452154,429.33492425788785,2031.2182849222206,True,True,True,True,True,True,True,True,False,287.2561595026092,noise,57.905882904849726,False,False,False,False,,Pharmaceuticals & Biotechnology,Pharmaceuticals,99.31506849315068,True,True,2337.55,7.0,40080,0.2995,5
VERA.NS,2026-10-05,86.25,86.25,86.13611115349664,83.92800003051758,73.93900024414063,72.9297505569458,86.24321838344142,65.55000305175781,86.25,True,True,True,True,True,True,True,True,False,26.83823529411764,dry,0.0,False,False,True,False,,Textiles & Apparels,Other Textile Products,80.78162771958098,True,True,33.93,0.01,1272,0.0258,5
VETO.NS,2026-10-06,138.5399932861328,142.42333221435547,131.07871988084582,128.3332829284668,118.86553359985352,115.43915012359619,139.8639809448178,81.72841067043677,155.89999389648438,True,True,True,True,True,True,True,False,False,20.39931643353561,green,105.33973431690238,False,True,False,False,,Consumer Durables,Consumer Electronics,78.2836422240129,True,True,264.82,0.7,50340,0.2634,20
VIJAYA.NS,2026-10-06,1466.699951171875,1497.7333170572917,1490.9737921820747,1464.5047094726563,1272.9558748372397,1204.6307141113282,1471.3740945062264,846.8252647277601,1593.5999755859375,True,True,True,True,True,True,True,False,False,45.1749167659957,noise,76.26045862321234,False,False,False,False,,Healthcare Services,Healthcare Service Provider,86.86543110394844,True,True,15106.67,26.61,181444,0.1762,20
VILINBIO.NS,2026-10-05,53.75,54.39999961853027,51.18611092037625,48.66199981689453,44.36133331298828,40.32349996566772,54.82774760857359,18.950000762939453,60.95000076293945,True,True,True,True,True,True,True,False,False,108.33333949402034,noise,21.73913043478261,False,False,False,False,,Pharmaceuticals & Biotechnology,Pharmaceuticals,95.68896051571313,True,True,27.45,0.03,16727,0.1097,5
VINDHYATEL.NS,2026-10-06,2829.699951171875,2718.8416544596353,2651.624986436632,2553.703986816406,1945.187313232422,1766.3003887939453,2689.3623537272915,960.833530571369,2952.60009765625,True,True,True,True,True,True,True,True,False,106.64854684387831,ppv,151.1561831685259,False,False,False,False,,Construction,Civil Construction,95.52780016116036,True,True,3353.44,21.58,76260,0.6435,20
VISHNU.NS,2026-10-06,695.5499877929688,693.0250091552734,678.7874738905165,656.6923498535157,602.6658902994792,582.4472961425781,682.4467386684785,459.9792127586884,744.0,True,True,True,True,True,True,True,True,False,46.31704997045962,ppv,169.5825125769913,False,False,False,False,,Chemicals & Petrochemicals,Specialty Chemicals,87.0668815471394,True,True,4682.11,9.1,130808,0.1943,20
VIVO.NS,2026-10-05,147.0,150.71250279744467,152.9763904147678,140.65300079345704,97.86833343505859,92.48800006866455,150.3563981157413,70.30000305175781,164.0,True,True,True,True,True,True,True,False,False,108.51063829787235,noise,61.72839506172839,False,False,False,False,,Telecom - Services,Other Telecom Services,95.72925060435134,True,True,16.32,0.02,1963,0.0974,5
WELCORP.NS,2026-10-06,2660.89990234375,2707.0249837239585,2531.330559624566,2324.442004394531,1608.3349922688801,1402.5506866455078,2651.9160445132675,707.6502693631002,2900.0,True,True,True,True,True,True,True,True,False,206.26767735416644,noise,85.6114550827609,False,False,False,False,,Industrial Products,Iron & Steel Products,98.79129734085414,True,True,70168.98,536.24,2015273,0.7642,20
WELENT.NS,2026-10-06,718.2999877929688,755.9833323160807,724.5416649712456,685.2609985351562,575.3877705891927,553.4482926940918,741.6458212324903,409.9812045484441,841.9000244140625,True,True,True,True,True,True,True,False,False,31.878507458672487,noise,21.594895248507946,False,False,False,False,,Construction,Civil Construction,82.47381144238517,True,True,9741.14,43.3,602807,0.4445,20
WELINV.NS,2026-10-06,2440.0,2439.433308919271,2256.975002712674,2147.342001953125,1780.434668782552,1659.2965014648437,2438.4951430715623,1000.0999755859375,2500.0,True,True,True,True,True,True,True,True,False,139.40345082181574,dry,0.3688154263198982,False,False,False,False,,Finance,Investment Company,97.42143432715552,True,True,894.64,0.61,2506,0.0683,2
WELSPUNLIV.NS,2026-10-06,237.86000061035156,227.92583338419595,208.81194432576498,195.5261996459961,158.28491180419923,151.3989444732666,229.60716729914913,107.03568289025932,244.88999938964844,True,True,True,True,True,True,True,True,False,105.9561552226564,noise,67.14743149012547,False,True,False,False,,Textiles & Apparels,Other Textile Products,95.36663980660758,True,True,22393.21,133.17,5598774,0.5947,20
WSTCSTPAPR.NS,2026-10-06,753.0499877929688,738.0208333333334,681.4611087375217,654.5824975585938,540.0185184733073,508.22023178100585,730.1105152984344,373.1221844471916,777.0,True,True,True,True,True,True,True,True,False,50.794956998036646,noise,87.45518417205977,False,False,False,False,,"Paper, Forest & Jute Products",Paper & Paper Products,88.35616438356165,True,True,4973.81,21.36,283608,0.4294,20
WHEELS.NS,2026-10-06,2289.0,2227.3166707356772,1918.7222425672744,1774.7080126953124,1467.5754935709635,1309.4931051635742,2224.7290637008896,697.4556123989075,2498.0,True,True,True,True,True,True,True,True,False,167.16061575706527,noise,28.784239974718922,False,False,False,False,,Auto Components,Auto Components & Equipments,98.06607574536665,True,True,6148.79,77.8,339881,1.2653,10
WINDLAS.NS,2026-10-06,1036.199951171875,1084.5416870117188,1066.9458380805122,1016.7900036621094,878.5956176757812,856.8666116333007,1071.7571353922096,692.1704627016716,1181.9000244140625,True,True,True,True,True,True,True,False,False,13.339712507237667,noise,41.1611792539547,False,False,False,False,,Pharmaceuticals & Biotechnology,Pharmaceuticals,74.37550362610797,True,True,2138.33,14.79,142711,0.6916,20
WOCKPHARMA.NS,2026-10-06,2176.39990234375,2180.1249796549478,2065.7833285861543,2032.6779956054688,1765.3246590169272,1672.772992553711,2141.475170322014,1086.699951171875,2422.300048828125,True,True,True,True,True,True,True,True,False,52.77270389174318,noise,93.21677286889316,False,False,False,False,,Pharmaceuticals & Biotechnology,Pharmaceuticals,89.08138597904916,True,True,35364.79,188.42,865732,0.5328,20
YASHO.NS,2026-10-06,4282.7998046875,4072.9999796549478,4165.249979654948,4105.451752929687,2760.8794555664062,2414.9794177246094,4098.105319470535,1129.8189394012777,4994.0,True,True,True,True,True,True,True,True,False,159.68391046426797,noise,50.62013899693216,False,False,False,False,,Chemicals & Petrochemicals,Specialty Chemicals,97.90491539081387,True,True,5163.81,23.07,53858,0.4467,20
YATHARTH.NS,2026-10-06,1058.800048828125,1088.7583312988281,1004.0999976264106,961.2928820800781,843.0305891927084,796.1973999023437,1057.2198623937352,537.9315639475303,1184.0,True,True,True,True,True,True,True,True,False,39.324937396710304,noise,63.866602991985765,False,False,False,False,,Healthcare Services,Hospital,85.49556809024979,True,True,10202.0,53.74,507525,0.5267,20
ZIMLAB.NS,2026-10-06,138.57000732421875,136.32666778564453,129.63166745503744,124.78820053100586,105.29400044759115,96.96770038604737,136.7241498935274,59.310001373291016,144.49000549316406,True,True,True,True,True,True,True,True,False,93.39847086279454,noise,63.17594527571675,False,False,False,False,,Pharmaceuticals & Biotechnology,Pharmaceuticals,94.3593875906527,True,True,743.55,1.1,79465,0.1481,20
ZYDUSLIFE.NS,2026-10-06,1159.5,1171.6083374023438,1146.411112467448,1142.927998046875,1053.0000467936197,1015.399508972168,1162.8407527279446,834.749872350541,1232.0999755859375,True,True,True,True,True,True,True,False,False,16.678421161407144,green,102.6014164274806,False,False,False,False,,Pharmaceuticals & Biotechnology,Pharmaceuticals,76.39000805801773,True,True,115660.57,167.73,1446588,0.145,No Band
