symbol,date,close,MA12,MA36,MA50,MA150,MA200,EMA10,52w_low,52w_high,cond1_price_above_150_200,cond2_ma150_above_ma200,cond3_ma200_trending_up_1m,cond4_ma50_above_150_200,cond5_price_above_ma50,cond6_30pct_above_52w_low,cond7_within_25pct_52w_high,cond9_price_above_ema10,fresh_ma12_cross_today,12m_return_pct,volume_signal,relative_volume,bull_snort,inside_bar,is_52w_high,is_52w_low,data_source,industry_group,industry,rs_percentile,cond8_rs_at_least_70,all_conditions_met
20MICRONS.NS,2026-09-22,216.4499969482422,213.28666559855142,205.69750001695422,205.25063537597657,185.82647705078125,186.60115951538086,212.3202743846552,128.8197409252814,236.00219585750858,True,False,True,True,True,True,True,True,False,-5.449637665969087,noise,78.82632540957447,False,True,False,False,,Minerals & Mining,Industrial Minerals,58.05668016194332,False,False
21STCENMGM.NS,2026-09-22,39.619998931884766,38.789999643961586,41.17583306630453,39.91999984741211,35.36173336029053,37.52850003242493,39.11078809455938,28.25,54.470001220703125,True,False,False,True,False,True,False,True,False,-25.693925058797994,noise,33.765532144786604,False,False,False,False,,Capital Markets,Other Capital Market related Services,34.2914979757085,False,False
360ONE.NS,2026-09-22,1073.5,1082.4583333333333,1147.0055541992188,1139.1880004882812,1093.4827062988281,1105.560015563965,1082.3380469677254,900.8207868154223,1229.0652744329707,False,False,False,True,False,False,True,False,False,0.4092475351008318,noise,36.50173041690537,False,False,False,False,,Capital Markets,Stockbroking & Allied,63.96761133603239,False,False
3BBLACKBIO.NS,2026-09-22,,,,,,,,,,False,False,False,False,False,False,False,False,False,,noise,,False,False,False,False,,Healthcare Services,Healthcare Service Provider,,False,False
3IINFOLTD.NS,2026-09-22,26.030000686645508,23.90916681289673,24.314444647894966,23.255400085449217,18.59406666437785,17.898850016593933,24.66331451735669,12.680000305175781,27.799999237060547,True,True,True,True,True,True,True,True,False,9.768942744104336,noise,47.40756716209267,False,True,False,False,,IT - Software,Computers - Software & Consulting,71.90283400809716,True,True
3MINDIA.NS,2026-09-22,34220.0,33038.333333333336,34115.13888888889,34430.688984375,33150.905598958336,33492.62944335937,33409.879997486416,28319.862583025053,37487.09942436396,True,False,False,True,False,False,True,True,False,14.743301040255407,red,105.76857854394991,False,False,False,False,,Diversified,Diversified,75.26315789473685,True,False
3PLAND.NS,2026-09-22,30.739999771118164,31.507500171661377,31.84333324432373,31.86459991455078,32.50813334147136,33.48185001373291,31.344389674835952,28.510000228881836,46.79999923706055,False,False,False,False,False,False,False,False,False,-32.73523138308817,red,1421.742303609342,False,False,False,False,,Finance,Investment Company,24.93927125506073,False,False
5PAISA.NS,2026-09-22,315.29998779296875,324.4458312988281,355.9222200181749,358.79599853515623,333.7167999267578,335.50210006713866,322.8563091358169,245.5,416.95001220703125,False,False,False,True,False,False,True,False,False,-13.993458116872336,dry,17.03297596083858,False,True,False,False,,Capital Markets,Stockbroking & Allied,48.421052631578945,False,False
63MOONS.NS,2026-09-22,841.75,874.9340006510416,831.5032128228081,811.3269409179687,692.8638916015625,692.721107788086,866.3522590461846,465.91898526941185,955.732564747902,True,True,False,True,True,True,True,False,False,-7.8423805788384815,red,188.72383014851982,False,False,False,False,,IT - Software,Computers - Software & Consulting,55.1417004048583,False,False
ABB.NS,2026-09-22,7120.5,7239.75,7451.817355685764,7419.031240234375,6880.487249348958,6453.8849194335935,7219.4790013707,4564.870705303207,7832.294844565128,True,True,True,True,False,True,True,False,False,34.88831659144394,noise,66.03963210962974,False,False,False,False,,Electrical Equipment,Heavy Electrical Equipment,84.5748987854251,True,False
ABINFRA.NS,2026-09-22,12.25,11.491758505503336,11.41776082250807,11.059914817810059,13.291055266062418,14.701635613441468,11.640880811570408,8.815425818131171,23.547783127075487,False,False,False,False,True,True,False,True,False,-36.62676678327554,dry,7.779447102082488,False,False,False,False,,Construction,Civil Construction,20.283400809716596,False,False
ABLBL.NS,2026-09-22,80.73999786376953,83.0091667175293,86.48085572984483,88.68493026733398,96.29322596232096,101.49695568084717,82.3840841722712,80.55000305175781,149.99351685072722,False,False,False,False,False,False,False,False,False,-43.08740833702075,noise,42.35235960365178,False,False,False,True,,Retailing,Speciality Retail,14.210526315789473,False,False
ABMINTLLTD.NS,2026-09-22,48.02000045776367,52.190833727518715,53.15527778201633,50.164400024414064,45.78806678771973,44.8015500831604,51.15885954132225,34.0,72.80000305175781,True,True,True,True,False,True,False,False,False,15.23878705987254,noise,30.502012285532725,False,False,False,False,,Commercial Services & Supplies,Trading & Distributors,75.66801619433198,True,False
ABREL.NS,2026-09-22,1201.0999755859375,1284.6749979654949,1356.8194512261284,1373.4219995117187,1325.1944588216145,1374.4534375,1265.196560450796,1078.220335805519,1914.662302982172,False,False,False,False,False,False,False,False,False,-36.46333631103937,red,113.06954470480707,False,False,False,False,,Realty,"Residential, Commercial Projects",20.48582995951417,False,False
AEROPLANE.NS,2026-09-22,,,,,,,,,,False,False,False,False,False,False,False,False,False,,green,122.72906925210772,False,False,False,False,,Agricultural Food & other Products,Other Agricultural Products,,False,False
AGUL.NS,2026-09-21,45.75,46.16250038146973,50.844445122612846,52.80800048828125,61.85100039164225,63.308750286102295,46.112825889572285,43.650001525878906,86.0,False,False,False,False,False,False,False,False,False,-30.681818181818176,dry,0.0,False,False,False,True,,Industrial Products,Iron & Steel Products,27.48987854251012,False,False
AKCAPIT.NS,2026-09-22,,,,,,,,,,False,False,False,False,False,False,False,False,False,,noise,,False,False,False,False,,Finance,Non Banking Financial Company (NBFC),,False,False
A2ZINFRA.NS,2026-09-22,14.729999542236328,15.149166663487753,15.705277681350708,14.993799953460693,15.306266606648762,15.2024999666214,15.055166401661769,12.0,19.389999389648438,False,True,False,False,False,False,True,False,False,-19.06593997385465,noise,24.510866165375905,False,False,False,False,,Construction,Civil Construction,43.03643724696356,False,False
AAATECH.NS,2026-09-22,93.7300033569336,91.4191665649414,92.71666696336534,92.18180038452148,94.97766657511393,96.69024993896484,91.45644359518863,76.11000061035156,136.0,False,False,False,False,True,False,False,True,False,18.48059996686311,red,334.70271525325717,False,True,False,False,,Commercial Services & Supplies,Consulting Services,77.77327935222672,True,False
AADHARHFC.NS,2026-09-22,457.8500061035156,466.2916666666667,479.4388893975152,486.7330004882813,484.20933329264324,483.29624954223635,464.04064404498286,430.1499938964844,563.0,False,True,False,True,False,False,True,False,False,-15.079294190685077,red,105.16624348465817,False,False,False,False,,Finance,Housing Finance Company,47.00404858299595,False,False
AAKASH.NS,2026-09-22,8.960000038146973,8.857500076293945,8.825000021192762,8.872999954223634,8.868133300145468,8.748899977207184,8.894613047138277,7.210000038146973,13.399999618530273,True,True,False,True,True,False,False,True,False,-10.48951215510765,noise,35.615853436973524,False,False,False,False,,Oil,Offshore Support Solution Drilling,52.388663967611336,False,False
AAREYDRUGS.NS,2026-09-22,102.5199966430664,99.43416659037273,89.32027774386935,85.84580001831054,80.84466664632161,77.63460004806518,99.6141681909772,50.310001373291016,103.98999786376953,True,True,False,True,True,True,True,True,False,45.02757547369376,ppv,187.55789142188056,False,False,True,False,,Pharmaceuticals & Biotechnology,Pharmaceuticals,87.65182186234817,True,False
AARNAV.NS,2026-09-22,,,,,,,,,,False,False,False,False,False,False,False,False,False,,dry,6.225454805652057,False,True,False,False,,Textiles & Apparels,Trading - Textile Products,,False,False
AARON.NS,2026-09-22,120.4800033569336,125.77750015258789,132.1913545396593,130.4545896911621,131.77581451416015,140.67440170288086,124.22433775329654,106.42114596713844,227.19119369856435,False,False,False,False,False,False,False,False,False,-39.00266940369257,noise,77.1350815759879,False,False,False,False,,Industrial Manufacturing,Industrial Products,17.935222672064775,False,False
AARTECH.NS,2026-09-22,51.58000183105469,50.94163513183594,49.36902470058865,48.77311264038086,46.24987309773763,46.91546636581421,50.93737018493673,33.428153740787394,64.59185693072843,True,False,False,True,True,True,True,True,False,-8.728266377561178,noise,50.455662232386466,False,False,False,False,,Electrical Equipment,Heavy Electrical Equipment,54.33198380566802,False,False
AARTIDRUGS.NS,2026-09-22,425.75,427.8333333333333,422.2472220526801,420.1879992675781,386.50800069173175,386.64238037109374,428.2426019589966,318.95001220703125,531.1493690336815,True,False,False,True,True,True,True,False,False,-17.725131049684293,noise,65.11786728543368,False,False,False,False,,Pharmaceuticals & Biotechnology,Pharmaceuticals,44.5748987854251,False,False
AARTIIND.NS,2026-09-22,496.0,490.0994008382161,508.89626057942706,503.14748046875,471.8928251139323,449.71394134521483,492.0078539748433,337.3793264159987,550.655353408149,True,True,True,True,False,True,True,True,False,27.56313924599043,noise,39.77710773776342,False,False,False,False,,Chemicals & Petrochemicals,Specialty Chemicals,82.10526315789474,True,False
AARTIPHARM.NS,2026-09-22,883.75,833.8969421386719,825.5755343967014,786.1565270996093,717.3679813639322,725.588203125,838.9408011994656,583.5851680913014,930.3444407675402,True,False,True,True,True,True,True,True,False,-1.3588621705075132,green,172.77699180371565,False,False,False,False,,Pharmaceuticals & Biotechnology,Pharmaceuticals,61.98380566801619,False,False
AARTISURF.NS,2026-09-22,514.75,521.8090362548828,546.076900906033,502.0550201416016,423.7214685058594,418.4712919616699,521.7226608753033,315.4022557916631,676.4180600635674,True,True,True,True,True,True,True,False,False,3.5177745222100487,noise,30.054513708926855,False,True,False,False,,Chemicals & Petrochemicals,Specialty Chemicals,66.3157894736842,False,False
AARVI.NS,2026-09-22,138.17999267578125,140.9125010172526,147.62321599324545,148.9375668334961,136.48459345499674,133.5742671585083,140.32579998634776,114.50170544065007,166.2392228417855,True,True,True,True,False,False,True,False,False,13.996299429607117,dry,12.624560756326767,False,True,False,False,,Commercial Services & Supplies,Diversified Commercial Services,74.69635627530364,True,False
AASTHA.NS,2026-09-22,,,,,,,,,,False,False,False,False,False,False,False,False,False,,noise,46.780715933241126,False,False,False,False,,Textiles & Apparels,Other Textile Products,,False,False
AATMAJ.NS,2026-09-21,19.25,18.90833346048991,18.754166656070286,18.70300003051758,19.558000081380207,20.234000043869017,19.024423750736005,16.700000762939453,25.5,False,False,False,False,True,False,True,True,False,-8.767774161247976,noise,60.97560975609756,False,False,False,False,,Healthcare Services,Hospital,54.25101214574899,False,False
AAVAS.NS,2026-09-22,1313.0999755859375,1293.2416585286458,1331.6000061035156,1359.4520068359375,1339.161337890625,1365.6680029296874,1296.604876330893,1060.4000244140625,1771.9000244140625,False,False,False,False,False,False,False,True,False,-21.39949749937069,red,124.00658794611974,False,False,False,False,,Finance,Housing Finance Company,40.121457489878544,False,False
ABCOTS.NS,2026-09-22,205.25,207.25666681925455,205.93111165364584,205.0302005004883,269.1354000854492,305.7453003692627,207.28084670458827,196.80999755859375,504.0,False,False,False,False,True,False,False,False,False,-52.65282583621684,noise,32.9962780283922,False,False,False,False,,Textiles & Apparels,Other Textile Products,7.165991902834008,False,False
ABAN.NS,2026-09-22,14.130000114440918,14.518333435058594,16.28833317756653,15.942599906921387,17.646066595713297,18.89144992351532,14.502962957090226,12.890000343322754,45.619998931884766,False,False,False,False,False,False,False,False,False,-68.21862256993225,noise,58.95024573384059,False,False,False,False,,Oil,Offshore Support Solution Drilling,1.8218623481781375,False,False
ABANSENT.NS,2026-09-22,,,,,,,,,,False,False,False,False,False,False,False,False,False,,noise,,False,False,False,False,,Metals & Minerals Trading,Trading - Metals,,False,False
AFSL.NS,2026-09-22,201.0,201.29750188191733,203.67944505479602,202.99140014648438,202.14813364664712,202.07210021972656,201.64895650971596,194.41000366210938,227.0,False,True,False,True,False,False,True,False,False,-5.731170223591853,noise,49.21270873024768,False,False,False,True,,Finance,Holding Company,57.81376518218624,False,False
ABBOTINDIA.NS,2026-09-22,27225.0,26100.833333333332,26636.38888888889,26925.773125,26167.815716145833,26427.917587890624,26451.94550231583,24574.941813474234,30344.924251361044,True,False,False,True,True,False,True,True,False,-8.242815556355277,noise,45.225925585855805,False,True,False,False,,Pharmaceuticals & Biotechnology,Pharmaceuticals,54.61538461538461,False,False
AILIMITED.NS,2026-09-21,16.399999618530273,19.666666666666668,21.89097197850545,26.633499870300295,34.48916660308838,34.22087494850159,18.647415218585774,16.350000381469727,47.5,False,True,False,False,False,False,False,False,False,-59.90220291763706,red,238.0952380952381,False,False,False,False,,Construction,Civil Construction,3.9271255060728745,False,False
ABMKNO.NS,2026-09-22,,,,,,,,,,False,False,False,False,False,False,False,False,False,,noise,,False,True,False,False,,IT - Software,Software Products,,False,False
ABSMARINE.NS,2026-09-21,283.79998779296875,311.5750020345052,267.8597229851617,255.2220001220703,227.6230000813802,218.7940000152588,299.06610356802184,143.0500030517578,347.75,True,True,True,True,True,True,True,False,False,52.868299016056696,noise,39.65285051623522,False,True,False,False,,Transport Services,Shipping,89.63562753036437,True,True
ACC.NS,2026-09-22,1238.199951171875,1247.9166564941406,1294.875,1314.7060034179688,1368.5183577473958,1453.9518267822266,1248.9394486218994,1219.0999755859375,1975.569036609613,False,False,False,False,False,False,False,False,False,-33.8311241671594,noise,51.04124393260114,False,False,False,False,,Cement & Cement Products,Cement & Cement Products,23.279352226720647,False,False
ACCELYA.NS,2026-09-22,1118.800048828125,1119.8583374023438,1130.7972242567275,1134.9920068359374,1142.4233374023438,1173.2971447753907,1120.6723983281884,1012.4000244140625,1437.279399793039,False,False,False,False,False,False,True,False,False,-20.683303954086853,noise,72.80891367941575,False,False,False,False,,IT - Software,Computers - Software & Consulting,41.05263157894737,False,False
ACCENTMIC.NS,2026-09-21,683.5499877929688,667.4541625976562,602.3069415622288,575.7516973876953,469.47905110677084,436.39688201904295,670.8634833972893,237.53315895751183,731.7000122070312,True,True,True,True,True,True,True,True,False,162.31075672949217,noise,51.435590357746044,False,True,False,False,,Pharmaceuticals & Biotechnology,Pharmaceuticals,98.25910931174089,True,True
ACCORD.NS,2026-09-21,188.4499969482422,188.4499969482422,195.16111416286893,197.50600341796874,107.41100104014079,87.43500082015991,189.34361745966075,19.850000381469727,211.0,True,True,True,True,False,True,True,False,False,797.3809378487724,dry,0.0,False,False,False,False,,Telecom - Services,Other Telecom Services,100.0,True,False
ACCURACY.NS,2026-09-22,4.369999885559082,4.394166668256124,4.547777771949768,4.663600006103516,4.933933327992757,5.053999996185302,4.454654993009666,3.4000000953674316,7.5,False,False,False,False,False,False,False,False,False,-40.2188793465648,red,184.61268532970072,False,False,False,False,,Transport Services,Logistics Solution Provider,16.558704453441294,False,False
ACEINTEG.NS,2026-09-22,17.309999465942383,17.643333594004314,17.901944425370957,18.425799980163575,18.98786669413249,19.48025001525879,17.607644391375313,14.199999809265137,27.899999618530273,False,False,False,False,False,False,False,False,False,-31.52690270658649,red,197.77339057392697,False,False,False,False,,Commercial Services & Supplies,Diversified Commercial Services,26.477732793522268,False,False
ACMESOLAR.NS,2026-09-22,458.6499938964844,419.2416636149089,397.7374996609158,390.3609997558594,328.782199605306,302.8487505340576,428.32123922997937,195.72747422084996,476.8999938964844,True,True,True,True,True,True,True,True,False,54.04506274122964,ppv,157.3024172905393,False,False,True,False,,Power,Power Generation,89.91902834008097,True,True
ACSTECH.NS,2026-09-22,,,,,,,,,,False,False,False,False,False,False,False,False,False,,noise,,False,False,True,False,,IT - Services,IT Enabled Services,,False,False
ACE.NS,2026-09-22,1241.9000244140625,1160.7916463216145,1136.8163248697917,1107.4211120605469,967.2987410481771,951.1543029785156,1185.179836980058,743.7339869667156,1268.0,True,True,True,True,True,True,True,True,False,8.538862728220685,noise,44.15862179890257,False,True,True,False,,"Agricultural, Commercial & Construction Vehicles",Construction Vehicles,70.68825910931174,True,True
ACUTAAS.NS,2026-09-22,3213.699951171875,3317.5200805664062,3256.6062622070312,3301.8066259765624,2919.988642578125,2633.660615234375,3319.985702206593,1301.0268289605388,3737.2044731885353,True,True,True,True,False,True,True,False,False,120.23581214968884,red,147.89244248378776,False,False,False,False,,Pharmaceuticals & Biotechnology,Pharmaceuticals,96.72064777327935,True,False
ADANIENSOL.NS,2026-09-22,1381.699951171875,1388.183329264323,1499.4805501302083,1552.497998046875,1382.130001627604,1280.2980004882813,1395.4697465644863,803.0999755859375,1789.0,False,True,True,True,False,True,True,False,False,47.397046638176654,noise,61.912757234278445,False,False,False,False,,Power,Power Distribution,88.42105263157895,True,False
ADANIENT.NS,2026-09-22,2997.0,2997.4000040690103,3003.052781846788,3026.25400390625,2681.538155110677,2556.618231201172,2985.915802301159,1752.216581309528,3245.0,True,True,True,True,False,True,True,True,False,14.02699649690371,noise,53.75078254512778,False,False,False,False,,Metals & Minerals Trading,Trading - Minerals,74.77732793522267,True,False
ADANIGREEN.NS,2026-09-22,1304.0,1291.5166625976562,1312.0027804904514,1349.032001953125,1271.2869999186198,1194.8682495117187,1295.092089437699,765.0,1631.5,True,True,True,True,False,True,True,True,False,13.179705105084928,noise,24.011222408692298,False,False,False,False,,Power,Power Generation,73.96761133603239,True,False
ADANIPORTS.NS,2026-09-22,1795.0,1754.8750101725261,1708.1138882107205,1727.3619995117188,1669.1408186848957,1618.9868572998048,1761.8186553264563,1286.5777387006826,1891.0999755859375,True,True,True,True,True,True,True,True,False,24.814079338880845,noise,39.767011670200354,False,False,False,False,,Transport Infrastructure,Port & Port services,81.09311740890688,True,True
ADANIPOWER.NS,2026-09-22,206.9600067138672,207.63333384195963,207.18666670057507,209.15100006103515,201.41393391927085,186.8375505065918,206.7977963253214,128.10000610351562,254.1999969482422,True,True,True,True,False,True,True,True,False,21.56241216673549,noise,60.34238186916647,False,True,False,False,,Power,Integrated Power Utilities,79.7165991902834,True,False
ATGL.NS,2026-09-22,626.25,608.058339436849,632.8138885498047,645.05,634.2268654378255,614.7848164367675,616.7659837658688,462.63840779150803,859.5498025483846,False,True,False,True,False,True,False,True,False,-19.76065080608621,noise,70.6639231858916,False,False,False,False,,Gas,LPG/CNG/PNG/LNG Supplier,42.30769230769231,False,False
ADDIND.NS,2026-09-22,,,,,,,,,,False,False,False,False,False,False,False,False,False,,noise,,False,False,False,False,,Textiles & Apparels,Garments & Apparels,,False,False
ADFFOODS.NS,2026-09-22,263.1499938964844,268.3249969482422,267.8194461398655,275.3623797607422,255.98426076253256,242.70578575134277,266.6187817031649,152.76382902708204,346.1881784193172,True,True,True,True,False,True,True,False,False,14.770151877574754,noise,34.63927157178397,False,True,False,False,,Food Products,Packaged Foods,75.34412955465586,True,False
BIRLAMONEY.NS,2026-09-22,118.44000244140625,121.31833330790202,126.90194490220811,128.9838003540039,132.654333597819,133.65550006866454,120.90672236190865,95.0,185.5,False,False,False,False,False,False,False,False,False,-34.64297448207097,noise,47.32141152047487,False,False,False,False,,Capital Markets,Stockbroking & Allied,22.30769230769231,False,False
ABSLAMC.NS,2026-09-22,1027.0,1063.5500183105469,1036.4083421495225,1036.3531896972656,1014.9400272623698,956.5111016845703,1054.8004922084147,690.6919781874805,1194.9557175378152,True,True,True,True,False,True,True,False,False,29.631277726896776,noise,53.10076757488667,False,False,False,False,,Capital Markets,Asset Management Company,82.8744939271255,True,False
ABFRL.NS,2026-09-22,49.220001220703125,50.58250013987223,54.060555669996475,55.18779998779297,59.87100001017252,63.05539993286133,50.283919028462265,48.709999084472656,94.94999694824219,False,False,False,False,False,False,False,False,False,-47.3470266868017,noise,50.906194792670064,False,False,False,False,,Retailing,Speciality Retail,10.445344129554655,False,False
ABCAPITAL.NS,2026-09-22,397.0,395.89583079020184,403.75972154405383,402.9979992675781,368.13733276367185,363.97524948120116,397.1078574211199,277.70001220703125,430.70001220703125,True,True,True,True,False,True,True,False,False,37.775467086290874,noise,74.1730802639766,False,False,False,False,,Finance,Investment Company,85.4655870445344,True,False
CPPLUS.NS,2026-09-22,3649.5,3657.0250040690103,3609.6722276475693,3584.5949560546874,2868.3299471028645,2521.2284979248047,3586.558545894946,1226.4431802909007,4094.0,True,True,True,True,True,True,True,True,False,156.72598778485022,green,128.7234144291209,False,False,False,False,,Industrial Manufacturing,Industrial Products,98.09716599190284,True,True
AVL.NS,2026-09-22,627.0999755859375,619.316660563151,611.1076473659939,615.7074865722657,560.3595817057292,543.9668850708008,622.2317681279904,435.6227250181752,703.5025243881884,True,True,True,True,True,True,True,True,False,9.617095750387605,noise,33.35481538694422,False,False,False,False,,Retailing,Speciality Retail,71.7408906882591,True,True
ADOR.NS,2026-09-22,1594.800048828125,1600.9999898274739,1584.2527804904514,1542.5496020507812,1219.3253682454426,1170.9051419067382,1592.8424736401926,833.6830524113437,1766.4000244140625,True,True,True,True,True,True,True,True,False,57.25729624162872,noise,34.27006355070879,False,False,False,False,,Industrial Products,Other Industrial Products,90.44534412955466,True,True
ADROITINFO.NS,2026-09-22,12.170000076293945,11.011666774749756,10.414444473054674,10.088200016021728,9.5967999903361,9.693399991989136,11.195256357019929,7.550000190734863,12.479999542236328,True,False,False,True,True,True,True,True,False,14.595105531427844,ppv,693.8401463676388,True,False,True,False,,IT - Services,IT Enabled Services,75.1417004048583,True,False
ADVAIT.NS,2026-09-22,,,,,,,,,,False,False,False,False,False,False,False,False,False,,noise,37.02759558149967,False,False,False,False,,Electrical Equipment,Other Electrical Equipment,,False,False
ADVANCE.NS,2026-09-22,,,,,,,,,,False,False,False,False,False,False,False,False,False,,noise,24.181018032555073,False,True,False,False,,Fertilizers & Agrochemicals,Pesticides & Agrochemicals,,False,False
ADVENZYMES.NS,2026-09-22,296.6000061035156,294.0375010172526,300.63055589463977,305.0924639892578,319.6521272786458,313.2143377685547,293.1130152215936,250.86763242464252,417.20001286678644,False,True,False,False,False,False,False,True,False,-11.935056039867487,noise,93.83183453898295,False,False,False,False,,Pharmaceuticals & Biotechnology,Biotechnology,50.76923076923077,False,False
ADVANIHOTR.NS,2026-09-22,47.779998779296875,48.34499994913737,49.56749990251329,50.15059997558594,51.665593490600585,52.63117877960205,48.18247953510565,46.30266926768015,63.40849582323182,False,False,False,False,False,False,True,False,False,-18.081320112707477,noise,69.0220594457451,False,True,False,False,,Leisure Services,Hotels & Resorts,44.25101214574899,False,False
ADVENTHTL.NS,2026-09-22,,,,,,,,,,False,False,False,False,False,False,False,False,False,,noise,59.24922327278467,False,False,False,False,,Leisure Services,Hotels & Resorts,,False,False
ADVIKCA.NS,2026-09-22,,,,,,,,,,False,False,False,False,False,False,False,False,False,,noise,,False,False,False,True,,Finance,Non Banking Financial Company (NBFC),,False,False
RAMBHAJO.NS,2026-09-22,,,,,,,,,,False,False,False,False,False,False,False,False,False,,noise,50.96762041572077,False,False,False,False,,Consumer Durables,"Gems, Jewellery And Watches",,False,False
AEGISLOG.NS,2026-09-22,1424.5,1355.3666585286458,1328.7666592068142,1326.6639990234376,968.892626953125,904.8480529785156,1381.5306823159158,573.0465115667306,1528.699951171875,True,True,True,True,True,True,True,True,False,80.92229018595167,red,182.55864763517155,False,False,False,False,,Gas,Trading - Gas,93.7246963562753,True,True
AEGISVOPAK.NS,2026-09-22,301.3999938964844,300.00000254313153,283.74027676052515,285.3061993408203,234.34618642171225,233.79198608398437,302.2971806075039,157.88530940558778,320.95001220703125,True,True,False,True,True,True,True,False,False,21.146698359867067,red,200.32249738714074,False,False,False,False,,Oil,Oil Storage & Transportation,79.43319838056681,True,False
AEQUS.NS,2026-09-22,,,,,,,,,,False,False,False,False,False,False,False,False,False,,ppv,133.66077587483528,False,False,False,False,,Aerospace & Defense,Aerospace & Defense,,False,False
AEROFLEX.NS,2026-09-22,516.7000122070312,534.5250091552734,502.47916836208765,480.16100158691404,388.1736525472005,337.21576446533203,521.251750867706,157.8500633749001,584.1500244140625,True,True,True,True,True,True,True,False,False,168.82416441511637,noise,50.6961475783282,False,False,False,False,,Industrial Products,Iron & Steel Products,98.38056680161942,True,True
AEROENTER.NS,2026-09-22,123.5999984741211,132.01583099365234,133.72080527411566,130.01662384033204,107.36595397949219,101.01379707336426,127.46906394435298,62.02029581540144,159.60000610351562,True,True,True,True,False,True,True,False,False,44.27157521629606,noise,38.32175506833237,False,True,False,False,,Industrial Products,Iron & Steel Products,87.4089068825911,True,False
AERONEU.NS,2026-09-22,66.05999755859375,69.99416605631511,78.72611088222928,81.0777995300293,81.77433314005533,79.744049949646,68.90030430666896,63.209999084472656,106.80000305175781,False,True,False,False,False,False,False,False,False,-36.284724764515666,noise,67.0308231882813,False,True,False,False,,Industrial Products,Packaging,20.607287449392715,False,False
AETHER.NS,2026-09-22,1643.5,1632.1333312988281,1631.9944424099392,1588.0999951171875,1296.3773368326822,1206.852253112793,1634.252104119977,728.0,1717.0,True,True,True,True,True,True,True,True,False,118.69594145043246,noise,57.445491548716575,False,False,False,False,,Chemicals & Petrochemicals,Specialty Chemicals,96.63967611336032,True,True
AFCONS.NS,2026-09-22,260.3500061035156,265.375,274.67916700575086,277.33813842773435,298.31647399902346,314.05181182861327,264.14043889350125,225.35000610351562,476.09320955207187,False,False,False,False,False,False,False,False,False,-42.909777140553196,noise,50.42521913061604,False,False,False,False,,Construction,Civil Construction,14.45344129554656,False,False
AFFLE.NS,2026-09-22,1592.300048828125,1580.1749979654949,1630.0194498697917,1607.1460083007812,1494.6579964192708,1541.752998046875,1581.473003297239,1251.300048828125,2185.89990234375,True,False,False,True,False,False,False,True,False,-25.825681974842606,dry,19.345622179826933,False,True,False,False,,IT - Services,IT Enabled Services,34.04858299595141,False,False
AFFORDABLE.NS,2026-09-22,170.77000427246094,163.8249994913737,170.57972293429904,175.90960083007812,173.45353337605795,179.18820011138916,166.14539871013963,119.70999908447266,297.0,False,False,False,False,False,True,False,True,False,-34.256013754586746,noise,86.16066548272455,False,True,False,False,,Industrial Manufacturing,Industrial Products,22.712550607287447,False,False
AGARWALFT.NS,2026-09-21,26.0,27.258333841959637,32.46805567211575,34.34700023651123,33.60666665395101,34.433249940872194,27.150975328718058,21.850000381469727,68.0,False,False,False,False,False,False,False,False,False,-59.183673958247816,noise,37.03703703703704,False,False,False,False,,Industrial Products,Glass - Industrial,4.048582995951417,False,False
AGARIND.NS,2026-09-22,405.79998779296875,421.9336522420247,462.55359310574,471.7073077392578,467.45183715820315,525.7566522216797,418.240822381708,357.0996041900608,997.8949946427913,False,False,False,False,False,False,False,False,False,-57.8316836091457,dry,19.422263458355534,False,False,False,False,,Chemicals & Petrochemicals,Petrochemicals,4.534412955465587,False,False
AGI.NS,2026-09-22,845.7000122070312,765.5291697184244,740.8500027126736,727.3360034179688,638.5750006103516,651.1577503967285,775.8066314842386,465.0,939.0,True,False,False,True,True,True,True,True,False,0.7025511431082654,ppv,261.0944308675586,False,False,False,False,,Industrial Products,Packaging,64.08906882591093,False,False
AGIIL.NS,2026-09-22,269.29998779296875,272.4125010172526,287.05694495307074,296.8160009765625,329.63333404541015,313.1490001678467,271.593810812429,224.6999969482422,434.3999938964844,False,True,False,False,False,False,False,False,False,14.459362967603617,noise,33.7168845524081,False,False,False,False,,Realty,"Residential, Commercial Projects",75.10121457489879,True,False
AGNI.NS,2026-09-21,15.25,15.737500111262003,15.936111211776733,16.35400011062622,17.84199997584025,18.870250010490416,15.674919669898783,13.600000381469727,30.5,False,False,False,False,False,False,False,False,False,-49.83552568630828,noise,55.24861878453039,False,False,False,False,,Construction,Civil Construction,8.866396761133604,False,False
AGRITECH.NS,2026-09-22,97.37999725341797,98.72583262125652,102.86805555555556,105.14879989624023,110.95739980061849,119.4373500442505,98.53953088218167,92.5199966430664,187.19000244140625,False,False,False,False,False,False,False,False,False,-30.05315586871523,noise,71.1203939444758,False,False,False,False,,Agricultural Food & other Products,Other Agricultural Products,28.259109311740893,False,False
AGROPHOS.NS,2026-09-22,23.969999313354492,23.680833339691162,25.901944425370957,26.860799980163574,29.952866655985513,31.93509997367859,23.865098945825356,21.0,47.470001220703125,False,False,False,False,False,False,False,True,False,-38.65266579501707,green,165.27891615024984,False,False,False,False,,Fertilizers & Agrochemicals,Fertilizers,18.097165991902834,False,False
AGSTRA.NS,2026-09-22,2.0999999046325684,1.9516666531562805,1.9997222092416551,2.0563999795913697,2.552199985186259,2.920449990034103,1.9774655429177361,1.850000023841858,5.440000057220459,False,False,False,False,True,False,False,True,False,-51.94508101539912,green,178.79914185870155,False,False,False,False,,Financial Technology (Fintech),Financial Technology (Fintech),7.57085020242915,False,False
AHIMSA.NS,2026-09-21,25.75,25.75,25.622222052680122,25.364000091552736,24.96966698964437,24.89125029563904,25.75279397670755,23.299999237060547,28.5,True,True,True,True,True,False,True,False,False,0.7827818744094106,dry,0.0,False,False,False,False,,Industrial Products,Plastic Products - Industrial,64.21052631578948,False,False
AHLADA.NS,2026-09-22,37.279998779296875,36.55666732788086,37.66333378685845,37.673600311279294,40.423066762288414,42.98430013656616,36.96780419253127,31.219999313354492,72.0,False,False,False,False,False,False,False,True,False,-37.31293020784295,dry,8.174844557987127,False,False,False,False,,Consumer Durables,"Furniture, Home Furnishing",19.554655870445345,False,False
AHLUCONT.NS,2026-09-22,582.4000244140625,588.0732727050781,675.4578094482422,719.6777587890625,773.9621407063802,809.1573721313476,587.4826709179241,558.4254164589258,1076.649454434594,False,False,False,False,False,False,False,False,False,-41.91038739610714,noise,37.2032438163715,False,True,False,False,,Construction,Civil Construction,15.263157894736842,False,False
AIAENG.NS,2026-09-22,3923.39990234375,4052.1166788736978,4301.931213378906,4396.138422851563,4189.688038736979,4114.520789794922,4007.653314320387,3022.637905259502,5160.600958593338,False,True,True,True,False,False,True,False,False,26.06512218990671,noise,32.707404255813906,False,True,False,False,,Industrial Products,Castings & Forgings,81.53846153846153,True,False
AIMTRON.NS,2026-09-21,1784.3499755859375,1680.254150390625,1658.0249837239583,1572.5549877929689,1215.795331624349,1115.991498413086,1685.1017519817733,675.0,1800.0,True,True,True,True,True,True,True,True,False,142.90090319737487,ppv,285.2363386806211,False,False,True,False,,Industrial Manufacturing,Industrial Products,97.7327935222672,True,True
GOLDTECH.NS,2026-09-22,41.9900016784668,44.381666819254555,48.5763889948527,51.0202001953125,45.698600145975746,46.273650064468384,43.43156436639447,29.68000030517578,72.0199966430664,False,False,False,True,False,True,False,False,False,-37.63552571433363,green,166.17861113598883,False,False,False,False,,IT - Software,Software Products,19.271255060728745,False,False
AIRAN.NS,2026-09-22,17.020000457763672,16.675000190734863,15.569166713290745,15.478200035095215,16.077866700490315,16.28685004711151,16.550142790685236,12.630000114440918,27.489999771118164,True,False,False,False,True,True,False,True,False,-34.73926185753964,green,131.31642983984207,False,False,False,False,,IT - Services,IT Enabled Services,22.22672064777328,False,False
AIROLAM.NS,2026-09-22,87.69000244140625,86.8975003560384,88.21166631910536,88.01159973144532,87.36193339029948,89.96255004882812,87.29477854386712,78.0,117.5,False,False,False,False,False,False,False,True,False,-22.569534268073955,red,134.95575221238937,False,False,False,False,,Consumer Durables,Plywood Boards/ Laminates,38.54251012145749,False,False
AJANTPHARM.NS,2026-09-22,3519.300048828125,3529.9083251953125,3552.030551486545,3512.30478515625,3164.998660481771,3056.480078125,3529.2145397917993,2283.1397649802702,3796.0,True,True,True,True,True,True,True,False,False,41.13720826243454,red,114.8828661609582,False,False,False,False,,Pharmaceuticals & Biotechnology,Pharmaceuticals,86.39676113360323,True,True
AJAXENGG.NS,2026-09-22,564.5999755859375,577.7166544596354,575.312498304579,578.2809973144531,539.1999981689453,545.0724987792969,571.0939321936016,394.79998779296875,697.5499877929688,True,False,False,True,False,True,True,False,False,-16.34316859358329,noise,54.39722562101987,False,False,False,False,,"Agricultural, Commercial & Construction Vehicles",Construction Vehicles,45.91093117408907,False,False
AJMERA.NS,2026-09-22,119.87000274658203,116.10298538208008,117.18565474616156,119.67449539184571,121.76756576538087,134.30204479217528,116.46633852976035,97.172872635822,219.46418351965167,False,False,False,False,True,False,False,True,False,-41.19464363617963,noise,60.26439439930806,False,False,False,False,,Realty,"Residential, Commercial Projects",15.708502024291498,False,False
AJOONI.NS,2026-09-22,3.1600000858306885,3.3941666881243386,3.673888882001241,3.7771999883651732,4.018400014241537,4.099900010824204,3.3444232399419653,3.0199999809265137,5.940000057220459,False,False,False,False,False,False,False,False,False,-45.98290363512126,noise,60.42330159599355,False,True,False,True,,Food Products,Animal Feed,11.578947368421053,False,False
AKASH.NS,2026-09-22,24.989999771118164,24.885000228881836,25.23388894399007,25.707800102233886,26.164866689046224,26.005350008010865,24.72971300900893,22.799999237060547,36.0,False,True,False,False,False,False,False,True,False,-17.059407676125737,noise,53.94705971448003,False,False,False,False,,Construction,Civil Construction,45.18218623481781,False,False
AKG.NS,2026-09-22,10.199999809265137,10.21749989191691,9.423055463367039,9.573399906158448,10.72386661529541,11.286549978256225,10.175838564361232,8.0600004196167,15.069999694824219,False,False,False,False,True,False,False,True,False,-18.78981314893605,dry,17.244119074368584,False,False,False,False,,Commercial Services & Supplies,Trading & Distributors,43.40080971659919,False,False
AKI.NS,2026-09-22,6.420000076293945,6.398333390553792,5.141111122237311,4.922999992370605,4.924133335749309,5.350700006484986,6.142573367282111,3.799999952316284,10.479999542236328,True,False,False,False,True,True,False,True,False,-30.893432694768475,green,103.4821548618514,False,False,False,False,,Consumer Durables,Leather And Leather Products,27.246963562753034,False,False
AKIKO.NS,2026-09-21,428.0,423.56666564941406,385.21666717529297,368.64299926757815,284.18866638183596,274.45924987792966,421.30646032970316,190.25,438.95001220703125,True,True,True,True,True,True,True,True,False,63.7964102543739,green,135.0502512562814,False,False,False,False,,Finance,Other Financial Services,91.53846153846153,True,True
AFIL.NS,2026-09-22,8.319999694824219,8.769166628519693,9.246111128065321,9.28060001373291,9.05646669069926,8.28655002117157,8.686155038072435,3.9200000762939453,11.100000381469727,False,True,True,True,False,True,False,False,False,9.617912089071922,noise,63.273304809360795,False,False,False,False,,Finance,Non Banking Financial Company (NBFC),71.78137651821862,True,False
AKSHOPTFBR.NS,2026-09-22,7.130000114440918,8.027500033378601,7.3105555640326605,6.851000013351441,6.201533331871032,6.144249995946884,7.784390709900878,3.819999933242798,9.010000228881836,True,True,False,True,True,True,True,False,False,-9.63244315469426,red,162.2646566105988,False,False,False,False,,Telecom -  Equipment & Accessories,Telecom -  Equipment & Accessories,53.36032388663967,False,False
AKSHAR.NS,2026-09-22,0.4099999964237213,0.414166659116745,0.41333332823382485,0.4137999951839447,0.4371999967098236,0.4545999959111214,0.4124795720666386,0.36000001430511475,0.7599999904632568,False,False,False,False,False,False,False,False,False,-28.07017516341346,noise,67.67217866921615,False,False,False,False,,Textiles & Apparels,Other Textile Products,31.01214574898785,False,False
AKSHARCHEM.NS,2026-09-22,395.8999938964844,414.9124984741211,349.4402775234646,318.3891998291016,242.21746612548827,240.2384998321533,399.7158888072917,141.3000030517578,472.0,True,True,True,True,True,True,True,False,False,47.86180911166551,noise,86.34136480754029,False,False,False,False,,Chemicals & Petrochemicals,Dyes And Pigments,88.62348178137653,True,True
AKUMS.NS,2026-09-22,807.9000244140625,771.0083363850912,752.6944427490234,731.8119970703125,602.919971110026,561.747682800293,783.3485158033895,407.37371334346585,834.7000122070312,True,True,True,True,True,True,True,True,False,70.9064437913745,noise,75.06260244777772,False,False,False,False,,Pharmaceuticals & Biotechnology,Pharmaceuticals,92.51012145748987,True,True
ALANKIT.NS,2026-09-22,7.940000057220459,7.876666625340779,8.027222249242994,7.989600028991699,8.328399979273478,8.79539998292923,7.838845933279142,6.800000190734863,13.84000015258789,False,False,False,False,False,False,False,True,False,-41.70337647624339,ppv,391.75967506771735,False,False,False,False,,Commercial Services & Supplies,Diversified Commercial Services,15.344129554655868,False,False
ALBERTDAVD.NS,2026-09-22,848.9000244140625,847.6124979654948,835.8319430881077,794.43435546875,731.7091967773438,729.3541888427734,847.5473409924355,575.6902111808453,931.8499755859375,True,True,False,True,True,True,True,True,False,5.477699065165975,noise,20.82152566307073,False,False,False,False,,Pharmaceuticals & Biotechnology,Pharmaceuticals,67.97570850202429,False,False
ALEMBICLTD.NS,2026-09-22,104.79000091552734,104.41916720072429,96.83333375718858,94.16227615356445,88.52314676920572,90.22147079467773,103.34251340256804,68.6152946732243,117.72000122070312,True,False,True,True,True,True,True,True,False,2.3758439836363054,noise,51.709619284853936,False,False,False,False,,Realty,"Residential, Commercial Projects",65.50607287449392,False,False
APLLTD.NS,2026-09-22,840.1500244140625,822.870839436849,823.3611145019531,819.4090759277344,763.0198274739583,772.9693640136719,830.5774874291867,626.4825498908483,983.3745824758901,True,False,False,True,True,True,True,True,False,-10.247867484947715,noise,78.20875656595092,False,False,False,False,,Pharmaceuticals & Biotechnology,Pharmaceuticals,52.5910931174089,False,False
ALFREDHE.NS,2026-09-22,,,,,,,,,,False,False,False,False,False,False,False,False,False,,noise,,False,True,False,False,,Finance,Non Banking Financial Company (NBFC),,False,False
ALGOQUANT.NS,2026-09-22,,,,,,,,,,False,False,False,False,False,False,False,False,False,,noise,83.46178205261721,False,True,False,False,,Finance,Other Financial Services,,False,False
ALICON.NS,2026-09-22,744.5,715.4760996500651,712.8218265109592,695.9251452636719,681.7514217122396,707.2489788818359,718.0786865571268,575.8244082124611,1014.642243796537,True,False,False,False,True,False,False,True,True,-12.497222919854888,green,110.42401099620882,False,False,False,False,,Auto Components,Auto Components & Equipments,50.16194331983805,False,False
ALIVUS.NS,2026-09-22,1374.199951171875,1384.6583455403645,1369.275831434462,1301.9423559570312,1119.1645768229166,1064.4716580200195,1388.1601527053726,816.0868402393627,1488.4866814641196,True,True,True,True,True,True,True,False,False,45.65194355547706,noise,51.55841675799079,False,False,False,False,,Pharmaceuticals & Biotechnology,Pharmaceuticals,87.89473684210526,True,True
ALKALI.NS,2026-09-22,103.19999694824219,81.78500048319499,72.04160902235243,73.16995025634766,71.28893274943034,72.13822338104248,84.88512229771368,46.13075799853828,106.30000305175781,True,False,False,True,True,True,True,True,False,8.057765313555043,ppv,639.3276865609897,True,False,True,False,,Chemicals & Petrochemicals,Specialty Chemicals,70.20242914979758,True,False
ALKEM.NS,2026-09-22,5331.5,5226.833333333333,5349.661227756076,5434.8926953125,5430.173388671875,5474.004553222656,5283.661483815179,5051.0,5875.534417311879,False,False,False,False,False,False,True,True,False,-2.8404125565118954,noise,73.66262803543505,False,False,False,False,,Pharmaceuticals & Biotechnology,Pharmaceuticals,60.68825910931174,False,False
ALKYLAMINE.NS,2026-09-22,1863.800048828125,1895.616678873698,1941.9666781955295,1910.226005859375,1690.1648763020833,1661.487315673828,1880.9508827810096,1205.1967651271746,2115.0,True,True,True,True,False,True,True,False,False,-9.801681555525699,noise,23.897264317275653,False,False,False,False,,Chemicals & Petrochemicals,Specialty Chemicals,53.19838056680162,False,False
ALLETEC.NS,2026-09-21,121.3499984741211,129.50942929585776,128.15597767300076,130.56559829711915,145.20593231201173,160.12427505493164,125.89380281210552,114.39976297840505,293.4087003672668,False,False,False,False,False,False,False,False,False,-56.23058379999725,red,163.19129646418858,False,False,False,False,,IT - Software,Computers - Software & Consulting,5.5465587044534415,False,False
ALLTIME.NS,2026-09-22,203.72999572753906,210.28083165486655,210.6352767944336,216.65659912109376,226.1183997599284,232.8776996612549,208.08727669006248,186.0,314.70001220703125,False,False,False,False,False,False,False,False,False,-28.390159673975724,noise,69.59325190324202,False,False,False,False,,Consumer Durables,Houseware,30.5668016194332,False,False
AGL.NS,2026-09-22,,,,,,,,,,False,False,False,False,False,False,False,False,False,,noise,30.06506621285065,False,True,False,False,,Transport Services,Logistics Solution Provider,,False,False
ALLCARGO.NS,2026-09-22,10.930000305175781,11.820833365122477,11.263333373599583,10.359200048446656,9.184933341344198,9.522999994754791,11.450699542364163,7.110000133514404,36.54999923706055,True,False,False,True,True,True,False,False,False,-66.61576131694436,noise,21.084886393182984,False,True,False,False,,Transport Services,Logistics Solution Provider,2.307692307692308,False,False
ATL.NS,2026-09-22,24.350000381469727,24.692500114440918,24.84499994913737,24.398799934387206,24.39099999745687,24.822249984741212,24.539668870527986,18.200000762939453,40.5099983215332,False,False,False,False,False,True,False,False,False,-20.21625158503044,noise,46.410745510331004,False,True,False,False,,Transport Infrastructure,Port & Port services,41.659919028340084,False,False
ALLDIGI.NS,2026-09-22,784.5999755859375,795.7583312988281,805.1999969482422,806.6006506347657,788.3560103352864,789.3777893066406,791.5365141325066,675.4414915283778,935.3887118048539,False,False,False,True,False,False,True,False,False,-10.595224094310463,noise,55.88080216723333,False,False,False,False,,Commercial Services & Supplies,Business Process Outsourcing (BPO)/ Knowledge Process Outsourcing (KPO),52.307692307692314,False,False
ABDL.NS,2026-09-22,647.9000244140625,629.9291636149088,617.5638919406467,619.1950012207031,564.0636399332682,557.416270904541,638.7666040006737,378.81990505354565,711.7000122070312,True,True,False,True,True,True,True,True,False,18.895651511621647,red,217.18820145998907,False,False,False,False,,Beverages,Breweries & Distilleries,78.05668016194332,True,False
ADSL.NS,2026-09-22,96.44000244140625,98.68250020345052,105.88666555616591,108.6518490600586,113.27850433349609,119.41803741455078,98.1864514155043,85.06657071182701,202.485460329473,False,False,False,False,False,False,False,False,False,-50.8224411110378,noise,54.05729510990428,False,True,False,False,,IT - Services,IT Enabled Services,8.299595141700406,False,False
ALMONDZ.NS,2026-09-22,18.649999618530273,18.704166730244953,16.339722209506565,15.525399990081787,14.765199998219808,15.092400016784667,18.35206555099746,10.680000305175781,20.389999389648438,True,False,False,True,True,True,True,True,False,-6.563123877903687,green,140.10443361387442,False,False,False,False,,Capital Markets,Stockbroking & Allied,56.882591093117405,False,False
ALOKINDS.NS,2026-09-22,7.340000152587891,7.335000077883403,9.590555535422432,10.301400012969971,12.23259999593099,13.103600029945374,7.417921209467149,6.980000019073486,18.940000534057617,False,False,False,False,False,False,False,False,False,-60.21680298609113,green,161.0431957267699,False,False,False,False,,Textiles & Apparels,Other Textile Products,3.8866396761133606,False,False
ALPA.NS,2026-09-22,61.36000061035156,61.42333253224691,63.40527746412489,64.70399993896484,65.89946673075359,67.94525005340576,60.97650455810126,46.099998474121094,95.94999694824219,False,False,False,False,False,True,False,True,False,-34.99311261031664,noise,65.81766797549137,False,False,False,False,,Pharmaceuticals & Biotechnology,Pharmaceuticals,21.902834008097166,False,False
ALPEXSOLAR.NS,2026-09-21,880.25,907.3250020345052,854.1888902452257,851.1209997558594,885.6580000813802,871.8327484130859,899.7807122690342,660.0,1332.9000244140625,False,True,False,False,True,True,False,False,False,-32.59695754725358,noise,96.86161057604278,False,False,False,False,,Electrical Equipment,Other Electrical Equipment,25.141700404858298,False,False
ALPHAGEO.NS,2026-09-22,296.1000061035156,305.6656138102214,297.78807746039496,271.72517761230466,227.22244069417317,224.30241218566894,300.2538591750998,162.23939856576865,362.2821402259545,True,True,True,True,True,True,True,False,False,12.18698839268917,dry,10.553922500572789,False,True,False,False,,Oil,Offshore Support Solution Drilling,73.19838056680162,True,True
ALPINETEX.NS,2026-09-22,,,,,,,,,,False,False,False,False,False,False,False,False,False,,noise,,False,True,False,False,,Textiles & Apparels,Other Textile Products,,False,False
ALUFLUOR.NS,2026-09-22,,,,,,,,,,False,False,False,False,False,False,False,False,False,,noise,,False,True,False,False,,Chemicals & Petrochemicals,Commodity Chemicals,,False,False
ALUWIND.NS,2026-09-21,50.75,48.1333335240682,48.77916696336534,48.53200019836426,52.02633336385091,55.91500003814697,48.55664514900834,40.0,95.80000305175781,False,False,False,False,True,False,False,True,False,-37.5768781119342,noise,93.1098696461825,False,False,False,False,,Industrial Products,"Aluminium, Copper & Zinc Products",19.31174089068826,False,False
AMAGI.NS,2026-09-22,,,,,,,,,,False,False,False,False,False,False,False,False,False,,noise,85.05210716152506,False,False,False,False,,IT - Services,IT Enabled Services,,False,False
AMAL.NS,2026-09-22,,,,,,,,,,False,False,False,False,False,False,False,False,False,,noise,,False,False,False,False,,Chemicals & Petrochemicals,Specialty Chemicals,,False,False
AMANTA.NS,2026-09-22,185.5,194.70416641235352,183.0747218661838,178.1713995361328,144.83299957275392,135.09169960021973,191.0319070327324,92.0,209.9499969482422,True,True,True,True,True,True,True,False,False,33.33813003928328,noise,44.94596704672464,False,False,False,False,,Pharmaceuticals & Biotechnology,Pharmaceuticals,84.12955465587044,True,True
ARE&M.NS,2026-09-22,793.2000122070312,810.8166707356771,883.544447157118,886.2128649902344,842.553319905599,853.2192526245117,809.1896197554045,666.0087356197063,1017.2999877929688,False,False,False,True,False,False,True,False,False,-20.058962700835437,noise,45.61129503799087,False,False,False,False,,Auto Components,Auto Components & Equipments,41.78137651821862,False,False
AMARJOTHI.NS,2026-09-22,,,,,,,,,,False,False,False,False,False,False,False,False,False,,noise,,False,True,False,False,,Textiles & Apparels,Other Textile Products,,False,False
AMBALALSA.NS,2026-09-22,,,,,,,,,,False,False,False,False,False,False,False,False,False,,dry,16.27430369196982,False,False,False,False,,Pharmaceuticals & Biotechnology,Pharmaceuticals,,False,False
AMBER.NS,2026-09-22,7000.0,7160.5,7300.708333333333,7365.82,7491.02,7244.05,7127.839781358271,5400.5,8974.0,False,True,False,False,False,False,True,False,False,-15.769207628903192,noise,39.10770906975995,False,False,False,False,,Consumer Durables,Household Appliances,46.47773279352227,False,False
AMBICAAGAR.NS,2026-09-22,24.829999923706055,25.171666463216145,24.999166594611275,24.948599891662596,24.360666681925455,24.49165005683899,25.02296343827586,20.0,29.68000030517578,True,False,False,True,False,False,True,False,False,-9.1806884230915,red,189.835906966521,False,False,False,False,,Household Products,Household Products,53.967611336032384,False,False
AMBIKCO.NS,2026-09-22,1577.699951171875,1569.9812520345051,1611.5704549153645,1629.2777221679687,1524.1929663085937,1450.0334954833984,1568.5552932013645,1075.8443912203104,1886.8805607759884,True,True,True,True,False,True,True,True,False,6.090416210070959,noise,49.62767450472572,False,False,False,False,,Textiles & Apparels,Other Textile Products,68.29959514170041,False,False
AMBUJACEM.NS,2026-09-22,386.8999938964844,390.4333318074544,408.0652770996094,415.1699993896484,432.2892112223307,458.7594416809082,389.9491925551286,379.54998779296875,597.8407381419596,False,False,False,False,False,False,False,False,False,-34.13262463478708,noise,53.9942228275877,False,False,False,False,,Cement & Cement Products,Cement & Cement Products,22.874493927125506,False,False
AMDIND.NS,2026-09-22,59.84000015258789,62.00583299001058,55.88472207387289,53.285599899291995,46.86473322550456,46.85524995803833,61.80141392906417,33.77000045776367,74.38999938964844,True,True,False,True,True,True,True,False,False,1.9768231789013768,noise,56.79640760348194,False,False,False,False,,Industrial Products,Packaging,65.22267206477733,False,False
AMEYA.NS,2026-09-21,149.64999389648438,122.78333409627278,113.75000063578288,112.62800033569336,108.14233352661132,105.26150001525879,129.67578620296027,86.0,149.64999389648438,True,True,False,True,True,True,True,True,False,43.89422490046575,green,122.95081967213115,False,False,True,False,,Industrial Products,Other Industrial Products,87.16599190283401,True,False
AMIABLE.NS,2026-09-21,70.19999694824219,73.516663869222,69.8138879140218,70.46699844360352,73.00299931844076,73.44149951934814,71.80626725602087,52.5,97.5,False,False,False,False,False,True,False,False,False,12.140572938293182,noise,714.2857142857143,False,False,False,False,,Transport Services,Logistics Solution Provider,73.15789473684211,True,False
AMNPLST.NS,2026-09-22,169.64999389648438,166.75742975870767,181.12394544813367,185.4680078125,177.4508120727539,178.71678901672362,168.6425086597076,126.62184308118806,249.2555891812046,False,False,False,True,False,True,False,True,False,-24.948548948027828,noise,61.069615635076936,False,False,False,False,,Chemicals & Petrochemicals,Commodity Chemicals,35.1417004048583,False,False
AMJLAND.NS,2026-09-22,37.75,37.96833356221517,38.539478831821015,38.278423080444334,38.594643122355144,40.801557025909425,37.64002249264793,30.143694033373624,57.50183178211723,False,False,False,False,False,False,False,True,False,-32.28810284830404,noise,40.97267046253592,False,True,False,False,,Realty,"Residential, Commercial Projects",25.506072874493928,False,False
AMRUTANJAN.NS,2026-09-22,500.04998779296875,494.08775329589844,503.8691762288411,508.7843536376953,535.5030942789714,560.1195036315918,495.4920220880716,476.5,765.1662977284217,False,False,False,False,False,False,False,True,False,-33.563876828452834,noise,32.8284032446924,False,False,False,False,,Pharmaceuticals & Biotechnology,Pharmaceuticals,23.643724696356276,False,False
ARSSBL.NS,2026-09-22,,,,,,,,,,False,False,False,False,False,False,False,False,False,,noise,53.98668588490747,False,False,False,False,,Capital Markets,Stockbroking & Allied,,False,False
ANANDRATHI.NS,2026-09-22,2179.0,2206.308308919271,2178.3360900878906,2145.913986816406,1880.4350708007812,1786.0866345214845,2203.006791423235,1351.1991966764108,2268.39990234375,True,True,True,True,True,True,True,False,False,44.24690164446967,red,219.88119330285224,False,False,False,False,,Capital Markets,Financial Products Distributor,87.36842105263159,True,True
ANANTRAJ.NS,2026-09-22,610.0999755859375,605.0833282470703,612.7736104329427,609.7501428222656,542.3252360026041,542.4534376525879,602.3052391439978,402.3389018697037,742.4300925158334,True,False,False,True,True,True,True,True,False,-9.81368304445872,noise,64.49515863006718,False,False,False,False,,Realty,"Residential, Commercial Projects",53.1578947368421,False,False
ACL.NS,2026-09-22,42.91999816894531,42.768333435058594,44.803333600362144,45.821200103759764,50.93400006612142,54.516000003814696,42.83530920738041,40.5,100.01000213623047,False,False,False,False,False,False,False,True,False,-56.22641832424109,noise,63.259112800594544,False,False,False,False,,Cement & Cement Products,Cement & Cement Products,5.587044534412955,False,False
ANDHRAPAP.NS,2026-09-22,71.43000030517578,71.52833302815755,64.29749965667725,63.39534339904785,63.46865603129069,63.96691818237305,71.22321155766849,57.5321815380666,86.18916380875459,True,False,False,False,True,False,True,True,False,-8.777771585311955,noise,24.020114695056087,False,False,False,False,,"Paper, Forest & Jute Products",Paper & Paper Products,54.21052631578947,False,False
ANDHRSUGAR.NS,2026-09-22,95.3499984741211,95.01461982727051,95.77806218465169,92.24260269165039,85.18625900268555,81.95302955627442,94.79107063415154,65.64734140930214,105.85510736650535,True,True,True,True,True,True,True,True,False,26.12750855452237,noise,51.85507875686102,False,False,False,False,,Chemicals & Petrochemicals,Commodity Chemicals,81.57894736842105,True,True
ANDREWYU.NS,2026-09-22,,,,,,,,,,False,False,False,False,False,False,False,False,False,,noise,,False,False,False,False,,Agricultural Food & other Products,Tea & Coffee,,False,False
ANGELONE.NS,2026-09-22,295.1000061035156,298.70833079020184,294.19027540418836,299.34889526367186,297.26697835286456,285.493131942749,296.7515824220021,206.12108714450565,359.3387168134344,False,True,False,True,False,True,True,False,False,33.80629420473373,noise,37.04337852452924,False,False,False,False,,Capital Markets,Stockbroking & Allied,84.21052631578947,True,False
AISL.NS,2026-09-21,54.5,55.96307881673177,56.641668213738335,56.89568733215332,58.711793162027995,64.13929428100586,55.276325122823664,48.54713668454672,104.1286542041658,False,False,False,False,False,False,False,False,False,-46.09662521366141,dry,6.385696040868455,False,True,False,False,,Commercial Services & Supplies,Diversified Commercial Services,11.457489878542509,False,False
ANIKINDS.NS,2026-09-22,42.9900016784668,43.95666694641113,44.07444445292155,43.587400131225586,43.51646675109863,45.156150093078615,43.83058536449781,32.5,83.4000015258789,False,False,False,False,False,True,False,False,False,-41.061145819125414,noise,35.58947263813435,False,False,False,False,,Commercial Services & Supplies,Trading & Distributors,15.870445344129555,False,False
APCL.NS,2026-09-22,94.80000305175781,98.0983346303304,101.12944497002496,101.59660034179687,110.61106669108072,115.5557498550415,97.31909814020781,93.19999694824219,148.77999877929688,False,False,False,False,False,False,False,False,False,-33.21121500551484,noise,40.230870967920445,False,True,False,False,,Cement & Cement Products,Cement & Cement Products,24.048582995951417,False,False
ANKITMETAL.NS,2026-09-22,1.7899999618530273,1.676666667064031,1.6502777801619635,1.607000002861023,1.5778000036875406,1.6157000076770782,1.7082665127984367,1.2899999618530273,2.119999885559082,True,False,False,False,True,True,True,True,False,-8.205132406060333,noise,41.17027258442264,False,False,False,False,,Ferrous Metals,Iron & Steel,54.77732793522267,False,False
AHCL.NS,2026-09-22,28.860000610351562,20.34250013033549,16.70305559370253,16.25620002746582,14.459560000101725,14.21801999092102,22.23893300875703,10.371000289916992,28.860000610351562,True,True,False,True,True,True,True,True,False,105.96631770980412,ppv,367.36109426480664,True,False,True,False,,Pharmaceuticals & Biotechnology,Pharmaceuticals,95.9919028340081,True,False
ANLON.NS,2026-09-21,771.5999755859375,688.0916697184244,656.1208343505859,648.8150012207032,557.3433339436849,515.6435000610352,701.5945499111937,335.0,780.0,True,True,True,True,True,True,True,True,False,70.27474036824073,ppv,431.5659679408138,True,False,True,False,,Commercial Services & Supplies,Diversified Commercial Services,92.3076923076923,True,True
ANMOL.NS,2026-09-22,14.029999732971191,14.298333565394083,11.49888899591234,11.165800094604492,11.298533356984457,11.770850014686584,14.156710661604356,8.399999618530273,18.549999237060547,True,False,False,False,True,True,True,False,False,-12.585667290407333,noise,41.53163679051346,False,False,False,False,,Consumable Fuels,Trading - Coal,49.959514170040485,False,False
ANNAPURNA.NS,2026-09-22,131.7100067138672,136.26333236694336,145.31333287556967,141.01059982299805,150.05386652628582,163.2101498031616,135.35019199950423,120.75,287.0,False,False,False,False,False,False,False,False,False,-50.222976690960394,noise,99.80268649920315,False,False,False,False,,Food Products,Packaged Foods,8.582995951417004,False,False
ANNU.NS,2026-09-22,,,,,,,,,,False,False,False,False,False,False,False,False,False,,noise,,False,False,False,False,,Construction,Civil Construction,,False,False
ANSALBU.NS,2026-09-22,,,,,,,,,,False,False,False,False,False,False,False,False,False,,ppv,,False,False,True,False,,Realty,"Residential, Commercial Projects",,False,False
ANSALAPI.NS,2026-09-22,3.7300000190734863,3.4666666785875955,3.4241666661368475,3.2958000040054323,3.4480666748682656,3.406050007343292,3.5249144816547897,2.509999990463257,5.019999980926514,True,True,False,False,True,True,False,True,False,-24.340767769753224,green,112.08868301683708,False,False,False,False,,Realty,"Residential, Commercial Projects",35.82995951417004,False,False
ANTGRAPHIC.NS,2026-09-22,0.7099999785423279,0.7258333414793015,0.7338888992865881,0.7390000069141388,0.7918000026543935,0.834150002002716,0.7236605581777987,0.6399999856948853,1.1699999570846558,False,False,False,False,False,False,False,False,False,-35.454548804227905,noise,85.16184603152442,False,False,False,False,,Industrial Products,Packaging,21.45748987854251,False,False
ANTELOPUS.NS,2026-09-22,1110.4000244140625,1111.0249989827473,922.500001695421,900.6130004882813,761.201664428711,686.6399981689453,1092.9533549519067,357.0,1218.300048828125,True,True,True,True,True,True,True,True,False,97.17659172072204,noise,38.83398759066708,False,False,False,False,,Oil,Oil Exploration & Production,95.66801619433198,True,True
ANTHEM.NS,2026-09-22,891.7000122070312,931.2250061035156,900.9388919406467,868.3640026855469,777.2868900553385,743.9272570800781,921.3181021349835,577.6439689831894,977.5499877929688,True,True,True,True,True,True,True,False,False,7.551864782302187,noise,53.5829277790535,False,False,False,False,,Pharmaceuticals & Biotechnology,Biotechnology,69.75708502024291,False,False
AWHCL.NS,2026-09-22,364.29998779296875,365.95833079020184,382.71542273627387,398.21551208496095,447.66912150065104,460.4141926574707,366.09130158179437,337.54998779296875,604.2286076106078,False,False,False,False,False,False,False,False,False,-37.18528133589587,noise,29.660719152816405,False,False,False,False,,Other Utilities,Waste Management,19.7165991902834,False,False
ANUHPHR.NS,2026-09-22,93.4800033569336,93.11166763305664,83.46222262912326,82.0426496887207,78.35601638793945,77.8722483444214,91.90522226139994,65.74983978271484,99.5,True,True,False,True,True,True,True,True,False,8.08739575207371,noise,72.41528342644341,False,True,False,False,,Pharmaceuticals & Biotechnology,Pharmaceuticals,70.24291497975709,True,False
ANURAS.NS,2026-09-22,1197.9000244140625,1204.0886739095051,1221.7393527560764,1226.4714013671876,1270.4077392578124,1277.188893432617,1197.8819835618324,1043.872746633716,1413.2033352966978,False,False,False,False,False,False,True,True,False,11.263726701046274,green,300.04478537527774,True,False,False,False,,Chemicals & Petrochemicals,Specialty Chemicals,72.8744939271255,True,False
APARINDS.NS,2026-09-22,18233.0,17697.690266927082,17151.082221137152,16236.242578125,13623.9341015625,12326.734250488282,17916.33660046623,6777.469795325622,19265.0,True,True,True,True,True,True,True,True,False,109.92831630685399,red,134.6090214762073,False,False,False,False,,Electrical Equipment,Other Electrical Equipment,96.2753036437247,True,True
APCOTEXIND.NS,2026-09-22,609.4500122070312,606.6541697184244,615.7097235785591,603.6549975585938,490.9032676188151,458.5080712890625,605.8090729025972,307.1774227167927,712.0,True,True,True,True,True,True,True,True,False,51.90904287631388,noise,21.503569519830236,False,True,False,False,,Industrial Products,Rubber,89.47368421052632,True,True
PARKHOTELS.NS,2026-09-22,107.75,108.73422813415527,113.81378025478787,116.71038635253906,117.89260548909505,120.53418769836426,108.15431900877455,94.43465274602374,159.85374120701712,False,False,False,False,False,False,False,False,False,-31.227559370065638,green,164.71012894986575,False,False,False,False,,Leisure Services,Hotels & Resorts,26.88259109311741,False,False
APEX.NS,2026-09-22,356.8999938964844,362.41309865315753,376.27469211154516,378.9622912597656,403.06303080240883,377.72572311401365,358.586739559955,218.41563847380195,511.1200184186195,False,True,True,False,False,True,False,False,False,49.405353254730144,noise,24.538513834532814,False,False,False,False,,Food Products,Seafood,88.90688259109312,True,False
APLAPOLLO.NS,2026-09-22,2195.0,2174.608357747396,2123.1412997775606,2041.4085131835936,1968.2174446614583,1965.7505670166015,2180.226650569128,1646.9555379628491,2292.568366695916,True,True,True,True,True,True,True,True,False,31.212741356833963,noise,93.65042646856148,False,False,False,False,,Industrial Products,Iron & Steel Products,83.48178137651821,True,True
APOLLOHOSP.NS,2026-09-22,8835.5,8833.958333333334,8808.770724826389,8830.0488671875,8269.399479166666,7980.391750488281,8831.055662805062,6679.845437739152,9039.4765625,True,True,True,True,True,True,True,True,False,14.453152054581974,red,112.76515272892415,False,False,False,False,,Healthcare Services,Hospital,75.06072874493927,True,True
APOLLO.NS,2026-09-22,406.75,400.00833892822266,392.64166937934027,392.6850012207031,339.1976001993815,315.82419998168945,392.6095592289675,179.5,466.5,True,True,True,True,True,True,True,True,False,22.4966164593285,ppv,227.53059272833062,False,False,False,False,,Aerospace & Defense,Aerospace & Defense,80.08097165991903,True,True
APOLLOPIPE.NS,2026-09-22,526.0999755859375,551.0916620890299,566.5458272298177,547.8207495117188,483.0389093017578,435.2267678833008,544.9644408306215,251.75001240064898,668.7999877929688,True,True,True,True,False,True,True,False,False,32.92074692399114,noise,22.252128255658064,False,False,False,False,,Industrial Products,Plastic Products - Industrial,84.0080971659919,True,False
APOLSINHOT.NS,2026-09-22,1223.300048828125,1211.9779764811199,1211.69044664171,1213.5546435546876,1190.2614676920573,1205.5426547241211,1213.3493210262197,947.6541090965414,1446.519145231846,True,False,False,True,True,False,True,True,False,-12.760308165937706,dry,15.626808658409539,False,False,False,False,,Leisure Services,Hotels & Resorts,49.635627530364374,False,False
APOLLOTYRE.NS,2026-09-22,402.54998779296875,413.40416208902997,431.25972154405383,429.9740002441406,421.82477701822916,441.291190032959,412.73058931207936,363.2227809620478,533.7087547028075,False,False,False,False,False,False,True,False,False,-16.185802665443305,noise,74.58238359299851,False,False,False,False,,Auto Components,Tyres & Rubber Products,46.072874493927124,False,False
APOORVA.NS,2026-09-22,,,,,,,,,,False,False,False,False,False,False,False,False,False,,noise,,False,False,True,False,,Finance,Other Financial Services,,False,False
APTECHT.NS,2026-09-22,91.77999877929688,89.38499959309895,92.00833320617676,92.39459991455078,93.36670542399088,91.6781676864624,90.41322268354166,66.31145685193937,128.47999572753906,False,True,False,False,False,True,False,True,False,-26.232507582763464,red,190.0539404451844,False,False,False,False,,Other Consumer Services,Education,33.603238866396765,False,False
APTUS.NS,2026-09-22,242.0800018310547,246.956667582194,252.98972278171115,262.3446011352539,253.84971832275392,258.3523742675781,243.98871820548456,191.24135126964168,326.69252082124143,False,False,False,True,False,False,False,False,False,-23.82323733481504,ppv,280.3666543151368,False,False,False,False,,Finance,Housing Finance Company,36.59919028340081,False,False
AQYLON.NS,2026-09-22,19.799999237060547,20.796666463216145,22.930833445654976,24.550200080871583,51.30726665496826,211.576601190567,20.10111030572187,17.940000534057617,1714.9000244140625,False,False,False,False,False,False,False,False,False,-98.01801809438834,dry,17.98309555339496,False,False,False,False,,Entertainment,TV Broadcasting & Software Production,0.04048582995951417,False,False
ARABIAN.NS,2026-09-21,91.8499984741211,84.04999987284343,83.84305551317003,79.58399993896484,73.19699981689453,72.50224998474121,84.59405937426367,63.20000076293945,94.30000305175781,True,True,True,True,True,True,True,True,False,20.855261150159343,ppv,359.5890410958904,True,False,False,False,,Petroleum Products,Lubricants,79.23076923076923,True,True
ACI.NS,2026-09-22,463.04998779296875,475.5041681925456,495.71944342719183,512.7210009765626,545.1512955729166,543.2187051391602,470.6426857072705,446.0,716.6142960119245,False,True,False,False,False,False,False,False,False,-33.00148513483093,noise,32.71766355181484,False,True,False,False,,Chemicals & Petrochemicals,Specialty Chemicals,24.291497975708502,False,False
ADL.NS,2026-09-22,69.0,71.51083310445149,72.30027813381619,71.90580001831054,71.19839975992839,72.26834991455078,71.07296603798983,50.2599983215332,109.9000015258789,False,False,False,False,False,True,False,False,False,-20.871556863751785,dry,6.563736823543243,False,False,False,False,,Consumer Durables,Plywood Boards/ Laminates,40.76923076923077,False,False
ARCHIDPLY.NS,2026-09-22,107.68000030517578,102.79833348592122,99.60722245110406,94.49440017700195,84.29860008239746,85.42170007705688,103.72475088850186,60.0,124.77999877929688,True,False,True,True,True,True,True,True,False,3.309984493071294,green,106.18457466008904,False,False,False,False,,Consumer Durables,Plywood Boards/ Laminates,66.11336032388664,False,False
ARCHIES.NS,2026-09-22,12.75,12.589166641235352,13.299166626400417,13.494799995422364,14.117066682179768,14.996000008583069,12.585497504996153,10.859999656677246,24.3799991607666,False,False,False,False,False,False,False,True,False,-35.081464377641055,noise,37.48055200095744,False,True,False,False,,Consumer Durables,Leisure Products,21.700404858299596,False,False
ARCL.NS,2026-09-22,,,,,,,,,,False,False,False,False,False,False,False,False,False,,ppv,,False,True,False,False,,Chemicals & Petrochemicals,Commodity Chemicals,,False,False
ARDEE.NS,2026-09-22,,,,,,,,,,False,False,False,False,False,False,False,False,False,,noise,,False,False,False,False,,Diversified Metals,Diversified Metals,,False,False
ARFIN.NS,2026-09-22,89.27999877929688,88.23250007629395,86.35388904147678,86.88579956054687,86.70473317464193,83.1452500152588,88.02487845119357,43.417442879247176,106.19999694824219,True,True,True,True,True,True,True,True,False,98.55663452495061,noise,64.10801108509713,False,True,False,False,,Non - Ferrous Metals,Aluminium,95.70850202429149,True,True
ARIES.NS,2026-09-22,469.95001220703125,475.6252950032552,438.1067131890191,410.62683349609375,368.31493916829425,356.1387338256836,471.2897040318362,283.80856922132995,521.9153446988465,True,True,True,True,True,True,True,False,False,12.361834462133059,dry,18.536227631280383,False,False,False,False,,Fertilizers & Agrochemicals,Fertilizers,73.40080971659918,True,True
ARIHANT.NS,2026-09-22,,,,,,,,,,False,False,False,False,False,False,False,False,False,,dry,13.284023770325588,False,False,False,False,,Realty,"Residential, Commercial Projects",,False,False
ARIHANTACA.NS,2026-09-21,494.0,498.41724904378253,481.38829633924695,475.8803698730469,470.1616400146484,470.01476852416994,495.9065733366828,383.4599833428105,552.7799769827852,True,True,False,True,True,False,True,False,False,25.565558807116528,red,1214.9532710280373,False,False,False,False,,Other Consumer Services,Education,81.29554655870446,True,False
ARIHANTCAP.NS,2026-09-22,90.98999786376953,80.06124051411946,77.58924060397678,77.12096725463867,72.38084462483724,75.84159420013428,81.68746157753012,56.61924385842271,119.26117337467782,True,False,False,True,True,True,True,True,False,-15.023500237125676,ppv,1438.9244308441887,True,False,False,False,,Capital Markets,Stockbroking & Allied,47.16599190283401,False,False
ARIHANTSUP.NS,2026-09-22,234.89999389648438,225.76713053385416,244.972048441569,249.41565490722655,250.8094323730469,264.89433013916016,228.97892436138693,188.58512711443598,464.470773664448,False,False,False,False,False,False,False,True,False,-42.29885004048795,dry,13.252013227358317,False,False,False,False,,Realty,"Residential, Commercial Projects",14.817813765182187,False,False
ARIS.NS,2026-09-22,140.10000610351562,128.2699998219808,134.00944413079156,130.40720016479492,121.71846674601237,120.40775009155273,131.76930783806014,82.18000030517578,178.3000030517578,True,True,False,True,True,True,True,True,False,-17.82026653295833,red,109.72822588014427,False,False,False,False,,Other Construction Materials,Other Construction Materials,44.37246963562753,False,False
ARISTO.NS,2026-09-21,112.0,106.75,107.37083392673068,107.98000045776367,101.57966700236003,103.48425037384033,108.9286701644438,74.30000305175781,138.0,True,False,False,True,True,True,True,True,False,-18.840579710144922,dry,0.0,False,False,False,False,,Fertilizers & Agrochemicals,Pesticides & Agrochemicals,43.27935222672065,False,False
ARKADE.NS,2026-09-22,128.39999389648438,121.76166598002116,127.9149996439616,130.78699951171876,120.6257334391276,123.23045001983643,122.16124080167225,92.62000274658203,185.3000030517578,True,False,False,True,False,True,False,True,False,-29.193781576328703,noise,82.61157329567382,False,False,False,False,,Realty,"Residential, Commercial Projects",29.4331983805668,False,False
ARMANFIN.NS,2026-09-22,1974.9000244140625,1989.616678873698,1984.647233751085,1974.016005859375,1729.5993367513022,1682.7740032958984,1969.8946699859846,1301.0,2158.60009765625,True,True,True,True,True,True,True,True,False,38.540864567805166,noise,32.9980793240481,False,False,False,False,,Finance,Non Banking Financial Company (NBFC),85.82995951417004,True,True
AROGRANITE.NS,2026-09-22,23.09000015258789,23.553333282470703,24.56861114501953,24.75900005340576,25.229533411661784,26.36775004386902,23.417518202440757,18.670000076293945,45.630001068115234,False,False,False,False,False,False,False,False,False,-39.83845880668758,noise,25.742799833816548,False,False,False,False,,Consumer Durables,Granites & Marbles,16.842105263157894,False,False
ARROWGREEN.NS,2026-09-22,913.0499877929688,843.6388905843099,773.84642706977,752.9946374511719,592.7540513102214,563.6454077148437,859.3385908665912,339.84701118518905,952.75,True,True,True,True,True,True,True,True,False,61.27446123746152,ppv,399.9413169236071,False,False,True,False,,Industrial Products,Packaging,91.1336032388664,True,True
ARSHIYA.NS,2026-09-22,0.699999988079071,0.734166661898295,0.8358333342605166,0.8788000011444091,1.141933335463206,1.176200003027916,0.7334012371215703,0.6800000071525574,2.1700000762939453,False,False,False,False,False,False,False,False,False,-66.34615318485967,noise,72.9943522258435,False,False,False,True,,Transport Services,Logistics Solution Provider,2.348178137651822,False,False
ARTNIRMAN.NS,2026-09-22,40.4900016784668,40.12166659037272,40.71361128489176,40.32439994812012,40.447000109354654,41.78250008583069,40.100453298194864,29.389999389648438,66.97000122070312,False,False,False,False,True,True,False,True,False,-15.645829836527502,noise,51.06615483762504,False,False,False,False,,Realty,"Residential, Commercial Projects",46.59919028340081,False,False
AEPL.NS,2026-09-22,,,,,,,,,,False,False,False,False,False,False,False,False,False,,noise,44.30944250855847,False,False,False,False,,Electrical Equipment,Other Electrical Equipment,,False,False
ARTEMISMED.NS,2026-09-22,340.8500061035156,339.26249440511066,324.709721883138,312.10600036621094,269.9106891886393,266.8057447052002,336.510978690517,203.00855548512436,362.0,True,True,True,True,True,True,True,True,False,41.13066672934102,noise,66.3739042077186,False,False,False,False,,Healthcare Services,Hospital,86.35627530364373,True,True
ARVEE.NS,2026-09-22,236.07000732421875,187.7116673787435,173.7863892449273,169.1136001586914,163.0579332478841,169.75494995117188,191.65741145144344,129.11000061035156,290.7799987792969,True,False,False,False,True,True,True,True,False,39.909923132706425,ppv,1535.7387150040881,False,False,False,False,,Chemicals & Petrochemicals,Specialty Chemicals,86.03238866396761,True,False
ARVINDFASN.NS,2026-09-22,419.3999938964844,434.75,443.7340791490343,449.21026123046875,447.3950067138672,455.96000396728516,431.10431595486136,364.92489307412075,567.0187417779242,False,False,False,False,False,False,False,False,False,-25.464369124981168,noise,36.76179715094973,False,False,False,False,,Retailing,Speciality Retail,34.37246963562753,False,False
ARVIND.NS,2026-09-22,533.5499877929688,558.4666493733724,549.6771850585938,541.3578472900391,467.6563096110026,431.10606918334963,549.5705932719143,275.6944407527197,607.1500244140625,True,True,True,True,False,True,True,False,False,70.27651555879682,noise,47.3685447653353,False,False,False,False,,Textiles & Apparels,Garments & Apparels,92.34817813765183,True,False
ARVSMART.NS,2026-09-22,588.2000122070312,591.5666707356771,630.0537329779731,620.7087243652344,591.6269917805989,587.9587649536132,584.5496620093438,485.12175511902797,705.4097122162362,False,True,False,True,False,False,True,True,False,-9.103745960889709,noise,31.259978430928104,False,True,False,False,,Realty,"Residential, Commercial Projects",54.04858299595142,False,False
ARYAMAN.NS,2026-09-22,,,,,,,,,,False,False,False,False,False,False,False,False,False,,noise,,False,False,False,False,,Finance,Non Banking Financial Company (NBFC),,False,False
ASAHIINDIA.NS,2026-09-22,965.1500244140625,963.0543111165365,944.3925272623698,927.4136181640625,883.1730830891927,906.0750207519532,960.0664318043049,773.5120327669628,1071.7996569938532,True,False,False,True,True,False,True,True,False,9.261861752843492,noise,42.77968032789912,False,False,False,False,,Auto Components,Auto Components & Equipments,71.29554655870444,True,False
ASAHISONG.NS,2026-09-22,371.20001220703125,372.67083231608075,367.53055657280817,352.8140008544922,274.60466735839844,267.93925048828123,370.5090437431527,179.63999938964844,413.95001220703125,True,True,True,True,True,True,True,True,False,31.398234409568595,dry,17.695241189362058,False,False,False,False,,Chemicals & Petrochemicals,Dyes And Pigments,83.56275303643724,True,True
ASCOM.NS,2026-09-21,207.89999389648438,218.21648279825845,228.57481341891818,237.15847442626952,240.5031098429362,214.65281581878662,215.57500048565112,89.89176940917969,284.6572652144594,False,True,True,False,False,True,False,False,False,131.2781195240927,dry,0.0,False,False,False,False,,Finance,Non Banking Financial Company (NBFC),97.16599190283401,True,False
ASHAPURMIN.NS,2026-09-22,537.3499755859375,532.5435689290365,585.5352596706814,615.8018359375,610.4373793538412,646.275493927002,532.7135513222015,453.38988582073415,921.4245512973316,False,False,False,False,False,False,False,True,False,-17.159149857582246,noise,96.09160070712045,False,False,False,False,,Minerals & Mining,Industrial Minerals,45.1417004048583,False,False
ASHIANA.NS,2026-09-22,385.0,355.9933395385742,365.3832372029622,369.86647705078127,352.48295735677084,337.7380239868164,364.89039426572236,267.64283553700096,434.28772937264273,True,True,True,True,True,True,True,True,False,24.911247495597657,noise,77.27952083151109,False,True,False,False,,Realty,"Residential, Commercial Projects",81.13360323886639,True,True
ASHIKAG.NS,2026-09-22,,,,,,,,,,False,False,False,False,False,False,False,False,False,,noise,,False,False,False,True,,Finance,Non Banking Financial Company (NBFC),,False,False
ASHIMASYN.NS,2026-09-22,15.680000305175781,16.59083358446757,17.484722269905937,17.373200016021727,15.966533336639404,16.36975004196167,16.36590434486103,11.5,24.700000762939453,False,False,False,True,False,True,False,False,False,-33.78378334839559,noise,78.84375186738934,False,False,False,False,,Textiles & Apparels,Other Textile Products,23.40080971659919,False,False
ASHOKLEY.NS,2026-09-22,160.75,163.07416534423828,170.56499989827475,166.785,165.7784087117513,169.97176864624024,162.41412706804996,131.07000684605995,211.80679384961218,False,False,False,False,False,False,True,False,False,18.061286366626007,noise,59.38394179723135,False,False,False,False,,"Agricultural, Commercial & Construction Vehicles",Commercial Vehicles,77.4493927125506,True,False
ASHOKA.NS,2026-09-22,111.95999908447266,112.63166745503743,114.60944514804416,117.06000045776368,123.81500045776367,132.72495037078858,112.44314260013836,101.0,214.5,False,False,False,False,False,False,False,False,False,-42.282708758417684,dry,16.39351250222382,False,False,False,False,,Construction,Civil Construction,14.8582995951417,False,False
ASHOKAMET.NS,2026-09-22,14.300000190734863,15.032500187555948,14.20583340856764,14.224000015258788,14.903666642506918,14.883999991416932,14.801979441440801,12.130000114440918,21.0,False,True,False,False,True,False,False,False,False,-20.907078257312094,red,111.61899094463752,False,False,False,False,,Metals & Minerals Trading,Trading - Metals,40.688259109311744,False,False
ASIANENE.NS,2026-09-22,489.6000061035156,510.4428532918294,469.70868004692926,442.1665368652344,359.34021036783855,337.2455997467041,497.7555607974666,229.41812828743812,564.2688840142267,True,True,True,True,True,True,True,False,False,38.6167026459342,noise,23.963435419070148,False,True,False,False,,Oil,Oil Equipment & Services,85.87044534412955,True,True
ASIANTILES.NS,2026-09-22,50.09000015258789,50.28000005086263,50.02083322736952,50.47779991149903,58.27773345947266,61.50275005340576,50.26360935826797,42.5,79.05999755859375,False,False,False,False,False,False,False,False,False,-20.756208071370875,dry,9.717984362412567,False,False,False,False,,Consumer Durables,Ceramics,40.931174089068826,False,False
AHLEAST.NS,2026-09-22,135.1300048828125,135.19500096638998,138.72666634453668,140.67719970703126,151.03193359375,147.75485023498535,135.4585772884721,127.25,175.3000030517578,False,True,False,False,False,False,True,False,False,-9.913330078125004,dry,17.24767960242637,False,False,False,False,,Leisure Services,Hotels & Resorts,52.99595141700405,False,False
ASIANHOTNR.NS,2026-09-22,385.1000061035156,384.7958297729492,341.8152779473199,331.015,309.89000061035154,310.64100021362304,379.09245009103336,247.5,423.79998779296875,True,False,False,True,True,True,True,True,False,17.229834430293955,dry,8.239167045433646,False,True,False,False,,Leisure Services,Hotels & Resorts,76.96356275303644,True,False
AHLWEST.NS,2026-09-22,545.0,528.8833338419596,534.4763887193468,542.3829998779297,435.1713978068034,362.41604682922366,534.9597255017687,137.0,751.4000244140625,True,True,True,True,True,True,False,True,False,278.0784065737597,noise,149.91181657848324,False,True,False,False,,Leisure Services,Hotels & Resorts,99.35222672064778,True,False
ASIANPAINT.NS,2026-09-22,2448.5,2460.6750284830728,2594.8500162760415,2626.7980029296873,2529.6664127604167,2559.6071936035155,2462.2780800635933,2096.8080953222207,2960.0187763517797,False,False,False,True,False,False,True,False,False,-0.36662176285222614,noise,56.20292121436121,False,False,False,False,,Consumer Durables,Paints,62.955465587044536,False,False
ASTAR.NS,2026-09-22,,,,,,,,,,False,False,False,False,False,False,False,False,False,,noise,,False,False,False,False,,Consumer Durables,"Gems, Jewellery And Watches",,False,False
ASIANTNE.NS,2026-09-22,,,,,,,,,,False,False,False,False,False,False,False,False,False,,noise,,False,False,False,False,,Commercial Services & Supplies,Trading & Distributors,,False,False
ASKAUTOLTD.NS,2026-09-22,663.4000244140625,628.0541737874349,631.6791687011719,595.6355194091797,490.1244403076172,482.3785348510742,637.2806183175323,373.9332517882958,687.7000122070312,True,True,True,True,True,True,True,True,False,29.412004233902888,noise,48.021281017799,False,False,False,False,,Auto Components,Auto Components & Equipments,82.71255060728745,True,True
ASPINWALL.NS,2026-09-22,252.35000610351562,253.7624994913737,249.47333229912653,249.22556427001953,232.68278910319012,229.80604904174805,252.88896489636426,195.3813837893318,292.5110543346773,True,True,False,True,True,False,True,False,False,-5.017189133072453,green,116.71716412030571,False,False,False,False,,Transport Services,Logistics Solution Provider,58.582995951417004,False,False
ASPIRE.NS,2026-09-21,12.949999809265137,13.012499968210856,13.699999941719902,13.82399995803833,14.100666681925455,14.76475000858307,12.913147792619306,10.199999809265137,25.0,False,False,False,False,False,False,False,True,False,-47.14285792136679,green,119.76047904191616,False,False,False,False,,Consumer Durables,Household Appliances,10.607287449392713,False,False
ASSAMENT.NS,2026-09-22,,,,,,,,,,False,False,False,False,False,False,False,False,False,,ppv,,False,False,False,False,,Finance,Non Banking Financial Company (NBFC),,False,False
ASALCBR.NS,2026-09-22,651.7999877929688,674.7947743733724,708.6296183268229,732.3473095703125,793.7009606933593,819.8778405761718,667.1392064645429,644.5499877929688,1273.3313070480908,False,False,False,False,False,False,False,False,False,-34.67139699062767,noise,67.077002686885,False,False,False,False,,Beverages,Breweries & Distilleries,22.267206477732792,False,False
ASTEC.NS,2026-09-22,794.5,701.9166666666666,630.2861107720269,639.8659985351562,669.7286678059896,667.7390023803711,711.2652731788118,513.4000244140625,941.75,True,True,False,False,True,True,True,True,False,-6.551401012385282,ppv,872.4658451540801,True,False,False,False,,Fertilizers & Agrochemicals,Pesticides & Agrochemicals,56.92307692307692,False,False
ASTERDM.NS,2026-09-22,750.7000122070312,763.7124989827474,787.3666687011719,793.6900024414062,743.0056526692708,704.9995870971679,758.277252850369,516.8361420654307,891.2999877929688,True,True,True,True,False,True,True,False,False,16.26649885756144,noise,21.092894249983566,False,False,False,False,,Healthcare Services,Hospital,76.51821862348179,True,False
ASTRAMICRO.NS,2026-09-22,1616.300048828125,1662.6817118326824,1697.2471245659722,1716.5414770507812,1392.6283862304688,1278.2831130981444,1645.8945094966732,849.7963206864241,1957.2277658555508,True,True,True,True,False,True,True,False,False,45.16496310064038,noise,41.26751158412372,False,False,False,False,,Aerospace & Defense,Aerospace & Defense,87.6923076923077,True,False
ASTRAL.NS,2026-09-22,1381.5999755859375,1427.2333374023438,1477.2152303059895,1463.1205932617188,1520.3280721028646,1503.8252111816407,1416.9513634579182,1309.540253350694,1765.9224658214252,False,True,False,False,False,False,True,False,False,-3.705667795709189,noise,42.54029336261993,False,False,False,False,,Industrial Products,Plastic Products - Industrial,60.0,False,False
ASTRAZEN.NS,2026-09-22,6711.5,6764.416666666667,7259.722222222223,7484.5401171875,8094.471324869792,8243.119287109375,6756.6203633148225,6600.0,9805.695125484928,False,False,False,False,False,False,False,False,False,-24.54550215469752,noise,37.98935259846502,False,False,False,False,,Pharmaceuticals & Biotechnology,Pharmaceuticals,35.62753036437247,False,False
ASTRON.NS,2026-09-22,2.8399999141693115,2.9666666785875955,3.211944454246097,3.400600004196167,3.8395333433151246,4.2365500092506405,2.952368257430337,2.819999933242798,16.700000762939453,False,False,False,False,False,False,False,False,False,-81.24174471751682,noise,71.39884583632279,False,False,False,True,,"Paper, Forest & Jute Products",Paper & Paper Products,0.5263157894736842,False,False
ATALREAL.NS,2026-09-22,13.069999694824219,16.1349999109904,27.488611115349663,28.58699996948242,27.372866592407227,27.008799924850464,16.085563780913205,12.380000114440918,36.70000076293945,False,True,False,True,False,False,False,False,False,-31.606492530699228,noise,58.36045172355483,False,False,False,True,,Realty,"Residential, Commercial Projects",26.234817813765183,False,False
ATAM.NS,2026-09-22,58.27000045776367,56.32370662689209,58.07053852081299,60.3437735748291,64.71004826863607,68.21223346710205,57.40787372377447,48.18950083312845,110.28937131225031,False,False,False,False,False,False,False,True,False,-35.53319478118361,noise,58.91430205517516,False,False,False,False,,Industrial Manufacturing,Industrial Products,21.336032388663966,False,False
ATHERENERG.NS,2026-09-22,1543.800048828125,1599.2000122070312,1549.9194471571182,1467.497998046875,1090.3479992675782,986.4462490844727,1590.1589084528673,534.5,1744.0,True,True,True,True,True,True,True,False,False,160.97541724038132,noise,69.00271840265064,False,False,False,False,,Automobiles,2/3 Wheelers,98.21862348178138,True,True
ATLANTAELE.NS,2026-09-22,,,,,,,,,,False,False,False,False,False,False,False,False,False,,noise,48.63232616931139,False,False,False,False,,Electrical Equipment,Heavy Electrical Equipment,,False,False
ATLANTAA.NS,2026-09-22,35.63999938964844,37.03500016530355,38.607222345140244,38.052399978637695,39.38933344523112,40.56010009765625,36.60678475707494,31.520000457763672,73.38999938964844,False,False,False,False,False,False,False,False,False,-12.903223400689035,noise,39.84179305368073,False,False,False,False,,Construction,Civil Construction,49.51417004048583,False,False
ATLASCYCLE.NS,2026-09-22,93.55000305175781,95.5641663869222,96.42527813381619,96.9002001953125,95.97300018310547,96.17080017089843,92.97420920638521,76.1500015258789,130.0,False,False,False,True,False,False,False,True,False,-20.874566188302847,noise,77.5099250869667,False,False,False,False,,Consumer Durables,Cycles,40.72874493927125,False,False
ATMASTCO.NS,2026-09-21,126.5999984741211,130.9250005086263,141.2597223917643,145.55100067138673,153.87333318074545,151.26324951171875,129.86287213488563,98.0,229.89999389648438,False,True,False,False,False,False,False,False,False,-39.69992840469958,red,106.25,False,False,False,False,,Construction,Civil Construction,16.923076923076923,False,False
ATUL.NS,2026-09-22,6176.5,6213.25,6498.847222222223,6460.99451171875,6522.608395182292,6407.408647460938,6197.690448473334,5533.215936920114,7144.769440445724,False,True,True,False,False,False,True,False,False,-2.113924492404695,ppv,174.6064196476755,False,False,False,False,,Chemicals & Petrochemicals,Specialty Chemicals,61.25506072874494,False,False
ATULAUTO.NS,2026-09-22,446.6000061035156,446.7568537394206,480.7719506157769,482.98178955078123,469.4104012044271,461.5310067749023,447.9637696837633,377.51434467774817,592.5698687930867,False,True,False,True,False,False,True,False,False,-10.429393517997132,dry,15.434889632375842,False,True,False,False,,"Agricultural, Commercial & Construction Vehicles",Commercial Vehicles,52.469635627530366,False,False
AUBANK.NS,2026-09-22,1036.4000244140625,1049.433329264323,1071.9972161187065,1058.5125219726563,1009.6826302083333,1004.2076574707031,1047.7039200639063,703.1671124413608,1144.0999755859375,True,True,True,True,False,True,True,False,False,46.931027023285196,noise,35.06587776068826,False,False,False,False,,Banks,Other Bank,88.25910931174089,True,False
AUGMONT.NS,2026-09-22,,,,,,,,,,False,False,False,False,False,False,False,False,False,,noise,,False,False,False,False,,Non - Ferrous Metals,Precious Metals,,False,False
AURIONPRO.NS,2026-09-22,681.9000244140625,680.9819539388021,701.0114915635851,730.7334606933593,804.4969018554688,859.6153311157227,685.3612403235912,661.0700075386379,1253.0590576684854,False,False,False,False,False,False,False,False,False,-44.35431027286497,noise,65.53039766962272,False,False,False,False,,IT - Software,Computers - Software & Consulting,12.955465587044534,False,False
AUROIMPEX.NS,2026-09-21,35.400001525878906,29.300000190734863,26.904166804419624,26.498000068664552,28.65800001780192,30.794750061035156,30.581752543335806,21.25,53.95000076293945,True,False,False,False,True,True,False,True,False,-26.173094968458145,green,175.0,False,False,False,False,,Industrial Products,Electrodes & Refractories,33.68421052631579,False,False
AUROPHARMA.NS,2026-09-22,1700.0,1684.9416809082031,1653.3333435058594,1625.6160034179688,1476.8073347981772,1403.4494982910155,1689.0705692391075,1066.800048828125,1738.9000244140625,True,True,True,True,True,True,True,True,False,51.89421677690298,noise,99.29082839379525,False,False,False,False,,Pharmaceuticals & Biotechnology,Pharmaceuticals,89.43319838056681,True,True
AURUM.NS,2026-09-22,222.0399932861328,222.09416580200195,225.3999989827474,226.60359954833984,198.6339335123698,194.25944976806642,221.7646422165373,151.89999389648438,264.6400146484375,True,True,True,True,False,True,True,True,False,31.91538951067081,noise,33.595851076216384,False,False,False,False,,IT - Services,IT Enabled Services,83.80566801619433,True,False
AURUS.NS,2026-09-22,4.889999866485596,4.849166631698608,4.72916661368476,4.724199953079224,4.897533321380616,4.953949992656708,4.826917550412025,4.099999904632568,7.289999961853027,False,False,False,False,True,False,False,True,False,-29.437229615950667,noise,50.633898837678174,False,False,False,False,,Consumer Durables,"Gems, Jewellery And Watches",29.1497975708502,False,False
AUSOMENT.NS,2026-09-22,147.22999572753906,151.8841120402018,147.32225587632922,142.70420486450195,125.10791580200195,123.18355659484864,149.9716832686844,92.37958340712095,176.81253472005758,True,True,True,True,True,True,True,False,False,43.497710830741276,green,101.86180840039114,False,False,False,False,,Consumer Durables,"Gems, Jewellery And Watches",87.04453441295547,True,True
AUSTENG.NS,2026-09-22,,,,,,,,,,False,False,False,False,False,False,False,False,False,,ppv,,False,False,True,False,,Industrial Manufacturing,Industrial Products,,False,False
APS.NS,2026-09-21,233.35000610351562,238.75000127156576,247.61388990614148,257.962001953125,304.3946681722005,318.35325103759766,236.66319056211356,225.10000610351562,543.8331494744521,False,False,False,False,False,False,False,False,False,-52.03941888413309,noise,28.77500685119211,False,False,False,False,,Electrical Equipment,Heavy Electrical Equipment,7.489878542510121,False,False
AIIL.NS,2026-09-22,546.9000244140625,533.9500020345052,548.8069474962023,547.3710034179687,506.12933553059895,519.6531010437012,541.0877772471359,400.0,683.0,True,False,False,True,False,True,True,True,False,-9.90412065216779,dry,14.794505047935822,False,False,False,False,,Finance,Non Banking Financial Company (NBFC),53.036437246963565,False,False
ACGL.NS,2026-09-22,,,,,,,,,,False,False,False,False,False,False,False,False,False,,noise,,False,True,False,False,,Auto Components,Auto Components & Equipments,,False,False
AUTOIND.NS,2026-09-22,84.81999969482422,82.45083363850911,88.48777749803331,88.51559982299804,78.81119992574055,78.15474981307983,82.43544456278372,48.349998474121094,104.0,True,True,True,True,False,True,True,True,False,10.170154628279814,noise,83.89658940478874,False,False,False,False,,Auto Components,Auto Components & Equipments,72.22672064777328,True,False
AUTOAXLES.NS,2026-09-22,1664.4000244140625,1672.808329264323,1742.822981092665,1753.3177001953125,1756.7940657552083,1785.7761987304686,1680.8964337321943,1513.8492510872597,2078.8153236463377,False,False,False,False,False,False,True,False,False,-4.334712055149625,noise,47.053950502226364,False,False,False,False,,Auto Components,Auto Components & Equipments,59.392712550607285,False,False
ASAL.NS,2026-09-22,449.1499938964844,457.1416651407878,482.6111094156901,493.01299865722655,484.9183321126302,479.98299942016604,455.09492904050285,374.5,654.6500244140625,False,True,False,True,False,False,False,False,False,-8.764979680363227,noise,37.78547627207525,False,True,False,False,,Auto Components,Auto Components & Equipments,54.2914979757085,False,False
AVADHSUGAR.NS,2026-09-22,732.7999877929688,770.625,740.5458340115017,681.0336724853515,523.2598933919271,479.21194259643556,752.7260107188323,300.3047281830496,884.7999877929688,True,True,True,True,True,True,True,False,False,66.57064892753677,noise,21.089163999344134,False,False,False,False,,Agricultural Food & other Products,Sugar,91.94331983805668,True,True
AVALON.NS,2026-09-22,2468.5,2315.9416707356772,2168.352793375651,2045.6460131835938,1542.2650061035156,1384.4467553710938,2351.0411598818596,777.2999877929688,2618.0,True,True,True,True,True,True,True,True,False,152.3383593151035,noise,69.0267433384594,False,False,False,False,,Electrical Equipment,Other Electrical Equipment,97.97570850202429,True,True
AVANCE.NS,2026-09-22,,,,,,,,,,False,False,False,False,False,False,False,False,False,,noise,,False,False,False,False,,IT - Software,Software Products,,False,False
AVANTEL.NS,2026-09-22,146.7100067138672,151.45666885375977,157.05388980441623,159.63620086669923,157.49243001302082,155.85713779449463,149.18650551938964,116.90105303611325,214.72640412746412,False,True,False,True,False,False,False,False,False,-22.575795667079657,noise,84.5441988119947,False,True,False,False,,Aerospace & Defense,Aerospace & Defense,38.502024291497975,False,False
AVANTIFEED.NS,2026-09-22,753.1500244140625,787.5916646321615,831.4264594184028,868.3249108886719,1087.32302734375,1038.2417346191405,779.609444433696,624.5679941941372,1575.9303166617983,False,True,False,False,False,False,False,False,False,3.8928028133106807,noise,42.24433112274515,False,False,False,False,,Food Products,Animal Feed,66.76113360323886,False,False
DMART.NS,2026-09-22,3777.0,3722.4749755859375,3860.574985080295,3887.0119921875,4073.400672200521,4005.586004638672,3749.1071059910937,3600.0,4789.7998046875,False,True,False,False,False,False,True,True,False,-19.142836057632906,noise,98.31409016620401,False,False,False,False,,Retailing,Diversified Retail,42.955465587044536,False,False
CCAVENUE.NS,2026-09-22,16.110000610351562,15.847500006357828,15.773888879352146,16.05699998855591,15.339799989064534,15.667899990081787,15.90226147541809,12.920000076293945,20.5,True,False,False,True,True,False,True,True,False,-0.8615347055288436,ppv,149.6123232794758,False,False,False,False,,Financial Technology (Fintech),Financial Technology (Fintech),62.469635627530366,False,False
AVG.NS,2026-09-22,169.5500030517578,169.31099319458008,183.4754392835829,188.94819274902343,170.90504928588868,169.21060306549072,170.33550282068856,115.8389395800693,262.5688963236196,False,True,False,True,False,True,False,False,False,-28.028265523682126,noise,28.705818253480636,False,False,False,False,,Transport Services,Logistics Solution Provider,31.133603238866396,False,False
ASMS.NS,2026-09-22,6.610000133514404,6.823333342870076,7.0119444661670265,7.0348000240325925,7.716799996693929,8.736449995040893,6.7742484093562565,6.519999980926514,16.700000762939453,False,False,False,False,False,False,False,False,False,-58.29653012978996,red,114.87700497018429,False,False,False,True,,IT - Services,IT Enabled Services,4.331983805668016,False,False
AVONMORE.NS,2026-09-22,12.869999885559082,13.380833466847738,12.841944482591417,12.033800010681153,11.90286668141683,13.110900020599365,13.101064286396504,9.050000190734863,20.75,False,False,False,False,True,True,False,False,False,-36.66338543874463,noise,32.329309609780616,False,False,False,False,,Finance,Non Banking Financial Company (NBFC),20.16194331983806,False,False
AVPINFRA.NS,2026-09-21,56.04999923706055,58.3833335240682,60.288889249165855,61.30400032043457,77.61800025939941,86.78425024032593,57.9472351681906,54.5,189.4499969482422,False,False,False,False,False,False,False,False,False,-68.42253564109265,noise,96.05662285136502,False,False,False,False,,Construction,Civil Construction,1.7813765182186234,False,False
AVROIND.NS,2026-09-22,7.239999771118164,8.011666655540466,8.608611173099941,8.708600053787231,10.622340059280395,11.07465005159378,7.917726068943546,7.079999923706055,15.989999771118164,False,False,False,False,False,False,False,False,False,-48.055675751273405,red,167.82379426852617,False,False,False,True,,Consumer Durables,Plastic Products - Consumer,9.959514170040485,False,False
AVSL.NS,2026-09-21,119.69999694824219,119.69999694824219,119.69999694824219,119.69999694824219,119.69999694824219,120.64649742126466,119.6999969482422,119.69999694824219,126.0,False,False,False,False,False,False,True,False,False,-0.25000254313151116,dry,0.0,False,False,False,True,,Industrial Products,Plastic Products - Industrial,63.19838056680162,False,False
AVTNPL.NS,2026-09-22,98.26000213623047,89.66916529337566,83.99838553534613,80.03559814453125,70.55460268656412,69.34074180603028,89.86383970051679,53.16497337905437,100.0,True,True,True,True,True,True,True,True,False,29.755119122796494,ppv,1161.2734837632229,True,False,True,False,,Agricultural Food & other Products,Other Agricultural Products,82.95546558704453,True,True
AWFIS.NS,2026-09-22,266.54998779296875,268.5583356221517,267.2347221374512,271.7489993286133,297.4115325927734,334.1688996887207,269.7589826249043,229.0500030517578,639.4000244140625,False,False,False,False,False,False,False,False,False,-55.85458874100482,noise,46.083742481127075,False,False,False,False,,Commercial Services & Supplies,Diversified Commercial Services,5.708502024291498,False,False
AWL.NS,2026-09-22,183.10000610351562,185.15083440144858,190.71861139933267,190.26260009765625,188.96104380289714,197.63081802368163,185.11640428264639,170.3003850027749,281.42985528309595,False,False,False,False,False,False,False,False,False,-32.10753220377265,noise,41.82341761764476,False,False,False,False,,Agricultural Food & other Products,Edible Oil,25.708502024291498,False,False
AXISBANK.NS,2026-09-22,1242.699951171875,1245.0833333333333,1247.1666768391926,1249.3220092773438,1285.0498095703124,1286.3390985107421,1246.3093776558424,1124.5327321092266,1417.2070248903838,False,False,False,False,False,False,True,False,False,8.673399020036943,noise,45.30347627117662,False,False,False,False,,Banks,Private Sector Bank,70.72874493927127,True,False
AXISCADES.NS,2026-09-22,1891.0999755859375,1819.3416544596355,1674.08888414171,1642.0699975585937,1705.806670735677,1602.0445043945313,1809.9908260709954,1063.300048828125,2211.0,True,True,True,False,True,True,True,True,False,7.180908491199478,green,112.76822152923663,False,False,False,False,,Aerospace & Defense,Aerospace & Defense,69.35222672064776,False,False
AXITA.NS,2026-09-22,7.989999771118164,7.975838383038838,7.691956440607707,7.589904842376709,7.9918168703715,8.45505600452423,7.974255574265293,6.528937554653533,12.123749859719394,False,False,False,False,True,False,False,True,False,0.5031441863232455,red,116.36611282604837,False,False,False,False,,Textiles & Apparels,Other Textile Products,64.04858299595142,False,False
AXTEL.NS,2026-09-22,,,,,,,,,,False,False,False,False,False,False,False,False,False,,noise,,False,False,False,False,,Industrial Manufacturing,Industrial Products,,False,False
AYE.NS,2026-09-22,,,,,,,,,,False,False,False,False,False,False,False,False,False,,noise,42.984126948080885,False,False,False,False,,Finance,Non Banking Financial Company (NBFC),,False,False
AYMSYNTEX.NS,2026-09-22,295.3999938964844,293.4000015258789,274.0972243414985,264.46100158691405,229.24860026041668,213.04000022888184,287.85933685915995,141.52999877929688,330.0,True,True,True,True,True,True,True,True,False,50.80660942050255,noise,80.25849616110044,False,False,False,False,,Textiles & Apparels,Other Textile Products,89.23076923076924,True,True
AZAD.NS,2026-09-22,2776.199951171875,2765.8416748046875,2726.308336046007,2623.4260107421874,2162.4866739908853,2014.488507080078,2751.0294434203656,1360.0,2986.60009765625,True,True,True,True,True,True,True,True,False,69.82932856770978,noise,45.67737861886172,False,False,False,False,,Electrical Equipment,Heavy Electrical Equipment,92.18623481781376,True,True
AZADIND.NS,2026-09-22,,,,,,,,,,False,False,False,False,False,False,False,False,False,,ppv,,False,False,False,False,,Industrial Products,Iron & Steel Products,,False,False
BNALTD.NS,2026-09-21,,,,,,,,,,False,False,False,False,False,False,False,False,False,,noise,,False,False,False,True,,Agricultural Food & other Products,Tea & Coffee,,False,False
BHEL.NS,2026-09-22,425.79998779296875,426.7125015258789,422.43055640326605,420.04512268066406,367.01538309733075,343.022453994751,427.76751322302766,228.8019259330385,446.5,True,True,True,True,True,True,True,False,False,78.28611105999923,noise,50.16439494752629,False,False,False,False,,Electrical Equipment,Heavy Electrical Equipment,93.36032388663968,True,True
BPCL.NS,2026-09-22,313.6000061035156,306.80416615804035,313.897221883138,314.55199951171875,311.39266682942707,323.50153915405275,309.57211920057955,266.6000061035156,391.6499938964844,False,False,False,False,False,False,True,True,False,1.1541225341575867,ppv,199.08511587492157,False,False,False,False,,Petroleum Products,Refineries & Marketing,64.5748987854251,False,False
BLKASHYAP.NS,2026-09-22,51.529998779296875,54.1158332824707,54.256666819254555,54.785800018310546,53.37113321940104,52.612399864196775,53.06088746493246,40.31999969482422,67.5,False,True,False,True,False,False,True,False,False,-22.87082672903258,noise,35.95475686108423,False,False,False,False,,Construction,Civil Construction,38.05668016194332,False,False
BBTCL.NS,2026-09-22,234.0,229.4457219441732,230.0027953253852,226.25288970947267,205.09311584472655,201.58039840698243,230.4502775973528,155.3235913227737,260.86397988180863,True,True,True,True,True,True,True,True,False,14.120144986249406,dry,13.996313025042756,False,False,False,False,,Industrial Products,Packaging,74.89878542510121,True,True
STYLEBAAZA.NS,2026-09-22,375.04998779296875,386.8833312988281,379.4513871934679,352.51999816894534,333.30966501871745,323.8607487487793,385.8337223878034,229.9499969482422,447.1000061035156,True,True,True,True,True,True,True,False,False,2.3468345748284047,red,399.2060754005792,False,False,False,False,,Retailing,Speciality Retail,65.4251012145749,False,False
BABAFP.NS,2026-09-21,23.100000381469727,23.18333339691162,23.22638898425632,23.45700004577637,24.63633326212565,26.074999923706056,23.00251661591009,17.649999618530273,38.5,False,False,False,False,False,True,False,True,False,-39.21052531192177,dry,0.0,False,False,False,False,,Food Products,Other Food Products,17.611336032388664,False,False
BAFNAPH.NS,2026-09-22,329.95001220703125,309.49583689371747,285.18611272176105,271.8014013671875,185.07626703898111,172.7054000854492,313.0444543733072,94.7699966430664,329.95001220703125,True,True,True,True,True,True,True,True,False,163.22298861068631,dry,2.47785505539068,False,False,True,False,,Pharmaceuticals & Biotechnology,Pharmaceuticals,98.34008097165992,True,True
BAGFILMS.NS,2026-09-22,4.309999942779541,4.459166685740153,4.4230555693308515,4.447800016403198,4.753466682434082,5.078649997711182,4.3804551814409525,3.609999895095825,8.0,False,False,False,False,False,False,False,False,False,-39.124293937513855,noise,48.968089351163606,False,True,False,False,,Entertainment,TV Broadcasting & Software Production,17.77327935222672,False,False
BAHETI.NS,2026-09-21,764.6500244140625,803.0499979654948,798.4680531819662,773.4089990234374,659.0413338216146,643.7945001220703,787.0808424084212,478.0,881.0,True,True,True,True,False,True,True,False,False,37.55171628568097,noise,61.508578828099715,False,False,False,False,,Industrial Products,"Aluminium, Copper & Zinc Products",85.34412955465586,True,False
BAIDFIN.NS,2026-09-22,10.550000190734863,10.924862702687582,10.17751955986023,10.10241247177124,10.411555315653484,10.542127070426941,10.70382562906517,8.712698707671224,12.851229460317954,True,False,False,False,True,False,True,False,False,-5.366680601852913,noise,75.18081295191084,False,False,False,False,,Finance,Non Banking Financial Company (NBFC),58.13765182186235,False,False
BAJAJ-AUTO.NS,2026-09-22,11363.0,11612.333333333334,11734.277777777777,11531.47,10359.74841796875,10086.298208007813,11552.922885958636,8373.654962449684,12470.0,True,True,True,True,False,True,True,False,False,27.26174635524319,noise,51.102321344965,False,False,False,False,,Automobiles,2/3 Wheelers,81.94331983805668,True,False
BAJAJCON.NS,2026-09-22,513.75,514.375,504.72083536783856,514.2310009765625,496.5503348795573,446.6670014953613,510.0770115379071,232.10000610351562,692.0,True,True,True,True,False,True,False,True,False,99.39841341754835,noise,58.40163526124439,False,False,False,False,,Personal Products,Personal Care,95.78947368421052,True,False
BAJAJELEC.NS,2026-09-22,323.45001220703125,331.57916259765625,342.66944376627606,339.3400433349609,347.30983846028647,369.59236236572264,328.14272352856517,298.3117066005431,647.9607286405871,False,False,False,False,False,False,False,False,False,-44.07251422168746,dry,16.584280399040598,False,False,False,False,,Consumer Durables,Household Appliances,13.400809716599191,False,False
BAJFINANCE.NS,2026-09-22,1008.7999877929688,1030.5583394368489,1069.6444532606338,1067.3460083007812,974.2036258951823,973.3368887329102,1027.0028657899459,783.0862114062364,1176.4000244140625,True,True,False,True,False,False,True,False,False,0.8446379123043135,noise,65.25839502476263,False,False,False,False,,Finance,Non Banking Financial Company (NBFC),64.25101214574899,False,False
BAJAJFINSV.NS,2026-09-22,1823.4000244140625,1887.3833312988281,1974.7805548773872,1956.7739990234375,1850.9925512695313,1891.9910577392577,1874.524118419856,1595.6384533474438,2193.128599829014,False,False,False,True,False,False,True,False,False,-11.816577119279948,noise,41.63847221536211,False,False,False,False,,Finance,Holding Company,50.97165991902835,False,False
BAJAJHCARE.NS,2026-09-22,336.1000061035156,329.4297103881836,327.029291788737,331.2181921386719,321.2200166829427,337.97870712280275,330.3182085993773,271.12431103671,513.5782431574246,False,False,False,False,True,False,False,True,False,-20.306986692245633,noise,32.90411364358119,False,True,False,False,,Pharmaceuticals & Biotechnology,Pharmaceuticals,41.45748987854251,False,False
BAJAJHIND.NS,2026-09-22,20.290000915527344,20.74666674931844,20.39027780956692,19.461000022888182,18.421199951171875,18.225749950408936,20.386880539884146,14.850000381469727,26.0,True,True,False,True,True,True,True,False,False,-6.021302583940569,noise,38.23198495502122,False,False,False,False,,Agricultural Food & other Products,Sugar,57.530364372469634,False,False
BAJAJHLDNG.NS,2026-09-22,11185.0,11051.5361328125,11222.576850043402,11069.5928125,10444.52232421875,10528.338872070313,11128.740152275797,8433.723545663051,13177.939121083455,True,False,False,True,True,True,True,True,False,-14.228447008913447,red,148.76480347179583,False,False,False,False,,Finance,Holding Company,47.97570850202429,False,False
BAJAJHFL.NS,2026-09-22,83.12000274658203,83.81250063578288,84.37944475809734,84.8533999633789,85.1971331278483,87.14024974822998,83.7754039491676,72.6500015258789,114.94999694824219,False,False,False,False,False,False,False,False,False,-26.59837132231545,noise,62.53405169978152,False,False,False,False,,Finance,Housing Finance Company,33.11740890688259,False,False
BAJAJST.NS,2026-09-22,,,,,,,,,,False,False,False,False,False,False,False,False,False,,noise,,False,True,False,False,,Industrial Manufacturing,Industrial Products,,False,False
BAJEL.NS,2026-09-22,172.47000122070312,176.6499989827474,184.4011107550727,182.61668670654296,178.461648050944,175.14787887573243,175.08310982326293,134.63935702783903,223.75446527167063,False,True,False,True,False,False,True,False,False,-19.823917538965365,noise,40.10373134725646,False,False,False,False,,Electrical Equipment,Heavy Electrical Equipment,42.145748987854255,False,False
BALPHARMA.NS,2026-09-22,108.16000366210938,101.97385152180989,91.12600199381511,90.03698684692382,81.56812947591146,78.89573768615723,102.65100975769504,59.289451054818755,123.12442569317751,True,True,True,True,True,True,True,True,False,23.69333558789537,red,107.59816634952367,False,False,False,False,,Pharmaceuticals & Biotechnology,Pharmaceuticals,80.64777327935224,True,True
BALAMINES.NS,2026-09-22,2138.89990234375,2261.8833211263022,2225.374989827474,2236.6899926757815,1766.697353922526,1608.5881564331055,2206.86034481285,963.3273935013657,2629.800048828125,True,True,True,True,False,True,True,False,False,45.34428198828029,noise,37.055818177188975,False,True,False,False,,Chemicals & Petrochemicals,Specialty Chemicals,87.85425101214574,True,False
BALAJITELE.NS,2026-09-22,93.70999908447266,93.10083262125652,92.08666653103299,90.285,92.52733357747395,94.32815002441406,93.54164122217193,69.5199966430664,141.32000732421875,False,False,False,False,True,True,False,True,False,-23.9490357441031,noise,20.367522836399278,False,True,False,False,,Entertainment,Media & Entertainment,36.43724696356275,False,False
BALAXI.NS,2026-09-22,23.1200008392334,23.56916681925456,23.57805559370253,23.72819999694824,23.331066703796388,24.21860004425049,23.39312811030613,15.199999809265137,47.709999084472656,False,False,False,False,False,True,False,False,False,-49.9567089665944,noise,55.46847749562514,False,False,False,False,,Pharmaceuticals & Biotechnology,Pharmaceuticals,8.785425101214575,False,False
BALKRISIND.NS,2026-09-22,2216.89990234375,2199.9666951497397,2327.658352322049,2272.122060546875,2233.5366251627606,2278.47446472168,2211.0135395541038,1963.1703614270675,2765.3795041598637,False,False,False,False,False,False,True,True,False,-11.511773503276101,dry,17.833607505692473,False,True,False,False,,Auto Components,Tyres & Rubber Products,51.25506072874494,False,False
BALKRISHNA.NS,2026-09-22,16.40999984741211,16.573333422342937,17.086666689978706,17.26440010070801,17.34786672592163,17.539450039863585,16.53085895062745,12.0,25.969999313354492,False,False,False,False,False,True,False,False,False,-26.445539039734157,dry,14.511137122861998,False,True,False,False,,"Paper, Forest & Jute Products",Paper & Paper Products,33.40080971659919,False,False
BLIL.NS,2026-09-22,,,,,,,,,,False,False,False,False,False,False,False,False,False,,noise,,False,True,False,False,,Finance,Holding Company,,False,False
BALMLAWRIE.NS,2026-09-22,167.42999267578125,167.82929484049478,169.8866572909885,170.62257965087892,171.97018829345703,171.1682627105713,167.05339688187672,144.737930327438,208.17826766201986,False,True,False,False,False,False,True,True,False,-18.131871001514156,green,129.52232404090455,False,False,False,False,,Diversified,Diversified,44.12955465587044,False,False
BALRAMCHIN.NS,2026-09-22,661.0499877929688,686.9750010172526,671.0833282470703,653.3879956054687,562.6369997151693,530.7444993591308,676.8459216628048,393.54998779296875,780.9500122070312,True,True,True,True,True,True,True,False,False,32.07573721903181,noise,36.04724366001815,False,False,False,False,,Agricultural Food & other Products,Sugar,83.96761133603239,True,True
BALUFORGE.NS,2026-09-22,505.25,522.6613794962565,534.0947570800781,507.98430236816404,482.6473789469401,491.73247268676755,521.0463888590707,340.948005664704,677.7972608890275,True,False,False,True,False,True,False,False,False,-21.782693504782415,noise,34.42115319649074,False,False,False,False,,Industrial Products,Castings & Forgings,39.63562753036437,False,False
BANARBEADS.NS,2026-09-22,111.27999877929688,110.89333279927571,112.87222226460774,113.94939971923829,111.30919982910156,114.05619983673095,111.29332130789041,96.05000305175781,164.6999969482422,False,False,False,False,False,False,False,False,False,3.603011810111978,dry,13.305299122835837,False,True,False,False,,Consumer Durables,"Gems, Jewellery And Watches",66.47773279352226,False,False
BANCOINDIA.NS,2026-09-22,605.6500244140625,608.2166137695312,619.2230394151476,622.5328454589844,614.4334920247396,621.4525808715821,604.4765571820653,495.5999980879241,848.8263047717415,False,False,False,True,False,False,False,True,False,-24.874315705381058,noise,45.106424465448505,False,False,False,False,,Auto Components,Auto Components & Equipments,35.22267206477733,False,False
BANDHANBNK.NS,2026-09-22,184.6999969482422,174.18083318074545,171.74075020684137,175.24573760986328,182.57734313964843,174.08135627746583,175.61026256178903,133.09632102479327,218.86288600994448,True,True,True,False,True,True,True,True,False,14.162003011624913,ppv,165.33565359144814,False,False,False,False,,Banks,Private Sector Bank,74.93927125506073,True,False
BANG.NS,2026-09-22,32.459999084472656,33.82083320617676,32.265277756585014,31.340199966430664,34.23759994506836,37.359249935150146,33.39789436912681,25.84000015258789,62.06999969482422,False,False,False,False,True,False,False,False,False,-39.327104515004386,noise,33.188319516511214,False,False,False,False,,Textiles & Apparels,Garments & Apparels,17.44939271255061,False,False
BANKBARODA.NS,2026-09-22,234.35000610351562,235.3741683959961,241.3863894144694,242.5822003173828,259.53739145914716,266.1427805328369,235.23890702567923,231.9199981689453,315.30188105660324,False,False,False,False,False,False,False,False,False,-3.6673474440177656,noise,47.95356522790882,False,False,False,False,,Banks,Public Sector Bank,60.12145748987854,False,False
BANKINDIA.NS,2026-09-22,137.00999450683594,139.51416651407877,142.01000044080945,141.8888003540039,143.50638946533203,144.54739303588866,139.19986065770522,112.33061399933865,172.71800537071604,False,False,False,False,False,False,True,False,False,17.38617677750287,noise,47.23334867921234,False,False,False,False,,Banks,Public Sector Bank,77.00404858299595,True,False
MAHABANK.NS,2026-09-22,82.4000015258789,82.98416582743327,81.9230548010932,81.38779937744141,77.98789738972982,73.73022863388061,82.51649656506837,52.24685139086835,94.5,True,True,True,True,True,True,True,False,False,48.32059909786777,noise,49.38653749109575,False,True,False,False,,Banks,Public Sector Bank,88.78542510121457,True,True
BANKA.NS,2026-09-22,76.13999938964844,78.7424996693929,80.61083327399359,83.16080001831055,77.11339996337891,73.91604991912841,78.26002027021816,41.0,97.87999725341797,False,True,False,True,False,True,True,False,False,-16.366433848901284,noise,79.18319377111797,False,False,False,False,,Construction,Civil Construction,45.87044534412956,False,False
BASML.NS,2026-09-22,24.729999542236328,24.369999885559082,25.275277826521133,25.6559610748291,24.141248346964517,24.426972732543945,24.333167928015364,16.89136536629068,31.603201317390436,True,False,False,True,False,True,True,True,False,-9.753258205451832,noise,81.07302455163837,False,False,False,False,,Textiles & Apparels,Other Textile Products,53.23886639676113,False,False
BANARISUG.NS,2026-09-22,3322.800048828125,3497.531290690104,3616.4942152235244,3575.031962890625,3577.505647786458,3580.557021484375,3429.6158681628804,3093.820921702241,4322.103405959318,False,False,False,False,False,False,True,False,False,-8.632062396788731,noise,22.919369899227533,False,False,False,False,,Agricultural Food & other Products,Sugar,54.37246963562753,False,False
BANSALWIRE.NS,2026-09-22,315.25,311.0666681925456,317.6861114501953,317.5060003662109,301.4627994791667,299.8998498535156,312.46745302189333,222.5,370.0,True,True,False,True,False,True,True,True,False,-13.380961828166793,noise,32.14926899811297,False,False,False,False,,Industrial Products,Iron & Steel Products,49.02834008097166,False,False
BANSWRAS.NS,2026-09-22,113.33000183105469,112.25333213806152,117.06138801574707,120.12325454711915,118.85651901245117,116.9353388595581,112.2762786463209,93.01181916052685,142.89663102886368,False,True,False,True,False,False,True,True,False,-12.573634209308315,green,101.87400772070401,False,False,False,False,,Textiles & Apparels,Other Textile Products,50.0,False,False
BVCL.NS,2026-09-22,41.56999969482422,41.863332748413086,42.04194429185655,41.84719985961914,41.69666664123535,42.2845000076294,41.579396855701575,31.200000762939453,56.5099983215332,False,False,False,False,False,True,False,False,False,-22.27000738473469,noise,85.78667423998768,False,False,False,False,,Cement & Cement Products,Cement & Cement Products,38.8663967611336,False,False
BASF.NS,2026-09-22,3572.199951171875,3656.2666625976562,3846.452785915799,3805.959248046875,3612.8727083333333,3649.4121520996096,3642.377250073034,3101.333455736671,4797.620574444326,False,False,False,True,False,False,False,False,False,-22.35772901309192,noise,36.59002219734279,False,False,False,False,,Chemicals & Petrochemicals,Specialty Chemicals,38.74493927125506,False,False
BASILIC.NS,2026-09-21,174.8000030517578,185.75833384195963,190.66111077202692,192.60399963378907,208.78233357747396,232.087250289917,183.0424862646464,164.0,420.0,False,False,False,False,False,False,False,False,False,-56.310922173159675,noise,57.906458797327396,False,False,False,False,,Entertainment,Media & Entertainment,5.465587044534413,False,False
BATAINDIA.NS,2026-09-22,631.75,646.4666748046875,678.7660827636719,674.4167785644531,674.7902510579427,723.3028091430664,643.3875653714292,577.3964738257137,1192.4908483071397,False,False,False,False,False,False,False,False,False,-46.05997704110402,noise,29.122945169515557,False,False,False,False,,Consumer Durables,Footwear,11.538461538461538,False,False
BATLIBOI.NS,2026-09-22,,,,,,,,,,False,False,False,False,False,False,False,False,False,,dry,18.188726763341915,False,False,False,False,,Industrial Manufacturing,Industrial Products,,False,False
BAWEJA.NS,2026-09-21,24.200000762939453,24.208333492279053,24.545833322736954,25.581000061035155,28.597000020345053,30.691999979019165,23.660005001504388,21.100000381469727,53.54999923706055,False,False,False,False,False,False,False,True,False,-52.50245259948591,noise,74.81296758104739,False,False,False,False,,Entertainment,"Film Production, Distribution & Exhibition",7.246963562753036,False,False
BAYERCROP.NS,2026-09-22,3765.800048828125,3911.9583536783853,4029.708346896701,4073.505830078125,4311.754593098958,4337.826064453125,3873.509627354872,3725.0,5167.010507589072,False,False,False,False,False,False,False,False,False,-25.714957886711908,red,114.37196507385276,False,False,False,True,,Fertilizers & Agrochemicals,Pesticides & Agrochemicals,34.21052631578947,False,False
BCLIND.NS,2026-09-22,33.47999954223633,34.12895202636719,35.676068200005425,35.54484062194824,33.33916344960531,32.53545949935913,33.77447228160474,25.260615953073565,44.42623160160595,True,True,False,True,False,True,True,False,False,-17.30929871508137,noise,36.95395229557599,False,False,False,False,,Beverages,Breweries & Distilleries,44.93927125506073,False,False
BCPL.NS,2026-09-22,,,,,,,,,,False,False,False,False,False,False,False,False,False,,noise,70.69604651600399,False,False,False,False,,Construction,Civil Construction,,False,False
BEACON.NS,2026-09-21,79.80000305175781,82.17499987284343,84.84444427490234,87.10799987792969,87.94433344523112,87.55900001525879,81.15825635784937,50.0,124.80000305175781,False,True,False,False,False,True,False,False,False,33.892625997981796,noise,53.85996409335727,False,False,False,False,,Capital Markets,"Depositories, Clearing Houses and Other Intermediaries",84.25101214574899,True,False
BEARDSELL.NS,2026-09-22,24.40999984741211,24.372841993967693,25.380848990546333,25.909091415405275,26.209500363667807,26.877300033569338,24.366304697229104,19.936129814342173,38.43828901368374,False,False,False,False,False,False,False,True,False,-23.037070553556593,green,222.82080560428258,False,False,False,False,,Industrial Products,Other Industrial Products,37.611336032388664,False,False
BEDMUTHA.NS,2026-09-22,102.56999969482422,105.69083404541016,109.07944530910916,108.85500091552734,112.95526728312174,113.4855504989624,104.74880240452642,94.55000305175781,144.0,False,False,False,False,False,False,False,False,False,-27.99073438866505,red,106.54261704681873,False,False,False,False,,Industrial Products,Iron & Steel Products,31.214574898785425,False,False
BEEKAY.NS,2026-09-22,,,,,,,,,,False,False,False,False,False,False,False,False,False,,noise,,False,True,False,False,,Industrial Products,Iron & Steel Products,,False,False
BLEL.NS,2026-09-22,,,,,,,,,,False,False,False,False,False,False,False,False,False,,noise,,False,False,False,False,,Industrial Products,Iron & Steel Products,,False,False
BELLACASA.NS,2026-09-22,279.29998779296875,255.30999501546225,242.92138714260525,242.59239898681642,253.8189330037435,278.4534494781494,260.2443541925316,214.67999267578125,497.3500061035156,True,False,False,False,True,True,False,True,False,-32.29091205018939,green,150.800762915382,False,False,False,False,,Textiles & Apparels,Garments & Apparels,25.465587044534416,False,False
BELRISE.NS,2026-09-22,244.74000549316406,231.6070187886556,236.32977803548178,235.13870880126953,218.7425601196289,207.13076347351074,235.21396460422045,142.2460279440868,267.55305639788776,True,True,True,True,True,True,True,True,False,59.316705313956874,green,117.85337283528641,False,False,False,False,,Auto Components,Auto Components & Equipments,90.76923076923077,True,True
BLAL.NS,2026-09-22,164.24000549316406,162.02083333333334,166.38861083984375,169.59259979248046,178.876533203125,184.14059967041015,163.06695899554813,155.5,223.97000122070312,False,False,False,False,False,False,False,True,False,-26.376186056539463,noise,41.26161088170057,False,False,False,False,,Finance,Investment Company,33.441295546558706,False,False
BEML.NS,2026-09-22,2096.800048828125,2043.2151896158855,1947.0510592990452,1894.70302734375,1773.9260286458334,1767.1266290283204,2045.5496112726041,1345.285007075603,2256.187906504501,True,True,False,True,True,True,True,True,False,-2.2652272515971794,noise,53.059235803145576,False,False,False,False,,"Agricultural, Commercial & Construction Vehicles",Construction Vehicles,61.05263157894737,False,False
BENARAS.NS,2026-09-22,,,,,,,,,,False,False,False,False,False,False,False,False,False,,noise,,False,False,False,False,,Leisure Services,Hotels & Resorts,,False,False
BENGALASM.NS,2026-09-22,,,,,,,,,,False,False,False,False,False,False,False,False,False,,noise,,False,False,False,False,,Finance,Non Banking Financial Company (NBFC),,False,False
BERGEPAINT.NS,2026-09-22,452.6000061035156,460.02916463216144,501.3597191704644,501.1318420410156,483.5324576822917,489.35694793701174,458.8629922914742,388.1693207725482,590.094751424942,False,False,False,True,False,False,True,False,False,-14.209920456103353,green,115.62013545815435,False,False,False,False,,Consumer Durables,Paints,48.05668016194332,False,False
BESTAGRO.NS,2026-09-22,18.34000015258789,18.827022552490234,18.7958328988817,18.01549114227295,16.859765898386637,18.632685561180114,18.54391934657588,12.233656883239746,34.21445783096959,False,False,False,False,True,True,False,False,False,-23.17959385883639,noise,24.506346693625762,False,False,False,False,,Fertilizers & Agrochemicals,Pesticides & Agrochemicals,37.368421052631575,False,False
BETA.NS,2026-09-22,2105.0,2107.8333333333335,2279.763868543837,2280.2159765625,1726.8153263346355,1681.0449957275391,2107.1604977683496,990.0999755859375,2807.89990234375,True,True,True,True,False,True,False,False,False,13.984025991606885,noise,48.439400081070126,False,False,False,False,,Pharmaceuticals & Biotechnology,Pharmaceuticals,74.65587044534414,True,False
BEWLTD.NS,2026-09-21,52.04999923706055,49.22499974568685,51.24166668785943,53.492000045776365,70.49266688028972,80.82475017547607,49.522412803364155,47.70000076293945,158.85000610351562,False,False,False,False,False,False,False,True,False,-66.81543053131324,ppv,357.14285714285717,True,False,False,False,,Industrial Manufacturing,Industrial Products,2.145748987854251,False,False
BFINVEST.NS,2026-09-22,443.75,445.4166666666667,454.4597227308485,456.7800006103516,422.03011108398437,415.0438668823242,444.4194761048771,308.1633365653596,584.7000122070312,True,True,False,True,False,True,True,False,False,-2.9432605745976836,noise,26.93346326551196,False,True,False,False,,Finance,Holding Company,60.60728744939271,False,False
BFUTILITIE.NS,2026-09-22,527.4500122070312,532.6208343505859,534.3708343505859,549.7619995117187,540.468667195638,554.2072502136231,531.0000404004172,368.70001220703125,898.7000122070312,False,False,False,False,False,True,False,False,False,-32.20872431304757,dry,18.544823421576577,False,False,False,False,,Transport Infrastructure,"Road AssetsToll, Annuity, Hybrid-Annuity",25.62753036437247,False,False
BGRENERGY.NS,2026-09-22,271.55999755859375,247.10332997639975,250.08833355373807,261.1436001586914,292.6829995727539,304.89799980163576,251.289691903278,218.0,490.79998779296875,False,False,False,False,True,False,False,True,False,7.808963522413537,green,123.74925343669743,False,False,False,False,,Construction,Civil Construction,69.83805668016194,False,False
BHAGERIA.NS,2026-09-22,345.25,322.4958318074544,255.2102779812283,242.71414459228515,194.52414560953775,188.61477851867676,323.0719928945421,126.11259857623196,368.20001220703125,True,True,True,True,True,True,True,True,False,83.56938928665598,red,210.8184982801344,False,False,False,False,,Chemicals & Petrochemicals,Dyes And Pigments,94.0485829959514,True,True
BHAGCHEM.NS,2026-09-22,243.85000610351562,253.54583358764648,272.7083346048991,272.3121328735352,249.43432454427082,242.53074897766112,251.65073260353384,170.50301233152598,316.8999938964844,False,True,False,True,False,True,True,False,False,-5.595389927428574,noise,75.44866747024116,False,False,False,False,,Fertilizers & Agrochemicals,Pesticides & Agrochemicals,57.93522267206478,False,False
BHAGYANGR.NS,2026-09-22,426.04998779296875,419.72916412353516,395.0388870239258,394.03699951171876,304.1581999715169,267.5322499465942,423.5576664496876,90.0,467.8999938964844,True,True,True,True,True,True,True,True,False,364.9678059191214,noise,76.85314153788569,False,False,False,False,,Non - Ferrous Metals,Copper,99.59514170040485,True,True
BHANDARI.NS,2026-09-22,2.9600000381469727,2.989152709643046,2.96088088883294,2.938916811943054,3.003532961209615,3.2549661564826966,2.9806232814113347,1.99328857562749,5.112785534907034,False,False,False,False,True,True,False,False,False,-40.83732234122398,noise,59.83028310927425,False,False,False,False,,Textiles & Apparels,Other Textile Products,16.11336032388664,False,False
BEPL.NS,2026-09-22,130.22999572753906,128.42083231608072,125.5777776506212,122.90931503295899,102.06723765055338,97.56379356384278,127.94472411728847,72.86855369334994,137.34641029083173,True,True,True,True,True,True,True,True,False,28.24641876349745,noise,28.915438918745973,False,False,False,False,,Chemicals & Petrochemicals,Petrochemicals,82.22672064777328,True,True
BBL.NS,2026-09-22,2220.39990234375,2222.3916625976562,2302.4694213867188,2384.573974609375,2533.3069091796874,2567.6940087890625,2221.31986599493,2025.253688537204,3367.0326028562217,False,False,False,False,False,False,False,False,False,-27.973283752502486,noise,55.086617702370255,False,False,False,False,,Electrical Equipment,Heavy Electrical Equipment,31.255060728744937,False,False
BHARATCOAL.NS,2026-09-22,,,,,,,,,,False,False,False,False,False,False,False,False,False,,noise,49.29424567653588,False,False,False,False,,Consumable Fuels,Coal,,False,False
BDL.NS,2026-09-22,1168.0,1186.3185933430989,1274.7010837131077,1269.7690893554689,1294.8415958658854,1325.3513916015625,1184.6823927781738,1085.636966266582,1647.5810383558928,False,False,False,False,False,False,False,False,False,-27.962735566017205,noise,41.154590243061264,False,False,False,False,,Aerospace & Defense,Aerospace & Defense,31.33603238866397,False,False
BHARATFORG.NS,2026-09-22,2009.0,1950.3249918619792,2037.4388834635417,2075.1519970703125,1959.0341650390626,1838.0941467285156,1960.7036216951637,1174.0912627275434,2295.0,True,True,True,True,False,True,True,True,False,58.51335172958474,noise,94.71124557689672,False,False,False,False,,Auto Components,Auto Components & Equipments,90.64777327935222,True,False
BHARATGEAR.NS,2026-09-22,100.4000015258789,101.20000076293945,103.15687115987141,108.27333465576172,109.75478566487631,109.33697250366211,100.91020515826288,83.04863752030126,152.81740445892444,False,True,False,False,False,False,False,False,False,-7.235274541631709,noise,44.0009960230905,False,True,False,False,,Auto Components,Auto Components & Equipments,55.66801619433198,False,False
BPLPHARMA.NS,2026-09-22,,,,,,,,,,False,False,False,False,False,False,False,False,False,,noise,,False,True,False,False,,Pharmaceuticals & Biotechnology,Pharmaceuticals,,False,False
BHARATRAS.NS,2026-09-22,1129.4000244140625,1152.0917154947917,1247.715623643663,1262.3079516601563,1362.5236197916668,1544.2347064208984,1152.5519434852304,1094.5,2986.2093471005855,False,False,False,False,False,False,False,False,False,-54.53166516007263,noise,85.4082451200906,False,True,False,False,,Fertilizers & Agrochemicals,Pesticides & Agrochemicals,6.194331983805668,False,False
BRNL.NS,2026-09-22,16.670000076293945,16.62250010172526,17.140555752648247,17.287600173950196,18.795333417256675,19.469450073242186,16.54019692020704,16.0,26.5,False,False,False,False,False,False,False,True,False,-24.020056196366145,noise,89.0950975537626,False,False,False,False,,Construction,Civil Construction,36.31578947368421,False,False
BHARATSE.NS,2026-09-22,219.86000061035156,216.48833338419595,224.6122228834364,223.33536895751953,198.02182851155598,189.66435302734374,215.0831375597226,132.74393148352638,261.4935961713362,True,True,True,True,False,True,True,True,False,37.59351754899869,ppv,236.8684406174221,False,False,False,False,,Auto Components,Auto Components & Equipments,85.38461538461539,True,False
BHARATWIRE.NS,2026-09-22,167.88999938964844,172.0883331298828,183.3369428846571,187.91039978027345,196.19640004475912,191.08164993286132,171.79998545520942,148.00999450683594,262.0,False,True,False,False,False,False,False,False,False,0.44872562087998613,noise,80.08144726786996,False,False,False,False,,Industrial Products,Iron & Steel Products,64.00809716599191,False,False
BHARTIARTL.NS,2026-09-22,1817.199951171875,1837.9999898274739,1893.4805501302083,1901.3898950195312,1857.2636759440104,1898.480009765625,1841.4786615919747,1718.8676127570984,2147.4734560986562,False,False,False,True,False,False,True,False,False,-5.936516176907691,noise,67.67683103292981,False,False,False,False,,Telecom - Services,Telecom - Cellular & Fixed line services,57.57085020242915,False,False
BHARTIHEXA.NS,2026-09-22,1534.300048828125,1526.191670735677,1548.477779812283,1566.1134692382811,1532.9136848958333,1570.0457586669922,1523.5185309933865,1414.4376742506906,1934.317756973946,False,False,False,False,False,False,True,True,False,-8.235857398845415,noise,29.419346953007842,False,False,False,False,,Telecom - Services,Telecom - Cellular & Fixed line services,54.69635627530365,False,False
BIL.NS,2026-09-22,1050.5,1021.8083241780599,900.7930535210503,855.6659985351563,781.7663330078125,776.6940002441406,1022.3553548829537,602.0,1150.0,True,True,False,True,True,True,True,True,False,19.131323944476964,noise,37.565605669069896,False,False,False,False,,Consumer Durables,Leather And Leather Products,78.29959514170041,True,False
BTTL.NS,2026-09-22,,,,,,,,,,False,False,False,False,False,False,False,False,False,,red,153.22977051233116,False,False,False,False,,Textiles & Apparels,Trading - Textile Products,,False,False
BIGBLOC.NS,2026-09-22,40.400001525878906,40.43583329518636,42.95333332485623,44.00800010681152,48.36160008748372,52.5442499923706,40.32549519349449,38.0,80.0,False,False,False,False,False,False,False,True,False,-28.772918447800254,noise,80.80095856951934,False,False,False,False,,Cement & Cement Products,Cement & Cement Products,29.91902834008097,False,False
BIKAJI.NS,2026-09-22,553.6500244140625,560.5291748046875,595.2930603027344,607.5671911621093,633.15654296875,649.7737084960937,561.6659737125107,532.75,792.5493679998831,False,False,False,False,False,False,False,False,False,-29.624709161819684,red,159.91898898298254,False,False,False,False,,Food Products,Packaged Foods,28.825910931174086,False,False
BILVYAPAR.NS,2026-09-22,4.230000019073486,4.110000034173329,4.088611112700568,4.091999988555909,4.88913332939148,5.464649994373321,4.144720626549978,3.799999952316284,14.699999809265137,False,False,False,False,True,False,False,True,False,-65.69343028996495,dry,9.69177870925638,False,True,False,False,,Finance,Holding Company,2.5101214574898787,False,False
BI.NS,2026-09-22,,,,,,,,,,False,False,False,False,False,False,False,False,False,,noise,,False,False,False,False,,Healthcare Services,"Healthcare Research, Analytics & Technology",,False,False
GROWW.NS,2026-09-22,,,,,,,,,,False,False,False,False,False,False,False,False,False,,noise,36.22761414692965,False,False,False,False,,Capital Markets,Stockbroking & Allied,,False,False
BIMETAL.NS,2026-09-22,,,,,,,,,,False,False,False,False,False,False,False,False,False,,red,139.63180520460733,False,True,False,False,,Auto Components,Auto Components & Equipments,,False,False
BIOCON.NS,2026-09-22,390.0,388.1708297729492,406.7236099243164,414.32000061035154,400.1950791422526,395.10749481201174,389.21268336286585,336.647387893357,447.1499938964844,False,True,False,True,False,False,True,True,False,7.818974759963004,noise,76.00669986452351,False,False,False,False,,Pharmaceuticals & Biotechnology,Pharmaceuticals,69.87854251012145,False,False
BIOFILCHEM.NS,2026-09-22,32.880001068115234,33.23250039418539,32.499166859520805,32.61620002746582,32.93113333384196,33.19910001754761,33.04781361261731,25.600000381469727,46.34000015258789,False,False,False,False,True,False,False,False,False,-23.994446731754028,dry,15.487959412019581,False,False,False,False,,Pharmaceuticals & Biotechnology,Pharmaceuticals,36.35627530364373,False,False
BIRLACABLE.NS,2026-09-22,375.25,377.83333079020184,313.2380549112956,279.2035202026367,201.82617467244467,184.9857585144043,377.8697698573213,103.34114160024168,418.79998779296875,True,True,True,True,True,True,True,False,False,118.39142908725582,red,161.1142165913337,False,False,False,False,,Telecom -  Equipment & Accessories,Telecom -  Equipment & Accessories,96.5991902834008,True,True
BIRLACORPN.NS,2026-09-22,817.5999755859375,828.1583404541016,870.933336046007,892.6401000976563,922.7218623860678,955.3504284667969,826.9857758250894,759.7237180556469,1328.8254130627743,False,False,False,False,False,False,False,False,False,-36.23615032618884,noise,22.15303823491164,False,False,False,False,,Cement & Cement Products,Cement & Cement Products,20.76923076923077,False,False
BIRLAPREC.NS,2026-09-22,,,,,,,,,,False,False,False,False,False,False,False,False,False,,noise,,False,False,False,False,,Industrial Manufacturing,Industrial Products,,False,False
BIRLANU.NS,2026-09-22,1385.5999755859375,1411.5916646321614,1478.9888949924045,1431.3712280273437,1399.462029622396,1456.8762762451172,1403.1805043563172,1177.1622610624586,1990.5230380465885,False,False,False,False,False,False,False,False,False,-29.003670146419314,noise,20.92757035141882,False,True,False,False,,Other Construction Materials,Other Construction Materials,29.59514170040486,False,False
BSOFT.NS,2026-09-22,281.1499938964844,281.46666463216144,297.4749967787001,296.5619970703125,324.138095296224,348.5411875915527,283.1720941285855,266.2676853930341,467.1017114386881,False,False,False,False,False,False,False,False,False,-22.870339409175568,noise,30.01559507540477,False,True,False,False,,IT - Software,Computers - Software & Consulting,38.097165991902834,False,False
BBOX.NS,2026-09-22,810.0499877929688,781.0583292643229,762.7573886447483,769.8013781738281,749.7635386149088,693.6509495544434,786.5365260463309,443.6987723274004,1101.5073628455477,True,True,True,True,True,True,False,True,False,61.647602655448175,red,146.4012384161656,False,False,False,False,,IT - Services,IT Enabled Services,91.17408906882591,True,False
BLACKROSE.NS,2026-09-22,,,,,,,,,,False,False,False,False,False,False,False,False,False,,ppv,,False,False,False,False,,Chemicals & Petrochemicals,Specialty Chemicals,,False,False
BLACKBUCK.NS,2026-09-22,620.3499755859375,608.7000071207682,593.268057929145,582.675,570.1186657714844,584.7552490234375,615.2774021979643,496.0,748.0,True,False,False,False,True,False,True,True,False,5.438939632508899,red,314.7944408079676,False,False,False,False,,Transport Services,Transport Related Services,67.93522267206478,False,False
BLBLIMITED.NS,2026-09-22,16.219999313354492,16.243333021799724,16.162222146987915,16.056200008392334,16.460200049082438,15.853100032806397,16.15903341117753,12.0,22.469999313354492,False,True,False,False,True,True,False,True,False,4.983815621975585,green,103.47239482782227,False,False,False,False,,Finance,Investment Company,67.57085020242914,False,False
BLISSGVS.NS,2026-09-22,694.5999755859375,695.2458292643229,601.3569412231445,564.5879986572265,405.0928619384766,346.9950132751465,682.0969064346993,117.5147500933485,728.0,True,True,True,True,True,True,True,True,False,360.31424243466097,green,102.70984729202885,False,False,False,False,,Pharmaceuticals & Biotechnology,Pharmaceuticals,99.55465587044534,True,True
BLSE.NS,2026-09-22,328.1000061035156,316.98333231608075,316.8272925482856,306.5850354003906,231.08981414794923,219.65774589538574,318.1757993458206,124.10545376214952,339.79998779296875,True,True,True,True,True,True,True,True,False,68.79435663915385,ppv,200.5711768527517,False,False,True,False,,IT - Services,IT Enabled Services,92.14574898785425,True,True
BLS.NS,2026-09-22,228.7100067138672,231.6050148010254,246.12596215142145,243.44744262695312,257.4975012207031,267.3592398071289,231.00693952320933,218.42101580074862,360.61339209928997,False,False,False,False,False,False,False,False,False,-36.059303224102294,noise,28.2014520575315,False,False,False,False,,Leisure Services,"Tour, Travel Related Services",21.012145748987855,False,False
BLUECOAST.NS,2026-09-22,19.829999923706055,21.64833339055379,23.238888793521458,24.19559989929199,25.848533299763996,27.321899995803832,21.264453702843266,18.56999969482422,71.47000122070312,False,False,False,False,False,False,False,False,False,-64.59560700239773,noise,71.12483822905679,False,False,False,False,,Leisure Services,Hotels & Resorts,2.753036437246964,False,False
BLUECHIP.NS,2026-09-21,2.0199999809265137,2.0833332737286887,1.9613888760407765,1.9637999939918518,2.2170666631062828,2.3825499951839446,2.0663581820517294,1.649999976158142,4.230000019073486,False,False,False,False,True,False,False,False,False,-52.24586355039871,dry,1.3752869985143605,False,False,False,False,,Finance,Investment Company,7.4089068825910935,False,False
BLUECLOUDS.NS,2026-09-22,,,,,,,,,,False,False,False,False,False,False,False,False,False,,noise,,False,False,False,False,,IT - Software,Software Products,,False,False
BLUEDART.NS,2026-09-22,4786.60009765625,4877.391682942708,5027.680555555556,5007.397998046875,5083.073990885417,5190.050493164063,4854.091607518324,4628.5,7036.0,False,False,False,False,False,False,False,False,False,-16.928148253102226,noise,29.878417421979215,False,False,False,False,,Transport Services,Logistics Solution Provider,45.26315789473684,False,False
BLUEJET.NS,2026-09-22,587.2999877929688,571.6291707356771,581.7766825358073,583.6947119140625,490.00270487467446,488.11916122436526,574.6264104753578,324.3221064393442,691.4547089915617,True,True,False,True,True,True,True,True,False,-12.009029242161828,ppv,84.07718734204612,False,False,False,False,,Pharmaceuticals & Biotechnology,Pharmaceuticals,50.607287449392715,False,False
BLUEPEBBLE.NS,2026-09-21,80.0,78.22499974568684,72.37777762942844,71.70699989318848,96.90266639709472,104.34824968338013,77.73788853610904,59.20000076293945,195.0,False,False,False,False,True,True,False,True,False,-57.10455764075066,dry,0.0,False,False,False,False,,Other Consumer Services,Other Consumer Services,4.939271255060729,False,False
BLUESTARCO.NS,2026-09-22,1525.0,1517.1333414713542,1514.5944485134548,1562.2148095703126,1664.7272013346353,1698.5111566162109,1525.2236876124923,1432.300048828125,2022.9788267608074,False,False,False,False,False,False,True,False,True,-23.25325877851364,red,142.10953464904932,False,False,False,False,,Consumer Durables,Household Appliances,37.28744939271255,False,False
BLUESTONE.NS,2026-09-22,930.4000244140625,864.0041707356771,840.2777845594618,808.896005859375,604.2500030517579,572.2280020141602,861.2657095590453,399.79998779296875,950.0,True,True,True,True,True,True,True,True,False,52.749969086609006,ppv,72.10936792604511,False,False,True,False,,Consumer Durables,"Gems, Jewellery And Watches",89.59514170040485,True,True
BLUSPRING.NS,2026-09-22,125.47000122070312,127.98999913533528,123.81083318922255,120.33759979248048,89.2002001953125,82.85855010986329,126.14819928406003,43.97999954223633,139.8000030517578,True,True,True,True,True,True,True,False,False,46.014198504716816,noise,43.808373633755195,False,False,False,False,,Commercial Services & Supplies,Diversified Commercial Services,88.01619433198381,True,True
BMWVENTLTD.NS,2026-09-22,,,,,,,,,,False,False,False,False,False,False,False,False,False,,ppv,246.8158159807911,False,True,False,False,,Metals & Minerals Trading,Trading - Metals,,False,False
BNAGROCHEM.NS,2026-09-22,,,,,,,,,,False,False,False,False,False,False,False,False,False,,noise,,False,False,False,False,,Commercial Services & Supplies,Trading & Distributors,,False,False
BODALCHEM.NS,2026-09-22,192.89999389648438,179.5900001525879,119.49333402845595,104.85700057983398,76.16686673482259,69.87480016708373,179.08005786553608,42.810001373291016,206.0,True,True,True,True,True,True,True,True,False,191.52183653378967,red,123.4628523118686,False,False,False,False,,Chemicals & Petrochemicals,Dyes And Pigments,98.8663967611336,True,True
BTML.NS,2026-09-22,7.150000095367432,7.677500049273173,8.034444464577568,7.555399999618531,6.876333357493083,7.1757500147819515,7.505159273633701,5.059999942779541,10.5,False,False,False,True,False,True,False,False,False,-24.33862180232743,dry,18.513859590765076,False,True,False,False,,Entertainment,Digital Entertainment,35.87044534412955,False,False
BOHRAIND.NS,2026-09-22,13.260000228881836,13.085833390553793,13.78388892279731,13.708400039672851,16.27093334197998,16.669900007247925,13.106767455518407,11.600000381469727,26.65999984741211,False,False,False,False,False,False,False,True,False,-47.815819328970576,noise,34.9091156393935,False,False,False,False,,Fertilizers & Agrochemicals,Fertilizers,10.161943319838057,False,False
BOMDYEING.NS,2026-09-22,109.58000183105469,110.63166681925456,113.68722279866536,115.98221969604492,117.44635833740234,119.08552947998047,110.25071905454325,91.69168753139996,186.2736580664386,False,False,False,False,False,False,False,False,False,-39.5821179959338,noise,57.342380816141706,False,False,False,False,,Textiles & Apparels,Other Textile Products,17.16599190283401,False,False
BMETRICS.NS,2026-09-21,33.95000076293945,34.30421129862467,35.32706122928195,35.54661064147949,37.47362698872884,38.33573217391968,34.08009231992289,30.95547866821289,56.72679061425151,False,False,False,False,False,False,False,False,False,-32.63024642093484,noise,27.322404371584703,False,True,False,False,,Commercial Services & Supplies,Trading & Distributors,25.101214574898783,False,False
BSHSL.NS,2026-09-22,85.63999938964844,88.2591667175293,88.69499969482422,88.19419967651368,90.6768665822347,92.61759984970092,87.22576784165432,59.15999984741211,139.0,False,False,False,False,False,True,False,False,False,-35.12121258359967,noise,70.95608721442309,False,True,False,False,,Agricultural Food & other Products,Other Agricultural Products,21.65991902834008,False,False
BONLON.NS,2026-09-22,,,,,,,,,,False,False,False,False,False,False,False,False,False,,green,115.11051829268293,False,False,False,False,,Diversified Metals,Diversified Metals,,False,False
BORANA.NS,2026-09-22,292.3999938964844,308.1875,314.47777981228296,317.09000122070313,332.34166666666664,329.0927503967285,302.4781572275723,215.35000610351562,420.0,False,True,True,False,False,True,False,False,False,34.43677880298133,noise,69.3456902312525,False,False,False,False,,Textiles & Apparels,Other Textile Products,84.37246963562754,True,False
BOROLTD.NS,2026-09-22,263.57000732421875,256.36583582560223,250.4627791510688,246.40900085449218,240.06406667073568,248.1572999572754,256.816816494011,213.72999572753906,397.95001220703125,True,False,False,False,True,False,False,True,False,-25.090236534861553,noise,40.509248075226104,False,False,False,False,,Consumer Durables,Houseware,34.89878542510122,False,False
BORORENEW.NS,2026-09-22,474.70001220703125,481.42083740234375,520.047225104438,538.0890032958985,518.1763350423178,518.6967512512207,475.6129183711551,374.3999938964844,721.0,False,False,False,True,False,False,False,False,False,-23.416950729359563,green,128.34426734007343,False,False,False,False,,Industrial Products,Glass - Industrial,37.20647773279352,False,False
BOROSCI.NS,2026-09-22,119.80999755859375,123.21916580200195,129.12388928731283,136.93260025024415,131.5204665629069,127.39249992370605,121.75953650674688,96.63999938964844,180.8000030517578,False,True,False,True,False,False,False,False,False,-12.400384721843672,ppv,420.0314574009888,False,False,False,False,,Industrial Products,Glass - Industrial,50.24291497975708,False,False
BOSCHLTD.NS,2026-09-22,48290.0,47925.416666666664,46978.61111111111,45319.258515625,39180.630625,38484.4712890625,47836.32882957491,28422.960694251175,50000.0,True,True,True,True,True,True,True,True,False,21.86981457062278,noise,49.504950495049506,False,False,False,False,,Auto Components,Auto Components & Equipments,79.83805668016194,True,True
BOSCH-HCIL.NS,2026-09-22,1720.800048828125,1719.3083394368489,1702.7000054253472,1600.012001953125,1430.4040022786457,1426.7160009765626,1704.7950756987052,1021.2999877929688,1891.300048828125,True,True,False,True,True,True,True,True,False,-1.9207723665930487,noise,62.58389936095816,False,False,False,False,,Consumer Durables,Household Appliances,61.53846153846154,False,False
BPL.NS,2026-09-22,45.20000076293945,46.71000003814697,49.639722188313804,50.96080001831055,52.48206665039063,54.17020000457764,46.38945781931524,37.61000061035156,87.4000015258789,False,False,False,False,False,False,False,False,False,-45.098992156356154,noise,67.62029535079823,False,True,False,False,,Consumer Durables,Consumer Electronics,12.348178137651821,False,False
BRAHMINFRA.NS,2026-09-22,,,,,,,,,,False,False,False,False,False,False,False,False,False,,noise,,False,False,False,False,,Construction,Civil Construction,,False,False
FIRSTCRY.NS,2026-09-22,175.0800018310547,171.94083404541016,189.63277774386935,195.76719970703124,216.0717328898112,231.67704940795898,172.85155214514057,163.3699951171875,390.79998779296875,False,False,False,False,False,False,False,True,False,-53.829114927489364,ppv,442.9981602847726,False,False,False,False,,Retailing,E-Retail/ E-Commerce,6.437246963562752,False,False
BCONCEPTS.NS,2026-09-22,152.5800018310547,158.06916681925455,163.89638985527887,171.7124008178711,205.29439982096355,231.14830017089844,155.5040770340624,148.0,449.0,False,False,False,False,False,False,False,False,False,-53.6934744063567,noise,54.501988183589035,False,False,False,False,,Retailing,Speciality Retail,6.518218623481781,False,False
BRIGADE.NS,2026-09-22,616.5499877929688,638.7000071207682,627.9875013563368,607.784658203125,553.3898052978516,570.0212141418457,628.7830752438498,449.19622544946475,799.2478861619728,True,False,False,True,True,True,True,False,False,-10.781941264516348,noise,48.697944374759764,False,False,False,False,,Realty,"Residential, Commercial Projects",52.18623481781377,False,False
BRIGHOTEL.NS,2026-09-22,56.47999954223633,56.492499669392906,58.72111097971598,59.34319999694824,61.358266830444336,62.626250190734865,56.638538501847876,54.36000061035156,87.79000091552734,False,False,False,False,False,False,False,False,False,-33.048839339024575,noise,94.73281801391789,False,False,False,False,,Leisure Services,Hotels & Resorts,24.251012145748987,False,False
BRIGHTBR.NS,2026-09-22,,,,,,,,,,False,False,False,False,False,False,False,False,False,,noise,,False,True,False,False,,Industrial Products,Plastic Products - Industrial,,False,False
BCG.NS,2026-09-22,9.600000381469727,9.959999958674112,9.527222183015612,9.514999980926513,9.747999992370605,9.959499983787536,9.79925296005436,7.699999809265137,15.109999656677246,False,False,False,False,True,False,False,False,False,-34.871095450895794,noise,72.35646899914249,False,True,False,False,,IT - Services,IT Enabled Services,22.02429149797571,False,False
BRITANNIA.NS,2026-09-22,4918.0,4999.791666666667,5269.0,5294.25533203125,5392.49724609375,5509.92751953125,5005.809306407166,4915.0,6168.271363350723,False,False,False,False,False,False,True,False,False,-17.44561707205923,noise,62.67386842743614,False,False,False,True,,Food Products,Packaged Foods,44.81781376518219,False,False
BIRET.NS,2026-09-21,339.1000061035156,338.9591700236003,340.66676161024304,339.17079772949216,327.6011673990885,327.35607192993166,338.88296228179456,297.3551191970849,363.3815591077404,True,True,True,True,False,False,True,True,False,10.131832561912324,green,128.48450993989087,False,False,False,False,,Realty,Real Estate Investment Trusts (REITs),72.10526315789474,True,False
BROOKS.NS,2026-09-22,59.09000015258789,62.85583337148031,62.61805544959174,63.239399948120116,62.83920033772787,66.49455011367797,61.75721304761981,36.29999923706055,156.99000549316406,False,False,False,False,False,True,False,False,False,-60.4405154420544,noise,93.97394459153115,False,True,False,False,,Pharmaceuticals & Biotechnology,Pharmaceuticals,3.765182186234818,False,False
BSE.NS,2026-09-22,3235.0,3306.2833251953125,3361.2305704752603,3427.716005859375,3485.3283121744794,3303.626378173828,3270.2459323114044,2016.1882450384737,4435.115403617064,False,True,True,False,False,True,False,False,False,50.42774165394044,noise,83.3901398383431,False,True,False,False,,Capital Markets,Exchange and Data Platform,89.1497975708502,True,False
BSL.NS,2026-09-22,125.54000091552734,121.65250015258789,122.60583347744412,123.48179992675782,124.67839981079102,130.45650005340576,121.95732213055935,98.0,205.0,False,False,False,False,True,False,False,True,False,-26.584794786241318,noise,34.50072861678617,False,True,False,False,,Textiles & Apparels,Other Textile Products,33.198380566801625,False,False
BURNPUR.NS,2026-09-22,16.1200008392334,17.9408331712087,19.93583329518636,23.59379997253418,29.864599990844727,30.648449993133546,17.280977948100176,11.130000114440918,33.0,False,False,False,False,False,True,False,False,False,-51.15151260838364,noise,42.839617397899794,False,False,False,False,,Cement & Cement Products,Cement & Cement Products,8.137651821862347,False,False
BUTTERFLY.NS,2026-09-22,562.2999877929688,590.5833231608073,631.0111083984375,665.1260009765625,649.3169995117188,645.2322485351563,585.1203951333584,559.75,823.8499755859375,False,True,False,True,False,False,False,False,False,-19.395067736251825,red,140.7492472786227,False,False,False,True,,Consumer Durables,Household Appliances,42.67206477732793,False,False
CCCL.NS,2026-09-22,13.600000381469727,13.90666667620341,14.762500021192762,15.13479995727539,15.585533288319906,16.122299981117248,13.848338596420108,12.760000228881836,28.8700008392334,False,False,False,False,False,False,False,False,False,-50.2560339957335,noise,54.52231420520596,False,True,False,False,,Realty,"Residential, Commercial Projects",8.502024291497975,False,False
CDSL.NS,2026-09-22,1348.0,1359.7416687011719,1363.977779812283,1362.1646459960937,1291.2442146809897,1320.1275732421875,1357.0805827801878,1106.2094182590258,1658.570789743815,True,False,False,True,False,False,True,False,False,-12.717603982034209,noise,57.81470496332661,False,False,False,False,,Capital Markets,"Depositories, Clearing Houses and Other Intermediaries",49.716599190283404,False,False
CHENNPETRO.NS,2026-09-22,1392.0,1482.5500081380208,1402.403327094184,1340.291240234375,1115.4111975097655,1042.2119958496094,1441.3219184983184,681.4494121069772,1677.5,True,True,True,True,True,True,True,False,False,93.67869324683696,noise,46.96208727474938,False,False,False,False,,Petroleum Products,Refineries & Marketing,95.1821862348178,True,True
CPS.NS,2026-09-21,1185.0,1182.5791625976562,1119.759718153212,1090.7419970703124,1049.8419970703126,1062.2759973144532,1177.6652150404245,695.0,1349.25,True,False,True,True,True,True,True,True,False,66.66666666666667,dry,0.0,False,True,False,False,,Textiles & Apparels,Garments & Apparels,91.98380566801619,True,False
MAPMYINDIA.NS,2026-09-22,922.0,922.8416646321615,976.111107720269,1020.5055322265625,961.119688313802,1096.618857421875,917.326419347025,792.673490779813,1992.1530909053106,False,False,False,False,False,False,False,True,False,-43.827838412399636,ppv,540.2793497999147,False,False,False,False,,IT - Software,Software Products,13.684210526315791,False,False
CADSYS.NS,2026-09-21,46.04999923706055,45.90833346048991,49.57638878292508,53.15300025939941,57.45199935913086,54.41524963378906,46.079373925989444,35.599998474121094,74.4000015258789,False,True,False,False,False,False,False,False,False,-32.77372374151744,dry,0.0,False,False,False,False,,Commercial Services & Supplies,Business Process Outsourcing (BPO)/ Knowledge Process Outsourcing (KPO),24.777327935222672,False,False
CMLL.NS,2026-09-22,,,,,,,,,,False,False,False,False,False,False,False,False,False,,noise,,False,False,False,False,,Consumable Fuels,Coal,,False,False
CALSOFT.NS,2026-09-22,39.63999938964844,38.26666673024496,31.655833456251358,28.922400131225587,21.279666748046875,19.72475008010864,38.462023556177286,10.899999618530273,43.130001068115234,True,True,True,True,True,True,True,True,False,162.86471876789324,red,115.29223869323314,False,False,False,False,,IT - Software,Computers - Software & Consulting,98.29959514170041,True,True
CTE.NS,2026-09-22,43.810001373291016,41.50166670481364,42.14166662428114,39.215599899291995,33.03533330281576,34.25664999008179,41.88607956708632,20.510000228881836,59.93000030517578,True,False,False,True,True,True,False,True,False,9.827029440015057,noise,51.91872610802424,False,False,False,False,,IT - Software,Computers - Software & Consulting,71.94331983805668,True,False
CAMLINFINE.NS,2026-09-22,96.44999694824219,100.5,107.64972199334039,112.56539962768555,121.79393330891926,129.51809997558593,99.5404068723336,95.6500015258789,234.24000549316406,False,False,False,False,False,False,False,False,False,-58.01958783536792,red,159.4469909329627,False,False,False,True,,Chemicals & Petrochemicals,Specialty Chemicals,4.37246963562753,False,False
CAMPUS.NS,2026-09-22,211.35000610351562,213.65166600545248,219.81222195095486,220.26790740966797,233.0926603190104,239.7653574371338,213.4845783009766,207.9199981689453,285.84084278783837,False,False,False,False,False,False,False,False,False,-23.687074910888583,dry,15.194497380773326,False,False,False,False,,Consumer Durables,Footwear,36.76113360323887,False,False
CAMS.NS,2026-09-22,704.0,714.0749969482422,749.1588100857205,755.81654296875,740.8746126302084,736.7422048950195,713.6296594625925,606.3175046422562,837.8765073351432,False,True,False,True,False,False,True,False,False,-10.798586151601642,noise,77.78643807162501,False,True,False,False,,Capital Markets,"Depositories, Clearing Houses and Other Intermediaries",52.10526315789473,False,False
CANFINHOME.NS,2026-09-22,759.5499877929688,783.2000071207682,803.4180586073134,815.0130029296874,839.4560123697917,856.4408609008789,778.016639553202,726.0613673587077,962.6932158005569,False,False,False,False,False,False,True,False,False,-0.186993980725203,red,139.58934192201932,False,False,False,False,,Finance,Housing Finance Company,63.31983805668017,False,False
CANBK.NS,2026-09-22,122.9000015258789,123.76749992370605,127.25305663214789,126.89480102539062,130.34657557169595,134.09090435028077,123.85895065931732,113.19592208869213,157.68821233301085,False,False,False,False,False,False,True,False,False,6.800873169915089,noise,44.27853340271993,False,False,False,False,,Banks,Public Sector Bank,68.86639676113361,False,False
CANHLIFE.NS,2026-09-22,,,,,,,,,,False,False,False,False,False,False,False,False,False,,noise,24.70673067277855,False,False,False,False,,Insurance,Life Insurance,,False,False
CRAMC.NS,2026-09-22,,,,,,,,,,False,False,False,False,False,False,False,False,False,,noise,53.81700700334917,False,False,False,False,,Capital Markets,Asset Management Company,,False,False
CANARYS.NS,2026-09-21,28.549999237060547,24.62916644414266,23.747222158643936,22.406999893188477,21.35133331934611,23.20849997997284,24.895238603257464,14.600000381469727,35.20000076293945,True,False,False,False,True,True,True,True,False,-3.7099507440879087,ppv,490.1960784313726,True,False,False,False,,IT - Software,Computers - Software & Consulting,59.959514170040485,False,False
CANTABIL.NS,2026-09-22,238.85000610351562,240.21916834513345,238.75877634684244,241.03217224121093,239.91872833251952,249.27821838378907,240.443952838864,207.86566631610577,319.66775310854337,False,False,False,False,False,False,False,False,False,-9.624152059249214,noise,51.985976733246005,False,False,False,False,,Textiles & Apparels,Garments & Apparels,53.441295546558706,False,False
CAPACITE.NS,2026-09-22,194.72999572753906,194.9966672261556,207.7297223409017,210.9286001586914,226.46160074869792,231.21210075378417,195.66600069855662,180.0,319.0,False,False,False,False,False,False,False,False,False,-37.18387234595514,noise,31.4732802017138,False,False,False,False,,Construction,Civil Construction,19.757085020242915,False,False
CAPILLARY.NS,2026-09-22,,,,,,,,,,False,False,False,False,False,False,False,False,False,,ppv,188.79162518868978,False,False,False,False,,IT - Software,Software Products,,False,False
CIFL.NS,2026-09-22,21.270000457763672,20.130833625793457,20.696388933393692,20.764800033569337,24.445600039164226,26.91475001335144,20.293029636570775,18.559999465942383,39.689998626708984,False,False,False,False,True,False,False,True,False,-37.89770512998004,green,210.2748767471538,False,False,False,False,,Finance,Non Banking Financial Company (NBFC),18.987854251012145,False,False
CAPITALSFB.NS,2026-09-22,281.29998779296875,276.98333231608075,284.4597227308485,288.4360003662109,271.6487571207682,268.5499796295166,278.5603525685926,203.0873051295081,318.27334486330085,True,True,False,True,False,True,True,True,False,-0.9190553854994565,noise,34.31850540980934,False,True,False,False,,Banks,Other Bank,62.388663967611336,False,False
CAPTRUST.NS,2026-09-22,19.5,18.87666670481364,19.607222345140244,18.28740005493164,14.697200037638346,14.41775001525879,18.93149435954506,10.979999542236328,45.59000015258789,True,True,False,True,True,True,False,True,False,-55.058768669510236,dry,6.136035519101809,False,False,False,False,,Finance,Non Banking Financial Company (NBFC),5.991902834008097,False,False
CAPLIPOINT.NS,2026-09-22,2777.300048828125,2717.2975260416665,2620.891879611545,2607.27892578125,2173.5161336263022,2089.018220214844,2708.2281531835356,1495.027411428422,2872.86772399353,True,True,True,True,True,True,True,True,False,18.954126233896606,noise,69.6501923466503,False,False,False,False,,Pharmaceuticals & Biotechnology,Pharmaceuticals,78.13765182186235,True,True
CGCL.NS,2026-09-22,267.04998779296875,266.9791666666667,249.1133295694987,246.8872543334961,210.05410349527995,202.10310020446778,265.2132927252103,150.98878430750037,287.45001220703125,True,True,True,True,True,True,True,True,False,38.21914257540124,noise,38.65301027092442,False,False,False,False,,Finance,Non Banking Financial Company (NBFC),85.66801619433198,True,True
CPL.NS,2026-09-22,,,,,,,,,,False,False,False,False,False,False,False,False,False,,noise,,False,False,False,False,,Industrial Products,Plastic Products - Industrial,,False,False
CARBORUNIV.NS,2026-09-22,1211.300048828125,1105.9666646321614,1112.030544704861,1099.1849291992187,1007.3676586914063,962.417844543457,1123.4665437774308,733.4511840295453,1303.7913206843634,True,True,True,True,True,True,True,True,False,23.2071095050419,ppv,336.1421296929983,False,False,False,False,,Industrial Products,Abrasives & Bearings,80.44534412955466,True,True
CARERATING.NS,2026-09-22,1627.800048828125,1668.7416585286458,1689.8388807508682,1689.3019897460938,1636.2807478841146,1624.3120654296874,1654.9969698527823,1381.0837272376718,1822.6696635954045,False,True,True,True,False,False,True,False,False,3.2138232706418357,ppv,286.94038278357704,False,False,False,False,,Capital Markets,Ratings,66.03238866396761,False,False
CPEDU.NS,2026-09-22,177.35000610351562,182.2658348083496,194.03944396972656,194.04379943847655,190.76740010579428,203.69485054016113,179.75790605897535,141.0,335.8089521141641,False,False,False,False,False,False,False,False,False,-32.93475124923546,dry,8.631612067681951,False,True,False,False,,Other Consumer Services,Education,24.331983805668017,False,False
CARRARO.NS,2026-09-22,542.2999877929688,532.2666651407877,526.3007032606337,529.9046618652344,526.3796250406901,526.1115676879883,530.2113841947075,410.819196371416,659.2363858620107,True,True,False,True,True,True,True,True,False,21.517790200447994,ppv,106.94141204895405,False,False,False,False,,Auto Components,Auto Components & Equipments,79.67611336032388,True,False
CARTRADE.NS,2026-09-22,2907.89990234375,3020.7833048502603,2945.3111029730903,2902.0519873046874,2302.0086572265627,2374.9909912109374,2972.988972198927,1600.0,3290.5,True,False,False,True,True,True,True,False,False,21.710194281456374,noise,40.11981738889242,False,False,False,False,,Retailing,E-Retail/ E-Commerce,79.79757085020242,True,False
CARYSIL.NS,2026-09-22,1065.300048828125,1132.2416890462239,1155.6944546169705,1159.2980078125,1037.549669596354,996.5465017700195,1113.984483568869,732.0999755859375,1280.9000244140625,True,True,True,True,False,True,True,False,False,16.102671571120307,noise,65.89457247000448,False,True,False,False,,Consumer Durables,Household Appliances,76.39676113360323,True,False
CASTROLIND.NS,2026-09-22,195.61000061035156,190.53166707356772,187.96990712483725,185.4063461303711,179.4919757080078,178.5239973449707,191.73561281762335,164.60383017436243,197.85000610351562,True,True,True,True,True,False,True,True,False,2.5541710465895706,green,137.422771187055,False,True,False,False,,Petroleum Products,Lubricants,65.58704453441295,False,False
CCL.NS,2026-09-22,1050.0,1080.566670735677,1101.5805087619358,1124.8458203125,1108.1724861653645,1071.5537762451172,1072.2365857052048,811.0436585583728,1238.748718225596,False,True,True,True,False,False,True,False,False,17.399009227483518,red,103.7055099598584,False,False,False,False,,Agricultural Food & other Products,Tea & Coffee,77.1255060728745,True,False
CEATLTD.NS,2026-09-22,3401.39990234375,3339.7833251953125,3498.4583265516494,3483.3450830078127,3453.144796549479,3535.5800524902343,3375.421155755519,3030.269696896854,4393.1588210528225,False,False,False,False,False,False,True,True,False,-0.9935442470816902,noise,51.073019481831594,False,False,False,False,,Auto Components,Tyres & Rubber Products,62.26720647773279,False,False
CEIGALL.NS,2026-09-22,377.20001220703125,379.11839294433594,345.78996107313367,344.16305053710937,332.4011991373698,315.6871250152588,376.36268338723255,222.3163870325336,405.164930099543,True,True,True,True,True,True,True,True,False,36.85212726003664,noise,79.68281457227835,False,False,False,False,,Construction,Civil Construction,85.10121457489879,True,True
CEINSYS.NS,2026-09-22,,,,,,,,,,False,False,False,False,False,False,False,False,False,,red,116.266318865759,False,True,False,False,,IT - Software,Computers - Software & Consulting,,False,False
CELEBRITY.NS,2026-09-22,6.789999961853027,6.75166658560435,6.82305551899804,6.899599962234497,7.381199979782105,7.65114999294281,6.753576090583731,5.650000095367432,13.25,False,False,False,False,False,False,False,True,False,-44.11522489681872,ppv,140.38244876250317,False,True,False,False,,Textiles & Apparels,Garments & Apparels,13.360323886639677,False,False
CELLPOINT.NS,2026-09-21,14.75,15.037499825159708,15.990277634726631,16.466999893188476,15.875666637420654,16.034249963760377,14.942401115367169,11.699999809265137,21.100000381469727,False,False,False,True,False,False,False,False,False,-21.957670382498083,noise,60.24096385542169,False,False,False,False,,Retailing,Speciality Retail,39.39271255060729,False,False
CELLECOR.NS,2026-09-21,29.200000762939453,31.145833333333332,31.697222232818604,32.64300006866455,32.96500012715658,31.943500089645386,30.67040848427837,21.799999237060547,43.849998474121094,False,True,False,False,False,True,False,False,False,-7.886435141423576,red,147.431467403824,False,False,False,False,,Consumer Durables,Consumer Electronics,55.10121457489878,False,False
CELLO.NS,2026-09-22,320.29998779296875,330.67083231608075,351.2472229003906,350.98970581054687,382.74034891764325,417.894732208252,328.33507601770026,314.6000061035156,670.829945323981,False,False,False,False,False,False,False,False,False,-48.46326032304624,noise,23.106064292619422,False,False,False,True,,Consumer Durables,Houseware,9.676113360323885,False,False
CEMPRO.NS,2026-09-22,1319.300048828125,1262.3500061035156,1268.830559624566,1329.19400390625,1028.6374430338542,950.0196765136719,1265.7898552604474,502.01526853255285,1649.199951171875,True,True,True,True,False,True,True,True,False,65.04570415180342,noise,72.51182203111831,False,False,False,False,,Construction,Civil Construction,91.7004048582996,True,False
CENTRALBK.NS,2026-09-22,31.3700008392334,30.886666297912598,30.95972220102946,31.111000022888184,33.003849500020344,33.863836145401,31.013105983237438,29.31999969482422,40.260706628503506,False,False,False,False,True,False,True,True,False,-14.849400132228219,noise,37.43891240551606,False,False,False,False,,Banks,Public Sector Bank,47.24696356275304,False,False
CMPDI.NS,2026-09-22,,,,,,,,,,False,False,False,False,False,False,False,False,False,,noise,29.542241006898927,False,False,False,False,,Construction,Civil Construction,,False,False
CENTRUM.NS,2026-09-22,21.43000030517578,22.073333263397217,23.371666590372723,23.457799987792967,23.86713330586751,24.711950006484987,21.99188103471292,19.65999984741211,38.47999954223633,False,False,False,False,False,False,False,False,False,-41.93985263135048,noise,74.9391462996616,False,False,False,False,,Finance,Other Financial Services,15.182186234817813,False,False
CENTUM.NS,2026-09-22,4858.7001953125,4339.208333333333,3828.661119249132,3765.254541015625,3306.94609375,3053.425362548828,4373.111221624852,2041.2345828168375,4894.7998046875,True,True,True,True,True,True,True,True,False,83.80774645194575,green,135.98269288635967,False,False,True,False,,Aerospace & Defense,Aerospace & Defense,94.08906882591093,True,True
CENTENKA.NS,2026-09-22,567.4000244140625,570.3291778564453,575.3746727837456,572.4196154785157,490.7816788736979,476.5400563049316,567.8418846965778,364.44087184079007,659.4200186323656,True,True,True,True,False,True,True,False,False,13.76444376675179,dry,4.518825372132205,False,False,False,False,,Textiles & Apparels,Other Textile Products,74.49392712550608,True,False
CENTEXT.NS,2026-09-22,18.6299991607666,19.634028275807697,21.230509493086075,20.59356678009033,20.154588915507,20.600591716766356,19.59429934405229,15.670000076293945,34.75,False,False,False,False,False,False,False,False,False,-26.479877472045,noise,83.20085793317385,False,False,False,False,,Industrial Products,"Aluminium, Copper & Zinc Products",33.31983805668016,False,False
CENTURYPLY.NS,2026-09-22,695.5999755859375,721.6463673909506,746.3916812472874,758.1309729003906,750.2690840657552,761.2938159179688,717.2400112544859,617.6687891415212,857.8455599050699,False,False,False,False,False,False,True,False,False,-14.54593810695054,red,206.98483158160568,False,False,False,False,,Consumer Durables,Plywood Boards/ Laminates,47.65182186234818,False,False
CERA.NS,2026-09-22,5501.0,5623.041666666667,5788.361111111111,5886.89,5578.127669270833,5461.457585449219,5599.595252146008,4410.181828561342,6663.070811519553,False,True,False,True,False,False,True,False,False,-11.16678998865186,noise,60.57915616161069,False,False,False,False,,Consumer Durables,Sanitary Ware,51.7004048582996,False,False
CEREBRAINT.NS,2026-09-21,2.759999990463257,2.8183332880338035,2.7472221983803644,2.822399978637695,3.6549333413441976,4.289050004482269,2.7937783122248763,2.4000000953674316,10.079999923706055,False,False,False,False,False,False,False,False,False,-59.64912384659786,noise,31.589521234235068,False,False,False,False,,IT - Hardware,Computers Hardware & Equipments,3.967611336032389,False,False
CESC.NS,2026-09-22,142.52000427246094,144.32749938964844,151.3094868130154,153.3464468383789,159.53137969970703,158.0970394897461,143.7682342355009,133.1865507427978,197.1955548334318,False,True,False,False,False,False,False,False,False,-9.172336715573548,noise,83.74213002319718,False,True,False,False,,Power,Integrated Power Utilities,54.0080971659919,False,False
CGPOWER.NS,2026-09-22,896.0999755859375,896.0708312988281,888.1847212049696,885.907998046875,841.7223323567708,789.9517266845703,892.3746396658612,524.3427016609982,980.9000244140625,True,True,True,True,True,True,True,True,False,16.60318698020604,noise,75.85291784939812,False,False,False,False,,Electrical Equipment,Heavy Electrical Equipment,76.76113360323886,True,True
CGVAK.NS,2026-09-22,,,,,,,,,,False,False,False,False,False,False,False,False,False,,noise,,False,False,False,False,,IT - Software,Computers - Software & Consulting,,False,False
CHALET.NS,2026-09-22,872.3499755859375,870.9808807373047,865.6122063530815,857.2332312011719,806.0161730957032,821.516247253418,866.4776976188184,690.5603579956495,1034.9687110336106,True,False,False,True,True,False,True,True,False,-13.417011870873019,noise,88.7990449241478,False,False,False,False,,Leisure Services,Hotels & Resorts,48.987854251012145,False,False
CMNL.NS,2026-09-21,111.25,115.27083206176758,110.36666636996799,107.51999969482422,108.90599980672201,111.17224983215333,113.87419967959681,90.0,183.89999389648438,True,False,False,False,True,False,False,False,False,-27.736276579854614,dry,3.589375448671931,False,True,False,False,,Ferrous Metals,Sponge Iron,31.619433198380563,False,False
CLSEL.NS,2026-09-22,293.3999938964844,294.8388900756836,290.67863294813367,286.4604803466797,274.0482595825195,269.51995094299315,293.61908624963974,201.67726198444993,321.4957959945291,True,True,True,True,True,True,True,False,False,3.172793831608711,dry,19.44491725704195,False,False,False,False,,Agricultural Food & other Products,Other Agricultural Products,65.9919028340081,False,False
CHAMBLFERT.NS,2026-09-22,418.5,416.4916636149089,427.55603875054254,430.4847601318359,441.6047633870443,441.7013066101074,416.6202899947941,394.4382907843191,531.9746363084589,False,False,False,False,False,False,True,True,False,-20.572928250522658,green,130.19317312558977,False,False,False,False,,Fertilizers & Agrochemicals,Fertilizers,41.13360323886639,False,False
CHAVDA.NS,2026-09-21,136.9499969482422,124.85416666666667,131.03888999091254,127.07700088500977,106.55866694132487,108.90100017547607,126.1455241054268,80.5999984741211,148.0,True,False,True,True,True,True,True,True,False,18.571425929214016,ppv,441.03992571959145,True,False,False,False,,Construction,Civil Construction,77.89473684210526,True,False
CHEMBONDCH.NS,2026-09-22,260.3999938964844,262.4333330790202,260.7138892279731,256.05975219726565,198.8662857055664,186.72575233459472,264.231717793818,104.32122655798874,290.0,True,True,True,True,True,True,True,False,False,38.118043291286384,noise,31.023712968051136,False,False,False,False,,Chemicals & Petrochemicals,Specialty Chemicals,85.58704453441295,True,True
CHEMBOND.NS,2026-09-22,192.77000427246094,197.55499903361002,181.8133341471354,180.34380035400392,164.70199330647787,162.22978759765624,193.65582201460745,104.02647994423943,236.8000030517578,True,True,False,True,True,True,True,False,False,7.1321631430335986,noise,95.13997347245127,False,False,False,False,,Chemicals & Petrochemicals,Specialty Chemicals,69.27125506072875,False,False
CHEMCON.NS,2026-09-22,227.39999389648438,215.62250010172525,201.34055455525717,195.09739898681642,176.57600891113282,178.61282569885253,217.04616911653903,120.99596136492002,285.55046959192583,True,False,False,True,True,True,True,True,False,-0.2186595948564074,green,223.22635622383524,False,False,False,False,,Chemicals & Petrochemicals,Specialty Chemicals,63.238866396761125,False,False
CHEMCRUX.NS,2026-09-22,,,,,,,,,,False,False,False,False,False,False,False,False,False,,noise,,False,False,False,True,,Chemicals & Petrochemicals,Specialty Chemicals,,False,False
CHEMFAB.NS,2026-09-22,354.0,364.8041636149089,366.3611662122938,367.41772521972655,378.4940832519531,390.2652178955078,362.74524067492615,289.34960628553364,700.5778674882454,False,False,False,False,False,False,False,False,False,-46.10879360880406,noise,86.97286866709794,False,False,False,False,,Chemicals & Petrochemicals,Commodity Chemicals,11.417004048582996,False,False
CHEMPLASTS.NS,2026-09-22,198.6699981689453,176.03166580200195,178.29777738783093,184.37719970703125,216.69459950764974,228.99944946289062,177.67496840267552,161.0,427.70001220703125,False,False,False,False,True,False,False,True,False,-53.05529479244082,ppv,787.988046396618,True,False,False,False,,Chemicals & Petrochemicals,Specialty Chemicals,6.923076923076923,False,False
CHEVIOT.NS,2026-09-22,1170.4000244140625,1183.5083414713542,1164.9250047471787,1151.2739990234375,1095.9034130859375,1077.7433959960938,1173.9429313040705,878.760956532361,1341.137994623551,True,True,True,True,True,True,True,False,False,-0.9257754242336547,noise,52.43437187755472,False,False,False,False,,"Paper, Forest & Jute Products",Jute & Jute Products,62.30769230769231,False,False
CHOICEIN.NS,2026-09-22,760.9000244140625,755.1458435058594,787.5750037299263,793.1680029296875,728.4619991048177,743.4294989013672,759.350240276089,568.7000122070312,860.5,True,False,False,True,False,True,True,True,False,-7.2355959263562974,noise,65.94151209007136,False,False,False,False,,Finance,Holding Company,55.62753036437247,False,False
CHOLAHLDNG.NS,2026-09-22,1459.5999755859375,1510.691650390625,1542.9575941297744,1542.2449731445313,1570.8833846028647,1625.6977392578126,1498.7245536852326,1303.9706528841405,2062.371871375786,False,False,False,False,False,False,False,False,False,-27.667628473432515,noise,79.7930007911231,False,False,False,False,,Finance,Investment Company,31.983805668016196,False,False
CHOLAFIN.NS,2026-09-22,1759.0999755859375,1808.0166625976562,1853.3916659884983,1833.629619140625,1678.3847233072918,1684.0570635986328,1793.9126755383033,1298.889892127893,1952.5,True,False,True,True,False,True,True,False,False,8.043377957078501,noise,70.55725506489962,False,False,False,False,,Finance,Non Banking Financial Company (NBFC),70.12145748987855,True,False
CIEINDIA.NS,2026-09-22,390.6000061035156,383.2583287556966,395.5986099243164,407.54599914550784,443.49256022135415,434.5623210144043,386.1942762923609,366.8999938964844,518.5450350593709,False,True,False,False,False,False,True,True,False,-8.42123489703348,noise,37.17492916483808,False,False,False,False,,Auto Components,Auto Components & Equipments,54.49392712550607,False,False
CINELINE.NS,2026-09-22,89.16000366210938,92.38967577616374,89.29850069681804,86.36429718017578,83.41396545410156,83.83132255554199,90.90269270474938,72.35133502234581,102.97859117159102,True,False,True,True,True,False,True,False,False,9.207063446904296,noise,69.3861118166651,False,False,False,False,,Entertainment,"Film Production, Distribution & Exhibition",71.21457489878541,True,False
CINEVISTA.NS,2026-09-22,14.510000228881836,14.18416659037272,14.42972215016683,14.64199993133545,15.22833329518636,15.33044997215271,14.206214648643767,12.15999984741211,22.799999237060547,False,False,False,False,False,False,False,True,False,-23.023873022593023,ppv,1071.9973352851703,False,False,False,False,,Realty,"Residential, Commercial Projects",37.65182186234818,False,False
CIPLA.NS,2026-09-22,1384.0999755859375,1374.7833353678386,1415.1416659884983,1421.327998046875,1363.0157161458333,1375.5127563476562,1380.4061518000171,1154.8655900414417,1657.4505258313652,True,False,False,True,False,False,True,True,False,-9.409608925335643,noise,75.41923091533992,False,False,False,False,,Pharmaceuticals & Biotechnology,Pharmaceuticals,53.64372469635627,False,False
CUB.NS,2026-09-22,227.2100067138672,230.58250172932944,223.07833438449435,222.0930923461914,204.20644541422527,205.66687339782715,230.40331211884566,151.83998264963606,248.85000610351562,True,False,True,True,True,True,True,False,False,48.28807957011456,noise,73.847948550457,False,False,False,False,,Banks,Private Sector Bank,88.74493927125506,True,False
CLEDUCATE.NS,2026-09-22,55.380001068115234,57.64250055948893,59.630833307902016,59.1407999420166,51.93539983113607,58.29679981231689,57.10589710684194,35.47999954223633,104.0,False,False,False,True,False,True,False,False,False,-44.34170746923092,noise,21.45922746781116,False,False,False,False,,Other Consumer Services,Education,13.036437246963562,False,False
CLCIND.NS,2026-09-21,45.29999923706055,48.086666107177734,49.84861108991835,51.089399871826174,35.622866554260256,80.59674989700318,47.56612367374383,8.539999961853027,280.0,False,False,False,False,False,True,False,False,False,-83.82142884390696,noise,31.98777547200044,False,False,False,False,,Textiles & Apparels,Other Textile Products,0.4048582995951417,False,False
CLEANMAX.NS,2026-09-22,,,,,,,,,,False,False,False,False,False,False,False,False,False,,green,106.85573665595925,False,False,False,False,,Power,Power Generation,,False,False
CLEAN.NS,2026-09-22,833.2000122070312,835.1125081380209,822.7569410536024,799.0144140625,771.6946980794271,790.7185177612305,834.6247533216656,648.9423872407145,1165.111569275276,True,False,False,True,True,False,False,False,False,-26.579283826944355,noise,46.251848856173055,False,False,False,False,,Chemicals & Petrochemicals,Specialty Chemicals,33.23886639676113,False,False
CMRGREEN.NS,2026-09-22,,,,,,,,,,False,False,False,False,False,False,False,False,False,,noise,93.29887972966495,False,False,False,False,,Industrial Products,"Aluminium, Copper & Zinc Products",,False,False
CMSINFO.NS,2026-09-22,234.6199951171875,229.75574111938477,245.04944780137805,251.91267639160156,278.4765447998047,291.0063754272461,231.79765100770038,220.99000549316406,402.00971505359485,False,False,False,False,False,False,False,True,False,-40.46198789016113,noise,53.37849248405482,False,False,False,False,,Commercial Services & Supplies,Diversified Commercial Services,16.39676113360324,False,False
COALINDIA.NS,2026-09-22,428.0,422.25,409.97464667426215,410.7981323242187,429.44656860351563,421.65903182983396,419.45924093191667,355.1755291130353,478.7148709533388,False,True,True,False,True,False,True,True,False,15.802097346164512,ppv,198.53072034208859,False,False,False,False,,Consumable Fuels,Coal,76.23481781376519,True,False
COASTCORP.NS,2026-09-22,38.189998626708984,38.91749954223633,41.15483909183078,43.80822891235351,48.34880884806315,47.6347993850708,38.52282581163419,32.28353764249399,66.25575218949841,False,True,False,False,False,False,False,False,False,1.0940288629495587,noise,24.887074375420468,False,False,False,False,,Food Products,Seafood,64.5344129554656,False,False
COCHINSHIP.NS,2026-09-22,1388.9000244140625,1417.3960571289062,1467.506571451823,1449.0530419921874,1474.6123372395834,1494.979443359375,1397.6717202914792,1185.6655491296951,1968.5122412143382,False,False,False,False,False,False,False,False,False,-27.352709402256213,noise,79.95593367406171,False,False,False,False,,Industrial Manufacturing,Ship Building & Allied Services,32.30769230769231,False,False
COFFEEDAY.NS,2026-09-22,30.59000015258789,31.39500029881795,30.789444499545628,30.85959999084473,29.571266695658366,30.53400001525879,30.836052093142918,21.0,45.95000076293945,True,False,False,True,False,True,False,False,False,-28.794225315418466,noise,62.85297227917946,False,False,False,False,,Leisure Services,Restaurants,29.838056680161944,False,False
COFORGE.NS,2026-09-22,1803.0,1837.4416605631511,1855.8055589463975,1777.9312524414063,1463.4198282877603,1517.008257446289,1828.9511552971865,1005.7569371911586,2021.199951171875,True,False,False,True,True,True,True,False,False,5.744991795732601,noise,44.23987031365951,False,False,False,False,,IT - Software,Computers - Software & Consulting,68.13765182186235,False,False
COHANCE.NS,2026-09-22,452.75,443.15833791097003,448.1805580986871,443.7460015869141,407.5116670735677,417.85050064086914,445.69400494680133,266.70001220703125,917.8499755859375,True,False,False,True,True,True,False,True,False,-49.78650388278759,noise,59.2346436266765,False,True,False,False,,Pharmaceuticals & Biotechnology,Pharmaceuticals,8.906882591093117,False,False
COLPAL.NS,2026-09-22,1869.0,1836.3416849772136,1896.8027852376301,1950.0840161132812,2011.3871337890625,2032.2466986083984,1857.565731413233,1761.237851420491,2305.39489609257,False,False,False,False,False,False,True,True,False,-18.479819628354587,noise,48.807684488915335,False,False,False,False,,Personal Products,Personal Care,43.76518218623482,False,False
COMFINTE.NS,2026-09-22,,,,,,,,,,False,False,False,False,False,False,False,False,False,,noise,,False,True,False,False,,Beverages,Breweries & Distilleries,,False,False
COMSYN.NS,2026-09-22,301.25,298.39158630371094,279.6343608432346,255.06785064697266,192.48210774739584,182.4122151184082,298.6429179829602,136.21566370194202,314.8814145022618,True,True,True,True,True,True,True,True,False,94.75029871901748,noise,96.11058834592903,False,True,False,False,,Industrial Products,Packaging,95.38461538461539,True,True
COMMITTED.NS,2026-09-21,329.8500061035156,343.17083231608075,344.99305470784503,342.39399963378906,290.4953333536784,268.3942497253418,340.0613925400675,174.25,362.0,True,True,True,True,False,True,True,False,False,29.96453984921694,red,193.35142469470827,False,False,False,False,,Transport Services,Logistics Solution Provider,82.99595141700405,True,False
COMPEAU.NS,2026-09-22,,,,,,,,,,False,False,False,False,False,False,False,False,False,,noise,,False,True,False,False,,Automobiles,Auto Dealer,,False,False
COMPUSOFT.NS,2026-09-22,13.239999771118164,13.119999885559082,13.10070702764723,13.06545919418335,13.253800322214762,13.711685461997986,13.16917493155936,11.77744777373263,20.119808275141764,False,False,False,False,True,False,False,True,False,-32.31215125254601,noise,50.68874136063193,False,False,False,False,,Other Consumer Services,Education,25.425101214574898,False,False
CONCORDBIO.NS,2026-09-22,1532.4000244140625,1486.375,1478.5666639539932,1433.483603515625,1253.1793835449218,1261.365641784668,1500.6738768402722,981.1254498447715,1684.9114218148525,True,False,False,True,True,True,True,True,False,-4.87625272440112,red,103.67646746165626,False,True,False,False,,Pharmaceuticals & Biotechnology,Pharmaceuticals,58.744939271255056,False,False
CEWATER.NS,2026-09-22,278.75,274.2875010172526,270.68194580078125,278.76000122070315,293.0370009358724,325.2987504577637,273.90275876280333,235.0,539.9000244140625,False,False,False,False,False,False,False,True,False,-46.849081225693446,noise,40.84650043158055,False,False,False,False,,Other Utilities,Waste Management,10.850202429149798,False,False
CFEL.NS,2026-09-22,,,,,,,,,,False,False,False,False,False,False,False,False,False,,noise,,False,False,False,False,,Commercial Services & Supplies,Trading & Distributors,,False,False
CONFIPET.NS,2026-09-22,86.76000213623047,87.3933334350586,80.98666720920139,79.9570004272461,63.70360020955404,56.279350204467775,87.28998846313385,28.059999465942383,93.19999694824219,True,True,True,True,True,True,True,False,False,85.18676178792288,noise,49.47508212570416,False,False,False,False,,Gas,LPG/CNG/PNG/LNG Supplier,94.17004048582996,True,True
CONSOFINVT.NS,2026-09-22,300.25,301.76270294189453,285.33284674750433,284.7297412109375,245.93168467203776,227.9266050720215,298.80645128689696,151.2637974296401,318.4500850081756,True,True,True,True,True,True,True,True,False,55.23324095055153,noise,37.07211437419025,False,False,False,False,,Finance,Non Banking Financial Company (NBFC),90.04048582995952,True,True
CONCOR.NS,2026-09-22,467.0,493.9935251871745,506.693605211046,504.80461669921874,486.68619934082034,491.24103607177733,490.2963274018724,419.3328127807616,551.3765123327721,False,False,False,True,False,False,True,False,False,-13.678685020921112,red,167.55846768709267,False,False,False,False,,Transport Services,Logistics Solution Provider,48.663967611336034,False,False
CONTI.NS,2026-09-21,9.75,11.129166603088379,11.211111201180351,11.104000072479248,12.892666683197021,15.124750037193298,10.775783256642173,9.649999618530273,27.0,False,False,False,False,False,False,False,False,False,-61.53846211723519,noise,29.82107355864811,False,False,False,True,,Commercial Services & Supplies,Trading & Distributors,3.360323886639676,False,False
CONTROLPR.NS,2026-09-22,589.1500244140625,590.8375091552734,586.201392279731,592.5910009765626,616.729580078125,629.8900469970703,592.9055788002943,512.2003645119609,885.1828036505703,False,False,False,False,False,False,False,False,False,-21.97857170512262,noise,46.178393056847305,False,False,False,False,,IT - Hardware,Computers Hardware & Equipments,39.35222672064778,False,False
COOLCAPS.NS,2026-09-21,26.950000762939453,25.27500009536743,22.400000042385525,22.03499996185303,24.955666618347166,34.315,25.370072373294057,19.0,99.5,False,False,False,False,True,True,False,True,False,-66.65326934590425,ppv,130.59701492537314,False,False,False,False,,Industrial Products,Packaging,2.2267206477732793,False,False
CORALFINAC.NS,2026-09-22,32.13999938964844,32.565000216166176,33.041407373216416,32.82721950531006,32.5871692276001,33.812540483474734,32.4603068343431,24.86201257565247,47.715976472070594,False,False,False,False,False,False,False,False,False,-30.679013935353737,dry,9.678504227294786,False,False,False,False,,Commercial Services & Supplies,Diversified Commercial Services,27.530364372469634,False,False
CORDSCABLE.NS,2026-09-22,382.8999938964844,358.92088317871094,284.294793870714,261.76116760253905,212.33005452473958,203.12302719116212,355.44835446968995,126.59146539161857,393.59864963682395,True,True,True,True,True,True,True,True,False,114.54594887829002,green,201.009173651685,False,False,True,False,,Industrial Products,Cables - Electricals,96.47773279352226,True,True
COROMANDEL.NS,2026-09-22,1944.9000244140625,1950.0166727701824,1990.013892279731,2003.60201171875,1994.5523038736978,2067.7615716552737,1948.5475502697836,1704.8401341065546,2486.7668094210435,False,False,False,False,False,False,True,False,False,-14.013749924039088,noise,62.04595595532692,False,False,False,False,,Fertilizers & Agrochemicals,Fertilizers,48.34008097165992,False,False
CORONA.NS,2026-09-22,,,,,,,,,,False,False,False,False,False,False,False,False,False,,noise,24.5755258933472,False,False,False,False,,Pharmaceuticals & Biotechnology,Pharmaceuticals,,False,False
COSMOFIRST.NS,2026-09-22,862.75,882.7000071207682,912.9513905843099,900.299658203125,778.3247359212239,748.9023263549805,879.2371729032122,558.0950701442713,996.0,True,True,True,True,False,True,True,False,False,-5.258565642709822,noise,24.88150087984989,False,False,False,False,,Industrial Products,Packaging,58.38056680161944,False,False
CCHHL.NS,2026-09-22,12.9399995803833,12.65999992688497,12.658055517408583,12.691199913024903,12.945599969228109,13.355249972343445,12.757473071194589,10.029999732971191,18.0,False,False,False,False,True,False,False,True,True,-24.19449436600266,red,114.20226068304682,False,False,False,False,,Leisure Services,Hotels & Resorts,36.19433198380567,False,False
COUNCODOS.NS,2026-09-22,6.329999923706055,6.402500033378601,6.473611103163825,6.476599998474121,5.43759999593099,5.471700000762939,6.383203272937244,3.7100000381469727,7.96999979019165,True,False,False,True,False,True,True,False,False,-16.710526274512016,dry,17.17505357719718,False,False,False,False,,Realty,"Residential, Commercial Projects",45.46558704453441,False,False
CPCAP.NS,2026-09-22,151.6999969482422,140.04416783650717,126.70111147562663,121.96740036010742,104.02753346761068,105.0127001953125,142.29636773974303,73.51000213623047,160.5,True,False,False,True,True,True,True,True,False,7.542889248405649,noise,88.58904258191981,False,False,False,False,,Finance,Non Banking Financial Company (NBFC),69.7165991902834,False,False
CRAFTSMAN.NS,2026-09-22,10602.0,11293.333333333334,10887.263888888889,10498.965,8957.141985677083,8584.039216308594,11089.059881985615,6316.2925601072975,11999.0,True,True,True,True,True,True,True,False,False,56.73588184658029,red,134.28004553071744,False,False,False,False,,Auto Components,Auto Components & Equipments,90.36437246963563,True,True
CRAVATEX.NS,2026-09-22,,,,,,,,,,False,False,False,False,False,False,False,False,False,,noise,,False,True,False,False,,Commercial Services & Supplies,Trading & Distributors,,False,False
CRAYONS.NS,2026-09-21,23.700000762939453,24.12500015894572,25.78888898425632,26.021000099182128,31.01066664377848,33.139000024795536,23.941711312895436,22.600000381469727,58.849998474121094,False,False,False,False,False,False,False,False,False,-51.681954879557836,green,103.80622837370241,False,False,False,False,,Media,Advertising & Media Agencies,7.732793522267206,False,False
CREATIVEYE.NS,2026-09-22,6.25,5.860833326975505,6.068888889418708,6.0737999820709225,6.4450666650136315,6.578300001621247,5.848655684035121,5.159999847412109,8.819999694824219,False,False,False,False,True,False,False,True,False,-21.185370298937222,green,390.63736276860334,True,False,False,False,,Entertainment,Media & Entertainment,40.40485829959514,False,False
CGRAPHICS.NS,2026-09-21,135.4499969482422,142.4041659037272,145.27222230699329,141.40300018310546,148.62266652425131,156.39699966430663,140.27995181641404,122.0,246.0,False,False,False,False,False,False,False,False,False,-44.052047280689735,noise,44.76908576814326,False,False,False,False,,Industrial Products,Other Industrial Products,13.441295546558704,False,False
CNL.NS,2026-09-22,1108.0999755859375,1125.5333353678386,1169.7972208658855,1108.72,807.0863338216146,783.6124993896484,1124.1144682043362,525.0,1328.0,True,True,True,True,False,True,True,False,False,74.73136959113202,dry,7.729849759507427,False,False,False,False,,Commercial Services & Supplies,Trading & Distributors,92.91497975708502,True,False
CREDITACC.NS,2026-09-22,1357.9000244140625,1402.2916463216145,1457.2444390190972,1479.553994140625,1367.7446704101562,1348.9450024414064,1395.113947323506,1113.0,1634.0,False,True,True,True,False,False,True,False,False,-0.19843827872423336,noise,41.69059172684954,False,False,False,False,,Finance,Microfinance Institutions,63.279352226720654,False,False
MUFTI.NS,2026-09-22,73.33999633789062,73.3433329264323,75.77575789557562,77.35512481689453,79.18725413004557,82.72246200561523,73.29377279701286,61.44120935254668,116.28621017754436,False,False,False,False,False,False,False,True,False,-36.079924398283595,noise,38.60357385375292,False,False,False,False,,Retailing,Speciality Retail,20.97165991902834,False,False
CRSL.NS,2026-09-22,,,,,,,,,,False,False,False,False,False,False,False,False,False,,noise,,False,False,False,False,,IT - Services,IT Enabled Services,,False,False
CREST.NS,2026-09-22,363.70001220703125,362.34166717529297,365.81755998399524,367.87384521484375,359.77672587076825,363.3078211975098,363.659293771084,297.3310024635267,416.8518141052093,True,False,False,True,False,False,True,True,False,-6.106919123460308,noise,61.98916535324565,False,False,False,False,,Finance,Non Banking Financial Company (NBFC),57.40890688259109,False,False
CRISIL.NS,2026-09-22,4559.7998046875,4660.9916585286455,4593.230563693576,4519.555893554688,4236.019140625,4299.924045410156,4619.250793794245,3669.9050085491053,5005.772176274182,True,False,False,True,True,False,True,False,False,-7.164653164896729,red,118.40648083030044,False,False,False,False,,Finance,Other Financial Services,55.78947368421052,False,False
CRIZAC.NS,2026-09-22,177.02999877929688,176.90916442871094,176.32166629367404,180.15499969482423,201.17506713867186,214.28324974060058,176.38619939649448,159.9499969482422,332.2216509854723,False,False,False,False,False,False,False,True,True,-42.18075777455902,noise,32.17003875168833,False,False,False,False,,Retailing,Internet & Catalogue Retail,15.101214574898785,False,False
CROMPTON.NS,2026-09-22,222.0,228.05833307902017,239.32444424099393,243.93860260009765,255.169912109375,253.09923851013184,226.87008282817658,214.8165151621269,310.76263289355074,False,True,False,False,False,False,False,False,False,-27.232431116347843,noise,80.53822109280247,False,False,False,False,,Consumer Durables,Household Appliances,32.469635627530366,False,False
CLSL.NS,2026-09-21,72.0,80.11666679382324,79.40138922797308,74.1320002746582,54.60933349609375,53.262250118255615,77.88874491077765,39.04999923706055,92.25,True,True,True,True,False,True,True,False,False,19.999999999999996,noise,37.80718336483932,False,False,False,False,,Fertilizers & Agrochemicals,Pesticides & Agrochemicals,78.66396761133603,True,False
CROWN.NS,2026-09-22,124.95999908447266,113.76000022888184,110.12416648864746,111.18039978027343,117.72426666259766,120.43895011901856,114.41875269844232,100.11000061035156,177.0,True,False,False,False,True,False,False,True,False,-27.927099108727628,ppv,705.7346419924886,False,False,False,False,,Industrial Manufacturing,Industrial Products,31.45748987854251,False,False
CSBBANK.NS,2026-09-22,334.95001220703125,318.62083689371747,325.0208341810438,331.1030004882812,355.83866638183594,377.72925003051756,325.7062993976767,295.0,574.4000244140625,False,False,False,False,True,False,False,True,False,-3.6946452090120707,noise,32.26815757178662,False,False,False,False,,Banks,Private Sector Bank,60.04048582995951,False,False
CSLFINANCE.NS,2026-09-22,220.24000549316406,223.09265263875326,219.31296115451389,215.46941070556642,222.54203409830728,235.67001388549804,220.945346581878,201.00019533971565,311.22919637663324,False,False,False,False,True,False,False,False,False,-22.031709460418647,noise,28.493973978406274,False,False,False,False,,Finance,Non Banking Financial Company (NBFC),39.311740890688256,False,False
CSM.NS,2026-09-22,,,,,,,,,,False,False,False,False,False,False,False,False,False,,noise,71.55843159796399,False,False,False,False,,IT - Software,Computers - Software & Consulting,,False,False
CUBEXTUB.NS,2026-09-22,104.8499984741211,81.29749870300293,79.8186109330919,79.26939971923828,87.36246683756511,92.31605026245117,84.99296437947439,73.0999984741211,143.69000244140625,True,False,False,False,True,True,False,True,True,9.606935459121079,ppv,1421.8436548787777,True,False,False,False,,Industrial Products,"Aluminium, Copper & Zinc Products",71.70040485829959,True,False
CUMMINSIND.NS,2026-09-22,4962.5,5041.541666666667,5193.680555555556,5285.5569921875,5214.660475260417,4969.734788818359,5035.2507216258655,3784.261865546783,6049.821052103703,False,True,True,True,False,True,True,False,False,25.972102989928626,noise,72.47600247279044,False,False,False,False,,Industrial Products,"Compressors, Pumps & Diesel Engines",81.4574898785425,True,False
CUPID.NS,2026-09-22,258.20001220703125,274.2458356221517,276.0313877529568,260.18979919433593,169.7767327372233,148.77019969940184,269.9634019568891,41.816001892089844,299.0,True,True,True,True,False,True,True,False,False,492.4192694028437,green,164.803563706781,False,False,False,False,,Personal Products,Personal Care,99.79757085020243,True,False
CURAA.NS,2026-09-22,72.0,75.28583272298177,72.74749967787001,72.99299987792969,86.37173319498697,90.93674999237061,73.8407221477089,60.0,235.1999969482422,False,False,False,False,False,False,False,False,False,-62.16500323417365,dry,14.94008563595478,False,False,False,False,,IT - Software,Computers - Software & Consulting,3.076923076923077,False,False
CYBERMEDIA.NS,2026-09-22,20.040000915527344,22.816666920979817,19.201389021343655,18.19360008239746,16.604266662597656,16.524500007629396,21.51593454051274,11.300000190734863,28.989999771118164,True,True,True,True,True,True,False,False,False,4.647526447655226,dry,14.42987845325788,False,False,False,False,,Media,Electronic Media,67.24696356275304,False,False
CMRSL.NS,2026-09-21,67.5,74.78750038146973,68.72653113471137,66.95799880981446,66.74028058369954,67.72365198135375,72.17002112085959,50.948211669921875,93.9797784582361,False,False,False,False,True,True,False,False,False,-16.22702716521882,dry,0.0,False,False,False,False,,Media,Advertising & Media Agencies,45.991902834008094,False,False
CYBERTECH.NS,2026-09-22,138.36000061035156,136.83631642659506,133.03664271036783,134.29032012939453,128.73661321004232,130.34344703674316,137.08977897697554,92.63091306003729,247.38314036605925,True,False,False,True,True,True,False,True,False,-7.13908479642269,red,122.01503261440033,False,True,False,False,,IT - Software,Computers - Software & Consulting,55.91093117408907,False,False
CYIENT.NS,2026-09-22,1079.0,1076.2416890462239,988.8666703965929,948.8230041503906,907.4506677246094,962.7965008544921,1070.942679898717,750.2999877929688,1238.4282709626927,True,False,False,False,True,True,True,True,False,-11.975654396637392,noise,59.509980164623585,False,False,False,False,,IT - Services,IT Enabled Services,50.64777327935223,False,False
CYIENTDLM.NS,2026-09-22,917.2000122070312,911.1041768391927,804.1527811686198,759.0980029296875,513.6216678873698,483.5972508239746,901.9722734776751,265.20001220703125,1009.0,True,True,True,True,True,True,True,True,False,91.66232067773706,noise,29.103347360952498,False,True,False,False,,Aerospace & Defense,Aerospace & Defense,94.8582995951417,True,True
DBCORP.NS,2026-09-22,183.0399932861328,188.42499923706055,200.1716660393609,202.5845654296875,203.70809926350913,213.28326271057128,187.23200737293823,180.2044446273266,273.08983319711587,False,False,False,False,False,False,False,False,False,-31.874473116115386,noise,31.297244836034793,False,True,False,False,,Media,Print Media,25.951417004048583,False,False
DPWIRES.NS,2026-09-22,154.22999572753906,150.36999893188477,157.31722174750433,160.8643994140625,167.51226608276366,172.63129955291748,149.98939674766197,125.0199966430664,281.6499938964844,False,False,False,False,False,False,False,True,False,-43.863288487428186,green,239.3157720397879,False,False,False,False,,Industrial Products,Iron & Steel Products,13.603238866396762,False,False
DSKULKARNI.NS,2026-09-21,23.15999984741211,21.00083335240682,16.555277744928997,15.713800029754639,14.271266803741455,14.090950150489807,21.40611088734807,8.600000381469727,23.15999984741211,True,True,True,True,True,True,True,True,False,70.9225056930133,ppv,26.060008451894635,False,False,True,False,,Realty,"Residential, Commercial Projects",92.5506072874494,True,True
DLINKINDIA.NS,2026-09-22,423.54998779296875,430.49999745686847,435.73194461398657,440.1089990234375,435.13132934570314,423.82863189697264,428.4961242532005,349.1345095601163,521.5413716552077,False,True,False,True,False,False,True,False,False,-8.986011640364378,noise,23.22998258651135,False,False,False,False,,IT - Hardware,Computers Hardware & Equipments,54.089068825910935,False,False
DKEGL.NS,2026-09-21,72.80000305175781,68.01250012715657,67.5097230275472,67.4320001220703,69.55899978637696,70.89724983215332,68.55413335385023,60.0,89.5999984741211,True,False,False,False,True,False,True,True,False,4.000004359654019,noise,61.72839506172839,False,False,False,False,,Industrial Products,Packaging,66.96356275303643,False,False
DPABHUSHAN.NS,2026-09-22,1469.4000244140625,1385.0749918619792,1429.6888868543838,1413.792998046875,1152.762667236328,1210.7415017700196,1401.4197222798416,866.0999755859375,1670.0,True,False,False,True,True,True,True,True,False,-6.716602973425834,noise,47.93907964328172,False,False,False,False,,Consumer Durables,"Gems, Jewellery And Watches",56.477732793522264,False,False
DABUR.NS,2026-09-22,388.1000061035156,381.0083312988281,392.9013883802626,402.11652709960936,429.2940985107422,447.3880059814453,384.87337219851884,368.04998779296875,527.1610207391882,False,False,False,False,False,False,False,True,False,-24.296484290637434,noise,66.87316746887801,False,False,False,False,,Personal Products,Personal Care,35.9919028340081,False,False
DAICHI.NS,2026-09-22,,,,,,,,,,False,False,False,False,False,False,False,False,False,,noise,,False,True,False,False,,Chemicals & Petrochemicals,Specialty Chemicals,,False,False
DALMIASUG.NS,2026-09-22,388.1000061035156,411.8208363850911,436.71805572509766,416.3530004882812,366.5139267985026,346.17265579223636,404.30172197978504,256.4493655542562,520.0,True,True,True,True,False,True,False,False,False,5.943246675252256,noise,21.82560961022359,False,False,False,False,,Agricultural Food & other Products,Sugar,68.17813765182186,False,False
DALBHARAT.NS,2026-09-22,1741.5999755859375,1727.3500061035156,1800.772220187717,1808.9379931640624,1824.8955314127604,1893.053349609375,1740.0782681779706,1600.3099946947705,2446.0241614505903,False,False,False,False,False,False,False,True,False,-27.383516890249414,dry,15.014015762578648,False,False,False,False,,Cement & Cement Products,Cement & Cement Products,32.2672064777328,False,False
DAMCAPITAL.NS,2026-09-22,137.6999969482422,140.68666458129883,145.11321894327799,148.78560852050782,148.0511003112793,159.90287715911865,139.46519555480555,118.42050979450424,284.0820688881976,False,False,False,False,False,False,False,False,False,-43.52251083966039,noise,29.356238301921223,False,False,False,False,,Capital Markets,Stockbroking & Allied,13.88663967611336,False,False
DAMODARIND.NS,2026-09-22,28.8700008392334,28.6233336130778,28.181666745079887,28.42200008392334,28.111800028483074,28.270750036239622,28.40700588470928,20.0,38.79999923706055,True,False,False,True,True,True,False,True,False,-19.49246974942992,noise,36.338897554176484,False,False,False,False,,Textiles & Apparels,Other Textile Products,42.59109311740891,False,False
DANGEE.NS,2026-09-22,2.700000047683716,2.7891666889190674,2.866111112965478,2.9122000122070313,3.1183333428700766,3.2015000021457674,2.7554647680994413,2.5399999618530273,5.079999923706055,False,False,False,False,False,False,False,False,False,-38.21510026565396,noise,58.378148739901725,False,False,False,False,,Food Products,Packaged Foods,18.663967611336034,False,False
DATAPATTNS.NS,2026-09-22,4484.89990234375,4620.291666666667,4587.800035264757,4525.635541992187,4066.4074853515626,3698.416251220703,4542.512209185017,2126.3648658097904,5000.0,True,True,True,True,False,True,True,False,False,59.71417221742059,noise,43.84886491872679,False,False,False,False,,Aerospace & Defense,Aerospace & Defense,90.93117408906882,True,False
DATAMATICS.NS,2026-09-22,765.2999877929688,761.2431386311849,798.7061292860243,807.893193359375,772.2736128743489,769.195181274414,765.4990321137182,627.9510538752943,1003.5294156461148,False,True,False,True,False,False,True,False,False,-11.953071786193291,noise,34.66232905857085,False,False,False,False,,IT - Services,IT Enabled Services,50.68825910931174,False,False
DAVANGERE.NS,2026-09-22,2.259999990463257,2.0541666547457376,2.514444417423672,2.7395999908447264,3.4374666738510133,3.6410500025749206,2.129435292364393,1.7400000095367432,5.5,False,False,False,False,False,False,False,True,False,-40.99216617538743,noise,62.94545542580037,False,False,False,False,,Diversified FMCG,Diversified FMCG,15.951417004048581,False,False
DBSTOCKBRO.NS,2026-09-22,29.209999084472656,28.585833231608074,30.437777784135605,31.927600059509277,29.960599988301595,28.70604999542236,28.976854625862096,23.149999618530273,48.5,False,True,True,True,False,False,False,True,False,6.761690178549018,noise,43.05043050430504,False,False,False,False,,Capital Markets,Stockbroking & Allied,68.82591093117408,False,False
DCI.NS,2026-09-22,275.8500061035156,281.60949452718097,339.61224873860675,323.985869140625,297.2454096476237,282.916304397583,284.61967803147587,208.90389285934754,474.82702083380383,False,True,True,True,False,True,False,False,False,-6.83642834048298,noise,21.85901784357239,False,False,False,False,,IT - Hardware,Computers Hardware & Equipments,56.315789473684205,False,False
DCBBANK.NS,2026-09-22,218.5800018310547,222.90583419799805,207.60111067030164,202.5513995361328,187.71883463541667,185.98670036315917,220.27013273764726,121.38222908441647,234.8000030517578,True,True,True,True,True,True,True,False,False,70.65095193194861,noise,25.959229996864675,False,False,False,False,,Banks,Private Sector Bank,92.42914979757086,True,True
DCG.NS,2026-09-21,74.5999984741211,78.21666653951009,63.25972239176432,60.41400016784668,60.108333333333334,61.12350002288818,77.78465191389435,47.0,93.94999694824219,True,False,False,False,True,True,True,False,False,10.846946643894118,noise,60.42296072507553,False,False,False,False,,Industrial Products,Cables - Electricals,72.5506072874494,True,False
DCM.NS,2026-09-22,76.37000274658203,76.08749961853027,79.39166662428114,83.07380004882812,81.73526664733886,83.77474992752076,76.50182137804052,55.0,104.30000305175781,False,False,False,False,False,True,False,False,False,-23.006350572785294,noise,93.10831513060361,False,True,False,False,,IT - Services,IT Enabled Services,37.73279352226721,False,False
DCMFINSERV.NS,2026-09-22,5.090000152587891,5.122499982515971,5.2561111317740545,5.23120002746582,5.277266669273376,5.197600008249283,5.10491506870949,3.700000047683716,8.550000190734863,False,True,False,False,False,True,False,False,False,-14.16525632490736,noise,59.8843061226824,False,False,False,False,,Finance,Investment Company,48.21862348178138,False,False
DCMNVL.NS,2026-09-22,178.0399932861328,177.7441660563151,176.76138814290366,167.69699951171876,147.78153299967448,143.69915000915526,178.24823625712813,95.5999984741211,198.5800018310547,True,True,True,True,True,True,True,False,False,8.0143125088465,noise,23.82762433716167,False,True,False,False,,Textiles & Apparels,Other Textile Products,70.08097165991903,True,True
DCMSHRIRAM.NS,2026-09-22,979.2999877929688,995.6166636149088,1018.4166666666666,1020.7039050292968,1064.7309692382812,1094.2453076171876,993.4685491995212,941.5197177909594,1395.1299395484884,False,False,False,False,False,False,False,False,False,-21.21119044244808,noise,26.20519607611513,False,False,False,False,,Diversified,Diversified,40.2834008097166,False,False
DSFCL.NS,2026-09-22,,,,,,,,,,False,False,False,False,False,False,False,False,False,,ppv,257.2687526642632,False,False,False,False,,Chemicals & Petrochemicals,Specialty Chemicals,,False,False
DCMSRIND.NS,2026-09-22,37.869998931884766,40.286666552225746,44.34916665818956,43.219800033569335,39.960528996785484,48.88521284103393,39.75272046981946,31.557174545273405,179.94513189465283,False,False,False,False,False,False,False,False,False,-77.00540294889922,noise,83.14374644593268,False,False,False,False,,Agricultural Food & other Products,Sugar,0.728744939271255,False,False
DCMSIL.NS,2026-09-22,,,,,,,,,,False,False,False,False,False,False,False,False,False,,noise,91.47269082580584,False,False,False,False,,Textiles & Apparels,Other Textile Products,,False,False
DCW.NS,2026-09-22,48.02000045776367,46.27726650238037,45.71816613939073,45.89089859008789,46.09419942220052,47.91085796356201,46.02904765736699,36.94659349539297,74.52324839218491,True,False,False,False,True,False,False,True,False,-34.30233413813897,ppv,271.6468630258063,False,False,False,False,,Chemicals & Petrochemicals,Petrochemicals,22.63157894736842,False,False
DCXINDIA.NS,2026-09-22,163.5,166.26416778564453,172.40750079684787,175.49600006103515,185.1643999226888,182.96169982910158,164.93748132452183,153.3000030517578,281.0,False,True,False,False,False,False,False,False,False,-40.06597972281357,green,100.15694777139501,False,False,False,False,,Aerospace & Defense,Aerospace & Defense,16.68016194331984,False,False
DDEVPLSTIK.NS,2026-09-22,260.45001220703125,258.4332567850749,272.4038149515788,273.9973928833008,257.8435912068685,265.5948085784912,258.66858006663773,184.2429273142594,357.588977871684,False,False,False,True,False,True,False,True,False,-24.653424376834842,noise,69.00378984769277,False,False,False,False,,Chemicals & Petrochemicals,Specialty Chemicals,35.506072874493924,False,False
DENEERS.NS,2026-09-21,167.1999969482422,168.84583282470703,172.41527769300671,177.2829995727539,179.88933278401691,173.81574966430665,168.30891377284513,132.0,288.5,False,True,False,False,False,False,False,False,False,-36.01224463863472,red,185.5533465871438,False,False,False,False,,Industrial Products,Iron & Steel Products,21.052631578947366,False,False
DENORA.NS,2026-09-22,798.4000244140625,799.249257405599,827.1838701036241,840.4395910644531,782.6259224446615,749.8821383666992,799.7952826469082,557.4933844179585,955.6247035443768,True,True,True,True,False,True,True,False,False,-2.0690985189217415,noise,30.00774031432407,False,True,False,False,,Industrial Products,Electrodes & Refractories,61.376518218623474,False,False
DIL.NS,2026-09-21,0.6499999761581421,0.6499999761581421,0.6916666527589163,0.7245999908447266,0.9408666618665059,1.1014999973773956,0.6519058997038673,0.6499999761581421,2.440000057220459,False,False,False,False,False,False,False,False,False,-65.78947450975963,dry,0.0,False,False,False,True,,Leisure Services,Hotels & Resorts,2.4696356275303644,False,False
DECNGOLD.NS,2026-09-22,,,,,,,,,,False,False,False,False,False,False,False,False,False,,noise,,False,False,False,False,,Non - Ferrous Metals,Precious Metals,,False,False
DECCANCE.NS,2026-09-22,562.25,568.1858520507812,563.8621012369791,563.0581188964844,606.9291280110677,633.1423400878906,566.9528338926159,524.5372083570767,1156.9791412784318,False,False,False,False,False,False,False,False,False,-49.40243499199723,red,146.107678025117,False,True,False,False,,Cement & Cement Products,Cement & Cement Products,9.190283400809717,False,False
DEEDEV.NS,2026-09-22,691.7999877929688,658.2198638916016,643.5641089545356,652.8137463378906,529.9465135701497,449.62815635681153,659.1162313772687,182.69871604200983,758.7487929742209,True,True,True,True,True,True,True,True,False,141.3166713505872,noise,58.607234508464586,False,True,False,False,,Industrial Manufacturing,Industrial Products,97.53036437246963,True,True
DEEM.NS,2026-09-21,42.95000076293945,41.87083371480306,42.50555600060357,45.37500045776367,42.7043334197998,43.66225004196167,41.433577126674514,29.350000381469727,64.44999694824219,False,False,False,True,False,True,False,True,False,-30.1626003854643,ppv,250.0,False,False,False,False,,Industrial Products,Iron & Steel Products,28.13765182186235,False,False
DEEPINDS.NS,2026-09-22,761.5999755859375,763.308339436849,704.5988430447048,649.2880541992188,513.3437243652344,486.6543893432617,746.9664717146268,328.747065369566,825.0,True,True,True,True,True,True,True,True,False,41.92938503371462,noise,54.022721028416576,False,False,False,False,,Oil,Oil Equipment & Services,86.5587044534413,True,True
DEEP.NS,2026-09-22,,,,,,,,,,False,False,False,False,False,False,False,False,False,,noise,,False,False,False,False,,Chemicals & Petrochemicals,Specialty Chemicals,,False,False
DBEIL.NS,2026-09-22,7.0,7.074166655540466,6.8688888682259455,7.050999975204467,7.535746685663859,8.300435016155243,6.962289770903937,5.151000022888184,18.559999465942383,False,False,False,False,False,True,False,True,False,-59.595961375228576,green,164.79102940603326,False,False,False,False,,Construction,Civil Construction,4.008097165991903,False,False
DEEPAKFERT.NS,2026-09-22,1340.4000244140625,1333.1833394368489,1422.5864698621963,1466.7938330078125,1324.6900598144532,1283.8512341308594,1342.4938077584334,860.5304973022847,1669.6119086916185,True,True,False,True,False,True,True,False,False,-7.158596863844591,noise,47.40473267319377,False,False,False,False,,Chemicals & Petrochemicals,Commodity Chemicals,55.829959514170035,False,False
DEEPAKNTR.NS,2026-09-22,1613.199951171875,1607.9666951497395,1702.758348253038,1696.1324169921875,1632.2307836914063,1627.7343853759767,1612.3404801293625,1274.1803312746065,1895.7415042243763,False,True,False,True,False,False,True,True,False,-10.252644474989536,noise,47.968628500238296,False,False,False,False,,Chemicals & Petrochemicals,Specialty Chemicals,52.55060728744939,False,False
DELAPLEX.NS,2026-09-21,91.3499984741211,100.23749923706055,94.19861094156902,95.3,102.985999806722,108.50374977111817,97.35142221515815,80.0,194.85000610351562,False,False,False,False,False,False,False,False,False,-36.25261931004506,noise,27.99552071668533,False,True,False,False,,IT - Software,Computers - Software & Consulting,20.728744939271255,False,False
DELHIVERY.NS,2026-09-22,430.75,437.3000005086263,453.22361246744794,460.05700134277345,455.92200032552086,444.84550048828123,434.77775418915934,374.45001220703125,524.0,False,True,False,True,False,False,True,False,False,-7.9397295108115,noise,76.42717762361208,False,True,False,False,,Transport Services,Logistics Solution Provider,55.020242914979754,False,False
DELPHIFX.NS,2026-09-22,5.369999885559082,5.605833292007446,6.251666651831733,6.4884000015258785,9.179066696166991,10.86592329978943,5.485821741524266,4.71999979019165,18.25,False,False,False,False,False,False,False,False,False,-63.5467238195071,ppv,282.826775724932,False,False,False,False,,Finance,Other Financial Services,2.874493927125506,False,False
DELTACORP.NS,2026-09-22,61.77000045776367,56.3633337020874,58.87048519982232,59.97606948852539,62.733613942464196,64.01299787521363,57.8740678820426,47.901091163726164,85.68642021255008,False,False,False,False,True,False,False,True,False,-25.781212401055043,ppv,258.1730395170621,False,True,False,False,,Leisure Services,Amusement Parks/ Other Recreation,34.12955465587045,False,False
DELTAMAGNT.NS,2026-09-22,55.0,56.088333447774254,57.37277804480659,57.561200332641604,58.81906664530436,60.85919994354248,55.65090046402341,45.5099983215332,92.5,False,False,False,False,False,False,False,False,False,-38.793679472038434,dry,12.046389824167603,False,False,False,False,,Industrial Products,Other Industrial Products,18.05668016194332,False,False
DEN.NS,2026-09-22,26.260000228881836,26.923333326975506,27.433888965182835,27.502000007629395,27.68193337758382,28.321700048446655,26.743706507601765,22.520000457763672,37.349998474121094,False,False,False,False,False,False,False,False,False,-28.17286859276178,noise,56.01418751317975,False,False,False,False,,Entertainment,TV Broadcasting & Software Production,30.89068825910931,False,False
DENTA.NS,2026-09-22,272.6499938964844,279.4424794514974,291.56219991048175,304.047373046875,281.84683898925783,286.8837674713135,277.873002948132,219.99131462508552,475.26051427850655,False,False,False,True,False,False,False,False,False,-39.49653602542364,noise,43.64532693050633,False,False,False,False,,Other Utilities,Water Supply & Management,17.246963562753038,False,False
DESTINY.NS,2026-09-21,100.6500015258789,100.6500015258789,101.5250015258789,102.7500015258789,109.16366729736328,111.25900047302247,100.66275575302544,100.0,143.0,False,False,False,False,False,False,False,False,False,-3.034683461722265,dry,0.0,False,False,False,False,,Transport Services,Logistics Solution Provider,60.48582995951417,False,False
DEVX.NS,2026-09-22,35.060001373291016,33.70333353678385,33.94750012291802,34.01600006103516,36.90779996236165,37.730049991607665,33.923529209549784,29.950000762939453,60.439998626708984,False,False,False,False,True,False,False,True,False,-39.33206295577182,noise,75.3455802896045,False,True,False,False,,Commercial Services & Supplies,Diversified Commercial Services,17.408906882591094,False,False
DEVIT.NS,2026-09-22,23.1200008392334,23.707499821980793,25.13111098607381,25.683999977111817,27.302399927775067,29.020849981307983,23.587272015554706,22.25,44.644657090777606,False,False,False,False,False,False,False,False,False,-46.31791648553478,noise,61.30203475645736,False,False,False,False,,IT - Services,IT Enabled Services,11.133603238866396,False,False
DEVYANI.NS,2026-09-22,144.50999450683594,138.79916636149088,139.33249876234265,132.03199920654296,119.82386652628581,122.84849990844727,140.24608311573164,91.55000305175781,182.8000030517578,True,False,False,True,True,True,True,True,False,-17.66281178864294,noise,50.277624758862274,False,False,False,False,,Leisure Services,Restaurants,44.65587044534413,False,False
DHABRIYA.NS,2026-09-22,,,,,,,,,,False,False,False,False,False,False,False,False,False,,noise,,False,False,False,False,,Industrial Products,Plastic Products - Industrial,,False,False
DBOL.NS,2026-09-22,114.80999755859375,118.96249961853027,120.64749929640028,116.15969482421875,110.81902170817057,104.05331104278565,117.33918685813869,68.04458797402032,139.0,True,True,True,True,False,True,True,False,False,36.85440266746649,noise,36.876684872812525,False,True,False,False,,Agricultural Food & other Products,Sugar,85.1417004048583,True,False
DHAMPURSUG.NS,2026-09-22,164.1300048828125,162.35916646321616,166.58194308810764,159.60579895019532,144.431748046875,138.0384788131714,161.56267685441532,108.4862046974501,199.9199981689453,True,True,True,True,True,True,True,True,False,18.12906574310862,noise,73.34714328081377,False,False,False,False,,Agricultural Food & other Products,Sugar,77.57085020242916,True,True
DHANBANK.NS,2026-09-22,29.18000030517578,30.196666717529297,31.76222234302097,32.29360012054443,30.10746669769287,28.773800020217895,29.94309301381452,19.450000762939453,36.849998474121094,False,True,True,True,False,True,True,False,False,12.187620332174909,noise,20.324335955789,False,False,False,False,,Banks,Private Sector Bank,73.23886639676114,True,False
DHANLAXMI.NS,2026-09-21,24.0,23.945833524068195,24.897222254011368,24.820000038146972,27.13300001780192,27.788999977111818,23.97590044785548,20.049999237060547,45.45000076293945,False,False,False,False,False,False,False,True,False,-44.89092900011747,noise,60.60606060606061,False,False,False,False,,Agricultural Food & other Products,Other Agricultural Products,12.550607287449392,False,False
DHANUKA.NS,2026-09-22,966.4000244140625,981.6166687011719,995.316663953993,1001.4249133300781,1034.6695552571614,1062.284835510254,976.3503581611709,887.8900230030476,1617.2853743124303,False,False,False,False,False,False,False,False,False,-38.22107256518969,noise,29.252808053544584,False,True,False,False,,Fertilizers & Agrochemicals,Pesticides & Agrochemicals,18.62348178137652,False,False
DHARAN.NS,2026-09-22,0.14000000059604645,0.13249999657273293,0.1455555549926228,0.1466000011563301,0.14666666691501937,0.16805000055581332,0.1358728960483809,0.10999999940395355,0.6100000143051147,False,False,False,False,False,False,False,True,False,-74.54545498879487,noise,48.94271985953609,False,False,False,False,,Realty,"Residential, Commercial Projects",1.0526315789473684,False,False
DHARMAJ.NS,2026-09-22,281.6000061035156,272.2624994913737,271.11527676052515,268.296999206543,262.1191335042318,256.2777001953125,274.4130269421551,210.64999389648438,345.0,True,True,True,True,True,True,True,True,False,-14.795762147196479,noise,73.6023445704783,False,False,False,False,,Fertilizers & Agrochemicals,Pesticides & Agrochemicals,47.4089068825911,False,False
DHATRE.NS,2026-09-22,,,,,,,,,,False,False,False,False,False,False,False,False,False,,noise,,False,True,False,False,,Industrial Products,Iron & Steel Products,,False,False
DHOOTTRANS.NS,2026-09-22,,,,,,,,,,False,False,False,False,False,False,False,False,False,,noise,,False,False,False,False,,Auto Components,Auto Components & Equipments,,False,False
DHRUV.NS,2026-09-22,21.56999969482422,22.113333225250244,23.515833218892414,23.997799949645994,28.15879997253418,31.84769997596741,21.914465948492502,20.5,59.0,False,False,False,False,False,False,False,False,False,-61.15613151631094,noise,83.63722593587171,False,False,False,False,,Commercial Services & Supplies,Consulting Services,3.4817813765182186,False,False
DHUNINV.NS,2026-09-22,983.5999755859375,996.7625071207682,986.0272284613716,962.1419494628906,896.867255452474,952.933373413086,991.5643950167141,665.0414392053011,1568.2457463691665,True,False,False,True,True,True,False,False,False,-32.3196264701359,dry,13.135517932837526,False,True,False,False,,Finance,Non Banking Financial Company (NBFC),25.34412955465587,False,False
DTIL.NS,2026-09-22,142.89999389648438,142.56916681925455,143.17283799913196,139.93585922241212,135.8856288655599,139.79154930114746,142.86135849943471,100.5264407641267,193.7899932861328,True,False,False,True,True,True,False,True,False,-24.29266697967879,dry,9.094400666310296,False,False,False,False,,Agricultural Food & other Products,Tea & Coffee,36.032388663967616,False,False
DVL.NS,2026-09-22,283.25,286.18333689371747,277.6282026502821,266.9176330566406,245.24517822265625,250.9417050933838,283.9937392815565,185.99911365423574,373.3187363457356,True,False,False,True,True,True,True,False,False,-18.57478216875794,dry,11.503004886573123,False,False,False,False,,Industrial Products,Packaging,43.64372469635627,False,False
DIAMINESQ.NS,2026-09-22,254.85000610351562,253.7866643269857,247.52777820163303,248.14640045166016,248.47280059814454,250.52735023498536,253.9455703611049,208.00999450683594,377.1000061035156,True,False,False,False,True,False,False,True,False,-31.205291481785924,noise,46.21294194941286,False,False,False,False,,Chemicals & Petrochemicals,Specialty Chemicals,26.923076923076923,False,False
DIACABS.NS,2026-09-22,370.8500061035156,363.7708282470703,353.9638858371311,334.1945989990234,224.87386611938476,202.27094955444335,368.2221183013926,115.56999969482422,404.0,True,True,True,True,True,True,True,True,False,129.34447316175232,dry,15.769409904210432,False,False,False,False,,Electrical Equipment,Other Electrical Equipment,97.08502024291498,True,True
DICIND.NS,2026-09-22,654.25,619.5249938964844,581.136105855306,561.6909967041015,533.1359033203125,525.2284832763672,621.9133200047888,447.9634122961736,667.9500122070312,True,True,True,True,True,True,True,True,False,16.421241360914117,ppv,161.9129134513568,False,False,True,False,,Chemicals & Petrochemicals,Printing Inks,76.63967611336032,True,True
DTL.NS,2026-09-21,124.1500015258789,131.42916679382324,124.6152778201633,124.21500015258789,119.72399988810221,124.23949993133544,132.59836820132563,82.05000305175781,178.0,False,False,False,False,False,True,False,False,False,-6.583892229085297,red,609.7560975609756,False,False,False,False,,Commercial Services & Supplies,Diversified Commercial Services,56.76113360323887,False,False
DIFFNKG.NS,2026-09-22,441.6000061035156,444.5541636149089,424.8134307861328,414.68873596191406,346.8142128499349,332.7868762969971,441.8100876660716,215.99034037428646,519.9000244140625,True,True,True,True,True,True,True,False,False,13.698955841317794,noise,23.619781679608153,False,False,False,False,,Industrial Products,Other Industrial Products,74.41295546558705,True,True
DGCONTENT.NS,2026-09-22,23.920000076293945,24.244999885559082,24.53111113442315,24.684200019836425,26.300000025431316,27.315,24.156535081011643,21.610000610351562,39.56999969482422,False,False,False,False,False,False,False,False,False,-35.3513511451515,dry,8.507097914825023,False,False,False,False,,Media,Advertising & Media Agencies,21.49797570850202,False,False
DIGIDRIVE.NS,2026-09-22,17.760000228881836,17.518332958221436,17.61805534362793,17.773199920654296,19.579466641743977,20.92009994506836,17.543216909365338,16.100000381469727,33.70000076293945,False,False,False,False,False,False,False,True,False,-46.149179880559956,noise,57.172834160476974,False,False,False,False,,Retailing,E-Retail/ E-Commerce,11.376518218623481,False,False
DIGIKORE.NS,2026-09-21,36.04999923706055,38.59999974568685,38.48333337571886,41.278000106811525,58.32566658020019,61.68974998474121,38.178486991877136,30.25,182.5,False,False,False,False,False,False,False,False,False,-78.79411809584673,noise,45.162278015921615,False,False,False,False,,Entertainment,Media & Entertainment,0.6072874493927125,False,False
DIGISPICE.NS,2026-09-22,16.399999618530273,16.610833326975506,16.94944445292155,17.447000045776367,18.575333347320555,19.608350014686586,16.56843681774512,14.819999694824219,31.489999771118164,False,False,False,False,False,False,False,False,False,-45.55113160166937,noise,63.90793085583273,False,True,False,False,,IT - Services,IT Enabled Services,11.862348178137653,False,False
DIGITIDE.NS,2026-09-22,81.81999969482422,88.40666580200195,95.73361142476399,97.2436003112793,92.81680002848307,100.82055011749267,86.65125892768084,69.9000015258789,192.0,False,False,False,False,False,False,False,False,False,-55.85410525979542,noise,88.63714639978205,False,False,False,False,,IT - Services,IT Enabled Services,5.748987854251012,False,False
DIGJAMLMTD.NS,2026-09-22,56.83000183105469,59.60166613260905,53.26750002966987,50.91700004577637,46.740999933878584,47.50534996032715,59.241328860068286,36.029998779296875,73.19000244140625,True,False,True,True,True,True,True,False,False,-0.263246248484883,dry,13.068344562198783,False,False,False,False,,Textiles & Apparels,Other Textile Products,63.11740890688259,False,False
DNAMEDIA.NS,2026-09-22,2.549999952316284,2.5083333452542624,2.6041666534211902,2.6659999752044676,2.9184666697184243,3.1416500067710875,2.4926696303183844,2.1700000762939453,5.090000152587891,False,False,False,False,False,False,False,True,False,-47.745903841880796,noise,63.857173060644755,False,True,False,False,,Media,Electronic Media,10.20242914979757,False,False
DBL.NS,2026-09-22,423.1000061035156,406.2125015258789,416.4652803209093,416.3320013427734,431.20066731770834,438.2720002746582,412.158746603983,381.54998779296875,585.0,False,False,False,False,True,False,False,True,False,-26.4749331604331,noise,34.23790907253624,False,True,False,False,,Construction,Civil Construction,33.36032388663968,False,False
DISAQ.NS,2026-09-22,,,,,,,,,,False,False,False,False,False,False,False,False,False,,dry,15.575599776827225,False,False,False,False,,Industrial Manufacturing,Industrial Products,,False,False
DISHTV.NS,2026-09-22,2.5,2.5274999936421714,2.6858333150545755,2.737999982833862,2.9744666536649067,3.1590499955415727,2.54392657885122,1.8200000524520874,5.53000020980835,False,False,False,False,False,True,False,False,False,-53.27102720440708,green,102.25156742258615,False,False,False,False,,Entertainment,TV Broadcasting & Software Production,6.801619433198381,False,False
DCAL.NS,2026-09-22,169.8800048828125,168.62250137329102,177.63388951619467,180.5366012573242,178.21320048014323,191.96505043029785,168.90900619532215,128.5,321.95001220703125,False,False,False,False,False,True,False,True,False,-40.694711941561366,noise,23.796524626245823,False,False,False,False,,Pharmaceuticals & Biotechnology,Pharmaceuticals,16.315789473684212,False,False
DIVGIITTS.NS,2026-09-22,1118.9000244140625,1151.5322672526042,1160.672575208876,1099.6861694335937,874.5662740071615,807.1121829223633,1141.9221092139628,572.068130803166,1326.0175300078042,True,True,True,True,True,True,True,False,False,70.68629509399496,noise,41.15096207599792,False,False,False,False,,Auto Components,Auto Components & Equipments,92.46963562753037,True,True
DIVISLAB.NS,2026-09-22,9352.0,9356.416666666666,8935.708333333334,8539.986650390625,7147.0985286458335,6927.610881347657,9317.519709557904,5613.352076705792,9615.0,True,True,True,True,True,True,True,True,False,51.46072256480472,noise,58.920518512119166,False,False,False,False,,Pharmaceuticals & Biotechnology,Pharmaceuticals,89.31174089068826,True,True
DPEL.NS,2026-09-21,634.1500244140625,622.808339436849,583.620837741428,581.5430041503906,487.28033345540365,436.31374992370604,627.4442387523048,227.8000030517578,655.0,True,True,True,True,True,True,True,True,False,154.21929531858876,noise,97.0402717127608,False,False,False,False,,Industrial Products,Cables - Electricals,98.05668016194332,True,True
DIXON.NS,2026-09-22,13084.0,13455.090738932291,14071.54185655382,14068.84015625,12179.5428515625,12086.780327148437,13389.09872574393,9592.617659981392,18456.797063638267,True,True,False,True,False,True,False,False,False,-27.58506366701925,noise,99.35632202832477,False,False,False,False,,Consumer Durables,Consumer Electronics,32.02429149797571,False,False
DJML.NS,2026-09-22,74.44999694824219,78.02416674296062,89.40777799818251,95.13779998779297,96.35046529134115,90.43690208435059,77.52568315533358,51.935996330415506,124.64639518710236,False,True,False,False,False,True,False,False,False,-24.09190888082451,noise,65.93843621761789,False,False,False,False,,Transport Services,Logistics Solution Provider,36.23481781376518,False,False
DLF.NS,2026-09-22,669.5,650.4583231608073,662.4291653103298,660.0798840332031,609.701947631836,621.6653202819824,652.6651114057659,483.3317854758361,777.7355769685859,True,False,False,True,True,True,True,True,False,-12.387007182865917,green,146.29951929292176,False,False,False,False,,Realty,"Residential, Commercial Projects",50.283400809716596,False,False
DMCC.NS,2026-09-22,290.6499938964844,282.3874969482422,286.37466684977215,280.3527514648438,260.79026763916016,256.035629196167,281.4421136136037,189.6849424177935,330.00320506586485,True,True,False,True,True,True,True,True,False,-8.015269203053954,noise,95.97131211553186,False,False,False,False,,Chemicals & Petrochemicals,Specialty Chemicals,54.89878542510122,False,False
DHTL.NS,2026-09-21,28.899999618530273,31.75416660308838,32.47083335452609,33.76200004577637,39.93066645304362,46.91974948883057,30.63313257433392,26.600000381469727,125.19999694824219,False,False,False,False,False,False,False,False,False,-42.43028051930643,ppv,2343.75,True,False,False,False,,Other Consumer Services,E-Learning,14.65587044534413,False,False
DODLA.NS,2026-09-22,1047.5999755859375,1074.0999959309895,1079.4611138237847,1074.2300024414062,1079.4197029622396,1111.5813104248048,1069.636472141319,959.925286216164,1468.6130587717325,False,False,False,False,False,False,False,False,False,-26.592064102639767,red,119.6011198842367,False,False,False,False,,Food Products,Dairy Products,33.1578947368421,False,False
DOLATALGO.NS,2026-09-22,68.16000366210938,68.82416661580403,70.60305553012424,70.17839981079102,73.52306666056315,76.02655807495117,68.46208766676884,64.95999908447266,95.63547251598347,False,False,False,False,False,False,False,False,False,-20.325999364310874,green,113.56346185490081,False,False,False,False,,Capital Markets,Stockbroking & Allied,41.417004048582996,False,False
DOLLAR.NS,2026-09-22,272.79998779296875,268.9624964396159,270.9972220526801,267.3318316650391,267.23542388916013,283.83488792419433,270.3720381265947,217.9330629801214,391.38998363057124,False,False,False,False,True,False,False,True,False,-26.94198387136848,noise,22.056766910307086,False,True,False,False,,Textiles & Apparels,Garments & Apparels,32.75303643724696,False,False
DOLLEX.NS,2026-09-22,36.599998474121094,37.56249968210856,34.43055544959174,33.19699996948242,31.783666648864745,33.34300000190735,37.13730297784377,26.0,43.54999923706055,True,False,False,False,True,True,True,False,False,-13.577332248343922,dry,18.63441938872497,False,False,False,False,,Agricultural Food & other Products,Sugar,48.78542510121457,False,False
DOLPHIN.NS,2026-09-22,724.2999877929688,675.3166656494141,584.1277754041884,527.4139978027343,443.6396651204427,439.23999893188477,671.7366619985575,322.0,745.0,True,True,True,True,True,True,True,True,False,79.74934007964032,ppv,224.08970607019558,False,False,True,False,,Oil,Offshore Support Solution Drilling,93.56275303643726,True,True
DOMS.NS,2026-09-22,2098.800048828125,2141.1166788736978,2196.164360894097,2214.1344970703126,2251.627433268229,2314.479560546875,2125.172642944247,2020.548311951282,2750.437480198048,False,False,False,False,False,False,True,False,False,-19.037148119604886,noise,44.59824145460986,False,True,False,False,,Household Products,Stationary,43.117408906882595,False,False
DONEAR.NS,2026-09-22,82.5,84.25955454508464,85.2231879764133,85.01502731323242,87.81009287516277,88.87424560546874,83.61204360611649,77.41257899253465,116.22861284574053,False,False,False,False,False,False,False,False,False,-14.380640439688552,noise,45.206249885048344,False,True,False,False,,Textiles & Apparels,Other Textile Products,47.77327935222672,False,False
DRAGARWQ.NS,2026-09-22,,,,,,,,,,False,False,False,False,False,False,False,False,False,,noise,,False,False,False,False,,Healthcare Services,Hospital,,False,False
AGARWALEYE.NS,2026-09-22,493.04998779296875,506.12499745686847,509.36666615804035,502.51099975585936,468.98866760253907,472.5222508239746,501.27249049443435,401.0,568.0,True,False,False,True,False,False,True,False,False,12.299282883812168,noise,24.138153719444293,False,True,False,False,,Healthcare Services,Hospital,73.31983805668017,True,False
LALPATHLAB.NS,2026-09-22,1909.800048828125,1910.2249959309895,1914.175001356337,1874.8142407226562,1625.7062467447918,1573.3606072998048,1910.3782893193497,1266.16157090969,2038.5999755859375,True,True,True,True,True,True,True,False,False,13.834588041733742,noise,74.91739192003537,False,False,False,False,,Healthcare Services,Healthcare Service Provider,74.53441295546558,True,True
DRREDDY.NS,2026-09-22,1211.0,1164.0416666666667,1173.161112467448,1174.6080029296875,1246.1398763020834,1243.2441217041016,1176.3530253091994,1101.0,1405.9838095385528,False,True,False,False,True,False,True,True,False,-6.356251143348157,ppv,189.64471746047775,False,False,False,False,,Pharmaceuticals & Biotechnology,Pharmaceuticals,57.165991902834016,False,False
DRCSYSTEMS.NS,2026-09-22,12.289999961853027,12.833333333333334,13.016111108991835,13.129199981689453,14.235533332824707,14.874299974441529,12.711243759277174,11.5,22.780000686645508,False,False,False,False,False,False,False,False,False,-43.701328425077854,red,355.6667083429043,False,False,False,True,,IT - Software,Computers - Software & Consulting,13.724696356275304,False,False
DREAMFOLKS.NS,2026-09-22,63.040000915527344,65.62750148773193,67.20638942718506,67.30520057678223,72.53120007832845,79.91870012283326,65.05115254214111,56.0,160.0,False,False,False,False,False,False,False,False,False,-46.702737938680514,red,113.60283095488539,False,True,False,False,,Transport Infrastructure,Airport & Airport services,10.89068825910931,False,False
DREDGECORP.NS,2026-09-22,993.7999877929688,1017.0416463216146,1075.536109076606,1067.777998046875,1020.8990006510417,1019.5177499389648,1011.5579741169925,538.0,1286.0,False,True,True,True,False,True,True,False,False,43.44688298261759,red,114.09061146912416,False,False,False,False,,Engineering Services,Dredging,86.96356275303644,True,False
DRONE.NS,2026-09-21,33.79999923706055,33.26666673024496,36.250000105963814,37.1360001373291,42.54833333333333,47.308000049591065,33.44355695636777,31.700000762939453,101.8499984741211,False,False,False,False,False,False,False,True,False,-60.30534511876902,noise,43.54354354354354,False,False,False,False,,Other Consumer Services,Education,3.8461538461538463,False,False
DRSDILIP.NS,2026-09-21,107.0,107.0,108.05833371480306,108.60200027465821,111.77600011189779,99.33325002670288,107.03478837446377,52.25,119.5,False,True,True,False,False,True,True,False,False,9.183673469387754,dry,0.0,False,False,False,False,,Transport Services,Logistics Solution Provider,71.17408906882591,True,False
KEEPLEARN.NS,2026-09-22,1.840000033378601,1.878333330154419,1.9083333379692502,1.8948000001907348,1.9446666622161866,2.0427999943494797,1.8699514279280107,1.5099999904632568,3.2100000381469727,False,False,False,False,False,False,False,False,False,-34.75177032140093,dry,18.23474051630683,False,False,False,False,,Other Consumer Services,Education,22.186234817813766,False,False
DUGLOBAL.NS,2026-09-21,21.399999618530273,23.65000009536743,24.768055544959175,25.627999992370604,33.355333417256674,32.55275009155273,23.122918690540985,21.049999237060547,49.0,False,True,False,False,False,False,False,False,False,-52.967033805427974,red,448.71794871794873,False,False,False,True,,Leisure Services,"Tour, Travel Related Services",7.004048582995952,False,False
DUCOL.NS,2026-09-21,127.75,120.82916641235352,112.5486102634006,110.92099929809571,114.25433293660481,123.43049980163575,123.43255742268005,90.0,209.5,True,False,False,False,True,True,False,True,False,-22.127401631504483,noise,53.53319057815846,False,True,False,False,,Chemicals & Petrochemicals,Dyes And Pigments,39.149797570850204,False,False
DUCON.NS,2026-09-22,1.4600000381469727,1.5991666615009308,2.220632162359026,2.4398551559448243,3.000418381690979,3.1344637846946717,1.5397607133541367,1.149999976158142,6.179999828338623,False,False,False,False,False,False,False,False,False,-75.37942528817891,green,187.4309456120165,False,False,False,False,,Industrial Manufacturing,Industrial Products,1.0121457489878543,False,False
DURLAX.NS,2026-09-21,63.0,62.05000019073486,61.34166653951009,58.22899993896485,52.54599988301595,49.470996952056886,61.44227366187374,30.549999237060547,72.0,True,True,True,True,True,True,True,True,False,53.47137922263996,red,230.58252427184468,False,False,False,False,,Consumer Durables,"Furniture, Home Furnishing",89.75708502024291,True,True
DWARKESH.NS,2026-09-22,41.68000030517578,43.69750054677328,46.05583328670926,44.75276077270508,43.45382603963216,41.65734592437744,42.92838881549201,32.045448076776864,59.900001525878906,False,True,True,True,False,True,False,False,False,-1.4154869588590357,noise,70.72598393179291,False,False,False,False,,Agricultural Food & other Products,Sugar,61.943319838056674,False,False
DSSL.NS,2026-09-22,1022.2000122070312,1033.2333272298176,1107.585905287001,1138.9649523925782,1171.1568790690105,1117.8155056762696,1029.7714708708045,780.6596368203953,1923.9611771253476,False,True,True,False,False,True,False,False,False,3.5538191600836155,noise,76.20245530223072,False,False,False,False,,IT - Services,IT Enabled Services,66.39676113360325,False,False
DYNAMATECH.NS,2026-09-22,12516.0,11935.666666666666,11553.425537109375,11219.17876953125,10724.98396484375,10300.266638183593,12042.622767014964,6707.758197256808,12865.829460466755,True,True,True,True,True,True,True,True,False,73.98651074778427,ppv,210.47944588315008,False,False,False,False,,Industrial Manufacturing,Industrial Products,92.79352226720647,True,True
DYCL.NS,2026-09-22,453.75,451.70833587646484,455.3208355373806,440.80700134277345,361.9517701212565,350.6486772918701,454.8578896604536,236.47180790832357,560.0,True,True,True,True,True,True,True,False,False,8.716297061712996,dry,12.98273335234217,False,False,False,False,,Industrial Products,Cables - Electricals,70.80971659919028,True,True
DYNAMIC.NS,2026-09-21,139.8000030517578,142.52083206176758,139.34027693006726,142.6029995727539,136.3666665649414,133.6819998550415,140.44589828882206,84.69999694824219,183.89999389648438,True,True,True,True,False,True,True,False,False,17.57779752536839,red,1387.5598086124403,False,False,False,False,,Commercial Services & Supplies,Diversified Commercial Services,77.20647773279352,True,False
DYNPRO.NS,2026-09-22,231.50999450683594,231.18754704793295,236.42876731024847,237.2300405883789,231.65835815429688,234.34982345581054,230.6619137327587,189.5926529786635,365.42294304941646,False,False,False,True,False,False,False,True,False,-31.89585976262319,noise,39.555597891815054,False,False,False,False,,Chemicals & Petrochemicals,Specialty Chemicals,25.829959514170042,False,False
EFACTOR.NS,2026-09-21,165.0,166.46662775675455,181.94991811116537,176.66291198730468,195.19791890462238,222.37530654907226,166.9574668298746,148.87500202644688,345.38999009201893,False,False,False,False,False,False,False,False,False,-37.68753341530684,dry,0.0,False,False,False,False,,Other Consumer Services,Other Consumer Services,19.230769230769234,False,False
E2E.NS,2026-09-22,604.9500122070312,605.6958312988281,614.1194458007812,575.9750024414062,403.8285341389974,357.21195053100587,603.1804632421291,183.36000061035156,698.0,True,True,True,True,True,True,True,True,False,89.53256033862102,noise,24.94836565645393,False,True,False,False,,IT - Services,IT Enabled Services,94.65587044534412,True,True
EASTWEST.NS,2026-09-22,,,,,,,,,,False,False,False,False,False,False,False,False,False,,noise,,False,True,False,False,,Transport Services,Logistics Solution Provider,,False,False
EASEMYTRIP.NS,2026-09-22,5.989999771118164,5.855000019073486,6.115555551317003,6.2936000061035156,7.154266653060913,7.155099992752075,5.86359718877268,5.710000038146973,10.600000381469727,False,False,False,False,False,False,False,True,False,-30.671301700266575,ppv,245.83583177112195,False,False,False,False,,Leisure Services,"Tour, Travel Related Services",27.57085020242915,False,False
EBIX.NS,2026-09-22,,,,,,,,,,False,False,False,False,False,False,False,False,False,,noise,,False,False,False,False,,Automobiles,2/3 Wheelers,,False,False
ECLERX.NS,2026-09-22,1924.0999755859375,1918.7833251953125,1891.9153917100693,1887.733720703125,1634.9633430989584,1785.023211669922,1925.33612387087,1319.2685842580436,2496.1160957516863,True,False,False,True,True,True,True,False,False,-9.703492354180865,noise,61.61913780378049,False,False,False,False,,Commercial Services & Supplies,Business Process Outsourcing (BPO)/ Knowledge Process Outsourcing (KPO),53.27935222672065,False,False
ECORECO.NS,2026-09-22,,,,,,,,,,False,False,False,False,False,False,False,False,False,,noise,,False,False,False,False,,Other Utilities,Waste Management,,False,False
ECOSMOBLTY.NS,2026-09-22,108.62000274658203,109.92333475748698,115.7176931169298,119.34791320800781,127.69569697062174,144.48518726348877,109.46059990735489,101.82549140363518,285.08000423923517,False,False,False,False,False,False,False,False,False,-61.42115158601234,noise,52.18144127303665,False,False,False,False,,Transport Services,Road Transport,3.4008097165991904,False,False
EDELWEISS.NS,2026-09-22,141.16000366210938,133.35130182902017,126.43967247009277,123.54084686279298,117.17262334187825,114.78237739562988,134.1014592676405,96.92496747850444,144.19000244140625,True,True,True,True,True,True,True,True,False,20.902719443466978,green,219.6970132009322,False,False,True,False,,Finance,Holding Company,79.27125506072873,True,True
EDUCOMP.NS,2026-09-21,0.8600000143051147,0.901666671037674,0.901944445239173,0.9040000021457673,0.9518666696548462,0.9949000030755997,0.8948103312655656,0.8500000238418579,1.5800000429153442,False,False,False,False,False,False,False,False,False,-41.496598804955276,red,384.29948740412516,False,False,False,True,,Other Consumer Services,Education,15.506072874493926,False,False
EFCIL.NS,2026-09-22,177.99000549316406,183.32749811808267,188.55277718438043,189.98740020751953,195.13459533691406,215.9894464111328,182.13967470933372,171.4199981689453,335.8500061035156,False,False,False,False,False,False,False,False,False,-45.04785154455788,noise,30.236827149813607,False,False,False,False,,Commercial Services & Supplies,Diversified Commercial Services,12.388663967611336,False,False
EFFWA.NS,2026-09-21,355.6499938964844,363.1206639607747,354.565550910102,359.3436169433594,293.38640533447267,275.43031005859376,358.5179027076071,164.5373650505127,398.82860353310247,True,True,True,True,False,True,True,False,False,55.94665830950207,noise,24.91280518186348,False,True,False,False,,Other Utilities,Waste Management,90.24291497975709,True,False
EICHERMOT.NS,2026-09-22,7427.0,7567.708333333333,7840.958333333333,7782.468447265625,7384.551767578125,7349.8497241210935,7545.791398146121,6375.239328850012,8165.0,True,True,True,True,False,False,True,False,False,8.044553251051202,noise,74.96281112625664,False,False,False,False,,Automobiles,2/3 Wheelers,70.16194331983806,True,False
EIDPARRY.NS,2026-09-22,695.5499877929688,723.3500010172526,771.7486080593533,770.3489990234375,787.977333984375,832.8970010375976,716.6323867544028,682.75,1118.0,False,False,False,False,False,False,False,False,False,-34.769768738416026,noise,33.12289668451946,False,True,False,True,,Food Products,Other Food Products,22.105263157894736,False,False
EIHOTEL.NS,2026-09-22,303.8999938964844,295.30416615804035,299.3902757432726,308.19228515625,312.628935546875,321.31437057495117,299.51565032364795,269.9251049923642,412.08004369538395,False,False,False,False,False,False,False,True,False,-22.033187155598842,noise,44.894529511354044,False,False,False,False,,Leisure Services,Hotels & Resorts,39.27125506072874,False,False
EIHAHOTELS.NS,2026-09-22,298.79998779296875,293.0250015258789,297.6083340115017,302.1950616455078,309.23419799804685,317.638076171875,295.33672519870885,263.7054340426054,398.99480218003293,False,False,False,False,False,False,False,True,False,-23.971712204590023,noise,34.14564531010419,False,True,False,False,,Leisure Services,Hotels & Resorts,36.39676113360324,False,False
EIMCOELECO.NS,2026-09-22,2256.10009765625,2264.8583170572915,2125.0750020345054,2036.7380029296876,1757.2737101236978,1719.059971923828,2258.622780412548,1401.8188379398755,2373.76648551747,True,True,True,True,True,True,True,False,False,1.4224406352406183,noise,41.30910034969076,False,False,False,False,,Industrial Manufacturing,Industrial Products,64.73684210526316,False,False
EKI.NS,2026-09-22,,,,,,,,,,False,False,False,False,False,False,False,False,False,,noise,,False,False,False,False,,Commercial Services & Supplies,Consulting Services,,False,False
ELANTAS.NS,2026-09-22,,,,,,,,,,False,False,False,False,False,False,False,False,False,,noise,42.41607491490869,False,False,False,False,,Chemicals & Petrochemicals,Specialty Chemicals,,False,False
ELCIDIN.NS,2026-09-22,,,,,,,,,,False,False,False,False,False,False,False,False,False,,noise,48.309178743961354,False,False,False,False,,Finance,Investment Company,,False,False
ELDEHSG.NS,2026-09-22,780.0,775.4492848714193,775.9862111409506,774.9567687988281,799.943906656901,828.1989221191407,776.9606208021505,693.4582614508922,1032.057271480256,False,False,False,False,True,False,True,True,False,1.0826212989557327,dry,8.274354940356636,False,False,False,False,,Realty,"Residential, Commercial Projects",64.49392712550606,False,False
ELECON.NS,2026-09-22,420.54998779296875,418.5500030517578,428.3416680230035,430.94000122070315,458.99057840983073,455.6533329772949,418.3026636156625,351.0001816860465,625.7882350952785,False,True,False,False,False,False,False,True,False,-31.186375677558363,noise,43.307990317004304,False,False,False,False,,Electrical Equipment,Heavy Electrical Equipment,27.00404858299595,False,False
EFORCE.NS,2026-09-21,18.600000381469727,19.24999984105428,20.391666730244953,20.828000106811523,23.17366673787435,25.678250102996827,19.09592782372681,16.149999618530273,47.0,False,False,False,False,False,False,False,False,False,-52.67175383573641,noise,46.728971962616825,False,True,False,False,,Electrical Equipment,Other Electrical Equipment,7.125506072874494,False,False
EMIL.NS,2026-09-22,192.61000061035156,187.22666803995767,181.20944552951389,166.88860107421874,128.80946706136066,121.65170024871826,188.14523570951326,84.9000015258789,202.86000061035156,True,True,True,True,True,True,True,True,False,17.883592220977974,noise,26.548534370792144,False,True,False,False,,Retailing,Diversified Retail,77.32793522267207,True,True
ELECTCAST.NS,2026-09-22,72.87999725341797,76.43916702270508,75.91526095072429,74.7210383605957,75.98720085144043,75.14752920150757,75.39845465762636,59.40690087106614,99.74235392754213,False,True,False,False,False,False,False,False,False,-25.27429984504973,noise,71.6494895898634,False,False,False,False,,Industrial Products,Iron & Steel Products,34.5748987854251,False,False
ELECTHERM.NS,2026-09-22,903.8499755859375,943.9125010172526,991.0972239176432,1003.5280017089843,886.690332438151,874.4329986572266,936.0351163082767,551.0,1277.0,True,True,True,True,False,True,False,False,False,-14.58608795199875,noise,52.867253008628154,False,False,False,False,,Industrial Products,Iron & Steel Products,47.611336032388664,False,False
ELGIEQUIP.NS,2026-09-22,608.9500122070312,615.4166666666666,611.7305518256294,602.6729809570312,564.943379313151,539.7403552246094,611.253497373094,406.3547440834414,653.4000244140625,True,True,True,True,True,True,True,False,False,23.13377187569423,noise,56.488515063082644,False,False,False,False,,Industrial Products,"Compressors, Pumps & Diesel Engines",80.40485829959513,True,True
ELGIRUBCO.NS,2026-09-22,59.77000045776367,59.25,59.49166668785943,59.133799896240234,50.98780011494954,49.23945007324219,59.47594941916009,32.720001220703125,72.0,True,True,False,True,True,True,True,True,False,-14.711759566082549,dry,10.923416104664824,False,False,False,False,,Industrial Products,Rubber,47.530364372469634,False,False
ELIN.NS,2026-09-22,90.70999908447266,92.01583290100098,97.0147221883138,98.83399993896484,109.99019999186199,122.07114974975586,91.21171684202088,83.97000122070312,234.0,False,False,False,False,False,False,False,False,False,-58.760685435661095,dry,14.76504550836973,False,False,False,False,,Consumer Durables,Household Appliances,4.129554655870446,False,False
ELITECON.NS,2026-09-22,,,,,,,,,,False,False,False,False,False,False,False,False,False,,ppv,,False,False,False,False,,Cigarettes & Tobacco Products,Cigarettes & Tobacco Products,,False,False
ELLEN.NS,2026-09-22,357.1000061035156,361.4875030517578,330.8083335028754,316.7590008544922,273.57853403727216,280.2786502838135,362.35056942260053,175.0,540.9500122070312,True,False,False,True,True,True,False,False,False,-32.27763808640138,red,193.65026837543695,False,False,False,False,,Chemicals & Petrochemicals,Industrial Gases,25.546558704453442,False,False
ELPROINTL.NS,2026-09-22,,,,,,,,,,False,False,False,False,False,False,False,False,False,,dry,18.610031623482374,False,False,False,False,,Realty,"Residential, Commercial Projects",,False,False
EMAMILTD.NS,2026-09-22,390.0,371.40833282470703,386.73194376627606,392.615,414.28366719563803,437.01866683959963,375.78957168099225,361.1499938964844,580.020716323962,False,False,False,False,False,False,False,True,False,-31.71627699312072,green,139.0780449702265,False,False,False,False,,Personal Products,Personal Care,26.113360323886642,False,False
EMAMIPAP.NS,2026-09-22,113.80999755859375,115.74916521708171,112.58063994513617,109.33720184326172,87.85781878153483,86.75141386032105,114.46671833902198,53.53796318085757,130.1459177836226,True,True,True,True,True,True,True,False,False,13.248713461009665,dry,7.876241446414197,False,False,False,False,,"Paper, Forest & Jute Products",Paper & Paper Products,74.04858299595142,True,True
EMAMIREAL.NS,2026-09-22,68.0,67.95416641235352,71.04249996609158,73.15199996948242,76.50793345133464,76.77955009460449,67.93350040375192,48.20000076293945,116.69999694824219,False,False,False,False,False,True,False,True,False,-39.138997622002535,green,219.4697406965783,False,False,False,False,,Realty,"Residential, Commercial Projects",17.692307692307693,False,False
EMBDL.NS,2026-09-22,58.43000030517578,56.4599994023641,60.17166656917996,60.78080001831054,58.339266510009764,59.99414983749389,56.78624148894428,39.459999084472656,101.18000030517578,False,False,False,True,False,True,False,True,False,-40.22506362641863,red,226.8991143077972,False,False,False,False,,Realty,"Residential, Commercial Projects",16.477732793522268,False,False
EMBASSY.NS,2026-09-21,438.9700012207031,439.39583587646484,439.2366689046224,438.38535766601564,426.954028116862,425.03274765014646,439.3917187103191,377.2751180779187,453.25,True,True,True,True,True,False,True,False,False,15.047774578755657,noise,25.888088165217866,False,True,False,False,,Realty,Real Estate Investment Trusts (REITs),75.50607287449392,True,False
EMCURE.NS,2026-09-22,1975.0,1959.2000325520833,1923.86326429579,1911.4181176757813,1736.9165234375,1669.457098388672,1961.7038568827465,1257.554251234414,2100.699951171875,True,True,True,True,True,True,True,True,False,50.253674733743914,noise,23.748696862750464,False,False,False,False,,Pharmaceuticals & Biotechnology,Pharmaceuticals,89.06882591093117,True,True
EMKAY.NS,2026-09-22,264.54998779296875,253.75833129882812,247.5691663953993,246.00377685546874,240.2511538696289,246.5992275238037,253.14196544937514,184.84590656704063,407.3566688537535,True,False,False,False,True,True,False,True,False,3.9363268191489498,green,294.9903987053232,False,False,False,False,,Capital Markets,Stockbroking & Allied,66.88259109311741,False,False
EMKAYTOOLS.NS,2026-09-21,94.1500015258789,95.22916730244954,93.1319448682997,93.03200057983399,98.00966705322266,101.34375015258789,94.66284818671838,83.0999984741211,157.9499969482422,False,False,False,False,True,False,False,False,False,-38.038826313403185,red,151.5151515151515,False,False,False,False,,Industrial Manufacturing,Industrial Products,18.866396761133604,False,False
EMMBI.NS,2026-09-22,90.88999938964844,89.23510424296062,86.50602001614041,87.04587768554687,85.69634353637696,88.23899799346924,89.01364404520102,60.09986615645919,116.51201296054528,True,False,False,False,True,True,True,True,False,-14.373084772495737,ppv,266.8350168350168,False,False,False,False,,Industrial Products,Packaging,47.854251012145745,False,False
EMMVEE.NS,2026-09-22,,,,,,,,,,False,False,False,False,False,False,False,False,False,,noise,56.74667907673124,False,True,False,False,,Electrical Equipment,Other Electrical Equipment,,False,False
EMPIND.NS,2026-09-22,,,,,,,,,,False,False,False,False,False,False,False,False,False,,noise,,False,False,False,False,,Diversified,Diversified,,False,False
EMPOWER.NS,2026-09-22,,,,,,,,,,False,False,False,False,False,False,False,False,False,,noise,,False,False,False,False,,IT - Software,Computers - Software & Consulting,,False,False
EMSLIMITED.NS,2026-09-22,365.25,374.1854248046875,381.33617062038843,389.39253784179687,351.38585896809894,360.23084274291995,370.31107313647794,254.99628376774848,586.576114848201,True,False,False,True,False,True,False,False,False,-36.749275934911196,noise,28.407860810308154,False,False,False,False,,Other Utilities,Waste Management,20.040485829959515,False,False
EMUDHRA.NS,2026-09-22,649.25,566.8541615804037,546.1972181532118,521.7139971923829,477.24498168945314,496.9004977416992,599.1192783444894,363.55785109080136,689.0197024138545,True,False,False,True,True,True,True,True,False,-4.87005086356268,red,127.54871713971194,False,False,False,False,,IT - Services,IT Enabled Services,58.78542510121457,False,False
ENDURANCE.NS,2026-09-22,2693.699951171875,2705.9333292643228,2852.6277669270835,2819.239228515625,2606.907472330729,2586.553271484375,2716.2876240038077,2134.0128277243602,3072.0,True,True,False,True,False,False,True,False,False,-5.287771340434366,noise,36.266858389603776,False,False,False,False,,Auto Components,Auto Components & Equipments,58.259109311740886,False,False
ENERGYDEV.NS,2026-09-22,14.539999961853027,14.831666707992554,15.813888947168985,16.150000019073488,16.279333318074546,16.915599985122682,14.766856824982897,13.149999618530273,29.690000534057617,False,False,False,False,False,False,False,False,False,-27.263631173920146,noise,67.344469731522,False,False,False,False,,Power,Power Generation,32.42914979757085,False,False
EMMIL.NS,2026-09-21,118.0,118.72083346048991,121.95555559794109,122.63199996948242,133.82366658528645,144.34024978637694,118.30067969753131,110.0,207.0,False,False,False,False,False,False,False,False,False,-35.004132185908276,ppv,809.8958333333334,False,False,False,False,,Industrial Manufacturing,Industrial Products,21.86234817813765,False,False
ENFUSE.NS,2026-09-21,151.0,153.37083307902017,159.84583282470703,161.5149996948242,174.53499979654947,185.48774978637695,151.2936279184332,142.0,260.0,False,False,False,False,False,False,False,False,False,-28.436018957345976,ppv,170.06802721088434,False,False,False,False,,IT - Services,IT Enabled Services,30.404858299595144,False,False
ENGINERSIN.NS,2026-09-22,302.54998779296875,273.3583348592122,257.861390431722,249.02200103759765,234.94857747395832,223.5710546875,275.94595171063406,162.352472800208,304.95001220703125,True,True,True,True,True,True,True,True,False,47.47754171122573,ppv,573.383525043539,True,False,True,False,,Construction,Civil Construction,88.46153846153845,True,True
ENKEIWHEL.NS,2026-09-22,,,,,,,,,,False,False,False,False,False,False,False,False,False,,noise,,False,False,False,False,,Auto Components,Auto Components & Equipments,,False,False
ENSER.NS,2026-09-21,14.5,14.833333412806192,14.88888888888889,14.472999973297119,14.323666655222574,14.627249975204467,14.696757190113564,7.800000190734863,23.149999618530273,False,False,False,False,True,True,False,False,False,-31.279622095485482,noise,89.92805755395683,False,True,False,False,,IT - Services,IT Enabled Services,26.842105263157894,False,False
ENIL.NS,2026-09-22,99.63999938964844,99.30345598856609,100.24977853563097,101.56078536987305,105.71236745198567,107.32498733520508,99.63200904092659,96.61521430767928,163.14905625381957,False,False,False,False,False,False,False,True,False,-38.296824085189975,noise,52.37206576291919,False,False,False,False,,Entertainment,Media & Entertainment,18.461538461538463,False,False
ENTERO.NS,2026-09-22,1841.800048828125,1798.7083536783855,1596.7194485134548,1492.7040014648437,1274.371338704427,1229.295003967285,1778.3067804034324,944.0,1920.0,True,True,True,True,True,True,True,True,False,60.40760556977454,noise,88.80056730949462,False,False,False,False,,Retailing,Pharmacy Retail,91.01214574898785,True,True
EIEL.NS,2026-09-22,201.07000732421875,201.9041659037272,202.21388838026257,207.66939971923827,195.48053304036458,193.74644973754883,201.03347982379216,134.7100067138672,276.1000061035156,True,True,False,True,False,True,False,True,False,-25.94651758250688,noise,30.40743994710789,False,False,False,False,,Other Utilities,Water Supply & Management,33.76518218623482,False,False
EPACK.NS,2026-09-22,181.5500030517578,183.08083216349283,199.51555591159396,209.68860107421875,230.3514668782552,238.49220008850097,182.4454227558047,175.0399932861328,385.04998779296875,False,False,False,False,False,False,False,False,False,-51.99629899737413,noise,83.93463407824831,False,False,False,False,,Consumer Durables,Household Appliances,7.530364372469636,False,False
EPACKPEB.NS,2026-09-22,,,,,,,,,,False,False,False,False,False,False,False,False,False,,ppv,97.1636422573782,False,False,False,False,,Industrial Manufacturing,Industrial Products,,False,False
EPIGRAL.NS,2026-09-22,1100.9000244140625,1135.741678873698,1146.2083299424912,1136.6559985351562,1094.1438724772136,1116.715544128418,1123.8229161359889,803.5241978088796,1787.069830745293,False,False,False,True,False,True,False,False,False,-37.292300897453,noise,26.047287320455975,False,False,False,False,,Chemicals & Petrochemicals,Specialty Chemicals,19.63562753036437,False,False
EPL.NS,2026-09-22,236.64999389648438,240.37083180745444,243.99388927883572,241.2350003051758,226.46473317464194,222.18534980773927,239.09835720862486,176.39999389648438,274.0299987792969,True,True,True,True,False,True,True,False,False,9.255226100379232,noise,26.138302648273744,False,False,False,False,,Industrial Products,Packaging,71.25506072874494,True,False
EQUIPPP.NS,2026-09-22,22.780000686645508,23.523333231608074,23.043055481380886,23.321999969482423,19.48439999898275,19.75149998664856,23.53766992170277,13.850000381469727,25.889999389648438,True,False,True,True,False,True,True,False,False,27.333714163380773,red,129.69331868073198,False,False,False,False,,IT - Software,Computers - Software & Consulting,81.9838056680162,True,False
EQUITASBNK.NS,2026-09-22,72.91000366210938,72.82749938964844,74.22777705722385,75.09059921264648,70.11239977518717,68.88034984588623,72.94531946663629,51.25,83.9000015258789,True,True,True,True,False,True,True,False,False,28.93015852478942,noise,64.48772858745178,False,False,False,False,,Banks,Other Bank,82.42914979757086,True,False
ERIS.NS,2026-09-22,1271.199951171875,1321.9499918619792,1334.3499959309895,1358.8819946289063,1365.5093522135417,1394.705927734375,1309.547254246094,1193.5948944523013,1730.7126256991257,False,False,False,False,False,False,False,False,False,-21.886101616395347,noise,61.36885292174847,False,False,False,False,,Pharmaceuticals & Biotechnology,Pharmaceuticals,39.4331983805668,False,False
ESABINDIA.NS,2026-09-22,5654.5,5797.541666666667,5952.986111111111,5873.286728515625,5843.493619791667,5831.826848144531,5737.850617102215,4646.751263257824,7287.879453826482,False,True,False,True,False,False,True,False,False,13.483134836444144,noise,97.30312002115707,False,False,False,False,,Industrial Products,Other Industrial Products,74.17004048582996,True,False
ESAFSFB.NS,2026-09-22,39.459999084472656,39.98999945322672,41.13083299001058,39.916799774169924,31.662466583251952,30.516949901580812,39.765991568916185,19.780000686645508,44.9900016784668,True,True,True,True,False,True,True,False,False,31.533330281575523,dry,10.590031821889776,False,False,False,False,,Banks,Other Bank,83.64372469635629,True,False
ESCONET.NS,2026-09-21,210.75,233.5124994913737,195.69027837117514,177.362000579834,141.4969999186198,139.52399997711183,224.06386972686775,91.25,280.0,True,True,False,True,True,True,True,False,False,0.28551326240398023,noise,71.56048014773776,False,True,False,False,,IT - Hardware,Computers Hardware & Equipments,63.84615384615384,False,False
ESCORTS.NS,2026-09-22,2793.60009765625,2884.2166544596353,3003.0472276475693,2996.4900048828126,3017.6317724609376,3165.2810131835936,2857.146972315025,2669.79033448854,3923.3920175282797,False,False,False,False,False,False,False,False,False,-22.351208763915853,noise,31.454994924380074,False,False,False,False,,"Agricultural, Commercial & Construction Vehicles",Tractors,38.78542510121458,False,False
ESDS.NS,2026-09-22,,,,,,,,,,False,False,False,False,False,False,False,False,False,,noise,,False,False,False,False,,IT - Services,IT Enabled Services,,False,False
EASTSILK.NS,2026-09-22,65.25,61.58666706085205,62.361111111111114,59.60040016174317,59.43860015869141,63.87620031356811,62.655542331914305,39.040000915527344,99.25,True,False,False,False,True,True,False,True,False,67.1362665722894,ppv,433.69606478552447,True,True,False,False,,Textiles & Apparels,Other Textile Products,92.06477732793522,True,False
ESSARSHPNG.NS,2026-09-22,15.630000114440918,16.11666663487752,17.27472225824992,18.111800079345702,22.4379333114624,23.5723499584198,16.073478495838632,15.430000305175781,43.2599983215332,False,False,False,False,False,False,False,False,False,-39.86148421667157,noise,51.57377427812542,False,False,False,False,,Transport Services,Shipping,16.801619433198383,False,False
ESFL.NS,2026-09-21,127.0999984741211,120.21666717529297,122.64444478352864,122.00000015258789,126.17700012207031,135.61900016784668,122.48351216153037,108.30000305175781,318.9568163430421,False,False,False,False,True,False,False,True,False,-58.73278539766539,noise,64.74519632414369,False,False,False,False,,Consumer Durables,Plastic Products - Consumer,4.2105263157894735,False,False
ESTER.NS,2026-09-22,87.11000061035156,88.98992856343587,92.43913417392307,91.34829803466796,91.96352589925131,93.84303867340088,88.38928483964311,68.35128418097887,132.06603893992553,False,False,False,False,False,False,False,False,False,-24.712808753339154,dry,15.171842895307744,False,False,False,False,,Industrial Products,Packaging,35.4251012145749,False,False
ETERNAL.NS,2026-09-22,342.0,324.2875010172526,322.4013883802626,314.7790002441406,272.00006713867185,275.032300567627,327.8551757458467,212.60000610351562,368.45001220703125,True,False,True,True,True,True,True,True,False,0.04387710803168687,noise,70.31729183322103,False,False,False,False,,Retailing,E-Retail/ E-Commerce,63.64372469635627,False,False
ETHOSLTD.NS,2026-09-22,2613.300048828125,2672.8250122070312,2790.8638916015625,2738.0880029296877,2499.004666341146,2569.787995605469,2659.4586331553496,1919.4000244140625,3245.89990234375,True,False,False,True,False,True,True,False,False,8.860282534335395,noise,54.74160575227266,False,False,False,False,,Consumer Durables,"Gems, Jewellery And Watches",70.93117408906883,True,False
EUREKAFORB.NS,2026-09-22,377.29998779296875,393.3624979654948,421.53472222222223,430.165,457.16400024414065,488.01425079345705,391.16995073447674,375.95001220703125,668.2999877929688,False,False,False,False,False,False,False,False,False,-34.30834790093675,red,115.13654081486766,False,False,False,True,,Consumer Durables,Household Appliances,22.591093117408906,False,False
EIFFL.NS,2026-09-22,256.1499938964844,268.6500015258789,274.3430569966634,287.88900115966794,265.03746704101565,261.01865020751956,266.94691666547345,204.97999572753906,381.9599914550781,False,True,True,True,False,False,False,False,False,9.334981744553495,dry,4.915545233702118,False,False,False,False,,Food Products,Packaged Foods,71.417004048583,True,False
EUROBOND.NS,2026-09-22,153.10000610351562,150.5683339436849,155.11500040690103,157.05720062255858,165.2783336385091,168.58584999084474,150.87685102432258,126.30000305175781,234.8000030517578,False,False,False,False,False,False,False,True,False,-32.86265102129974,noise,40.36988369920455,False,False,False,False,,Industrial Products,"Aluminium, Copper & Zinc Products",24.493927125506072,False,False
EUROPRATIK.NS,2026-09-22,,,,,,,,,,False,False,False,False,False,False,False,False,False,,red,139.0731536493172,False,False,False,False,,Consumer Durables,"Furniture, Home Furnishing",,False,False
EUROTEXIND.NS,2026-09-22,12.260000228881836,12.763333320617676,13.409444332122803,13.297999935150147,14.48286661783854,14.54259997844696,12.487967196985435,11.15999984741211,23.799999237060547,False,False,False,False,False,False,False,False,False,-19.869280548727986,green,166.85719845304405,False,True,False,False,,Textiles & Apparels,Other Textile Products,42.06477732793522,False,False
EVEREADY.NS,2026-09-22,329.04998779296875,338.26666768391925,344.38194444444446,345.1231329345703,329.69581115722656,328.8319845581055,334.6181861297311,257.824829433197,433.67991637013836,False,True,False,True,False,False,True,False,False,-22.556815712857947,noise,68.8574465773014,False,True,False,False,,Household Products,Household Products,38.582995951417004,False,False
EVERESTIND.NS,2026-09-22,432.45001220703125,415.57916768391925,436.3263880411784,453.7999395751953,409.5796474202474,424.71462326049806,417.16496428806664,284.35655660621893,748.5693692841519,True,False,False,True,False,True,False,True,False,-35.4955385223114,noise,69.85571922587987,False,False,False,False,,Other Construction Materials,Other Construction Materials,21.376518218623485,False,False
EKC.NS,2026-09-22,100.80999755859375,100.94035657246907,106.75577269660101,107.51506378173828,111.11795979817708,111.87374057769776,101.07771985455678,89.62456764105902,153.47897281057305,False,False,False,False,False,False,False,False,False,-27.469646565857786,noise,46.21671669101813,False,False,False,False,,Industrial Manufacturing,Industrial Products,32.18623481781376,False,False
EXCELINDUS.NS,2026-09-22,952.5999755859375,969.8106231689453,1007.8874104817709,985.149453125,937.3552709960937,932.8682913208008,966.6417213280808,788.6714884739197,1192.7911350346692,True,True,False,True,False,False,True,False,False,-17.63884337425693,noise,22.54133077961043,False,False,False,False,,Chemicals & Petrochemicals,Specialty Chemicals,44.69635627530364,False,False
EXCELSOFT.NS,2026-09-22,,,,,,,,,,False,False,False,False,False,False,False,False,False,,noise,87.04855316330922,False,False,False,False,,IT - Services,IT Enabled Services,,False,False
EXICOM.NS,2026-09-22,161.44000244140625,172.1383310953776,163.34110980563693,163.41259857177735,136.86639933268228,129.56144943237305,166.6175184084063,75.5999984741211,189.1699981689453,True,True,True,True,False,True,True,False,False,3.5469172275061744,noise,33.46162669821477,False,True,False,False,,Electrical Equipment,Heavy Electrical Equipment,66.35627530364371,False,False
EXIDEIND.NS,2026-09-22,429.70001220703125,420.34583536783856,446.022223578559,443.52900146484376,382.6647365315755,373.95335540771487,425.277572049714,285.6312149356571,496.3999938964844,True,True,True,True,False,True,True,True,False,6.910775533088076,noise,45.01136982493104,False,False,False,False,,Auto Components,Auto Components & Equipments,69.06882591093118,False,False
EXPLEOSOL.NS,2026-09-22,877.2000122070312,884.2249959309896,868.9680548773872,831.7290307617187,750.3545141601562,772.24154296875,882.4384187640289,562.3472069034166,1032.5221988494377,True,False,False,True,True,True,True,False,False,-5.407449291423583,dry,3.9805520064135083,False,False,False,False,,IT - Services,IT Enabled Services,58.097165991902834,False,False
EXXARO.NS,2026-09-22,6.230000019073486,6.352500041325887,6.328333324856228,6.3298000049591066,6.6606666851043705,6.911000008583069,6.312482994348987,5.989999771118164,10.329999923706055,False,False,False,False,False,False,False,False,False,-31.00774968657065,dry,18.079814683556222,False,True,False,False,,Consumer Durables,Ceramics,27.16599190283401,False,False
FACT.NS,2026-09-22,798.4500122070312,778.9833323160807,805.5013885498047,811.3609997558593,838.2889990234376,838.3709994506836,782.5245776637568,652.0999755859375,1058.5999755859375,False,False,False,False,False,False,True,True,False,-19.385127733217367,dry,12.269961259719576,False,True,False,False,,Fertilizers & Agrochemicals,Fertilizers,42.71255060728745,False,False
FABTECH.NS,2026-09-22,,,,,,,,,,False,False,False,False,False,False,False,False,False,,noise,79.01348718019506,False,False,False,False,,Healthcare Services,"Healthcare Research, Analytics & Technology",,False,False
FAIRCHEMOR.NS,2026-09-22,636.5999755859375,632.7874959309896,680.6513892279731,701.3097131347656,624.6653420003255,638.5154765319825,635.1687474970639,427.4421185708667,846.7999877929688,False,False,False,True,False,True,True,True,False,-19.527229938678214,dry,17.67346318607607,False,False,False,False,,Chemicals & Petrochemicals,Specialty Chemicals,42.550607287449395,False,False
FALCONTECH.NS,2026-09-21,13.050000190734863,12.529166539510092,12.445833285649618,12.089999980926514,12.986824048360189,13.569368033409118,12.637558905332082,9.934853553771973,22.200000762939453,False,False,False,False,True,True,False,True,False,-37.708831906964356,dry,0.0,False,True,False,False,,Commercial Services & Supplies,Diversified Commercial Services,19.149797570850204,False,False
FAZE3Q.NS,2026-09-22,422.8500061035156,466.9750010172526,497.4986106024848,513.2919989013672,502.62566731770835,486.1407502746582,453.62398025863365,322.1000061035156,650.0499877929688,False,True,False,True,False,True,False,False,False,-21.824738950312717,red,131.62419260293677,False,False,False,False,,Textiles & Apparels,Other Textile Products,39.473684210526315,False,False
FCSSOFT.NS,2026-09-22,1.3799999952316284,1.4166666467984517,1.4497222304344177,1.4742000031471252,1.5451999998092651,1.6033500015735627,1.4131910607522349,1.0499999523162842,2.5299999713897705,False,False,False,False,False,True,False,False,False,-42.25941695985998,noise,93.26290779284425,False,False,False,False,,IT - Services,IT Enabled Services,14.898785425101217,False,False
FDC.NS,2026-09-22,356.5,349.5083363850911,352.1861114501953,369.2200006103516,373.9346657307943,378.8210136413574,351.785799009425,312.95001220703125,521.1543090908798,False,False,False,False,False,False,False,True,False,-25.8403968301379,noise,39.05833576232806,False,True,False,False,,Pharmaceuticals & Biotechnology,Pharmaceuticals,33.96761133603239,False,False
FEDFINA.NS,2026-09-22,152.13999938964844,156.61083348592123,154.9272223578559,154.99880035400392,148.67579991658528,148.92534999847413,154.53173640994618,119.06999969482422,178.47999572753906,True,False,True,True,False,False,True,False,False,2.797296884897582,ppv,69.06098151841006,False,False,False,False,,Finance,Non Banking Financial Company (NBFC),65.74898785425101,False,False
FEDDERSHOL.NS,2026-09-22,,,,,,,,,,False,False,False,False,False,False,False,False,False,,ppv,,False,False,True,False,,Finance,Non Banking Financial Company (NBFC),,False,False
FEDERALBNK.NS,2026-09-22,327.0,339.6208318074544,348.3581500583225,349.0721942138672,312.41027608235675,301.8051113128662,336.9465845228861,188.40633889864634,370.4344787597656,True,True,True,True,False,True,True,False,False,68.26520772716162,noise,96.1669383067869,False,False,False,False,,Banks,Private Sector Bank,92.10526315789474,True,False
FMGOETZE.NS,2026-09-22,446.75,453.68749745686847,444.0008714463976,433.878291015625,388.72702941894534,386.958113861084,452.230806712981,303.1654117873281,542.9031499790809,True,True,True,True,True,True,True,False,False,-4.566704036130231,dry,7.594515563058008,False,False,False,False,,Auto Components,Auto Components & Equipments,59.19028340080972,False,False
FELIX.NS,2026-09-21,208.8000030517578,211.70416641235352,192.39166683620877,189.67400024414061,190.53800028483073,186.46700019836425,207.5376058622332,142.64999389648438,232.9499969482422,True,True,True,False,True,True,True,True,False,5.295007482808467,noise,79.0690735491571,False,False,False,False,,Other Utilities,Water Supply & Management,67.77327935222672,False,False
FERMENTA.NS,2026-09-22,,,,,,,,,,False,False,False,False,False,False,False,False,False,,noise,,False,False,False,False,,Pharmaceuticals & Biotechnology,Pharmaceuticals,,False,False
FIBERWEB.NS,2026-09-22,26.139999389648438,26.25083335240682,27.143888897365994,28.125600051879882,32.44060002644857,33.536599998474124,26.24535105025194,25.06999969482422,49.900001525878906,False,False,False,False,False,False,False,False,False,-43.965705177635684,noise,29.02113156840424,False,False,False,False,,Textiles & Apparels,Other Textile Products,13.481781376518217,False,False
FIDEL.NS,2026-09-21,164.0,149.59999974568686,142.73611111111111,146.04079040527344,146.05935811360678,143.73837978363036,153.60443993609243,106.57698530320386,197.18221289835253,True,True,False,False,True,True,True,True,False,-7.044648113542151,ppv,172.04301075268816,False,False,False,False,,IT - Software,Computers - Software & Consulting,55.9919028340081,False,False
FIEMIND.NS,2026-09-22,1906.699951171875,1970.5333353678386,2169.200005425347,2207.5171826171877,2176.032194010417,2190.7685620117186,1953.7303690318877,1836.7512219513533,2674.800048828125,False,False,False,True,False,False,False,False,False,-2.7496683180254333,noise,49.98540872692552,False,True,False,False,,Auto Components,Auto Components & Equipments,60.80971659919029,False,False
FILATFASH.NS,2026-09-22,0.17000000178813934,0.17750000581145287,0.1791666733721892,0.1800000062584877,0.20173333535591761,0.23225000195205212,0.17547783851979992,0.14000000059604645,0.6600000262260437,False,False,False,False,False,False,False,False,False,-72.13114790139868,noise,59.53655915712191,False,False,False,False,,Textiles & Apparels,Garments & Apparels,1.1336032388663968,False,False
FILATEX.NS,2026-09-22,101.06999969482422,86.25698343912761,82.22677781846788,79.41128494262695,57.33872044881185,55.01791566848755,90.58902951687651,36.135550735753014,105.75,True,True,True,True,True,True,True,True,False,78.11394094216904,red,119.83216520420122,False,False,False,False,,Textiles & Apparels,Other Textile Products,93.31983805668015,True,True
FINEORG.NS,2026-09-22,5159.5,5166.791666666667,5145.5916748046875,5075.7346875,4803.419703776041,4667.693455810547,5172.712525342841,3847.3028827011017,5394.804360638102,True,True,True,True,True,True,True,False,False,5.4134727931708815,noise,86.76433953707233,False,False,False,False,,Chemicals & Petrochemicals,Specialty Chemicals,67.89473684210526,False,False
FCL.NS,2026-09-22,57.38999938964844,56.48166688283285,49.16011820899116,46.45365180969238,35.37745004018148,32.4523676109314,55.435531769526705,19.080274212500033,62.400001525878906,True,True,True,True,True,True,True,True,False,143.78738879878296,green,114.12733766784247,False,False,False,False,,Chemicals & Petrochemicals,Specialty Chemicals,97.81376518218623,True,True
FINKURVE.NS,2026-09-22,,,,,,,,,,False,False,False,False,False,False,False,False,False,,noise,22.69867149758454,False,False,False,False,,Finance,Non Banking Financial Company (NBFC),,False,False
FINOPB.NS,2026-09-22,133.02000427246094,137.42916615804037,146.13722271389432,152.0472006225586,147.44566716512045,171.45960041046143,136.68502627058038,110.02999877929688,339.0,False,False,False,False,False,False,False,False,False,-51.593882757856335,dry,4.914438089562237,False,False,False,False,,Banks,Other Bank,7.773279352226721,False,False
FINCABLES.NS,2026-09-22,1468.0999755859375,1377.2000020345051,1265.2423909505208,1189.6213232421876,1048.6042045084635,975.5895959472656,1387.6952897097997,695.8450204922062,1498.0,True,True,True,True,True,True,True,True,False,76.97696573791104,ppv,123.08988728265105,False,False,True,False,,Industrial Products,Cables - Electricals,93.19838056680162,True,True
FINPIPE.NS,2026-09-22,152.94000244140625,153.43678538004556,156.73793665568033,158.03695220947264,166.99295989990233,167.90697212219237,153.43752309839635,144.957002251532,215.32316516115463,False,False,False,False,False,False,False,False,False,-27.999426470896704,noise,46.56415277992155,False,True,False,False,,Industrial Products,Plastic Products - Industrial,31.17408906882591,False,False
FSL.NS,2026-09-22,269.5,263.77500406901044,272.83194563123914,273.3370004272461,248.5870514933268,264.76800621032714,268.0677937438079,202.0,366.50097421502653,True,False,False,True,False,True,False,True,False,-24.614850496526653,dry,10.711106787822386,False,False,False,False,,Commercial Services & Supplies,Business Process Outsourcing (BPO)/ Knowledge Process Outsourcing (KPO),35.587044534412954,False,False
FISCHER.NS,2026-09-22,32.95000076293945,34.34019978841146,36.424790382385254,36.98445831298828,37.13030039469401,38.10115427017212,33.93913000078494,31.00276680972438,124.5103053212739,False,False,False,False,False,False,False,False,False,-70.9492499062488,ppv,465.50318274138345,False,True,False,False,,Healthcare Equipment & Supplies,Medical Equipment & Supplies,1.3360323886639678,False,False
FIVESTAR.NS,2026-09-22,524.8499755859375,535.558339436849,534.5638885498047,538.8858276367188,477.8747159830729,487.0617988586426,533.6858895327955,336.9270432139827,663.5913003653413,True,False,False,True,False,True,True,False,False,-2.0537282070581253,noise,88.97137013374703,False,True,False,False,,Finance,Non Banking Financial Company (NBFC),61.41700404858299,False,False
FLAIR.NS,2026-09-22,241.2899932861328,237.04249954223633,245.74320051405164,247.99984802246092,282.3334059651693,287.87823181152345,238.29483469203055,228.0,344.31560429688966,False,False,False,False,False,False,False,True,False,-24.490184457103393,green,100.10848841277347,False,False,False,False,,Household Products,Stationary,35.66801619433198,False,False
FOCUS.NS,2026-09-22,59.970001220703125,61.21833324432373,65.46222231123183,67.88060020446777,74.42980000813802,73.98644992828369,61.07897695786174,57.060001373291016,98.87000274658203,False,True,False,False,False,False,False,False,False,-37.13177313720482,noise,41.74156911729581,False,True,False,False,,Consumer Durables,Consumer Electronics,19.79757085020243,False,False
FONEBOX.NS,2026-09-21,138.0,118.67499987284343,102.83611106872559,95.93300003051758,81.73833333333333,83.4660001373291,123.90179218906201,57.0,138.8000030517578,True,False,False,True,True,True,True,True,False,28.971962616822424,ppv,358.1267217630854,False,False,True,False,,Retailing,Speciality Retail,82.46963562753037,True,False
FOODSIN.NS,2026-09-22,53.83000183105469,54.991359074910484,54.18775908152262,54.81480026245117,56.38986941019694,59.08340726852417,54.21518337475952,43.75907794700542,92.30182005040578,False,False,False,False,False,False,False,False,False,-40.07930084537406,noise,43.937469917657985,False,True,False,False,,Food Products,Packaged Foods,16.639676113360323,False,False
FORCEMOT.NS,2026-09-22,17275.0,17568.28515625,17829.309624565973,17803.5137890625,19422.71791666667,19543.829677734375,17496.92283956447,14868.699517207699,26374.965142944882,False,False,False,False,False,False,False,False,False,-4.7914605966055905,noise,79.63409135722463,False,False,False,False,,Automobiles,Passenger Cars & Utility Vehicles,58.906882591093115,False,False
FORTIS.NS,2026-09-22,896.5499877929688,893.6333262125651,910.8416663275825,922.2188830566406,921.1428885904947,911.6511898803711,892.5966961822683,765.9873728160577,1103.1298326042547,False,True,False,True,False,False,True,True,False,-7.115026029665373,noise,70.06089817704154,False,False,False,False,,Healthcare Services,Hospital,55.95141700404859,False,False
FOSECOIND.NS,2026-09-22,6562.0,6383.75,5957.569444444444,5711.51,5193.809010416667,5091.256960449219,6484.849807753756,4278.613157691368,7389.5,True,True,True,True,True,True,True,True,False,9.284951974386345,noise,95.87535818548861,False,False,False,False,,Chemicals & Petrochemicals,Specialty Chemicals,71.33603238866397,True,True
FRACTAL.NS,2026-09-22,,,,,,,,,,False,False,False,False,False,False,False,False,False,,noise,65.05571112708732,False,False,False,False,,IT - Software,Computers - Software & Consulting,,False,False
FREDUN.NS,2026-09-22,,,,,,,,,,False,False,False,False,False,False,False,False,False,,noise,,False,False,False,False,,Pharmaceuticals & Biotechnology,Pharmaceuticals,,False,False
FROG.NS,2026-09-21,275.5,268.8208351135254,236.7486106024848,224.08299957275392,180.5873328145345,173.64449977874756,272.33464473061235,123.5,304.95001220703125,True,True,True,True,True,True,True,True,False,15.562083495532653,red,224.06769037919148,False,False,False,False,,Telecom -  Equipment & Accessories,Telecom -  Equipment & Accessories,75.9919028340081,True,True
FRONTSP.NS,2026-09-22,,,,,,,,,,False,False,False,False,False,False,False,False,False,,noise,,False,False,False,True,,Auto Components,Auto Components & Equipments,,False,False
NYKAA.NS,2026-09-22,333.54998779296875,336.2416687011719,334.02916717529297,332.4720001220703,291.1138659667969,282.2508496856689,334.3349774234264,227.89999389648438,349.54998779296875,True,True,True,True,True,True,True,False,False,37.603133742408225,noise,36.56004211898256,False,False,False,False,,Retailing,E-Retail/ E-Commerce,85.4251012145749,True,True
UTLSOLAR.NS,2026-09-22,,,,,,,,,,False,False,False,False,False,False,False,False,False,,noise,56.841583853253944,False,False,False,False,,Electrical Equipment,Other Electrical Equipment,,False,False
FUSION.NS,2026-09-22,183.60000610351562,189.69833119710287,197.65138922797308,203.19940032958985,188.69646697998047,184.25510025024414,187.67415549733443,136.5,243.0,False,True,True,True,False,True,True,False,False,-3.2716882856294816,noise,35.3522769260029,False,False,False,False,,Finance,Microfinance Institutions,60.445344129554655,False,False
FCONSUMER.NS,2026-09-21,0.2199999988079071,0.2199999988079071,0.2338888868689537,0.24659999907016755,0.30133333484331765,0.329200002104044,0.22063666257881878,0.2199999988079071,0.5199999809265137,False,False,False,False,False,False,False,False,False,-48.837210430590886,dry,0.0,False,False,False,True,,Retailing,Diversified Retail,9.473684210526317,False,False
FEL.NS,2026-09-22,0.36000001430511475,0.36916667222976685,0.38055555356873405,0.3789999985694885,0.4095333315928777,0.4230999979376793,0.3664315075212083,0.3400000035762787,0.6499999761581421,False,False,False,False,False,False,False,False,False,-41.93548201026084,noise,89.12262830865755,False,False,False,False,,Retailing,Diversified Retail,15.22267206477733,False,False
FLFL.NS,2026-09-22,1.1699999570846558,1.1741666595141094,1.1819444530540042,1.2162000036239624,1.3262000020345053,1.3403500020503998,1.1633466927337792,1.0800000429153442,1.9900000095367432,False,False,False,False,False,False,False,True,False,-33.52272935088509,noise,61.81666995194563,False,False,False,False,,Retailing,Diversified Retail,23.684210526315788,False,False
FMNL.NS,2026-09-22,8.430000305175781,9.256666819254557,9.403055641386244,9.405200061798096,9.405733353296915,9.210500011444092,9.09574855223191,6.739999771118164,13.9399995803833,False,True,False,False,False,False,False,False,False,-36.087941066251304,red,371.4745672846686,False,False,False,False,,Commercial Services & Supplies,Diversified Commercial Services,20.931174089068826,False,False
GMBREW.NS,2026-09-22,948.0499877929688,927.1291758219401,904.5666673448351,904.7579992675782,938.2221032714843,962.3590679931641,930.5384206779847,691.7459767545146,1315.8571912096693,False,False,False,False,True,True,False,True,False,32.05172587046752,noise,74.81613911884189,False,True,False,False,,Beverages,Breweries & Distilleries,83.92712550607287,True,False
GMDCLTD.NS,2026-09-22,563.6500244140625,563.0041656494141,570.919445461697,570.7170007324219,603.3419974772136,592.9657476806641,560.4388409639527,466.3999938964844,771.9000244140625,False,True,False,False,False,False,False,True,False,-0.2654162497038204,noise,65.30038237102296,False,False,False,False,,Minerals & Mining,Industrial Minerals,63.07692307692307,False,False
GNFC.NS,2026-09-22,598.7000122070312,571.4613596598307,558.0594016181099,539.449603881836,487.64070495605466,481.2232969665527,576.3451111793745,351.9886096859767,615.8499755859375,True,True,True,True,True,True,True,True,False,22.524403920665613,ppv,272.8804038364045,False,False,True,False,,Chemicals & Petrochemicals,Commodity Chemicals,80.12145748987855,True,True
GRINFRA.NS,2026-09-22,805.1500244140625,840.3916625976562,868.4694434271919,874.2049987792968,897.2009993489584,917.158039855957,833.6969384771551,785.0,1341.5660703794995,False,False,False,False,False,False,False,False,False,-38.39495607044383,red,193.1598649563572,False,False,False,False,,Construction,Civil Construction,18.299595141700404,False,False
GSFC.NS,2026-09-22,152.19000244140625,153.57719802856445,154.74380832248264,154.46136138916015,157.77751525878907,161.0900537109375,152.7018814591917,134.50184366279788,204.42187529918286,False,False,False,False,False,False,False,False,False,-23.59564953040536,noise,75.47874148654455,False,False,False,False,,Fertilizers & Agrochemicals,Fertilizers,36.96356275303644,False,False
GTECJAINX.NS,2026-09-22,28.43000030517578,27.830833276112873,28.834999879201252,28.572999954223633,24.39106662750244,23.851249952316284,27.705785661014396,15.539999961853027,38.349998474121094,True,True,True,True,False,True,False,True,False,16.899673774363787,green,125.92166112586594,False,False,False,False,,Other Consumer Services,E-Learning,76.84210526315789,True,False
GABRIEL.NS,2026-09-22,1471.4000244140625,1342.4000040690105,1403.3740810818142,1404.1786596679688,1160.101689046224,1113.3708801269531,1349.26801922756,794.0570601010174,1596.6964052725275,True,True,True,True,True,True,True,True,False,14.905283311182348,ppv,1161.2739299319996,True,False,False,False,,Auto Components,Auto Components & Equipments,75.38461538461539,True,True
GATECH.NS,2026-09-22,0.7900000214576721,0.7550000051657358,0.816944443517261,0.7345999985933304,0.5731333299477895,0.5603499963879586,0.7645114390632762,0.4000000059604645,1.1100000143051147,True,True,True,True,True,True,False,True,False,6.756758280615438,noise,46.587711404735046,False,False,False,False,,Finance,Other Financial Services,68.78542510121457,False,False
GAIL.NS,2026-09-22,171.83999633789062,173.29999796549478,173.57574717203775,173.47291015625,165.5096109008789,164.6447006225586,172.73460817914957,133.97098293430795,181.85195677766524,True,True,False,True,False,False,True,False,False,-1.7901056224321366,noise,96.46238466989601,False,False,False,False,,Gas,Gas Transmission/Marketing,61.70040485829959,False,False
GAJA.NS,2026-09-22,,,,,,,,,,False,False,False,False,False,False,False,False,False,,noise,,False,True,False,False,,Capital Markets,Asset Management Company,,False,False
GALAPREC.NS,2026-09-22,1058.0,1028.5750071207683,1039.3249969482422,1068.6079943847656,934.3613330078125,890.3949993896484,1028.6418590172748,671.2000122070312,1260.0,True,True,True,True,False,True,True,True,False,23.894839847311687,green,108.60220888753067,False,False,False,False,,Industrial Manufacturing,Industrial Products,80.76923076923077,True,False
GALAXYSURF.NS,2026-09-22,2188.0,2200.7833251953125,2209.0111050075957,2130.2348364257814,1921.7646826171874,1922.3175054931642,2204.8605317574934,1492.9641285266785,2648.0,True,False,True,True,True,True,True,False,False,-6.456150642158076,noise,51.189299499024735,False,False,False,False,,Chemicals & Petrochemicals,Specialty Chemicals,57.00404858299595,False,False
GALLANTT.NS,2026-09-22,545.7000122070312,550.1541748046875,574.562503390842,583.0880017089844,646.2720003255208,623.8895001220703,547.6072188093906,496.25,948.0,False,True,False,False,False,False,False,False,False,-18.685735053025375,red,378.7568085742596,False,False,False,False,,Industrial Products,Iron & Steel Products,43.522267206477736,False,False
GANDHAR.NS,2026-09-22,269.04998779296875,267.7625020345052,256.35639021131726,249.44146728515625,183.30052393595378,174.18103412628173,267.7215291963555,113.93974378848462,300.3749196686875,True,True,True,True,True,True,True,True,False,86.77863770825877,dry,11.29857465477661,False,True,False,False,,Petroleum Products,Lubricants,94.21052631578948,True,True
GANDHITUBE.NS,2026-09-22,1003.2000122070312,904.6083374023438,898.7574496799045,886.8964855957031,853.9415010579427,825.7729776000976,916.4450972123653,669.702947656798,1046.5999755859375,True,True,True,True,True,True,True,True,False,6.165526700262491,ppv,2162.555777601358,True,False,True,False,,Industrial Products,Iron & Steel Products,68.38056680161944,False,False
GANESHBE.NS,2026-09-22,125.22000122070312,126.93000157674153,121.40305603875055,118.3458006286621,101.51646677652995,95.66460014343262,125.56244041868402,68.4000015258789,135.85000610351562,True,True,True,True,True,True,True,False,False,34.79009597843863,noise,20.733993611796794,False,True,False,False,,Oil,Oil Storage & Transportation,84.53441295546558,True,True
GANESHCP.NS,2026-09-22,,,,,,,,,,False,False,False,False,False,False,False,False,False,,noise,62.050147745018535,False,False,False,False,,Food Products,Packaged Foods,,False,False
GGBL.NS,2026-09-21,206.8000030517578,213.29166666666666,230.58611170450845,239.11300018310547,277.7221435546875,284.1131047821045,211.46253199080425,202.0500030517578,474.17292730312516,False,False,False,False,False,False,False,False,False,-50.027565719130095,noise,65.55196655899677,False,False,False,False,,Electrical Equipment,Other Electrical Equipment,8.704453441295547,False,False
GANESHHOU.NS,2026-09-22,736.7999877929688,751.7875061035156,780.3692677815756,786.6205639648438,719.934536336263,731.8455451965332,750.3353711575483,499.0667179834621,898.0206467513179,True,False,False,True,False,True,True,False,False,-15.487108451456477,noise,39.59227646987085,False,False,False,False,,Realty,"Residential, Commercial Projects",46.8421052631579,False,False
GANECOS.NS,2026-09-22,998.4000244140625,1008.7672526041666,1043.541042751736,1084.6903491210937,984.7218412272135,938.1544100952149,1007.6599743887887,651.3085015441845,1291.5550567599255,True,True,False,True,False,True,True,False,False,-21.584527165962154,noise,33.868582507217276,False,False,False,False,,Textiles & Apparels,Other Textile Products,39.91902834008097,False,False
GANGAFORGE.NS,2026-09-22,1.5700000524520874,1.5966666837533314,1.8938888940546248,1.8784000015258788,2.360370144844055,2.6031776034832,1.6058834220324705,1.5299999713897705,4.150000095367432,False,False,False,False,False,False,False,False,False,-58.46560676361977,noise,27.817853586097343,False,True,False,False,,Industrial Products,Castings & Forgings,4.251012145748987,False,False
GANGESSECU.NS,2026-09-22,115.04000091552734,115.90999984741211,118.19500011867947,117.65779998779297,120.28793350219726,123.51155006408692,115.28051148778599,103.30999755859375,178.14999389648438,False,False,False,False,False,False,False,False,False,-25.89061129818848,dry,3.0122106928983756,False,False,False,False,,Agricultural Food & other Products,Tea & Coffee,33.84615384615385,False,False
GRSE.NS,2026-09-22,2399.699951171875,2412.5743001302085,2524.2658013237847,2542.5292236328123,2581.734258626302,2540.9148541259765,2404.0387634474127,1958.0769611497133,3329.438873827357,False,True,False,False,False,False,False,False,False,-9.366879329756262,ppv,143.1335333914358,False,False,False,False,,Aerospace & Defense,Aerospace & Defense,53.76518218623482,False,False
GARUDA.NS,2026-09-22,181.55999755859375,178.7349993387858,180.11999935574002,178.55779907226562,174.16,177.2667999267578,178.18665109234075,130.0,249.3000030517578,True,False,False,True,True,True,False,True,False,-11.15243839698119,noise,67.28526163625055,False,False,False,False,,Construction,Civil Construction,51.740890688259114,False,False
GRWRHITECH.NS,2026-09-22,6366.5,6715.6180419921875,6999.164171006944,6986.503427734375,5658.2205598958335,5091.0382421875,6639.280898289608,2685.810234604558,7975.480119830348,True,True,True,True,False,True,True,False,False,88.31647401139784,noise,73.59765448505185,False,False,False,False,,Industrial Products,Plastic Products - Industrial,94.5748987854251,True,False
GARFIBRES.NS,2026-09-22,800.4500122070312,803.2875010172526,793.8353830973307,782.0854772949219,696.5279720052083,690.1346157836914,802.4611224034933,579.0376279850597,862.339096096681,True,True,True,True,True,True,True,False,False,0.07484300557849544,noise,46.16544686188738,False,False,False,False,,Textiles & Apparels,Other Textile Products,63.68421052631579,False,False
GATEWAY.NS,2026-09-22,52.279998779296875,53.08333269755045,54.11445003085666,54.872018585205076,55.627325032552086,55.83053987503052,52.87110750530976,47.064073178109766,62.377023562447356,False,False,False,False,False,False,True,False,False,-13.78402460594479,noise,65.50946669376629,False,False,False,False,,Transport Services,Logistics Solution Provider,48.62348178137652,False,False
GAUDIUMIVF.NS,2026-09-22,,,,,,,,,,False,False,False,False,False,False,False,False,False,,red,167.06963768417532,False,False,False,False,,Healthcare Services,Healthcare Service Provider,,False,False
GAYAHWS.NS,2026-09-22,1.899999976158142,1.9041666587193806,1.929166664679845,1.9319999957084655,2.1349333341916403,2.269850002527237,1.9014467354580562,1.7200000286102295,4.760000228881836,False,False,False,False,False,False,False,False,False,-32.86218984522169,noise,41.92729431249254,False,True,False,False,,Transport Infrastructure,"Road AssetsToll, Annuity, Hybrid-Annuity",24.534412955465587,False,False
GAYAPROJ.NS,2026-09-22,23.68000030517578,24.46250009536743,22.182222260369194,21.76680004119873,19.16326666514079,17.3643000125885,24.246392105850656,10.989999771118164,27.329999923706055,True,True,True,True,True,True,True,False,False,115.46861508957508,red,105.44956012671068,False,False,False,False,,Construction,Civil Construction,96.51821862348177,True,True
GRCL.NS,2026-09-21,585.0,571.7999979654948,548.9472232394749,564.3240014648437,498.64466756184896,466.7170008850098,573.9514888209785,306.6499938964844,629.2000122070312,True,True,True,True,True,True,True,True,False,53.94736842105263,green,104.16666666666667,False,False,False,False,,Industrial Products,Rubber,89.83805668016196,True,True
GVPIL.NS,2026-09-22,673.0999755859375,650.7958374023438,682.9777781168619,709.2972253417969,673.3889145914713,586.2891709899902,654.8309054070284,268.33621123095884,1073.741134374155,False,True,True,True,False,True,False,True,False,95.71743926617428,red,140.6954384328156,False,False,False,False,,Electrical Equipment,Heavy Electrical Equipment,95.50607287449392,True,False
GESHIP.NS,2026-09-22,1462.0,1413.7249857584636,1354.6187710232205,1361.0517578125,1406.8518343098958,1337.2362963867188,1423.1221243037387,941.3309959266335,1766.7330608502607,True,True,True,False,True,True,True,True,False,43.9361507154622,noise,93.25125571158205,False,False,False,False,,Transport Services,Shipping,87.24696356275304,True,False
GVT&D.NS,2026-09-22,4348.0,4448.783365885417,4343.258110894098,4341.958930664063,4353.961197916667,4035.3198889160158,4384.416456718826,2516.9699521199827,5636.049839022599,False,True,True,False,True,True,True,False,False,44.19617031064904,noise,57.22183680792412,False,False,False,False,,Electrical Equipment,Heavy Electrical Equipment,87.32793522267205,True,False
GEECEE.NS,2026-09-22,373.8500061035156,367.6791687011719,366.83080715603296,359.9946746826172,321.57320871988935,320.99808418273926,369.3874205443279,214.67113945165303,387.8700154655502,True,True,False,True,True,True,True,True,False,-0.2909800182597122,noise,68.42900302114803,False,True,False,False,,Realty,"Residential, Commercial Projects",63.03643724696356,False,False
GEEKAYWIRE.NS,2026-09-22,32.72999954223633,30.173333168029785,25.90774891111586,25.172787475585938,24.44113421122233,25.84583209991455,30.723283092700928,18.287294585971885,36.910501150690365,True,False,False,False,True,True,True,True,False,-8.205629451920625,green,220.9025751048776,False,True,False,False,,Industrial Products,Iron & Steel Products,54.736842105263165,False,False
GEMAROMA.NS,2026-09-22,153.72000122070312,157.6491673787435,169.16444524129233,173.6906008911133,172.96413340250652,170.29185012817382,156.1268974423115,133.0,282.25,False,True,False,True,False,False,False,False,False,-43.83631919445193,noise,59.61354770764478,False,False,False,False,,Chemicals & Petrochemicals,Specialty Chemicals,13.643724696356275,False,False
GICRE.NS,2026-09-22,341.20001220703125,345.37083435058594,343.7142749362522,344.5588330078125,358.2045906575521,358.96183547973635,344.3330397689292,333.80156967786814,402.400829796409,False,False,False,False,False,False,True,False,False,-2.4003501576372765,noise,59.15945213245883,False,False,False,False,,Insurance,General Insurance,61.012145748987855,False,False
GENCON.NS,2026-09-22,39.84000015258789,41.00749969482422,41.25388897789849,40.935000076293946,41.959200083414714,43.136050090789794,40.64387533118258,36.349998474121094,59.959999084472656,False,False,False,False,False,False,False,False,False,-11.819389368123012,noise,83.19948115943653,False,True,False,False,,Realty,"Residential, Commercial Projects",50.93117408906883,False,False
GENESYS.NS,2026-09-22,280.1000061035156,284.0808359781901,235.21628994411893,243.09437744140624,266.91219217936197,293.89689453125,278.43775119778945,168.5,612.0,False,False,False,False,True,True,False,True,False,-48.52522401241723,noise,31.525606244143063,False,True,False,False,,IT - Services,IT Enabled Services,9.595141700404858,False,False
GENSOL.NS,2026-09-22,16.93000030517578,17.093333562215168,17.37388891643948,17.61300006866455,20.675933469136556,22.0833500957489,17.025814041790902,16.399999618530273,43.709999084472656,False,False,False,False,False,False,False,False,False,-61.2674430112493,noise,90.99140345870066,False,False,False,False,,Electrical Equipment,Other Electrical Equipment,3.4412955465587043,False,False
GENUSPAPER.NS,2026-09-22,11.279999732971191,11.918333292007446,11.947777721616957,11.933399982452393,12.197933336893717,12.34539999961853,11.614061537534992,8.670000076293945,18.3799991607666,False,False,False,False,False,True,False,False,False,-37.74834872773432,dry,16.476886255005,False,True,False,False,,"Paper, Forest & Jute Products",Paper & Paper Products,19.068825910931174,False,False
GENUSPOWER.NS,2026-09-22,309.45001220703125,317.4121348063151,321.04706403944226,319.33221130371095,300.42520517985025,295.8440756988525,314.02562032150865,206.02014130997856,362.40129303021683,True,True,False,True,False,True,True,False,False,-6.14345862523723,noise,38.30571227380196,False,False,False,False,,Electrical Equipment,Other Electrical Equipment,57.32793522267207,False,False
GEOJITFSL.NS,2026-09-22,80.63999938964844,80.30250040690105,80.22749985588922,79.81440002441406,71.56812110900879,71.42178339004516,80.48426942325813,49.89625611553955,86.5,True,True,True,True,True,True,True,True,False,7.0280711528625694,noise,54.43783394942413,False,False,False,False,,Capital Markets,Stockbroking & Allied,69.1497975708502,False,False
GFLLIMITED.NS,2026-09-22,56.95000076293945,57.8858331044515,54.495277616712784,52.08219985961914,47.87566673278808,49.54795009613037,56.82863376332292,37.25,81.0,True,False,False,True,True,True,False,True,False,-6.914023408199421,noise,35.28460270287819,False,True,False,False,,Finance,Holding Company,56.2753036437247,False,False
GHCL.NS,2026-09-22,420.29998779296875,423.77916463216144,432.88194359673395,433.7119995117188,446.5328409830729,468.05167251586914,423.26734440403095,405.6620460266574,649.6824619687275,False,False,False,False,False,False,False,False,False,-27.19361867918204,noise,93.24775221826516,False,False,False,False,,Chemicals & Petrochemicals,Commodity Chemicals,32.51012145748987,False,False
GHCLTEXTIL.NS,2026-09-22,133.9199981689453,128.8858331044515,126.54277759128146,123.29580001831054,99.28035202026368,93.02375068664551,128.72052770128255,64.84792129679248,144.58999633789062,True,True,True,True,True,True,True,True,False,65.14029880964232,noise,66.11341422406647,False,False,False,False,,Textiles & Apparels,Other Textile Products,91.78137651821862,True,True
GICHSGFIN.NS,2026-09-22,138.86000061035156,137.4474983215332,141.28583314683704,143.3529995727539,146.28221669514974,150.5672053527832,138.02982644830593,126.54062307865725,179.03478732294587,False,False,False,False,False,False,True,True,False,-18.8819140751638,noise,52.690587734003245,False,False,False,False,,Finance,Housing Finance Company,43.23886639676113,False,False
GILLANDERS.NS,2026-09-22,105.0,103.67583338419597,98.52555571662054,95.72680007934571,92.02073313395182,93.68379978179932,104.20243059317728,76.0,129.39999389648438,True,False,False,True,True,True,True,True,False,-10.70668996511721,noise,37.828452952529716,False,True,False,False,,Agricultural Food & other Products,Tea & Coffee,52.226720647773284,False,False
GILLETTE.NS,2026-09-22,7009.0,7279.25,7406.376722547743,7502.052001953125,7715.960042317708,7801.245786132812,7200.471253382439,6922.0,10038.934334351596,False,False,False,False,False,False,False,False,False,-28.92967368641195,red,101.29199597340315,False,True,False,True,,Personal Products,Personal Care,29.676113360323885,False,False
GINNIFILA.NS,2026-09-22,41.599998474121094,41.90166695912679,43.8122222688463,45.062000122070316,43.11146672566732,42.23650003433227,41.97945031115064,31.5,57.849998474121094,False,True,True,True,False,True,False,False,False,-8.025649137417068,noise,27.679645109418743,False,False,False,False,,Textiles & Apparels,Other Textile Products,54.8582995951417,False,False
GIRIRAJ.NS,2026-09-21,79.44999694824219,80.60000038146973,74.85000069936116,82.46200065612793,132.13899976094564,145.29899934768676,81.0163778616917,52.29999923706055,378.0,False,False,False,False,False,True,False,False,False,-71.82124720395353,dry,16.86490324871294,False,False,False,False,,Construction,Civil Construction,1.174089068825911,False,False
GKENERGY.NS,2026-09-22,,,,,,,,,,False,False,False,False,False,False,False,False,False,,ppv,126.41506092085781,False,False,False,False,,Construction,Civil Construction,,False,False
GKB.NS,2026-09-22,,,,,,,,,,False,False,False,False,False,False,False,False,False,,noise,,False,False,False,False,,Healthcare Equipment & Supplies,Medical Equipment & Supplies,,False,False
GKWLIMITED.NS,2026-09-22,1565.4000244140625,1576.2583414713542,1600.0444471571182,1618.1960034179688,1654.1746671549479,1666.4115008544923,1577.6375642583278,1375.0,1985.4000244140625,False,False,False,False,False,False,True,False,False,-7.73311051867508,noise,21.11055527763882,False,False,False,False,,Finance,Investment Company,55.30364372469636,False,False
GLAND.NS,2026-09-22,2916.60009765625,2933.3250122070312,2857.5107625325522,2743.818017578125,2232.824395345052,2105.3571295166016,2919.8768052215705,1561.8007505195303,3042.0,True,True,True,True,True,True,True,False,False,45.27558310639079,dry,18.271854586176634,False,False,False,False,,Pharmaceuticals & Biotechnology,Pharmaceuticals,87.77327935222672,True,True
GLAXO.NS,2026-09-22,2873.60009765625,2871.1583048502603,2840.136081271701,2755.6239794921876,2480.0370166015623,2462.735537109375,2865.7404886962336,2088.10009765625,3120.699951171875,True,True,True,True,True,True,True,True,False,7.502421718176855,noise,31.536393593232887,False,False,False,False,,Pharmaceuticals & Biotechnology,Pharmaceuticals,69.59514170040487,False,False
GLENMARK.NS,2026-09-22,2461.39990234375,2430.9416300455728,2379.3899807400176,2336.4386083984373,2256.4812353515626,2191.109163208008,2434.305402950543,1790.8181412412814,2535.0776323504288,True,True,True,True,True,True,True,True,False,22.261712666674583,noise,82.0694945758889,False,True,False,False,,Pharmaceuticals & Biotechnology,Pharmaceuticals,80.04048582995952,True,True
GLOBAL.NS,2026-09-22,132.22999572753906,127.11416816711426,113.94305589463976,110.68499328613281,104.96798914591471,100.37403221130371,127.39628754115566,54.66141601481325,136.97000122070312,True,True,True,True,True,True,True,True,False,94.55318654067078,green,173.20760845057026,False,False,True,False,,Other Consumer Services,Education,95.30364372469636,True,True
MEDANTA.NS,2026-09-22,1487.800048828125,1454.183329264323,1442.2700771755642,1421.2686791992187,1253.5293404134115,1226.4874514770509,1463.1064909358156,955.6610489257978,1544.0,True,True,True,True,True,True,True,True,False,8.819750601461074,noise,52.199559436425616,False,True,False,False,,Healthcare Services,Hospital,70.89068825910931,True,True
GLOBALPET.NS,2026-09-21,165.0,163.91249974568686,159.64583206176758,158.3469989013672,136.95899948120118,132.6447496032715,163.57385811352523,85.0,174.6999969482422,True,True,False,True,True,True,True,True,False,21.502206400623656,dry,13.192612137203167,False,False,False,False,,Industrial Manufacturing,Industrial Products,79.63562753036437,True,False
GSLSU.NS,2026-09-22,30.90999984741211,28.541666825612385,29.23250002331204,28.869599952697754,48.13340010325114,60.704350080490116,28.75506753305513,23.059999465942383,139.6699981689453,False,False,False,False,True,True,False,True,False,-70.01067241784004,noise,76.68786826714565,False,False,False,False,,Consumer Durables,Granites & Marbles,1.45748987854251,False,False
GLOBALVECT.NS,2026-09-22,133.41000366210938,134.20916620890299,146.25055525037976,149.18760009765626,161.31793324788413,168.3455500793457,133.5997431579335,123.0,248.0,False,False,False,False,False,False,False,False,False,-38.36166967415111,noise,37.40827286516624,False,False,False,False,,Transport Services,Airline,18.380566801619434,False,False
GLOBALE.NS,2026-09-22,11.149999618530273,11.237499952316284,11.169722186194527,11.10319995880127,11.791733322143555,11.805450000762939,11.23692661693645,9.199999809265137,15.399999618530273,False,False,False,False,True,False,False,False,False,-19.784173204824683,noise,31.93758154694222,False,False,False,False,,Textiles & Apparels,Trading - Textile Products,42.22672064777328,False,False
GLOBECIVIL.NS,2026-09-22,43.65999984741211,44.14166673024496,43.9141665564643,42.87999992370605,43.993133265177406,47.06604999542236,43.56837245589031,33.5,80.0,False,False,False,False,True,True,False,True,False,-43.084343151491964,noise,38.04217009961598,False,False,False,False,,Construction,Civil Construction,14.251012145748987,False,False
GLOBE.NS,2026-09-22,2.2200000286102295,1.90583332379659,1.963055541117986,2.0120000004768372,2.2743333395322165,2.387350009083748,1.9884832978563314,1.75,3.2899999618530273,False,False,False,False,True,False,False,True,False,0.9090900224102638,red,203.09634271704127,False,True,False,False,,Textiles & Apparels,Other Textile Products,64.41295546558705,False,False
GICL.NS,2026-09-22,23.329999923706055,24.359999974568684,23.058333290947807,21.274999961853027,31.178066685994466,34.682300033569334,24.117978522687967,15.609999656677246,169.9499969482422,False,False,False,False,True,True,False,False,False,-81.70913417051106,noise,64.40919542056129,False,False,False,False,,Transport Services,Logistics Solution Provider,0.4858299595141701,False,False
GSTL.NS,2026-09-21,11.899999618530273,11.383333206176758,13.405555460188124,14.36899995803833,21.69199993133545,20.26249994277954,11.509845552398126,5.949999809265137,37.650001525878906,False,True,True,False,False,True,False,True,False,29.347824622192054,noise,138.88888888888889,False,False,False,False,,IT - Services,IT Enabled Services,82.67206477732793,True,False
GLOBUSSPR.NS,2026-09-22,821.2999877929688,839.9224955240885,876.0616522894966,881.3032116699219,898.224335530599,917.8378823852539,838.040502816058,794.2134285377566,1243.6605977695654,False,False,False,False,False,False,False,False,False,-23.038547131685494,noise,39.251834033792086,False,False,False,False,,Beverages,Breweries & Distilleries,37.57085020242915,False,False
GLOSTERLTD.NS,2026-09-22,572.1500244140625,587.3083343505859,612.4180569118923,628.8870007324218,612.5590405273438,611.9881582641601,583.2453690228879,481.79030692895725,736.2632085540595,False,True,False,True,False,False,True,False,False,-10.567895076929911,noise,20.879599621723283,False,False,False,False,,"Paper, Forest & Jute Products",Jute & Jute Products,52.34817813765182,False,False
GLOTTIS.NS,2026-09-22,,,,,,,,,,False,False,False,False,False,False,False,False,False,,noise,30.56338580447275,False,False,False,False,,Transport Services,Logistics Solution Provider,,False,False
GMMPFAUDLR.NS,2026-09-22,1462.300048828125,1353.683329264323,1127.8138868543838,1039.4558569335939,913.7180102539063,943.0281399536133,1371.6575395928144,734.1152411860135,1533.5999755859375,True,False,False,True,True,True,True,True,False,30.164238991741165,noise,75.9818207057721,False,False,False,False,,Industrial Manufacturing,Industrial Products,83.07692307692308,True,False
GMRAIRPORT.NS,2026-09-22,98.3499984741211,96.81916745503743,99.5961110856798,102.09760040283203,100.23779998779297,100.06214988708496,97.1109951522177,84.11000061035156,115.63999938964844,False,True,False,True,False,False,True,True,False,7.87539810176443,noise,63.83356400867025,False,False,False,False,,Transport Infrastructure,Airport & Airport services,69.91902834008097,False,False
GMRP&UI.NS,2026-09-22,95.26000213623047,93.69083340962727,94.95388899909125,95.84140014648438,102.66459981282551,103.90949981689454,93.3978478442267,86.80000305175781,136.3000030517578,False,False,False,False,False,False,False,True,False,-22.803889012713697,green,174.96183989350902,False,False,False,False,,Power,Power Generation,38.13765182186235,False,False
GNA.NS,2026-09-22,561.6500244140625,548.0249938964844,545.8777770996094,541.611000366211,451.91398661295574,426.0736656188965,550.2452288622952,292.9006085948861,601.6500244140625,True,True,True,True,True,True,True,True,False,78.58743751697533,noise,26.349958203991275,False,False,False,False,,Auto Components,Auto Components & Equipments,93.48178137651821,True,True
EBGNG.NS,2026-09-22,692.2999877929688,671.8125050862631,613.312503390842,597.4900024414062,491.1766668701172,442.171000289917,673.4850507435061,239.0,712.0,True,True,True,True,True,True,True,True,False,83.19661258915126,noise,96.35426587355576,False,False,False,False,,IT - Hardware,Computers Hardware & Equipments,94.0080971659919,True,True
GODIGIT.NS,2026-09-22,241.85000610351562,251.03333536783853,257.9972216288249,261.2989990234375,298.20133321126303,307.2189999389648,248.53357701698474,231.64999389648438,381.3999938964844,False,False,False,False,False,False,False,False,False,-30.76151887904991,green,194.7333933877602,False,True,False,False,,Insurance,General Insurance,27.408906882591094,False,False
GOCOLORS.NS,2026-09-22,307.8999938964844,315.6791712443034,326.3125008477105,328.6979992675781,319.35133188883464,345.12924842834474,312.4186178694296,237.0500030517578,744.0,False,False,False,False,False,False,False,False,False,-58.35249574186281,dry,13.697207536763315,False,True,False,False,,Retailing,Speciality Retail,4.291497975708502,False,False
GOACARBON.NS,2026-09-22,386.8999938964844,400.56249745686847,377.82361094156903,377.46800048828123,372.39300048828125,377.06925033569337,390.4132162129257,272.8500061035156,494.8999938964844,True,False,False,True,True,True,True,False,False,-17.733360846523773,noise,43.3230829943959,False,False,False,False,,Minerals & Mining,Industrial Minerals,44.49392712550607,False,False
GOCLCORP.NS,2026-09-22,411.04998779296875,410.84871673583984,391.06964196099176,385.4925897216797,332.01532063802085,314.30609031677244,410.3917422660462,208.5733044464555,430.87402214509945,True,True,True,True,True,True,True,True,False,20.495889682535996,red,133.51342710405314,False,False,False,False,,Chemicals & Petrochemicals,Explosives,79.06882591093117,True,True
GODAVARIB.NS,2026-09-22,243.39999389648438,238.7216657002767,244.5363892449273,251.12119842529296,280.67373260498044,277.9371491241455,239.79064831487398,224.0,353.0,False,True,False,False,False,False,False,True,False,-12.80361785355849,dry,7.697966858797696,False,False,False,False,,Diversified FMCG,Diversified FMCG,49.59514170040486,False,False
GPIL.NS,2026-09-22,232.88999938964844,241.59416707356772,242.01130294799805,242.55563690185548,264.09404998779297,261.2891876220703,238.46666048073772,220.30083502168418,318.68479368531104,False,True,False,False,False,False,False,False,False,-11.27887595301791,noise,84.63193153514341,False,False,False,False,,Industrial Products,Iron & Steel Products,51.49797570850202,False,False
GODFRYPHLP.NS,2026-09-22,1970.0,1966.9583333333333,2088.114430745443,2088.1041674804687,2124.6067488606773,2172.163433227539,1976.404947743868,1805.6870625140934,3473.3163904123226,False,False,False,False,False,False,False,False,False,-41.78712946929899,noise,26.275566590349587,False,False,False,False,,Cigarettes & Tobacco Products,Cigarettes & Tobacco Products,15.303643724696355,False,False
GODREJAGRO.NS,2026-09-22,653.9000244140625,663.4083251953125,615.7791629367405,600.3918359375,581.3160469563802,574.9682113647461,656.824624380246,496.4533186222811,725.8949686967362,True,True,True,True,True,True,True,False,False,-9.286779821061186,dry,15.674575948964392,False,False,False,False,,Food Products,Animal Feed,53.84615384615385,False,False
GODREJCP.NS,2026-09-22,873.5999755859375,867.0583343505859,922.6643235948351,961.3512353515625,1023.7240584309895,1063.489487915039,872.7234969459603,855.1500244140625,1255.1784329498362,False,False,False,False,False,False,False,True,False,-27.729627472660535,noise,29.106266490387988,False,False,False,False,,Personal Products,Personal Care,31.659919028340084,False,False
GODREJIND.NS,2026-09-22,1099.5999755859375,1124.1333516438801,1187.0861239963108,1229.320009765625,1094.289668375651,1072.1057501220703,1119.7119117440525,744.2000122070312,1443.0,True,True,True,True,False,True,True,False,False,-6.6395033112788715,noise,30.58350319910801,False,False,False,False,,Diversified,Diversified,56.68016194331984,False,False
GODREJPROP.NS,2026-09-22,1699.5,1762.0166625976562,1941.41943359375,1984.1783618164063,1828.0375724283854,1838.6966143798827,1743.4999843392845,1427.1018020889294,2340.6858887816,False,False,False,True,False,False,False,False,False,-18.823272175158788,noise,71.18795826191982,False,False,False,False,,Realty,"Residential, Commercial Projects",43.31983805668016,False,False
GOKEX.NS,2026-09-22,695.0499877929688,750.2166646321615,776.0777808295356,788.857001953125,733.7560013834635,729.407751159668,733.9669029468619,531.0,954.9000244140625,False,True,False,True,False,True,False,False,False,-13.129607673845689,green,136.84606709771313,False,True,False,False,,Textiles & Apparels,Garments & Apparels,49.19028340080971,False,False
GOKULAGRO.NS,2026-09-22,221.14999389648438,225.13083140055338,232.79972203572592,227.73799926757812,214.29253306070964,204.156499710083,224.17797047592757,151.0,259.79998779296875,True,True,True,True,False,True,True,False,False,9.31784011881791,noise,26.828399706014004,False,True,False,False,,Agricultural Food & other Products,Edible Oil,71.37651821862349,True,False
GOKUL.NS,2026-09-22,40.400001525878906,41.267499923706055,41.018888579474556,40.645399780273436,40.515066502889,39.8236998462677,40.68707324014959,31.0,46.79999923706055,False,True,False,True,False,True,True,False,False,-10.002223044816782,noise,81.8536508833872,False,True,False,False,,Agricultural Food & other Products,Edible Oil,52.955465587044536,False,False
GOLDENTOBC.NS,2026-09-22,23.649999618530273,24.569166501363117,24.611666520436604,24.764599876403807,25.916399968465168,27.227800025939942,24.34242513922861,20.34000015258789,36.56999969482422,False,False,False,False,False,False,False,False,False,-31.627639450123358,red,126.45464468742485,False,False,False,False,,Realty,"Residential, Commercial Projects",26.194331983805668,False,False
GOLDIAM.NS,2026-09-22,319.79998779296875,327.3083318074544,349.3819410536024,350.53199768066406,311.1031663004557,299.4213394165039,326.82451830332764,198.75,398.20001220703125,True,True,True,True,False,True,True,False,False,11.521418523706384,noise,44.0337497423865,False,False,False,False,,Consumer Durables,"Gems, Jewellery And Watches",72.95546558704453,True,False
GOLDKART.NS,2026-09-21,107.0999984741211,104.38333257039388,97.13888867696126,106.64899932861329,165.0646651204427,188.81749771118163,104.74458555401215,81.69999694824219,285.0,False,False,False,False,True,True,False,True,False,-57.16000061035156,dry,0.0,False,False,False,False,,Consumer Durables,"Gems, Jewellery And Watches",4.898785425101215,False,False
GOLDSTAR.NS,2026-09-21,9.0,8.199999928474426,7.658333314789666,7.519000005722046,7.405000022252401,7.120500016212463,8.46489210087785,4.5,9.949999809265137,True,True,False,True,True,True,True,True,False,0.0,red,151.00671140939596,False,False,False,False,,Auto Components,Auto Components & Equipments,63.58299595141701,False,False
GOODLUCK.NS,2026-09-22,538.0499877929688,515.1000010172526,481.38194444444446,489.8423327636719,444.0718884277344,423.75413162231445,515.1451405899268,305.0,557.3666381835938,True,True,True,True,True,True,True,True,False,46.84985922477718,ppv,114.29612927082363,False,False,False,False,,Industrial Products,Iron & Steel Products,88.21862348178138,True,True
GOODYEAR.NS,2026-09-22,,,,,,,,,,False,False,False,False,False,False,False,False,False,,noise,28.14020535761903,False,True,False,False,,Auto Components,Tyres & Rubber Products,,False,False
GOPAL.NS,2026-09-22,258.3500061035156,258.61666742960614,270.38610967000324,268.2599984741211,279.0221952311198,287.0074794006348,258.4355367015225,247.21871544826075,380.8046783906154,False,False,False,False,False,False,False,False,False,-30.927418091479588,noise,22.176009736561443,False,True,False,False,,Food Products,Packaged Foods,27.206477732793523,False,False
GOYALALUM.NS,2026-09-22,5.96999979019165,6.038333296775818,6.27222220102946,6.355999975204468,6.601666653951009,6.82444999217987,6.0131024810992475,5.300000190734863,11.369999885559082,False,False,False,False,False,False,False,False,False,-20.293725332111677,red,111.36230967438945,False,False,False,False,,Commercial Services & Supplies,Trading & Distributors,41.497975708502025,False,False
GOYALSALT.NS,2026-09-21,106.3499984741211,102.88333320617676,106.89305538601346,108.8470002746582,115.24266677856446,124.31850032806396,103.37748091752722,97.0,200.0,False,False,False,False,False,False,False,True,False,-39.07190110871207,green,115.16314779270633,False,False,False,False,,Food Products,Other Food Products,17.813765182186234,False,False
GPECO.NS,2026-09-21,401.29998779296875,408.81666310628253,403.17916615804035,409.6179992675781,391.7236657714844,394.56649948120116,402.80033465290353,264.04998779296875,599.9000244140625,True,False,False,True,False,True,False,False,False,-29.24270995005911,noise,60.7451403887689,False,False,False,False,,Electrical Equipment,Other Electrical Equipment,29.392712550607285,False,False
GULFPETRO.NS,2026-09-22,63.45000076293945,63.489999771118164,63.44392522176107,57.60711540222168,41.943753229777016,39.94193525314331,63.076168104445884,23.06491811108752,71.4000015258789,True,True,True,True,True,True,True,True,False,54.677507924263715,noise,48.33409717442138,False,False,False,False,,Petroleum Products,Lubricants,90.0,True,True
GPTHEALTH.NS,2026-09-22,162.7899932861328,162.0183334350586,157.56499989827475,157.53896484375,143.39846516927082,141.04129066467286,162.1000449178207,113.9682423977474,175.0,True,True,True,True,True,True,True,True,False,8.22313232611458,noise,36.6157586653779,False,False,False,False,,Healthcare Services,Hospital,70.36437246963563,True,True
GPTINFRA.NS,2026-09-22,118.16000366210938,113.68999989827473,113.84333377414279,115.11980026245118,115.7118369547526,113.27378757476806,114.99689980107993,95.40746885287561,150.0,True,True,True,False,True,False,True,True,False,-1.717059662802034,noise,74.25615562191933,False,False,False,False,,Construction,Civil Construction,61.78137651821862,False,False
GFSTEELS.NS,2026-09-22,28.040000915527344,21.25416660308838,16.98611108462016,16.23119997024536,13.883333187103272,13.22364990234375,23.131303360737892,9.729999542236328,28.040000915527344,True,True,True,True,True,True,True,True,False,188.1809068316017,ppv,577.9039729526012,False,False,True,False,,Industrial Products,Iron & Steel Products,98.82591093117409,True,True
GRANDOAK.NS,2026-09-22,,,,,,,,,,False,False,False,False,False,False,False,False,False,,noise,,False,True,False,False,,Finance,Non Banking Financial Company (NBFC),,False,False
GRANULES.NS,2026-09-22,864.0499877929688,879.8833262125651,858.0680541992188,857.5268713378906,753.9721276855469,710.5256973266602,871.2593520815649,509.48866067465497,923.6500244140625,True,True,True,True,True,True,True,False,False,59.33930991960321,noise,60.115889754353134,False,False,False,False,,Pharmaceuticals & Biotechnology,Pharmaceuticals,90.80971659919028,True,True
GRAPHISAD.NS,2026-09-21,25.0,25.483333269755047,26.638888835906982,27.149999923706055,31.005666618347167,34.67350001335144,25.414226321242204,23.75,52.79999923706055,False,False,False,False,False,False,False,False,False,-29.971990292076512,noise,50.81300813008131,False,False,False,True,,Media,Advertising & Media Agencies,28.34008097165992,False,False
GRAPHITE.NS,2026-09-22,827.75,803.7041575113932,745.9013824462891,718.9449731445312,683.6412585449219,664.2686450195313,805.382905974556,510.5948183076055,874.3499755859375,True,True,True,True,True,True,True,True,False,46.95527796319252,noise,53.88125983582225,False,False,False,False,,Industrial Products,Electrodes & Refractories,88.29959514170041,True,True
GRASIM.NS,2026-09-22,3128.199951171875,3235.5416463216147,3268.1539374457466,3225.71630859375,3010.271982421875,2961.592694091797,3206.808292864003,2494.7282248871606,3411.10009765625,True,True,True,True,False,False,True,False,False,9.945161736794695,noise,79.8054579853244,False,False,False,False,,Cement & Cement Products,Cement & Cement Products,72.02429149797571,True,False
GRAUWEIL.NS,2026-09-22,,,,,,,,,,False,False,False,False,False,False,False,False,False,,noise,71.28153733822913,False,False,False,False,,Chemicals & Petrochemicals,Commodity Chemicals,,False,False
GRAVISSHO.NS,2026-09-22,,,,,,,,,,False,False,False,False,False,False,False,False,False,,noise,,False,False,False,False,,Leisure Services,Hotels & Resorts,,False,False
GRAVITA.NS,2026-09-22,1564.9000244140625,1642.2749938964844,1731.1888868543838,1733.0019946289062,1648.7559993489583,1665.4890008544921,1626.6801585799617,1266.9000244140625,1913.5999755859375,False,False,False,True,False,False,True,False,False,-6.394306812527962,noise,94.67702492825492,False,True,False,False,,Minerals & Mining,Industrial Minerals,57.044534412955464,False,False
GREAVESCOT.NS,2026-09-22,199.6699981689453,193.17333475748697,194.7794443766276,208.03130981445312,183.37114471435547,181.1931845855713,194.62999675836022,119.01442505726769,269.68934059737177,True,True,False,True,False,True,False,True,False,-7.9656610547285345,ppv,159.41861476932556,False,False,False,False,,Industrial Products,"Compressors, Pumps & Diesel Engines",54.97975708502024,False,False
GREENCHEF.NS,2026-09-21,75.94999694824219,68.71249961853027,58.76666673024496,55.72799987792969,52.42933331807455,52.687750015258786,69.77005310440046,40.400001525878906,75.94999694824219,True,False,False,True,True,True,True,True,False,9.51694105167713,noise,94.5273631840796,False,False,True,False,,Consumer Durables,Household Appliances,71.61943319838056,True,False
GREENLAM.NS,2026-09-22,226.1699981689453,233.57416534423828,245.56750022040472,247.0816000366211,238.22524505615235,240.48172660827638,232.64206094971757,197.2850144391706,278.54998779296875,False,False,False,True,False,False,True,False,False,-7.042167398487386,dry,15.264590867334055,False,False,False,False,,Consumer Durables,Plywood Boards/ Laminates,56.032388663967616,False,False
GREENPANEL.NS,2026-09-22,170.17999267578125,158.99750137329102,166.6658329433865,174.5099853515625,190.82449188232422,199.21891334533692,160.54630348918562,148.50999450683594,313.58497462351295,False,False,False,False,False,False,False,True,False,-42.240253972857424,ppv,250.1259697099536,False,False,False,False,,Consumer Durables,Plywood Boards/ Laminates,14.93927125506073,False,False
GREENPLY.NS,2026-09-22,296.6499938964844,293.3875045776367,289.05416785346137,293.77971313476564,263.64975494384765,259.5542833709717,291.6588721139758,176.11307552067777,333.81821311913393,True,True,False,True,True,True,True,True,False,-8.253474014850271,green,150.38998671773274,False,False,False,False,,Consumer Durables,Plywood Boards/ Laminates,54.5748987854251,False,False
GCSL.NS,2026-09-22,639.2000122070312,608.0124969482422,551.0888866848416,542.1973461914063,436.88691284179686,410.4628450012207,609.8651737743538,212.85925329857284,645.25,True,True,True,True,True,True,True,True,False,122.75031846077047,green,110.68286100228244,False,False,True,False,,Capital Markets,Other Capital Market related Services,96.88259109311741,True,True
GRETEX.NS,2026-09-21,225.0,227.09166463216147,268.44305504692926,277.33899963378906,272.43866678873695,253.18000007629394,230.0084725176003,180.5,304.0,False,True,True,True,False,False,False,False,False,13.065326633165819,dry,0.0,False,False,False,False,,Entertainment,Media & Entertainment,73.84615384615385,True,False
BIRDYS.NS,2026-09-21,85.44999694824219,86.44166437784831,86.9944428337945,88.08799865722656,106.74533294677734,110.37224967956543,86.05577937720169,81.94999694824219,151.89999389648438,False,False,False,False,False,False,False,False,False,-32.316834100402225,dry,0.0,False,False,False,False,,Leisure Services,Restaurants,25.384615384615383,False,False
GRINDWELL.NS,2026-09-22,1941.9000244140625,1897.7833455403645,2010.3027954101562,2032.6400170898437,1835.770508626302,1769.3723736572265,1914.0420802600004,1316.5038257707065,2455.0,True,True,True,True,False,True,True,True,False,20.963377657804937,red,106.59439426555114,False,False,False,False,,Industrial Products,Abrasives & Bearings,79.31174089068826,True,False
GRMOVER.NS,2026-09-22,80.58999633789062,83.99999872843425,87.17277717590332,88.18379974365234,124.46746663411459,134.04946670532226,82.935320020347,79.30999755859375,185.4499969482422,False,False,False,False,False,False,False,False,False,-31.79010131435449,noise,98.6328541034425,False,True,False,False,,Agricultural Food & other Products,Other Agricultural Products,26.03238866396761,False,False
GROBTEA.NS,2026-09-22,904.2000122070312,941.7791748046875,942.8013932969835,933.1866345214844,913.9150004069011,929.1456576538086,932.2419273754226,803.2462751071786,1233.5068129475733,False,False,False,True,False,False,False,False,False,-12.632641172433257,red,270.3010948905109,False,False,False,False,,Agricultural Food & other Products,Tea & Coffee,49.91902834008097,False,False
GRPLTD.NS,2026-09-22,2000.0,1996.7749938964844,1995.9916619194878,1984.8006616210937,1878.522548828125,1843.9238555908203,1994.9594813734334,1497.2378372990818,2356.253157692895,True,True,False,True,True,True,True,True,True,-6.753093072296634,noise,52.97588889220041,False,False,False,False,,Industrial Products,Rubber,56.43724696356275,False,False
GSMFOILS.NS,2026-09-21,82.0,94.29166603088379,109.64999940660265,153.92800018310547,189.4116663614909,193.316499710083,91.04558154163483,79.69999694824219,293.8500061035156,False,False,False,False,False,False,False,False,False,-65.64005778455294,noise,73.67508667657256,False,False,False,False,,Industrial Products,Packaging,2.5506072874493926,False,False
GSPCROP.NS,2026-09-22,,,,,,,,,,False,False,False,False,False,False,False,False,False,,noise,56.15526576953398,False,True,False,False,,Fertilizers & Agrochemicals,Pesticides & Agrochemicals,,False,False
GSS.NS,2026-09-22,10.539999961853027,10.550000031789144,12.127500057220459,12.187600021362305,12.907200012207031,13.70269998550415,10.615837224713939,8.680000305175781,28.299999237060547,False,False,False,False,False,False,False,False,False,-61.93571773720539,noise,69.56790630111989,False,False,False,False,,IT - Services,IT Enabled Services,3.279352226720648,False,False
GTL.NS,2026-09-22,6.989999771118164,7.111666599909465,7.309444427490234,7.284199981689453,7.322266677220663,7.420750000476837,7.0953498951044685,4.909999847412109,10.930000305175781,False,False,False,False,False,True,False,False,False,-33.173998607781385,noise,87.1245343447986,False,False,False,False,,Telecom - Services,Other Telecom Services,24.17004048582996,False,False
GTLINFRA.NS,2026-09-22,1.1200000047683716,1.1499999860922496,1.1911111142900255,1.2038000059127807,1.245466669400533,1.225100001692772,1.141974124645802,0.9599999785423279,1.6699999570846558,False,True,False,False,False,False,False,False,False,-26.31578823536055,noise,85.5234740259414,False,False,False,False,,Telecom - Services,Telecom - Infrastructure,33.56275303643725,False,False
GTPL.NS,2026-09-22,55.060001373291016,56.015528996785484,54.62864801618788,55.89974700927734,59.774899037679035,66.36794845581055,55.40781503030021,49.06453463115313,114.09795784230069,False,False,False,False,False,False,False,False,False,-50.11483475180369,noise,28.635761051302307,False,False,False,False,,Entertainment,TV Broadcasting & Software Production,8.623481781376519,False,False
GUFICBIO.NS,2026-09-22,442.1499938964844,432.8374989827474,422.8314327663845,412.913310546875,348.9668243408203,343.1001232910156,431.99524315102025,267.9349768924993,467.79998779296875,True,True,True,True,True,True,True,True,False,19.577470194089706,noise,58.56467142140968,False,False,False,False,,Pharmaceuticals & Biotechnology,Pharmaceuticals,78.54251012145748,True,True
GUJAPOLLO.NS,2026-09-22,337.3999938964844,340.1719106038411,346.86312018500433,347.40333557128906,377.6148738606771,385.0614790344238,340.10567221234066,298.78335795622996,509.0751311419606,False,False,False,False,False,False,False,False,False,-28.43059885090694,noise,58.19661785942005,False,False,False,False,,Industrial Manufacturing,Industrial Products,30.44534412955466,False,False
GIPCL.NS,2026-09-22,186.9199981689453,192.61842981974283,182.5909063551161,175.7495376586914,156.44022501627603,153.4815421295166,190.36415590283906,117.45792136190741,207.3979831995766,True,True,True,True,True,True,True,False,False,0.3082043996446293,noise,35.24152309940838,False,True,False,False,,Power,Power Generation,63.886639676113354,False,False
GPPL.NS,2026-09-22,164.41000366210938,161.73500188191733,157.8793224758572,154.4108578491211,152.65360239664713,158.31353645324708,162.50156546948452,137.3626328109463,194.17086460013374,True,False,False,False,True,False,True,True,False,10.571923850212595,noise,45.056230793453786,False,False,False,False,,Transport Infrastructure,Port & Port services,72.34817813765181,True,False
GAEL.NS,2026-09-22,157.0800018310547,161.7250010172526,169.2658894856771,165.17400634765625,155.82560923258464,149.720265045166,160.9110112809988,101.01982127662673,184.66065065257942,True,True,True,True,False,True,True,False,False,43.080706569743185,noise,31.817908901708513,False,False,False,False,,Agricultural Food & other Products,Other Agricultural Products,86.88259109311741,True,False
GLFL.NS,2026-09-22,5.090000152587891,5.259166677792867,5.554722216394213,5.522199993133545,5.736866664886475,5.6904500031471255,5.240726283755286,3.6600000858306885,9.34000015258789,False,True,False,False,False,True,False,False,False,-11.169282100440213,noise,28.998411705251005,False,True,False,False,,Finance,Other Financial Services,51.659919028340084,False,False
GUJRAFFIA.NS,2026-09-22,39.209999084472656,40.735833485921226,40.76555559370253,40.43159996032715,40.11960001627604,42.32144996643066,40.40586435454052,35.099998474121094,88.0,False,False,False,False,False,False,False,False,False,0.9266425340823892,noise,51.198918438495575,False,False,False,False,,Industrial Products,Packaging,64.45344129554655,False,False
GUJTHEM.NS,2026-09-22,411.6499938964844,425.3874994913737,397.4375008477105,387.12599975585937,359.3070001220703,362.1674998474121,419.54948138633205,225.0500030517578,479.0,True,False,False,True,True,True,True,False,False,0.1703325632462782,noise,64.21173897723534,False,True,False,False,,Pharmaceuticals & Biotechnology,Pharmaceuticals,63.7246963562753,False,False
GNRL.NS,2026-09-22,,,,,,,,,,False,False,False,False,False,False,False,False,False,,ppv,,False,False,False,False,,Oil,Oil Exploration & Production,,False,False
GUJALKALI.NS,2026-09-22,626.5499877929688,671.606923421224,675.1464436848959,662.4692053222657,622.6340189615886,585.1928036499023,658.4204241738709,398.40127903450684,793.5892698217052,True,True,True,True,False,True,True,False,False,8.234499128147466,noise,56.889868697283696,False,False,False,False,,Chemicals & Petrochemicals,Commodity Chemicals,70.44534412955466,True,False
GUJENERGY.NS,2026-09-22,230.39999389648438,243.63894653320312,252.3248371548123,255.42651153564452,319.53595957438154,338.60331871032713,241.31287125525122,229.5,428.25011030596914,False,False,False,False,False,False,False,False,False,-45.11116778704223,red,122.37364942187337,False,False,False,True,,Gas,LPG/CNG/PNG/LNG Supplier,12.307692307692308,False,False
FLUOROCHEM.NS,2026-09-22,4487.2001953125,4625.8692626953125,4631.177517361111,4572.500029296875,3887.0000764973956,3770.6486376953126,4587.770667575775,2914.6699865065048,4955.618691060383,True,True,True,True,False,True,True,False,False,15.467161298124864,noise,23.38175348705922,False,False,False,False,,Chemicals & Petrochemicals,Specialty Chemicals,75.82995951417004,True,False
GKSL.NS,2026-09-22,,,,,,,,,,False,False,False,False,False,False,False,False,False,,red,362.02900393337944,False,False,False,False,,Healthcare Services,Hospital,,False,False
GULFOILLUB.NS,2026-09-22,1050.9000244140625,1061.9833272298176,1104.8519422743057,1077.1866613769532,995.7418664550781,1021.3326922607422,1063.8181802388697,841.6741605754839,1231.8793020953658,True,False,False,True,False,False,True,False,False,-12.311051571938059,noise,28.367869679970624,False,False,False,False,,Petroleum Products,Lubricants,50.32388663967612,False,False
GULPOLY.NS,2026-09-22,173.10000610351562,174.48333358764648,186.34276580810547,186.6810461425781,180.24191874186198,169.85963623046874,173.7798175663505,120.55614158651348,225.86168963286522,False,True,True,True,False,True,True,False,False,10.463659294296534,noise,20.127369041935765,False,False,False,False,,Agricultural Food & other Products,Other Agricultural Products,72.2672064777328,True,False
GVKPIL.NS,2026-09-22,2.490000009536743,2.272499998410543,2.263055529859331,2.3157999897003174,2.6820000076293944,2.7798000037670136,2.337101240857017,2.0399999618530273,4.059999942779541,False,False,False,False,True,False,False,True,True,-36.3171367039053,noise,54.75912043859887,False,False,False,False,,Power,Power Generation,20.566801619433196,False,False
GVPTECH.NS,2026-09-22,7.389999866485596,7.515378912289937,7.289319038391113,7.1037477684020995,6.712182280222575,7.117274341583252,7.401208247871643,5.076198397874456,10.881735035058227,True,False,False,False,True,True,False,False,False,-23.930445966843628,noise,32.44481420933242,False,False,False,False,,IT - Software,Computers - Software & Consulting,36.477732793522264,False,False
GYFTR.NS,2026-09-22,,,,,,,,,,False,False,False,False,False,False,False,False,False,,noise,43.124176475154755,False,False,False,False,,Finance,Other Financial Services,,False,False
HDIL.NS,2026-09-22,1.4500000476837158,1.4758333563804626,1.5155555572774675,1.5612000012397766,1.8902666640281678,2.003800005316734,1.4717837130794362,1.440000057220459,3.25,False,False,False,False,False,False,False,False,False,-52.459014086786084,noise,52.15886687425766,False,False,False,True,,Realty,"Residential, Commercial Projects",7.368421052631578,False,False
HINDPETRO.NS,2026-09-22,360.70001220703125,352.7249984741211,363.4705064561632,366.8409631347656,365.6863321940104,382.93826965332033,355.4837198132541,300.70788795552824,483.5386775606495,False,False,False,False,False,False,False,True,False,-7.150837356864237,green,109.23182274741023,False,False,False,False,,Petroleum Products,Refineries & Marketing,55.87044534412956,False,False
HTMEDIA.NS,2026-09-22,24.450000762939453,24.48833354314168,26.036666764153374,25.901599998474122,23.3638666788737,23.228399991989136,24.39303336642644,17.520000457763672,31.299999237060547,True,True,False,True,False,True,True,True,False,-7.805428578785079,noise,30.039903352408025,False,False,False,False,,Media,Print Media,55.22267206477732,False,False
HUDCO.NS,2026-09-22,172.39999389648438,173.43333180745444,183.69876268174914,187.2586264038086,192.70292104085286,195.51356254577638,173.47286489541523,156.74431230508782,239.21868833933843,False,False,False,False,False,False,False,False,False,-25.862757722319085,noise,52.10116270241399,False,False,False,False,,Finance,Financial Institution,33.927125506072876,False,False
HGINFRA.NS,2026-09-22,444.45001220703125,469.2124989827474,499.89097679985895,511.94443664550784,544.6978334554036,584.7665602111816,461.3246067553402,427.93192345187117,1010.2979053666484,False,False,False,False,False,False,False,False,False,-55.31169792275436,noise,45.25233074267707,False,False,False,False,,Construction,Civil Construction,5.910931174089069,False,False
HALDER.NS,2026-09-22,,,,,,,,,,False,False,False,False,False,False,False,False,False,,red,102.07347550104524,False,False,False,False,,Agricultural Food & other Products,Other Agricultural Products,,False,False
HALDYNGL.NS,2026-09-22,,,,,,,,,,False,False,False,False,False,False,False,False,False,,noise,,False,False,False,False,,Industrial Products,Packaging,,False,False
HALEOSLABS.NS,2026-09-22,1500.0,1476.7000020345051,1476.9972262912327,1500.3380029296875,1438.8846712239583,1400.3695031738282,1486.7474361799207,1091.0999755859375,1774.0,True,True,True,True,False,True,True,True,False,23.805121389067672,noise,42.134831460674164,False,True,False,False,,Pharmaceuticals & Biotechnology,Pharmaceuticals,80.72874493927125,True,False
HAMPTON.NS,2026-09-22,,,,,,,,,,False,False,False,False,False,False,False,False,False,,noise,,False,False,False,False,,Realty,"Residential, Commercial Projects",,False,False
HGM.NS,2026-09-22,42.65999984741211,48.445000330607094,47.3594446182251,47.9752001953125,52.243866729736325,55.212999973297116,47.014960209045014,40.0,82.0,False,False,False,False,False,False,False,False,False,-45.18823224492012,red,772.1559587512778,False,False,False,True,,IT - Services,IT Enabled Services,12.105263157894736,False,False
HAPPSTMNDS.NS,2026-09-22,313.3999938964844,329.9541651407878,379.7250001695421,379.4124737548828,370.3239329020182,386.4827542114258,329.60763213778034,311.6000061035156,569.7390934364792,False,False,False,False,False,False,False,False,False,-43.612791646680336,noise,44.223643310190596,False,False,False,True,,IT - Software,Computers - Software & Consulting,13.846153846153847,False,False
HAPPYFORGE.NS,2026-09-22,2108.5,2169.0916544596353,2150.2666625976562,2003.4362036132814,1573.938349609375,1456.94923828125,2154.1219995980887,886.5215390100362,2470.0,True,True,True,True,True,True,True,False,False,117.33499010985949,noise,96.65916189811298,False,False,False,False,,Industrial Products,Castings & Forgings,96.5587044534413,True,True
HARDWYN.NS,2026-09-22,9.09000015258789,9.101666688919067,9.771944443384806,10.229057064056397,14.114732990264892,13.655263934135437,9.117526962407482,7.610000133514404,20.200000762939453,False,True,False,False,False,False,False,False,False,-5.87276806500967,dry,7.857228585070494,False,False,False,False,,Consumer Durables,"Furniture, Home Furnishing",57.65182186234817,False,False
HARIOMPIPE.NS,2026-09-22,361.8500061035156,359.87083689371747,363.9500020345052,372.3750018310547,358.8283343505859,366.0085009765625,358.01405386236775,268.04998779296875,571.557343009277,False,False,False,True,False,True,False,True,False,-34.1530725601747,ppv,54.320156980328846,False,False,False,False,,Industrial Products,Iron & Steel Products,22.793522267206477,False,False
HRYNSHP.NS,2026-09-22,,,,,,,,,,False,False,False,False,False,False,False,False,False,,noise,,False,False,False,False,,Industrial Manufacturing,Ship Building & Allied Services,,False,False
HARRMALAYA.NS,2026-09-22,176.66000366210938,184.0141690572103,197.9661110772027,203.52280029296875,200.55993336995442,191.25410034179689,182.17126612683674,153.66000366210938,237.89999389648438,False,True,True,True,False,False,False,False,False,-15.050972322204037,noise,24.15598136675791,False,False,False,False,,Industrial Products,Rubber,47.08502024291498,False,False
HARSHA.NS,2026-09-22,465.1000061035156,448.68333689371747,435.959721883138,429.1719989013672,400.62822875976565,395.07359405517576,449.1874361460708,312.17531583398915,476.79998779296875,True,True,True,True,True,True,True,True,False,12.05753225007502,red,105.78023071821865,False,True,False,False,,Industrial Products,Other Industrial Products,73.11740890688259,True,True
HATHWAY.NS,2026-09-22,9.989999771118164,10.119166612625122,10.455555624432034,10.58260009765625,10.678066705067952,10.976950039863587,10.084625851412603,8.760000228881836,15.119999885559082,False,False,False,False,False,False,False,False,False,-32.772543728631774,noise,78.91489796030704,False,False,False,False,,Entertainment,TV Broadcasting & Software Production,24.817813765182187,False,False
HATSUN.NS,2026-09-22,1168.0,1190.1333312988281,1082.1458350287544,1030.7340002441406,957.8291984049479,953.0261386108399,1175.462554165475,846.1695010496207,1349.699951171875,True,True,True,True,True,True,True,False,False,31.207287294721553,noise,54.60027613667774,False,False,False,False,,Food Products,Dairy Products,83.4412955465587,True,True
HAVELLS.NS,2026-09-22,1088.9000244140625,1111.8083394368489,1211.066667344835,1214.0880004882813,1232.00142578125,1270.2449200439453,1114.8149334135157,1081.0999755859375,1586.8128173336413,False,False,False,False,False,False,False,False,False,-30.584027524003822,noise,26.06720958122416,False,False,False,False,,Consumer Durables,Consumer Electronics,27.65182186234818,False,False
HAWKINCOOK.NS,2026-09-22,,,,,,,,,,False,False,False,False,False,False,False,False,False,,red,218.1699940128414,False,False,False,False,,Consumer Durables,Houseware,,False,False
HAZOOR.NS,2026-09-22,,,,,,,,,,False,False,False,False,False,False,False,False,False,,noise,,False,False,False,False,,Construction,Civil Construction,,False,False
HBESD.NS,2026-09-22,,,,,,,,,,False,False,False,False,False,False,False,False,False,,noise,,False,False,False,True,,Realty,"Residential, Commercial Projects",,False,False
HBPOR.NS,2026-09-22,,,,,,,,,,False,False,False,False,False,False,False,False,False,,noise,,False,False,False,False,,Finance,Other Financial Services,,False,False
HBSL.NS,2026-09-22,54.45000076293945,53.357500076293945,54.58388921949599,52.90000022888184,54.5154002126058,58.232950077056884,53.396917380592335,42.630001068115234,108.80000305175781,False,False,False,False,True,False,False,True,False,-28.40236873378942,green,171.19351024697843,False,False,False,False,,Finance,Non Banking Financial Company (NBFC),30.526315789473685,False,False
HBLENGINE.NS,2026-09-22,767.1500244140625,732.0913747151693,703.4214816623264,707.9425903320313,738.5936836751303,758.2096109008789,736.6749316112628,612.1496526863262,1117.5593013063567,True,False,False,False,True,False,False,True,False,-5.901253478453238,green,111.81655867421212,False,False,False,False,,Industrial Products,Other Industrial Products,57.611336032388664,False,False
HCL-INSYS.NS,2026-09-22,10.789999961853027,10.209166606267294,10.788333310021294,11.009599971771241,11.788133303324381,12.180249953269959,10.380458359717654,9.010000228881836,16.5,False,False,False,False,False,False,False,True,False,-31.492063734266495,green,237.55664090778725,False,False,False,False,,IT - Hardware,Computers Hardware & Equipments,26.558704453441294,False,False
HCLTECH.NS,2026-09-22,1270.4000244140625,1247.8750101725261,1303.1833394368489,1293.985927734375,1250.2459737141928,1335.2363876342774,1260.3250140458272,1019.5907239069678,1729.0085007948294,False,False,False,False,False,False,False,True,False,-7.776023471256566,red,104.47520347202979,False,False,False,False,,IT - Software,Computers - Software & Consulting,55.26315789473685,False,False
HDBFS.NS,2026-09-22,674.5499877929688,678.1125030517578,681.9625023735894,688.5470007324219,678.2389587402344,693.4827182006836,679.5785355645673,553.7186859929476,794.4312900037413,False,False,False,False,False,False,True,False,False,-13.060763705337141,noise,24.491081370690747,False,False,False,False,,Finance,Non Banking Financial Company (NBFC),49.31174089068826,False,False
HDFCAMC.NS,2026-09-22,2430.0,2418.8083292643228,2511.102776421441,2531.1379931640627,2564.1309440104164,2566.4629528808596,2429.414668709319,2158.391558795009,2903.739155124938,False,False,False,False,False,False,True,True,False,-14.778235283540841,noise,60.51043262801229,False,True,False,False,,Capital Markets,Asset Management Company,47.44939271255061,False,False
HDFCBANK.NS,2026-09-22,738.5999755859375,714.254160563151,720.3833312988281,732.7529992675782,769.2677970377604,812.2287326049805,722.5685736837501,681.9000244140625,1003.8961237048558,False,False,False,False,True,False,False,True,False,-22.13067816751192,red,124.37423868303625,False,False,False,False,,Banks,Private Sector Bank,39.10931174089069,False,False
HDFCLIFE.NS,2026-09-22,559.2000122070312,536.6666717529297,540.2750006781685,544.9990002441406,587.9165091959635,625.3892196655273,544.6486344244997,508.70001220703125,794.0698543036143,False,False,False,False,True,False,False,True,False,-28.764523509162053,noise,51.94099004905197,False,False,False,False,,Insurance,Life Insurance,29.959514170040485,False,False
HEADSUP.NS,2026-09-22,6.769999980926514,6.944166620572408,6.892777747578091,6.867799997329712,7.119466651280721,7.542999994754791,6.8770318922488105,5.690000057220459,12.949999809265137,False,False,False,False,False,False,False,False,False,-38.342438404622655,dry,18.922296681404752,False,False,False,False,,Textiles & Apparels,Trading - Textile Products,18.421052631578945,False,False
HEALTHX.NS,2026-09-22,289.3999938964844,300.2374979654948,300.2374988132053,304.85899963378904,295.328666788737,297.67550018310544,298.2414452529907,252.5,363.0,False,False,False,True,False,False,True,False,False,-5.840251130818485,red,129.6888785624802,False,False,False,False,,Healthcare Services,Healthcare Service Provider,57.692307692307686,False,False
HCG.NS,2026-09-22,713.0999755859375,695.6958363850912,704.3652801513672,694.0110009765625,629.1362605794271,633.6549453735352,699.1871287808599,513.2999877929688,804.6500244140625,True,False,False,True,True,True,True,True,False,10.13977328614426,noise,50.55764155406754,False,False,False,False,,Healthcare Services,Hospital,72.14574898785425,True,False
HECPROJECT.NS,2026-09-22,115.68000030517578,118.50249926249187,122.82972272237141,125.18060043334961,123.8088005065918,122.60310035705567,117.91521812067468,92.0999984741211,160.5,False,True,False,True,False,False,False,False,False,-18.460559465289506,noise,38.61692912358927,False,False,False,False,,Construction,Civil Construction,43.84615384615385,False,False
HEG.NS,2026-09-21,248.5,283.1333351135254,562.7097214592827,578.8652828979492,564.6963217163086,562.0510178375245,290.48706062762386,214.10000610351562,753.9000244140625,False,True,False,True,False,False,False,False,False,-52.06587965256032,noise,80.79145876316544,False,False,False,False,,Industrial Products,Electrodes & Refractories,7.449392712550608,False,False
HEIDELBERG.NS,2026-09-22,141.1300048828125,147.3186518351237,150.07995817396375,150.16933044433594,149.08889841715495,152.69974685668944,145.28583766641285,130.10026710307625,207.42435265801188,False,False,False,False,False,False,False,False,False,-31.429842351066817,noise,50.32286223183866,False,False,False,False,,Cement & Cement Products,Cement & Cement Products,26.639676113360323,False,False
HEMIPROP.NS,2026-09-22,119.16000366210938,120.87250010172527,128.32999971177844,130.3751998901367,134.6689998372396,134.5003999710083,120.79809758328628,111.19999694824219,190.69000244140625,False,True,False,False,False,False,False,False,False,-31.885216646192525,red,108.64381590664698,False,False,False,False,,Commercial Services & Supplies,Diversified Commercial Services,25.910931174089068,False,False
HERANBA.NS,2026-09-22,166.47000122070312,169.13916651407877,171.5197228325738,173.33700073242187,186.91880055745443,197.76135047912598,168.09722246353886,155.3800048828125,327.0,False,False,False,False,False,False,False,False,False,-48.24498542528259,noise,46.25754561916441,False,False,False,False,,Fertilizers & Agrochemicals,Pesticides & Agrochemicals,9.878542510121457,False,False
HERITGFOOD.NS,2026-09-22,414.70001220703125,403.4583333333333,378.783331129286,365.40399780273435,340.6167338053385,360.74896545410155,406.76804998170434,290.35662689794395,534.2145167093047,True,False,False,True,True,True,True,True,False,-21.423097112678768,noise,40.09544550702825,False,False,False,False,,Food Products,Dairy Products,40.040485829959515,False,False
HEROMOTOCO.NS,2026-09-22,5373.0,5279.0,5521.263888888889,5394.32625,5170.1956640625,5267.731730957032,5321.623835394954,4603.781580166306,6175.521739453033,True,False,False,True,False,False,True,True,False,2.372249175335228,noise,84.12158727900932,False,False,False,False,,Automobiles,2/3 Wheelers,65.46558704453442,False,False
HESTERBIO.NS,2026-09-22,2178.699951171875,2261.7750040690103,2342.49166531033,2373.049990234375,1945.0895776367188,1843.6620971679688,2227.425218606027,1233.9436104429194,2683.60009765625,True,True,True,True,False,True,True,False,False,7.4047745177397095,dry,4.807227862600687,False,True,False,False,,Pharmaceuticals & Biotechnology,Pharmaceuticals,69.55465587044534,False,False
HEXATRADEX.NS,2026-09-22,158.80999755859375,157.37333170572916,158.72111087375217,158.4547998046875,161.0545332845052,161.19665008544922,157.89525266492154,147.25999450683594,194.88999938964844,False,False,False,False,True,False,True,True,False,-12.249971650083191,dry,15.824534611232524,False,False,False,False,,Finance,Investment Company,50.40485829959515,False,False
HEXAGON.NS,2026-09-22,,,,,,,,,,False,False,False,False,False,False,False,False,False,,noise,42.043109435018685,False,False,False,False,,Food Products,Packaged Foods,,False,False
HEXT.NS,2026-09-22,504.20001220703125,513.2791620890299,541.3833287556967,548.3309979248047,503.9632834879557,552.2483665466309,516.739383316369,392.77756486306447,792.7687780924847,False,False,False,False,False,False,False,False,False,-33.754798996475955,noise,45.87690632226539,False,False,False,False,,IT - Software,Computers - Software & Consulting,23.441295546558706,False,False
HFCL.NS,2026-09-22,221.05999755859375,227.75029500325522,226.5349604288737,220.3319155883789,161.58976791381835,137.80985353469848,222.10934656324017,59.764173305578176,256.46045809851773,True,True,True,True,True,True,True,False,False,195.6132290059677,noise,35.06795604728282,False,False,False,False,,Telecom - Services,Telecom - Infrastructure,98.94736842105263,True,True
HIGREEN.NS,2026-09-21,107.3499984741211,119.70000012715657,128.32638888888889,130.96900024414063,133.12433344523112,135.84450016021728,118.18310222164646,101.19999694824219,232.1999969482422,False,False,False,False,False,False,False,False,False,-50.41570509278471,red,552.2609340252038,False,False,False,False,,Other Utilities,Waste Management,8.421052631578947,False,False
HITECH.NS,2026-09-22,74.62000274658203,75.39666684468587,78.63305558098688,80.68540008544922,84.29400009155273,84.90655014038086,75.30218498398058,70.13999938964844,127.5,False,False,False,False,False,False,False,False,False,-39.130430723801105,noise,77.55841295941124,False,False,False,False,,Industrial Products,Iron & Steel Products,17.732793522267208,False,False
HILINFRA.NS,2026-09-22,43.2599983215332,43.11666615804037,44.50388866000705,44.67879981994629,48.02679992675781,50.15329986572266,43.36504493217204,40.099998474121094,90.37000274658203,False,False,False,False,False,False,False,False,False,-50.57129801094389,noise,42.758106887117805,False,False,False,False,,Transport Infrastructure,"Road AssetsToll, Annuity, Hybrid-Annuity",8.34008097165992,False,False
HIKAL.NS,2026-09-22,227.0,229.87166468302408,220.05065366956921,220.883974609375,203.10429575602214,206.51883041381836,225.90038378333782,146.00661502940906,281.96029052687066,True,False,False,True,True,True,True,True,False,-15.517615791745222,noise,43.82123085931771,False,False,False,False,,Pharmaceuticals & Biotechnology,Pharmaceuticals,46.76113360323887,False,False
HILTON.NS,2026-09-22,16.59000015258789,17.613333384195965,19.196388827429878,19.978799934387208,20.811265252431234,23.804234414100648,17.299751352678353,13.430000305175781,55.650001525878906,False,False,False,False,False,False,False,False,False,-69.20935444746044,green,154.8439484067277,False,False,False,False,,Industrial Products,Castings & Forgings,1.6194331983805668,False,False
HSCL.NS,2026-09-22,669.4500122070312,664.0458374023438,699.3277808295356,715.9860046386718,614.3936073811849,577.5246087646484,666.1074783124061,417.9330556788151,819.5,True,True,True,True,False,True,True,True,False,47.26672716251918,noise,28.281724965808014,False,False,False,False,,Chemicals & Petrochemicals,Carbon Black,88.34008097165992,True,False
HIMATSEIDE.NS,2026-09-22,63.209999084472656,66.30184332529704,70.98201486799452,74.0622908782959,81.40489570617676,88.56893980026246,65.35229600754803,61.09000015258789,131.88887272518855,False,False,False,False,False,False,False,False,False,-50.40643676014251,ppv,288.87884149182634,False,False,False,False,,Textiles & Apparels,Other Textile Products,8.461538461538462,False,False
HINDALUMI.NS,2026-09-22,,,,,,,,,,False,False,False,False,False,False,False,False,False,,noise,,False,False,False,False,,Non - Ferrous Metals,Aluminium,,False,False
HINDUNILVR.NS,2026-09-22,1933.800048828125,1944.7000020345051,2005.5194430881077,2038.9880029296876,2133.8028800455727,2181.857346801758,1945.9904693764256,1926.199951171875,2619.7497080594576,False,False,False,False,False,False,False,False,False,-23.457502234425633,noise,69.29296444295369,False,False,False,False,,Diversified FMCG,Diversified FMCG,37.125506072874494,False,False
HINDADH.NS,2026-09-22,,,,,,,,,,False,False,False,False,False,False,False,False,False,,noise,,False,False,False,False,,Industrial Products,Plastic Products - Industrial,,False,False
HAL.NS,2026-09-22,4800.0,4854.308349609375,4880.7044677734375,4789.470869140625,4406.595320638021,4381.900816650391,4819.914312071735,3472.0644756594256,5149.89990234375,True,True,True,True,True,True,True,False,False,0.8523575408127648,noise,61.782606615769154,False,False,False,False,,Aerospace & Defense,Aerospace & Defense,64.33198380566802,False,False
HINDCOMPOS.NS,2026-09-22,376.54998779296875,380.8141276041667,400.6176749335395,409.81726501464846,416.24987731933595,417.5590255737305,379.53763325826446,345.269540044411,547.0995143185665,False,False,False,False,False,False,False,False,False,-22.95791447477402,noise,38.61123977683602,False,False,False,False,,Auto Components,Auto Components & Equipments,37.773279352226716,False,False
HCC.NS,2026-09-22,21.670000076293945,22.357500076293945,21.995833343929714,21.980200080871583,21.126666717529297,20.61995002746582,22.033772596387863,13.649999618530273,30.0,True,True,False,True,False,True,False,False,False,-24.257254058032462,noise,52.71676023108449,False,False,False,False,,Construction,Civil Construction,36.11336032388664,False,False
HINDOILEXP.NS,2026-09-22,174.8300018310547,183.7750015258789,169.05416827731662,166.6040005493164,157.5510004679362,156.14045051574706,179.29828640166969,117.5,201.44000244140625,True,True,True,True,True,True,True,False,False,-1.598467027162398,noise,25.33690181100388,False,False,False,False,,Oil,Oil Exploration & Production,61.821862348178136,False,False
HINDALCO.NS,2026-09-22,973.0,989.2916717529297,1020.9527808295356,1002.9010046386719,996.4933443196614,973.997255859375,985.5271509377055,728.1514177780007,1169.8969824893504,False,True,True,True,False,True,True,False,False,31.162112280387653,noise,83.07273246488597,False,False,False,False,,Non - Ferrous Metals,Aluminium,83.40080971659918,True,False
HINDCON.NS,2026-09-22,24.729999542236328,23.990833123524983,23.21138874689738,22.76479995727539,21.815933329264322,22.673299980163574,24.027752772331958,15.65999984741211,37.75,True,False,False,True,True,True,False,True,False,-23.649274441975376,green,199.2884161993669,False,False,False,False,,Chemicals & Petrochemicals,Specialty Chemicals,36.84210526315789,False,False
HPIL.NS,2026-09-22,118.70999908447266,120.57916641235352,124.45083321465387,124.45340026855469,126.39946695963542,128.0162502670288,120.0703759379285,107.0,154.4499969482422,False,False,False,False,False,False,True,False,False,-11.11194580919167,dry,13.235980529439221,False,False,False,False,,Chemicals & Petrochemicals,Dyes And Pigments,51.821862348178136,False,False
HGS.NS,2026-09-22,379.6499938964844,380.0796178181966,394.4889890882704,402.4297198486328,397.5670682779948,404.5036932373047,380.6807808965689,337.6232905293845,537.9468144906148,False,False,False,False,False,False,False,False,False,-27.56540375318799,noise,49.653766113055205,False,False,False,False,,Commercial Services & Supplies,Business Process Outsourcing (BPO)/ Knowledge Process Outsourcing (KPO),32.064777327935225,False,False
HINDCOPPER.NS,2026-09-22,508.20001220703125,507.1339518229167,527.7227003309462,515.5708306884766,523.6136936442057,522.321427154541,504.7469368010558,280.48443230020644,755.9652099609375,False,True,True,False,False,True,False,True,False,72.28512800521594,noise,72.07701932051592,False,False,False,False,,Non - Ferrous Metals,Copper,92.5910931174089,True,False
HNDFDS.NS,2026-09-22,622.1500244140625,617.6583404541016,615.9736141628689,602.74400390625,544.0793347167969,533.5990007019043,619.3391805933464,442.0,677.75,True,True,True,True,True,True,True,True,False,13.118186257102282,noise,42.81185153065036,False,False,False,False,,Diversified FMCG,Diversified FMCG,73.88663967611336,True,True
HMVL.NS,2026-09-22,82.20999908447266,80.7033322652181,88.62722206115723,89.60459976196289,77.43179964701335,75.40079950332641,81.36091553459036,55.20000076293945,108.16000366210938,True,True,True,True,False,True,True,True,False,-4.228794744036646,dry,11.979094517066619,False,False,False,False,,Media,Print Media,59.51417004048582,False,False
HINDZINC.NS,2026-09-22,590.5,584.6291707356771,587.5375044080946,571.8060070800781,572.7734940592447,581.3138069152832,585.4403124983794,437.60457926809016,719.8477125036038,True,False,True,False,True,True,True,True,False,30.928464266507085,noise,73.62637607832583,False,False,False,False,,Non - Ferrous Metals,Zinc,83.36032388663968,True,False
HINDWAREAP.NS,2026-09-22,174.77000427246094,177.3058319091797,192.03333240085178,200.53059936523437,216.16719991048177,224.89139991760254,176.95871602505377,170.3000030517578,392.70001220703125,False,False,False,False,False,False,False,False,False,-47.11951459229624,noise,30.127491093974317,False,True,False,False,,Consumer Durables,Sanitary Ware,10.647773279352228,False,False
HIRECT.NS,2026-09-22,1242.199951171875,1234.1000061035156,1252.7388983832466,1259.6058081054687,1029.1754048665364,945.7189147949218,1233.0798996484111,564.6092543150997,1397.5377365248423,True,True,True,True,False,True,True,True,False,44.12374463046709,noise,27.771773327112488,False,False,False,False,,Industrial Manufacturing,Industrial Products,87.28744939271255,True,False
HISARMETAL.NS,2026-09-22,156.0500030517578,157.2391675313314,153.88449223836264,152.68121307373048,152.2404150390625,154.56308639526367,156.52785150149165,124.16345488191423,191.12767959235734,True,False,False,False,True,False,True,False,False,-15.688701986492903,noise,60.15959436432401,False,False,False,False,,Industrial Products,Iron & Steel Products,46.558704453441294,False,False
POWERINDIA.NS,2026-09-22,31415.0,31396.666666666668,32928.30007595486,32690.1314453125,31374.794114583332,28270.189018554687,31605.558262138416,16107.154467866794,38775.74235339215,True,True,True,True,False,True,True,False,False,64.6363925848688,noise,79.74554566249465,False,False,False,False,,Electrical Equipment,Heavy Electrical Equipment,91.65991902834007,True,False
HITECHCORP.NS,2026-09-22,329.75,331.9250005086263,329.8309834798177,326.9330749511719,239.3998644510905,220.61757343292237,330.4439995386769,111.66765926887025,343.9762701616608,True,True,True,True,True,True,True,False,False,61.15943836068891,noise,92.24191227277214,False,False,False,False,,Industrial Products,Packaging,91.09311740890689,True,True
HLEGLAS.NS,2026-09-22,445.75,400.39583587646484,365.437501695421,381.6230023193359,350.53166727701824,367.5127499389648,415.3727086092137,250.0,661.9500122070312,True,False,False,True,True,True,False,True,False,-12.538015238250576,red,103.41246861892996,False,False,False,False,,Industrial Manufacturing,Industrial Products,50.12145748987854,False,False
HLVLTD.NS,2026-09-22,6.400000095367432,6.500833352406819,6.67527777618832,6.820999994277954,7.536466677983602,7.907749974727631,6.548454686126526,5.599999904632568,12.390000343322754,False,False,False,False,False,False,False,False,False,-47.4979465490171,red,272.6351645960862,False,False,False,False,,Leisure Services,Hotels & Resorts,10.283400809716598,False,False
HMAAGRO.NS,2026-09-22,23.719999313354492,21.81500005722046,21.64222213957045,21.589999923706056,23.058399963378907,24.30279998779297,22.622845065073413,19.09000015258789,34.2400016784668,False,False,False,False,True,False,False,True,False,-26.722273413515442,noise,68.04492015364886,False,False,False,False,,Food Products,Meat Products including Poultry,32.874493927125506,False,False
HMT.NS,2026-09-22,64.3499984741211,64.18166669209798,62.645833333333336,62.30400001525879,60.87033335367838,57.09095003128052,63.435151069338474,41.0,72.94999694824219,True,True,True,True,True,True,True,True,False,-1.3188170869892546,noise,46.05054613247944,False,False,False,False,,Industrial Manufacturing,Industrial Products,62.064777327935225,False,False
HOACFOODS.NS,2026-09-21,825.6500244140625,919.2250010172526,842.7930586073134,805.9330029296875,594.5076684570313,529.7545010375976,881.0608888439601,219.85000610351562,1010.0,True,True,True,True,True,True,True,False,False,258.4328207237071,noise,58.139534883720934,False,False,False,False,,Food Products,Other Food Products,99.27125506072875,True,True
HOLMARC.NS,2026-09-21,115.5,108.55416679382324,106.6767126719157,106.90710418701173,98.1967830657959,98.544928150177,109.89288669079065,59.771732330322266,126.2124252319336,True,False,False,True,True,True,True,True,False,-5.27534337714306,green,114.28571428571428,False,False,False,False,,Industrial Products,Other Industrial Products,58.34008097165992,False,False
HOMEFIRST.NS,2026-09-22,1212.5,1207.2916768391926,1193.4500020345051,1198.3419995117188,1132.5701489257813,1130.554807434082,1209.4954540005037,889.5428439967044,1311.570558920454,True,True,False,True,True,True,True,True,False,-3.998230895234278,red,163.65939510557678,False,False,False,False,,Finance,Housing Finance Company,59.75708502024292,False,False
HOMESFY.NS,2026-09-21,116.0,112.08333587646484,113.96666887071397,116.22000122070312,123.37200068155924,133.92775035858153,112.91427720265963,100.69999694824219,267.95001220703125,False,False,False,False,False,False,False,True,False,-54.50088198135992,dry,0.0,False,False,False,False,,Realty,Real Estate related services,6.234817813765183,False,False
HONASA.NS,2026-09-22,473.6499938964844,470.6083272298177,472.5862392849392,467.2961755371094,393.53470133463543,364.4229872131348,471.5175077701388,246.8630140577539,506.64561650495574,True,True,True,True,True,True,True,True,False,56.21073674342825,noise,35.07849742524475,False,False,False,False,,Personal Products,Personal Care,90.2834008097166,True,True
HONDAPOWER.NS,2026-09-22,1916.5,1953.6499938964844,2027.9289008246528,2043.94822265625,2114.833107096354,2141.579475097656,1943.9639009205068,1796.809438720053,2890.7507772998374,False,False,False,False,False,False,False,False,False,-32.723657015762754,noise,47.73727053789521,False,False,False,False,,Industrial Manufacturing,Industrial Products,25.020242914979757,False,False
HONAUT.NS,2026-09-22,34025.0,34562.5,36145.694444444445,36788.42421875,33925.3927734375,33741.7088671875,34565.50826088191,26146.075333867524,41495.0,True,True,False,True,False,True,True,False,False,-8.534504429939915,noise,56.29144569213786,False,False,False,False,,Industrial Manufacturing,Industrial Products,54.412955465587046,False,False
HORIZONIND.NS,2026-09-22,,,,,,,,,,False,False,False,False,False,False,False,False,False,,noise,,False,False,False,False,,Realty,"Residential, Commercial Projects",,False,False
HPAL.NS,2026-09-22,35.38999938964844,35.73891099294027,35.188375896877716,34.57589393615723,35.08585183461507,36.3863332080841,35.531308820896115,26.240179238004295,52.44078005486245,False,False,False,False,True,True,False,False,False,-26.976836516886927,noise,28.305019017047268,False,False,False,False,,Chemicals & Petrochemicals,Specialty Chemicals,32.71255060728745,False,False
HPL.NS,2026-09-22,279.8500061035156,288.62229919433594,307.2704679701063,315.86710266113283,333.77317789713544,341.274063873291,286.2597242553386,254.63074348789405,503.18343725777174,False,False,False,False,False,False,False,False,False,-40.80297316080831,red,116.8622173543146,False,False,False,False,,Industrial Manufacturing,Industrial Products,16.153846153846153,False,False
HRHNEXT.NS,2026-09-21,25.25,25.195833047231037,25.887499862247044,26.313999786376954,27.013666598002114,27.765499963760377,25.314230142818623,21.0,37.5,False,False,False,False,False,False,False,False,False,-29.861111111111114,noise,46.728971962616825,False,True,False,False,,Commercial Services & Supplies,Business Process Outsourcing (BPO)/ Knowledge Process Outsourcing (KPO),28.502024291497975,False,False
HUBTOWN.NS,2026-09-22,175.61000061035156,179.78916676839194,183.24166658189563,187.03459930419922,198.59606669108072,207.00990020751954,178.1922235593405,168.14999389648438,339.0,False,False,False,False,False,False,False,False,False,-45.6231633464765,noise,45.2357661297707,False,False,False,False,,Realty,"Residential, Commercial Projects",11.821862348178138,False,False
HUHTAMAKI.NS,2026-09-22,246.5500030517578,250.29583231608072,265.46805572509766,269.520400390625,208.0843927001953,204.8772649383545,248.6877015986272,147.03555205657148,330.0,True,True,True,True,False,True,False,False,False,3.688278448947835,dry,6.362778686082522,False,False,False,False,,Industrial Products,Packaging,66.59919028340082,False,False
HTEL.NS,2026-09-22,,,,,,,,,,False,False,False,False,False,False,False,False,False,,noise,,False,True,False,True,,Industrial Products,Other Industrial Products,,False,False
HYBRIDFIN.NS,2026-09-22,16.690000534057617,16.667500178019207,17.12750005722046,17.482200088500978,18.351133359273273,18.6955500125885,16.5906597930631,13.0600004196167,33.619998931884766,False,False,False,False,False,False,False,True,False,13.692099367144861,noise,49.67782220403195,False,False,False,False,,Capital Markets,Stockbroking & Allied,74.37246963562752,True,False
HYUNDAI.NS,2026-09-22,2101.0,2172.8499959309897,2197.3694458007812,2140.572770996094,1985.2198510742187,2050.0244134521486,2160.607746751605,1642.3163104887294,2862.6621204739863,True,False,False,True,False,False,False,False,False,-22.06840618012307,noise,59.6382441029092,False,False,False,False,,Automobiles,Passenger Cars & Utility Vehicles,39.23076923076923,False,False
IGPL.NS,2026-09-22,563.4000244140625,554.2958323160807,519.1152759128147,499.21612243652345,437.0413865152995,421.2529667663574,553.4452463460166,311.6019343179066,594.3499755859375,True,True,True,True,True,True,True,True,False,30.764317287643085,noise,68.5005150690444,False,True,False,False,,Chemicals & Petrochemicals,Commodity Chemicals,83.31983805668017,True,True
IOB.NS,2026-09-22,31.920000076293945,32.59499979019165,33.15111101998223,33.41759990692139,33.87966668446859,34.26170006752014,32.372523826328106,31.200000762939453,41.79999923706055,False,False,False,False,False,False,True,False,False,-19.798993245781237,noise,49.1572115836985,False,False,False,False,,Banks,Public Sector Bank,42.18623481781377,False,False
IOC.NS,2026-09-22,137.8000030517578,135.22000122070312,137.55463790893555,138.22171997070313,142.7513050333659,147.26382217407226,135.9496308795901,129.06965104614895,184.95879041358242,False,False,False,False,False,False,False,True,False,-2.16099579559903,ppv,125.43664938481768,False,False,False,False,,Petroleum Products,Refineries & Marketing,61.21457489878542,False,False
IRCTC.NS,2026-09-22,469.6499938964844,465.84623463948566,484.9773135715061,488.44157775878904,519.9099967447917,550.7177774047851,467.387798002616,446.0256812201048,726.864773969282,False,False,False,False,False,False,False,True,False,-34.511566941945624,noise,52.45964273753889,False,False,False,False,,Leisure Services,"Tour, Travel Related Services",22.51012145748988,False,False
IRFC.NS,2026-09-22,80.0,80.73166592915852,84.36611111958821,85.4934001159668,93.98222686767578,99.76028366088867,80.65546435247835,78.16000366210938,135.7285614195044,False,False,False,False,False,False,False,False,False,-36.56924687413704,noise,66.93383021725488,False,False,False,False,,Finance,Financial Institution,20.40485829959514,False,False
ITDC.NS,2026-09-22,705.75,660.791758219401,672.0459476047092,689.8766625976563,596.7784889729818,585.3045169067383,666.7140806305217,366.4286134130398,818.4899820798453,True,True,True,True,True,True,True,True,False,12.504206864376721,ppv,305.34523504488493,True,False,False,False,,Leisure Services,Hotels & Resorts,73.60323886639677,True,True
IBLFL.NS,2026-09-21,61.0,60.58333365122477,60.975000063578285,60.9,56.43299995422363,56.628999938964846,60.85106715037174,43.95000076293945,72.80000305175781,True,False,False,True,True,True,True,True,False,-4.76190929966569,dry,0.0,False,False,False,False,,Finance,Non Banking Financial Company (NBFC),58.98785425101215,False,False
ICDSLTD.NS,2026-09-22,61.900001525878906,62.58583323160807,49.60694461398654,46.94960014343262,44.765333302815755,44.38345001220703,59.82185685813991,36.400001525878906,77.69000244140625,True,True,False,True,True,True,True,True,False,27.340055027066224,noise,82.72913011168707,False,False,False,False,,Commercial Services & Supplies,Diversified Commercial Services,82.02429149797571,True,False
ICEMAKE.NS,2026-09-22,702.0999755859375,707.9208272298177,747.0194430881077,770.3890002441407,779.1363358561198,773.4910015869141,701.8684864331457,660.2999877929688,920.0,False,True,False,False,False,False,True,True,False,-7.636656839269462,noise,40.337166579133246,False,False,False,False,,Industrial Manufacturing,Industrial Products,55.4251012145749,False,False
ICICIAMC.NS,2026-09-22,,,,,,,,,,False,False,False,False,False,False,False,False,False,,noise,69.74293085348106,False,False,False,False,,Capital Markets,Asset Management Company,,False,False
ICICIBANK.NS,2026-09-22,1339.5999755859375,1369.9500122070312,1408.4972262912327,1414.07037109375,1338.0078198242188,1345.860640258789,1361.7182090282822,1177.67166509731,1467.6271961496604,False,False,False,True,False,False,True,False,False,-3.6108842552717513,noise,63.633555083556004,False,False,False,False,,Banks,Private Sector Bank,60.202429149797574,False,False
ICICIGI.NS,2026-09-22,1480.0,1469.8333333333333,1562.2888929578994,1587.0620043945312,1732.008565266927,1774.1458502197265,1480.4375220947331,1423.0999755859375,2057.089271774458,False,False,False,False,False,False,False,False,False,-20.985713031639254,noise,58.742273503813095,False,True,False,False,,Insurance,General Insurance,40.607287449392715,False,False
ICICIPRULI.NS,2026-09-22,486.6499938964844,475.5166651407878,495.6597196790907,499.1049981689453,524.2366811116536,555.955358428955,483.20191999867154,455.29998779296875,704.3556293706895,False,False,False,False,False,False,False,True,False,-19.878773195470202,noise,31.883816137713804,False,False,False,False,,Insurance,Life Insurance,42.02429149797571,False,False
ICRA.NS,2026-09-22,4579.7998046875,4700.666666666667,4917.322184244792,4926.696328125,5132.90955078125,5338.830131835937,4654.590069905562,4518.7998046875,6839.023714846967,False,False,False,False,False,False,False,False,False,-29.595772607247994,ppv,166.31959497915517,False,False,False,False,,Capital Markets,Ratings,28.866396761133608,False,False
IDBI.NS,2026-09-22,82.87999725341797,83.22416559855144,85.29222170511882,85.26759963989258,82.65666651407878,87.64529983520508,83.5842162966577,61.0099983215332,118.37999725341797,False,False,False,False,False,True,False,False,False,-11.072961408523806,noise,38.64614161043923,False,True,False,False,,Banks,Private Sector Bank,51.902834008097166,False,False
IDEAFORGE.NS,2026-09-22,741.4000244140625,738.4208374023438,794.0916663275825,812.6569982910156,707.0740002441406,641.0359999084473,740.898780796896,366.0,992.25,True,True,True,True,False,True,False,True,False,40.23075606129189,noise,68.35325517851597,False,False,False,False,,Aerospace & Defense,Aerospace & Defense,86.15384615384616,True,False
IDFCFIRSTB.NS,2026-09-22,85.37000274658203,85.95250066121419,85.54522959391277,84.62570129394531,75.35679344177247,77.37247976303101,85.758705745426,57.90987854420542,88.50001826783308,True,False,True,True,True,True,True,False,False,20.728706298542644,noise,39.055378532044344,False,False,False,False,,Banks,Private Sector Bank,79.1497975708502,True,False
IFBAGRO.NS,2026-09-22,865.7000122070312,878.0625,940.7194451226128,952.5989990234375,913.8390018717448,1011.7822512817382,878.0600544100325,679.1500244140625,1790.0,False,False,False,False,False,False,False,False,False,9.714216538860644,noise,31.903776920489275,False,False,False,False,,Beverages,Breweries & Distilleries,71.82186234817813,True,False
IFBIND.NS,2026-09-22,1213.0999755859375,1262.6749979654949,1336.0027770996094,1334.6819970703125,1211.9109993489583,1258.7367474365235,1250.1616486199734,883.2000122070312,2019.800048828125,False,False,False,True,False,True,False,False,False,-31.335257309467146,noise,31.621026051224142,False,False,False,False,,Consumer Durables,Household Appliances,26.720647773279353,False,False
IFCI.NS,2026-09-22,75.94000244140625,82.46750005086263,82.54111162821452,79.75300033569336,69.80266677856446,66.07125003814697,79.5342627134988,46.22999954223633,107.5,True,True,True,True,False,True,False,False,False,29.612565700005412,green,103.54213296484632,False,False,False,False,,Finance,Financial Institution,82.83400809716599,True,False
IFGLEXPOR.NS,2026-09-22,194.64999389648438,202.43166478474936,211.68222173055014,209.39050018310547,186.33997080485025,187.7609490966797,200.68922259331737,118.36341946149847,334.28171894337873,True,False,False,True,False,True,False,False,False,-18.748656461795367,noise,69.59103058659203,False,True,False,False,,Industrial Products,Electrodes & Refractories,43.441295546558706,False,False
IGARASHI.NS,2026-09-22,424.0,421.06666056315106,435.1902728610569,440.41547790527346,397.97758056640623,401.6880551147461,424.5165418208012,270.2581708470401,556.369872473851,True,False,False,True,False,True,True,False,False,-19.750467826617147,dry,8.79878486848304,False,False,False,False,,Auto Components,Auto Components & Equipments,42.388663967611336,False,False
IIFLCAPS.NS,2026-09-22,345.04998779296875,339.92083231608075,336.8874977959527,337.24799865722656,324.7735326131185,328.14800636291505,340.77239656884495,240.39999389648438,407.5051309315702,True,False,True,True,True,True,True,True,False,21.261564069179563,noise,82.80124982226297,False,False,False,False,,Capital Markets,Stockbroking & Allied,79.47368421052632,True,False
IIFL.NS,2026-09-22,617.5499877929688,607.0999959309896,627.4222242567274,613.2649987792969,526.1683339436848,537.8590893554688,608.0312970178526,409.1000061035156,705.0,True,False,True,True,True,True,True,True,False,38.21802720649341,noise,65.64514019695919,False,False,False,False,,Finance,Non Banking Financial Company (NBFC),85.62753036437248,True,False
IKIO.NS,2026-09-22,205.97999572753906,214.14166386922201,206.15666580200195,206.90739898681642,169.46866638183593,168.68714958190918,210.77101834212334,103.52999877929688,238.8000030517578,True,True,False,True,False,True,True,False,False,-7.681964756518633,noise,34.067010334223106,False,False,False,False,,Consumer Durables,Consumer Electronics,55.34412955465587,False,False
IL&FSENGG.NS,2026-09-22,42.40999984741211,39.02750015258789,36.78944439358182,35.01959991455078,29.622200024922687,28.70735005378723,39.77033164947469,21.0,43.79999923706055,True,True,True,True,True,True,True,True,False,29.97241329805995,noise,87.36604856152137,False,False,True,False,,Construction,Civil Construction,83.03643724696357,True,True
IVC.NS,2026-09-22,7.78000020980835,8.39502481619517,8.064720882309807,7.955349473953247,7.363229602177938,7.348112335205078,8.100543609868293,5.557431444301955,10.145543087219746,True,True,True,True,False,True,True,False,False,6.414516968602402,noise,34.06376302513514,False,False,False,False,,Capital Markets,Asset Management Company,68.50202429149797,False,False
IL&FSTRANS.NS,2026-09-22,1.8600000143051147,1.9883333047231038,2.075555536482069,2.08979998588562,2.242866655985514,2.375799993276596,1.962548396143859,1.75,3.2699999809265137,False,False,False,False,False,False,False,False,False,-42.41486057827799,red,226.23870299527238,False,False,False,False,,Construction,Civil Construction,14.696356275303643,False,False
IMAGICAA.NS,2026-09-22,52.400001525878906,52.886667251586914,51.576111263699005,50.277800216674805,46.4218000793457,47.13735000610352,52.65580205520156,36.84000015258789,62.0,True,False,False,True,True,True,True,False,False,-7.371395070604603,noise,25.946227025849993,False,False,False,False,,Leisure Services,Amusement Parks/ Other Recreation,55.50607287449393,False,False
IMPEXFERRO.NS,2026-09-22,5.800000190734863,5.240833322207133,4.226666669050853,3.714600009918213,2.488200007279714,2.312800005674362,5.3502169014532495,1.2999999523162842,5.800000190734863,True,True,True,True,True,True,True,True,False,194.41624906099992,ppv,58.836100187667526,False,False,True,False,,Ferrous Metals,Ferro & Silica Manganese,98.90688259109311,True,True
INCREDIBLE.NS,2026-09-22,32.5099983215332,32.578333377838135,32.65527778201633,32.83459991455078,33.78559992472331,34.89824998855591,32.704520273343526,28.100000381469727,49.790000915527344,False,False,False,False,False,False,False,False,False,-28.202298591055687,dry,13.653418565869927,False,False,False,False,,Industrial Products,Iron & Steel Products,30.809716599190285,False,False
INDSWFTLAB.NS,2026-09-22,405.54998779296875,381.0708312988281,336.79888916015625,306.9520013427734,205.8872001139323,180.7239500808716,380.513977734469,87.1500015258789,417.0,True,True,True,True,True,True,True,True,False,289.57732347497307,ppv,162.8707487550073,False,False,True,False,,Pharmaceuticals & Biotechnology,Pharmaceuticals,99.43319838056681,True,True
INDBANK.NS,2026-09-22,25.649999618530273,26.68249972661336,30.12638897365994,30.88139995574951,32.6228666305542,33.431850023269654,26.537725173545645,25.010000228881836,47.150001525878906,False,False,False,False,False,False,False,False,False,-21.82261949123032,noise,28.41748091363222,False,True,False,False,,Capital Markets,Stockbroking & Allied,39.51417004048583,False,False
BAJAJINDEF.NS,2026-09-22,219.02000427246094,220.7216682434082,222.7097227308485,225.30141174316407,246.30128865559897,264.20062393188476,219.44806958259903,205.4639775684266,438.78580706435025,False,False,False,False,False,False,False,False,False,-45.64550421511902,ppv,496.18740848253395,False,False,False,False,,Industrial Manufacturing,Industrial Products,11.781376518218623,False,False
INDGN.NS,2026-09-22,592.0999755859375,586.1291554768881,576.5055541992188,557.3415124511719,515.0079770914714,511.8517837524414,588.4889558873274,412.19021062389317,615.5,True,True,True,True,True,True,True,True,False,2.9604769843098566,noise,32.337033728560755,False,False,False,False,,Healthcare Services,"Healthcare Research, Analytics & Technology",65.91093117408907,False,False
INDIACEM.NS,2026-09-22,340.6499938964844,346.30416615804035,365.6861080593533,375.18299865722656,384.0403336588542,399.7372505187988,346.15852290313535,331.6499938964844,485.79998779296875,False,False,False,False,False,False,False,False,False,-12.877239412663844,noise,38.23755903222511,False,False,False,False,,Cement & Cement Products,Cement & Cement Products,49.554655870445345,False,False
INDIAGLYCO.NS,2026-09-22,253.60000610351562,277.50833384195965,771.4194518195259,877.8080038452149,936.2932103474935,942.1993874359131,310.2146886579944,217.0,1219.0,False,False,False,False,False,False,False,False,False,-70.63099381177236,noise,93.99973590386901,False,False,False,False,,Beverages,Breweries & Distilleries,1.376518218623482,False,False
IMPAL.NS,2026-09-22,1075.0,1099.0166422526042,1095.8361036512588,1097.623994140625,1049.6806490071615,1040.3603015136719,1086.2073481832103,909.4963440827373,1214.1971604368546,True,True,True,True,False,False,True,False,False,3.1639651493607257,noise,53.08921971010854,False,False,False,False,,Auto Components,Trading - Auto components,65.95141700404858,False,False
INDNIPPON.NS,2026-09-22,1237.0,1264.0000101725261,1162.0055541992188,1170.6559985351562,952.7035579427084,906.785881652832,1247.1466493874598,675.0,1564.0,True,True,True,True,True,True,True,False,False,27.174573277926317,noise,28.954834199405312,False,False,False,False,,Auto Components,Auto Components & Equipments,81.90283400809717,True,True
IPL.NS,2026-09-22,133.47000122070312,135.18083318074545,138.44718975490994,141.94757507324218,150.37823867797852,154.40275302886963,135.28549162100498,124.33164441081733,236.69760977419767,False,False,False,False,False,False,False,False,False,-42.14310910485589,noise,21.682239432813535,False,False,False,False,,Fertilizers & Agrochemicals,Pesticides & Agrochemicals,15.1417004048583,False,False
DPSCLTD.NS,2026-09-22,7.119999885559082,7.117499987284343,7.232222252421909,7.2562000179290775,8.141399993896485,8.522799987792968,7.1172591841142046,6.840000152587891,13.3100004196167,False,False,False,False,False,False,False,True,False,-45.230770111083984,green,116.29221824315094,False,False,False,False,,Power,Integrated Power Utilities,12.064777327935222,False,False
INDIASHLTR.NS,2026-09-22,662.1500244140625,667.6000010172526,671.7847205268013,698.8809997558594,738.808554280599,752.6465975952149,666.727289844889,620.1500244140625,911.9719209725083,False,False,False,False,False,False,False,False,False,-24.85627254718896,noise,38.47484384411279,False,False,False,False,,Finance,Housing Finance Company,35.34412955465587,False,False
IBULLSLTD.NS,2026-09-22,29.510000228881836,27.395833333333332,27.19472222858005,27.754599952697752,21.335333271026613,19.472549967765808,28.269653763631652,8.899999618530273,32.5,True,True,True,True,True,True,True,True,True,57.38666788736979,noise,60.657588805958675,False,False,False,False,,Commercial Services & Supplies,Diversified Commercial Services,90.52631578947368,True,True
INDIAMART.NS,2026-09-22,1635.199951171875,1669.3250020345051,1729.7722269694011,1757.8080029296875,1919.8890991210938,1977.7973712158202,1665.832856239583,1622.4000244140625,2455.004088492464,False,False,False,False,False,False,False,False,False,-31.310114606568728,noise,30.040098320555963,False,False,False,False,,Retailing,Internet & Catalogue Retail,26.801619433198383,False,False
INDIANB.NS,2026-09-22,840.7999877929688,849.0250040690104,869.7958390977648,859.8450036621093,859.5965633138021,850.4858279418945,847.4597687447526,679.4753413499687,980.0229061203939,False,True,False,True,False,False,True,False,False,21.88081615405768,noise,37.68318204050287,False,False,False,False,,Banks,Public Sector Bank,79.87854251012145,True,False
INDIANCARD.NS,2026-09-22,212.9499969482422,212.96333440144858,213.99861102634006,216.5616000366211,210.60993306477866,217.0483497619629,211.20683205750845,153.0,283.8500061035156,False,False,False,False,False,True,True,True,False,-22.718197647593563,noise,24.162055395564135,False,False,False,False,,Textiles & Apparels,Other Textile Products,38.21862348178138,False,False
IEML.NS,2026-09-21,42.04999923706055,41.48749987284342,41.72361087799072,41.85499992370605,57.022999928792316,64.20424995422363,41.73596613853384,37.79999923706055,199.60000610351562,False,False,False,False,True,False,False,True,False,-76.71650176304064,noise,93.87954157522556,False,True,False,False,,Chemicals & Petrochemicals,Specialty Chemicals,0.8097165991902834,False,False
IEX.NS,2026-09-22,112.9000015258789,114.66333262125652,120.79333305358887,122.39019989013671,122.93609008789062,125.01862297058105,114.53279917708315,110.3499984741211,155.8999783750524,False,False,False,False,False,False,False,False,False,-20.552596998335037,noise,95.62681365100406,False,False,False,False,,Capital Markets,Exchange and Data Platform,41.17408906882591,False,False
INDHOTEL.NS,2026-09-22,736.25,723.3958384195963,725.7180582682291,728.157001953125,681.6468798828125,686.1461840820313,728.1411954855869,562.4948988120375,773.5051600088633,True,False,False,True,True,True,True,True,False,-3.8823874948426096,noise,70.83573740890358,False,False,False,False,,Leisure Services,Hotels & Resorts,59.83805668016194,False,False
INDIANHUME.NS,2026-09-22,367.8999938964844,370.14166259765625,379.0472191704644,382.6802282714844,341.7332293701172,354.72913146972655,366.7457975747798,276.3430988061381,426.6626968523802,True,False,False,True,False,True,True,True,False,-3.6466091136574397,noise,85.50160599943113,False,False,False,False,,Construction,Civil Construction,60.16194331983805,False,False
IMFA.NS,2026-09-22,1252.800048828125,1265.7833251953125,1361.9083251953125,1363.0122827148436,1367.838116048177,1355.1020904541015,1263.2707426214108,1052.7415796739633,1670.7880501060147,False,True,False,False,False,False,False,False,False,18.06460311394251,noise,52.322684575662706,False,False,False,False,,Ferrous Metals,Ferro & Silica Manganese,77.48987854251013,True,False
IREDA.NS,2026-09-22,110.25,111.07155418395996,114.48222584194608,116.01581726074218,121.39475123087566,124.18603172302247,111.18805781556031,107.36165539357144,161.41304312978065,False,False,False,False,False,False,False,False,False,-29.85476793518481,noise,63.31606720962928,False,False,False,False,,Finance,Financial Institution,28.542510121457486,False,False
INDTERRAIN.NS,2026-09-22,29.200000762939453,29.257500171661377,30.35722229215834,30.085599937438964,31.009333305358886,31.89159999847412,29.230477843842877,24.559999465942383,42.619998931884766,False,False,False,False,False,False,False,False,False,-17.931424226478498,noise,30.866633895349466,False,True,False,False,,Textiles & Apparels,Garments & Apparels,44.33198380566802,False,False
IWP.NS,2026-09-22,,,,,,,,,,False,False,False,False,False,False,False,False,False,,noise,,False,True,False,False,,"Paper, Forest & Jute Products",Forest Products,,False,False
INDIGOPNTS.NS,2026-09-22,1142.0,1116.4166768391926,1129.850826687283,1112.3103686523436,980.4844091796875,1017.6711514282226,1116.8479007948547,705.057642497368,1340.211918083566,True,False,False,True,True,True,True,True,False,2.1234863526810033,noise,42.26571836880429,False,False,False,False,,Consumer Durables,Paints,65.34412955465586,False,False
INDIGRID.NS,2026-09-21,173.49000549316406,173.96416854858398,174.6069229973687,174.55086029052734,167.77636647542317,164.6663091278076,173.74848476805772,147.4569609515759,177.25,True,True,True,True,False,False,True,False,False,13.651290175093411,noise,68.37910219338052,False,False,False,False,,Power,Power - Transmission,74.2914979757085,True,False
INDIQUBE.NS,2026-09-22,187.9600067138672,198.80916468302408,190.28444374932184,185.69499908447267,170.54393371582032,176.49795028686523,195.278229285547,131.14999389648438,243.8000030517578,True,False,False,True,True,True,True,False,False,-17.583088342541952,noise,88.32838244644577,False,False,False,False,,Commercial Services & Supplies,Diversified Commercial Services,44.73684210526316,False,False
IITL.NS,2026-09-22,143.39999389648438,146.39583206176758,148.61611133151584,143.9304005432129,143.3331334431966,145.74905014038086,146.18486242484974,108.0,216.0,False,False,False,False,False,True,False,False,False,-20.79973719756736,noise,79.00678927675393,False,False,False,False,,Finance,Investment Company,40.89068825910931,False,False
INDPRUD.NS,2026-09-22,,,,,,,,,,False,False,False,False,False,False,False,False,False,,noise,,False,True,False,False,,Finance,Investment Company,,False,False
INDOAMIN.NS,2026-09-22,134.8000030517578,126.80952835083008,125.50001441107855,125.76417419433594,119.62385925292969,119.84399032592773,127.68138841227976,81.56723908714366,148.3945994189602,True,False,False,True,True,True,True,True,False,-5.777968098319164,ppv,187.15423655276447,False,False,False,False,,Chemicals & Petrochemicals,Specialty Chemicals,57.77327935222672,False,False
INDOBORAX.NS,2026-09-22,463.54998779296875,481.3624979654948,470.23888821072046,452.0028778076172,334.93975830078125,309.88917663574216,474.94193873463547,206.5751418858148,542.7999877929688,True,True,True,True,True,True,True,False,False,108.19047222222981,dry,4.950934553800259,False,True,False,False,,Chemicals & Petrochemicals,Commodity Chemicals,96.19433198380567,True,True
ICIL.NS,2026-09-22,448.8999938964844,441.91666920979816,431.1500261094835,422.21489013671874,344.8885051472982,326.3919619750977,440.88061479948556,216.04358355223812,474.6499938964844,True,True,True,True,True,True,True,True,False,55.599860368436914,noise,36.49591672198567,False,True,False,False,,Textiles & Apparels,Other Textile Products,90.16194331983806,True,True
INDOFARM.NS,2026-09-22,139.89999389648438,138.97750091552734,142.4522221883138,146.6193997192383,140.2147334798177,150.00939994812012,138.73477644497854,110.69999694824219,271.69000244140625,False,False,False,False,False,False,False,True,False,-45.7415467408128,noise,38.0443381174722,False,True,False,False,,"Agricultural, Commercial & Construction Vehicles",Construction Vehicles,11.740890688259109,False,False
NIPPOBATRY.NS,2026-09-22,325.54998779296875,319.18263244628906,322.0589133368598,323.08626342773437,330.84075358072914,345.4389810180664,319.2037678788211,253.98640558137956,479.20727831675026,False,False,False,False,True,False,False,True,False,-30.613437195715676,ppv,353.6147682248636,False,False,False,False,,Household Products,Household Products,27.61133603238866,False,False
INDORAMA.NS,2026-09-22,103.56999969482422,87.44750022888184,70.23666667938232,65.05040008544921,47.856533482869466,46.95740013122558,90.57909782406941,29.0,112.30000305175781,True,True,False,True,True,True,True,True,False,92.5092958430364,red,339.3665791427633,False,False,False,False,,Textiles & Apparels,Other Textile Products,94.97975708502024,True,False
INDOTECH.NS,2026-09-22,3279.0,3478.7029622395835,3613.8621419270835,3557.1041845703126,2649.693583984375,2352.596228027344,3422.955763599106,1096.7429025157708,4018.066930770861,True,True,True,True,False,True,True,False,False,80.77936258198699,noise,59.83797224673136,False,False,False,False,,Electrical Equipment,Heavy Electrical Equipment,93.6842105263158,True,False
INDOTHAI.NS,2026-09-22,32.380001068115234,37.94396718343099,59.32637363009982,102.61814178466797,207.08207631429036,228.4440789794922,37.049754784040104,32.380001068115234,465.2762221522356,False,False,False,False,False,False,False,False,False,-84.60036567727947,noise,59.351277734829985,False,False,False,True,,Capital Markets,Stockbroking & Allied,0.32388663967611336,False,False
INDOUS.NS,2026-09-22,78.98999786376953,78.61499977111816,80.7413887447781,82.12720001220703,97.51773345947265,103.80555004119873,78.75213938960499,70.0,159.0,False,False,False,False,False,False,False,True,False,-44.67712667103405,noise,21.428043644245218,False,True,False,False,,Agricultural Food & other Products,Other Agricultural Products,12.672064777327934,False,False
INDOMIM.NS,2026-09-22,,,,,,,,,,False,False,False,False,False,False,False,False,False,,ppv,,False,False,True,False,,Industrial Manufacturing,Industrial Products,,False,False
INDOCO.NS,2026-09-22,254.50999450683594,251.39431381225586,238.21662182278104,237.72404205322266,221.16526224772136,221.60634078979493,252.81592771017685,162.04969204761224,317.0754661004704,True,False,False,True,True,True,True,True,False,-14.720341413807791,dry,17.144155171004073,False,False,False,False,,Pharmaceuticals & Biotechnology,Pharmaceuticals,47.48987854251012,False,False
IGCL.NS,2026-09-22,64.8499984741211,68.76583353678386,71.40083270602756,72.01259948730468,65.7317330678304,68.4559998512268,67.48327599537987,49.459999084472656,111.88999938964844,False,False,False,True,False,True,False,False,False,-39.182218752197926,noise,74.27762701396259,False,False,False,False,,Fertilizers & Agrochemicals,Pesticides & Agrochemicals,17.65182186234818,False,False
INDOKEM.NS,2026-09-22,,,,,,,,,,False,False,False,False,False,False,False,False,False,,noise,,False,False,False,False,,Chemicals & Petrochemicals,Specialty Chemicals,,False,False
WAAREEINDO.NS,2026-09-22,254.4499969482422,256.95833079020184,280.63472154405383,300.1510009765625,365.6646671549479,388.07250106811523,258.0503494557561,241.10000610351562,725.0,False,False,False,False,False,False,False,False,False,-49.777953219470504,red,342.3729332276862,False,False,False,False,,Electrical Equipment,Heavy Electrical Equipment,8.987854251012145,False,False
INDOSTAR.NS,2026-09-22,231.5800018310547,240.36000188191733,246.34750069512262,251.51420135498046,231.9042002360026,231.86170036315917,238.14779405155537,179.02999877929688,292.0,False,True,False,True,False,False,True,False,False,-10.048556670944308,noise,23.463566341215525,False,False,False,False,,Finance,Non Banking Financial Company (NBFC),52.87449392712551,False,False
INDOWIND.NS,2026-09-22,9.0,8.96583342552185,9.011388964123196,9.075200080871582,9.334466692606608,10.509600005149842,8.971657721907265,7.0,18.940000534057617,False,False,False,False,False,False,False,True,False,-47.27592172875737,noise,78.21023122806672,False,True,False,False,,Power,Power Generation,10.566801619433198,False,False
INDRAMEDCO.NS,2026-09-22,360.95001220703125,355.4979070027669,362.15054999457465,362.9200537109375,381.2729931640625,390.3986311340332,358.2572570142574,338.2381366516899,633.800908786859,False,False,False,False,False,False,False,True,False,-21.208019220334705,noise,44.00374713975644,False,False,False,False,,Healthcare Services,Hospital,40.32388663967612,False,False
IGL.NS,2026-09-22,146.67999267578125,150.8933334350586,150.9811108907064,151.33399993896484,157.76806711832683,163.19348266601563,149.49572302415734,141.74000549316406,219.28693712723197,False,False,False,False,False,False,False,False,False,-29.335368799022067,red,134.37932975275058,False,False,False,False,,Gas,LPG/CNG/PNG/LNG Supplier,29.352226720647774,False,False
INDUSTOWER.NS,2026-09-22,382.1000061035156,378.5666681925456,377.31273057725696,378.381943359375,397.5983298746745,401.8879650878906,379.14255511109394,325.5481676644739,464.0362575162202,False,False,False,False,True,False,True,True,False,11.370821477080773,noise,77.8237215081674,False,False,False,False,,Telecom - Services,Telecom - Infrastructure,72.91497975708502,True,False
INDUSINDBK.NS,2026-09-22,955.0,973.9916687011719,998.9166666666666,1004.845,932.5729370117188,921.6430368041993,967.6426766433647,709.4508644993872,1077.8499755859375,True,True,True,True,False,True,True,False,False,30.26649203134777,noise,56.3796465902484,False,False,False,False,,Banks,Private Sector Bank,83.11740890688259,True,False
INFINIUM.NS,2026-09-21,274.5,269.7958348592122,245.3763910929362,234.9680017089844,217.7986672973633,218.97400009155274,268.75798767039316,189.39999389648438,285.5,True,False,False,True,True,True,True,True,False,8.498023715415016,noise,22.35469448584203,False,False,False,False,,Pharmaceuticals & Biotechnology,Pharmaceuticals,70.60728744939271,True,False
NAUKRI.NS,2026-09-22,1304.0,1277.6000061035156,1308.2750074598525,1278.1857299804688,1094.0808382161458,1143.7908868408203,1282.8007075483308,905.5050975494345,1423.5480532701476,True,False,False,True,True,True,True,True,False,-4.5703185858669615,noise,77.46096136621262,False,False,False,False,,Retailing,Internet & Catalogue Retail,59.149797570850204,False,False
INFOBEAN.NS,2026-09-22,151.0500030517578,153.86749903361002,158.71393330891928,160.2766128540039,162.0721569824219,172.63033424377443,153.02680666720534,115.81316422652213,255.98189583973354,False,False,False,False,False,True,False,False,False,17.993256685653968,noise,20.16642911291347,False,False,False,False,,IT - Software,Computers - Software & Consulting,77.40890688259108,True,False
INFOLLION.NS,2026-09-21,153.5,156.02083206176758,157.4819441901313,160.2259994506836,214.9329993693034,255.64799934387207,155.86385077311164,150.35000610351562,483.79998779296875,False,False,False,False,False,False,False,False,False,-67.2008547008547,noise,46.21072088724584,False,False,False,False,,Commercial Services & Supplies,Diversified Commercial Services,2.0242914979757085,False,False
INFOMEDIA.NS,2026-09-22,5.340000152587891,5.355833331743876,5.293333344989353,5.3660000038146975,5.473599983851115,5.648149993419647,5.339620534549432,4.5,8.050000190734863,False,False,False,False,False,False,False,True,False,-15.506328994542852,noise,70.76213653714944,False,False,False,False,,Printing & Publication,Printing & Publication,46.80161943319838,False,False
INFY.NS,2026-09-22,1029.4000244140625,1052.6083272298176,1115.875,1110.667998046875,1155.8870642089844,1257.7694540405273,1055.2437047102408,982.4000244140625,1691.3991593070652,False,False,False,False,False,False,False,False,False,-28.79122551261465,noise,89.6439355213942,False,False,False,False,,IT - Software,Computers - Software & Consulting,29.87854251012146,False,False
INGERRAND.NS,2026-09-22,4146.7001953125,4438.041666666667,4538.833346896701,4506.002001953125,4239.059202473958,4028.9203747558595,4344.557745244098,3049.5386808320995,4955.0,False,True,True,True,False,True,True,False,False,6.41045118777992,noise,49.934203605879254,False,False,False,False,,Industrial Products,"Compressors, Pumps & Diesel Engines",68.46153846153847,False,False
INNOVACAP.NS,2026-09-22,1226.699951171875,1167.875,1081.709720187717,1050.9859997558594,888.9203316243489,841.5499404907226,1169.8025921581113,622.0,1237.9000244140625,True,True,True,True,True,True,True,True,False,42.87922555852508,noise,69.6707627922402,False,False,True,False,,Pharmaceuticals & Biotechnology,Pharmaceuticals,86.80161943319838,True,True
INNOVANA.NS,2026-09-22,295.29998779296875,306.5083312988281,313.4472206963433,319.0109991455078,346.458666788737,359.4557498168945,304.4769285923959,290.0,550.0,False,False,False,False,False,False,False,False,False,-45.1217243651765,red,335.41199656982957,False,False,False,True,,IT - Software,Computers - Software & Consulting,12.267206477732794,False,False
INNOVISION.NS,2026-09-22,,,,,,,,,,False,False,False,False,False,False,False,False,False,,dry,10.545332341040893,False,False,False,False,,Transport Infrastructure,"Road AssetsToll, Annuity, Hybrid-Annuity",,False,False
INOXGREEN.NS,2026-09-22,171.41000366210938,174.16083399454752,175.70888815985785,179.27519958496094,175.64226572672527,178.93594909667968,173.058555646778,132.5800018310547,279.0,False,False,False,True,False,False,False,False,False,-11.744412220795663,red,148.0285139623079,False,False,False,False,,Commercial Services & Supplies,Diversified Commercial Services,51.093117408906885,False,False
INOXINDIA.NS,2026-09-22,2133.699951171875,2144.166676839193,2049.583323160807,2027.3799951171875,1665.9750537109376,1531.2444415283203,2109.645322039331,1066.9168905614442,2339.5,True,True,True,True,True,True,True,True,False,73.22947719776735,green,108.9679180975145,False,False,False,False,,Industrial Products,Other Industrial Products,92.67206477732793,True,True
INOXWIND.NS,2026-09-22,77.9000015258789,76.07249959309895,74.84638828701443,75.6447998046875,85.36019973754883,92.9851498413086,76.02609227564373,68.0,159.3000030517578,False,False,False,False,True,False,False,True,False,-48.894571102176535,noise,84.15915554990849,False,False,False,False,,Electrical Equipment,Heavy Electrical Equipment,9.352226720647772,False,False
INSECTICID.NS,2026-09-22,611.5999755859375,607.1624959309896,614.9402737087673,620.212998046875,651.275331624349,654.1734774780274,604.9040308209785,518.5999755859375,786.8318054449394,False,False,False,False,False,False,True,True,False,-20.42597966110309,green,126.0383949032207,False,False,False,False,,Fertilizers & Agrochemicals,Pesticides & Agrochemicals,41.255060728744944,False,False
INA.NS,2026-09-22,,,,,,,,,,False,False,False,False,False,False,False,False,False,,green,116.61289628304733,False,False,False,False,,Power,Power Generation,,False,False
INSPIRE.NS,2026-09-21,9.0,8.958333333333334,8.823611127005684,8.818999977111817,9.716333354314168,10.03725002527237,9.008862403684734,6.800000190734863,17.899999618530273,False,False,False,False,True,True,False,False,False,-49.43820008002292,dry,0.0,False,False,False,False,,Entertainment,Media & Entertainment,9.109311740890687,False,False
INSPIRISYS.NS,2026-09-22,88.98999786376953,86.49916648864746,91.2511109246148,93.5579997253418,95.32613321940104,93.45174999237061,86.49511508057964,69.91999816894531,133.89999389648438,False,True,False,False,False,False,False,True,False,-6.650586222080445,noise,23.68677720496029,False,False,False,False,,IT - Services,IT Enabled Services,56.63967611336032,False,False
ESSENTIA.NS,2026-09-22,1.0399999618530273,1.0474999646345775,1.144999987549252,1.139999988079071,1.312583057085673,1.362137291431427,1.0427051580380828,1.0099999904632568,2.0799999237060547,False,False,False,False,False,False,False,False,False,-45.26315921561541,green,101.64465347399099,False,False,False,False,,Commercial Services & Supplies,Trading & Distributors,12.024291497975709,False,False
IPSL.NS,2026-09-21,215.0,214.91666793823242,215.78800582885742,220.08310668945313,231.88376729329428,242.0116680908203,214.80358740011502,171.88994880392372,383.5331726074219,False,False,False,False,False,False,False,True,False,-43.94226748671088,dry,0.0,False,False,False,False,,Commercial Services & Supplies,Diversified Commercial Services,13.562753036437247,False,False
INTELLECT.NS,2026-09-22,647.75,669.7499949137369,689.1736111111111,701.7356469726562,703.0475630696615,753.6586169433593,662.7914739149561,589.5214019484429,1232.7256944645226,False,False,False,False,False,False,False,False,False,-39.00489467291948,red,116.11561068342708,False,True,False,False,,IT - Software,Computers - Software & Consulting,17.894736842105264,False,False
INTENTECH.NS,2026-09-22,81.3499984741211,79.30166689554851,80.92361068725586,83.44279968261719,93.42253331502279,98.74014991760254,79.52172649089995,66.30000305175781,149.89999389648438,False,False,False,False,False,False,False,True,False,-7.024292761804041,green,114.82673954931582,False,False,False,False,,IT - Services,IT Enabled Services,56.07287449392713,False,False
INTERARCH.NS,2026-09-22,1701.5999755859375,1713.1583353678386,1712.805392795139,1740.0436083984375,1814.439716796875,1900.3162561035156,1703.993532597291,1588.1481694240197,2742.1363509030452,False,False,False,False,False,False,False,False,True,-20.246634277492483,noise,63.50351080185763,False,False,False,False,,Construction,Civil Construction,41.578947368421055,False,False
INDIGO.NS,2026-09-22,5030.0,4926.041666666667,5119.930555555556,5144.81,4792.040672200521,4826.828504638672,4937.922783959436,3895.199951171875,5970.0,True,False,False,True,False,False,True,True,False,-11.428068321887652,green,125.11137866236555,False,False,False,False,,Transport Services,Airline,51.37651821862348,False,False
INM.NS,2026-09-21,151.0500030517578,154.88458251953125,161.52892769707574,165.30404907226563,170.26367024739582,184.94448280334473,156.79572236919745,140.61732763952318,686.8864925608916,False,False,False,False,False,False,False,False,False,-75.48304713583065,red,164.4736842105263,False,False,False,False,,Consumer Durables,"Furniture, Home Furnishing",0.9716599190283401,False,False
IGIL.NS,2026-09-22,326.95001220703125,317.625,334.5745357937283,336.95009033203127,341.26766499837237,334.73761001586917,321.80300145740716,282.67090105928503,385.39286639838434,False,True,False,False,False,False,True,True,False,-10.16041569987175,ppv,163.28915211218364,False,True,False,False,,Commercial Services & Supplies,Diversified Commercial Services,52.71255060728745,False,False
INTLCONV.NS,2026-09-22,77.86000061035156,76.98310661315918,76.5029788547092,76.19041564941406,76.70113919576009,78.48050085067749,76.81142583458603,59.60206698077789,113.78034412666766,False,False,False,False,True,True,False,True,False,-25.174383866888515,noise,71.35594319119808,False,False,False,False,,Industrial Manufacturing,Industrial Products,34.81781376518219,False,False
ISFT.NS,2026-09-22,104.0199966430664,85.29916636149089,85.09333335028754,82.78319961547851,78.39573343912761,81.43600009918212,89.55238261124717,54.04999923706055,119.06999969482422,True,False,False,True,True,True,True,True,True,5.24079370406656,ppv,424.3422154226865,True,False,False,False,,Retailing,E-Retail/ E-Commerce,67.73279352226722,False,False
INVPRECQ.NS,2026-09-22,,,,,,,,,,False,False,False,False,False,False,False,False,False,,noise,,False,False,False,False,,Industrial Products,Castings & Forgings,,False,False
INVENTURE.NS,2026-09-22,0.8899999856948853,0.9050000061591467,0.908611117137803,0.907000002861023,0.9623333330949148,1.0105000004172324,0.8992723619532927,0.7200000286102295,1.6799999475479126,False,False,False,False,False,False,False,False,False,-46.385541952371,noise,107.2490884269468,False,False,False,False,,Capital Markets,Stockbroking & Allied,11.012145748987855,False,False
IKS.NS,2026-09-22,1869.199951171875,1776.7333272298176,1779.272220187717,1795.9040014648438,1646.772002766927,1650.6910021972656,1784.1076731604605,1262.0,1933.0,True,False,True,True,True,True,True,True,False,20.136250520067843,ppv,317.6036070330774,True,False,False,False,,IT - Services,IT Enabled Services,78.74493927125506,True,False
IOLCP.NS,2026-09-22,200.38999938964844,200.94916534423828,182.59611087375217,173.8213998413086,128.1703998819987,115.37243103027343,198.43335836929057,67.07081715721031,219.0399932861328,True,True,True,True,True,True,True,True,False,73.98185033815336,noise,62.07129724717735,False,False,False,False,,Pharmaceuticals & Biotechnology,Pharmaceuticals,92.75303643724696,True,True
IONEXCHANG.NS,2026-09-22,429.79998779296875,435.1750030517578,397.5691095987956,405.6535833740234,386.9379069010417,381.7458297729492,428.82983456916526,311.64769712027083,484.3644916198611,True,True,False,True,True,True,True,True,False,1.5784389258641118,noise,37.95217125092021,False,False,False,False,,Other Utilities,Water Supply & Management,64.89878542510121,False,False
IPRINGLTD.NS,2026-09-22,,,,,,,,,,False,False,False,False,False,False,False,False,False,,noise,,False,False,False,True,,Auto Components,Auto Components & Equipments,,False,False
IPCALAB.NS,2026-09-22,1992.4000244140625,1971.7833251953125,1898.2758348253037,1869.0567065429686,1665.1860180664062,1611.8374194335938,1977.6825283523226,1247.2697331943216,2038.0,True,True,True,True,True,True,True,True,False,38.745128074785164,noise,28.65800213976376,False,False,False,False,,Pharmaceuticals & Biotechnology,Pharmaceuticals,85.91093117408907,True,True
IRB.NS,2026-09-22,17.979999542236328,19.03333314259847,19.247777726915146,19.414365463256836,20.47453960418701,20.55142882347107,18.76115043019243,17.93000030517578,23.83526024888653,False,False,False,False,False,False,True,False,False,-16.59103994317356,red,130.76602359942123,False,False,False,True,,Construction,Civil Construction,45.62753036437247,False,False
IRBINVIT.NS,2026-09-21,64.95999908447266,64.43166700998943,64.14722198910184,63.29750625610352,59.92599192301432,59.28679899215698,64.44908749698527,54.138185447605636,65.25,True,True,True,True,True,False,True,True,False,14.101361541037093,noise,31.582246244817686,False,True,False,False,,Transport Infrastructure,"Road AssetsToll, Annuity, Hybrid-Annuity",74.8582995951417,True,False
IRCON.NS,2026-09-22,109.08999633789062,111.59365272521973,119.8368731604682,121.82616821289062,132.54545333862305,139.09112789154054,110.90255085763893,106.80000305175781,183.78538352585957,False,False,False,False,False,False,False,False,False,-39.211366562842876,green,129.83142657282272,False,False,False,False,,Construction,Civil Construction,17.57085020242915,False,False
IRISDOREME.NS,2026-09-22,66.23999786376953,62.23833338419596,58.77416653103299,55.61599998474121,42.12313335418701,40.23404998779297,62.634660400426895,26.350000381469727,68.0,True,True,True,True,True,True,True,True,False,108.76142079862427,ppv,214.83563826006497,False,False,True,False,,Textiles & Apparels,Garments & Apparels,96.23481781376519,True,True
IRIS.NS,2026-09-22,236.42999267578125,244.8691660563151,247.24638917711047,246.44580017089845,245.96660013834637,256.75619979858396,242.05420201450116,203.0,388.1000061035156,False,False,False,False,False,False,False,False,False,-27.708301024170147,noise,93.86371551977213,False,False,False,False,,IT - Software,Software Products,31.74089068825911,False,False
IRMENERGY.NS,2026-09-22,268.3500061035156,274.5848388671875,281.39495425754126,274.7107403564453,258.8733180745443,260.3392651367187,272.5389136975731,164.51785884218728,390.9040021765633,True,False,False,True,False,True,False,False,False,-25.079457178581087,noise,35.59299124286878,False,False,False,False,,Gas,LPG/CNG/PNG/LNG Supplier,34.939271255060724,False,False
ISGEC.NS,2026-09-22,840.75,789.3858591715494,779.420901828342,801.2400439453126,899.8077579752604,877.7339624023438,798.2904594765529,678.7306555105498,1105.399615026135,False,True,False,False,True,False,True,True,False,-14.005760148150204,noise,93.29560987277186,False,False,False,False,,Construction,Civil Construction,48.38056680161944,False,False
ISHANCH.NS,2026-09-22,50.779998779296875,46.6449998219808,46.99027792612711,48.56040023803711,55.423800252278646,57.20800012588501,47.95304357187105,41.709999084472656,83.37000274658203,False,False,False,False,True,False,False,True,False,-13.639456737796717,green,107.51982106684575,False,False,False,False,,Chemicals & Petrochemicals,Specialty Chemicals,48.74493927125506,False,False
ISHAN.NS,2026-09-21,0.5,0.5125000029802322,0.493055553899871,0.4919999980926514,0.5906666656335194,0.6297499990463257,0.505133021060916,0.44999998807907104,0.949999988079071,False,False,False,False,True,False,False,False,False,-47.36842039219229,dry,0.0,False,False,False,False,,Industrial Manufacturing,Industrial Products,10.323886639676113,False,False
ISTLTD.NS,2026-09-22,,,,,,,,,,False,False,False,False,False,False,False,False,False,,noise,,False,False,False,False,,Auto Components,Auto Components & Equipments,,False,False
ITALIANE.NS,2026-09-21,29.75,31.233333428700764,31.80555550257365,32.27499996185303,35.589333152771,33.92074987411499,30.917000914389117,24.049999237060547,49.0,False,True,False,False,False,False,False,False,False,-19.15760701962361,dry,0.0,False,False,False,False,,Food Products,Packaged Foods,42.91497975708502,False,False
ITC.NS,2026-09-22,265.79998779296875,262.52083079020184,269.602776421441,273.2289990234375,287.2166123453776,299.97322143554686,263.8948709488987,255.5,406.5707952146441,False,False,False,False,False,False,False,True,False,-31.49931501155384,noise,51.538431452354914,False,False,False,False,,Diversified FMCG,Diversified FMCG,26.518218623481783,False,False
ITCHOTELS.NS,2026-09-22,158.60000610351562,155.38583501180014,161.89694425794812,163.05999938964842,162.03945343017577,168.69638877868653,156.44935330136155,136.40565982941717,238.63536652250957,False,False,False,False,False,False,False,True,False,-33.26371209810751,noise,89.42120418261119,False,True,False,False,,Leisure Services,Hotels & Resorts,23.927125506072873,False,False
ITI.NS,2026-09-22,253.25,260.70416895548504,272.3972240024143,274.41900115966797,282.23933380126954,286.45125053405764,258.72459536216064,237.0,372.8500061035156,False,False,False,False,False,False,False,False,False,-21.655065738592416,noise,55.92647643165445,False,False,False,False,,Telecom -  Equipment & Accessories,Telecom -  Equipment & Accessories,39.797570850202426,False,False
ITL.NS,2026-09-22,,,,,,,,,,False,False,False,False,False,False,False,False,False,,noise,,False,False,False,False,,Industrial Manufacturing,Industrial Products,,False,False
IVALUE.NS,2026-09-22,,,,,,,,,,False,False,False,False,False,False,False,False,False,,noise,65.09082510279384,False,False,False,False,,IT - Services,IT Enabled Services,,False,False
IVP.NS,2026-09-22,230.80999755859375,216.8383331298828,194.50388760036893,183.2156381225586,159.63526163736978,155.58183876037597,217.09704906273637,108.90937920381369,232.0,True,True,True,True,True,True,True,True,False,39.418298842743525,green,146.15718837501205,False,False,True,False,,Chemicals & Petrochemicals,Specialty Chemicals,85.95141700404858,True,True
IZMO.NS,2026-09-22,931.5499877929688,913.5874938964844,914.2347208658854,958.2490002441406,853.2956669108073,830.9559991455078,915.4402034521022,569.3499755859375,1374.699951171875,True,True,False,True,False,True,False,True,False,-11.855986250413652,ppv,146.26910395328193,False,False,False,False,,IT - Services,IT Enabled Services,50.890688259109304,False,False
J&KBANK.NS,2026-09-22,145.94000244140625,146.2658348083496,150.14500045776367,156.37100067138672,143.02820037841798,132.81435028076172,146.500633629128,97.3499984741211,201.75,True,True,True,True,False,True,False,False,False,39.95013823339275,noise,21.32978842817336,False,False,False,False,,Banks,Private Sector Bank,86.07287449392712,True,False
JKCEMENT.NS,2026-09-22,5104.0,4947.916666666667,5162.861111111111,5277.72,5325.871536458333,5405.0357983398435,4996.50422857103,4654.177313328525,6899.320588263768,False,False,False,False,False,False,False,True,False,-25.315297150747472,noise,42.33963200969166,False,False,False,False,,Cement & Cement Products,Cement & Cement Products,34.493927125506076,False,False
JKIL.NS,2026-09-22,478.0,481.93332926432294,491.88055335150824,491.2279986572266,495.24299987792966,513.6012504577636,481.4214205490765,425.0,672.0,False,False,False,False,False,False,False,False,False,-26.720832600764854,noise,96.88379072610273,False,False,False,False,,Construction,Civil Construction,32.91497975708502,False,False
JGCHEM.NS,2026-09-22,610.3499755859375,597.808339436849,597.4652786254883,564.9780017089844,449.3786680094401,423.7482508850098,602.1581977381314,298.3999938964844,675.0,True,True,True,True,True,True,True,True,False,28.833767933707133,noise,42.41255572035489,False,False,False,False,,Chemicals & Petrochemicals,Commodity Chemicals,82.34817813765181,True,True
JAGRAN.NS,2026-09-22,62.439998626708984,62.0008331934611,62.1166664759318,62.34939979553223,60.3033629099528,60.23496717453003,62.076338876423485,51.89130373947772,68.81048404363386,True,True,False,True,True,False,True,True,False,-0.8098876748751316,noise,55.09130792205925,False,False,False,False,,Media,Print Media,62.51012145748987,False,False
JAGSNPHARM.NS,2026-09-22,225.67999267578125,231.09999974568686,231.74126815795898,229.13798706054686,208.22404469807944,201.43686065673828,229.33640396379718,152.44877845211974,260.14646303072993,True,True,True,True,False,True,True,False,False,-3.5085192094858386,dry,7.814196057091715,False,False,False,False,,Pharmaceuticals & Biotechnology,Pharmaceuticals,60.2834008097166,False,False
JAIBALAJI.NS,2026-09-22,64.33000183105469,65.53500048319499,66.88777817620172,65.4512003326416,67.81406679789225,67.85490028381348,64.99676086324313,53.650001525878906,102.88999938964844,False,False,False,False,False,False,False,False,False,-35.618491783511494,noise,31.87387892855056,False,False,False,False,,Ferrous Metals,Iron & Steel,21.295546558704455,False,False
JAICORPLTD.NS,2026-09-22,94.25,94.97750155131023,98.86665195888943,100.06125564575196,106.9349607849121,110.47221656799316,94.71384256316627,87.53399287997689,172.48175223782184,False,False,False,False,False,False,False,False,False,-39.358874445869304,noise,90.45431350874537,False,False,False,False,,Industrial Products,Plastic Products - Industrial,17.36842105263158,False,False
JISLDVREQS.NS,2026-09-22,20.530000686645508,21.116666952768963,21.345555623372395,21.513000106811525,22.491600011189778,23.38140001296997,20.98748058925702,18.5,35.25,False,False,False,False,False,False,False,False,False,-39.65314400235296,noise,83.31472829998829,False,False,False,False,,Industrial Products,Plastic Products - Industrial,17.00404858299595,False,False
JISLJALEQS.NS,2026-09-22,28.93000030517578,30.19916645685832,29.197222179836697,29.522199974060058,31.45839995066325,33.24999999046326,29.85355493603749,26.110000610351562,57.70000076293945,False,False,False,False,False,False,False,False,False,-48.33005994300233,red,217.31108755515174,False,False,False,False,,Industrial Products,Plastic Products - Industrial,9.757085020242915,False,False
JAINREC.NS,2026-09-22,,,,,,,,,,False,False,False,False,False,False,False,False,False,,ppv,919.2965925577226,True,False,False,False,,Diversified Metals,Diversified Metals,,False,False
JAINAM.NS,2026-09-21,205.25,214.875,227.56666649712457,231.72699981689453,228.60000020345052,230.79650032043457,215.65059973976113,169.0,312.0,False,False,False,True,False,False,False,False,False,-31.411862990810356,red,112.78195488721805,False,False,False,False,,Ferrous Metals,Ferro & Silica Manganese,26.680161943319835,False,False
JAMNAAUTO.NS,2026-09-22,127.98999786376953,128.12653732299805,125.5513358645969,127.25277755737305,125.59869450887044,125.65514331817627,126.92447057220792,87.88870597445316,150.8288738594787,True,False,True,True,True,True,True,True,False,24.783713699196053,noise,76.90154199387352,False,False,False,False,,Auto Components,Auto Components & Equipments,81.05263157894737,True,False
JSFB.NS,2026-09-22,533.7000122070312,523.8833262125651,545.5499962700737,542.2479949951172,466.7259991455078,450.88749908447267,525.392311046531,330.0,606.9500122070312,True,True,True,True,False,True,True,True,False,15.7198608154969,green,110.40949605741785,False,False,False,False,,Banks,Other Bank,76.15384615384615,True,False
JARO.NS,2026-09-22,,,,,,,,,,False,False,False,False,False,False,False,False,False,,noise,71.90059104563441,False,False,False,False,,Other Consumer Services,E-Learning,,False,False
JASH.NS,2026-09-22,584.75,519.6855621337891,495.61209869384766,500.32190856933596,447.9188924153646,438.7482192993164,529.508187662977,325.9500949533864,603.0,True,True,False,True,True,True,True,True,False,13.911069042239465,ppv,482.4689242491334,False,False,True,False,,Industrial Manufacturing,Industrial Products,74.61538461538461,True,False
JAYBARMARU.NS,2026-09-22,110.58000183105469,114.58333333333333,124.961976369222,136.2857061767578,122.3550547281901,114.51662460327148,113.77915670868967,73.75201610137978,205.8889662970584,False,True,True,True,False,True,False,False,False,11.656838812300506,noise,53.39810108826638,False,False,False,False,,Auto Components,Auto Components & Equipments,73.03643724696356,True,False
KORE.NS,2026-09-21,171.4499969482422,156.82916641235352,151.7805550893148,154.73199935913087,134.49833338419597,137.61150012969972,162.5051284324901,85.0,212.3000030517578,True,False,False,True,True,True,True,True,False,8.719087042539897,dry,18.56612396458155,False,False,False,False,,Retailing,Diversified Retail,70.8502024291498,True,False
JAYSREETEA.NS,2026-09-22,88.75,92.31500053405762,94.04583337571886,90.55239990234375,86.96986668904623,86.57549987792969,91.43453144664524,70.55000305175781,112.69999694824219,True,True,False,True,False,False,True,False,False,-9.834400360828576,noise,20.934265961202573,False,False,False,False,,Agricultural Food & other Products,Tea & Coffee,53.11740890688259,False,False
JAYAGROGN.NS,2026-09-22,233.47000122070312,237.30166625976562,227.66754659016928,225.68001129150392,206.10249613444012,202.19154151916504,233.87272252463984,144.96388034382235,265.0,True,True,True,True,True,True,True,False,False,-1.8425629560145595,noise,55.242170273706,False,False,False,False,,Chemicals & Petrochemicals,Specialty Chemicals,61.659919028340084,False,False
JAYNECOIND.NS,2026-09-22,90.27999877929688,89.91666666666667,93.06861114501953,91.54939987182617,90.52533335367839,87.64304996490479,90.45660490763898,64.4000015258789,117.0,False,True,True,True,False,True,True,False,False,27.730614586154466,noise,23.185017470847132,False,True,False,False,,Industrial Products,Iron & Steel Products,82.18623481781377,True,False
JAYKAY.NS,2026-09-22,,,,,,,,,,False,False,False,False,False,False,False,False,False,,ppv,270.3360563630636,False,False,False,False,,Aerospace & Defense,Aerospace & Defense,,False,False
JBMA.NS,2026-09-22,593.1500244140625,604.6960296630859,626.6412404378256,638.0342260742187,626.2067297363282,616.8536865234375,602.137372805229,476.3411078671452,788.908731607289,False,True,False,True,False,False,True,False,False,-19.917690868081827,ppv,63.010259125088695,False,False,False,False,,Auto Components,Auto Components & Equipments,41.94331983805668,False,False
JSLL.NS,2026-09-22,515.4000244140625,503.97166697184247,515.8326026068794,529.5645910644531,592.4937809244792,617.4423553466797,504.6677476056259,480.82307067771427,842.0103273902025,False,False,False,False,False,False,False,True,False,-36.46328073088888,noise,95.63018125188484,False,False,False,False,,Leisure Services,Wellness,20.526315789473685,False,False
JENBURPH.NS,2026-09-22,,,,,,,,,,False,False,False,False,False,False,False,False,False,,noise,,False,False,False,True,,Pharmaceuticals & Biotechnology,Pharmaceuticals,,False,False
JETFREIGHT.NS,2026-09-22,22.149999618530273,20.5099999109904,21.665555636088055,22.104800033569337,20.680799992879233,19.835499992370604,20.992192730903845,11.899999618530273,25.950000762939453,True,True,True,True,True,True,True,True,False,63.589362488439164,green,206.4201772875581,False,False,False,False,,Transport Services,Logistics Solution Provider,91.4574898785425,True,True
JETKNIT.NS,2026-09-21,48.45000076293945,48.45000076293945,53.441667026943634,56.2970004272461,76.61533213297525,79.80949836730957,48.65191074056708,48.45000076293945,109.0,False,False,False,False,False,False,False,False,False,-55.550458015651884,dry,0.0,False,False,False,True,,Textiles & Apparels,Garments & Apparels,5.82995951417004,False,False
JFLLIFE.NS,2026-09-21,10.449999809265137,10.22083306312561,11.381944311989677,11.356999950408936,10.233454481760662,10.594340863227844,10.347042976071544,8.550000190734863,15.399999618530273,False,False,False,True,False,False,False,True,False,-22.592594005443434,dry,0.0,False,False,False,False,,Pharmaceuticals & Biotechnology,Pharmaceuticals,38.46153846153847,False,False
JHS.NS,2026-09-22,8.34000015258789,8.355833331743876,8.334999985165066,8.075199995040894,8.357933317820232,8.839749975204468,8.42077655845033,6.260000228881836,13.899999618530273,False,False,False,False,True,True,False,False,False,-25.268814815245257,noise,83.48195160459598,False,False,False,False,,Personal Products,Personal Care,34.61538461538461,False,False
RETAIL.NS,2026-09-22,17.110000610351562,17.175000031789143,17.395833333333332,17.305400047302246,19.127933349609375,20.689850006103516,17.29114859593724,15.8100004196167,39.959999084472656,False,False,False,False,False,False,False,False,False,-53.73174466697992,noise,33.77842261567409,False,False,False,False,,Retailing,Diversified Retail,6.477732793522267,False,False
JINDRILL.NS,2026-09-22,587.6500244140625,622.6750081380209,621.8214721679688,614.9454650878906,572.9161277262369,557.9485195922852,605.3367807464052,439.3905910515948,704.4000244140625,True,True,True,True,False,True,True,False,False,-2.791280870624635,noise,23.769939892770807,False,True,False,False,,Oil,Offshore Support Solution Drilling,60.76923076923077,False,False
JINDALPHOT.NS,2026-09-22,1097.199951171875,1063.1749979654949,1052.4805467393662,1060.8659936523438,1104.4163305664063,1189.3392492675782,1084.3349305284676,971.0999755859375,1616.5999755859375,False,False,False,False,True,False,False,True,False,-3.6106558809834377,dry,19.643653507188517,False,False,False,False,,Finance,Investment Company,60.24291497975709,False,False
JINDALPOLY.NS,2026-09-22,721.9000244140625,705.5541687011719,665.9611087375217,660.8019970703125,697.9903312174479,635.0214985656738,712.800634041465,365.0,1026.449951171875,True,True,True,False,True,True,False,True,False,21.654881861376964,noise,47.99276438638555,False,False,False,False,,Industrial Products,Packaging,79.75708502024291,True,False
JPOLYINVST.NS,2026-09-22,972.75,986.6833343505859,1003.6083306206597,1019.4239965820312,1085.9096643066407,1069.639496459961,982.5851308627689,852.0999755859375,1487.699951171875,False,True,False,False,False,False,False,False,False,-0.46047582501919093,dry,10.924664155617226,False,False,False,False,,Finance,Investment Company,62.793522267206484,False,False
JINDALSAW.NS,2026-09-22,286.45001220703125,300.05833689371747,289.5874998304579,281.2800006103516,242.16793395996095,224.46996925354003,294.81391974053093,151.60325107352764,320.0,True,True,True,True,True,True,True,False,False,37.51743252574169,noise,39.030579571089916,False,False,False,False,,Industrial Products,Iron & Steel Products,85.30364372469636,True,True
JSL.NS,2026-09-22,743.4500122070312,746.4916636149088,731.3536665174696,730.4915209960938,729.5120865885417,745.1990765380859,742.5071580687792,649.5262533837296,879.2203373423794,False,False,False,False,True,False,True,True,False,-5.086456466548794,red,126.97659925163052,False,False,False,False,,Ferrous Metals,Iron & Steel,58.54251012145749,False,False
JINDALSTEL.NS,2026-09-22,1141.0,1127.1833394368489,1130.4036492241753,1109.47931640625,1152.7351684570312,1132.4266955566407,1128.8152181234634,975.3534332608737,1303.865138167474,False,True,True,False,True,False,True,True,False,10.711723910515957,green,104.46326766181286,False,False,False,False,,Ferrous Metals,Iron & Steel,72.46963562753037,True,False
JINDWORLD.NS,2026-09-22,52.220001220703125,52.518333435058594,43.12111133999295,41.176200218200684,31.30140008290609,30.45075005531311,50.4717672479785,17.850000381469727,61.9900016784668,True,True,True,True,True,True,True,True,False,37.421055843955585,noise,55.37864182696439,False,False,False,False,,Textiles & Apparels,Other Textile Products,85.22267206477733,True,True
JKIPL.NS,2026-09-22,,,,,,,,,,False,False,False,False,False,False,False,False,False,,noise,20.914757351396894,False,False,False,False,,"Agricultural, Commercial & Construction Vehicles","Dealers-Commercial Vehicles, Tractors, Construction Vehicles",,False,False
JIOFIN.NS,2026-09-22,230.6999969482422,229.90833155314127,241.43761274549695,241.39645782470703,240.51246958414714,250.5151114654541,230.41550921796048,222.77828210111295,318.2546602144622,False,False,False,False,False,False,False,True,False,-26.321401086605654,noise,53.952059973817946,False,False,False,False,,Finance,Investment Company,33.522267206477736,False,False
JITFINFRA.NS,2026-09-22,282.70001220703125,290.62917073567706,311.3777787950304,324.9070013427734,320.46766642252607,309.57299995422363,288.3143147373999,222.35000610351562,433.1499938964844,False,True,False,True,False,False,False,False,False,-23.532593218114418,noise,44.55911895935537,False,False,False,False,,Other Utilities,Water Supply & Management,37.044534412955464,False,False
JIWANRAM.NS,2026-09-21,4.0,4.166666706403096,4.600000023841858,4.731000022888184,5.182000007629394,5.3307500123977665,4.141514046036005,4.0,8.0,False,False,False,False,False,False,False,False,False,-50.0,noise,42.016806722689076,False,False,False,True,,Industrial Products,Other Industrial Products,8.74493927125506,False,False
JKLAKSHMI.NS,2026-09-22,507.79998779296875,508.29166412353516,534.8208338419596,544.9894036865235,592.9602366129558,634.5455024719238,513.0078177799662,495.20001220703125,898.5533313236814,False,False,False,False,False,False,False,False,False,-42.19250606038266,noise,30.746451555117314,False,False,False,False,,Cement & Cement Products,Cement & Cement Products,15.060728744939272,False,False
JKPAPER.NS,2026-09-22,416.3999938964844,416.27083079020184,398.24393886990015,393.54955505371095,365.48852579752605,359.93151260375976,416.2777691566569,301.6864340741184,442.0,True,True,True,True,True,True,True,True,False,6.956401567872961,noise,31.333813656998526,False,False,False,False,,"Paper, Forest & Jute Products",Paper & Paper Products,69.10931174089069,False,False
JKTYRE.NS,2026-09-22,346.5,352.8500010172526,373.6541680230035,380.43108032226564,399.9738828531901,426.36650939941404,351.61601073300506,339.54998779296875,605.8045982960336,False,False,False,False,False,False,False,False,False,-7.496663957205452,noise,72.24169117657273,False,False,False,False,,Auto Components,Tyres & Rubber Products,55.465587044534416,False,False
JMFINANCIL.NS,2026-09-22,126.30999755859375,125.39250055948894,127.56111102634006,126.37480010986329,126.86364669799805,129.129411277771,125.46857961572758,110.30581750563591,177.98981701911703,False,False,False,False,False,False,False,True,False,-24.373348720833356,noise,48.773429707561704,False,False,False,False,,Finance,Holding Company,35.74898785425101,False,False
JNKINDIA.NS,2026-09-22,413.95001220703125,422.60463460286456,431.1247346666124,444.20830078125,381.91474477132164,343.6832879638672,418.175009753925,200.77367542648255,557.5936417008903,True,True,True,True,False,True,False,False,False,36.55898649885321,noise,28.999608817035387,False,False,False,False,,Industrial Manufacturing,Industrial Products,84.97975708502025,True,False
JOCIL.NS,2026-09-22,146.39999389648438,149.8349978129069,147.29586876763238,145.59071136474608,135.1010023498535,135.35421161651612,147.02234343679737,89.16107425379715,174.0,True,False,False,True,True,True,True,False,False,-4.053572964313357,noise,57.10391152100124,False,False,False,False,,Chemicals & Petrochemicals,Commodity Chemicals,59.635627530364374,False,False
COCKERILL.NS,2026-09-22,,,,,,,,,,False,False,False,False,False,False,False,False,False,,noise,38.93812288674428,False,False,False,False,,Industrial Manufacturing,Industrial Products,,False,False
JPPOWER.NS,2026-09-22,16.170000076293945,16.02333339055379,16.839722262488472,16.964000091552734,17.228333377838133,17.055900053977965,15.985011860010065,13.149999618530273,24.5,False,True,False,False,False,False,False,True,False,-12.688986627344256,red,174.19449989130294,False,False,False,False,,Power,Power Generation,49.75708502024291,False,False
JSWCEMENT.NS,2026-09-22,116.69999694824219,118.59833272298177,124.72611067030165,127.89999908447265,126.26786758422851,124.28270114898682,118.18643939755684,106.25579106571017,150.84036564780953,False,True,False,True,False,False,True,False,False,-21.61873652254538,green,209.3968811267564,False,True,False,False,,Cement & Cement Products,Cement & Cement Products,39.83805668016194,False,False
JSWDULUX.NS,2026-09-22,3137.10009765625,3152.0750122070312,3119.4138929578994,3077.87,3005.3900618489583,3023.087039794922,3143.1779222330747,2626.091386571249,3687.5560372755367,True,False,False,True,True,False,True,False,False,-5.595317485687657,red,144.01921537229785,False,False,False,False,,Consumer Durables,Paints,57.97570850202429,False,False
JSWENERGY.NS,2026-09-22,518.0,521.4458363850912,540.0458340115017,543.7550036621094,537.9599890136719,522.9782868957519,520.3234998762434,426.30011443485296,615.2574202859911,False,True,False,True,False,False,True,False,False,-4.270794077879736,noise,58.42740041073861,False,True,False,False,,Power,Power Generation,59.473684210526315,False,False
JSWHL.NS,2026-09-22,11219.0,11275.083333333334,11575.861111111111,11426.98,12763.746666666666,14284.465,11256.878382365834,10530.0,22790.0,False,False,False,False,False,False,False,False,False,-39.37969416977361,noise,55.84301115636043,False,False,False,False,,Finance,Investment Company,17.327935222672064,False,False
JSWINFRA.NS,2026-09-22,367.6000061035156,339.7083333333333,337.7180574205187,335.27700073242187,296.5610202026367,289.5856920623779,343.70547219025883,232.71809982894663,375.5,True,True,True,True,True,True,True,True,False,8.876039848095285,ppv,492.3232433627951,True,False,True,False,,Transport Infrastructure,Port & Port services,71.01214574898785,True,True
JSWSTEEL.NS,2026-09-22,1267.0,1273.8333333333333,1293.566667344835,1282.6740063476564,1250.064502766927,1228.276469116211,1271.0611450005385,1067.0708089952848,1351.0,True,True,True,True,False,False,True,False,False,14.080348816057665,noise,53.74206997610018,False,False,False,False,,Ferrous Metals,Iron & Steel,74.81781376518218,True,False
JTEKTINDIA.NS,2026-09-22,116.48999786376953,118.98750114440918,126.8567754957411,129.13338897705077,131.26682490030925,134.0910436630249,118.44321174112969,114.81999969482422,186.9514017866663,False,False,False,False,False,False,False,False,False,-35.663225641710625,noise,32.780634191192355,False,True,False,False,,Auto Components,Auto Components & Equipments,21.214574898785425,False,False
JTLIND.NS,2026-09-22,89.20999908447266,87.79272524515788,82.87379052903917,80.44750030517578,72.08945037841796,70.23045658111572,87.66768714197384,40.19384819281051,93.86886160930845,True,True,True,True,True,True,True,True,False,18.292688725366467,noise,42.808592424291525,False,False,False,False,,Industrial Products,Iron & Steel Products,77.7327935222672,True,True
JUBLCPL.NS,2026-09-22,2099.10009765625,2117.858357747396,2115.619455973307,2054.94400390625,1894.6653336588543,1965.4170013427733,2101.3123239834863,1460.0,2753.10009765625,True,False,False,True,True,True,True,False,False,-19.762240766826068,noise,27.540784832451497,False,True,False,False,,Chemicals & Petrochemicals,Specialty Chemicals,42.26720647773279,False,False
JUBLFOOD.NS,2026-09-22,491.1000061035156,478.4499994913737,488.5611106024848,472.0206646728516,459.8808176676432,479.4806541442871,483.41540923205844,407.64069289260294,633.1992004085787,True,False,False,False,True,False,True,True,False,-20.922179204007307,noise,77.89413093121667,False,True,False,False,,Leisure Services,Restaurants,40.64777327935223,False,False
JUBLINGREA.NS,2026-09-22,617.5999755859375,647.6875,693.2874976264106,706.4034387207031,665.8504634602865,667.5619708251953,640.3527399708543,535.497064674972,792.3323631991859,False,False,False,True,False,False,True,False,False,-9.246642117202075,noise,54.21684023783955,False,False,False,False,,Chemicals & Petrochemicals,Specialty Chemicals,53.92712550607287,False,False
JUBLPHARMA.NS,2026-09-22,1070.8499755859375,1021.2624918619791,940.7805548773872,952.2144421386719,932.5989286295572,953.1629608154296,1024.379034141667,782.0015188448107,1178.6978642896322,True,False,False,False,True,True,True,True,False,-2.1637960666121114,noise,66.5208641663545,False,True,False,False,,Pharmaceuticals & Biotechnology,Pharmaceuticals,61.17408906882591,False,False
JMA.NS,2026-09-22,90.81999969482422,91.20916748046875,89.40679020351834,88.25724700927735,85.72720342000325,83.13860664367675,90.68227481066953,67.88733492459089,103.69999694824219,True,True,True,True,True,True,True,True,False,-0.5809901913588655,noise,63.66067623599471,False,False,False,False,,Auto Components,Trading - Auto components,62.712550607287454,False,False
JNPR.NS,2026-09-22,,,,,,,,,,False,False,False,False,False,False,False,False,False,,noise,,False,True,False,False,,Power,Power Generation,,False,False
JUNIPER.NS,2026-09-22,222.8000030517578,219.06416702270508,209.48333316379123,205.58839996337892,204.63633341471353,214.61575012207032,219.6183538140872,188.5,309.0,True,False,False,False,True,False,False,True,False,-25.29756813017341,noise,41.739050594959984,False,False,False,False,,Leisure Services,Hotels & Resorts,34.53441295546559,False,False
JLHL.NS,2026-09-22,274.79998779296875,279.21666208902997,298.74305470784503,304.33499938964843,275.3340398152669,273.5285000610352,279.29375233518846,235.42042234373233,340.0,False,True,False,True,False,False,True,False,False,-6.965629551811903,noise,30.39010525306882,False,True,False,False,,Healthcare Services,Hospital,56.19433198380567,False,False
JWL.NS,2026-09-22,228.6300048828125,235.58500035603842,245.77861150105795,247.7956005859375,265.5092673746745,275.28720054626467,233.145448409831,225.64999389648438,358.25,False,False,False,False,False,False,False,False,False,-31.527400700195173,noise,72.89855830475149,False,False,False,False,,Industrial Manufacturing,Railway Wagons,26.437246963562757,False,False
JUSTDIAL.NS,2026-09-22,682.5999755859375,676.2666625976562,679.7041642930773,697.4159997558594,594.1186671956381,620.744249420166,676.8318073928499,480.5,878.5999755859375,True,False,False,True,False,True,True,True,False,-18.57816002095588,dry,11.473298805965518,False,False,False,False,,Retailing,Internet & Catalogue Retail,43.60323886639676,False,False
JYOTHYLAB.NS,2026-09-22,193.97000122070312,194.64500045776367,202.0988883972168,201.89780029296875,212.56188466389975,224.28051055908202,195.39042044044047,188.10000610351562,319.32386836316425,False,False,False,False,False,False,False,False,False,-38.823081337273955,dry,18.494286477389874,False,False,False,False,,Household Products,Household Products,18.016194331983808,False,False
JYOTICNC.NS,2026-09-22,1084.300048828125,1016.5541636149088,953.8666687011719,912.3940014648438,796.9786686197916,823.473501586914,1030.3984359086255,580.0999755859375,1134.5999755859375,True,False,False,True,True,True,True,True,False,15.689522414310474,noise,85.48009281355039,False,True,False,False,,Industrial Manufacturing,Industrial Products,76.07287449392712,True,False
JYOTIRES.NS,2026-09-22,,,,,,,,,,False,False,False,False,False,False,False,False,False,,noise,,False,False,False,False,,Chemicals & Petrochemicals,Specialty Chemicals,,False,False
JYOTISTRUC.NS,2026-09-22,9.1899995803833,9.576666514078775,10.33305549621582,10.530399951934815,11.533466650644938,11.099700009822845,9.403426579467801,7.940000057220459,16.8799991607666,False,True,False,False,False,False,False,False,False,-44.16767866620006,noise,56.03622634533196,False,False,False,False,,Electrical Equipment,Heavy Electrical Equipment,13.238866396761134,False,False
KCP.NS,2026-09-22,157.39999389648438,160.73249944051108,160.56968434651694,161.8422998046875,161.0003938293457,164.5798091506958,160.41726797399616,124.2062787245037,206.48053010525658,False,False,False,False,False,False,True,False,False,-22.649621742701054,noise,63.30898383091321,False,False,False,False,,Cement & Cement Products,Cement & Cement Products,38.340080971659916,False,False
KPRMILL.NS,2026-09-22,1120.800048828125,1130.933349609375,1122.036109076606,1110.565458984375,1011.4521736653646,987.0368014526367,1126.0722614566118,794.3546009216013,1331.0754095910231,True,True,True,True,True,True,True,False,False,-0.6220542206322621,noise,38.73675419290642,False,False,False,False,,Textiles & Apparels,Other Textile Products,62.67206477732794,False,False
KPEL.NS,2026-09-22,230.94000244140625,222.92142613728842,249.9984334309896,267.2568725585937,307.3022806803385,311.43472091674806,224.43824709744382,206.29777496988675,462.15116270576704,False,False,False,False,False,False,False,True,False,-46.30269108778206,red,138.20157929202225,False,False,False,False,,Power,Power Generation,11.17408906882591,False,False
K2INFRA.NS,2026-09-21,43.849998474121094,46.19166660308838,49.81944444444444,51.91699981689453,53.721999893188475,56.279749965667726,45.494355925620134,40.79999923706055,82.80000305175781,False,False,False,False,False,False,False,False,False,-43.272966697348735,noise,55.47337278106509,False,True,False,False,,Construction,Civil Construction,14.048582995951417,False,False
KABRAEXTRU.NS,2026-09-22,666.25,670.2833302815756,580.0083329942491,520.3619989013672,333.7724661254883,305.75299949645995,659.8331885373564,180.0,741.9000244140625,True,True,True,True,True,True,True,True,False,146.8506910213303,noise,25.244153458359087,False,True,False,False,,Industrial Manufacturing,Industrial Products,97.85425101214575,True,True
KAJARIACER.NS,2026-09-22,1183.5999755859375,1216.0075988769531,1214.4402838812935,1214.8400927734374,1119.7753531901042,1084.6560119628907,1207.9575640252974,865.2617122743181,1278.9527251914608,True,True,True,True,False,True,True,False,False,-0.6356578994697659,noise,50.60094749274241,False,False,False,False,,Consumer Durables,Ceramics,62.63157894736842,False,False
KAKATCEM.NS,2026-09-22,109.75,109.3441670735677,112.33888880411784,113.73577087402344,114.39326578776041,115.86483459472656,109.41062945771058,82.91615351187981,161.49140760210366,False,False,False,False,False,True,False,True,False,-27.27798483940207,noise,74.41340457660588,False,False,False,False,,Cement & Cement Products,Cement & Cement Products,32.388663967611336,False,False
KALPATARU.NS,2026-09-22,268.3999938964844,267.2833315531413,277.61527803209094,277.7370004272461,303.7676665242513,313.57299964904786,267.5149668461256,250.0,410.70001220703125,False,False,False,False,False,False,False,True,False,-31.84357485618068,dry,13.804770554972508,False,False,False,False,,Realty,"Residential, Commercial Projects",25.991902834008094,False,False
KPIL.NS,2026-09-22,1400.0999755859375,1415.7416585286458,1386.1805487738716,1362.7299951171874,1273.1868294270832,1238.5260583496095,1414.606714451767,999.0966928066694,1468.0,True,True,True,True,True,True,True,False,False,11.214778190901132,noise,53.06094418932101,False,False,False,False,,Construction,Civil Construction,72.83400809716599,True,True
KALYANKJIL.NS,2026-09-22,583.0999755859375,594.3199818929037,596.9431745741102,593.6923449707032,457.65356302897135,455.3166160583496,589.1668396420083,325.72095783386743,646.3128397837881,True,True,True,True,False,True,True,False,False,15.879108626346694,noise,21.05727775125845,False,False,False,False,,Consumer Durables,"Gems, Jewellery And Watches",76.2753036437247,True,False
KALYANI.NS,2026-09-21,144.99000549316406,144.99000549316406,141.34833399454752,140.4359994506836,138.8719973754883,138.67649711608885,144.76234027816906,138.08999633789062,144.99000549316406,True,True,False,True,True,False,True,True,False,4.9967480181474455,dry,0.0,False,False,True,False,,"Agricultural, Commercial & Construction Vehicles","Dealers-Commercial Vehicles, Tractors, Construction Vehicles",67.61133603238866,False,False
KALYANIFRG.NS,2026-09-22,927.25,992.0250142415365,812.3564520941841,754.0607824707031,653.7525077311197,644.2785076904297,969.1291472989609,520.5692625270821,1192.25,True,True,True,True,True,True,True,False,False,34.707655382879096,noise,28.133700924222005,False,False,False,False,,Industrial Products,Castings & Forgings,84.49392712550608,True,True
KICL.NS,2026-09-22,5005.5,5008.791666666667,5224.379258897569,5284.6978125,5024.461240234375,4979.60404296875,4990.115739227379,4003.6525985054345,6542.89237718979,False,True,False,True,False,False,True,True,False,1.9763261057446746,green,117.4496644295302,False,False,False,False,,Finance,Investment Company,65.18218623481782,False,False
KSL.NS,2026-09-22,959.1500244140625,948.0833384195963,900.1055586073134,897.0559997558594,813.4724938964844,789.4282006835938,948.7128331658434,567.4828239516848,1002.7999877929688,True,True,True,True,True,True,True,True,False,19.353542411532267,noise,53.38572597537633,False,True,False,False,,Industrial Products,Iron & Steel Products,78.42105263157895,True,True
KAMAHOLD.NS,2026-09-22,,,,,,,,,,False,False,False,False,False,False,False,False,False,,noise,,False,False,False,True,,Finance,Holding Company,,False,False
KAMANWALA.NS,2026-09-22,,,,,,,,,,False,False,False,False,False,False,False,False,False,,noise,,False,True,False,False,,Realty,"Residential, Commercial Projects",,False,False
KAMATHOTEL.NS,2026-09-22,237.0500030517578,225.07833353678384,208.19472164577908,198.1943994140625,182.720466410319,192.6349496459961,226.44984914413448,140.1999969482422,329.79998779296875,True,False,False,True,True,True,False,True,False,-23.765880769951742,noise,84.62528201049692,False,False,False,False,,Leisure Services,Hotels & Resorts,36.72064777327935,False,False
KAMDHENU.NS,2026-09-22,41.5099983215332,39.625390688578285,36.3789251115587,35.66116302490234,28.101708755493163,26.81705244064331,39.881308149535585,15.9864550705264,43.70000076293945,True,True,True,True,True,True,True,True,False,44.40307546680433,red,216.41879977069652,False,False,False,False,,Industrial Products,Iron & Steel Products,87.4493927125506,True,True
KAMOPAINTS.NS,2026-09-22,4.260000228881836,4.354999979337056,4.465000006887648,4.494200019836426,4.818266684214274,5.150550014972687,4.340021832460489,3.5999999046325684,9.289999961853027,False,False,False,False,False,False,False,False,False,-53.493446508240126,red,159.09061628013458,False,False,False,False,,Consumer Durables,Paints,6.6396761133603235,False,False
KANANIIND.NS,2026-09-22,1.4199999570846558,1.467499981323878,1.4908333255185022,1.4937999939918518,1.5165333263079326,1.550849996805191,1.447575138586331,1.0199999809265137,2.0999999046325684,False,False,False,False,False,True,False,False,False,-27.91878495116473,noise,75.91845725420589,False,False,False,False,,Consumer Durables,"Gems, Jewellery And Watches",31.497975708502025,False,False
KANCHI.NS,2026-09-22,,,,,,,,,,False,False,False,False,False,False,False,False,False,,noise,,False,False,False,False,,Chemicals & Petrochemicals,Commodity Chemicals,,False,False
KANCOTEA.NS,2026-09-22,,,,,,,,,,False,False,False,False,False,False,False,False,False,,noise,,False,False,True,False,,Agricultural Food & other Products,Tea & Coffee,,False,False
KANDARP.NS,2026-09-21,73.9000015258789,79.83333396911621,93.45138910081651,94.51699996948243,122.48699971516928,127.23849956512451,76.88418267727265,67.05000305175781,169.0,False,False,False,False,False,False,False,False,False,-38.133107229881425,dry,6.87757909215956,False,False,False,False,,Commercial Services & Supplies,Business Process Outsourcing (BPO)/ Knowledge Process Outsourcing (KPO),18.74493927125506,False,False
KANORICHEM.NS,2026-09-22,173.57000732421875,173.67250061035156,160.7269435458713,157.24119934082032,112.36359992980957,102.70315004348755,175.58263841954414,56.0,191.4499969482422,True,True,True,True,True,True,True,False,False,110.15863303118749,noise,92.69416505984331,False,False,False,False,,Industrial Manufacturing,Industrial Products,96.3157894736842,True,True
KANPRPLA.NS,2026-09-22,266.75,254.4791692097982,249.83250045776367,237.9183871459961,206.45222178141276,200.99227272033693,257.21252144266845,150.37373809003816,283.1400146484375,True,True,True,True,True,True,True,True,False,19.01366486300724,noise,52.1155799091241,False,False,False,False,,Industrial Products,Packaging,78.17813765182187,True,True
KANSAINER.NS,2026-09-22,180.97999572753906,187.20333353678384,197.6105554368761,198.22059967041017,198.7347725423177,204.98916328430175,185.73520902492177,156.051448925647,260.8927950067185,False,False,False,False,False,False,False,False,False,-27.685903552386492,noise,41.731938055042924,False,False,False,False,,Consumer Durables,Paints,31.86234817813765,False,False
KAPSTON.NS,2026-09-22,570.5499877929688,576.0291697184244,554.3958367241753,524.2160034179688,396.14188985188804,381.87266693115237,574.3046432618482,244.17999267578125,600.0,True,True,True,True,True,True,True,False,False,131.92146682362318,red,128.53637013115028,False,False,False,False,,Commercial Services & Supplies,Diversified Commercial Services,97.20647773279352,True,True
KARMAENG.NS,2026-09-22,40.099998474121094,38.79750029246012,38.88666672176785,38.65240013122558,41.96959999084473,43.12394998550415,39.45586219565699,34.380001068115234,73.69999694824219,False,False,False,False,True,False,False,True,False,-24.268181498898635,noise,42.985082275967216,False,False,False,False,,Power,Power Generation,36.072874493927124,False,False
KTKBANK.NS,2026-09-22,331.5,321.64876047770184,317.8358645968967,306.0802923583984,264.9876857503255,247.19588119506835,321.04761140805715,167.3874286313754,340.5841746417806,True,True,True,True,True,True,True,True,False,93.25756099904194,green,113.83745331163155,False,False,False,False,,Banks,Private Sector Bank,95.06072874493927,True,True
KARNIKA.NS,2026-09-21,117.0,119.08333333333333,117.00138897365994,117.21300018310546,123.51466684977214,122.71350009918213,118.61156512086583,90.25,188.86874389648438,False,True,False,False,False,False,False,False,False,-36.71280499581536,noise,88.06613946800863,False,False,False,False,,Textiles & Apparels,Garments & Apparels,20.12145748987854,False,False
KARURVYSYA.NS,2026-09-22,320.1499938964844,332.9624964396159,337.7666659884983,335.33876647949216,306.17998189290364,297.99020721435545,330.90821747364384,203.21947309421242,358.6499938964844,True,True,True,True,False,True,True,False,False,51.5808949560693,noise,54.49638272493341,False,False,False,False,,Banks,Private Sector Bank,89.35222672064778,True,False
KLL.NS,2026-09-21,36.79999923706055,26.137499809265137,24.00416660308838,25.43099998474121,33.874000040690106,36.90125005722046,27.864941843258308,21.0,70.44999694824219,False,False,False,False,True,True,False,True,False,-46.666667772376016,ppv,954.4419134396355,True,False,False,False,,Retailing,E-Retail/ E-Commerce,10.931174089068826,False,False
KAUSHALYA.NS,2026-09-22,868.75,848.6541646321615,882.6305558946398,890.1380004882812,878.8199987792968,876.5507485961914,851.2286358540763,750.0,1435.949951171875,False,True,False,True,False,False,False,True,False,-30.11422918011779,noise,68.87807552600918,False,False,False,False,,Leisure Services,Hotels & Resorts,28.218623481781375,False,False
KSCL.NS,2026-09-22,699.7000122070312,710.9166615804037,751.3083275689019,772.5629968261719,841.2313309733073,860.4439978027344,710.1631885357556,685.0,1181.800711577966,False,False,False,False,False,False,False,False,False,-40.658857893103296,noise,38.95781968314707,False,False,False,False,,Agricultural Food & other Products,Other Agricultural Products,16.356275303643724,False,False
KAVDEFENCE.NS,2026-09-22,78.66999816894531,71.27333354949951,62.28083356221517,61.03140029907227,62.23613352457682,64.37025018692016,72.25133515846765,51.5099983215332,162.8699951171875,True,False,False,False,True,True,False,True,False,-32.05216876974727,green,114.69053916375304,False,False,False,False,,Aerospace & Defense,Aerospace & Defense,25.789473684210527,False,False
KCEIL.NS,2026-09-21,79.9000015258789,77.17083358764648,80.51805559794109,83.24100006103515,101.02433339436848,110.69549995422364,77.3014707092069,74.0,260.29998779296875,False,False,False,False,False,False,False,True,False,-66.10816478223589,green,204.08163265306123,False,False,False,False,,Construction,Civil Construction,2.388663967611336,False,False
KAYA.NS,2026-09-22,338.3500061035156,337.1374994913737,324.90833536783856,307.47800079345706,280.7111333211263,302.02334999084474,333.6438987273734,224.00999450683594,487.8999938964844,True,False,False,True,True,True,False,True,False,-19.73668226751657,dry,9.359822481918576,False,False,False,False,,Leisure Services,Wellness,42.42914979757085,False,False
KAYNES.NS,2026-09-22,3455.0,3521.25,3693.355563693576,3613.42201171875,3605.918671875,3664.827005615234,3527.5211697236655,2995.0,7705.0,False,False,False,False,False,False,False,False,False,-51.22467706642196,red,242.13645195301615,False,False,False,False,,Industrial Manufacturing,Industrial Products,8.016194331983806,False,False
KCK.NS,2026-09-21,14.0,14.762499888737997,15.401388804117838,15.818999900817872,15.928333320617675,18.443749990463257,14.59594313304583,11.600000381469727,46.900001525878906,False,False,False,False,False,False,False,False,False,-63.1578947368421,noise,45.19309778142975,False,False,False,False,,Agricultural Food & other Products,Other Agricultural Products,2.9554655870445345,False,False
KCPSUGIND.NS,2026-09-22,28.950000762939453,30.377155780792236,31.273072666592068,29.904741287231445,25.79060333251953,25.495225505828856,29.859457774762824,21.37572816515976,36.34372093196732,True,True,True,True,False,True,True,False,False,-11.941225218392827,dry,9.206209151056605,False,True,False,False,,Agricultural Food & other Products,Sugar,50.72874493927125,False,False
KDGREEN.NS,2026-09-22,,,,,,,,,,False,False,False,False,False,False,False,False,False,,noise,,False,True,False,False,,Consumer Durables,"Gems, Jewellery And Watches",,False,False
KDDL.NS,2026-09-22,3973.10009765625,3899.1384887695312,3876.9014350043403,3679.479609375,2945.8977750651043,2792.479991455078,3903.7063206491175,1986.0118447969367,4147.172141618966,True,True,True,True,True,True,True,True,False,55.33511056606508,noise,74.74798276695799,False,False,False,False,,Consumer Durables,"Gems, Jewellery And Watches",90.08097165991903,True,True
KEC.NS,2026-09-22,391.54998779296875,402.69166564941406,425.4046156141493,439.27537353515623,501.26738423665364,543.5503959655762,402.63276234473034,389.1499938964844,927.0025895267679,False,False,False,False,False,False,False,False,False,-54.267664783737615,red,141.17002888418045,False,False,False,True,,Construction,Civil Construction,6.396761133603239,False,False
KEI.NS,2026-09-22,4575.0,4604.5,5243.994439019098,5157.7819921875,5003.749345703125,4824.627325439453,4655.939793328508,3724.290243524651,5899.0,False,True,True,True,False,False,True,False,False,10.868394544095494,noise,35.334503749883176,False,False,False,False,,Industrial Products,Cables - Electricals,72.63157894736842,True,False
KELLTONTEC.NS,2026-09-22,13.699999809265137,13.644166549046835,13.840277698304918,14.001799983978271,15.35160001118978,15.85574999332428,13.68004835175084,13.0,26.559999465942383,False,False,False,False,False,False,False,True,False,-47.00193575592431,noise,32.104780784163054,False,True,False,False,,IT - Services,IT Enabled Services,10.76923076923077,False,False
KENNAMET.NS,2026-09-22,,,,,,,,,,False,False,False,False,False,False,False,False,False,,noise,79.77244450134219,False,False,False,False,,Industrial Manufacturing,Industrial Products,,False,False
KERNEX.NS,2026-09-22,1744.699951171875,1722.9416605631511,1914.5472276475693,1994.406005859375,1641.582999267578,1527.4427502441406,1734.2613686588684,850.0,2580.0,True,True,True,True,False,True,False,True,False,59.15891524230881,noise,36.10928303656357,False,True,False,False,,Transport Services,Transport Related Services,90.72874493927125,True,False
KESORAMIND.NS,2026-09-22,11.350000381469727,11.836666663487753,11.816388924916586,11.793000030517579,10.93420002301534,10.739000005722046,11.801602353269232,4.550000190734863,14.260000228881836,True,True,True,True,False,True,True,False,True,88.2255387488695,noise,78.86626487770721,False,False,False,False,,Cement & Cement Products,Cement & Cement Products,94.53441295546558,True,False
KKCL.NS,2026-09-22,484.79998779296875,495.10416412353516,509.56388685438367,507.68199829101565,481.93122436523436,481.64076583862305,492.011906582508,406.5753271266498,590.1599224193676,True,True,False,True,False,False,True,False,False,-13.490982403071161,noise,62.654296365451415,False,False,False,False,,Textiles & Apparels,Garments & Apparels,48.825910931174086,False,False
KEYFINSERV.NS,2026-09-22,240.0500030517578,244.1670061747233,251.93857447306314,254.05175811767577,262.49195841471357,271.41887115478517,244.1667025681156,219.10551108828793,380.5464326464425,False,False,False,False,False,False,False,False,False,-4.315199268967184,noise,25.05856076700986,False,False,False,False,,Capital Markets,Stockbroking & Allied,59.4331983805668,False,False
RUSTOMJEE.NS,2026-09-22,363.54998779296875,350.6416702270508,368.7263895670573,379.60900024414065,394.9276670328776,423.92700088500976,353.63443262924477,331.8999938964844,634.0,False,False,False,False,False,False,False,True,False,-39.408335367838546,dry,16.91092928320211,False,False,False,False,,Realty,"Residential, Commercial Projects",17.28744939271255,False,False
KFINTECH.NS,2026-09-22,898.0,904.1749979654948,933.3430565728081,926.5080017089844,900.5204772949219,932.7259866333007,905.7973596544847,774.4636355142945,1198.7685004367224,False,False,False,False,False,False,False,False,False,-16.796864970961423,noise,55.19652699198184,False,False,False,False,,Capital Markets,"Depositories, Clearing Houses and Other Intermediaries",45.38461538461539,False,False
KHADIM.NS,2026-09-22,125.44000244140625,121.9541670481364,108.59305572509766,105.09859970092774,105.18746653238932,121.06579986572265,122.77882121210698,77.47000122070312,295.79998779296875,True,False,False,False,True,True,False,True,False,-56.476178425286136,dry,12.803484485313762,False,False,False,False,,Consumer Durables,Footwear,5.384615384615385,False,False
KHAITANLTD.NS,2026-09-22,151.82000732421875,157.22499974568686,151.6069450378418,145.29440048217774,127.62486668904623,120.40775009155273,154.0838508789556,85.0,178.0,True,True,True,True,True,True,True,False,False,18.581589292937515,dry,11.14064523805017,False,True,False,False,,Consumer Durables,Consumer Electronics,77.93522267206477,True,True
KHAICHEM.NS,2026-09-22,50.02000045776367,51.79333337148031,53.375000105963814,51.993000183105465,54.018301798502605,58.547292728424075,51.18022798821724,42.878665105215774,134.96990568854397,False,False,False,False,False,False,False,False,False,-60.816859010781045,noise,40.07961393969131,False,True,False,False,,Fertilizers & Agrochemicals,Fertilizers,3.562753036437247,False,False
KHANDSE.NS,2026-09-22,17.90999984741211,17.65500005086263,17.443333254920113,17.419399948120116,17.20519992828369,18.01894995689392,17.6156856376299,12.199999809265137,26.8799991607666,False,False,False,False,True,True,False,True,False,-26.897959806481186,noise,43.6203121198429,False,False,False,False,,Capital Markets,Stockbroking & Allied,32.83400809716599,False,False
KHFM.NS,2026-09-21,40.45000076293945,43.78750038146973,46.350000593397354,46.75400047302246,54.514000244140625,57.922000102996826,43.28209670274011,40.0,82.94999694824219,False,False,False,False,False,False,False,False,False,-44.58904005076787,noise,88.88888888888889,False,False,False,True,,Commercial Services & Supplies,Diversified Commercial Services,12.753036437246964,False,False
KLBRENG-B.NS,2026-09-22,,,,,,,,,,False,False,False,False,False,False,False,False,False,,ppv,,False,False,True,False,,Industrial Manufacturing,Industrial Products,,False,False
KILITCH.NS,2026-09-22,211.07000732421875,190.61083475748697,182.06333499484592,181.9178009033203,170.35606699625652,170.23030044555665,193.001816866932,117.25,219.5,True,True,False,True,True,True,True,True,False,16.020340131130382,ppv,90.10814107742465,False,False,True,False,,Pharmaceuticals & Biotechnology,Pharmaceuticals,76.35627530364373,True,False
KINGFA.NS,2026-09-22,6168.5,6018.576090494792,5864.502956814236,5644.604833984375,5047.5612109375,4830.679367675782,5993.495331155611,3637.3743038122066,6325.218814607588,True,True,True,True,True,True,True,True,False,37.99753675075031,green,127.30106976688838,False,False,False,False,,Industrial Products,Plastic Products - Industrial,85.50607287449394,True,True
KIOCL.NS,2026-09-22,342.54998779296875,353.0499979654948,375.4930538601345,372.44699829101563,373.07833272298177,370.35324920654296,348.5543060110895,290.6499938964844,634.5499877929688,False,True,False,False,False,False,False,False,False,-18.93267123680442,noise,43.86336899752693,False,False,False,False,,Ferrous Metals,Sponge Iron,43.15789473684211,False,False
KIRANVYPAR.NS,2026-09-22,,,,,,,,,,False,False,False,False,False,False,False,False,False,,noise,,False,False,True,False,,Finance,Non Banking Financial Company (NBFC),,False,False
KIRIINDUS.NS,2026-09-22,540.5,541.7749938964844,491.95555623372394,468.20799926757815,423.1876668294271,450.57449966430664,534.6474324879113,333.79998779296875,779.0,True,False,False,True,True,True,False,True,False,-10.036616015003597,noise,48.46844925636282,False,True,False,False,,Chemicals & Petrochemicals,Dyes And Pigments,52.91497975708502,False,False
KIRLOSBROS.NS,2026-09-22,1775.300048828125,1794.116678873698,1873.808332655165,1871.8018310546875,1744.0148120117187,1704.8165100097656,1792.970212625633,1329.942047366491,2180.905610301624,True,True,True,True,False,True,True,False,False,-11.692183466905925,noise,35.972097980320086,False,False,False,False,,Industrial Products,"Compressors, Pumps & Diesel Engines",51.1336032388664,False,False
KECL.NS,2026-09-22,121.20999908447266,122.08499972025554,131.7136107550727,130.82659942626952,114.8101335144043,109.74910015106201,121.96147086527978,75.47000122070312,155.0,True,True,True,True,False,True,True,False,False,1.5584420897624573,noise,67.36143264131343,False,False,False,False,,Electrical Equipment,Other Electrical Equipment,64.81781376518218,False,False
KIRLFER.NS,2026-09-22,,,,,,,,,,False,False,False,False,False,False,False,False,False,,noise,67.19786035795772,False,False,False,False,,Ferrous Metals,Pig Iron,,False,False
KIRLPNU.NS,2026-09-22,706.7999877929688,719.7625071207682,732.562501695421,750.1990014648437,729.6927726236979,681.599501953125,712.553182924187,491.28502367158194,1093.5391904117103,False,True,True,True,False,True,False,False,False,13.193984758385092,noise,25.331643256693514,False,False,False,False,,Industrial Products,"Compressors, Pumps & Diesel Engines",74.0080971659919,True,False
KIRLOSIND.NS,2026-09-22,3667.199951171875,3727.8500366210938,3741.2540418836807,3764.5550537109375,3396.904093424479,3337.4778173828126,3728.4033176187822,2454.5104273251077,4559.03089925217,True,True,False,True,False,True,True,False,False,-12.926883362487452,noise,38.52091951243617,False,False,False,False,,Industrial Products,Iron & Steel Products,49.4331983805668,False,False
KIRLOSENG.NS,2026-09-22,2165.0,2156.1583557128906,2139.7111070421006,2164.717099609375,1882.195214029948,1711.5561120605469,2142.0779503826875,862.2056409078928,2714.2611782271474,True,True,True,True,True,True,True,True,False,125.30427614550477,noise,55.28340083616532,False,True,False,False,,Industrial Products,"Compressors, Pumps & Diesel Engines",97.00404858299595,True,True
KITEX.NS,2026-09-22,119.4800033569336,122.38943417867024,128.74720446268717,133.91635818481444,153.38836349487303,160.15502285003663,120.77665085579926,116.0,231.73507903347866,False,False,False,False,False,False,False,False,False,-45.51924954976493,ppv,174.3966853444536,False,False,False,False,,Textiles & Apparels,Garments & Apparels,11.902834008097166,False,False
KKVAPOW.NS,2026-09-21,355.0,363.78333282470703,402.44583299424914,431.1949987792969,548.1589978027343,570.8839990234375,363.90421647629256,350.3999938964844,693.0,False,False,False,False,False,False,False,False,False,-34.14839458746793,red,800.0,False,False,False,False,,Consumer Durables,"Gems, Jewellery And Watches",22.83400809716599,False,False
KMSUGAR.NS,2026-09-22,28.850000381469727,29.495000044504803,30.24166663487752,29.670599975585937,27.920000012715658,27.43984998703003,29.298810872432114,23.299999237060547,36.5,True,True,True,True,False,False,True,False,False,1.9434669937691051,noise,34.26638537504092,False,False,False,False,,Agricultural Food & other Products,Sugar,65.1417004048583,False,False
KMCSHIL.NS,2026-09-22,,,,,,,,,,False,False,False,False,False,False,False,False,False,,noise,,False,False,False,False,,Healthcare Services,Hospital,,False,False
KNAGRI.NS,2026-09-22,203.9499969482422,197.2875010172526,207.32333374023438,207.02540069580078,198.2169341023763,195.020750579834,199.3862995756862,148.3000030517578,244.0,True,True,False,True,False,True,True,True,False,-4.023530847886025,dry,14.302311253498564,False,False,False,False,,Agricultural Food & other Products,Edible Oil,59.716599190283404,False,False
KNACK.NS,2026-09-22,,,,,,,,,,False,False,False,False,False,False,False,False,False,,noise,28.974262428853,False,True,False,False,,Industrial Products,Packaging,,False,False
KMEW.NS,2026-09-22,2976.699951171875,2881.1416829427085,2799.300001356337,2705.2920068359376,2153.9273282877602,2055.057994995117,2881.2582878782123,1084.5999755859375,3175.0,True,True,True,True,True,True,True,True,False,134.51507418754915,green,173.2646898546687,False,True,False,False,,Engineering Services,Dredging,97.32793522267207,True,True
KNRCON.NS,2026-09-22,120.04000091552734,122.46392186482747,126.46557998657227,125.25923370361328,126.43427062988282,132.03418006896973,122.18299937501752,108.43384507627295,213.57424392742635,False,False,False,False,False,False,False,False,False,-42.644940891843895,noise,85.78200422899936,False,False,False,False,,Construction,Civil Construction,14.5748987854251,False,False
KODYTECH.NS,2026-09-21,1516.050048828125,1500.625,1445.15138414171,1400.868994140625,1035.2603304036459,996.4119976806641,1487.5068479632757,556.0499877929688,1596.0,True,True,True,True,True,True,True,True,False,112.64464869493321,noise,28.473804100227788,False,False,False,False,,IT - Software,Computers - Software & Consulting,96.35627530364373,True,True
KOHINOOR.NS,2026-09-22,31.059999465942383,30.794166882832844,30.075000127156574,28.196000061035157,25.86513338724772,25.90260004043579,31.025625483736192,19.200000762939453,38.470001220703125,True,False,True,True,True,True,True,True,False,-9.313870172430994,noise,51.20980852485542,False,False,False,False,,Agricultural Food & other Products,Other Agricultural Products,53.80566801619433,False,False
KOKUYOCMLN.NS,2026-09-22,75.70999908447266,77.64083417256673,80.50416713290744,81.69794784545898,83.84372324625652,84.78816452026368,77.20877837903274,70.79813775620397,115.14039389249915,False,False,False,False,False,False,False,False,False,-33.28708756034421,noise,95.018730461007,False,False,False,False,,Household Products,Stationary,23.846153846153847,False,False
KOLTEPATIL.NS,2026-09-22,435.54998779296875,435.8208312988281,448.6750005086263,431.2930010986328,382.8063340250651,381.1415005493164,434.3218401785843,292.25,554.5999755859375,True,True,True,True,True,True,True,True,False,-4.52652868511787,noise,24.12580121068275,False,False,False,False,,Realty,"Residential, Commercial Projects",59.23076923076923,False,False
KONSTELEC.NS,2026-09-21,60.79999923706055,61.83750025431315,61.21805561913384,61.55200004577637,47.950000038146975,47.34525000572204,61.13556269072572,28.0,75.6500015258789,True,True,False,True,False,True,True,False,False,1.3333320617675781,noise,28.68617326448652,False,False,False,False,,Construction,Civil Construction,64.69635627530364,False,False
KONTOR.NS,2026-09-21,53.849998474121094,52.770833015441895,56.32916673024496,57.16499977111816,65.14466649373372,65.13999994277954,53.52112834889961,49.29999923706055,87.0,False,True,False,False,False,False,False,True,False,-21.09890333462111,red,205.47945205479454,False,False,False,False,,Commercial Services & Supplies,Diversified Commercial Services,40.526315789473685,False,False
KOPRAN.NS,2026-09-22,276.44000244140625,253.53833134969076,216.06592771742078,210.18619110107423,174.66456532796224,165.2108507156372,259.8155741721488,105.19368133041839,286.5299987792969,True,True,True,True,True,True,True,True,False,62.49818928438455,noise,59.96638872230757,False,False,False,False,,Pharmaceuticals & Biotechnology,Pharmaceuticals,91.33603238866397,True,True
KDL.NS,2026-09-21,70.9000015258789,87.23333231608073,93.42777760823567,99.15999984741211,121.13333302815755,131.78624969482422,84.70334073550165,70.9000015258789,250.0,False,False,False,False,False,False,False,False,False,-68.79401299374557,noise,42.35537190082644,False,False,False,True,,Telecom - Services,Telecom - Infrastructure,1.7408906882591093,False,False
KOTAKBANK.NS,2026-09-22,412.6499938964844,415.9291636149089,407.9527774386936,401.7019561767578,390.92291727701826,399.56199645996094,414.93505776730285,344.9045390549985,452.4189269358333,True,False,False,True,True,False,True,False,False,2.2313934866599716,noise,32.21482786654369,False,False,False,False,,Banks,Private Sector Bank,65.38461538461539,False,False
KOTIC.NS,2026-09-22,,,,,,,,,,False,False,False,False,False,False,False,False,False,,ppv,,False,False,False,False,,Consumer Durables,Leather And Leather Products,,False,False
KOTHARIPET.NS,2026-09-22,134.16000366210938,136.79166793823242,137.94666629367404,136.43900024414063,127.06010330200195,125.82619281768798,135.421742878156,94.07677144197076,155.84476512878368,True,True,False,True,False,True,True,False,False,-11.778490744944781,noise,45.85411476490888,False,False,False,False,,Chemicals & Petrochemicals,Petrochemicals,51.05263157894737,False,False
KOTHARIPRO.NS,2026-09-22,63.66999816894531,64.97333304087321,67.20416630638971,67.34099983215332,68.7775998433431,69.23504985809326,64.56900458869288,58.0,100.41999816894531,False,False,False,False,False,False,False,False,False,-29.693021327932545,noise,46.27112593073098,False,False,False,False,,Commercial Services & Supplies,Trading & Distributors,28.704453441295545,False,False
KOTARISUG.NS,2026-09-22,26.649999618530273,28.16749970118205,28.91916667090522,27.844000091552733,26.250600039164226,26.334750032424928,27.802045489628455,22.5,39.939998626708984,True,False,False,True,False,False,False,False,False,-18.125959314348293,dry,8.831034074266023,False,True,False,False,,Agricultural Food & other Products,Sugar,44.21052631578947,False,False
KOTYARK.NS,2026-09-22,31.84000015258789,32.019166469573975,35.2014225853814,34.67062549591064,34.56252386728922,31.0503546333313,31.951445013796494,17.197409995355258,45.01727806166758,False,True,True,True,False,True,False,False,False,16.59935311094378,noise,39.639708026514484,False,False,False,False,,Petroleum Products,Refineries & Marketing,76.72064777327935,True,False
KOVAI.NS,2026-09-22,,,,,,,,,,False,False,False,False,False,False,False,False,False,,noise,30.80147592065731,False,False,False,False,,Healthcare Services,Hospital,,False,False
KPIGREEN.NS,2026-09-22,346.45001220703125,293.1415278116862,316.0639809502496,337.9485192871094,384.84865519205727,395.4614750671387,302.1934817788374,271.56159908116916,541.0236304500187,False,False,False,False,True,False,False,True,False,-27.71201854040537,ppv,677.1395307231705,True,False,False,False,,Power,Power Generation,31.700404858299596,False,False
KPITTECH.NS,2026-09-22,529.0499877929688,550.9124959309896,584.4721374511719,581.5715686035156,667.1388435872395,776.259040222168,548.7166601210217,524.0,1271.2449225520793,False,False,False,False,False,False,False,False,False,-57.64157234439672,noise,52.65184467354997,False,False,False,True,,IT - Software,Computers - Software & Consulting,4.696356275303644,False,False
KRBL.NS,2026-09-22,389.8999938964844,406.6093495686849,399.56641387939453,385.19433532714845,357.40877197265627,359.91659805297854,400.04262747181707,271.52423694470116,447.6467343412539,True,False,False,True,True,True,True,False,False,-1.9787622645053071,noise,36.75037470562242,False,True,False,False,,Agricultural Food & other Products,Other Agricultural Products,61.497975708502025,False,False
KREBSBIO.NS,2026-09-22,56.86000061035156,57.46333408355713,55.858611424764,55.32480026245117,57.49400011698405,59.25680013656616,56.830897440444176,38.33000183105469,82.48999786376953,False,False,False,False,True,True,False,True,False,-27.769309287818512,noise,52.89331908303706,False,False,False,False,,Pharmaceuticals & Biotechnology,Pharmaceuticals,31.57894736842105,False,False
KRIDHANINF.NS,2026-09-22,1.850000023841858,1.9275000194708507,2.0822222199704914,2.1903999876976012,2.598399993578593,2.944499990940094,1.9025034655196422,1.7899999618530273,4.78000020980835,False,False,False,False,False,False,False,False,False,-53.04568535598011,noise,45.4609578895394,False,True,False,False,,Construction,Civil Construction,6.963562753036437,False,False
KRISHANA.NS,2026-09-22,189.5500030517578,182.11416498819986,187.2022213406033,178.94719940185547,141.41886337280275,131.3918772506714,183.59361207450968,86.13667447448749,206.38999938964844,True,True,True,True,True,True,True,True,False,75.80107214130149,noise,71.24168088678587,False,False,False,False,,Fertilizers & Agrochemicals,Fertilizers,93.03643724696357,True,True
KRISHCA.NS,2026-09-21,163.0,160.08333333333334,163.08472145928278,164.3939993286133,171.4816665649414,175.24074981689452,160.95459583526244,138.0,225.0500030517578,False,False,False,False,False,False,False,True,False,-24.08011070475493,noise,51.67958656330749,False,False,False,False,,Industrial Products,Iron & Steel Products,36.2753036437247,False,False
KRISHIVAL.NS,2026-09-22,415.70001220703125,416.85557047526044,404.45921919080945,401.4475457763672,372.29529052734375,370.6863299560547,415.72620012978473,282.0643631618236,507.5759692612279,True,True,False,True,True,True,True,False,False,-11.19588416293793,noise,20.74012670812709,False,False,False,False,,Food Products,Other Food Products,51.61943319838057,False,False
KRISHNADEF.NS,2026-09-22,1025.5999755859375,1045.6333312988281,1072.550001356337,1127.99400390625,1113.1549239095052,1051.0201129150391,1034.397111111937,664.3519847169132,1398.6358552528313,False,True,True,True,False,True,False,False,False,27.543828169166318,noise,68.24683828068989,False,False,False,False,,Aerospace & Defense,Aerospace & Defense,82.06477732793522,True,False
KIMS.NS,2026-09-22,789.7999877929688,776.2624918619791,782.9722188313802,787.4569970703125,746.7493334960938,718.3832498168945,782.2078083928473,575.7999877929688,858.0,True,True,True,True,True,True,True,True,False,6.852460489202761,noise,28.697505043847233,False,True,False,False,,Healthcare Services,Hospital,68.94736842105263,False,False
KRITI.NS,2026-09-22,59.75,61.020833333333336,64.29249964820013,65.1005997467041,72.44573313395182,74.87629978179932,60.60178005545954,53.0,155.89999389648438,False,False,False,False,False,False,False,False,False,-57.74697796998224,green,118.84625176376167,False,False,False,False,,Industrial Products,Plastic Products - Industrial,4.615384615384616,False,False
KRITINUT.NS,2026-09-22,80.66000366210938,81.26916631062825,84.58833312988281,82.09179977416993,80.39493324279785,78.22714994430542,81.43194457190559,51.36000061035156,102.98999786376953,True,True,False,True,False,True,True,False,False,-16.075327073276636,noise,41.44093318842143,False,False,False,False,,Agricultural Food & other Products,Edible Oil,46.15384615384615,False,False
KRITIKA.NS,2026-09-22,5.039999961853027,5.258333285649617,5.474999970859951,5.510399971008301,5.819733311335246,6.1265499830245975,5.210510416405244,4.5,9.550000190734863,False,False,False,False,False,False,False,False,False,-44.97816543875891,noise,81.83531236427453,False,False,False,False,,Industrial Products,Iron & Steel Products,12.469635627530366,False,False
KRN.NS,2026-09-22,1420.0999755859375,1523.5499979654949,1465.1388854980469,1400.3819970703125,1201.0859985351562,1078.372748413086,1475.9154978945717,589.7999877929688,1687.0,True,True,True,True,True,True,True,False,False,62.176661450582536,noise,81.7651591987456,False,False,False,False,,Industrial Products,Other Industrial Products,91.29554655870446,True,True
KRONOX.NS,2026-09-22,182.27000427246094,175.48396682739258,173.9490623474121,167.67093536376953,143.50542302449546,140.7760739135742,176.35496128626022,95.7256701769065,222.78155283479555,True,True,True,True,True,True,True,True,False,6.163525064516673,dry,9.013352874437624,False,False,False,False,,Chemicals & Petrochemicals,Specialty Chemicals,68.34008097165992,False,False
KROSS.NS,2026-09-22,256.1300048828125,233.2325007120768,216.14361190795898,211.30060089111328,195.79273376464843,195.84125030517578,238.67474214046646,150.52000427246094,262.5799865722656,True,False,True,True,True,True,True,True,False,20.147299785469343,noise,75.67626103306954,False,False,False,False,,Auto Components,Auto Components & Equipments,78.78542510121459,True,False
KRSNAA.NS,2026-09-22,557.8499755859375,549.1737365722656,554.7787492540148,550.0598718261718,566.6116520182292,603.5571014404297,549.071385753658,513.0963124934381,891.0938798130117,False,False,False,False,True,False,False,True,False,-34.767897815615065,ppv,137.33087879724965,False,False,False,False,,Healthcare Services,Healthcare Service Provider,22.14574898785425,False,False
KRYSTAL.NS,2026-09-22,638.7999877929688,640.2077128092448,633.6448245578342,623.9533959960937,597.470283203125,589.4865219116211,643.1945904840991,498.79895915662905,696.9000244140625,True,True,True,True,True,False,True,False,False,-3.337886858371575,noise,28.664098413930404,False,True,False,False,,Commercial Services & Supplies,Diversified Commercial Services,60.32388663967612,False,False
KSB.NS,2026-09-22,820.1500244140625,800.9375,802.3777737087673,823.8129956054687,842.2657885742187,813.7850042724609,801.8524062918351,663.373535570316,1023.2461180887996,False,True,True,False,False,False,True,True,False,-3.313882430278303,noise,91.74285888360065,False,True,False,False,,Industrial Products,"Compressors, Pumps & Diesel Engines",60.36437246963563,False,False
KSE.NS,2026-09-22,,,,,,,,,,False,False,False,False,False,False,False,False,False,,noise,,False,False,False,False,,Food Products,Animal Feed,,False,False
KSHINTL.NS,2026-09-22,,,,,,,,,,False,False,False,False,False,False,False,False,False,,noise,47.9133450109314,False,False,False,False,,Industrial Products,Cables - Electricals,,False,False
KSHITIJPOL.NS,2026-09-22,4.610000133514404,3.8008333643277488,3.234166661898295,3.103199987411499,3.4494666624069215,3.1876999962329866,3.9639489339351974,1.8799999952316284,7.199999809265137,True,True,True,False,True,True,False,True,False,49.67533271777989,ppv,407.1038440858718,False,False,False,False,,Chemicals & Petrochemicals,Printing Inks,89.02834008097166,True,False
KSOLVES.NS,2026-09-22,250.75,258.6791712443034,269.2277772691515,274.2542993164063,283.76816701253256,281.9454386138916,256.82441465869306,242.4667784709831,349.2606854148325,False,True,False,False,False,False,False,False,False,-18.385723985882596,dry,19.377179946833646,False,False,False,False,,IT - Software,Computers - Software & Consulting,43.88663967611336,False,False
KSR.NS,2026-09-22,,,,,,,,,,False,False,False,False,False,False,False,False,False,,noise,32.20518976821498,False,False,False,False,,Commercial Services & Supplies,Trading & Distributors,,False,False
KUANTUM.NS,2026-09-22,84.94999694824219,77.37833213806152,76.62452040778265,76.15360549926758,76.3497173055013,79.31545925140381,78.43912959333944,62.94488260004328,117.4370813714317,True,False,False,False,True,True,False,True,False,-21.537231171742487,ppv,219.3465915844508,False,False,False,False,,"Paper, Forest & Jute Products",Paper & Paper Products,39.959514170040485,False,False
KUSUMGAR.NS,2026-09-22,,,,,,,,,,False,False,False,False,False,False,False,False,False,,ppv,52.715958228552616,False,False,False,False,,Textiles & Apparels,Other Textile Products,,False,False
KPL.NS,2026-09-22,,,,,,,,,,False,False,False,False,False,False,False,False,False,,noise,,False,True,False,False,,Pharmaceuticals & Biotechnology,Pharmaceuticals,,False,False
KWIL.NS,2026-09-22,,,,,,,,,,False,False,False,False,False,False,False,False,False,,noise,46.88689634821469,False,False,False,False,,Food Products,Dairy Products,,False,False
LGBBROSLTD.NS,2026-09-22,1730.199951171875,1721.3249816894531,1645.1692810058594,1614.39841796875,1640.7420100911459,1681.8929400634765,1718.7276116493508,1296.8551263586494,2019.894362671753,True,False,False,False,True,True,True,True,False,21.960132218576245,noise,76.96272979532488,False,False,False,False,,Auto Components,Auto Components & Equipments,79.91902834008097,True,False
LTFOODS.NS,2026-09-22,421.3500061035156,433.51420338948566,431.7999335394965,418.5012957763672,403.33659138997393,398.64690673828125,428.6372277497122,331.46884023524086,489.53692311570376,True,True,True,True,True,False,True,False,False,-7.26222607379623,noise,22.098708568528767,False,True,False,False,,Agricultural Food & other Products,Other Agricultural Products,55.587044534412954,False,False
LTF.NS,2026-09-22,304.8999938964844,306.7333272298177,312.8819410536024,311.79199645996096,291.4100883992513,292.2879553985596,306.7452304252514,232.5061628263369,338.6000061035156,True,False,False,True,False,True,True,False,False,24.164284957530025,noise,59.23928241613956,False,False,False,False,,Finance,Non Banking Financial Company (NBFC),80.93117408906882,True,False
LTTS.NS,2026-09-22,3293.60009765625,3346.3416544596353,3487.369425455729,3481.8659912109374,3400.877941080729,3582.3929614257813,3347.50058402662,2976.4372238818078,4673.3032272251885,False,False,False,False,False,False,False,False,False,-20.204926614197817,noise,28.334359830325784,False,False,False,False,,IT - Services,IT Enabled Services,41.70040485829959,False,False
LAOPALA.NS,2026-09-22,160.61000061035156,162.26416651407877,173.8021558125814,176.11199829101562,176.57614908854165,181.1096760559082,161.92460542395617,155.0,252.7650542172862,False,False,False,False,False,False,False,False,False,-33.998657617288245,noise,20.90218544826672,False,False,False,False,,Consumer Durables,Glass - Consumer,22.955465587044536,False,False
LADDERUP.NS,2026-09-22,,,,,,,,,,False,False,False,False,False,False,False,False,False,,noise,,False,False,False,False,,Finance,Non Banking Financial Company (NBFC),,False,False
LAGNAM.NS,2026-09-22,74.01000213623047,73.16833368937175,77.17222256130643,80.02619995117188,77.06126658121745,75.6624499130249,73.34625943152389,58.599998474121094,96.9800033569336,False,True,False,True,False,False,True,True,False,-17.159161439497893,noise,46.33746604549525,False,True,False,False,,Textiles & Apparels,Other Textile Products,45.10121457489878,False,False
LAHOTIOV.NS,2026-09-22,,,,,,,,,,False,False,False,False,False,False,False,False,False,,noise,,False,False,False,False,,Commercial Services & Supplies,Trading & Distributors,,False,False
LFIC.NS,2026-09-22,135.3000030517578,135.50222142537436,135.7111727396647,136.88581970214844,136.07191594441733,140.7027560043335,133.69112252912566,108.90598307291667,220.60819839300015,False,False,False,False,False,False,False,True,False,-35.30609984622923,dry,1.8398653580498632,False,False,False,False,,Finance,Investment Company,21.53846153846154,False,False
LAKSHMIMIL.NS,2026-09-22,,,,,,,,,,False,False,False,False,False,False,False,False,False,,noise,,False,False,False,False,,Textiles & Apparels,Other Textile Products,,False,False
LALITHAA.NS,2026-09-22,,,,,,,,,,False,False,False,False,False,False,False,False,False,,noise,,False,False,False,False,,Consumer Durables,"Gems, Jewellery And Watches",,False,False
LAMBODHARA.NS,2026-09-22,116.08000183105469,127.87543869018555,124.26916164822049,121.25250534057618,110.16833750406902,111.6214496231079,124.10246128142022,81.4608883773371,151.33003320728955,True,False,False,True,False,True,True,False,False,-15.52165034085975,noise,26.55607778412427,False,False,False,False,,Textiles & Apparels,Other Textile Products,46.72064777327935,False,False
LANCER.NS,2026-09-22,,,,,,,,,,False,False,False,False,False,False,False,False,False,,noise,,False,False,False,False,,Transport Services,Logistics Solution Provider,,False,False
LANCORHOL.NS,2026-09-22,34.5,36.10494295756022,31.894671810997856,30.056446990966798,25.86851952870687,25.818361358642576,35.12153120053629,17.964685470212824,41.392141167192804,True,True,False,True,True,True,True,False,False,52.89222429388951,noise,26.95823135598455,False,True,False,False,,Realty,"Residential, Commercial Projects",89.67611336032388,True,False
LANDMARK.NS,2026-09-22,510.5,492.46546427408856,513.0840564303928,515.4953271484375,439.62794596354166,442.32045593261716,496.5336054701282,338.4315015855853,660.713959223187,True,False,False,True,False,True,True,True,False,-21.06176987253374,dry,5.408738910480392,False,False,False,False,,Automobiles,Auto Dealer,40.56680161943319,False,False
LPDC.NS,2026-09-22,6.579999923706055,6.401666641235352,6.729444437556797,6.593199996948242,6.63226666132609,6.681899995803833,6.526873062727012,5.230000019073486,9.460000038146973,False,False,False,False,False,False,False,True,False,-14.32291574504535,red,155.40268037429277,False,False,False,False,,Realty,Real Estate related services,47.89473684210526,False,False
LANDSMILL.NS,2026-09-22,0.5400000214576721,0.5633333325386047,0.6788888888226615,0.7069999992847442,0.8706666628519694,0.9734999984502792,0.5688498065105017,0.5400000214576721,1.7200000286102295,False,False,False,False,False,False,False,False,False,-66.03773521248155,red,159.82097738186906,False,False,False,True,,Commercial Services & Supplies,Trading & Distributors,2.42914979757085,False,False
LT.NS,2026-09-22,3866.39990234375,3902.9083251953125,3997.1138916015625,3956.437998046875,3946.308995768229,3954.9946557617186,3894.361819782446,3256.294765660181,4397.052414797838,False,False,False,True,False,False,True,False,False,7.124833158318111,noise,88.04383563665907,False,False,False,False,,Construction,Civil Construction,69.23076923076923,False,False
LASA.NS,2026-09-21,5.889999866485596,6.4058332443237305,6.954166624281141,6.991199989318847,7.4497333335876466,7.9741499853134155,6.312462978253519,5.670000076293945,14.050000190734863,False,False,False,False,False,False,False,False,False,-56.65930978401066,noise,58.37519259641319,False,False,False,False,,Pharmaceuticals & Biotechnology,Pharmaceuticals,5.222672064777328,False,False
LASERPOWER.NS,2026-09-22,,,,,,,,,,False,False,False,False,False,False,False,False,False,,noise,,False,False,False,False,,Industrial Products,Cables - Electricals,,False,False
LATENTVIEW.NS,2026-09-22,250.5500030517578,254.91666539510092,273.23749923706055,282.48499969482424,295.6966661580404,332.4797501373291,255.2392231064154,248.0,517.5,False,False,False,False,False,False,False,False,False,-39.77887023122943,noise,41.51338551261191,False,False,False,False,,IT - Software,Computers - Software & Consulting,16.88259109311741,False,False
LATTEYS.NS,2026-09-22,20.479999542236328,20.868333339691162,21.232500076293945,20.918599967956542,21.41119998296102,21.656649985313415,20.792680909698156,15.789999961853027,37.0,False,False,False,False,False,False,False,False,False,-2.6616033694073615,noise,81.4358742562231,False,True,False,False,,Industrial Products,"Compressors, Pumps & Diesel Engines",60.89068825910932,False,False
LAURUSLABS.NS,2026-09-22,2006.5,1950.1749979654949,1882.9472215440537,1819.79400390625,1426.0672481282552,1327.9656552124025,1957.5741711840892,821.6033372206257,2032.800048828125,True,True,True,True,True,True,True,True,False,122.41147802896096,noise,56.60845171655665,False,False,False,False,,Pharmaceuticals & Biotechnology,Pharmaceuticals,96.84210526315789,True,True
LAXMICOT.NS,2026-09-22,13.050000190734863,13.084166685740152,13.58250003390842,13.864200019836426,14.403400020599365,15.127550015449524,13.019983597422595,11.359999656677246,25.479999542236328,False,False,False,False,False,False,False,True,False,-46.31838553095181,noise,32.295970521212446,False,False,False,False,,Textiles & Apparels,Other Textile Products,11.093117408906883,False,False
LAXMIDENTL.NS,2026-09-22,193.17999267578125,198.31749725341797,201.5930553012424,206.41299987792968,204.91273274739584,213.38829933166505,196.98696038941887,155.8800048828125,360.8500061035156,False,False,False,False,False,False,False,False,False,-44.264284687263945,noise,58.52545741236624,False,False,False,False,,Healthcare Equipment & Supplies,Medical Equipment & Supplies,13.117408906882591,False,False
LGHL.NS,2026-09-22,177.3800048828125,180.49833297729492,184.0563884311252,190.35660034179688,228.66273345947266,243.25805015563964,180.61960438769705,168.0,399.5833435058594,False,False,False,False,False,False,False,False,False,-54.33254421068106,noise,35.175077579945864,False,False,False,False,,Consumer Durables,"Gems, Jewellery And Watches",6.315789473684211,False,False
LAXMIINDIA.NS,2026-09-22,123.7300033569336,126.96333503723145,129.2219443851047,126.78439987182617,111.99846649169922,112.5195499420166,125.55620042841093,71.05999755859375,180.89999389648438,True,False,False,True,False,True,False,False,False,-29.64689441511126,noise,80.84275667810869,False,False,False,False,,Finance,Non Banking Financial Company (NBFC),28.74493927125506,False,False
LXCHEM.NS,2026-09-22,178.00999450683594,175.78999964396158,174.60388904147678,176.49261627197265,153.58718724568686,154.21566524505616,175.84809906552368,107.41716450845627,222.41143274289058,True,False,False,True,True,True,True,True,False,-18.79731156932989,noise,44.7172720996819,False,False,False,False,,Chemicals & Petrochemicals,Specialty Chemicals,43.36032388663968,False,False
LCCINFOTEC.NS,2026-09-22,3.6600000858306885,3.4358333547910056,3.6516666809717813,3.8720000171661377,4.449933322270711,4.534649999141693,3.4441509465804687,2.880000114440918,5.889999866485596,False,False,False,False,False,False,False,True,False,-16.43835638808273,ppv,394.04939189557007,True,False,False,False,,Other Consumer Services,Education,45.78947368421053,False,False
LEMERITE.NS,2026-09-22,18.940000534057617,19.918333371480305,21.720555570390488,21.679800033569336,51.65906675974528,62.54685015678406,19.506287535536103,17.729999542236328,107.56999969482422,False,False,False,False,False,False,False,False,False,-76.01317027144934,ppv,145.6631234954155,False,True,False,False,,Textiles & Apparels,Other Textile Products,0.8906882591093117,False,False
IXIGO.NS,2026-09-22,163.27999877929688,162.96583302815756,169.90527640448676,177.02539886474608,176.08013254801432,189.90009902954102,162.50697413899556,151.27000427246094,339.1499938964844,False,False,False,False,False,False,False,True,False,-41.29786001718815,noise,77.91948557206952,False,True,False,False,,Leisure Services,"Tour, Travel Related Services",15.627530364372468,False,False
LRRPL.NS,2026-09-21,94.5,90.52500025431316,87.46527777777777,88.1000001525879,81.30866658528646,78.91724983215332,90.70571627596298,59.150001525878906,98.9000015258789,True,True,False,True,True,True,True,True,False,17.391304347826097,ppv,312.5,True,False,False,False,,Industrial Products,Rubber,77.04453441295547,True,False
LEAPIND.NS,2026-09-22,,,,,,,,,,False,False,False,False,False,False,False,False,False,,noise,,False,False,False,False,,Commercial Services & Supplies,Diversified Commercial Services,,False,False
LEENEE.NS,2026-09-22,,,,,,,,,,False,False,False,False,False,False,False,False,False,,noise,,False,False,False,False,,IT - Services,IT Enabled Services,,False,False
THELEELA.NS,2026-09-22,537.0499877929688,538.3041687011719,534.3000022040474,519.852001953125,463.1746677652995,453.1265010070801,538.194783349242,384.5,582.8499755859375,True,True,True,True,True,True,True,False,False,26.887179632124926,red,101.72221120220757,False,False,False,False,,Leisure Services,Hotels & Resorts,81.78137651821862,True,True
LEMONTREE.NS,2026-09-22,107.51000213623047,105.35916646321614,107.57250022888184,108.56300018310547,111.86340006510417,120.20955001831055,105.63962236511047,99.61000061035156,174.1999969482422,False,False,False,False,False,False,False,True,False,-36.59097599460889,noise,92.63563397783247,False,True,False,False,,Leisure Services,Hotels & Resorts,20.364372469635626,False,False
LENSKART.NS,2026-09-22,,,,,,,,,,False,False,False,False,False,False,False,False,False,,noise,70.29556142484698,False,False,False,False,,Retailing,Speciality Retail,,False,False
LEXUS.NS,2026-09-22,12.470000267028809,13.228333473205566,13.735833432939318,14.074000110626221,19.66613333384196,21.47644997596741,13.133332729207295,12.300000190734863,39.25,False,False,False,False,False,False,False,False,False,-56.626086027725876,red,362.8900824673198,False,False,False,True,,Consumer Durables,"Furniture, Home Furnishing",5.263157894736842,False,False
LGEINDIA.NS,2026-09-22,,,,,,,,,,False,False,False,False,False,False,False,False,False,,noise,66.35497903818036,False,True,False,False,,Consumer Durables,Household Appliances,,False,False
LIBAS.NS,2026-09-22,12.579999923706055,11.285833279291788,10.459444416893852,10.398600006103516,11.006933320363363,10.926800003051758,11.732207099671355,9.020000457763672,14.300000190734863,True,True,False,False,True,True,True,True,False,-7.973666031488413,red,203.22498282946398,False,False,False,False,,Textiles & Apparels,Garments & Apparels,54.93927125506073,False,False
LIBERTSHOE.NS,2026-09-22,218.5399932861328,224.64666620890299,239.7805553012424,246.43199951171874,248.56680063883462,252.9838508605957,223.3518299136141,210.5,384.8999938964844,False,False,False,False,False,False,False,False,False,-41.39447657196833,dry,14.276902481813417,False,False,False,False,,Consumer Durables,Footwear,15.587044534412955,False,False
LICHSGFIN.NS,2026-09-22,565.0,555.0125071207682,524.9604695638021,526.8424603271484,526.8554821777344,524.0621043395996,554.2443322008511,449.86740023054796,586.4255760885916,True,True,False,False,True,False,True,True,False,-1.8654445078865267,red,104.36933764119173,False,True,False,False,,Finance,Housing Finance Company,61.61943319838057,False,False
LICI.NS,2026-09-22,404.54998779296875,403.5666681925456,408.1222220526801,413.67399963378904,405.5909004720052,407.47194869995116,403.53132596280415,352.4872671490231,457.74492274879265,False,False,False,True,False,False,True,True,False,-8.45038868356982,noise,50.08277798876478,False,False,False,False,,Insurance,Life Insurance,54.453441295546554,False,False
LIKHITHA.NS,2026-09-22,227.9600067138672,217.1366704305013,215.9988899230957,220.44520141601564,209.12106760660808,200.9479507446289,219.70646080072075,131.4499969482422,272.0,True,True,False,True,True,True,True,True,True,-5.485300217098798,noise,82.05552653359844,False,False,False,False,,Construction,Civil Construction,58.016194331983804,False,False
LINC.NS,2026-09-22,92.37000274658203,93.97108395894368,95.25842073228624,97.48708999633789,99.85809809366862,102.57026195526123,93.02521956846778,83.71015535243087,131.34056190911465,False,False,False,False,False,False,False,False,False,-27.011894283750703,noise,41.446061918652845,False,False,False,False,,Household Products,Stationary,32.631578947368425,False,False
LINCOLN.NS,2026-09-22,594.3499755859375,614.510019938151,609.9631025526259,603.5397521972657,618.4266943359376,584.7319808959961,606.7439804644962,438.75159875466625,767.8152546425441,False,True,True,False,False,True,True,False,False,7.288471763732951,noise,40.08659157376443,False,False,False,False,,Pharmaceuticals & Biotechnology,Pharmaceuticals,69.47368421052632,False,False
LINDEINDIA.NS,2026-09-22,6320.0,6240.791666666667,6544.163438585069,6629.964697265625,6949.028043619792,6721.40337890625,6249.932259998004,5663.395514756716,8035.3727195912315,False,True,True,False,False,False,True,True,False,0.25683564052676466,green,129.98391408147026,False,False,False,False,,Chemicals & Petrochemicals,Industrial Gases,63.805668016194325,False,False
LKPSEC.NS,2026-09-22,,,,,,,,,,False,False,False,False,False,False,False,False,False,,noise,,False,False,False,False,,Capital Markets,Stockbroking & Allied,,False,False
LLOYDSENGG.NS,2026-09-22,85.7300033569336,82.1233336130778,87.1850397321913,87.74195816040039,70.91080123901367,66.0934941482544,83.0715362571973,37.297425311917706,99.47641802454628,True,True,True,True,False,True,True,True,False,36.8446114190957,noise,98.35052789507674,False,False,False,False,,Industrial Manufacturing,Industrial Products,85.02024291497976,True,False
LLOYDSENT.NS,2026-09-22,70.41000366210938,69.55750020345052,74.24750031365289,75.8106004333496,67.51493682861329,65.65995147705078,69.68020050597801,40.66239061884169,84.69999694824219,True,True,True,True,False,True,True,True,False,5.333850294534348,noise,82.97217720373142,False,False,False,False,,Metals & Minerals Trading,Trading - Metals,67.81376518218623,False,False
LLOYDS.NS,2026-09-21,58.900001525878906,57.77916685740153,61.75555578867594,64.616000289917,70.06633387247722,68.98325040817261,57.982197857692675,34.79999923706055,98.9000015258789,False,True,False,False,False,True,False,True,False,-34.519173402784716,noise,84.26966292134831,False,False,False,False,,Leisure Services,Wellness,22.469635627530366,False,False
LLOYDSME.NS,2026-09-22,1857.4000244140625,1810.2083435058594,1875.8166639539932,1896.99,1682.6911474609376,1574.8588885498048,1820.6904439362156,1042.2770517704853,2125.0,True,True,True,True,False,True,True,True,False,41.51450763979001,green,101.85507453470035,False,False,False,False,,Minerals & Mining,Industrial Minerals,86.47773279352226,True,False
LMW.NS,2026-09-22,17077.0,17861.666666666668,18255.333333333332,17648.97607421875,15773.375279947917,15550.115600585938,17732.80881840888,11893.875786654997,20151.0,True,True,True,True,False,True,True,False,False,11.932690531424694,noise,54.18744115212295,False,False,False,False,,Industrial Manufacturing,Industrial Products,73.07692307692307,True,False
LODHA.NS,2026-09-22,1144.0,1138.1000061035156,1200.157470703125,1202.0352221679686,1004.4100944010416,1015.813607788086,1138.282325433464,648.5216337409466,1340.2415520455131,True,False,False,True,False,True,True,True,False,-5.302405572938429,noise,33.902848639284336,False,False,False,False,,Realty,"Residential, Commercial Projects",58.21862348178137,False,False
LCL.NS,2026-09-22,,,,,,,,,,False,False,False,False,False,False,False,False,False,,ppv,,False,False,False,False,,Industrial Manufacturing,Industrial Products,,False,False
LOKESHMACH.NS,2026-09-22,337.1499938964844,348.24166615804035,338.8319447835286,337.35600036621094,275.5015335083008,249.13380012512206,342.48914059465784,138.9600067138672,385.79998779296875,True,True,True,True,False,True,True,False,False,75.0791821536595,noise,86.26849227925373,False,True,False,False,,Industrial Manufacturing,Industrial Products,92.95546558704454,True,False
LORDSCHLO.NS,2026-09-22,138.3000030517578,136.77250035603842,138.27777777777777,140.1668002319336,136.07613321940104,141.7234497833252,136.74823299795037,108.0,233.0,False,False,False,False,False,False,False,True,False,-22.685599688818982,noise,28.10358093067783,False,False,False,False,,Chemicals & Petrochemicals,Commodity Chemicals,38.29959514170041,False,False
LAL.NS,2026-09-22,8.65999984741211,8.829166650772095,8.788055605358547,8.71800004005432,7.902866690953573,8.07600002527237,8.773589201522181,5.559999942779541,12.020000457763672,True,False,False,True,False,True,False,False,False,-24.8263932005673,green,285.6638036757339,False,False,False,False,,Textiles & Apparels,Garments & Apparels,35.38461538461539,False,False
LOTUSCHO.NS,2026-09-22,,,,,,,,,,False,False,False,False,False,False,False,False,False,,noise,,False,False,False,False,,Food Products,Packaged Foods,,False,False
LOTUSEYE.NS,2026-09-22,114.97000122070312,112.41916720072429,113.92388894822862,115.62000015258789,115.116400197347,116.23750011444092,113.37579026350662,97.58999633789062,147.0,False,False,False,False,False,False,True,True,False,-6.952085227921067,noise,41.211156593785056,False,True,False,False,,Healthcare Services,Hospital,56.23481781376518,False,False
LOVABLE.NS,2026-09-22,71.2699966430664,70.7266674041748,71.88777817620172,72.1854002380371,72.09639989217122,73.50664993286132,70.79068712239216,55.0,104.69999694824219,False,False,False,False,False,False,False,True,False,-29.907556619628984,green,129.6376075173795,False,False,False,False,,Textiles & Apparels,Garments & Apparels,28.46153846153846,False,False
LOYALTEX.NS,2026-09-22,214.9499969482422,212.82666778564453,214.1127781338162,211.33880004882812,210.95446665445962,212.9484999847412,210.30778440210412,170.0399932861328,333.989990234375,True,False,False,False,True,False,False,True,False,-29.35086378036411,dry,3.4478923367812255,False,False,False,False,,Textiles & Apparels,Other Textile Products,29.271255060728745,False,False
LTM.NS,2026-09-22,4158.2998046875,4314.358317057292,4508.26666937934,4421.416010742188,4246.130255533854,4657.269317626953,4296.181363774231,3528.0,6344.474916122625,False,False,False,False,False,False,False,False,False,-19.57040868067843,red,237.59079224169093,False,False,False,False,,IT - Software,Computers - Software & Consulting,42.51012145748988,False,False
LUMAXTECH.NS,2026-09-22,2116.39990234375,2004.2499898274739,1959.611280653212,1826.9839916992187,1689.828838704427,1646.6869305419923,2033.3939885527777,1091.2536653252578,2148.699951171875,True,True,True,True,True,True,True,True,False,89.98549375052187,noise,49.05039845783614,False,False,True,False,,Auto Components,Auto Components & Equipments,94.69635627530364,True,True
LUMAXIND.NS,2026-09-22,5846.0,5927.875,5926.725816514757,5710.61955078125,5455.688072916667,5434.943122558594,5879.300344506335,4204.8308308725245,6868.719019600016,True,True,True,True,True,True,True,False,False,38.22630209502886,noise,22.757392133477882,False,False,False,False,,Auto Components,Auto Components & Equipments,85.7085020242915,True,True
LUMINO.NS,2026-09-22,,,,,,,,,,False,False,False,False,False,False,False,False,False,,noise,,False,False,False,False,,Industrial Products,Cables - Electricals,,False,False
LUPIN.NS,2026-09-22,2135.0,2093.8583374023438,2187.6111111111113,2256.075078125,2287.4817838541667,2248.5248083496094,2105.433225667368,1886.322723198068,2523.699951171875,False,True,False,False,False,False,True,True,False,7.287985334665215,noise,66.52016100757949,False,False,False,False,,Pharmaceuticals & Biotechnology,Pharmaceuticals,69.4331983805668,False,False
LUXIND.NS,2026-09-22,1157.5,1116.2465922037761,1184.417965359158,1204.0297631835938,1214.9553434244792,1167.4060635375977,1127.1931188266583,822.469064394925,1819.8519348314312,False,True,False,False,False,True,False,True,False,-15.839991394275577,red,128.552956487419,False,True,False,False,,Textiles & Apparels,Garments & Apparels,46.43724696356275,False,False
LYKALABS.NS,2026-09-22,86.69999694824219,82.34499931335449,74.65972190433078,71.95519981384277,65.07926663716634,67.6968999671936,82.57891776156171,44.099998474121094,101.9000015258789,True,False,False,True,True,True,True,True,False,-13.239270806094815,ppv,315.92593326246237,False,False,False,False,,Pharmaceuticals & Biotechnology,Pharmaceuticals,49.149797570850204,False,False
MBEL.NS,2026-09-22,259.25,257.5524533589681,269.0129754808214,278.92765533447266,295.2024482218425,309.3785327911377,257.1478368061911,222.20879137850392,533.8789199375677,False,False,False,False,False,False,False,True,False,-38.646365446518274,noise,74.75208418776216,False,False,False,False,,Construction,Civil Construction,18.13765182186235,False,False
M&M.NS,2026-09-22,3044.5,3094.633341471354,3283.427781846788,3267.1860009765624,3167.9383170572914,3270.176552734375,3088.730528814878,2865.903724597869,3799.9943064302024,False,False,False,False,False,False,True,False,False,-14.180097842189243,noise,83.0154436184401,False,False,False,False,,Automobiles,Passenger Cars & Utility Vehicles,48.178137651821864,False,False
M&MFIN.NS,2026-09-22,352.3999938964844,356.2874984741211,376.4805560641819,372.31500061035155,331.1158188883464,338.61617904663086,354.9417586589966,263.56995824155,415.0,True,False,False,True,False,True,True,False,False,24.144215060662443,noise,43.46813911217678,False,False,False,False,,Finance,Non Banking Financial Company (NBFC),80.8502024291498,True,False
MBAPL.NS,2026-09-22,165.67999267578125,161.51249821980795,162.99861102634006,159.22220001220703,123.35935236612956,113.48411651611327,161.87830503127884,74.56403046577304,174.94000244140625,True,True,True,True,True,True,True,True,False,94.6092818627998,noise,63.809621180054656,False,False,False,False,,Fertilizers & Agrochemicals,Fertilizers,95.34412955465586,True,True
MKEXIM.NS,2026-09-22,,,,,,,,,,False,False,False,False,False,False,False,False,False,,noise,,False,False,True,False,,Retailing,Distributors,,False,False
MKPL.NS,2026-09-22,4.03000020980835,4.0033334493637085,4.095000041855706,4.1506000328063966,4.709200016657511,4.96730001449585,4.010870540705235,3.559999942779541,8.850000381469727,False,False,False,False,False,False,False,True,False,-46.33821455411093,noise,60.815160888414354,False,False,False,False,,Agricultural Food & other Products,Edible Oil,11.052631578947368,False,False
MMFL.NS,2026-09-22,603.4000244140625,618.4124908447266,625.0555487738716,601.5059936523437,504.0334193929036,477.08161071777346,617.6021177814293,285.5132388663281,687.9500122070312,True,True,True,True,True,True,True,False,False,83.0627819356043,noise,51.830519695465085,False,False,False,False,,Auto Components,Auto Components & Equipments,93.96761133603239,True,True
MRPL.NS,2026-09-22,164.44000244140625,171.43250274658203,172.37027825249567,171.49560028076172,169.56481801350913,166.19203926086425,168.70896341363186,123.49462473239058,212.0,False,True,False,True,False,True,True,False,False,29.28025497267739,noise,26.36697947882315,False,False,False,False,,Petroleum Products,Refineries & Marketing,82.63157894736842,True,False
MTNL.NS,2026-09-22,23.670000076293945,24.46833324432373,26.13333331214057,26.540800094604492,28.314133338928222,29.740250034332277,24.273851031758603,21.260000228881836,45.779998779296875,False,False,False,False,False,False,False,False,False,-47.05882227469268,noise,92.20966547697097,False,False,False,False,,Telecom - Services,Telecom - Cellular & Fixed line services,10.728744939271255,False,False
MCL.NS,2026-09-22,56.349998474121094,57.13916619618734,57.661110983954536,56.426399841308594,59.204266738891604,61.68450008392334,56.566301999679695,42.0,93.19999694824219,False,False,True,False,False,True,False,False,False,18.53175723376197,noise,80.29936538658957,False,False,False,False,,Industrial Products,"Aluminium, Copper & Zinc Products",77.81376518218623,True,False
MVKAGRO.NS,2026-09-21,232.10000610351562,259.9791653951009,235.97083240085178,278.47899932861327,419.3650005086263,488.49750007629393,252.83809237462586,152.0500030517578,819.0,False,False,False,False,False,True,False,False,False,-44.18660509872878,red,228.91533155623952,False,False,False,False,,Agricultural Food & other Products,Sugar,13.198380566801621,False,False
MAANALU.NS,2026-09-22,104.80999755859375,108.30083274841309,116.94055514865451,116.93939971923828,128.66593358357747,134.97264987945556,107.35883518066656,100.19999694824219,184.74000549316406,False,False,False,False,False,False,False,False,False,-6.218686868997169,noise,98.69556698048947,False,False,False,False,,Non - Ferrous Metals,Aluminium,57.24696356275304,False,False
MCCHRLS-B.NS,2026-09-22,,,,,,,,,,False,False,False,False,False,False,False,False,False,,noise,,False,False,False,True,,Leisure Services,Hotels & Resorts,,False,False
MACPOWER.NS,2026-09-22,2096.5,1912.2873229980469,1855.4243706597222,1717.3613159179688,1283.148955891927,1196.183232421875,1958.99123800716,760.3935313115157,2175.0,True,True,True,True,True,True,True,True,False,141.64137745701865,green,139.29806175623443,False,True,False,False,,Industrial Manufacturing,Industrial Products,97.57085020242914,True,True
MADHAVIPL.NS,2026-09-22,,,,,,,,,,False,False,False,False,False,False,False,False,False,,noise,,False,False,False,False,,Construction,Civil Construction,,False,False
MADHAV.NS,2026-09-22,34.459999084472656,35.29583326975504,35.19861094156901,35.02339996337891,35.94133337656657,36.922000074386595,35.10422134283277,29.0,47.5,False,False,False,False,False,False,False,False,False,-25.346622187208258,noise,29.44051904190552,False,False,False,False,,Consumer Durables,Granites & Marbles,34.45344129554656,False,False
MADHUCON.NS,2026-09-22,4.070000171661377,4.285000065962474,4.87777782148785,5.007600026130676,5.138066687583923,5.277050009965897,4.219194675655577,3.609999895095825,8.550000190734863,False,False,False,False,False,False,False,False,False,-48.284622225604444,noise,39.89012841652515,False,True,False,False,,Construction,Civil Construction,9.838056680161944,False,False
MADHUSUDAN.NS,2026-09-21,231.5,235.7791659037272,229.0013893975152,231.81899993896485,184.16533345540364,170.71924987792968,234.47210941478235,108.5999984741211,260.0,True,True,True,True,False,True,True,False,False,64.18439716312056,noise,36.41660597232338,False,False,False,False,,Food Products,Other Food Products,91.61943319838056,True,False
MPTODAY.NS,2026-09-21,41.54999923706055,41.54999923706055,43.76249980926514,44.3889998626709,44.93933334350586,45.59199981689453,41.68997713703621,34.20000076293945,52.5,False,False,False,False,False,False,True,False,False,-15.462872945826334,dry,0.0,False,False,False,False,,Media,Print Media,46.88259109311741,False,False
MADRASFERT.NS,2026-09-22,61.349998474121094,62.29333337148031,64.91027800242107,65.56840019226074,66.47166681925455,68.84080013275147,61.9865130018637,52.560001373291016,93.48999786376953,False,False,False,False,False,False,False,False,False,-33.27170236565993,noise,41.24273768118252,False,True,False,False,,Fertilizers & Agrochemicals,Fertilizers,23.88663967611336,False,False
MAFATIND.NS,2026-09-22,,,,,,,,,,False,False,False,False,False,False,False,False,False,,noise,79.53891770709336,False,True,False,False,,Textiles & Apparels,Other Textile Products,,False,False
MAGADSUGAR.NS,2026-09-22,500.75,531.5625025431315,549.7805523342556,535.0582312011719,485.5446826171875,478.7539709472656,519.9710126867575,406.86682144586706,634.9500122070312,True,True,True,True,False,False,True,False,False,-10.166045731148154,noise,55.41510253070814,False,False,False,False,,Agricultural Food & other Products,Sugar,52.67206477732793,False,False
MCLOUD.NS,2026-09-22,25.18000030517578,25.60000006357829,27.53083340326945,27.7742000579834,26.440199966430665,26.196949977874755,25.55344661622926,19.399999618530273,87.0,False,True,False,True,False,False,False,False,False,-69.53049311332661,noise,21.716354771841118,False,True,False,False,,IT - Software,Computers - Software & Consulting,1.4979757085020242,False,False
MAGNUM.NS,2026-09-22,19.020000457763672,19.025000254313152,19.19694471359253,19.218200225830078,19.941800079345704,20.540550050735472,19.082222511343826,16.25,28.0,False,False,False,False,False,False,False,False,False,-29.02984701782474,noise,69.06205504574545,False,False,False,False,,"Paper, Forest & Jute Products",Paper & Paper Products,29.554655870445345,False,False
MAGSON.NS,2026-09-21,177.0,180.9083340962728,183.26388846503363,182.9159994506836,169.84399993896486,158.87999992370607,180.22997434318285,100.5,213.89999389648438,True,True,True,True,False,True,True,False,False,60.61706433905971,dry,11.198208286674133,False,False,False,False,,Food Products,Packaged Foods,91.05263157894737,True,False
MAHSCOOTER.NS,2026-09-22,13313.0,13162.9921875,13312.619303385416,13141.31240234375,12668.0948046875,12900.392880859376,13243.237542970766,10721.758704587743,17995.031070725534,True,False,False,True,True,False,False,True,False,-22.890135692878964,noise,87.03723246064258,False,False,False,False,,Finance,Investment Company,37.97570850202429,False,False
MAHSEAMLES.NS,2026-09-22,697.3499755859375,704.8875071207682,646.5972103542751,624.6118688964843,605.7104239908854,587.1728689575195,701.8328931573058,493.1502386104819,738.5999755859375,True,True,True,True,True,True,True,False,False,15.323049182803272,noise,42.12779687575237,False,False,False,False,,Industrial Products,Iron & Steel Products,75.74898785425101,True,True
MAHAPEXLTD.NS,2026-09-22,53.790000915527344,54.52916653951009,53.913888931274414,51.23519989013672,55.469249928792316,65.79473739624024,54.55751542975029,42.0,117.88999938964844,False,False,False,False,True,False,False,False,False,-47.29570624901699,dry,13.157712722458514,False,True,False,False,,Finance,Other Financial Services,10.526315789473683,False,False
MFML.NS,2026-09-22,19.260000228881836,18.77750015258789,18.903055561913384,18.88259994506836,21.893333333333334,22.6458500289917,18.864473583602546,17.299999237060547,34.5,False,False,False,False,True,False,False,True,False,-41.45896858475202,dry,11.23365038781137,False,True,False,False,,Textiles & Apparels,Other Textile Products,15.546558704453442,False,False
MHLXMIRU.NS,2026-09-22,163.25999450683594,159.23666763305664,170.31472312079535,161.7166015625,166.03546752929688,175.93955070495605,159.28171422373094,105.52999877929688,244.64999389648438,False,False,False,False,True,True,False,True,False,-25.8650469521986,noise,83.8937536238631,False,False,False,False,,Textiles & Apparels,Other Textile Products,33.88663967611336,False,False
MAHASTEEL.NS,2026-09-22,1101.800048828125,1244.1750081380208,1182.0972188313801,1087.335994873047,936.5646659342448,908.5032492065429,1202.9429019807392,384.1499938964844,1421.0,True,True,True,True,True,True,True,False,False,180.67764185212903,dry,16.25763257110073,False,False,False,False,,Industrial Products,Iron & Steel Products,98.70445344129554,True,True
MGL.NS,2026-09-22,1067.300048828125,1083.2333374023438,1096.5470547146267,1091.7161474609375,1082.8979089355469,1081.2995724487305,1079.014788898843,885.652283987356,1321.2765814535287,False,True,False,True,False,False,True,False,False,-18.495187403360504,noise,90.82494010000994,False,False,False,False,,Gas,LPG/CNG/PNG/LNG Supplier,43.7246963562753,False,False
MAHESHWARI.NS,2026-09-22,71.52999877929688,71.11416689554851,72.24833318922255,72.49459991455078,60.59240018208822,57.041600189208985,71.08188235455424,39.040000915527344,76.80999755859375,True,True,True,True,False,True,True,True,False,18.899599336308626,noise,84.64235137594834,False,False,False,False,,Diversified,Diversified,78.09716599190284,True,False
MAHICKRA.NS,2026-09-21,314.5,303.1541697184245,286.4000006781684,277.86900146484373,242.07915557861327,220.5909558105469,306.3354561706926,130.91812553661782,314.5,True,True,True,True,True,True,True,True,False,100.44375413861756,dry,0.0,False,False,True,False,,Chemicals & Petrochemicals,Dyes And Pigments,95.87044534412955,True,True
MAHEPC.NS,2026-09-22,98.75,101.83833312988281,104.96666611565485,106.57159973144532,112.77106684366862,115.8813000869751,101.34514355245562,91.91000366210938,160.6300048828125,False,False,False,False,False,False,False,False,False,-37.269723574751836,noise,91.24409354588398,False,False,False,False,,Industrial Manufacturing,Industrial Products,19.67611336032389,False,False
MHRIL.NS,2026-09-22,199.07000732421875,198.4533322652181,212.88833279079861,215.15440002441406,235.72846659342449,252.4961001586914,199.25305398422026,188.2100067138672,368.8999938964844,False,False,False,False,False,False,False,False,False,-44.77947092254681,noise,30.362967045919863,False,True,False,False,,Leisure Services,Hotels & Resorts,12.591093117408908,False,False
MAHLIFE.NS,2026-09-22,359.04998779296875,358.6666615804036,370.8361078898112,373.3059979248047,351.6153894042969,357.88210052490234,359.4738901768964,284.10304615801056,423.03422522089073,True,False,False,True,False,False,True,False,False,-2.98223650586138,noise,32.54837962954047,False,False,False,False,,Realty,"Residential, Commercial Projects",60.5668016194332,False,False
MAHLOG.NS,2026-09-22,400.29998779296875,397.0208333333333,401.1486129760742,401.3540008544922,384.74700256347654,370.9378375244141,395.98145146388975,273.2820886223393,447.10758500270833,True,True,True,True,False,True,True,True,False,10.653549564907383,noise,24.235171011794826,False,False,False,False,,Transport Services,Logistics Solution Provider,72.42914979757084,True,False
MAITHANALL.NS,2026-09-22,994.9500122070312,1033.5033009847004,997.2522345648872,992.2175073242188,980.9380069986979,983.347568359375,1012.3887457838749,816.7156645855056,1202.9048357348615,True,False,False,True,True,False,True,False,False,-13.46817770329185,noise,49.20334330714465,False,False,False,False,,Ferrous Metals,Ferro & Silica Manganese,48.8663967611336,False,False
MAITREYA.NS,2026-09-21,107.75,117.36666615804036,117.6875,119.75000015258789,155.60366653442384,170.8672494125366,115.44223444910264,103.0999984741211,292.95001220703125,False,False,False,False,False,False,False,False,False,-55.47520661157025,red,205.35714285714283,False,False,False,True,,Healthcare Services,Hospital,5.870445344129554,False,False
MAJESAUT.NS,2026-09-22,,,,,,,,,,False,False,False,False,False,False,False,False,False,,dry,6.651884700665188,False,False,False,False,,Commercial Services & Supplies,Diversified Commercial Services,,False,False
MAKERSL.NS,2026-09-22,,,,,,,,,,False,False,False,False,False,False,False,False,False,,noise,,False,False,False,False,,Pharmaceuticals & Biotechnology,Pharmaceuticals,,False,False
MAKS.NS,2026-09-21,14.350000381469727,14.9333336353302,15.309722423553467,16.302000007629395,22.916666564941405,24.70274983406067,14.646707609157286,12.649999618530273,36.0,False,False,False,False,False,False,False,False,False,-56.51515035918264,dry,0.0,False,False,False,False,,Industrial Products,"Compressors, Pumps & Diesel Engines",5.344129554655871,False,False
MALLCOM.NS,2026-09-22,951.7000122070312,960.4268900553385,976.0057084825304,991.3087780761718,1031.9163830566406,1059.4659524536132,957.4065463749031,902.3442596099511,1515.2883615769324,False,False,False,False,False,False,False,False,False,-28.194111482170435,noise,80.05574208115529,False,True,False,False,,Industrial Products,Other Industrial Products,30.850202429149796,False,False
MALUPAPER.NS,2026-09-22,31.979999542236328,32.99083296457926,32.35277764002482,32.3147998046875,32.06493326822917,32.63839994430542,32.49555112876183,27.0,44.11000061035156,False,False,False,False,False,False,False,False,False,-21.75189533149925,dry,18.18626758666787,False,False,False,False,,"Paper, Forest & Jute Products",Paper & Paper Products,39.67611336032389,False,False
MAMATA.NS,2026-09-22,403.54998779296875,406.8458302815755,411.1486095852322,404.9913659667969,396.57524434407554,400.5995281982422,403.623702513031,296.61573458793464,514.3336672504768,True,False,False,True,False,True,True,False,False,-19.08834555067237,noise,63.839457902651084,False,False,False,False,,Industrial Manufacturing,Industrial Products,42.99595141700404,False,False
MANINDS.NS,2026-09-22,849.9000244140625,835.4166666666666,719.7958357069227,667.3659997558593,553.163998819987,509.7947491455078,831.487819239969,302.04998779296875,944.0,True,True,True,True,True,True,True,True,False,93.42285758298972,noise,57.954727480864754,False,False,False,False,,Industrial Products,Iron & Steel Products,95.10121457489879,True,True
MANINFRA.NS,2026-09-22,124.04000091552734,125.74083455403645,117.1380558013916,112.10699996948242,108.33550053914388,111.36808017730714,124.58576955261427,76.65347017879223,158.88561185773062,True,False,False,True,True,True,True,False,False,-20.599581621140427,noise,49.034650484691134,False,True,False,False,,Realty,"Residential, Commercial Projects",41.093117408906885,False,False
MANAKSIA.NS,2026-09-22,65.33999633789062,66.17833391825359,60.805833392673065,59.6134001159668,58.25039995829264,59.58874988555908,64.85467677828565,42.099998474121094,73.4000015258789,True,False,False,True,True,True,True,True,False,-7.358574409800934,green,102.04992439439664,False,False,False,False,,Industrial Products,Iron & Steel Products,55.54655870445344,False,False
MANAKALUCO.NS,2026-09-22,35.36000061035156,36.78830655415853,38.03000005086263,37.42496154785156,34.14555934906006,34.50893396377563,36.20976867667794,21.700531215855428,68.0276235995725,True,False,True,True,False,True,False,False,False,18.263249513775804,noise,30.614996687131534,False,False,False,False,,Non - Ferrous Metals,Aluminium,77.6923076923077,True,False
MANAKCOAT.NS,2026-09-22,132.6699981689453,127.40416717529297,122.93800523546007,123.18483840942383,114.18157704671223,117.90807033538819,128.87917793553987,94.16217512580242,182.7466119542093,True,False,False,True,True,True,False,True,False,-4.652806442146618,noise,45.49496484276784,False,True,False,False,,Industrial Products,Iron & Steel Products,59.068825910931174,False,False
MANAKSTEEL.NS,2026-09-22,107.25,108.87666765848796,95.36277792188856,88.9354002380371,72.60600016276042,70.32565006256104,107.54155722721923,45.11000061035156,120.76000213623047,True,True,True,True,True,True,True,False,False,78.51197858080567,dry,15.11589799578587,False,True,False,False,,Ferrous Metals,Iron & Steel,93.4412955465587,True,True
MANALIPETC.NS,2026-09-22,84.87000274658203,84.48090553283691,76.59618907504611,73.21148170471191,61.666242090861004,61.01719463348389,83.71098593402844,38.89405126649905,92.43921791593199,True,True,True,True,True,True,True,True,False,26.047924377234978,dry,18.402001936383552,False,True,False,False,,Chemicals & Petrochemicals,Petrochemicals,81.49797570850203,True,True
MANAPPURAM.NS,2026-09-22,319.29998779296875,322.31249745686847,342.33873070610895,344.6029370117187,311.8718617757161,308.18931457519534,322.3687542091428,244.06078978586396,380.45671483079525,True,True,True,True,False,True,True,False,False,9.512522299569737,noise,40.55904401882002,False,False,False,False,,Finance,Non Banking Financial Company (NBFC),71.57894736842105,True,False
MANAV.NS,2026-09-21,40.75,40.15833346048991,32.14305565092299,31.63299995422363,37.59466667175293,35.38375000953674,39.88196486013873,15.75,47.0,True,True,True,False,True,True,True,True,False,158.73015873015873,dry,0.0,False,False,False,False,,Construction,Civil Construction,98.17813765182186,True,False
MANBA.NS,2026-09-22,136.41000366210938,132.29243596394858,131.32048479715982,132.90202011108397,122.37306686401367,125.467724609375,133.3799638623867,97.63307782339018,153.42342458023612,True,False,False,True,True,True,True,True,False,-1.337529504327306,red,217.26080228523008,False,False,False,False,,Finance,Non Banking Financial Company (NBFC),62.0242914979757,False,False
MANDEEP.NS,2026-09-21,17.850000381469727,17.40833346048991,18.32222228580051,18.720000038146974,19.528000043233234,20.224000062942505,17.533047681380097,16.149999618530273,30.700000762939453,False,False,False,False,False,False,False,True,False,-39.5939057789115,green,212.7659574468085,False,False,False,False,,Auto Components,Auto Components & Equipments,17.125506072874494,False,False
MANCREDIT.NS,2026-09-22,222.52999877929688,220.4072265625,228.93186230129666,228.41641174316408,201.33221995035808,192.27131141662596,221.91479287001656,151.53824189683678,286.28429630144484,True,True,True,True,False,True,True,True,False,16.142826186175885,noise,38.35232133493663,False,True,False,False,,Finance,Non Banking Financial Company (NBFC),76.43724696356276,True,False
MEIL.NS,2026-09-22,271.75,276.9250030517578,277.70277828640405,282.24300048828127,284.28660013834633,296.5234499359131,274.32134307062717,206.25999450683594,509.8999938964844,False,False,False,False,False,True,False,False,False,-45.2833980993383,noise,32.40735907581071,False,True,False,False,,Electrical Equipment,Other Electrical Equipment,11.983805668016194,False,False
MAL.NS,2026-09-21,43.70000076293945,42.708333333333336,35.00694433848063,34.30299999237061,36.21699995676676,39.34349987983703,42.37295333784478,28.950000762939453,60.900001525878906,True,False,False,False,True,True,False,True,False,-25.932202096712786,noise,99.30486593843099,False,False,False,False,,Industrial Products,Iron & Steel Products,33.80566801619433,False,False
MANGLMCEM.NS,2026-09-22,1006.2999877929688,1034.3999837239583,996.6876559787327,989.5875,909.8393115234375,873.1572457885742,1023.6394117645694,678.2213010338754,1120.0,True,True,True,True,True,True,True,False,False,35.89142710148599,noise,38.982059055124665,False,False,False,False,,Cement & Cement Products,Cement & Cement Products,84.77732793522267,True,True
MANGALAM.NS,2026-09-22,32.2400016784668,32.92166646321615,30.251944541931152,29.426400032043457,29.506199963887532,30.478549938201905,32.786585986314755,22.799999237060547,77.5999984741211,True,False,False,False,True,True,False,False,False,-57.65138205489777,noise,90.32019550236396,False,False,False,False,,Pharmaceuticals & Biotechnology,Pharmaceuticals,4.65587044534413,False,False
MGEL.NS,2026-09-22,15.520000457763672,15.700000127156576,14.977222204208374,15.321994647979736,14.122714303334554,13.92935631275177,15.546970588945733,9.524065247834445,18.388542242752667,True,True,False,True,True,True,True,False,False,-0.06646719956691083,red,771.3627967201769,False,False,False,False,,Agricultural Food & other Products,Other Agricultural Products,63.522267206477736,False,False
MANORG.NS,2026-09-22,459.5,468.4791666666667,470.64444224039715,489.4269989013672,485.5236680094401,480.92450134277345,464.2389110155834,356.25,635.0,False,True,False,True,False,False,False,False,False,-18.506691514440497,noise,22.738761107991827,False,False,False,False,,Chemicals & Petrochemicals,Commodity Chemicals,43.684210526315795,False,False
MSL.NS,2026-09-22,,,,,,,,,,False,False,False,False,False,False,False,False,False,,noise,,False,False,False,False,,Agricultural Food & other Products,Other Agricultural Products,,False,False
MWL.NS,2026-09-22,42.029998779296875,40.22749996185303,40.514444245232475,39.34572479248047,34.67650872548421,32.84158571243286,40.942698639769766,19.98028894668577,48.0,True,True,True,True,True,True,True,True,False,75.41764316282863,noise,26.59576148293387,False,True,False,False,,Metals & Minerals Trading,Trading - Metals,92.99595141700405,True,True
MANIPALHOS.NS,2026-09-22,,,,,,,,,,False,False,False,False,False,False,False,False,False,,noise,,False,False,False,False,,Healthcare Services,Hospital,,False,False
MANKIND.NS,2026-09-22,2480.0,2311.2833251953125,2370.344434950087,2419.019990234375,2331.0426611328126,2286.7974963378906,2349.832257980081,1909.699951171875,2674.0,True,True,False,True,True,False,True,True,False,-6.787945990656108,ppv,159.03340254117936,False,False,False,False,,Pharmaceuticals & Biotechnology,Pharmaceuticals,56.396761133603235,False,False
MVGJL.NS,2026-09-22,213.25999450683594,208.79833221435547,175.62611050075955,172.14519897460937,162.24019999186197,166.22430000305175,205.91371144164285,129.10000610351562,233.99000549316406,True,False,False,True,True,True,True,True,False,4.6777592790223865,red,120.32859999277376,False,False,False,False,,Consumer Durables,"Gems, Jewellery And Watches",67.28744939271255,False,False
MANOMAY.NS,2026-09-22,227.35000610351562,229.9275016784668,222.13944498697916,215.35080017089842,206.16093322753906,208.61415016174317,227.54939122429167,160.25,259.8800048828125,True,False,False,True,True,True,True,False,False,29.677159825277656,noise,88.81136474419176,False,True,False,False,,Textiles & Apparels,Other Textile Products,82.91497975708502,True,False
MANORAMA.NS,2026-09-22,1911.0,2005.542460123698,1873.4766642252605,1799.9400805664063,1554.1784456380208,1497.2215643310547,1960.0446466877747,1060.1930872125888,2148.6752714346185,True,True,True,True,True,True,True,False,False,34.13790825429606,dry,17.44078347765677,False,False,False,False,,Food Products,Other Food Products,84.29149797570851,True,True
MANUGRAPH.NS,2026-09-22,20.219999313354492,16.014999945958454,15.711944500605265,15.337200031280517,14.68613332748413,14.954999995231628,16.906193125297,9.649999618530273,24.0,True,False,False,True,True,True,True,True,False,-9.570667435520363,ppv,739.7504005695191,False,False,False,False,,Industrial Manufacturing,Industrial Products,53.522267206477736,False,False
MARALOVER.NS,2026-09-22,61.11000061035156,61.51000054677328,56.81888898213705,56.82920013427734,51.66113327026367,49.49429996490478,59.85439469695131,34.11000061035156,68.88999938964844,True,True,True,True,True,True,True,True,False,20.43752185425256,green,128.58940714068976,False,False,False,False,,Textiles & Apparels,Other Textile Products,78.98785425101215,True,True
MARATHON.NS,2026-09-22,417.79998779296875,427.73653411865234,403.1038182576497,399.11221984863283,425.32926717122393,447.61239486694336,420.0412662939725,343.2192547389346,683.7450803389605,False,False,False,False,True,False,False,False,False,-36.61577645369435,dry,19.351594174661727,False,True,False,False,,Realty,"Residential, Commercial Projects",20.323886639676115,False,False
MARC.NS,2026-09-21,,,,,,,,,,False,False,False,False,False,False,False,False,False,,dry,11.273957158962796,False,False,False,False,,Commercial Services & Supplies,Consulting Services,,False,False
MARCO.NS,2026-09-21,27.850000381469727,30.591667016347248,31.615277979109024,31.876000213623048,33.65566680908203,34.22150008201599,30.200610093490965,26.600000381469727,44.5,False,False,False,False,False,False,False,False,False,-32.23843937851804,red,289.8550724637681,False,False,False,False,,Industrial Products,Cables - Electricals,25.587044534412957,False,False
MARICO.NS,2026-09-22,830.0,810.6416727701823,834.7444458007812,841.4705786132813,810.132802327474,793.8050839233398,815.7766811400093,687.1576231263153,889.0999755859375,True,True,True,True,False,False,True,True,False,16.313821991454414,noise,63.41692985252693,False,False,False,False,,Agricultural Food & other Products,Edible Oil,76.59919028340082,True,False
MARINE.NS,2026-09-22,411.45001220703125,402.7522710164388,383.04583740234375,348.7494287109375,264.00264353434244,247.36573364257814,399.8680106855511,150.74930410802895,449.66979114957604,True,True,True,True,True,True,True,True,False,81.62865434976936,noise,95.29244286330616,False,False,False,False,,Industrial Manufacturing,Industrial Products,93.84615384615384,True,True
MARINETRAN.NS,2026-09-21,13.850000381469727,15.458333651224772,15.829166889190674,15.355000114440918,16.25366671880086,17.26574999809265,15.054400149807726,13.300000190734863,28.200000762939453,False,False,False,False,False,False,False,False,False,-13.437497615814209,red,217.39130434782606,False,False,False,False,,Transport Services,Logistics Solution Provider,48.94736842105264,False,False
MARKOLINES.NS,2026-09-22,,,,,,,,,,False,False,False,False,False,False,False,False,False,,noise,97.50005720477711,False,False,False,False,,Construction,Civil Construction,,False,False
MARKSANS.NS,2026-09-22,332.95001220703125,327.5416666666667,316.51202816433374,300.44142333984377,238.8308547973633,223.6548378753662,327.05494937069176,154.57339337516265,349.95001220703125,True,True,True,True,True,True,True,True,False,91.60339220763072,noise,44.30777273461927,False,False,False,False,,Pharmaceuticals & Biotechnology,Pharmaceuticals,94.77732793522267,True,True
MARSONS.NS,2026-09-22,,,,,,,,,,False,False,False,False,False,False,False,False,False,,noise,31.74478378010839,False,True,False,False,,Electrical Equipment,Heavy Electrical Equipment,,False,False
MARUTI.NS,2026-09-22,12190.0,12382.5,13205.278645833334,13323.9151953125,13333.678522135417,13948.05595703125,12347.69370487441,12079.682710510879,17197.28603290768,False,False,False,False,False,False,False,False,False,-22.152093092988967,noise,66.70590538151113,False,False,False,False,,Automobiles,Passenger Cars & Utility Vehicles,39.02834008097166,False,False
MDL.NS,2026-09-21,60.0,61.166666666666664,59.99444442325168,62.34900009155273,58.737333374023436,60.53724994659424,60.53403934877011,43.0,104.80000305175781,False,False,False,True,False,True,False,False,False,-40.74074074074075,noise,156.7398119122257,False,False,False,False,,Consumer Durables,"Furniture, Home Furnishing",16.234817813765183,False,False
MASFIN.NS,2026-09-22,289.3500061035156,291.6666666666667,298.08309597439234,303.4675018310547,310.3908026123047,312.06124649047854,291.37301403139696,276.63910454086505,357.9301909358125,False,False,False,False,False,False,True,False,False,-7.646385813493916,red,104.75118335922191,False,False,False,False,,Finance,Non Banking Financial Company (NBFC),55.38461538461539,False,False
MASKINVEST.NS,2026-09-22,144.30999755859375,145.41416549682617,147.73944515652127,148.67760070800782,146.95300033569336,147.78350032806395,144.3076776456201,114.94000244140625,246.08999633789062,False,False,False,True,False,False,False,True,False,-0.06925150680670011,red,166.94413614502403,False,False,False,False,,Finance,Investment Company,63.48178137651822,False,False
MASON.NS,2026-09-21,110.05000305175781,113.35000101725261,117.5902779897054,119.06200012207032,132.66399993896485,146.4319997406006,113.21824690546079,101.19999694824219,220.0,False,False,False,False,False,False,False,False,False,-46.93828047715133,noise,29.259509340535672,False,True,False,False,,Realty,"Residential, Commercial Projects",10.809716599190283,False,False
MASTEK.NS,2026-09-22,1567.9000244140625,1624.383321126302,1712.8081936306423,1729.2603784179687,1639.9804557291666,1740.7757452392577,1621.1390849311085,1322.9728365112476,2378.7157609176897,False,False,False,False,False,False,False,False,False,-32.39071780214723,dry,19.282713006332497,False,False,False,False,,IT - Software,Computers - Software & Consulting,25.263157894736842,False,False
MASTER.NS,2026-09-21,395.0,413.1625010172526,448.3125,447.6659997558594,369.39991638183596,358.90690383911135,409.72582238498103,281.8980771263174,502.0,True,True,True,True,False,True,True,False,False,13.259924252805423,noise,62.5,False,False,False,False,,Industrial Products,Plastic Products - Industrial,74.08906882591093,True,False
MASTERTR.NS,2026-09-22,86.45999908447266,89.32249959309895,83.93722195095486,84.20419982910157,81.33293332417806,87.91620012283325,87.83217851594421,55.599998474121094,164.5,False,False,False,False,True,True,False,False,False,-39.28370590568739,noise,21.451975363923403,False,False,False,False,,Capital Markets,Stockbroking & Allied,17.530364372469638,False,False
MATRIMONY.NS,2026-09-22,550.75,525.4833297729492,515.1806335449219,491.0004412841797,441.07141947428386,463.2302404785156,531.9399274946481,359.8286404253853,566.3557799316015,True,False,True,True,True,True,True,True,False,8.480705472359062,noise,24.375176967382597,False,True,False,False,,Retailing,Internet & Catalogue Retail,70.56680161943319,True,False
MAWANASUG.NS,2026-09-22,131.42999267578125,133.09666633605957,132.2355548010932,126.23579956054688,105.56211263020833,99.14959018707276,131.23885069647187,72.43959449258234,164.0,True,True,True,True,True,True,True,True,False,48.90750430447031,noise,83.44445073727886,False,False,False,False,,Agricultural Food & other Products,Sugar,88.8663967611336,True,True
MAXESTATES.NS,2026-09-22,595.0499877929688,566.2749989827474,505.6972240871853,476.39400146484377,430.2813330078125,428.80299987792966,573.8682666327646,305.45001220703125,623.0,True,True,True,True,True,True,True,True,False,29.092086350939894,noise,61.0284004655088,False,True,False,False,,Realty,"Residential, Commercial Projects",82.5506072874494,True,True
MFSL.NS,2026-09-22,1554.199951171875,1505.8999938964844,1532.3472222222222,1532.0480004882813,1607.936669108073,1627.3810003662109,1527.5870721857168,1423.5999755859375,1892.5,False,False,False,False,True,False,True,True,False,-0.16059613788245164,noise,42.12808415762309,False,True,False,False,,Insurance,Life Insurance,63.40080971659919,False,False
MAXHEALTH.NS,2026-09-22,1056.5,1033.4083251953125,1025.1416642930772,1045.9759997558594,1033.7735184733074,1034.2791918945313,1040.184842864391,901.3980430128952,1219.732372328196,True,False,False,True,True,False,True,True,False,-9.663908349268112,noise,62.92794116510885,False,False,False,False,,Healthcare Services,Hospital,53.319838056680155,False,False
MAXIND.NS,2026-09-22,151.86000061035156,146.9283332824707,154.03805584377713,158.3674008178711,156.81406631469727,161.71084957122804,148.033214692422,120.0,241.57000732421875,False,False,False,False,False,False,False,True,False,-28.841198629661957,noise,28.7396937573616,False,False,False,False,,Finance,Holding Company,29.797570850202433,False,False
MAXPOSURE.NS,2026-09-21,40.099998474121094,33.03333314259847,32.3513888253106,32.82099983215332,35.16166667938232,37.15899994850159,35.26670281578809,28.5,61.20000076293945,True,False,False,False,True,True,False,True,True,-30.802419419869796,ppv,453.80875202593194,False,False,False,False,,Entertainment,Media & Entertainment,27.327935222672068,False,False
MAYURUNIQ.NS,2026-09-22,726.1500244140625,740.2291717529297,747.643079969618,758.397119140625,682.0960947672526,638.4122735595703,741.1896440246942,467.5569640916496,899.9875607705063,True,True,True,True,False,True,True,False,False,40.24682562005235,red,106.22765519482864,False,False,False,False,,Consumer Durables,Leather And Leather Products,86.19433198380567,True,False
MAZDOCK.NS,2026-09-22,2204.0,2315.3749796549478,2458.6021592881943,2422.995068359375,2439.354698893229,2438.905714111328,2287.2879547675293,2053.692522278021,3039.7424286023584,False,True,False,False,False,False,False,False,False,-25.4232269934758,noise,82.43270173837607,False,False,False,False,,Industrial Manufacturing,Ship Building & Allied Services,34.41295546558704,False,False
MAZDA.NS,2026-09-22,242.75,261.4250017801921,244.39069832695856,237.29201324462892,217.10969868977864,215.0214936065674,256.05217542401573,156.86611422200318,303.4847005208333,True,True,False,True,True,True,True,False,False,-10.47904390418919,red,1099.3448593771482,False,False,False,False,,Industrial Manufacturing,Industrial Products,52.42914979757085,False,False
MBLINFRA.NS,2026-09-22,21.760000228881836,22.80999994277954,23.691666709052193,24.098400077819825,25.128400014241535,26.32159996032715,22.453767397490623,18.3700008392334,48.849998474121094,False,False,False,False,False,False,False,False,False,-53.254563726055395,noise,51.28948895100469,False,False,False,False,,Construction,Civil Construction,6.842105263157896,False,False
MCLEODRUSS.NS,2026-09-22,44.959999084472656,43.954166412353516,46.89361106024848,48.72119987487793,51.87806666056315,50.18224998474121,44.48705870809031,28.5,78.41000366210938,False,True,False,False,False,True,False,True,False,19.415663379373814,red,205.2775467052998,False,False,False,False,,Agricultural Food & other Products,Tea & Coffee,78.46153846153847,True,False
MBECL.NS,2026-09-22,430.0899963378906,342.3241704305013,171.8427800072564,142.0388020324707,90.94626836140951,84.55970165252685,356.9011357395752,65.4000015258789,430.0899963378906,True,True,False,True,True,True,True,True,False,557.6299484759235,ppv,775.5922508229453,True,False,True,False,,Construction,Civil Construction,99.87854251012146,True,False
MCON.NS,2026-09-21,39.04999923706055,41.291666666666664,43.25694444444444,43.53800003051758,45.61933334350586,49.177749977111816,40.841506726382796,37.29999923706055,80.0,False,False,False,False,False,False,False,False,False,-49.58037343351137,red,173.0769230769231,False,False,False,False,,Other Construction Materials,Other Construction Materials,9.02834008097166,False,False
MEDIASSIST.NS,2026-09-22,328.6000061035156,323.14010365804035,338.7449705335829,341.95551208496096,350.98741231282554,371.7036294555664,325.59516478702494,291.1860276489772,571.9867367161792,False,False,False,False,False,False,False,True,False,-38.44991908649771,red,385.27269101592464,False,False,False,False,,Insurance,Insurance Distributors,18.25910931174089,False,False
MEDICAPQ.NS,2026-09-22,,,,,,,,,,False,False,False,False,False,False,False,False,False,,noise,,False,True,False,False,,Pharmaceuticals & Biotechnology,Pharmaceuticals,,False,False
MMWL.NS,2026-09-22,,,,,,,,,,False,False,False,False,False,False,False,False,False,,noise,21.69063994121262,False,False,False,False,,Entertainment,"Film Production, Distribution & Exhibition",,False,False
MEDICAMEQ.NS,2026-09-22,319.5,316.5870539347331,267.2639622158474,259.2918194580078,259.6971548461914,287.17202598571777,316.8650577813238,211.78665368671918,446.3573451542181,True,False,False,False,True,True,False,True,False,-4.064287905661812,noise,37.660983955615315,False,True,False,False,,Pharmaceuticals & Biotechnology,Pharmaceuticals,59.59514170040487,False,False
MEDIORG.NS,2026-09-21,22.0,24.38333336512248,24.881944285498726,24.720999908447265,24.724999987284342,24.82775001525879,23.467592243708225,19.100000381469727,38.0,False,False,False,False,False,False,False,False,False,-38.37535145702733,noise,42.016806722689076,False,False,False,False,,Pharmaceuticals & Biotechnology,Pharmaceuticals,18.34008097165992,False,False
MEDICO.NS,2026-09-22,33.959999084472656,36.50749969482422,41.63055557674832,41.448399963378904,41.82046648661296,43.796649894714356,35.94196971070237,30.219999313354492,56.880001068115234,False,False,False,False,False,False,False,False,False,-12.17998269328886,noise,35.37034908223164,False,False,False,False,,Pharmaceuticals & Biotechnology,Pharmaceuticals,50.48582995951417,False,False
MEDPLUS.NS,2026-09-22,655.5499877929688,659.4791717529297,670.1722208658854,690.4080004882812,801.0513358561197,806.4385012817382,659.5221695482944,645.0,1022.2000122070312,False,False,False,False,False,False,False,False,False,-21.80007189086742,dry,9.701469855256247,False,False,False,False,,Retailing,Pharmacy Retail,39.554655870445345,False,False
MEESHO.NS,2026-09-22,,,,,,,,,,False,False,False,False,False,False,False,False,False,,ppv,651.3132122843004,True,False,True,False,,Retailing,E-Retail/ E-Commerce,,False,False
MEGAFLEX.NS,2026-09-21,94.55000305175781,95.8000005086263,96.93333350287543,97.88700012207032,123.59966649373372,120.7302498626709,95.73368348240686,43.5,155.0500030517578,False,True,False,False,False,True,False,False,False,43.25758038145122,dry,0.0,False,True,False,False,,Industrial Products,Packaging,86.92307692307692,True,False
MEGASTAR.NS,2026-09-22,276.1000061035156,284.99583689371747,304.5875032212999,314.7930010986328,298.05440022786456,281.7536502075195,283.1015348169129,203.0,392.0,False,True,True,True,False,True,False,False,False,23.700721271757196,noise,49.08802836825924,False,True,False,False,,Food Products,Other Food Products,80.68825910931174,True,False
MEGATHERM.NS,2026-09-21,253.0,242.60416793823242,219.2180561489529,218.8790005493164,223.00033315022787,221.51049980163575,247.9995236601304,170.0,309.0,True,True,False,False,True,True,True,True,False,-16.844700082169272,noise,40.78857919782461,False,True,False,False,,Industrial Products,Other Industrial Products,45.34412955465587,False,False
MOL.NS,2026-09-22,61.45000076293945,62.565834045410156,60.89138878716363,58.55060005187988,52.2827333577474,54.2888000869751,61.91045227803847,36.5,87.69999694824219,True,False,False,True,True,True,False,False,False,-28.53819945397348,noise,20.049145187204115,False,False,False,False,,Fertilizers & Agrochemicals,Pesticides & Agrochemicals,30.242914979757085,False,False
MIIL.NS,2026-09-22,,,,,,,,,,False,False,False,False,False,False,False,False,False,,noise,,False,True,False,False,,Realty,"Residential, Commercial Projects",,False,False
MENONBE.NS,2026-09-22,306.70001220703125,304.875,274.1866667005751,255.3304885864258,175.6629645284017,160.20380962371826,303.6919416319422,100.57782056732867,330.0,True,True,True,True,True,True,True,True,False,133.77047872380638,noise,62.63440483517857,False,False,False,False,,Auto Components,Auto Components & Equipments,97.28744939271256,True,True
MENNPIS.NS,2026-09-22,,,,,,,,,,False,False,False,False,False,False,False,False,False,,noise,,False,False,False,False,,Auto Components,Auto Components & Equipments,,False,False
MEP.NS,2026-09-22,0.6299999952316284,0.6641666640837988,0.6497222234805425,0.6255999994277954,0.8140666667620341,1.0441999995708466,0.6537880209168903,0.5,2.869999885559082,False,False,False,False,True,False,False,False,False,-60.86956586124379,red,128.672513674797,False,False,False,False,,Transport Infrastructure,"Road AssetsToll, Annuity, Hybrid-Annuity",3.5222672064777325,False,False
MERCANTILE.NS,2026-09-22,,,,,,,,,,False,False,False,False,False,False,False,False,False,,noise,,False,False,False,False,,Commercial Services & Supplies,Diversified Commercial Services,,False,False
MERCURYEV.NS,2026-09-22,,,,,,,,,,False,False,False,False,False,False,False,False,False,,green,137.1001444244962,False,True,False,False,,Automobiles,Passenger Cars & Utility Vehicles,,False,False
METROBRAND.NS,2026-09-22,920.2999877929688,943.1624959309896,939.6282077365452,967.1530029296875,998.1686177571614,1022.2913916015625,937.7869435153865,880.1070066672106,1314.8995083731934,False,False,False,False,False,False,False,False,False,-28.913745550330518,noise,87.98092028993358,False,False,False,False,,Consumer Durables,Footwear,29.7165991902834,False,False
METROGLOBL.NS,2026-09-22,,,,,,,,,,False,False,False,False,False,False,False,False,False,,noise,23.903920325789308,False,True,False,False,,Commercial Services & Supplies,Trading & Distributors,,False,False
METROPOLIS.NS,2026-09-22,592.4000244140625,587.6333363850912,574.5694478352865,574.9760021972656,525.1954579671224,513.4054733276367,588.3315393223629,411.4375158286193,609.0499877929688,True,True,True,True,True,True,True,True,False,14.412023381075523,noise,40.91141548593472,False,False,False,False,,Healthcare Services,Healthcare Service Provider,75.02024291497976,True,True
MICEL.NS,2026-09-22,34.029998779296875,35.10916646321615,36.598611195882164,36.763199996948245,39.057266565958656,39.72209987640381,34.728036987377244,29.969999313354492,69.4000015258789,False,False,False,False,False,False,False,False,False,-48.49402310204232,noise,74.12258666681039,False,False,False,False,,Industrial Products,Other Industrial Products,9.635627530364372,False,False
MICROPRO.NS,2026-09-21,18.350000381469727,18.89999993642171,18.715277618832058,18.941000022888183,19.200666726430256,19.35425003528595,18.617366651060937,15.149999618530273,25.399999618530273,False,False,False,False,False,False,False,False,False,-21.41327588143398,dry,0.0,False,False,False,False,,IT - Software,Computers - Software & Consulting,40.08097165991903,False,False
MIDWESTLTD.NS,2026-09-22,,,,,,,,,,False,False,False,False,False,False,False,False,False,,noise,87.6801872434395,False,False,False,False,,Consumer Durables,Granites & Marbles,,False,False
MLKFOOD.NS,2026-09-22,,,,,,,,,,False,False,False,False,False,False,False,False,False,,noise,,False,False,False,False,,Food Products,Dairy Products,,False,False
MILKYMIST.NS,2026-09-22,,,,,,,,,,False,False,False,False,False,False,False,False,False,,noise,,False,False,True,False,,Food Products,Dairy Products,,False,False
MILTON.NS,2026-09-21,36.20000076293945,37.24166679382324,37.15416664547391,36.713000259399415,41.99799997965495,41.12249994277954,36.92749328935213,24.850000381469727,53.5,False,True,True,False,False,True,False,False,False,31.63636641068892,dry,0.0,False,False,False,False,,Consumer Durables,Plywood Boards/ Laminates,83.6842105263158,True,False
MINALIND.NS,2026-09-22,,,,,,,,,,False,False,False,False,False,False,False,False,False,,noise,,False,False,False,False,,Commercial Services & Supplies,Trading & Distributors,,False,False
MINDACORP.NS,2026-09-22,685.4000244140625,692.2374979654948,709.9179263644749,702.9901245117187,617.3252681477865,607.3507897949219,689.3164229684619,467.97365403461544,769.0,True,True,True,True,False,True,True,False,False,25.05543340958316,noise,23.359533310263554,False,False,False,False,,Auto Components,Auto Components & Equipments,81.17408906882592,True,False
MINDPOOL.NS,2026-09-21,71.0999984741211,71.0999984741211,71.0999984741211,71.0999984741211,71.0999984741211,71.0999984741211,71.09999847412104,71.0999984741211,71.0999984741211,False,False,False,False,False,False,True,True,False,0.0,dry,0.0,False,False,True,True,,IT - Services,IT Enabled Services,63.58299595141701,False,False
MINDSPACE.NS,2026-09-21,505.1400146484375,497.975835164388,495.3231930202908,492.9289776611328,469.3047975667318,468.73918365478517,499.402372047557,406.1813134441438,512.0,True,True,True,True,True,False,True,True,False,21.399131349774247,red,102.69602932838808,False,False,False,False,,Realty,Real Estate Investment Trusts (REITs),79.55465587044534,True,False
MINDTECK.NS,2026-09-22,157.94000244140625,160.125,172.60105005900064,179.52881561279298,192.71739898681642,197.0515397644043,159.30819962940694,144.3729668382626,306.0750642033879,False,False,False,False,False,False,False,False,False,-26.359847519813627,noise,34.007035381934294,False,True,False,False,,IT - Software,Computers - Software & Consulting,33.481781376518214,False,False
MIRZAINT.NS,2026-09-22,29.1200008392334,30.03916660944621,31.343333297305637,32.60559993743897,32.37913335164388,33.58215000152588,29.735220605268786,24.950000762939453,44.0,False,False,False,False,False,False,False,False,False,-31.546779002055846,noise,24.433643625021507,False,False,False,False,,Consumer Durables,Leather And Leather Products,26.396761133603242,False,False
MIDHANI.NS,2026-09-22,415.20001220703125,431.90416463216144,425.7305552164714,418.9100006103516,393.5281406656901,380.0923265075684,421.58104254327753,266.6499938964844,482.3999938964844,True,True,True,True,False,True,True,False,False,3.803416387364411,noise,24.78220552654616,False,False,False,False,,Aerospace & Defense,Aerospace & Defense,66.72064777327935,False,False
MITCON.NS,2026-09-22,80.12000274658203,80.3058344523112,78.85527780320909,77.43100006103515,73.79800003051758,71.40475002288818,80.02854728069238,49.560001373291016,91.69999694824219,True,True,True,True,True,True,True,True,False,23.432442191266368,ppv,1300.5886260049015,False,False,False,False,,Commercial Services & Supplies,Consulting Services,80.5668016194332,True,True
MITTAL.NS,2026-09-22,0.7599999904632568,0.8066666622956594,0.8516666640837988,0.8707999992370605,0.9258000020186107,0.9706999990344047,0.7864415730189632,0.699999988079071,1.690000057220459,False,False,False,False,False,False,False,False,False,-52.50000130385158,noise,87.91351148567372,False,False,False,False,,Textiles & Apparels,Garments & Apparels,7.28744939271255,False,False
MMP.NS,2026-09-22,461.29998779296875,457.6000035603841,394.63341352674695,363.1101232910156,290.33554616292315,280.74659843444823,456.3115908811081,184.26453135354302,498.0,True,True,True,True,True,True,True,True,False,65.82327874409464,red,142.59894218460488,False,False,False,False,,Non - Ferrous Metals,Aluminium,91.90283400809717,True,True
MMTC.NS,2026-09-22,59.66999816894531,61.54499944051107,63.016666412353516,62.880599899291994,63.318266525268555,63.24924993515015,60.83757710100464,50.099998474121094,78.3499984741211,False,True,False,False,False,False,True,False,False,-11.455707509457213,noise,32.35241665325273,False,False,False,False,,Commercial Services & Supplies,Trading & Distributors,51.336032388663966,False,False
MODTHREAD.NS,2026-09-22,46.369998931884766,51.19749959309896,51.7558332019382,50.58999984741211,47.48360005696615,46.52285005569458,49.908871568072,35.61000061035156,65.6500015258789,False,True,True,True,False,True,False,False,False,-9.274117827943796,noise,38.784347102201075,False,False,False,False,,Textiles & Apparels,Other Textile Products,53.886639676113354,False,False
MODINATUR.NS,2026-09-22,,,,,,,,,,False,False,False,False,False,False,False,False,False,,noise,39.426170231679805,False,False,False,False,,Agricultural Food & other Products,Other Agricultural Products,,False,False
MODIRUBBER.NS,2026-09-22,122.04000091552734,124.20416768391927,124.92388979593913,125.10140029907227,125.16553293863932,124.2417999267578,123.3947685831504,98.41000366210938,167.5,False,True,True,False,False,False,False,False,False,5.497925824319871,noise,23.581614712695,False,False,False,False,,Auto Components,Tyres & Rubber Products,68.0161943319838,False,False
MODIS.NS,2026-09-22,,,,,,,,,,False,False,False,False,False,False,False,False,False,,dry,13.120825656821294,False,False,False,False,,Realty,"Residential, Commercial Projects",,False,False
MODISONLTD.NS,2026-09-22,468.25,476.4916636149089,406.165278116862,371.48899963378904,256.9560467529297,229.5618148803711,466.99475690762216,112.84731995786822,546.0,True,True,True,True,True,True,True,True,False,201.97358373521385,noise,52.07478396707125,False,False,False,False,,Electrical Equipment,Other Electrical Equipment,98.98785425101214,True,True
MHHL.NS,2026-09-21,30.5,31.891666571299236,33.643055491977265,34.21499992370605,36.45366662343343,37.121249990463255,31.79455839961087,29.200000762939453,54.0,False,False,False,False,False,False,False,False,False,-43.09701330546517,red,154.63917525773198,False,False,False,False,,Healthcare Equipment & Supplies,Medical Equipment & Supplies,14.17004048582996,False,False
MOHITIND.NS,2026-09-22,22.8700008392334,23.447500069936115,24.18444448047214,23.785600090026854,23.49613328297933,24.36254997253418,23.43581058905525,18.600000381469727,37.650001525878906,False,False,False,False,False,False,False,False,False,-36.48985863585106,noise,33.17220591609244,False,False,False,False,,Textiles & Apparels,Other Textile Products,20.445344129554655,False,False
MOHITE.NS,2026-09-22,,,,,,,,,,False,False,False,False,False,False,False,False,False,,noise,,False,False,False,False,,Textiles & Apparels,Other Textile Products,,False,False
MOIL.NS,2026-09-22,243.1999969482422,244.8408317565918,258.32138866848413,262.4783993530273,285.0011336263021,297.6139929199219,244.2124370751776,234.05999755859375,398.6210131186603,False,False,False,False,False,False,False,False,False,-30.27636855498389,noise,24.142368494390688,False,True,False,False,,Minerals & Mining,Industrial Minerals,27.975708502024293,False,False
MOKSH.NS,2026-09-22,10.0600004196167,10.087500095367432,10.347499953375923,10.491199951171875,11.386066646575928,12.13099998474121,10.081320208769235,8.109999656677246,16.649999618530273,False,False,False,False,False,False,False,False,False,-29.551816472453474,noise,36.07446070276181,False,True,False,False,,Consumer Durables,"Gems, Jewellery And Watches",28.947368421052634,False,False
MOLBIO.NS,2026-09-22,,,,,,,,,,False,False,False,False,False,False,False,False,False,,noise,,False,True,False,False,,Healthcare Equipment & Supplies,Medical Equipment & Supplies,,False,False
MOLDTKPAC.NS,2026-09-22,639.9500122070312,669.1727447509766,683.0230984157986,684.0036071777344,633.7221201578776,618.0042747497558,661.8090292158586,461.32377134684066,825.8450385576938,True,True,True,True,False,True,True,False,False,-21.797294014516922,noise,28.38465333012626,False,False,False,False,,Industrial Products,Packaging,39.59514170040486,False,False
MOLDTECH.NS,2026-09-22,194.44000244140625,202.4582773844401,192.01144154866537,176.09030487060548,142.29634002685546,142.80688446044923,197.43639912285406,100.14482747342075,224.8553567212878,True,False,True,True,True,True,True,False,False,19.031192161447553,dry,11.960072260690321,False,True,False,False,,Construction,Civil Construction,78.2591093117409,True,False
MONARCH.NS,2026-09-22,366.8999938964844,371.4541702270508,379.3297593858507,376.5338360595703,328.68971262613934,321.1453476715088,369.16037159789386,234.84913080056816,405.91149198853304,True,True,True,True,False,True,True,False,False,11.129516776264126,noise,28.783980368911234,False,True,False,False,,Capital Markets,Stockbroking & Allied,72.79352226720648,True,False
MONEYBOXX.NS,2026-09-22,,,,,,,,,,False,False,False,False,False,False,False,False,False,,green,734.4041845341663,False,False,False,False,,Finance,Non Banking Financial Company (NBFC),,False,False
MONOPHARMA.NS,2026-09-21,8.25,8.770833333333334,8.577777690357632,9.091999921798706,10.976666657129924,11.713499963283539,8.648345445940176,7.5,24.25,False,False,False,False,False,False,False,False,False,-65.55323700546116,noise,22.727272727272727,False,False,False,False,,Pharmaceuticals & Biotechnology,Pharmaceuticals,2.591093117408907,False,False
MONTECARLO.NS,2026-09-22,524.3499755859375,535.1691284179688,519.055189344618,518.2644299316406,523.76943359375,545.9932891845704,532.0635677796174,447.2203207724967,829.8154199938156,False,False,False,False,True,False,False,False,False,-15.703033530979194,red,100.21357062107386,False,False,False,False,,Textiles & Apparels,Garments & Apparels,46.518218623481786,False,False
MORARJEE.NS,2026-09-21,8.329999923706055,9.032500187555948,9.962222258249918,10.50879997253418,8.566799971262613,8.280949983596802,8.926946665998713,5.579999923706055,12.40999984741211,False,True,True,True,False,True,False,False,False,-10.90909535987995,dry,0.7945538103622529,False,False,False,False,,Textiles & Apparels,Other Textile Products,51.98380566801619,False,False
MOREPENLAB.NS,2026-09-22,119.04000091552734,116.79109891255696,100.00970649719238,87.90836578369141,59.20110745747884,54.146536331176755,116.7883766443679,32.995170514607494,126.80000305175781,True,True,True,True,True,True,True,True,False,124.21551103555899,noise,44.807189551506724,False,False,False,False,,Pharmaceuticals & Biotechnology,Pharmaceuticals,96.92307692307692,True,True
MOS.NS,2026-09-21,6.050000190734863,6.379166682561238,9.088888804117838,10.039999942779541,13.204666620890299,15.42449995994568,6.30212918700126,5.099999904632568,54.75,False,False,False,False,False,False,False,False,False,-88.55250640414427,ppv,717.2866520787746,False,False,False,False,,Financial Technology (Fintech),Financial Technology (Fintech),0.16194331983805668,False,False
MOSCHIP.NS,2026-09-22,207.3699951171875,208.17416636149088,209.2386114332411,214.04179992675782,203.63553304036458,202.17294998168944,207.6231784307247,146.8000030517578,288.45001220703125,True,True,False,True,False,True,False,False,False,-20.33117357195877,noise,36.75260246288228,False,False,False,False,,IT - Hardware,Computers Hardware & Equipments,41.37651821862348,False,False
MSUMI.NS,2026-09-22,35.150001525878906,36.01583353678385,38.009999910990395,38.713800048828126,39.00145029703776,40.45314548492431,35.868303678566924,34.7599983215332,52.823297143452564,False,False,False,False,False,False,False,False,False,-25.052151941153532,noise,58.0101421706881,False,False,False,False,,Auto Components,Auto Components & Equipments,34.97975708502024,False,False
MOTILALOFS.NS,2026-09-22,1007.0,1013.9583333333334,976.8722229003906,957.7510021972656,864.9026680501302,852.7392807006836,1005.6230258199431,614.9000244140625,1088.3156211947492,True,True,True,True,True,True,True,True,False,6.821855987637204,noise,68.44062109296826,False,False,False,False,,Capital Markets,Stockbroking & Allied,68.90688259109312,False,False
MOTISONS.NS,2026-09-22,18.040000915527344,16.78083348274231,15.982222371631199,15.455400085449218,14.106933358510336,14.113450026512146,17.17154792862242,10.619999885559082,19.399999618530273,True,False,False,True,True,True,True,True,False,-5.648534917895731,ppv,137.20506329192654,False,False,False,False,,Consumer Durables,"Gems, Jewellery And Watches",57.85425101214575,False,False
MOTOGENFIN.NS,2026-09-22,26.280000686645508,26.75500027338664,26.65083334181044,26.81740005493164,25.376133308410644,24.75239999771118,26.29764655666832,17.5,34.400001525878906,True,True,False,True,False,True,True,False,False,-0.4922346138496514,red,329.9498445437513,False,True,False,False,,Commercial Services & Supplies,Diversified Commercial Services,62.75303643724697,False,False
MOXSH.NS,2026-09-21,93.5,93.95833333333333,102.61388884650336,103.485,116.37333450317382,108.793000831604,94.34962149316408,33.5,140.0,False,True,True,False,False,True,False,False,False,141.91460881934285,ppv,180.72289156626508,False,False,False,False,,Other Consumer Services,Education,97.61133603238866,True,False
MPDL.NS,2026-09-22,,,,,,,,,,False,False,False,False,False,False,False,False,False,,noise,,False,False,False,False,,Realty,"Residential, Commercial Projects",,False,False
MPHASIS.NS,2026-09-22,2265.0,2315.7999877929688,2412.4444376627603,2394.933994140625,2263.0558471679688,2375.1171478271485,2317.4172328956824,1960.4413570175507,2897.3238943204424,False,False,False,True,False,False,True,False,False,-18.464315658292307,red,100.01910800543241,False,False,False,False,,IT - Software,Computers - Software & Consulting,43.80566801619433,False,False
MPSLTD.NS,2026-09-22,2603.199951171875,2640.2583211263022,2728.088880750868,2652.927995605469,2023.7299951171874,1990.3359954833984,2625.8915523417672,1336.0999755859375,2979.0,True,True,True,True,False,True,True,False,False,15.78011315772958,dry,5.85141757454125,False,False,False,False,,Printing & Publication,Printing & Publication,76.19433198380567,True,False
MRF.NS,2026-09-22,124770.0,126748.75,130766.11111111111,131283.4315625,131399.91192708333,135220.26953125,126358.00046914522,121787.43505408362,163308.4863287346,False,False,False,False,False,False,True,False,False,-16.507311183226093,noise,38.284654836146494,False,False,False,False,,Auto Components,Tyres & Rubber Products,45.7085020242915,False,False
BECTORFOOD.NS,2026-09-22,217.80999755859375,230.01623916625977,234.76573774549695,225.95252685546876,200.06198374430338,208.0717623901367,226.33600475152986,164.52941938217484,278.33899243412714,True,False,False,True,False,True,True,False,False,-19.68040959716516,dry,18.232845719216424,False,False,False,False,,Food Products,Packaged Foods,42.469635627530366,False,False
MSPL.NS,2026-09-22,33.38999938964844,33.9574998219808,34.60583284166124,35.00199966430664,36.315799929300944,35.68129989624023,33.82711976942797,26.25,46.119998931884766,False,True,False,False,False,False,False,False,False,-12.154693859240373,ppv,175.29929421198236,False,False,False,False,,Industrial Products,Iron & Steel Products,50.526315789473685,False,False
MSTCLTD.NS,2026-09-22,746.9500122070312,732.5853169759115,683.2494303385416,661.5362719726562,544.9308679199219,525.6840269470215,727.0630624535765,357.9805560549056,795.731978165477,True,True,True,True,True,True,True,True,False,47.32144179173652,noise,71.72301739196723,False,False,False,False,,Commercial Services & Supplies,Trading & Distributors,88.38056680161944,True,True
MTEDUCARE.NS,2026-09-22,1.6699999570846558,1.7866666813691456,1.8322222332159679,1.8510000038146972,1.7026666688919068,1.6937000024318696,1.7442384311935866,1.1699999570846558,2.5299999713897705,False,True,False,True,False,True,False,False,False,-16.500002145767212,red,140.72784117826876,False,True,False,False,,Other Consumer Services,Education,45.74898785425101,False,False
MTARTECH.NS,2026-09-22,7176.0,7245.166666666667,7059.888888888889,6714.42,6100.442669270833,5254.3785009765625,7129.536866921121,1784.0,8714.0,True,True,True,True,True,True,True,True,False,296.9904899823803,noise,42.37183799811433,False,False,False,False,,Electrical Equipment,Other Electrical Equipment,99.51417004048582,True,True
MUFIN.NS,2026-09-22,132.69000244140625,133.72083282470703,135.4852769639757,133.40199951171874,122.16680002848307,120.35914993286133,133.3149772372881,85.12999725341797,141.5,True,True,True,True,False,True,True,False,False,54.02205466188765,noise,65.02568852445746,False,False,False,False,,Finance,Non Banking Financial Company (NBFC),89.87854251012146,True,False
MUKANDLTD.NS,2026-09-22,141.41000366210938,137.30583318074545,137.19163216484918,137.54634216308594,132.692687886556,131.5344501876831,137.1635004732929,111.91673941994071,151.02053644043738,True,True,False,True,True,False,True,True,True,5.096379072685608,ppv,132.08109932647608,False,False,False,False,,Industrial Products,Iron & Steel Products,67.6923076923077,False,False
MUKESHB.NS,2026-09-22,,,,,,,,,,False,False,False,False,False,False,False,False,False,,noise,,False,False,False,False,,Finance,Non Banking Financial Company (NBFC),,False,False
MUKKA.NS,2026-09-22,27.3700008392334,29.949166615804035,27.121388965182835,25.960000076293944,23.97240001678467,23.88250000953674,28.820729079932445,18.270000457763672,33.290000915527344,True,True,False,True,True,True,True,False,False,-2.1101511607949486,noise,27.838460850144198,False,False,False,False,,Food Products,Animal Feed,61.29554655870445,False,False
MUKTAARTS.NS,2026-09-22,56.0,57.350000063578285,56.91583326127794,56.511799850463866,55.14166659037272,56.77025003433228,56.81506768454868,37.0099983215332,72.73999786376953,False,False,False,False,False,True,True,False,False,-19.238530490952776,red,244.22822205207595,False,False,False,False,,Entertainment,"Film Production, Distribution & Exhibition",42.83400809716599,False,False
MCX.NS,2026-09-22,3262.60009765625,3271.3083292643228,3121.7265353732637,3016.93015625,2862.232263997396,2713.6848754882812,3250.946739518585,1541.323282972979,3471.4939344339746,True,True,True,True,True,True,True,True,False,104.6807773501643,noise,50.670370116320285,False,False,False,False,,Capital Markets,Exchange and Data Platform,95.95141700404858,True,True
MUNJALAU.NS,2026-09-22,104.80000305175781,107.19083340962727,109.7261594136556,107.56139175415039,92.84607396443685,88.74941082000733,106.22070087506887,66.61489043568629,129.46286953315382,True,True,True,True,False,True,True,False,False,17.115890911375864,dry,12.086366806240541,False,False,False,False,,Auto Components,Auto Components & Equipments,76.92307692307693,True,False
MUNJALSHOW.NS,2026-09-22,133.32000732421875,127.50583521525066,131.38444561428494,131.71500885009766,127.06142725626627,125.09512336730957,128.12498831233881,106.8602903898512,146.19417979589696,True,True,False,True,True,False,True,True,False,-1.4597663412954542,ppv,280.89357572629206,False,False,False,False,,Auto Components,Auto Components & Equipments,61.86234817813765,False,False
MURUDCERA.NS,2026-09-22,29.229999542236328,29.236666679382324,30.170555591583252,30.317600059509278,31.306866633097332,32.00110000610351,29.063962800475664,25.15999984741211,46.0,False,False,False,False,False,False,False,True,False,-32.83547969949091,green,149.4953269809679,False,False,False,False,,Consumer Durables,Ceramics,24.65587044534413,False,False
RADIOCITY.NS,2026-09-22,6.090000152587891,6.140000104904175,6.475277807977465,6.437400016784668,6.133266668319703,6.207650003433227,6.121207206834256,4.5,9.25,False,False,False,True,False,True,False,False,False,-29.432212377410583,noise,71.6534893291871,False,False,False,False,,Entertainment,Media & Entertainment,29.19028340080972,False,False
MUTHOOTCAP.NS,2026-09-22,229.85000610351562,232.89583460489908,244.57527796427408,238.05380004882812,216.2242005411784,227.2487004852295,232.73056277629428,175.25,303.0,True,False,False,True,False,True,True,False,False,-18.637165981056413,noise,23.946444226676483,False,False,False,False,,Finance,Non Banking Financial Company (NBFC),43.56275303643724,False,False
MUTHOOTFIN.NS,2026-09-22,2831.5,2827.7333374023438,2915.544440375434,2945.1759912109374,3174.720418294271,3328.4847119140627,2834.8155496893182,2671.0,4114.708242760882,False,False,False,False,False,False,False,False,False,-2.7073569387199736,noise,48.69417280334241,False,True,False,False,,Finance,Non Banking Financial Company (NBFC),60.8502024291498,False,False
MUTHOOTMF.NS,2026-09-22,188.32000732421875,192.9250005086263,205.40111117892795,217.355400390625,194.66933329264322,191.15255012512208,191.8537022748206,141.1999969482422,262.7699890136719,False,True,False,True,False,True,False,False,False,10.620301484765093,noise,43.328751121884416,False,True,False,False,,Finance,Microfinance Institutions,72.38866396761134,True,False
MVELECTRO.NS,2026-09-22,,,,,,,,,,False,False,False,False,False,False,False,False,False,,noise,,False,True,False,False,,Industrial Manufacturing,Industrial Products,,False,False
MYSORPETRO.NS,2026-09-22,,,,,,,,,,False,False,False,False,False,False,False,False,False,,noise,,False,True,False,False,,Chemicals & Petrochemicals,Trading - Chemicals,,False,False
NKIND.NS,2026-09-22,56.54999923706055,57.38083267211914,59.42083316379123,59.90279998779297,62.96553321838379,63.573949871063235,57.372679019232194,49.65999984741211,85.0,False,False,False,False,False,False,False,False,False,-26.520270387490175,dry,7.0868998056507815,False,False,False,False,,Agricultural Food & other Products,Edible Oil,33.27935222672065,False,False
NRAIL.NS,2026-09-22,652.0999755859375,624.1500040690104,548.5599916246202,523.3015289306641,472.2247355143229,468.3954965209961,620.1090009459028,355.9225758175958,685.0,True,True,False,True,True,True,True,True,False,66.99580744475145,green,120.75855777348113,False,False,True,False,,"Paper, Forest & Jute Products",Paper & Paper Products,92.02429149797571,True,False
NACLIND.NS,2026-09-22,138.6199951171875,153.65666580200195,166.86305533515082,176.09739990234374,167.46693313598632,165.79450847625733,150.5198024014359,112.62000274658203,245.0,False,True,False,True,False,False,False,False,False,-39.572799125819024,red,188.38373321353413,False,False,False,False,,Fertilizers & Agrochemicals,Pesticides & Agrochemicals,17.20647773279352,False,False
NDGL.NS,2026-09-22,2590.0,2690.508341471354,2745.1316121419272,2748.023427734375,2632.6733951822916,2667.055548095703,2659.037225821602,2098.158116181439,4046.4476254342076,False,False,False,True,False,False,False,False,False,-32.75030963545995,noise,70.36590269400885,False,True,False,False,,Finance,Non Banking Financial Company (NBFC),24.858299595141702,False,False
NAGAFERT.NS,2026-09-21,1.7699999809265137,1.9133333563804626,2.153055555290646,2.3183999967575075,3.3376666688919068,3.7051500046253203,1.8942793133844649,1.7699999809265137,5.690000057220459,False,False,False,False,False,False,False,False,False,-67.03910579800254,red,464.4498726568637,False,False,False,True,,Fertilizers & Agrochemicals,Fertilizers,2.064777327935223,False,False
NAGREEKCAP.NS,2026-09-22,28.459999084472656,25.9383331934611,24.007777743869358,23.758800010681153,25.747466710408528,26.155300035476685,26.8977645721383,19.299999237060547,42.75,True,False,False,False,True,True,False,True,False,1.6428538731166231,red,158.61469799768943,False,False,False,False,,Finance,Investment Company,64.93927125506073,False,False
NAGREEKEXP.NS,2026-09-22,21.65999984741211,22.06583325068156,22.42527765697903,22.566799850463866,24.439599952697755,24.820049962997437,21.764828941233308,17.5,40.0,False,False,False,False,False,False,False,False,False,-41.61724868392939,noise,27.262682069311907,False,False,False,False,,Textiles & Apparels,Other Textile Products,15.425101214574898,False,False
NAHARCAP.NS,2026-09-22,249.9499969482422,254.82083129882812,256.9902644687229,254.273828125,245.98610463460287,246.18503379821777,253.05744515189954,189.89595271929917,305.2254226265647,True,False,False,True,False,True,True,False,False,-13.039372314253562,noise,28.216399196549986,False,False,False,False,,Finance,Investment Company,49.35222672064777,False,False
NAHARINDUS.NS,2026-09-22,131.7100067138672,133.04666709899902,129.4886122809516,125.72040069580078,113.69866673787435,111.52665019989014,132.04764082692685,83.05000305175781,154.0,True,True,True,True,True,True,True,False,False,12.380554729905757,noise,81.61625790468027,False,False,False,False,,Textiles & Apparels,Other Textile Products,73.4412955465587,True,True
NAHARPOLY.NS,2026-09-22,232.83999633789062,232.1599998474121,241.6992039150662,247.67097442626954,246.3429610188802,244.13272888183593,230.59306188937433,198.79221954105063,336.7540102498069,False,True,False,True,False,False,False,True,False,-20.049608908855497,noise,30.528954003229185,False,False,False,False,,Industrial Products,Packaging,41.86234817813765,False,False
NAHARSPING.NS,2026-09-22,277.8500061035156,275.07499440511066,292.4278267754449,288.22701171875,255.42389099121092,237.8768765258789,275.78806945988487,148.69077797520234,347.8088684400749,True,True,True,True,False,True,True,True,False,28.919609154172733,noise,32.37038333980864,False,True,False,False,,Textiles & Apparels,Other Textile Products,82.38866396761134,True,False
NGIL.NS,2026-09-22,39.040000915527344,35.82749970753988,38.78694428337945,38.928799896240236,35.5793333307902,33.82410001754761,36.69528827966302,22.010000228881836,43.88999938964844,True,True,True,True,True,True,True,True,False,19.16972807006001,ppv,638.8028791182849,False,True,False,False,,Food Products,Packaged Foods,78.34008097165992,True,True
NSIL.NS,2026-09-22,5524.0,5553.0,5610.791666666667,5572.97,5587.7059928385415,5763.459494628906,5529.804945955651,4700.0,8730.0,False,False,False,False,False,False,False,False,False,-22.929891873038024,noise,37.14175421757139,False,True,False,False,,Finance,Investment Company,37.89473684210527,False,False
NAMAN.NS,2026-09-21,40.0,39.17916615804037,40.984722243414986,42.25299995422363,48.39566680908203,52.19375020980835,39.069517675834376,37.0,90.80000305175781,False,False,False,False,False,False,False,True,False,-55.0561797752809,noise,24.752475247524753,False,False,False,False,,Consumer Durables,"Furniture, Home Furnishing",6.032388663967611,False,False
NDL.NS,2026-09-22,2.759999990463257,2.853333334128062,2.677499963177575,2.584799957275391,2.570266648133596,2.6655999892950057,2.816299084705856,1.7999999523162842,3.640000104904175,True,False,False,False,True,True,True,False,False,-22.25352035110797,noise,43.807519554119025,False,False,False,False,,Textiles & Apparels,Other Textile Products,38.906882591093115,False,False
JAIPURKURT.NS,2026-09-22,24.790000915527344,25.035833199818928,26.355555534362793,26.60499996185303,29.24206662495931,30.407350015640258,25.041202624283855,23.90999984741211,42.7400016784668,False,False,False,False,False,False,False,False,False,-35.01965943904054,noise,39.751665541444275,False,False,False,False,,Textiles & Apparels,Garments & Apparels,21.821862348178136,False,False
NH.NS,2026-09-22,1883.300048828125,1889.308329264323,1873.6861063639324,1914.151884765625,1856.8931681315105,1853.6890655517577,1888.6576449444456,1585.4858653846154,2092.89990234375,True,True,False,True,False,False,True,False,False,8.519181061102476,noise,30.896982467999397,False,False,False,False,,Healthcare Services,Hospital,70.64777327935222,True,False
NARMADA.NS,2026-09-22,13.420000076293945,13.982500155766806,14.212222284740871,15.225200023651123,16.716700038909913,15.790700025558472,13.801238901859392,9.949999809265137,22.584999084472656,False,True,True,False,False,True,False,False,False,9.506323549358653,noise,21.43029475479434,False,False,False,False,,Food Products,Animal Feed,71.53846153846153,True,False
NATCOPHARM.NS,2026-09-22,815.0499877929688,819.5958302815756,861.9144202338325,882.7701586914062,966.6591532389323,943.0878213500977,820.033785577488,784.9091438882253,1224.7250830949197,False,True,False,False,False,False,False,False,False,-5.228696152664236,red,150.9335120990754,False,False,False,False,,Pharmaceuticals & Biotechnology,Pharmaceuticals,58.42105263157895,False,False
NATHBIOGEN.NS,2026-09-22,148.3800048828125,149.02230962117514,152.2844869825575,154.194052734375,156.80778076171876,154.71684791564942,149.05458824588584,124.49568289143575,201.32475438689224,False,True,False,False,False,False,False,False,False,-9.377550268212376,red,494.5579520790141,False,False,False,False,,Agricultural Food & other Products,Other Agricultural Products,53.68421052631579,False,False
NATIONSTD.NS,2026-09-22,,,,,,,,,,False,False,False,False,False,False,False,False,False,,noise,,False,False,False,False,,Realty,"Residential, Commercial Projects",,False,False
NATIONALUM.NS,2026-09-22,352.20001220703125,360.6125005086263,377.7551566229926,368.9223321533203,380.35675923665366,367.7470016479492,358.28419352648706,191.8556220656042,443.3731066930094,False,True,True,False,False,True,True,False,False,72.90597090115043,noise,41.44036399352201,False,False,False,False,,Non - Ferrous Metals,Aluminium,92.63157894736842,True,False
NFL.NS,2026-09-22,66.70999908447266,67.79379653930664,69.40304734971788,69.74615127563476,72.38637222290039,74.98062789916992,67.430202074014,62.40134764762116,96.91663259430945,False,False,False,False,False,False,False,False,False,-30.15968725184154,noise,54.451285550129704,False,True,False,False,,Fertilizers & Agrochemicals,Fertilizers,28.17813765182186,False,False
NATCAPSUQ.NS,2026-09-22,169.0,183.7658322652181,176.51972113715277,167.85299926757813,159.04479960123697,163.2578997039795,178.94721605618554,136.36000061035156,296.0,True,False,False,True,True,False,False,False,False,-18.128087637283453,noise,61.29924996991858,False,False,False,False,,Pharmaceuticals & Biotechnology,Pharmaceuticals,44.17004048582996,False,False
NAVA.NS,2026-09-22,550.9000244140625,552.8083292643229,562.5867021348741,563.17326171875,589.8597619628906,582.0280343627929,553.1573689361827,497.0066711243156,732.5560380476754,False,True,True,False,False,False,True,False,False,-21.198306268552468,noise,66.37989715717045,False,False,False,False,,Power,Power Generation,40.364372469635626,False,False
NAVINFLUOR.NS,2026-09-22,8438.0,8501.708333333334,8380.736111111111,8172.13,7256.606572265625,6945.042202148437,8453.219029744432,4488.291781017636,8949.5,True,True,True,True,True,True,True,False,False,76.41937464058468,noise,33.57043672509086,False,False,False,False,,Chemicals & Petrochemicals,Specialty Chemicals,93.07692307692308,True,True
NAVKARCORP.NS,2026-09-22,89.37999725341797,91.47083346048991,96.05861155192058,98.46060028076172,97.69766677856445,97.95150012969971,90.51942206510873,74.05000305175781,131.36000061035156,False,False,False,True,False,False,False,False,False,-29.44984171520878,noise,33.03025882038077,False,False,False,False,,Transport Services,Logistics Solution Provider,29.109311740890686,False,False
NAVKARURB.NS,2026-09-22,0.9100000262260437,0.8735240747531255,0.9344979690180885,0.9710312914848328,0.9544541911284129,1.0797352108359337,0.874092478590113,0.6957831206810043,2.907073262225829,False,False,False,False,False,True,False,True,False,-67.93087903017381,noise,34.57628384806937,False,False,False,False,,Construction,Civil Construction,1.862348178137652,False,False
NAVNETEDUL.NS,2026-09-22,123.12000274658203,127.21666717529297,131.06083234151205,134.66079971313476,138.49179494222005,140.2704884338379,126.65955491898934,120.20616844926178,164.1333558091885,False,False,False,False,False,False,True,False,False,-22.228513520143277,red,108.1430481903281,False,False,False,False,,Household Products,Stationary,38.987854251012145,False,False
NAZARA.NS,2026-09-22,370.45001220703125,367.2083282470703,360.84027693006726,346.807998046875,296.3417321777344,288.0420490264893,366.237067046161,215.6999969482422,380.0,True,True,True,True,True,True,True,True,False,34.16025792921005,noise,23.307047513904877,False,False,False,False,,Entertainment,Digital Entertainment,84.33198380566802,True,True
NBCC.NS,2026-09-22,81.9000015258789,83.08500099182129,87.40275764465332,89.48421203613282,92.7832036336263,96.22496517181396,82.9145674771771,76.65010804466255,124.82730965446994,False,False,False,False,False,False,False,False,False,-28.036445151706534,noise,80.84409722717548,False,False,False,False,,Construction,Civil Construction,31.05263157894737,False,False
NBIFIN.NS,2026-09-22,1948.0,1981.3916625976562,2023.0897115071614,2068.7753393554685,1957.5857788085937,2006.814180908203,1972.7143860830274,1538.454019385706,2989.938782188696,False,False,False,True,False,False,False,False,False,-24.299143980625757,ppv,254.92883925331614,False,False,False,False,,Finance,Non Banking Financial Company (NBFC),35.95141700404858,False,False
NCC.NS,2026-09-22,134.41000366210938,140.43250020345053,143.0124109056261,141.60020751953124,146.43503743489583,147.73101524353027,138.4197730610519,128.02376544116242,213.9474194024461,False,False,False,False,False,False,False,False,False,-36.20118105428658,noise,72.07325443227828,False,False,False,False,,Construction,Civil Construction,20.809716599190285,False,False
NCLIND.NS,2026-09-22,175.50999450683594,174.94302113850912,173.81624772813586,176.41665954589843,176.89817270914713,180.72131393432616,174.65998307042793,145.84372031876111,210.68426307184774,False,False,False,False,False,False,True,True,False,-15.916263228018945,noise,55.427390242018824,False,True,False,False,,Cement & Cement Products,Cement & Cement Products,46.31578947368421,False,False
NDLVENTURE.NS,2026-09-22,124.01000213623047,122.74793561299641,123.08074548509386,124.02682159423829,123.08458724975586,115.13316013336181,122.59771631775617,79.68109607806538,139.44191964019768,True,True,True,True,False,True,True,True,False,46.01422247806226,dry,14.967578745528213,False,False,False,False,,Finance,Other Financial Services,88.05668016194332,True,False
NDRAUTO.NS,2026-09-22,753.2000122070312,710.6958363850912,756.3527764214409,773.0847021484375,770.806894938151,769.9358847045899,718.6633380395425,602.1346391634679,1180.8825022330911,False,True,False,True,False,False,False,True,False,-35.02903585177448,green,166.1276565648231,False,False,False,False,,Auto Components,Auto Components & Equipments,21.78137651821862,False,False
NDTV.NS,2026-09-22,72.30999755859375,71.89749972025554,73.91499900817871,75.04379928588867,77.3561996459961,80.15509986877441,71.77748051481102,58.75,134.5,False,False,False,False,False,False,False,True,False,-44.71712853861284,noise,45.095744074419656,False,False,False,False,,Entertainment,TV Broadcasting & Software Production,12.631578947368421,False,False
NECLIFE.NS,2026-09-22,10.829999923706055,11.432499885559082,11.339166641235352,11.116399993896485,11.566199989318848,12.96124999523163,11.230947018700679,9.300000190734863,22.399999618530273,False,False,False,False,False,False,False,False,False,-30.84291169073182,noise,61.7068069261537,False,False,False,False,,Pharmaceuticals & Biotechnology,Pharmaceuticals,27.28744939271255,False,False
NEAGI.NS,2026-09-22,,,,,,,,,,False,False,False,False,False,False,False,False,False,,noise,,False,False,False,False,,Agricultural Food & other Products,Tea & Coffee,,False,False
NELCAST.NS,2026-09-22,108.9000015258789,110.00416628519694,116.27666642930772,119.30732040405273,127.30107289632161,121.51360961914062,109.34804890902521,85.51137386740619,172.2559904918423,False,True,False,False,False,False,False,False,False,-25.212206486379085,dry,19.551228778027117,False,False,False,False,,Industrial Products,Castings & Forgings,34.69635627530364,False,False
NELCO.NS,2026-09-22,1011.75,961.1833241780599,961.4083268907335,952.0499963378907,783.3634783935547,760.8021464538574,971.450150769858,499.3681252958441,1120.0,True,True,True,True,True,True,True,True,False,15.474707180764025,ppv,94.04638516321913,False,False,False,False,,IT - Hardware,Computers Hardware & Equipments,75.87044534412955,True,True
NEOGEN.NS,2026-09-22,2379.199951171875,2337.1583251953125,2220.777421739366,2189.99583984375,1825.4953352864584,1666.6600704956054,2349.7123678826483,966.2326038611084,2499.699951171875,True,True,True,True,True,True,True,True,False,52.596378381653984,noise,57.99858069337694,False,True,False,False,,Chemicals & Petrochemicals,Specialty Chemicals,89.55465587044534,True,True
NEPHROCARE.NS,2026-09-21,93.25,91.28749974568684,87.33194478352864,80.93200019836426,76.32933349609375,85.14250011444092,92.71235029895412,50.04999923706055,161.0,True,False,False,False,True,True,False,True,False,-39.012423987975,noise,56.923484246756686,False,False,False,False,,Healthcare Services,Hospital,17.85425101214575,False,False
NEPHROPLUS.NS,2026-09-22,,,,,,,,,,False,False,False,False,False,False,False,False,False,,red,114.95816892054049,False,False,False,False,,Healthcare Services,Healthcare Service Provider,,False,False
NESCO.NS,2026-09-22,1069.0,1086.4999898274739,1056.1972249348958,1059.1700012207032,1109.2946732584635,1129.057341003418,1081.3681903541521,989.6270152436205,1565.2203652456494,False,False,False,False,True,False,False,False,False,-27.691103689688767,noise,84.20040254413436,False,False,False,False,,Commercial Services & Supplies,Diversified Commercial Services,31.821862348178136,False,False
NESTLEIND.NS,2026-09-22,1363.9000244140625,1381.8916727701824,1446.0472208658855,1452.35,1382.613650716146,1354.8793560791016,1382.658049310756,1133.4029066422722,1553.0,False,True,True,True,False,False,True,False,False,15.951823368262907,noise,46.89012160304417,False,False,False,False,,Food Products,Packaged Foods,76.31578947368422,True,False
NETWEB.NS,2026-09-22,4817.0,4847.041666666667,5041.691257052951,4838.684326171875,4250.4620751953125,3983.5745629882813,4805.208022643205,2918.180990781822,5813.0,True,True,True,True,False,True,True,True,False,36.335429499369724,noise,60.4096871774609,False,False,False,False,,IT - Services,IT Enabled Services,84.93927125506073,True,False
NPST.NS,2026-09-22,1888.800048828125,1753.9354654947917,1654.6790330674912,1624.60326171875,1385.6502775065105,1379.7991027832031,1781.8582715393306,845.6871520602764,2102.7302166709624,True,True,False,True,True,True,True,True,False,-7.907710170377024,ppv,135.413996984869,False,False,False,False,,Financial Technology (Fintech),Financial Technology (Fintech),55.06072874493927,False,False
NETWORK18.NS,2026-09-22,26.90999984741211,26.766666571299236,28.306388749016655,28.622599906921387,31.301000073750814,33.607849988937375,26.859538271220607,25.709999084472656,56.599998474121094,False,False,False,False,False,False,False,True,False,-51.11716581224608,noise,78.54424714355979,False,False,False,False,,Entertainment,Media & Entertainment,8.218623481781377,False,False
NEUEON.NS,2026-09-22,12.4399995803833,11.713333288828531,13.604444397820366,14.013999977111816,16.909800039927166,14.591250016689301,11.866998112992887,5.21999979019165,27.399999618530273,False,True,True,False,False,True,False,True,False,138.31417778517903,dry,17.27542216713347,False,False,False,False,,Electrical Equipment,Heavy Electrical Equipment,97.48987854251013,True,False
NEULANDLAB.NS,2026-09-22,22550.0,23067.916666666668,22846.777777777777,21746.205390625,17579.928626302084,16791.25162597656,22856.439100222287,11478.786028437366,24225.0,True,True,True,True,True,True,True,False,False,47.600126843859016,noise,39.320351092836844,False,False,False,False,,Pharmaceuticals & Biotechnology,Pharmaceuticals,88.54251012145748,True,True
NIACL.NS,2026-09-22,187.41000366210938,197.0283342997233,189.6561105516222,184.8936001586914,165.76136311848958,162.23628952026368,192.03060463321398,116.0144662714778,242.60000610351562,True,True,True,True,True,True,True,False,False,-4.995940586523362,noise,33.317799454261184,False,False,False,False,,Insurance,General Insurance,58.62348178137652,False,False
NEWGEN.NS,2026-09-22,495.70001220703125,502.1833318074544,524.8027759128147,528.8995123291015,489.283623046875,545.0735037231445,500.36084878406007,396.6099082577377,1030.4143551726484,False,False,False,False,False,False,False,False,False,-44.18779314718335,dry,18.515383826498166,False,False,False,False,,IT - Software,Computers - Software & Consulting,13.157894736842104,False,False
NEWJAISA.NS,2026-09-21,17.549999237060547,17.62500015894572,17.066666735543144,16.73400001525879,18.974999987284342,20.15550001144409,17.72391398204674,13.350000381469727,51.5,False,False,False,False,True,True,False,False,False,-63.963041145543386,noise,32.78688524590164,False,True,False,False,,IT - Hardware,Computers Hardware & Equipments,2.834008097165992,False,False
NEXTMEDIA.NS,2026-09-22,3.740000009536743,3.8391666809717813,3.9174999992052713,3.921600008010864,4.237533345222473,4.6378000128269194,3.8502436485171554,3.1600000858306885,8.479999542236328,False,False,False,False,False,False,False,False,False,-39.96789730198189,noise,22.639695730608643,False,False,False,False,,Entertainment,Media & Entertainment,16.761133603238868,False,False
NXST.NS,2026-09-21,166.17999267578125,166.81833267211914,167.1550038655599,166.34542602539062,157.91466217041017,156.80659980773925,166.69059081473304,145.45394036877988,189.1042709723323,True,True,True,True,False,False,True,False,False,13.671973870450472,red,131.57316318203408,False,False,False,False,,Realty,Real Estate Investment Trusts (REITs),74.33198380566802,True,False
NGLFINE.NS,2026-09-22,2859.39990234375,2755.2833455403647,2977.9495307074653,3036.646298828125,2693.7297111002604,2415.9820532226563,2759.3835539083775,1270.2352838363754,3599.8325981661596,True,True,True,True,False,True,True,True,False,102.49991506385166,green,130.11016627217208,False,False,False,False,,Pharmaceuticals & Biotechnology,Pharmaceuticals,95.91093117408906,True,False
NHPC.NS,2026-09-22,76.01000213623047,76.09250005086263,76.52788056267633,77.24706817626954,77.44349253336588,77.35593242645264,76.05512857123813,71.42454681386315,86.79037426751948,False,True,False,False,False,False,True,False,False,-11.552664952368518,noise,88.13965076038515,False,True,False,False,,Power,Power Generation,51.21457489878543,False,False
NIBE.NS,2026-09-22,1369.9000244140625,1298.4177652994792,1374.9950832790798,1408.3454296875,1286.679902750651,1240.5119677734374,1312.2091804869428,808.8323403740555,1846.2478464264655,True,True,True,True,False,True,False,True,False,3.6213192741553657,ppv,99.55507428640337,False,True,False,False,,Aerospace & Defense,Aerospace & Defense,66.51821862348179,False,False
NICCOPAR.NS,2026-09-22,,,,,,,,,,False,False,False,False,False,False,False,False,False,,noise,,False,False,False,False,,Leisure Services,Amusement Parks/ Other Recreation,,False,False
NIDAN.NS,2026-09-21,13.399999618530273,13.69166668256124,13.504166709052193,13.428999977111816,14.280666669209799,15.23524999141693,13.446844695208457,11.5,24.899999618530273,False,False,False,False,False,False,False,False,False,-28.533335367838543,noise,65.61679790026247,False,False,False,False,,Healthcare Services,Healthcare Service Provider,30.2834008097166,False,False
NIITLTD.NS,2026-09-22,89.5199966430664,91.5208314259847,95.22893799675836,95.24111694335937,82.13855939229329,82.3607716178894,91.01282428651216,48.46923652674774,111.1824997842779,True,False,False,True,False,True,True,False,False,-18.25464336970001,noise,28.241628666108287,False,False,False,False,,Other Consumer Services,Education,44.008097165991906,False,False
NIITMTS.NS,2026-09-22,217.80999755859375,223.3941650390625,230.5346853468153,231.39751770019532,257.9763114420573,291.4667723083496,222.13113117459324,200.50434899542847,437.79574031188224,False,False,False,False,False,False,False,False,False,-32.39034196730594,noise,67.574204833865,False,False,False,False,,Other Consumer Services,Education,25.303643724696357,False,False
NILAINFRA.NS,2026-09-22,6.659999847412109,6.645833333333333,6.926388872994317,7.036599979400635,7.5687333106994625,7.936649992465973,6.644820623323205,5.900000095367432,11.550000190734863,False,False,False,False,False,False,False,True,False,-35.150929400617116,noise,42.79186293721683,False,False,False,False,,Realty,"Residential, Commercial Projects",21.619433198380566,False,False
NILASPACES.NS,2026-09-22,12.020000457763672,12.298333247502645,12.412500010596382,12.319000015258789,12.867599957784018,13.42014998435974,12.272510970970641,11.350000381469727,20.469999313354492,False,False,False,False,False,False,False,False,False,-24.87499713897705,red,117.9697023193799,False,False,False,False,,Realty,"Residential, Commercial Projects",35.18218623481781,False,False
NILE.NS,2026-09-22,,,,,,,,,,False,False,False,False,False,False,False,False,False,,noise,,False,False,False,False,,Minerals & Mining,Industrial Minerals,,False,False
NILKAMAL.NS,2026-09-22,1864.800048828125,1997.758321126302,1952.1861165364583,1857.9200048828125,1465.0890234375,1444.3119995117188,1950.7247175904863,1034.4655321576956,2149.5,True,True,True,True,True,True,True,False,False,19.82440381318602,dry,10.74440780269261,False,False,False,False,,Consumer Durables,Plastic Products - Consumer,78.62348178137651,True,True
NIMBSPROJ.NS,2026-09-22,,,,,,,,,,False,False,False,False,False,False,False,False,False,,noise,80.3235655102228,False,False,False,False,,Realty,"Residential, Commercial Projects",,False,False
NINSYS.NS,2026-09-22,711.0499877929688,709.8374989827474,719.558337741428,759.072001953125,615.4966676839193,555.7167504882813,710.7285901944801,281.04998779296875,935.0,True,True,True,True,False,True,True,True,False,58.3453974217216,red,140.05512603894664,False,False,False,False,,IT - Software,Computers - Software & Consulting,90.60728744939271,True,False
NAM-INDIA.NS,2026-09-22,1159.0,1164.1416625976562,1184.7250061035156,1176.9260083007812,1068.912510986328,1019.2908096313477,1157.26470771012,787.2052851605498,1269.5,True,True,True,True,False,True,True,True,False,40.67011492260389,noise,60.19396518892641,False,False,False,False,,Capital Markets,Asset Management Company,86.2753036437247,True,False
NIRAJ.NS,2026-09-22,28.15999984741211,28.049166520436604,28.598055574629043,28.710400009155272,28.83686668395996,30.455950088500977,28.118536362276068,20.149999618530273,49.0,False,False,False,False,False,True,False,True,False,-40.877599798621155,red,159.89588221801392,False,False,False,False,,Construction,Civil Construction,16.032388663967613,False,False
NIRAJISPAT.NS,2026-09-22,262.1000061035156,313.5874989827474,270.5408329433865,249.53299987792968,234.93260009765626,229.0784999847412,295.3805028470341,155.0,429.6499938964844,True,True,False,True,True,True,False,False,False,-28.573375832008363,noise,25.480059084194977,False,False,False,False,,Consumer Durables,Plastic Products - Consumer,30.16194331983806,False,False
NIRLON.NS,2026-09-22,,,,,,,,,,False,False,False,False,False,False,False,False,False,,noise,60.11071897855713,False,False,False,False,,Commercial Services & Supplies,Diversified Commercial Services,,False,False
NIRMAN.NS,2026-09-21,26.600000381469727,27.483333269755047,30.497222317589653,33.192000007629396,43.391333249409996,47.964499940872194,27.34171228661002,26.25,231.0,False,False,False,False,False,False,False,False,False,-85.30792602424567,noise,26.807333102732617,False,False,False,True,,Agricultural Food & other Products,Other Agricultural Products,0.24291497975708504,False,False
NITCO.NS,2026-09-22,91.88999938964844,91.04833285013835,94.60027715894911,97.75959930419921,93.71719970703126,92.14469970703125,90.28617656463632,64.0,123.58999633789062,False,True,False,True,False,True,False,True,False,-20.345007885338983,green,102.85841075844284,False,False,False,False,,Consumer Durables,Ceramics,41.336032388663966,False,False
NITINSPIN.NS,2026-09-22,608.4000244140625,632.0763498942057,601.5575239393446,584.1217175292969,498.817055460612,454.57591217041016,623.1937307884664,300.8041771483202,665.0,True,True,True,True,True,True,True,False,False,76.85857374613356,noise,24.120837255341108,False,False,False,False,,Textiles & Apparels,Other Textile Products,93.11740890688259,True,True
NITIRAJ.NS,2026-09-22,229.3300018310547,229.5175018310547,213.71833335028754,214.080400390625,204.93420033772787,200.04940032958984,227.63831899341204,168.0,241.0,True,True,True,True,True,True,True,True,False,6.427513633807602,noise,29.092809697372473,False,False,False,False,,Consumer Durables,Consumer Electronics,68.5425101214575,False,False
NITTAGELA.NS,2026-09-22,,,,,,,,,,False,False,False,False,False,False,False,False,False,,noise,28.651480649588645,False,False,False,False,,Chemicals & Petrochemicals,Specialty Chemicals,,False,False
NIVABUPA.NS,2026-09-22,80.83000183105469,80.13666661580403,82.38722250196669,83.47960021972656,80.62380009969075,79.63810009002685,80.32756405505226,67.5,91.4000015258789,True,True,True,True,False,False,True,True,False,-1.8934307199300116,noise,71.31277410601392,False,True,False,False,,Insurance,General Insurance,61.578947368421055,False,False
NLCINDIA.NS,2026-09-22,267.0,265.89217885335285,274.4244198269314,280.3778839111328,294.45533447265626,283.52332359313965,265.89574890498665,226.55743882214648,387.4363949219129,False,True,True,False,False,False,False,True,False,2.576002363606089,noise,55.73849555489048,False,False,False,False,,Power,Power Generation,65.62753036437246,False,False
NMDC.NS,2026-09-22,80.19999694824219,82.04416720072429,84.29277801513672,84.22380004882812,85.10013326009114,83.50763774871827,81.3126365282499,70.10877049673599,97.48999786376953,False,True,True,False,False,False,True,False,False,7.5175424734721386,noise,56.2119610774371,False,False,False,False,,Minerals & Mining,Industrial Minerals,69.67611336032388,False,False
NSLNISP.NS,2026-09-22,42.5099983215332,43.243332862854004,43.47333335876465,43.24800018310547,42.56893341064453,42.37000007629395,42.81872302540128,33.0099983215332,53.75,False,True,False,True,False,False,True,False,False,-8.796400418642758,noise,30.891400240386425,False,True,False,False,,Ferrous Metals,Iron & Steel,54.170040485829965,False,False
NOCIL.NS,2026-09-22,193.88999938964844,187.92666625976562,173.78444544474283,170.94179595947264,165.7132359822591,160.57133411407472,188.22523772577244,124.15050882479248,202.60776684401816,True,True,False,True,True,True,True,True,False,7.984777335559534,noise,68.3302243206041,False,False,False,False,,Chemicals & Petrochemicals,Specialty Chemicals,70.04048582995951,True,False
NOIDATOLL.NS,2026-09-22,4.0,4.000833352406819,4.130277805858189,4.236600008010864,4.267466681798299,4.218750017881393,4.0054289353207,2.869999885559082,7.429999828338623,False,True,False,False,False,True,False,False,False,-9.502264005526994,noise,44.44729799857312,False,False,False,False,,Transport Infrastructure,"Road AssetsToll, Annuity, Hybrid-Annuity",53.603238866396765,False,False
NORBTEAEXP.NS,2026-09-22,66.26000213623047,65.77916653951009,66.48666699727376,66.97500045776367,75.6109336344401,77.71930011749268,65.79980788384506,47.5,99.3499984741211,False,False,False,False,False,True,False,True,False,25.70670325765454,noise,67.0455554568866,False,False,False,False,,Agricultural Food & other Products,Tea & Coffee,81.33603238866397,True,False
NECCLTD.NS,2026-09-22,19.65999984741211,19.201666673024494,16.933333343929714,16.462800006866456,15.608200016021728,15.968650026321411,19.010427176430603,10.550000190734863,24.010000228881836,True,False,False,True,True,True,True,True,False,-7.1765837387274605,green,129.30158539989895,False,False,False,False,,Transport Services,Logistics Solution Provider,55.748987854251006,False,False
NORTHARC.NS,2026-09-22,315.8999938964844,307.82083384195965,295.3541675143772,296.09300048828123,276.5160669962565,271.90640060424806,308.961277232399,206.0,334.0,True,True,True,True,True,True,True,True,False,13.16090763447777,noise,40.360037120999195,False,True,False,False,,Finance,Non Banking Financial Company (NBFC),73.92712550607288,True,True
NOVAAGRI.NS,2026-09-22,23.079999923706055,22.885833422342937,23.84944438934326,23.586399993896485,25.887066650390626,28.595500049591063,22.998418041007056,18.1200008392334,51.9900016784668,False,False,False,False,False,False,False,True,False,-54.31512328864354,noise,84.45186083275854,False,True,False,False,,Fertilizers & Agrochemicals,Fertilizers,6.3562753036437245,False,False
NOVARTIND.NS,2026-09-22,,,,,,,,,,False,False,False,False,False,False,False,False,False,,noise,40.24678010313967,False,False,False,False,,Pharmaceuticals & Biotechnology,Pharmaceuticals,,False,False
NRBBEARING.NS,2026-09-22,520.5,500.1041717529297,477.33194647894965,459.1830010986328,371.90855560302737,345.0754454803467,502.1419764636213,211.10343900049978,538.0,True,True,True,True,True,True,True,True,False,87.49618263211391,noise,50.2704887745594,False,False,False,False,,Auto Components,Auto Components & Equipments,94.33198380566802,True,True
NIBL.NS,2026-09-22,33.08000183105469,31.330833276112873,31.908333407508003,32.89660007476807,31.314800084431965,31.244250078201294,31.45495200543903,25.299999237060547,40.79999923706055,True,True,False,True,True,True,True,True,False,9.718083746586936,ppv,245.16374108769838,False,False,False,False,,Industrial Products,Abrasives & Bearings,71.86234817813765,True,False
NTCIND.NS,2026-09-22,,,,,,,,,,False,False,False,False,False,False,False,False,False,,noise,,False,True,False,False,,Cigarettes & Tobacco Products,Cigarettes & Tobacco Products,,False,False
NTPC.NS,2026-09-22,327.79998779296875,330.25416310628253,332.83764309353296,335.64208068847654,360.34764302571614,354.3402247619629,328.7216117712767,309.838511773213,409.97128898871665,False,True,True,False,False,False,True,False,False,-0.7438195612670451,noise,73.6664590507275,False,False,False,False,,Power,Power Generation,62.55060728744939,False,False
NTPCGREEN.NS,2026-09-22,93.30999755859375,88.36500104268391,90.184722688463,90.85580062866211,96.7340668741862,95.28190013885498,89.3670760417137,84.0,119.94999694824219,False,True,False,False,True,False,True,True,False,-10.131950387112953,ppv,213.97513238353926,False,False,False,False,,Power,Power Generation,52.793522267206484,False,False
NUCLEUS.NS,2026-09-22,685.9500122070312,700.4166768391927,713.7180582682291,720.9180004882812,753.3329357910156,788.1770809936523,696.7035887573413,678.5980828958152,1066.8741885000632,False,False,False,False,False,False,False,False,False,-34.619847503389835,noise,27.148530600235638,False,False,False,False,,IT - Software,Software Products,22.388663967611336,False,False
NRL.NS,2026-09-22,158.35000610351562,137.2375005086263,124.3191672431098,119.38240020751954,81.21700019836426,74.80085010528565,140.93384178470347,45.099998474121094,158.35000610351562,True,True,True,True,True,True,True,True,False,107.12885863255299,ppv,320.5332029671554,True,False,True,False,,Metals & Minerals Trading,Trading - Metals,96.11336032388664,True,True
NURECA.NS,2026-09-22,336.0,331.9916687011719,329.5652770996094,321.3286004638672,277.7875336710612,281.2361501312256,334.63893077450405,204.0,358.0,True,False,True,True,True,True,True,True,False,33.439235872818784,dry,6.462717105777857,False,False,False,False,,Healthcare Equipment & Supplies,Medical Equipment & Supplies,84.17004048582996,True,False
NUVAMA.NS,2026-09-22,1675.699951171875,1734.7999877929688,1735.91943359375,1771.8539916992188,1554.4462915039062,1514.4135845947267,1714.8568167877092,1086.5091731363827,2066.0,True,True,True,True,False,True,True,False,False,35.95506530477874,noise,41.273361596225634,False,False,False,False,,Capital Markets,Stockbroking & Allied,84.81781376518218,True,False
NUVOCO.NS,2026-09-22,338.8500061035156,329.8541666666667,331.0763888888889,337.71200073242187,320.02700073242187,327.6902507019043,329.12424836958417,276.25,453.25,True,False,False,True,True,False,False,True,False,-24.245469405120758,dry,18.083744000431924,False,False,False,False,,Cement & Cement Products,Cement & Cement Products,36.15384615384615,False,False
ONGC.NS,2026-09-22,236.1300048828125,234.644167582194,235.5670403374566,238.02951446533203,259.2952823893229,254.72681442260742,234.74204678166666,222.40769220653587,306.19702215663295,False,True,False,False,False,False,True,True,False,4.713290907634238,noise,72.34902169471096,False,False,False,False,,Oil,Oil Exploration & Production,67.4089068825911,False,False
OBCL.NS,2026-09-22,58.15999984741211,56.40249983469645,55.048889054192436,54.434400177001955,55.10533335367838,55.16980003356934,56.87934695211668,46.5099983215332,62.0,True,False,False,False,True,False,True,True,False,-0.869265957814791,noise,34.60357516123966,False,True,False,False,,Transport Services,Logistics Solution Provider,62.42914979757085,False,False
OBEROIRLTY.NS,2026-09-22,1845.5999755859375,1776.933329264323,1826.2111070421006,1832.7046728515625,1700.5034057617188,1676.90921875,1789.7889923364378,1387.9800889099738,1983.9545449282684,True,True,True,True,True,True,True,True,False,11.038529732448277,green,109.65748313402754,False,False,False,False,,Realty,"Residential, Commercial Projects",72.75303643724696,True,True
OCCLLTD.NS,2026-09-22,151.33999633789062,157.48999786376953,159.0172822740343,155.18857482910155,120.56014760335286,114.13522125244141,155.29600395517394,74.8847757046385,181.03500175688677,True,True,True,True,False,True,True,False,False,9.136209955934937,noise,91.15830656018088,False,False,False,False,,Chemicals & Petrochemicals,Commodity Chemicals,71.1336032388664,True,False
ODIGMA.NS,2026-09-22,20.920000076293945,21.859166622161865,22.422777705722385,22.544199867248537,24.23273329416911,25.766699934005736,21.547532260618645,20.0,56.09000015258789,False,False,False,False,False,False,False,False,False,-56.8303745944621,noise,93.92862896282017,False,True,False,False,,IT - Services,IT Enabled Services,5.141700404858299,False,False
ODYCORP.NS,2026-09-22,,,,,,,,,,False,False,False,False,False,False,False,False,False,,ppv,,False,False,False,False,,Finance,Non Banking Financial Company (NBFC),,False,False
OILCOUNTUB.NS,2026-09-22,68.18000030517578,63.78583367665609,61.62333329518636,59.992999954223635,55.10593322753906,55.44914993286133,64.74373065879999,35.650001525878906,82.4000015258789,True,False,False,True,True,True,True,True,False,-14.838867868717232,ppv,194.46672461375135,False,False,False,False,,Oil,Oil Equipment & Services,47.368421052631575,False,False
OIL.NS,2026-09-22,467.0,486.0749994913737,476.0300479465061,467.7340277099609,465.04417419433594,456.94313171386716,480.67660487097794,388.8457252612527,529.9163379046904,True,True,True,True,False,False,True,False,False,17.032348397906393,noise,92.11176321750992,False,False,False,False,,Oil,Oil Exploration & Production,76.88259109311741,True,False
OLAELEC.NS,2026-09-22,37.779998779296875,37.69666703542074,38.533333248562286,38.49060005187988,36.269533449808755,35.91230019569397,37.55524815204201,22.25,59.20000076293945,True,True,False,True,False,True,False,True,False,-34.87329792720747,green,144.45830495163264,False,False,False,False,,Automobiles,2/3 Wheelers,21.983805668016192,False,False
OLECTRA.NS,2026-09-22,1217.199951171875,1200.2619730631511,1281.1969909667969,1297.9398217773437,1236.9079382324219,1208.9511123657226,1206.4426009840174,866.1616606732061,1713.332885197078,False,True,False,True,False,True,False,True,False,-26.699416061023406,ppv,171.43453699758035,False,False,False,False,,Automobiles,Passenger Cars & Utility Vehicles,32.955465587044536,False,False
OMFREIGHT.NS,2026-09-22,,,,,,,,,,False,False,False,False,False,False,False,False,False,,green,113.34826618748428,False,False,False,False,,Transport Services,Logistics Solution Provider,,False,False
OMINFRAL.NS,2026-09-22,78.93000030517578,80.71416664123535,83.59784359402127,84.76095520019531,86.57441548665365,87.64242904663087,80.00777833665347,71.06761067080576,143.1291715588873,False,False,False,False,False,False,False,False,False,-27.148732940216547,noise,22.981246553052447,False,False,False,False,,Construction,Civil Construction,32.55060728744939,False,False
OMPOWER.NS,2026-09-22,,,,,,,,,,False,False,False,False,False,False,False,False,False,,noise,47.61975166268706,False,False,False,False,,Construction,Civil Construction,,False,False
OMAXAUTO.NS,2026-09-22,190.86000061035156,177.74583307902017,187.11189778645834,195.6346856689453,174.98415481567383,156.34657905578612,181.5171920202672,82.52199549472783,260.1032164095451,True,True,True,True,False,True,False,True,False,34.92219608125706,noise,78.8269207316744,False,False,False,False,,Auto Components,Auto Components & Equipments,84.61538461538461,True,False
OMAXE.NS,2026-09-22,116.5,120.9016679128011,109.9383339352078,104.26260040283204,86.84046702067057,83.90600025177002,118.80320614295152,62.5,138.88999938964844,True,True,True,True,True,True,True,False,False,35.2920673257958,dry,19.34242437746228,False,False,False,False,,Realty,"Residential, Commercial Projects",84.65587044534414,True,True
OMFURN.NS,2026-09-21,54.04999923706055,53.78749974568685,57.85972245534261,57.512000198364255,55.984999923706056,60.74349990844726,53.78533556270559,38.0,140.0,False,False,False,False,False,True,False,True,False,-57.93774378438867,dry,16.863406408094438,False,False,False,False,,Consumer Durables,"Furniture, Home Furnishing",4.412955465587045,False,False
OMNI.NS,2026-09-22,,,,,,,,,,False,False,False,False,False,False,False,False,False,,noise,72.65325161124359,False,False,False,False,,Industrial Manufacturing,Industrial Products,,False,False
ONDOOR.NS,2026-09-21,280.1499938964844,284.59583536783856,272.09861119588214,260.19599975585936,197.45233306884765,177.86449981689452,280.3445885065885,100.0,340.0,True,True,True,True,True,True,True,False,False,78.43948655827032,noise,22.97970126388357,False,False,False,False,,Retailing,Diversified Retail,93.40080971659918,True,True
PAYTM.NS,2026-09-22,1814.4000244140625,1766.4000040690105,1654.1333312988281,1561.8739990234376,1263.0386661783855,1261.5365008544923,1778.285215148001,930.5999755859375,1855.5,True,True,True,True,True,True,True,True,False,51.680329249015486,noise,27.087461352128546,False,True,False,False,,Financial Technology (Fintech),Financial Technology (Fintech),89.39271255060729,True,True
ONEGLOBAL.NS,2026-09-22,,,,,,,,,,False,False,False,False,False,False,False,False,False,,noise,,False,False,False,False,,Healthcare Services,Healthcare Service Provider,,False,False
MOBIKWIK.NS,2026-09-22,209.02000427246094,202.22499974568686,199.44388961791992,202.02580078125,198.28093383789061,204.80145034790038,204.0141234124066,151.4600067138672,302.9599914550781,True,False,False,False,True,True,False,True,False,-28.996534817074917,noise,69.3934370390112,False,False,False,False,,Financial Technology (Fintech),Financial Technology (Fintech),29.635627530364374,False,False
ONEPOINT.NS,2026-09-22,63.20000076293945,58.1891663869222,57.231110996670196,56.66799987792969,54.743733393351235,54.240000095367435,58.91448086475954,40.58000183105469,65.8499984741211,True,True,True,True,True,True,True,True,False,38.475025434101525,ppv,530.7584201551446,False,False,False,False,,Commercial Services & Supplies,Business Process Outsourcing (BPO)/ Knowledge Process Outsourcing (KPO),85.74898785425101,True,True
OLIL.NS,2026-09-21,427.54998779296875,428.64166259765625,417.67638821072046,419.2069995117188,390.6966668701172,369.67199996948244,430.1025580165699,260.0,479.8999938964844,True,True,True,True,True,True,True,False,False,62.01212492664043,red,418.6155285313377,False,False,False,False,,Transport Services,Logistics Solution Provider,91.21457489878543,True,True
ONELIFECAP.NS,2026-09-22,35.189998626708984,32.828940550486244,32.97806029849582,34.090241317749026,26.018684552510578,23.416465969085692,33.48161184948833,11.146808681376179,40.088521861958355,True,True,True,True,True,True,True,True,False,171.1870251392337,noise,46.01285782141547,False,False,False,False,,Capital Markets,Stockbroking & Allied,98.46153846153847,True,True
KISSHT.NS,2026-09-22,,,,,,,,,,False,False,False,False,False,False,False,False,False,,red,114.27891922262832,False,False,False,False,,Finance,Other Financial Services,,False,False
ONESOURCE.NS,2026-09-22,1587.9000244140625,1578.8666585286458,1555.1222161187065,1585.7999951171876,1597.535996907552,1583.0329962158203,1582.8167648423123,1057.0,1925.0,False,True,False,False,True,True,True,True,False,-11.876352577862248,noise,57.742591949321444,False,False,False,False,,Pharmaceuticals & Biotechnology,Pharmaceuticals,50.850202429149796,False,False
ONIDA.NS,2026-09-22,34.72999954223633,33.48083337148031,35.58555560641818,36.42900001525879,35.32386661529541,33.924149951934815,33.7269398660191,21.5,49.22999954223633,False,True,True,True,False,True,False,True,False,19.799930377497788,green,154.05386889450006,False,False,False,False,,Consumer Durables,Consumer Electronics,78.582995951417,True,False
ONIXSOLAR.NS,2026-09-22,,,,,,,,,,False,False,False,False,False,False,False,False,False,,noise,,False,False,False,False,,Non - Ferrous Metals,Copper,,False,False
ONMOBILE.NS,2026-09-22,53.290000915527344,49.420833905537926,56.476944499545624,58.21820007324219,54.631466674804685,54.73379999160767,50.56790964587583,40.209999084472656,84.0,False,False,False,True,False,True,False,True,False,-14.228231129267643,green,121.17543430300435,False,False,False,False,,Media,Web based media and service,48.01619433198381,False,False
ONWARDTEC.NS,2026-09-22,286.6000061035156,285.69166564941406,285.83749813503687,286.7519989013672,263.51184844970703,269.91536270141603,286.37700399147934,202.5474502609932,339.05421608387906,True,False,False,True,False,True,True,True,False,-4.9914615516910015,dry,15.467208783466416,False,False,False,False,,IT - Services,IT Enabled Services,58.663967611336034,False,False
OPTIEMUS.NS,2026-09-22,708.9000244140625,587.2041676839193,575.2430555555555,585.1769995117188,471.5246669514974,470.3070002746582,606.9656067386807,288.0,713.0,True,True,False,True,True,True,True,True,False,8.885652055259662,ppv,1811.4404551827838,True,False,True,False,,Telecom -  Equipment & Accessories,Telecom -  Equipment & Accessories,71.05263157894737,True,False
OPTIFIN.NS,2026-09-22,,,,,,,,,,False,False,False,False,False,False,False,False,False,,ppv,,False,False,True,False,,Finance,Non Banking Financial Company (NBFC),,False,False
OFSS.NS,2026-09-22,10989.0,11603.083333333334,11771.361111111111,11638.96,9627.528948567708,9080.999890136718,11501.851193874907,6060.863819699785,12540.0,True,True,True,True,False,True,True,False,False,26.74956062387974,noise,76.23090262314629,False,False,False,False,,IT - Software,Software Products,81.65991902834008,True,False
ORBTEXP.NS,2026-09-22,228.32000732421875,233.04583358764648,239.24006356133356,237.45475280761718,198.0239134724935,194.6226661682129,231.26631767761998,134.72293208187594,278.03816878415637,True,True,True,True,False,True,True,False,False,20.421892457614433,dry,2.4486164942401354,False,False,False,False,,Textiles & Apparels,Other Textile Products,78.94736842105263,True,False
ORCHASP.NS,2026-09-22,1.3700000047683716,1.4233333269755046,1.4369444350401561,1.4979999923706055,1.881866664091746,2.1008499962091447,1.4242144505778163,1.25,4.159999847412109,False,False,False,False,False,False,False,False,False,-48.88059811035488,noise,42.92004681911306,False,False,False,False,,IT - Software,Computers - Software & Consulting,9.392712550607287,False,False
ORCHPHARMA.NS,2026-09-22,1107.199951171875,1003.5333251953125,999.1333346896702,1003.2879992675781,809.7286629231771,793.2634973144532,1018.4219709270136,480.0,1143.5,True,True,True,True,True,True,True,True,True,44.4770648456444,ppv,490.1454274914607,False,False,True,False,,Pharmaceuticals & Biotechnology,Pharmaceuticals,87.48987854251013,True,True
ORIANA.NS,2026-09-21,271.29998779296875,413.76832326253253,1017.0866673787435,1132.8444024658204,1586.1317987060547,1699.7090992736817,392.5427329426244,240.1999969482422,3064.0,False,False,False,False,False,False,False,False,False,-90.05790153406521,red,432.09876543209873,False,False,False,False,,Electrical Equipment,Other Electrical Equipment,0.12145748987854252,False,False
ORICONENT.NS,2026-09-22,55.779998779296875,52.55755583445231,53.815490616692436,54.36790237426758,59.88502499898275,60.258717727661136,53.18836051500173,48.62494033467256,72.84277119450495,False,False,False,False,True,False,True,True,False,4.016884684632127,noise,36.755973046692155,False,False,False,False,,Industrial Products,Packaging,67.00404858299595,False,False
ORIENTBELL.NS,2026-09-22,392.79998779296875,400.15833536783856,373.8444468180339,357.9416619873047,323.49755533854164,312.06154571533204,394.58199862699655,245.77001941542372,434.95001220703125,True,True,True,True,True,True,True,False,False,22.526916374158958,noise,43.59221562410126,False,False,False,False,,Consumer Durables,Ceramics,80.16194331983806,True,True
ORIENTCEM.NS,2026-09-22,123.19000244140625,124.58333333333333,129.83138868543836,131.7970001220703,136.8178727722168,143.78973865509033,124.50595507651832,120.5999984741211,236.37657618219657,False,False,False,False,False,False,False,False,False,-43.675514234117585,red,107.86313296818892,False,True,False,False,,Cement & Cement Products,Cement & Cement Products,13.80566801619433,False,False
ORIENTCER.NS,2026-09-22,48.08000183105469,45.88317139943441,44.13655471801758,43.153391723632815,40.680170135498045,41.41465339660645,46.19637457689082,33.73449197109154,56.19769697696197,True,False,True,True,True,True,True,True,False,20.065451705647174,ppv,239.3669494955455,False,False,False,False,,Industrial Products,Electrodes & Refractories,78.70445344129556,True,False
ORIENTELEC.NS,2026-09-22,166.5399932861328,171.81083170572916,179.4366658528646,177.72499938964845,177.29944366455078,176.37415969848632,170.45590718218696,148.40382189942517,215.64378647408492,False,True,False,True,False,False,True,False,False,-17.51878908875215,dry,9.942445846725894,False,False,False,False,,Consumer Durables,Household Appliances,44.77732793522267,False,False
GREENPOWER.NS,2026-09-22,9.0,9.18166677157084,9.40777775976393,9.585799980163575,10.236466681162517,10.438600015640258,9.123456674653376,7.980000019073486,14.930000305175781,False,False,False,False,False,False,False,False,False,-35.66833347216941,noise,67.25522146326499,False,True,False,False,,Power,Power Generation,21.17408906882591,False,False
ORIENTPPR.NS,2026-09-22,16.989999771118164,17.56000026067098,17.435833401150173,17.45060001373291,17.53520003000895,18.602750034332274,17.245064562221142,13.25,28.780000686645508,False,False,False,False,False,False,False,False,False,-40.34410096839467,noise,36.35599547957665,False,False,False,False,,"Paper, Forest & Jute Products",Paper & Paper Products,16.437246963562753,False,False
ORIENTLTD.NS,2026-09-22,81.88999938964844,81.53083356221516,80.2102779812283,79.65800003051758,69.16026652018229,69.653399848938,81.35621756980811,53.720001220703125,102.30000305175781,True,False,False,True,True,True,True,True,False,-4.512596373813638,noise,24.53220545100634,False,True,False,False,,Industrial Products,Packaging,59.311740890688256,False,False
ORIENTTECH.NS,2026-09-22,235.0800018310547,237.61833318074545,245.24805535210504,251.6778009033203,264.1390678914388,283.2245053863525,237.52194972124434,220.8000030517578,466.7272644042969,False,False,False,False,False,False,False,False,False,-28.753825280932187,dry,13.238358186642749,False,False,False,False,,IT - Services,IT Enabled Services,30.0,False,False
OAL.NS,2026-09-22,556.9000244140625,529.2249984741211,438.80416700575086,418.6358929443359,337.0585162353516,324.61015625,524.5134094680272,227.70043330477768,570.0,True,True,True,True,True,True,True,True,False,59.005611311813496,noise,79.78869895183128,False,False,True,False,,Chemicals & Petrochemicals,Specialty Chemicals,90.68825910931174,True,True
ORIENTHOT.NS,2026-09-22,142.8800048828125,140.92583211263022,136.1538880666097,135.5607389831543,114.77406697591145,112.5486100769043,141.49875988298643,79.61620663529307,148.08615521805814,True,True,True,True,True,True,True,True,False,5.055432491913092,dry,13.489525237813393,False,False,False,False,,Leisure Services,Hotels & Resorts,67.65182186234819,False,False
ORIRAIL.NS,2026-09-22,,,,,,,,,,False,False,False,False,False,False,False,False,False,,ppv,,False,False,False,False,,Industrial Products,Other Industrial Products,,False,False
ORIENTALTL.NS,2026-09-22,4.980000019073486,5.070000012715657,5.080833355585734,5.1564000225067135,5.943466672897339,6.439200003147125,5.0309405584313875,4.400000095367432,11.0,False,False,False,False,False,False,False,False,False,-52.57142838977632,noise,70.27375339470419,False,False,False,False,,Consumer Durables,Granites & Marbles,7.206477732793521,False,False
ORISSAMINE.NS,2026-09-22,3879.699951171875,3971.0333048502603,4345.208353678386,4196.996005859375,4028.3220052083334,4193.135,3944.865542711879,3100.5,6138.89990234375,False,False,False,True,False,False,False,False,False,-19.88229321276458,dry,17.500531558201533,False,False,False,False,,Minerals & Mining,Industrial Minerals,41.983805668016196,False,False
ORKLAINDIA.NS,2026-09-22,,,,,,,,,,False,False,False,False,False,False,False,False,False,,noise,52.03015584343264,False,False,False,False,,Food Products,Other Food Products,,False,False
ORTINGLOBE.NS,2026-09-22,14.739999771118164,16.017500003178913,15.606944481531778,15.472800064086915,15.886266682942708,15.302900013923646,15.81744022428603,10.65999984741211,21.299999237060547,False,True,True,False,False,True,False,False,False,20.819672143962297,red,351.452143755601,False,False,False,False,,Pharmaceuticals & Biotechnology,Pharmaceuticals,79.19028340080972,True,False
OSIAHYPER.NS,2026-09-22,2.25,2.362500031789144,2.5544444587495594,2.671200017929077,4.222200007438659,6.925499979257584,2.328184201151187,2.1600000858306885,30.75,False,False,False,False,False,False,False,False,False,-92.02410466848102,noise,31.10198250621588,False,True,False,False,,Retailing,Diversified Retail,0.08097165991902834,False,False
OSWALAGRO.NS,2026-09-22,35.119998931884766,34.961666425069176,36.91583336724175,37.40340003967285,42.48500010172526,45.53215007781982,34.87272960786073,32.36000061035156,81.0,False,False,False,False,False,False,False,True,False,-53.09202932614014,noise,22.70005414423066,False,False,False,False,,Commercial Services & Supplies,Trading & Distributors,6.882591093117409,False,False
OSWALGREEN.NS,2026-09-22,20.059999465942383,19.80750036239624,20.626111189524334,20.806800079345702,23.667866643269857,25.431049985885622,19.780839401351898,18.549999237060547,43.790000915527344,False,False,False,False,False,False,False,True,False,-50.54240930289513,noise,35.73501550364306,False,True,False,False,,Finance,Investment Company,8.380566801619434,False,False
OSWALPUMPS.NS,2026-09-22,273.6000061035156,277.24583689371747,293.1722242567274,312.59600158691404,353.3010003662109,379.47575012207034,277.2770629816348,266.45001220703125,802.9000244140625,False,False,False,False,False,False,False,False,False,-65.11983712546521,noise,50.36687124743451,False,False,False,False,,Industrial Products,"Compressors, Pumps & Diesel Engines",2.631578947368421,False,False
OWAIS.NS,2026-09-21,75.69999694824219,78.10416603088379,79.7680549621582,85.55699951171874,122.28533279418946,156.69349948883055,77.0597795711217,58.099998474121094,580.0,False,False,False,False,False,True,False,False,False,-84.35950476275988,noise,63.1814939366147,False,False,False,False,,Ferrous Metals,Ferro & Silica Manganese,0.3643724696356275,False,False
PGHL.NS,2026-09-22,5459.0,5480.166666666667,5737.3735758463545,5995.552109375,5634.3811328125,5555.726313476563,5493.067024748593,4670.26488000687,6920.564352013024,False,True,False,True,False,False,True,False,False,-9.547237485070891,noise,44.11230514271995,False,False,False,False,,Pharmaceuticals & Biotechnology,Pharmaceuticals,53.56275303643725,False,False
PGHH.NS,2026-09-22,7282.0,7544.0,7961.129204644098,8174.74638671875,9230.418391927084,9957.492641601562,7521.132375315838,7200.0,14166.08056390996,False,False,False,False,False,False,False,False,False,-45.868223898372825,red,301.39165236626513,False,False,False,True,,Personal Products,Personal Care,11.700404858299596,False,False
PIIND.NS,2026-09-22,2410.0,2334.883341471354,2472.177449544271,2535.4580615234377,2767.873924153646,2876.938818359375,2344.729328747291,2191.0,3812.9263498994665,False,False,False,False,False,False,False,True,False,-33.96864096418456,green,312.14895562620046,True,False,False,False,,Fertilizers & Agrochemicals,Pesticides & Agrochemicals,22.995951417004047,False,False
PNGJL.NS,2026-09-22,598.4000244140625,610.1166737874349,612.2361161973741,619.617001953125,594.0506665039062,592.4834997558594,605.1114503884585,503.0,736.4000244140625,True,True,False,True,False,False,True,False,False,-5.600252190053778,noise,21.202913922180365,False,False,False,False,,Consumer Durables,"Gems, Jewellery And Watches",57.89473684210527,False,False
PROPEQUITY.NS,2026-09-21,192.0,207.2750015258789,213.61944495307074,217.11199951171875,211.69099924723307,205.17274948120118,201.16384795124907,145.0,268.0,False,True,False,True,False,True,False,False,False,-2.809416839291934,dry,0.0,False,True,False,False,,Realty,Real Estate related services,60.72874493927125,False,False
PACEDIGITK.NS,2026-09-22,,,,,,,,,,False,False,False,False,False,False,False,False,False,,ppv,1955.3291330833772,False,False,False,False,,Telecom - Services,Telecom - Infrastructure,,False,False
PACIFICI.NS,2026-09-22,,,,,,,,,,False,False,False,False,False,False,False,False,False,,noise,,False,False,False,False,,Consumer Durables,Granites & Marbles,,False,False
PAGEIND.NS,2026-09-22,37150.0,35582.5,36423.33745659722,37439.088515625,36618.33803385417,36120.30663085938,35823.74040249867,29525.273567492757,44914.71926447955,True,True,False,True,False,False,True,True,False,-14.699722915812163,ppv,143.88269517000515,False,False,False,False,,Textiles & Apparels,Garments & Apparels,47.57085020242915,False,False
PAISALO.NS,2026-09-22,93.43000030517578,85.14621543884277,74.33417532179091,73.58761489868164,56.39419072469075,51.06012729644775,86.5363742642203,29.963878249866504,94.87999725341797,True,True,True,True,True,True,True,True,False,142.77871495203428,ppv,125.05201732593736,False,True,True,False,,Finance,Non Banking Financial Company (NBFC),97.6923076923077,True,True
PAKKA.NS,2026-09-22,77.0199966430664,77.05666605631511,77.74805514017741,75.9411996459961,83.38413330078124,87.15055000305176,77.16985612322233,69.0999984741211,170.5,False,False,False,False,True,False,False,False,False,-53.57164571315776,noise,21.075434365953353,False,False,False,False,,"Paper, Forest & Jute Products",Paper & Paper Products,6.5991902834008105,False,False
PALASHSECU.NS,2026-09-22,86.69999694824219,87.72749900817871,88.98527738783095,88.97839950561523,92.20679982503255,94.88194984436035,87.35560384732527,79.01000213623047,132.6999969482422,False,False,False,False,False,False,False,False,False,-29.368637924038953,noise,40.859223955757386,False,True,False,False,,Food Products,Packaged Foods,29.230769230769234,False,False
PALREDTEC.NS,2026-09-22,46.95000076293945,50.50416660308838,51.71194447411431,50.52500007629394,44.27420007069906,43.389900064468385,49.08766994675303,27.450000762939453,73.5999984741211,True,True,False,True,False,True,False,False,False,-3.869777607992686,dry,7.428547248851632,False,False,False,False,,IT - Services,IT Enabled Services,59.878542510121456,False,False
PANACEABIO.NS,2026-09-22,382.6499938964844,382.46666208902997,395.8986104329427,416.51099975585936,414.06066548665365,403.0257489013672,380.1193026589169,292.3999938964844,647.0,False,True,False,True,False,True,False,True,False,-6.3853225941322584,noise,89.40309322689315,False,False,False,False,,Pharmaceuticals & Biotechnology,Pharmaceuticals,57.1255060728745,False,False
PANACHE.NS,2026-09-22,509.6000061035156,520.1999994913737,511.50833299424914,488.64600036621096,396.8096665445964,377.63974998474123,518.8393518634639,237.6999969482422,559.4000244140625,True,True,True,True,True,True,True,False,False,92.048236058723,red,200.0351551911087,False,False,False,False,,IT - Services,IT Enabled Services,94.93927125506073,True,True
PANAMAPET.NS,2026-09-22,481.25,475.79166412353516,482.67652808295355,474.19873901367185,370.1862524414062,349.85571136474607,473.80238666471644,227.57646060004578,595.8726432274872,True,True,True,True,True,True,True,True,False,63.76743188602661,noise,20.702389064457886,False,True,False,False,,Petroleum Products,Lubricants,91.49797570850203,True,True
PANCHMAHQ.NS,2026-09-21,,,,,,,,,,False,False,False,False,False,False,False,False,False,,noise,,False,False,False,False,,Industrial Products,Iron & Steel Products,,False,False
PANORAMA.NS,2026-09-22,,,,,,,,,,False,False,False,False,False,False,False,False,False,,noise,,False,False,True,False,,Entertainment,"Film Production, Distribution & Exhibition",,False,False
PANSARI.NS,2026-09-22,278.1000061035156,287.79166920979816,307.7138909233941,319.88600158691406,300.5240001424154,301.1697501373291,286.7754685260457,233.3000030517578,388.8999938964844,False,False,False,True,False,False,False,False,False,0.7608717766360851,dry,10.396839000099233,False,True,False,False,,Realty,"Residential, Commercial Projects",64.17004048582996,False,False
PAR.NS,2026-09-22,137.82000732421875,137.4083340962728,119.75055609809027,113.74180038452148,98.23086649576823,97.79494979858399,135.5711377120894,78.05000305175781,180.0,True,True,True,True,True,True,True,True,False,16.24494784263679,noise,21.417471881094325,False,False,False,False,,Pharmaceuticals & Biotechnology,Pharmaceuticals,76.47773279352226,True,True
PARADEEP.NS,2026-09-22,154.1699981689453,155.0191650390625,152.36703236897787,149.09858001708983,132.0515345255534,134.82853054046632,154.3285058025007,98.72591600991848,200.0165475038783,True,False,False,True,True,True,True,False,False,-12.68514260791097,dry,14.185511780968667,False,False,False,False,,Fertilizers & Agrochemicals,Fertilizers,49.797570850202426,False,False
PARAGMILK.NS,2026-09-22,279.3999938964844,262.88269933064777,240.92020331488715,234.77336029052734,221.94898712158204,234.75982391357422,265.4451957041011,177.1218503337203,375.4278281988306,True,False,False,True,True,True,False,True,False,-3.7260017680873836,ppv,325.45233258345024,True,True,False,False,,Food Products,Dairy Products,59.91902834008097,False,False
PARAGON.NS,2026-09-21,53.0,54.270833333333336,50.59305561913384,50.12900001525879,46.9596667989095,45.630750026702884,53.65738499752767,34.099998474121094,64.9000015258789,True,True,False,True,True,True,True,False,False,-13.11475409836066,noise,65.89785831960461,False,False,False,False,,Chemicals & Petrochemicals,Dyes And Pigments,49.23076923076923,False,False
PARACABLES.NS,2026-09-22,61.75,63.6816676457723,64.15722264183893,64.12700012207031,54.57920003255208,50.013750057220456,62.49690081674064,28.299999237060547,75.69999694824219,True,True,True,True,False,True,True,False,False,30.41183102413225,noise,62.08007613609416,False,False,False,False,,Industrial Products,Cables - Electricals,83.23886639676114,True,False
PARAS.NS,2026-09-22,1375.5,1414.2916666666667,1403.1741434733074,1350.375458984375,1028.7604809570312,937.566435546875,1393.6989969795338,580.1009628646058,1583.9105379095645,True,True,True,True,True,True,True,False,False,87.46287021542658,noise,59.56966873216894,False,False,False,False,,Aerospace & Defense,Aerospace & Defense,94.29149797570851,True,True
PARASPETRO.NS,2026-09-22,2.0899999141693115,2.1441667477289834,2.25944447517395,2.237000026702881,2.183333331743876,2.145949995517731,2.1377917748788873,1.5299999713897705,3.2300000190734863,False,True,True,True,False,True,False,False,False,-15.040655213012455,noise,30.65916469685176,False,False,False,False,,Finance,Investment Company,47.125506072874494,False,False
PARIN.NS,2026-09-21,699.5,707.3874969482422,709.2805565728081,713.2630017089843,687.2176668294271,666.6430017089843,704.6010102076759,470.0,748.0,True,True,True,True,False,True,True,False,False,43.63449691991785,noise,77.20254314259763,False,False,False,False,,Consumer Durables,"Furniture, Home Furnishing",87.12550607287449,True,False
PARKHOSPS.NS,2026-09-22,,,,,,,,,,False,False,False,False,False,False,False,False,False,,noise,52.15600723549824,False,False,False,False,,Healthcare Services,Hospital,,False,False
PARNAXLAB.NS,2026-09-22,,,,,,,,,,False,False,False,False,False,False,False,False,False,,noise,,False,False,False,False,,Pharmaceuticals & Biotechnology,Pharmaceuticals,,False,False
PARSVNATH.NS,2026-09-22,1.899999976158142,1.7350000043710072,1.593888885445065,1.7117999982833862,4.309000007311503,5.728700011968613,1.7718750059436728,1.350000023841858,18.75,False,False,False,False,True,True,False,True,False,-87.021858390702,dry,1.4069164040076731,False,False,False,False,,Realty,"Residential, Commercial Projects",0.20242914979757085,False,False
PARTYCRUS.NS,2026-09-21,97.75,90.55833307902019,86.00555568271213,86.5720001220703,88.8109999593099,87.6742499923706,92.9043355815111,63.04999923706055,113.8499984741211,True,True,True,False,True,True,True,True,False,30.33333333333332,ppv,927.6729559748428,True,False,False,False,,Other Consumer Services,Other Consumer Services,83.15789473684211,True,False
PASHUPATI.NS,2026-09-22,80.19999694824219,80.5716667175293,83.22083324856229,84.19979995727539,89.90493321736653,87.9395249557495,80.70497108326828,67.5,118.3499984741211,False,True,False,False,False,False,False,False,False,13.90426470237669,green,140.6367000756738,False,False,False,False,,Textiles & Apparels,Other Textile Products,74.5748987854251,True,False
PASUPTAC.NS,2026-09-22,76.37000274658203,69.22083473205566,64.60361162821452,62.916200485229496,57.67620002746582,55.75889995574951,70.1379225240245,40.40999984741211,78.94999694824219,True,True,True,True,True,True,True,True,False,63.884131431878586,ppv,968.8346937745495,True,False,True,False,,Chemicals & Petrochemicals,Petrochemicals,91.57894736842105,True,True
PATANJALI.NS,2026-09-22,404.0,355.90416717529297,351.67745208740234,349.5536334228516,419.4626047770182,446.62437454223635,367.38278539498936,326.057353105007,605.9581737112406,False,False,False,False,True,False,False,True,False,-31.470552303490486,ppv,227.7668745127182,False,False,False,False,,Agricultural Food & other Products,Edible Oil,26.59919028340081,False,False
PATELENG.NS,2026-09-22,26.850000381469727,26.425000349680584,27.716944694519043,28.002600135803224,27.92099997202555,28.218799991607668,26.369402244638927,22.0,41.150001525878906,False,False,False,False,False,False,False,True,False,-33.49021280190514,ppv,265.32813264392894,False,False,False,False,,Construction,Civil Construction,23.724696356275306,False,False
PATINTLOG.NS,2026-09-22,14.1899995803833,13.463823159535727,13.504592365688747,13.698363647460937,12.521819972991944,12.629869747161866,13.728506956589094,7.893745127847544,16.65471667728751,True,False,False,True,True,True,True,True,False,-2.577918615828345,red,121.00757052203576,False,False,False,False,,Transport Services,Logistics Solution Provider,60.97165991902834,False,False
PATELRMART.NS,2026-09-22,205.36000061035156,209.15500005086264,220.27722210354275,220.61140014648439,204.03906656901043,202.65664993286134,208.09115812590352,150.25,266.0,True,True,False,True,False,True,True,False,False,-14.504578176742388,noise,42.72512204107034,False,False,False,False,,Retailing,Diversified Retail,47.69230769230769,False,False
PML.NS,2026-09-22,,,,,,,,,,False,False,False,False,False,False,False,False,False,,ppv,,False,False,False,False,,Finance,Other Financial Services,,False,False
PAUSHAKLTD.NS,2026-09-22,,,,,,,,,,False,False,False,False,False,False,False,False,False,,noise,34.36835872422313,False,False,False,False,,Chemicals & Petrochemicals,Specialty Chemicals,,False,False
PAVNAIND.NS,2026-09-22,15.460000038146973,15.376666704813639,17.30666669209798,17.24620002746582,18.223266741434735,19.251150054931642,15.586483873406808,14.109999656677246,42.5,False,False,False,False,False,False,False,False,False,-60.460356415667384,red,191.3010660022332,False,True,False,False,,Auto Components,Auto Components & Equipments,3.724696356275304,False,False
POLICYBZR.NS,2026-09-22,1805.0,1790.1416727701824,1768.2222222222222,1715.07599609375,1627.220000813802,1650.2115032958984,1790.1277697902917,1364.0,1964.199951171875,True,False,False,True,True,True,True,True,False,-0.2541984774534489,noise,62.39830043591071,False,False,False,False,,Financial Technology (Fintech),Financial Technology (Fintech),63.1578947368421,False,False
PBMPOLY.NS,2026-09-22,,,,,,,,,,False,False,False,False,False,False,False,False,False,,ppv,,False,False,True,False,,Textiles & Apparels,Other Textile Products,,False,False
PCJEWELLER.NS,2026-09-22,13.579999923706055,13.293333450953165,11.263333373599583,10.803600044250489,9.645866654713949,9.787599983215332,12.894372876515748,7.46999979019165,14.4399995803833,True,False,False,True,True,True,True,True,False,-0.6583771184022535,ppv,215.5878132777432,False,False,False,False,,Consumer Durables,"Gems, Jewellery And Watches",62.5910931174089,False,False
PCBL.NS,2026-09-22,347.75,330.6208318074544,323.69166564941406,323.0751678466797,297.5037440999349,295.23849075317383,333.0876083316389,223.3811204499978,396.93159990427984,True,True,False,True,True,True,True,True,False,-11.097601811522173,noise,74.59898699443829,False,True,False,False,,Chemicals & Petrochemicals,Carbon Black,51.86234817813765,False,False
PDSL.NS,2026-09-22,361.45001220703125,348.2666727701823,359.9763895670573,359.9205609130859,322.350490620931,328.7707921600342,350.99766117167906,244.91119284506286,416.5630259242535,True,False,False,True,True,True,True,True,False,3.7147118920483724,noise,29.95123225271045,False,False,False,False,,Textiles & Apparels,Trading - Textile Products,66.63967611336032,False,False
PGIL.NS,2026-09-22,1194.9000244140625,1159.2333272298176,1168.574998643663,1124.9780017089843,918.5997383626302,885.7446743774414,1163.1622236199987,594.6744698202933,1269.800048828125,True,True,True,True,True,True,True,True,False,74.3457306930097,noise,81.50141405312505,False,False,False,False,,Textiles & Apparels,Garments & Apparels,92.83400809716599,True,True
PEARLPOLY.NS,2026-09-22,18.829999923706055,16.27916669845581,16.1438889503479,16.47740005493164,17.77926670074463,18.64425003051758,16.86067128242067,12.75,31.979999542236328,True,False,False,False,True,True,False,True,True,-40.01274198840643,ppv,286.58809456191534,False,False,False,False,,Consumer Durables,Plastic Products - Consumer,16.720647773279353,False,False
PENINLAND.NS,2026-09-22,17.030000686645508,15.635833422342936,15.875833405388725,16.10740005493164,16.629599990844728,18.316300020217895,15.847372696247199,13.819999694824219,37.599998474121094,False,False,False,False,True,False,False,True,False,-52.681300660136564,ppv,627.2252620644407,False,False,False,False,,Realty,"Residential, Commercial Projects",7.08502024291498,False,False
PENIND.NS,2026-09-22,174.13999938964844,173.68749872843424,165.17861005995007,165.62079864501953,160.195066019694,166.75854942321777,171.61639337557511,129.10000610351562,279.8999938964844,True,False,False,False,True,True,False,True,False,-30.43026603486546,noise,95.7748638790622,False,False,False,False,,Industrial Manufacturing,Industrial Products,27.813765182186234,False,False
PENTAGON.NS,2026-09-21,95.9000015258789,90.22083346048991,65.29305585225423,61.97300033569336,62.50466651916504,64.43875001907348,88.04099256616519,49.150001525878906,100.0999984741211,True,False,False,False,True,True,True,True,False,81.28544188975914,green,245.9016393442623,False,False,False,False,,Industrial Products,Rubber,93.80566801619433,True,False
PERMAGN.NS,2026-09-22,,,,,,,,,,False,False,False,False,False,False,False,False,False,,noise,,False,True,False,False,,Electrical Equipment,Other Electrical Equipment,,False,False
PERSISTENT.NS,2026-09-22,5366.0,5473.5,5553.875,5472.8798828125,5110.005992838542,5368.281552734375,5465.492832385854,4229.809203861739,6552.654210942315,False,False,False,True,False,False,True,False,False,2.522344732481252,noise,67.58940579604898,False,False,False,False,,IT - Software,Computers - Software & Consulting,65.54655870445345,False,False
PCCL.NS,2026-09-21,451.79998779296875,437.0625,368.49166785346137,338.66700103759763,283.40866739908853,265.5685005187988,435.2735401159037,168.39999389648438,454.0,True,True,True,True,True,True,True,True,False,148.9256131090737,green,105.8091286307054,False,False,True,False,,Minerals & Mining,Industrial Minerals,97.89473684210527,True,True
PETRONET.NS,2026-09-22,281.75,286.42500559488934,286.6638912624783,283.9160009765625,278.1852679443359,278.9191798400879,286.25170696193675,232.6659092397909,322.6775170144611,True,False,True,True,False,False,True,False,False,5.957813283288549,red,110.99960158825138,False,False,False,False,,Gas,LPG/CNG/PNG/LNG Supplier,68.21862348178138,False,False
PFIZER.NS,2026-09-22,3998.89990234375,4116.816650390625,4588.194444444444,4615.68185546875,4631.027294921875,4672.6133984375,4108.204936582284,3955.5,5489.439888599995,False,False,False,False,False,False,False,False,False,-20.435086820728788,noise,20.709163139227567,False,False,False,True,,Pharmaceuticals & Biotechnology,Pharmaceuticals,41.21457489878543,False,False
PGEL.NS,2026-09-22,520.2000122070312,536.8796132405599,576.9051886664497,583.6092517089844,547.238775431315,554.6189558410645,535.220753060117,436.34383127169804,644.0957170393084,False,False,False,True,False,False,True,False,False,-7.228910416940826,noise,52.93403436789138,False,False,False,False,,Consumer Durables,Consumer Electronics,55.7085020242915,False,False
PHANTOMFX.NS,2026-09-21,92.4000015258789,106.6833324432373,126.74722162882487,141.80499908447266,174.90366689046223,188.47700035095215,102.8754939627572,88.19999694824219,311.0,False,False,False,False,False,False,False,False,False,-64.0116839237083,noise,72.64150943396226,False,False,False,True,,Entertainment,Media & Entertainment,2.7935222672064777,False,False
PHOENXINTL.NS,2026-09-22,,,,,,,,,,False,False,False,False,False,False,False,False,False,,noise,,False,False,False,False,,Commercial Services & Supplies,Diversified Commercial Services,,False,False
PHOENIXLTD.NS,2026-09-22,1953.4000244140625,1888.0327555338542,1907.4236653645833,1937.9572094726564,1819.3629337565105,1812.6501544189452,1900.2337986906393,1463.661338687736,2166.9299087704976,True,True,True,True,True,True,True,True,False,20.2796272968953,noise,90.85111012215096,False,False,False,False,,Realty,"Residential, Commercial Projects",78.90688259109312,True,True
PWL.NS,2026-09-22,,,,,,,,,,False,False,False,False,False,False,False,False,False,,noise,49.52414141816047,False,False,False,False,,Other Consumer Services,E-Learning,,False,False
PICCADIL.NS,2026-09-22,614.7999877929688,600.8390909830729,663.0911119249132,683.4469799804688,615.2847351074219,606.2073828125,603.7204062719687,514.14246279787,808.3517449655756,False,True,False,True,False,False,True,True,False,-14.841268807971886,noise,79.50275014580383,False,False,False,False,,Beverages,Breweries & Distilleries,47.28744939271255,False,False
PIDILITIND.NS,2026-09-22,1572.699951171875,1564.7666625976562,1629.2833319769966,1618.529365234375,1501.3678515625,1490.5630102539062,1571.2486622427964,1249.9992446237347,1707.5,True,True,True,True,False,False,True,True,False,4.280731676974092,noise,52.28060755481545,False,False,False,False,,Chemicals & Petrochemicals,Specialty Chemicals,67.04453441295547,False,False
PILITA.NS,2026-09-22,7.380000114440918,7.71833340326945,8.056666678852505,8.281600008010864,8.165933322906493,8.531349997520447,7.6326516697857265,6.199999809265137,15.5,False,False,False,False,False,False,False,False,False,-51.415402776102695,noise,30.62161457669105,False,True,False,False,,Consumer Durables,Plastic Products - Consumer,7.894736842105263,False,False
PILANIINVS.NS,2026-09-22,4008.300048828125,4145.0,4299.011094835069,4311.463994140625,4440.6908138020835,4563.358720703125,4110.760657226351,3942.800048828125,5967.811511439587,False,False,False,False,False,False,False,False,False,-23.80752583898984,noise,69.12837310277847,False,False,False,True,,Finance,Investment Company,36.63967611336032,False,False
PINELABS.NS,2026-09-22,,,,,,,,,,False,False,False,False,False,False,False,False,False,,green,261.4943610883498,False,False,False,False,,Financial Technology (Fintech),Financial Technology (Fintech),,False,False
PIONEEREMB.NS,2026-09-22,22.280000686645508,21.31000010172526,22.232777807447647,22.469400062561036,24.203200098673502,25.126050071716307,21.622853197803188,19.610000610351562,39.20000076293945,False,False,False,False,False,False,False,True,False,-41.026994688907294,noise,51.26056721061345,False,False,False,False,,Textiles & Apparels,Other Textile Products,15.910931174089068,False,False
PIONRINV.NS,2026-09-22,,,,,,,,,,False,False,False,False,False,False,False,False,False,,noise,,False,False,False,False,,Finance,Other Financial Services,,False,False
PIRAMALFIN.NS,2026-09-22,,,,,,,,,,False,False,False,False,False,False,False,False,False,,noise,76.39664497162539,False,False,False,False,,Finance,Housing Finance Company,,False,False
PPLPHARMA.NS,2026-09-22,210.1199951171875,211.91333516438803,211.56888919406467,204.36,175.4166660563151,173.29669952392578,210.27998951531728,132.3000030517578,231.92999267578125,True,True,True,True,True,True,True,False,False,3.6554625612438496,noise,43.5432221027223,False,True,False,False,,Pharmaceuticals & Biotechnology,Pharmaceuticals,66.5587044534413,False,False
PITTIENG.NS,2026-09-22,1121.9000244140625,1139.5978495279949,1073.3868425157334,1033.8592687988282,945.9346818033854,910.3189007568359,1130.4316275017186,673.5594125870612,1225.3791940785206,True,True,True,True,True,True,True,False,False,17.395141361780865,noise,28.471997039273372,False,False,False,False,,Industrial Manufacturing,Industrial Products,77.08502024291498,True,True
PIXTRANS.NS,2026-09-22,1733.0,1731.9833272298176,1796.574998643663,1792.7680004882814,1630.3827840169272,1568.7742987060547,1738.1702011655107,1245.9203610210297,2089.0,True,True,True,True,False,True,True,False,False,21.423541090021693,dry,17.807540522687624,False,True,False,False,,Industrial Products,Rubber,79.59514170040485,True,False
PLASTIBLEN.NS,2026-09-22,185.94000244140625,188.66666539510092,190.01889589097766,189.97363677978515,168.21329615275064,165.17817226409912,187.05053452972533,119.18729085056164,213.0321173797698,True,True,True,True,False,True,True,False,False,-1.7468769600511025,dry,11.685969511626013,False,True,False,False,,Chemicals & Petrochemicals,Specialty Chemicals,61.74089068825911,False,False
PLATIND.NS,2026-09-22,216.07000732421875,220.3000005086263,221.13833363850912,223.7972006225586,222.85473358154297,226.96935005187987,217.5916502208316,183.5,328.1000061035156,False,False,False,False,False,False,False,False,False,-31.023142115173584,green,100.91785223946827,False,False,False,False,,Chemicals & Petrochemicals,Specialty Chemicals,27.125506072874494,False,False
PLAZACABLE.NS,2026-09-22,62.27000045776367,61.104166984558105,55.5705557929145,51.95080017089844,45.64246677398682,44.21285006523132,61.30206941897046,27.0,66.0,True,True,True,True,True,True,True,True,False,12.542921375458583,green,102.87451890195658,False,True,False,False,,Industrial Products,Cables - Electricals,73.64372469635627,True,True
PNBGILTS.NS,2026-09-22,76.2300033569336,77.3771915435791,77.63075383504231,79.30800903320312,77.2717404683431,77.49902122497559,76.87940207279439,57.11982738776781,102.13337121498681,False,False,False,True,False,True,False,False,False,-23.612631857713474,noise,98.55088990786905,False,False,False,False,,Finance,Investment Company,36.92307692307693,False,False
PNBHOUSING.NS,2026-09-22,1125.5999755859375,1150.8583272298176,1153.2972242567275,1130.0240087890625,1007.4712129720052,981.1001135253906,1141.3653355771714,723.9501950006703,1211.5,True,True,True,True,False,True,True,False,False,32.051014178608916,noise,22.85025961787464,False,True,False,False,,Finance,Housing Finance Company,83.88663967611336,True,False
PNCINFRA.NS,2026-09-22,139.6199951171875,158.27083333333334,192.94055472479926,206.52399963378906,208.4181330362956,215.7634497833252,151.8579924542425,116.4000015258789,319.70001220703125,False,False,False,False,False,False,False,False,False,-54.64674602922055,red,132.9675172821825,False,False,False,False,,Construction,Civil Construction,6.153846153846154,False,False
PNGSREVA.NS,2026-09-22,,,,,,,,,,False,False,False,False,False,False,False,False,False,,noise,38.52154354435934,False,False,False,False,,Consumer Durables,"Gems, Jewellery And Watches",,False,False
POEL.NS,2026-09-22,,,,,,,,,,False,False,False,False,False,False,False,False,False,,noise,,False,False,False,False,,Chemicals & Petrochemicals,Commodity Chemicals,,False,False
PODDARMENT.NS,2026-09-22,288.70001220703125,281.46162541707355,261.6658176845974,257.8874551391602,245.75626149495443,247.37528106689453,279.9105278410829,198.4132996388349,328.94576134835404,True,False,False,True,True,True,True,True,False,1.7604218377630598,dry,12.996430094518342,False,False,False,False,,Chemicals & Petrochemicals,Dyes And Pigments,65.02024291497975,False,False
POKARNA.NS,2026-09-22,732.5499877929688,768.0250040690104,861.2194451226128,885.8842114257812,898.8721032714843,887.2110845947266,761.9668621679002,692.1703608780139,1145.4889587311654,False,True,False,False,False,False,False,False,False,-14.84116397446249,noise,44.48712454359495,False,False,False,False,,Consumer Durables,Granites & Marbles,47.32793522267206,False,False
POLYMED.NS,2026-09-22,1699.0,1719.4166463216145,1741.208255343967,1724.87099609375,1544.289287923177,1571.8474157714843,1716.8555086472238,1179.584393160086,2090.02010392206,True,False,False,True,False,True,True,False,False,-12.970078362026062,noise,38.0653357402049,False,False,False,False,,Healthcare Equipment & Supplies,Medical Equipment & Supplies,49.392712550607285,False,False
POLYCAB.NS,2026-09-22,8350.0,8285.125,8831.319444444445,8885.31,8679.60134765625,8355.2069140625,8349.005749109036,6631.534745548168,10126.0,False,True,True,True,False,False,True,True,False,9.567969360334327,noise,67.20913192479543,False,False,False,False,,Industrial Products,Cables - Electricals,71.65991902834008,True,False
POLYPLEX.NS,2026-09-22,1091.5999755859375,1116.6083272298176,1153.5733676486545,1139.7545849609376,978.065858561198,941.908171081543,1109.398128723439,739.37288212371,1262.9288373840152,True,True,True,True,False,True,True,False,False,2.8016667818182572,noise,36.79309827788944,False,False,False,False,,Industrial Products,Packaging,65.78947368421053,False,False
POLYSIL.NS,2026-09-21,62.849998474121094,74.1416670481364,71.36250040266249,83.99900016784667,134.22066642761231,166.62949975967408,70.80890817910188,47.25,356.75,False,False,False,False,False,True,False,False,False,-70.05003733804125,red,142.81303072410066,False,False,False,False,,Industrial Products,Plastic Products - Industrial,1.417004048582996,False,False
POLYSPIN.NS,2026-09-22,,,,,,,,,,False,False,False,False,False,False,False,False,False,,noise,,False,False,False,False,,Industrial Products,Packaging,,False,False
POCL.NS,2026-09-22,472.95001220703125,464.0041681925456,487.6513917711046,502.1341998291016,503.1497998046875,510.99175018310547,467.8857506976412,392.20001220703125,647.5999755859375,False,False,False,False,False,False,False,True,False,-10.791075116095861,noise,74.78658791676767,False,False,False,False,,Diversified Metals,Diversified Metals,52.14574898785425,False,False
PONNIERODE.NS,2026-09-22,362.79998779296875,366.13333384195965,366.70555369059247,352.6289990234375,312.89227701822915,300.68170211791994,363.7085910577186,248.27783069557003,455.0,True,True,True,True,True,True,True,False,False,24.72895740548644,noise,25.713139100833093,False,False,False,False,,Agricultural Food & other Products,Sugar,80.97165991902834,True,True
POONAWALLA.NS,2026-09-22,471.8999938964844,452.0874989827474,471.40972222222223,470.975,437.5116668701172,441.3825001525879,458.17295356529723,361.20001220703125,570.4000244140625,True,False,False,True,True,True,True,True,False,-2.5905703363226618,noise,62.86072521407326,False,True,False,False,,Finance,Non Banking Financial Company (NBFC),60.93117408906883,False,False
PVSL.NS,2026-09-22,99.91999816894531,100.10666592915852,106.53388871086969,105.87260009765625,99.62340021769205,103.94220020294189,100.1747113631393,82.41000366210938,163.0,False,False,False,True,False,False,False,False,False,-28.33166010527054,dry,17.128078625135316,False,True,False,False,,Automobiles,Auto Dealer,30.647773279352226,False,False
PIGL.NS,2026-09-22,101.05999755859375,100.59083302815755,103.71277809143066,105.13340057373047,107.280533396403,110.48380023956298,100.80035987593378,88.05000305175781,189.6999969482422,False,False,False,False,False,False,False,True,False,-37.01857576336497,noise,27.27233762814436,False,True,False,False,,Electrical Equipment,Other Electrical Equipment,19.87854251012146,False,False
PFC.NS,2026-09-22,345.79998779296875,349.0124994913737,363.18540954589844,375.6170574951172,404.3808905029297,392.6030987548828,347.30456158266355,317.6634042148347,476.82888450136187,False,True,False,False,False,False,False,False,False,-11.267117583476816,noise,96.24041863820348,False,True,False,False,,Finance,Financial Institution,51.578947368421055,False,False
POWERGRID.NS,2026-09-22,265.95001220703125,266.64166768391925,267.9791658189562,272.9779998779297,289.7409999593099,283.81725761413577,266.38059699802386,247.224610170096,324.95001220703125,False,True,False,False,False,False,True,False,False,-4.601501237493566,noise,83.93843418833262,False,False,False,False,,Power,Power - Transmission,59.10931174089069,False,False
POWERMECH.NS,2026-09-22,2443.10009765625,2387.762736002604,2456.1787855360244,2493.48890625,2414.597638346354,2364.395894775391,2398.1437992926612,1716.6396917096176,3118.074056046755,True,True,False,True,False,True,True,True,False,-17.784044862732106,noise,54.79343326330006,False,False,False,False,,Construction,Civil Construction,44.45344129554656,False,False
PGINVIT.NS,2026-09-21,101.0,101.81833394368489,100.4200005001492,99.33469970703125,91.87278391520182,89.87183265686035,101.44333607591874,78.5084871657528,104.5,True,True,True,True,True,False,True,False,False,18.7609783019413,red,115.55712392696658,False,False,False,False,,Power,Power - Transmission,78.0161943319838,True,False
POWERICA.NS,2026-09-22,,,,,,,,,,False,False,False,False,False,False,False,False,False,,noise,63.26532184250265,False,False,False,False,,Electrical Equipment,Heavy Electrical Equipment,,False,False
PPAP.NS,2026-09-22,232.60000610351562,241.00844192504883,265.50980377197266,273.8233312988281,236.74138427734374,230.00254486083983,239.56894904334928,174.91245522139644,377.15499110074853,False,True,True,True,False,True,False,False,False,6.200732455168345,dry,18.037629601343514,False,False,False,False,,Auto Components,Auto Components & Equipments,68.42105263157895,False,False
PRABHA.NS,2026-09-22,235.72000122070312,238.83333333333334,205.3602786593967,188.4742004394531,169.15471689860027,169.98168754577637,232.68829883630454,137.91000366210938,262.79998779296875,True,False,False,True,True,True,True,True,False,7.374847415583852,noise,38.004688390669386,False,False,False,False,,Oil,Oil Exploration & Production,69.51417004048584,False,False
PRADPME.NS,2026-09-22,,,,,,,,,,False,False,False,False,False,False,False,False,False,,ppv,,False,False,False,False,,Auto Components,Auto Components & Equipments,,False,False
PRAJIND.NS,2026-09-22,317.54998779296875,322.34166463216144,331.7635709974501,329.1591021728516,340.57488627115885,332.4495735168457,320.3521493035336,269.90699581373747,422.8048706122484,False,True,False,False,False,False,True,False,False,-15.908119475940518,noise,59.8701755315136,False,False,False,False,,Industrial Manufacturing,Industrial Products,46.35627530364373,False,False
PRAENG.NS,2026-09-22,21.559999465942383,22.58916695912679,21.17472245958116,20.990000190734865,21.241000061035155,22.17880000114441,22.239160485441992,17.0,33.880001068115234,False,False,False,False,True,False,False,False,False,-17.678506963351747,noise,28.4545760656692,False,False,False,False,,Realty,"Residential, Commercial Projects",44.61538461538462,False,False
PRAKASH.NS,2026-09-22,119.12000274658203,120.70327758789062,124.28722169664171,123.8600813293457,131.3818106587728,130.9284408569336,120.04693496489486,108.57934101008478,174.33366994189188,False,True,False,False,False,False,False,False,False,-27.670676907682612,red,126.14927031841012,False,False,False,False,,Ferrous Metals,Iron & Steel,31.943319838056677,False,False
PPL.NS,2026-09-22,273.3999938964844,273.93777720133465,266.20597542656793,265.31468963623047,232.66231302897134,230.47467575073242,272.1644051138222,161.79821586787995,331.50738811977976,True,True,False,True,True,True,True,True,False,-13.989889161344937,noise,86.50723742161102,False,False,False,False,,Industrial Products,Plastic Products - Industrial,48.46153846153846,False,False
PRAKASHSTL.NS,2026-09-22,3.7200000286102295,3.7324999968210855,3.8583333558506436,3.9078000497817995,4.225133337974548,4.351700003147125,3.724817724286016,3.4800000190734863,6.570000171661377,False,False,False,False,False,False,False,False,False,-34.15929264036039,noise,56.61091006548872,False,False,False,False,,Industrial Products,Iron & Steel Products,22.753036437246962,False,False
PRAMARA.NS,2026-09-21,84.5,92.1416670481364,107.78888850741916,114.47900009155273,218.680999806722,251.34149982452394,90.27409856966761,82.5,374.79998779296875,False,False,False,False,False,False,False,False,False,-68.87661141804789,noise,36.950602878257484,False,False,False,False,,Media,Advertising & Media Agencies,1.6599190283400809,False,False
DIAMONDYD.NS,2026-09-22,1090.300048828125,1113.3764038085938,1155.6743774414062,1151.6163012695313,1079.5052168782552,1089.9849728393556,1107.8137434748705,858.5097485716138,1244.434253384608,True,False,False,True,False,False,True,False,False,5.589815982005231,dry,8.984639865901208,False,False,False,False,,Food Products,Packaged Foods,68.05668016194332,False,False
PRATHAM.NS,2026-09-21,120.05000305175781,121.04166730244954,120.33888943990071,119.16600051879882,125.06200022379558,129.61275005340576,121.19814916371011,100.0,196.0,False,False,False,False,True,False,False,False,False,-16.54501358493592,red,117.37089201877934,False,True,False,False,,Construction,Civil Construction,45.66801619433198,False,False
PRAVEG.NS,2026-09-22,,,,,,,,,,False,False,False,False,False,False,False,False,False,,noise,,False,False,False,False,,Leisure Services,Hotels & Resorts,,False,False
PRAXIS.NS,2026-09-22,4.349999904632568,4.432500004768372,5.339444451861912,5.822800006866455,6.836533317565918,7.317099983692169,4.373492938328324,3.9100000858306885,14.4399995803833,False,False,False,False,False,False,False,False,False,-64.74878564956659,noise,25.15063333552952,False,False,False,False,,Retailing,Speciality Retail,2.6720647773279356,False,False
PRECWIRE.NS,2026-09-22,491.1000061035156,464.77916717529297,451.86944495307074,428.58286743164064,390.3313323974609,353.0753270721436,468.18774786518986,178.7895405771533,524.9000244140625,True,True,True,True,True,True,True,True,False,172.7207711592971,green,114.85398728568813,False,False,False,False,,Industrial Products,"Aluminium, Copper & Zinc Products",98.50202429149797,True,True
PRECAM.NS,2026-09-22,118.87000274658203,117.48416709899902,127.59861161973741,131.18729888916016,139.22409678141275,142.62618896484375,117.56855447874223,103.24009159706355,221.6117278703434,False,False,False,False,False,False,False,True,False,-45.18477626754493,noise,95.30981923820703,False,False,False,False,,Auto Components,Auto Components & Equipments,12.145748987854251,False,False
PRECISION.NS,2026-09-21,6.300000190734863,6.612499992052714,7.288888878292507,7.281999979019165,7.817333348592123,8.692750005722045,6.520432959496625,5.800000190734863,21.75,False,False,False,False,False,False,False,False,False,-69.34306362711082,ppv,237.11340206185568,False,False,False,False,,Auto Components,Auto Components & Equipments,1.5789473684210527,False,False
PRECOT.NS,2026-09-22,674.5999755859375,671.1541697184244,717.1057671440972,744.3938122558594,656.968291422526,592.543092956543,672.4789626681135,298.548139941249,899.0,True,True,True,True,False,True,True,True,False,40.08131262662522,noise,38.81490628345502,False,False,False,False,,Textiles & Apparels,Other Textile Products,86.11336032388664,True,False
PREMEXPLN.NS,2026-09-22,674.25,669.0458323160807,664.0680541992188,664.1959985351563,605.2439980061849,579.485,670.0113524049594,378.3999938964844,829.7999877929688,True,True,True,True,True,True,True,True,False,8.421663619869669,noise,39.51332848415448,False,False,False,False,,Chemicals & Petrochemicals,Explosives,70.52631578947368,True,True
PREMCO.NS,2026-09-22,,,,,,,,,,False,False,False,False,False,False,False,False,False,,noise,,False,False,True,False,,Textiles & Apparels,Other Textile Products,,False,False
PREMIERENE.NS,2026-09-22,907.2000122070312,943.6750081380209,998.2194485134548,1010.6540014648438,978.683164469401,933.8296292114258,931.7111848270151,666.4089382565205,1134.0,False,True,False,True,False,True,True,False,False,-11.599949756089845,red,107.70558595647965,False,False,False,False,,Electrical Equipment,Other Electrical Equipment,51.174089068825914,False,False
PREMIERPOL.NS,2026-09-22,81.0199966430664,84.90718777974446,83.86023330688477,81.1996990966797,65.39937764485677,60.525460166931154,83.3931975892583,37.93100838755093,98.6206235969704,True,True,True,True,False,True,True,False,False,69.98400115249326,dry,13.94618076685646,False,False,False,False,,Industrial Products,Plastic Products - Industrial,92.22672064777328,True,False
PRLIND.NS,2026-09-21,45.04999923706055,42.24166615804037,42.92083305782742,43.633999786376954,52.073999888102215,57.140749835968016,42.690378738916706,37.599998474121094,93.0,False,False,False,False,True,False,False,True,False,-45.91837024415344,green,113.6816912644595,False,False,False,False,,Transport Services,Logistics Solution Provider,11.65991902834008,False,False
PRESSTONIC.NS,2026-09-21,35.900001525878906,31.0041667620341,32.02638896306356,30.29600009918213,35.331666717529295,40.57756917953491,31.482389078749975,24.0,86.0,False,False,False,False,True,True,False,True,False,-57.51479109363443,green,194.1568047337278,False,False,False,False,,Industrial Manufacturing,Industrial Products,4.777327935222672,False,False
PRESTIGE.NS,2026-09-22,1479.5999755859375,1488.4499918619792,1561.8756510416667,1587.1181469726562,1464.9152286783853,1487.1628729248048,1480.98158481699,1088.629585901896,1802.9302554788078,False,False,False,True,False,True,True,False,False,-8.404686073886648,noise,94.11587869563672,False,False,False,False,,Realty,"Residential, Commercial Projects",54.534412955465584,False,False
PRICOLLTD.NS,2026-09-22,768.0999755859375,756.3583272298177,770.6166687011719,735.7369982910157,628.9539980061849,625.4819993591309,759.5303804703234,498.2068341942702,823.0,True,True,True,True,True,True,True,True,False,42.76379489605438,noise,41.304272165938876,False,False,False,False,,Auto Components,Auto Components & Equipments,86.68016194331983,True,True
PFOCUS.NS,2026-09-22,357.45001220703125,325.4416681925456,300.86527676052515,297.45499938964844,280.5035329182943,268.6509996032715,332.0574448180975,161.00999450683594,367.0,True,True,True,True,True,True,True,True,False,94.24519286380897,ppv,317.9810758098771,True,False,True,False,,Entertainment,Media & Entertainment,95.26315789473684,True,True
PRIMESECU.NS,2026-09-22,290.20001220703125,285.3166681925456,285.11805725097656,282.6150012207031,282.4930010986328,281.8067512512207,288.735646931551,248.0,325.0,True,True,False,True,True,False,True,True,False,14.97623582592067,noise,22.331544915123676,False,False,False,False,,Finance,Other Financial Services,75.4251012145749,True,False
PRIMO.NS,2026-09-22,22.690000534057617,21.710000197092693,22.331666628519695,22.602000007629396,22.354800033569337,22.352450037002562,21.89046219540647,16.100000381469727,26.899999618530273,True,True,False,True,True,True,True,True,False,-11.780710964963447,noise,81.39809555511354,False,False,False,False,,Chemicals & Petrochemicals,Commodity Chemicals,51.012145748987855,False,False
PRINCEPIPE.NS,2026-09-22,265.25,269.82135518391925,278.1517028808594,274.02719970703123,263.20079142252604,259.8024474334717,268.13335779855913,204.28258995520707,350.96745230751316,True,True,False,True,False,False,True,False,False,-20.125575724648705,noise,48.65935859631471,False,False,False,False,,Industrial Products,Plastic Products - Industrial,41.74089068825911,False,False
PRIORITY.NS,2026-09-22,,,,,,,,,,False,False,False,False,False,False,False,False,False,,noise,,False,False,False,False,,Consumer Durables,"Gems, Jewellery And Watches",,False,False
PRSMJOHNSN.NS,2026-09-22,116.08000183105469,114.04500007629395,110.93777762518988,110.36179977416992,119.16833333333334,121.68284999847413,114.52868933544008,97.0999984741211,176.0,False,False,False,False,True,False,False,True,False,-30.236190722483812,dry,7.515666122438545,False,False,False,False,,Cement & Cement Products,Cement & Cement Products,28.016194331983808,False,False
PRISMX.NS,2026-09-22,,,,,,,,,,False,False,False,False,False,False,False,False,False,,noise,,False,False,False,False,,Commercial Services & Supplies,Trading & Distributors,,False,False
PNC.NS,2026-09-22,16.420000076293945,16.517499923706055,17.59472221798367,18.221399993896483,20.149933382670085,21.580250043869018,16.591518882026207,15.720000267028809,36.650001525878906,False,False,False,False,False,False,False,False,False,-53.418439499875326,noise,23.83009193718447,False,True,False,False,,Entertainment,"Film Production, Distribution & Exhibition",6.761133603238867,False,False
PRITI.NS,2026-09-22,32.900001525878906,33.24666690826416,34.439166916741264,35.389000244140625,39.98773345947266,43.917150039672855,33.155299339554276,31.0,85.0,False,False,False,False,False,False,False,False,False,-57.83132153107737,red,103.06826675122223,False,False,False,False,,Consumer Durables,"Furniture, Home Furnishing",4.574898785425101,False,False
PRITIKAUTO.NS,2026-09-22,15.600000381469727,15.110833406448364,16.68833327293396,17.037999897003175,15.027999947865805,14.672599954605102,15.227454931169945,10.40999984741211,20.989999771118164,True,True,False,True,False,True,False,True,False,-11.464247227876733,noise,70.99158315641233,False,False,False,False,,Auto Components,Auto Components & Equipments,51.29554655870445,False,False
PRITIKA.NS,2026-09-21,65.0,63.645833015441895,62.36805534362793,61.62999984741211,61.666666920979814,64.1097500038147,63.93418335224222,44.04999923706055,93.5,True,False,False,False,True,True,False,True,False,-28.453493569936107,dry,0.0,False,True,False,False,,Auto Components,Auto Components & Equipments,30.364372469635626,False,False
PRIVISCL.NS,2026-09-22,3515.199951171875,3476.5416870117188,3494.8277926974824,3536.0548876953126,3308.190851236979,3202.0572814941406,3484.7208498912423,2332.9521093636263,3774.7057070510364,True,True,True,True,False,True,True,True,False,43.903730755545965,noise,58.677797057593736,False,False,False,False,,Chemicals & Petrochemicals,Specialty Chemicals,87.20647773279352,True,False
PRIZOR.NS,2026-09-21,1084.800048828125,1178.4375101725261,1026.9041663275825,973.0830004882813,719.0346665445963,609.3172499847412,1141.4557008343645,216.64999389648438,1248.8499755859375,True,True,True,True,True,True,True,False,False,253.4126097693231,dry,17.326732673267326,False,False,False,False,,Industrial Manufacturing,Industrial Products,99.19028340080972,True,True
PROLIFE.NS,2026-09-21,80.0,78.83333079020183,79.8098267449273,78.21098526000976,68.9392481994629,69.49487003326416,79.05536861238869,55.837152634046056,141.9090406632637,True,False,False,True,True,True,False,True,False,-40.86527486151578,green,200.0,False,False,False,False,,Chemicals & Petrochemicals,Dyes And Pigments,16.072874493927124,False,False
PROSTARM.NS,2026-09-22,127.83999633789062,131.96999804178873,135.26499917772082,132.51579940795898,139.1433334350586,146.43910003662108,130.38950539384794,114.63999938964844,234.85000610351562,False,False,False,False,False,False,False,False,False,-42.54898710977956,noise,29.26380285887976,False,False,False,False,,Electrical Equipment,Other Electrical Equipment,14.615384615384617,False,False
PROTEAN.NS,2026-09-22,620.6500244140625,512.6875025431315,534.9792556762695,550.1634552001954,555.0362681070964,589.7171223449707,532.2696436654837,436.0272875280249,922.9244479133125,True,False,False,False,True,True,False,True,False,-30.231434835603153,ppv,2105.384055216707,False,False,False,False,,IT - Services,IT Enabled Services,28.05668016194332,False,False
PROV.NS,2026-09-21,1852.0,1799.8624979654949,1809.7319437662761,1773.4419995117187,1503.0366666666666,1441.5870001220703,1812.8540501378664,940.0,1954.0,True,True,True,True,True,True,True,True,False,87.54430379746836,noise,80.86253369272237,False,False,False,False,,Food Products,Other Food Products,94.37246963562754,True,True
PROZONER.NS,2026-09-22,52.22999954223633,51.58166631062826,45.995277616712784,45.11739990234375,48.64306655883789,49.903949928283694,51.669716016734185,39.54999923706055,72.7699966430664,True,False,False,False,True,True,False,True,False,8.203851350566405,red,188.21292957849792,False,False,False,False,,Realty,"Residential, Commercial Projects",70.32388663967612,True,False
PRUDMOULI.NS,2026-09-22,13.710000038146973,15.581666628519693,14.922777811686197,14.479800033569337,15.181599998474121,16.53734998703003,14.966839822841232,11.260000228881836,37.0,False,False,False,False,False,False,False,False,False,-62.147985709314604,red,174.88489012365613,False,False,False,False,,Agricultural Food & other Products,Sugar,3.1174089068825914,False,False
PRUDENT.NS,2026-09-22,3403.699951171875,3355.5333455403647,3359.0027940538193,3258.708466796875,2855.815408528646,2774.3900341796875,3379.2712056176306,2118.407683707669,4105.5,True,True,True,True,True,True,True,True,False,15.00236495699605,noise,22.96000477992125,False,True,False,False,,Capital Markets,Financial Products Distributor,75.46558704453442,True,True
PSPPROJECT.NS,2026-09-22,828.7000122070312,840.7041727701823,889.9472249348959,928.8310034179688,846.2640022786459,840.8055010986328,833.4185122086075,569.2000122070312,1143.0,False,True,False,True,False,True,False,False,False,3.905714361586643,noise,74.4268517852758,False,False,False,False,,Construction,Civil Construction,66.80161943319838,False,False
PTC.NS,2026-09-22,155.6300048828125,154.14916610717773,159.37082841661243,156.9833135986328,159.52200795491535,155.64358917236328,154.9020269397773,130.34474084135397,203.5447632528218,False,True,True,False,False,False,True,True,False,2.8081570626978136,noise,48.8379795749379,False,False,False,False,,Power,Power Trading,65.82995951417004,False,False
PFS.NS,2026-09-22,26.43000030517578,26.90499973297119,27.60527780320909,28.02160011291504,29.36353343963623,30.298550062179565,26.695659822291205,23.850000381469727,40.5,False,False,False,False,False,False,False,False,False,-29.55756934244157,noise,54.14375501961811,False,True,False,False,,Finance,Non Banking Financial Company (NBFC),28.90688259109312,False,False
PTCIL.NS,2026-09-22,22130.0,22906.25,21264.61111111111,20302.4,18133.06,18112.66,22613.3994006777,14499.0,24125.0,True,True,True,True,True,True,True,False,False,48.10600990496587,noise,45.33820279529479,False,False,False,False,,Industrial Products,Castings & Forgings,88.70445344129556,True,True
PTL.NS,2026-09-22,38.349998474121094,38.28749974568685,38.66499996185303,38.89879981994629,38.63131217956543,38.29838785171509,38.29400184448046,35.17181612589144,42.69720786366261,False,True,True,True,False,False,True,True,False,1.6872344525290517,noise,50.4110760065928,False,False,False,False,,Commercial Services & Supplies,Diversified Commercial Services,64.97975708502024,False,False
PDMJEPAPER.NS,2026-09-22,97.36000061035156,98.8541653951009,93.94418822394476,92.96852645874023,84.86635599772136,86.04307762145996,98.2407549158844,64.56996482755343,129.13993077816528,True,False,False,True,True,True,True,False,False,-23.021978950009892,noise,31.273699586050746,False,True,False,False,,"Paper, Forest & Jute Products",Paper & Paper Products,37.69230769230769,False,False
PULZ.NS,2026-09-21,21.75,23.016667048136394,23.413889037238228,23.45700008392334,24.572666740417482,25.747000093460084,22.811153966209634,21.049999237060547,44.25,False,False,False,False,False,False,False,False,False,-46.29629629629629,red,307.69230769230774,False,False,False,False,,Consumer Durables,Consumer Electronics,11.214574898785425,False,False
PSB.NS,2026-09-22,21.93000030517578,22.417500019073486,23.074999862247044,23.326931800842285,23.784357350667317,24.604687509536742,22.27540082063432,20.178140732048902,31.950362111142574,False,False,False,False,False,False,False,False,False,-25.83288092839685,noise,40.46192853097656,False,False,False,False,,Banks,Public Sector Bank,34.0080971659919,False,False
PUNJABCHEM.NS,2026-09-22,1066.199951171875,1074.4666646321614,1100.5166693793403,1114.6984838867188,1065.373767496745,1090.4232763671876,1072.4495163302238,874.3373930297982,1529.9409473892583,False,False,False,True,False,False,False,False,False,-16.25204076867811,noise,45.44291990130589,False,False,False,False,,Fertilizers & Agrochemicals,Pesticides & Agrochemicals,45.95141700404859,False,False
PNB.NS,2026-09-22,117.0,116.4833329518636,116.15166685316298,114.49920028686523,110.0307763671875,112.3106132888794,116.75856667372116,95.71672519141161,131.33111679644097,True,False,False,True,True,False,True,True,False,6.5128719347835595,noise,59.07365097719239,False,False,False,False,,Banks,Public Sector Bank,68.66396761133603,False,False
PURVA.NS,2026-09-22,216.69000244140625,214.418332417806,215.30583318074545,215.82699951171875,211.18519978841147,218.38809997558593,214.49065381254513,160.69000244140625,287.29998779296875,False,False,False,False,True,True,True,True,False,-20.800439470961727,noise,37.59086493395175,False,False,False,False,,Realty,"Residential, Commercial Projects",40.850202429149796,False,False
PERNIASPOP.NS,2026-09-22,,,,,,,,,,False,False,False,False,False,False,False,False,False,,noise,,False,True,False,False,,,,,False,False
PURVFLEXI.NS,2026-09-21,46.599998474121094,45.17500019073486,47.79583348168267,47.50400009155273,51.77799997965495,58.25699996948242,45.38497977950535,37.0,119.8499984741211,False,False,False,False,False,False,False,True,False,-60.40781675243956,green,107.14285714285714,False,False,False,False,,Industrial Products,Plastic Products - Industrial,3.8056680161943324,False,False
PVP.NS,2026-09-22,65.3499984741211,62.79333337148031,51.92222229639689,45.212000045776364,34.34199993133545,33.88479991912842,61.980188875164515,23.0,71.9000015258789,True,True,True,True,True,True,True,True,False,121.07577691066686,noise,34.05023211510937,False,False,False,False,,Realty,"Residential, Commercial Projects",96.76113360323887,True,True
PVRINOX.NS,2026-09-22,1334.800048828125,1250.7999979654949,1217.5833333333333,1174.2819982910157,1052.5966695149739,1044.8232528686524,1280.5028601094557,907.4000244140625,1357.800048828125,True,True,True,True,True,True,True,True,False,20.469318486292877,noise,65.52576021695101,False,False,False,False,,Entertainment,"Film Production, Distribution & Exhibition",79.02834008097166,True,True
PYRAMID.NS,2026-09-22,157.7899932861328,154.21464411417642,161.87724346584744,164.36107971191407,161.16384602864582,160.69586387634277,155.73447349985884,131.37371568801387,198.04736217201153,False,True,False,True,False,False,True,True,False,-7.01245049462883,dry,10.026282048156363,False,True,False,False,,Industrial Products,Packaging,56.11336032388664,False,False
QMSMEDI.NS,2026-09-22,192.8000030517578,165.97166697184244,146.05666796366373,136.25120071411132,104.28693364461263,100.60870021820068,171.97199604388635,68.94999694824219,195.52000427246094,True,True,True,True,True,True,True,True,False,82.90258055041697,ppv,204.97582680627713,False,False,True,False,,Healthcare Equipment & Supplies,Medical Equipment & Supplies,93.88663967611336,True,True
QUADPRO.NS,2026-09-21,3.4000000953674316,2.89166667064031,2.566666728920407,2.520000071525574,2.2666667032241823,2.296500030755997,3.0090785131074465,1.850000023841858,3.450000047683716,True,False,False,True,True,True,True,True,False,-1.4492739601511984,ppv,156.25,False,False,False,False,,IT - Services,IT Enabled Services,61.902834008097166,False,False
QUADFUTURE.NS,2026-09-22,522.4000244140625,481.1625035603841,417.82222323947485,406.46500122070313,356.66999979654946,343.8757501220703,496.13989986476685,248.5500030517578,554.4000244140625,True,True,True,True,True,True,True,True,False,22.614725826001745,noise,47.950920983101476,False,False,False,False,,Industrial Products,Cables - Electricals,80.20242914979757,True,True
QFIL.NS,2026-09-21,60.0,62.25,61.61111089918349,61.559999771118164,52.46866691589356,54.20575025558472,61.43686817772782,39.900001525878906,77.0,True,False,False,True,False,True,True,False,False,-14.28571428571429,dry,0.0,False,False,False,False,,Industrial Products,Iron & Steel Products,47.935222672064775,False,False
QPOWER.NS,2026-09-22,1491.5999755859375,1466.4797465006511,1359.3748067220051,1295.4226708984374,1150.3648010253905,1044.2394085693359,1466.8947603585018,580.4955789253012,1568.943822130586,True,True,True,True,True,True,True,True,False,49.55132840278835,noise,87.67610507818733,False,True,False,False,,Electrical Equipment,Heavy Electrical Equipment,88.98785425101214,True,True
QUESS.NS,2026-09-22,360.45001220703125,349.65833536783856,345.62730407714844,333.1378649902344,252.1495980834961,239.2435437011719,353.94685370900885,162.53922482226787,388.75,True,True,True,True,True,True,True,True,False,43.47256359890961,noise,40.46455585110234,False,False,False,False,,Commercial Services & Supplies,Diversified Commercial Services,87.00404858299595,True,True
QUESTLAB.NS,2026-09-21,74.0999984741211,80.90833346048991,86.08888880411784,88.09499954223632,104.26933308919271,103.12224983215332,79.12495067280507,68.5999984741211,152.60000610351562,False,True,False,False,False,False,False,False,False,-22.245544489776048,red,109.8901098901099,False,False,False,True,,Pharmaceuticals & Biotechnology,Pharmaceuticals,38.94736842105263,False,False
QUICKHEAL.NS,2026-09-22,152.32000732421875,152.21333440144858,147.33333333333334,150.42219970703124,164.29233286539713,181.15654960632324,151.35644188725647,125.0,371.3999938964844,False,False,False,False,True,False,False,True,False,-53.57512816498951,noise,94.4392613408536,False,True,False,False,,IT - Software,Software Products,6.558704453441296,False,False
QUICKTOUCH.NS,2026-09-21,17.850000381469727,16.895833174387615,18.12361102634006,19.46799987792969,24.972333272298176,28.029249906539917,17.039261387680053,14.699999809265137,51.0,False,False,False,False,False,False,False,True,False,-63.422129793982116,noise,57.736720554272516,False,False,False,False,,IT - Software,Computers - Software & Consulting,2.91497975708502,False,False
QUINT.NS,2026-09-22,,,,,,,,,,False,False,False,False,False,False,False,False,False,,ppv,,False,False,True,False,,Media,Electronic Media,,False,False
RCF.NS,2026-09-22,107.62999725341797,109.68119049072266,116.51598103841145,119.00267517089844,122.926657816569,125.99894519805908,109.43042948538628,104.7068431385872,154.10415849543918,False,False,False,False,False,False,False,False,False,-27.063550912688005,noise,73.31725097751296,False,False,False,False,,Fertilizers & Agrochemicals,Fertilizers,32.59109311740891,False,False
RKSWAMY.NS,2026-09-22,87.80000305175781,90.96166737874348,95.2530557844374,96.74685592651367,94.14917973836263,97.63891223907471,89.92497997406481,65.86347909024379,160.75004513422496,False,False,False,False,False,True,False,False,False,-43.30904567790243,noise,40.404443599570165,False,False,False,False,,Media,Advertising & Media Agencies,13.96761133603239,False,False
RMDRIP.NS,2026-09-22,23.719999313354492,22.948333104451496,20.183333290947807,19.78439998626709,23.23861090342204,30.996299657821655,22.85794451653716,14.8100004196167,72.21666717529297,False,False,False,False,True,True,False,True,False,-47.998138554034995,noise,20.589770592350227,False,False,False,False,,Industrial Products,Plastic Products - Industrial,10.040485829959515,False,False
RRKABEL.NS,2026-09-22,2472.5,2420.449991861979,2665.1583319769966,2607.4959912109375,2069.028329264323,1912.1398419189454,2452.8639648420913,1175.2575873580836,2983.800048828125,True,True,True,True,False,True,True,True,False,96.16818339552596,noise,50.9212862710331,False,False,False,False,,Industrial Products,Cables - Electricals,95.54655870445345,True,False
RSSOFTWARE.NS,2026-09-22,31.600000381469727,29.93499994277954,30.541944397820366,31.045599937438965,32.63866673787435,36.1397500038147,30.2401531785462,21.93000030517578,82.0,False,False,False,False,True,True,False,True,False,-57.561105600309695,green,176.32697284377207,False,False,False,False,,IT - Software,Computers - Software & Consulting,4.736842105263158,False,False
RSYSTEMS.NS,2026-09-22,239.4499969482422,244.25666681925455,246.3602786593967,248.14820037841798,260.4995343017578,290.1424189758301,243.0387618438428,213.52000427246094,436.66857852948476,False,False,False,False,False,False,False,False,False,-44.91089643760574,noise,32.80475029752283,False,False,False,False,,IT - Services,IT Enabled Services,12.510121457489879,False,False
RNBDENIMS.NS,2026-09-22,8.960000038146973,9.53250010808309,9.261666695276896,9.313400039672851,17.425066585540772,24.68926655292511,9.316200931335242,7.71999979019165,67.66666412353516,False,False,False,False,False,False,False,False,False,-76.29838625288184,noise,41.443444587940235,False,True,False,False,,Textiles & Apparels,Other Textile Products,0.8502024291497976,False,False
RACE.NS,2026-09-22,119.9800033569336,99.5166670481364,101.9750001695421,104.07460021972656,111.88073364257812,116.1037000656128,102.01788380367873,84.11000061035156,246.0,True,False,False,False,True,True,False,True,False,-48.35793810040063,ppv,2468.2001678435004,True,False,False,False,,Other Utilities,Waste Management,9.7165991902834,False,False
RILINFRA.NS,2026-09-21,32.849998474121094,33.03749990463257,35.71805556615194,36.60200000762939,35.979999910990394,35.773499975204466,33.09781476854075,27.600000381469727,47.5,False,True,False,True,False,False,False,False,False,-9.628611133207555,noise,80.8430778114624,False,False,False,False,,Construction,Civil Construction,53.4008097165992,False,False
RACLGEAR.NS,2026-09-22,1758.0,1710.1333109537761,1546.5944383409287,1481.9539965820313,1371.0630932617187,1295.8241452026368,1726.8738253896518,899.2103719531061,1927.699951171875,True,True,True,True,True,True,True,True,False,93.79320984684769,noise,82.35067305411702,False,False,False,False,,Auto Components,Auto Components & Equipments,95.22267206477733,True,True
RADAAN.NS,2026-09-22,2.869999885559082,2.8849999705950418,2.9752777682410345,2.986000003814697,3.0313333320617675,3.105549998283386,2.8644921287639393,2.3499999046325684,3.990000009536743,False,False,False,False,False,False,False,True,False,-18.233621271882296,noise,37.98633275244268,False,True,False,False,,Entertainment,Media & Entertainment,44.04858299595142,False,False
RADHIKAJWE.NS,2026-09-22,72.1500015258789,79.39416631062825,72.90972222222223,71.24340019226074,63.95953338623047,66.2381000137329,74.92397886560363,50.0099983215332,97.5,True,False,False,True,True,True,False,False,False,-22.419353197979675,dry,12.252187239899225,False,False,False,False,,Consumer Durables,"Gems, Jewellery And Watches",38.70445344129554,False,False
RADIANTCMS.NS,2026-09-22,35.2400016784668,36.84209156036377,35.95507960849338,35.67902275085449,36.45236056009929,38.830089244842526,36.197064945289696,30.321927276694193,53.919194217783094,False,False,False,False,False,False,False,False,False,-32.844011100347295,noise,87.49412344712007,False,False,False,False,,Commercial Services & Supplies,Diversified Commercial Services,24.615384615384617,False,False
RADICO.NS,2026-09-22,4448.7998046875,4434.1166585286455,4531.477769639757,4437.358037109375,3653.7843082682293,3490.9747570800782,4453.310198824068,2494.465428414862,4747.0,True,True,True,True,True,True,True,False,False,46.06619768888434,noise,47.399888862019466,False,True,False,False,,Beverages,Breweries & Distilleries,88.09716599190284,True,True
RADIOWALLA.NS,2026-09-21,26.450000762939453,26.479167143503826,26.62916660308838,27.021999969482422,31.53466665903727,38.17724997520447,26.094914166474297,22.200000762939453,72.0,False,False,False,False,False,False,False,True,False,-57.304276937535214,dry,0.0,False,False,False,False,,Entertainment,Media & Entertainment,4.817813765182186,False,False
RPEL.NS,2026-09-22,1742.300048828125,1699.0916646321614,1597.0638868543838,1507.8319970703126,1084.908536783854,1028.4072778320312,1696.714507712562,560.8282002900473,1943.699951171875,True,True,True,True,True,True,True,True,False,157.55345079841464,noise,66.03830350542404,False,False,False,False,,Industrial Products,Electrodes & Refractories,98.13765182186235,True,True
RVNL.NS,2026-09-22,211.14999389648438,206.10833231608072,216.92173724704318,219.06943969726564,251.68746205647787,270.8883945465088,207.62954918403554,195.14999389648438,398.20450175980454,False,False,False,False,False,False,False,True,False,-40.798756450651275,noise,90.73568579087318,False,True,False,False,,Construction,Civil Construction,16.194331983805668,False,False
RAILTEL.NS,2026-09-22,263.8999938964844,261.31666310628253,274.9597871568468,279.4660485839844,297.5593930053711,308.3155899810791,262.15119996917065,243.9284560598348,396.5816333492734,False,False,False,False,False,False,False,True,False,-31.16349590629579,noise,61.2681327093473,False,False,False,False,,Telecom - Services,Other Telecom Services,27.044534412955468,False,False
RAIN.NS,2026-09-22,219.5399932861328,211.54999923706055,210.66232087877063,212.84149993896483,173.1965668741862,164.70291091918946,210.38685032444937,99.43315286007488,250.82236847510148,True,True,True,True,True,True,True,True,False,60.32180977073664,noise,88.83006735675923,False,False,False,False,,Chemicals & Petrochemicals,Petrochemicals,90.97165991902834,True,True
RAINBOW.NS,2026-09-22,1430.9000244140625,1452.7166544596355,1471.7111002604167,1476.3899584960936,1351.6699609375,1329.17943359375,1448.83055481446,1081.4576042961687,1610.0,True,True,True,True,False,True,True,False,False,-1.0101548352914214,red,105.52626362296355,False,False,False,False,,Healthcare Services,Hospital,62.226720647773284,False,False
ROML.NS,2026-09-22,41.13999938964844,41.98749923706055,43.05833307902018,43.549999694824216,44.26799980163574,45.116249866485596,41.67955601346918,35.11000061035156,62.0,False,False,False,False,False,False,False,False,False,-16.382116358344277,green,110.60686494115208,False,True,False,False,,Agricultural Food & other Products,Edible Oil,45.829959514170035,False,False
RAJRILTD.NS,2026-09-22,20.149999618530273,21.09999990463257,21.89083327187432,21.659799995422365,21.536466687520345,21.606750030517578,20.972818073243214,19.40999984741211,28.899999618530273,False,False,False,True,False,False,False,False,False,-27.7000394267497,red,102.8350133304647,False,False,False,False,,Textiles & Apparels,Other Textile Products,31.781376518218625,False,False
RAJTV.NS,2026-09-22,9.3100004196167,8.508333484331766,9.505833347638449,10.142800016403198,19.286466608047487,24.74119997739792,8.754258251929821,7.699999809265137,46.900001525878906,False,False,False,False,False,False,False,True,False,-77.7166091631624,green,233.6064363824434,False,False,False,False,,Entertainment,TV Broadcasting & Software Production,0.688259109311741,False,False
RAJPALAYAM.NS,2026-09-22,,,,,,,,,,False,False,False,False,False,False,False,False,False,,noise,26.12583111465467,False,False,False,False,,Textiles & Apparels,Other Textile Products,,False,False
ARENTERP.NS,2026-09-22,34.77000045776367,33.78333346048991,36.27277819315592,37.15800033569336,38.12026672363281,39.882700004577636,34.06117854644036,27.600000381469727,60.790000915527344,False,False,False,False,False,False,False,True,False,-25.177534873244024,noise,36.64033934123407,False,False,False,False,,Metals & Minerals Trading,Trading - Minerals,34.73684210526316,False,False
RAJESHEXPO.NS,2026-09-22,68.73999786376953,75.93000094095866,79.08416663275824,81.48700012207031,100.27566660563151,120.40954978942871,74.02515914085251,68.5,237.8800048828125,False,False,False,False,False,False,False,False,False,-64.6308228942597,red,412.16123940810655,False,False,False,True,,Consumer Durables,"Gems, Jewellery And Watches",2.7125506072874495,False,False
RCDL.NS,2026-09-21,14.100000381469727,14.19953727722168,20.527894073062473,21.914195137023924,23.4448641204834,22.804389514923095,14.381188981823568,13.399999618530273,34.75694554204474,False,True,False,False,False,False,False,False,False,-50.06414519835768,noise,38.147856570841135,False,False,False,False,,Agricultural Food & other Products,Edible Oil,8.663967611336032,False,False
RAJMET.NS,2026-09-22,3.140000104904175,3.1791666944821677,3.2255555523766413,3.2611999893188477,3.606733341217041,3.7502000129222868,3.1552069297703613,2.7200000286102295,5.28000020980835,False,False,False,False,False,False,False,False,False,-34.85477192790499,noise,71.91847176791813,False,True,False,False,,Industrial Products,"Aluminium, Copper & Zinc Products",22.06477732793522,False,False
RAJOOENG.NS,2026-09-22,54.310001373291016,53.822415351867676,51.44290065765381,51.67622596740723,55.54159418741862,58.068898086547854,53.48798874672336,45.875065396560984,96.9659324654967,False,False,False,False,True,False,False,True,False,-42.993922385630015,noise,67.10950108065175,False,False,False,False,,Industrial Manufacturing,Industrial Products,14.331983805668017,False,False
RSL.NS,2026-09-22,,,,,,,,,,False,False,False,False,False,False,False,False,False,,noise,80.77655170110009,False,False,False,False,,Industrial Products,Iron & Steel Products,,False,False
RAJRATAN.NS,2026-09-22,450.20001220703125,479.5083312988281,499.15277693006726,497.8318621826172,445.2064377848307,449.65087341308595,468.2015121963885,304.31768608201764,563.9500122070312,True,False,True,True,False,True,True,False,False,30.548175375554386,noise,40.834741517504064,False,False,False,False,,Auto Components,Auto Components & Equipments,83.27935222672065,True,False
RPPL.NS,2026-09-22,19.540000915527344,21.24416669209798,22.77972216076321,22.434999961853027,19.116333363850913,18.718750014305115,20.795276131536248,14.25,26.969999313354492,True,True,True,True,False,True,False,False,False,-14.373351547593616,noise,57.93816579817995,False,True,False,False,,Industrial Products,Packaging,47.81376518218624,False,False
RAJSREESUG.NS,2026-09-22,32.15999984741211,33.22583373387655,34.25527805752225,33.240200157165525,32.03093338012695,32.188450021743776,32.85884526080463,24.649999618530273,42.47999954223633,False,False,False,True,False,True,True,False,False,-22.933141144988756,noise,29.446065710756297,False,False,False,False,,Agricultural Food & other Products,Sugar,37.85425101214575,False,False
RALLIS.NS,2026-09-22,201.9499969482422,203.16666539510092,208.97166697184244,213.51880004882813,234.72126149495443,241.66215370178222,203.39294912260817,196.80999755859375,335.69874621096227,False,False,False,False,False,False,False,False,False,-37.517172751792906,noise,52.816311505360815,False,False,False,False,,Fertilizers & Agrochemicals,Pesticides & Agrochemicals,19.39271255060729,False,False
RAMRAT.NS,2026-09-22,562.75,540.2041625976562,508.7208319769965,485.6706182861328,412.69706665039064,385.1364622497559,545.1415521165208,266.4076130636512,602.4500122070312,True,True,True,True,True,True,True,True,False,65.79694904422291,ppv,216.01401898861266,False,False,False,False,,Electrical Equipment,Other Electrical Equipment,91.82186234817814,True,True
RAMAPHO.NS,2026-09-22,120.16000366210938,121.22333399454753,122.67555639478896,123.56078842163086,125.48362233479817,134.31869598388673,120.56725613366498,103.29441573540697,216.758589238699,False,False,False,False,False,False,False,False,False,-13.4658194203089,noise,41.46443380154929,False,False,False,False,,Fertilizers & Agrochemicals,Fertilizers,48.906882591093115,False,False
RAMASTEEL.NS,2026-09-22,4.539999961853027,4.100000083446503,4.270555595556895,4.26880003452301,5.042666673660278,5.990150008201599,4.195492748809876,3.430000066757202,11.289999961853027,False,False,False,False,True,True,False,True,False,-56.26204323893151,green,328.89233656298507,True,False,False,False,,Industrial Products,Iron & Steel Products,5.506072874493928,False,False
RAMCOIND.NS,2026-09-22,320.8500061035156,322.2749989827474,335.7502899169922,336.9715588378906,304.2614689127604,306.0665950012207,323.89907820347344,229.84711610231898,396.66439743304363,True,False,False,True,False,True,True,False,False,-17.401031574488247,dry,7.437702775782312,False,False,False,False,,Other Construction Materials,Other Construction Materials,44.8582995951417,False,False
RAMCOSYS.NS,2026-09-22,592.4000244140625,586.8083343505859,588.1166703965929,627.3080053710937,539.058335164388,538.6727507019043,578.9430347558047,342.1000061035156,967.5,True,True,False,True,False,True,False,True,False,13.606292174917423,noise,25.006032642591254,False,False,False,False,,IT - Software,Software Products,74.25101214574899,True,False
RBS.NS,2026-09-21,79.75,85.87916628519694,89.2444445292155,85.90699996948243,87.23566652933756,88.98999998092651,84.57134648139892,58.79999923706055,132.0,False,False,False,False,False,True,False,False,False,-37.6953125,red,169.02944383860415,False,False,False,False,,Agricultural Food & other Products,Edible Oil,19.190283400809715,False,False
RKFORGE.NS,2026-09-22,716.25,709.75,724.3736063639323,690.6959997558594,601.9325268554687,581.7862629699707,712.5987096265424,459.4101971519111,772.7999877929688,True,True,True,True,True,True,True,True,False,29.122285044037312,noise,39.49129580627534,False,False,False,False,,Auto Components,Auto Components & Equipments,82.5910931174089,True,True
RAMKY.NS,2026-09-22,316.54998779296875,325.6007614135742,360.38193851047095,365.46646484375,424.6878173828125,447.42539505004885,323.8733436616487,307.8869722397802,702.8017194352399,False,False,False,False,False,False,False,False,False,-45.932208885046464,noise,89.55404409638797,False,True,False,False,,Construction,Civil Construction,11.619433198380568,False,False
RANASUG.NS,2026-09-22,14.109999656677246,14.663333257039389,14.276944425370958,13.607600002288818,12.881000003814698,12.632750005722047,14.530238247707912,10.210000038146973,16.450000762939453,True,True,True,True,True,True,True,False,False,-3.2899279704634243,noise,40.591605325311605,False,False,False,False,,Agricultural Food & other Products,Sugar,60.40485829959514,False,False
RML.NS,2026-09-22,1347.9000244140625,1345.4833374023438,1192.4277750651042,1182.3823754882812,977.6717749023437,925.1778610229492,1316.9747255674574,599.8542523291803,1440.0,True,True,True,True,True,True,True,True,False,62.71896958575027,noise,32.87324670644554,False,False,False,False,,Auto Components,Auto Components & Equipments,91.417004048583,True,True
RANEHOLDIN.NS,2026-09-22,1585.5999755859375,1652.4000142415364,1657.699930826823,1671.48853515625,1409.9952803548176,1383.2619052124023,1623.4327501143107,955.9554473507789,1846.1341245121132,True,True,True,True,False,True,True,False,False,8.187520754861865,noise,25.561104432230636,False,True,False,False,,Finance,Holding Company,70.2834008097166,True,False
RPTECH.NS,2026-09-22,883.5499877929688,816.9833374023438,835.5024142795139,820.0193896484375,612.5640781656901,549.138755645752,822.0000695656231,310.08693179304476,965.4798808795799,True,True,True,True,True,True,True,True,False,175.624585701552,green,135.89283282764276,False,False,False,False,,IT - Hardware,Computers Hardware & Equipments,98.5425101214575,True,True
RATEGAIN.NS,2026-09-22,837.5,858.3083445231119,909.6750030517578,914.0230053710937,741.9113344319661,717.3122514343262,860.1787356981775,437.0,1050.0,True,True,True,True,False,True,True,False,False,31.269592476489038,noise,57.34925185415341,False,False,False,False,,IT - Software,Computers - Software & Consulting,83.52226720647774,True,False
RATNAMANI.NS,2026-09-22,2781.699951171875,2765.7999877929688,2549.62936062283,2526.1708740234376,2507.818035481771,2434.370892944336,2755.359733201903,1927.9657490362597,3330.2583637320286,True,True,True,True,True,True,True,True,False,12.648202547304187,noise,29.2633128277062,False,True,False,False,,Industrial Products,Iron & Steel Products,73.76518218623481,True,True
RATNAVEER.NS,2026-09-22,332.29998779296875,303.1374969482422,269.2189292907715,245.10622924804687,189.89067596435547,180.5735569000244,307.4785034478833,130.5,341.1000061035156,True,True,True,True,True,True,True,True,False,128.49481161275432,noise,69.57232786374627,False,False,False,False,,Industrial Products,Iron & Steel Products,97.04453441295546,True,True
RTNINDIA.NS,2026-09-22,27.219999313354492,27.31000010172526,29.332777818044026,30.05680000305176,31.814533513387044,33.503450088500976,27.274480995204925,24.399999618530273,57.25,False,False,False,False,False,False,False,False,False,-51.19239897806881,noise,99.40172225358147,False,True,False,False,,Retailing,E-Retail/ E-Commerce,8.05668016194332,False,False
RTNPOWER.NS,2026-09-22,7.059999942779541,7.152500033378601,7.767500003178914,8.019400043487549,8.707133340835572,8.794849994182586,7.152604859122748,6.949999809265137,12.489999771118164,False,False,False,False,False,False,False,False,False,-42.32026082681383,noise,79.52392448149863,False,False,False,False,,Power,Power Generation,14.777327935222672,False,False
RKDL.NS,2026-09-22,18.850000381469727,18.319166501363117,18.55249982410007,18.753599815368652,19.486866569519044,20.14764991760254,18.430704095862502,16.299999237060547,30.200000762939453,False,False,False,False,True,False,False,True,False,-36.252957132193906,ppv,681.5235942071087,True,False,False,False,,Beverages,Breweries & Distilleries,20.68825910931174,False,False
RVHL.NS,2026-09-22,39.650001525878906,39.6333335240682,41.29333337148031,42.40839988708496,41.37453325907389,43.6686999130249,39.59616471209776,28.5,71.36000061035156,False,False,False,False,False,True,False,True,False,-35.254734749916516,noise,61.55686131766419,False,False,False,False,,Realty,"Residential, Commercial Projects",21.578947368421055,False,False
RELTD.NS,2026-09-22,151.25999450683594,152.03583272298178,159.26777691311307,163.33119903564454,148.61301020304361,149.88245784759522,150.35356791177085,114.59262084960938,196.4499969482422,True,False,False,True,False,True,True,True,False,-17.181343072535636,green,101.23778097133822,False,False,False,False,,Electrical Equipment,Other Electrical Equipment,45.02024291497976,False,False
RAYMOND.NS,2026-09-22,1116.949951171875,953.8374938964844,745.2333306206597,704.0259973144531,552.04533203125,517.4897497558594,980.0950812332298,320.0,1193.4000244140625,True,True,True,True,True,True,True,True,False,80.5609433000544,green,187.23735362873904,False,False,True,False,,Industrial Manufacturing,Industrial Products,93.64372469635627,True,True
RAYMONDLSL.NS,2026-09-22,652.7999877929688,671.4000040690104,699.0375010172526,704.6609997558594,762.0159700520834,822.3844931030274,663.456320275331,628.25,1290.3746733657856,False,False,False,False,False,False,False,False,False,-47.82292467643112,green,135.79858015197598,False,False,False,False,,Textiles & Apparels,Other Textile Products,10.121457489878543,False,False
RAYMONDREL.NS,2026-09-22,589.5,579.4291636149088,583.8361104329427,608.372998046875,546.5240966796875,528.2641777038574,579.499019741661,347.8966973806635,734.9000244140625,True,True,False,True,False,True,True,True,False,-12.037850880057,green,167.7028309358957,False,False,False,False,,Realty,"Residential, Commercial Projects",50.5668016194332,False,False
RBLBANK.NS,2026-09-22,423.20001220703125,411.5541636149089,395.85886637369794,387.433232421875,351.19585388183594,339.7439784240723,409.76681942825735,260.9244632419414,424.3999938964844,True,True,True,True,True,True,True,True,False,57.32133641621067,ppv,171.937349993317,False,False,True,False,,Banks,Private Sector Bank,90.48582995951418,True,True
RBMINFRA.NS,2026-09-21,278.54998779296875,278.41249974568683,258.9874996609158,262.78900024414065,314.89966674804685,336.69375,279.7478940028806,221.0,524.7999877929688,False,False,False,False,True,False,False,False,False,-40.74034782963237,noise,81.06543138390272,False,False,False,False,,Commercial Services & Supplies,Diversified Commercial Services,16.275303643724694,False,False
RBZJEWEL.NS,2026-09-22,177.77999877929688,174.37250010172525,158.55527835422092,155.08100036621093,139.1270001220703,139.73220016479493,172.2779397800642,100.0,204.6999969482422,True,False,False,True,True,True,True,True,False,22.07649029631995,dry,10.118719988142175,False,False,False,False,,Consumer Durables,"Gems, Jewellery And Watches",80.0,True,False
RRECL.NS,2026-09-22,,,,,,,,,,False,False,False,False,False,False,False,False,False,,noise,,False,True,False,False,,Realty,"Residential, Commercial Projects",,False,False
RECLTD.NS,2026-09-22,307.1000061035156,312.40833536783856,327.3550092909071,336.04778442382815,340.09418986002606,341.93254791259767,311.75930771011326,299.2584905065143,381.3442016302781,False,False,False,False,False,False,True,False,False,-15.920375853909608,noise,90.37404098560935,False,False,False,False,,Finance,Financial Institution,46.2753036437247,False,False
REDINGTON.NS,2026-09-22,410.3500061035156,389.8875020345052,364.23194461398657,341.9259997558594,269.42984181722005,268.2252844238281,392.0942611215369,187.19874597305954,413.20001220703125,True,True,True,True,True,True,True,True,False,44.507948483168036,noise,71.29965108303101,False,False,True,False,,Commercial Services & Supplies,Trading & Distributors,87.53036437246963,True,True
REDTAPE.NS,2026-09-22,118.80000305175781,117.3033332824707,122.82527860005696,124.60602111816407,125.34904479980469,124.44694595336914,117.98595921828058,105.92267660028074,160.8590435402233,False,True,False,False,False,False,False,True,False,-22.11641468157487,noise,47.12215128503562,False,False,False,False,,Consumer Durables,Footwear,39.19028340080972,False,False
REFEX.NS,2026-09-22,291.0,274.8125,286.3486116197374,293.76856994628906,276.83165720621747,271.39799407958986,278.70016233473694,187.40098243331008,413.67773156512,True,True,False,True,False,True,False,True,False,-16.027566558507612,noise,91.09299747268801,False,True,False,False,,Other Utilities,Waste Management,46.19433198380567,False,False
REFRACTORY.NS,2026-09-21,33.20000076293945,27.12083355585734,26.627777841356064,26.724000015258788,32.96600003560384,37.56900005340576,28.868686502316187,23.149999618530273,61.20000076293945,False,False,False,False,True,True,False,True,False,-38.00186510560657,green,247.34982332155477,False,False,False,False,,Industrial Products,Electrodes & Refractories,18.90688259109312,False,False
REGAAL.NS,2026-09-22,97.20999908447266,84.8014030456543,88.48353619045682,85.94020751953126,80.68848737080891,77.2783847618103,86.11486871061133,57.09040123356944,105.6675839274282,True,True,False,True,True,True,True,True,False,-6.504505193338483,ppv,1872.8020005848507,True,False,False,False,,Agricultural Food & other Products,Other Agricultural Products,56.963562753036435,False,False
REGENCERAM.NS,2026-09-22,33.29999923706055,34.06916650136312,34.43000019921197,34.637799949645995,39.78273321787516,41.44144993782044,33.55725457654745,30.0,54.9900016784668,False,False,False,False,False,False,False,False,False,-25.016889548579833,dry,19.554006746696324,False,True,False,False,,Consumer Durables,Ceramics,35.020242914979754,False,False
RELCHEMQ.NS,2026-09-22,117.61000061035156,115.43459574381511,117.01103443569608,119.74682586669923,121.45975087483724,124.10627140045166,116.70289837761342,104.5695614115994,164.40752595807336,False,False,False,False,False,False,False,True,False,-26.174913131338673,noise,33.77352451145345,False,True,False,False,,Textiles & Apparels,Other Textile Products,33.64372469635627,False,False
RIIL.NS,2026-09-22,709.7000122070312,714.4125061035156,739.6680586073134,743.8870056152343,749.2214400227865,754.5988995361328,711.9463872614555,614.5514292159556,959.630048784558,False,False,False,False,False,False,False,False,False,-22.482133069085464,noise,54.8692616308738,False,False,False,False,,Transport Services,Logistics Solution Provider,38.663967611336034,False,False
RELAXO.NS,2026-09-22,292.6499938964844,313.4838104248047,357.97485605875653,369.6007891845703,336.91444966634117,348.9724311828613,309.1087644220833,233.86133830038253,488.8344644200387,False,False,False,True,False,False,False,False,False,-36.984567008030346,dry,16.025351554182198,False,False,False,False,,Consumer Durables,Footwear,19.91902834008097,False,False
RELIABLE.NS,2026-09-22,142.0500030517578,138.22891235351562,140.33118438720703,141.2443096923828,136.725030670166,141.02306217193603,138.95568194997074,104.70160280948723,174.9358484496147,True,False,False,True,True,True,True,True,False,15.652392183248654,noise,52.51061231463201,False,False,False,False,,Finance,Other Financial Services,76.03238866396761,True,False
RCOM.NS,2026-09-22,0.8899999856948853,0.9341666648785273,0.8530555549595091,0.8493999993801117,0.8990666667620341,0.9471999987959862,0.92582829759753,0.75,1.5099999904632568,False,False,False,False,True,False,False,False,False,-38.19444789378718,red,109.99440581819849,False,True,False,False,,Telecom - Services,Telecom - Cellular & Fixed line services,18.704453441295545,False,False
RHFL.NS,2026-09-22,1.7000000476837158,1.7900000015894573,1.8124999933772616,1.8585999965667725,2.119066673119863,2.3057500058412552,1.7680035234405334,1.6799999475479126,4.690000057220459,False,False,False,False,False,False,False,False,False,-63.04347645808255,red,189.6187443364229,False,False,False,True,,Finance,Housing Finance Company,2.9959514170040484,False,False
RELIANCE.NS,2026-09-22,1240.4000244140625,1258.8166809082031,1292.763895670573,1293.3540014648438,1331.069052734375,1367.8829962158204,1252.4046052946107,1226.4000244140625,1604.3820104615531,False,False,False,False,False,False,True,False,False,-10.388667232365545,noise,96.86352034989116,False,False,False,False,,Petroleum Products,Refineries & Marketing,52.51012145748988,False,False
RELINFRA.NS,2026-09-22,48.02000045776367,52.9366668065389,60.646388901604546,61.23560012817383,73.0902001953125,90.56539978027344,51.76989324792103,48.02000045776367,273.70001220703125,False,False,False,False,False,False,False,False,False,-81.90314703100832,noise,21.105065791547258,False,False,False,True,,Power,Integrated Power Utilities,0.44534412955465585,False,False
RPOWER.NS,2026-09-22,20.889999389648438,21.37833325068156,22.420833322736954,22.84379997253418,24.85553332010905,26.686899976730345,21.260192040342307,20.170000076293945,50.72999954223633,False,False,False,False,False,False,False,False,False,-57.218925647545426,noise,80.41554279044773,False,False,False,False,,Power,Power Generation,4.8582995951417,False,False
RELIGARE.NS,2026-09-22,249.1699981689453,253.29999923706055,243.40166685316296,247.17520050048827,236.92959991455078,237.99029998779298,251.222641062055,196.50999450683594,280.0,True,False,False,True,True,False,True,False,False,-0.3957489121647395,noise,82.62813342397277,False,False,False,False,,Finance,Investment Company,62.91497975708502,False,False
REMSONSIND.NS,2026-09-22,97.81999969482422,96.18416595458984,90.52861086527507,87.63639984130859,93.01058787027995,98.79198642730712,95.83155492069679,75.2300033569336,152.1076024667157,False,False,False,False,True,True,False,True,False,-22.760428501788354,noise,91.60627196765263,False,False,False,False,,Auto Components,Auto Components & Equipments,38.178137651821864,False,False
REMUS.NS,2026-09-21,988.2999877929688,913.5919240315756,882.5243225097656,838.6896691894531,747.5917606608073,735.3314645385742,930.2710292399788,579.7067024217403,1006.4907481599214,True,True,True,True,True,True,True,True,False,22.040980632541963,noise,27.598020555767032,False,False,True,False,,Pharmaceuticals & Biotechnology,Pharmaceuticals,79.95951417004049,True,True
RGL.NS,2026-09-22,156.77999877929688,153.4175008138021,136.03583314683704,131.2965998840332,115.17699981689454,116.62834980010986,153.32035061774215,85.0,163.4499969482422,True,False,False,True,True,True,True,True,False,30.389222858209575,noise,24.903418068115357,False,False,False,False,,Consumer Durables,"Gems, Jewellery And Watches",83.19838056680162,True,False
REPCOHOME.NS,2026-09-22,357.25,352.76451365152997,359.13303629557294,368.00571105957033,379.88139282226564,384.9337368774414,353.229947537997,330.83652745166125,449.95124725771996,False,False,False,False,False,False,True,True,False,-2.037039981455746,noise,67.8771926448102,False,True,False,False,,Finance,Housing Finance Company,61.45748987854252,False,False
REPRO.NS,2026-09-22,298.20001220703125,307.3041687011719,325.2277789645725,338.1120001220703,359.5753330485026,380.1654998779297,304.12913377263436,285.20001220703125,590.0,False,False,False,False,False,False,False,False,False,-33.88759111464501,noise,46.26203492354392,False,True,False,False,,Printing & Publication,Printing & Publication,23.076923076923077,False,False
RESPONIND.NS,2026-09-22,157.3800048828125,162.05499903361002,160.6786749098036,166.57806579589842,169.0208457438151,174.31128677368164,160.83997169289432,117.18050072732538,240.7572086823752,False,False,False,False,False,True,False,False,False,-21.330200389517895,dry,3.7061018744834753,False,False,False,False,,Consumer Durables,"Furniture, Home Furnishing",40.16194331983806,False,False
RBA.NS,2026-09-22,93.63999938964844,96.37750180562337,97.56888919406467,89.04300048828125,74.22253331502279,71.85100004196167,95.94510647040939,57.150001525878906,111.1500015258789,True,True,True,True,True,True,True,False,False,9.035866772715373,noise,31.32492331396278,False,False,False,False,,Leisure Services,Restaurants,71.09311740890688,True,True
RVTH.NS,2026-09-22,671.5499877929688,712.7999979654948,722.7125023735894,718.9860021972656,676.5670003255208,678.9862503051758,697.496606070933,491.1000061035156,1300.0,False,False,False,True,False,True,False,False,False,-37.40212926662918,dry,12.387619887760657,False,False,False,False,,Industrial Manufacturing,Industrial Products,19.473684210526315,False,False
REXPIPES.NS,2026-09-21,160.64999389648438,160.64999389648438,164.48749796549478,166.44099853515624,181.7013324991862,173.5897492980957,160.77976450163567,130.1999969482422,208.0,False,True,True,False,False,False,True,False,False,0.4062461853027388,dry,0.0,False,False,False,False,,Industrial Products,Plastic Products - Industrial,63.927125506072876,False,False
RHETAN.NS,2026-09-22,,,,,,,,,,False,False,False,False,False,False,False,False,False,,noise,43.64231706688851,False,False,False,True,,Industrial Products,Iron & Steel Products,,False,False
RHIM.NS,2026-09-22,379.20001220703125,370.8200403849284,378.1153733995226,383.7480767822266,388.0089422607422,401.8511029052734,370.6567817532889,320.9173739231228,504.94444206371475,False,False,False,False,False,False,True,True,False,-21.10779269074016,ppv,1622.3509998204427,False,False,False,False,,Industrial Products,Electrodes & Refractories,40.48582995951417,False,False
RICOAUTO.NS,2026-09-22,128.13999938964844,130.54583231608072,132.79962921142578,133.71060028076172,125.15527135213216,124.75453079223632,129.37353079629065,78.58512483629973,157.3196224733626,True,True,True,True,False,True,True,False,False,23.22707743616197,noise,23.665327846268138,False,False,False,False,,Auto Components,Auto Components & Equipments,80.48582995951416,True,False
RIR.NS,2026-09-22,,,,,,,,,,False,False,False,False,False,False,False,False,False,,noise,,False,False,False,False,,Electrical Equipment,Other Electrical Equipment,,False,False
RISHABH.NS,2026-09-22,736.5499877929688,789.0499928792318,718.6277754041884,694.7290893554688,558.1091709391276,516.3097567749023,765.7618714542722,314.00355666259446,852.0,True,True,True,True,True,True,True,False,False,77.53178195266004,noise,35.5779713526427,False,True,False,False,,Electrical Equipment,Other Electrical Equipment,93.23886639676114,True,True
RITCO.NS,2026-09-22,287.20001220703125,300.93333689371747,305.05833604600696,299.4130017089844,254.62000071207683,255.83500030517578,295.6877847592119,167.10000610351562,331.1499938964844,True,False,True,True,False,True,True,False,False,3.7759755038956566,noise,45.22760053659865,False,True,False,False,,Transport Services,Logistics Solution Provider,66.68016194331983,False,False
RITES.NS,2026-09-22,203.60000610351562,206.45541508992514,213.90052286783853,213.73944732666016,208.06504089355468,211.91368911743163,205.8694582916886,171.6534052563282,262.91496128090836,False,False,False,True,False,False,True,False,False,-20.221392894720893,ppv,112.48552798527672,False,False,False,False,,Construction,Civil Construction,41.61943319838057,False,False
RKEC.NS,2026-09-22,18.43000030517578,19.199166615804035,22.25249989827474,23.459399909973143,30.494733556111655,35.5127001953125,19.092214753737185,17.399999618530273,81.5,False,False,False,False,False,False,False,False,False,-73.66390479981344,noise,52.344585413865296,False,False,False,False,,Construction,Civil Construction,1.0931174089068825,False,False
RMC.NS,2026-09-22,,,,,,,,,,False,False,False,False,False,False,False,False,False,,noise,33.64984007867038,False,True,False,False,,Electrical Equipment,Other Electrical Equipment,,False,False
RHL.NS,2026-09-22,174.82000732421875,171.18583552042642,170.1586125691732,170.42560089111328,177.98793294270834,181.8799500274658,173.2014663030497,160.97999572753906,273.8999938964844,False,False,False,False,True,False,False,True,False,-31.71093463897705,noise,54.640728572765894,False,False,False,False,,Leisure Services,Hotels & Resorts,26.153846153846157,False,False
ROCKINGDCE.NS,2026-09-21,223.9499969482422,225.80833180745444,206.2430542839898,199.07399871826172,191.96699920654297,198.1447492980957,226.13552583871348,123.9000015258789,283.8500061035156,True,False,False,True,True,True,True,False,False,8.319224642438794,noise,65.33435818601076,False,False,False,False,,Commercial Services & Supplies,Trading & Distributors,70.48582995951416,True,False
ROLEXRINGS.NS,2026-09-22,172.5,172.08166631062826,171.56666564941406,164.12959930419922,146.42480026245119,141.44075031280516,172.15820597295652,99.79000091552734,189.39999389648438,True,True,True,True,True,True,True,True,False,25.06344461677681,dry,13.419770074575933,False,True,False,False,,Auto Components,Auto Components & Equipments,81.21457489878543,True,True
ROLLT.NS,2026-09-22,6.260000228881836,5.142500003178914,4.063055561648475,3.5550000047683716,2.464066664377848,2.1798499989509583,5.36475758121733,1.0700000524520874,6.260000228881836,True,True,True,True,True,True,True,True,False,367.16418454843034,ppv,211.29556405563852,False,False,True,False,,Industrial Products,Packaging,99.63562753036437,True,True
ROSSARI.NS,2026-09-22,442.25,445.17916615804035,480.3958341810438,489.2510003662109,491.74379862467447,507.5210441589355,445.5625819527918,374.6386314970258,689.6347499019316,False,False,False,False,False,False,False,False,False,-32.89220416491507,green,111.87658357852241,False,False,False,False,,Chemicals & Petrochemicals,Specialty Chemicals,24.453441295546558,False,False
ROSSELLIND.NS,2026-09-22,51.91999816894531,54.97833283742269,56.35624980926514,57.06980430603027,53.516007817586264,52.1143004989624,54.217151955490316,39.715149491293374,73.0,False,True,False,True,False,True,False,False,False,-20.841074445419984,noise,35.60105735808649,False,False,False,False,,Agricultural Food & other Products,Tea & Coffee,40.80971659919028,False,False
ROSSTECH.NS,2026-09-22,1494.0999755859375,1282.7932840983074,1155.069359673394,1105.8649743652343,960.444423421224,884.2691223144532,1323.7030657182183,551.7773507625232,1505.0,True,True,True,True,True,True,True,True,False,88.20379119482136,ppv,286.5331248089821,False,False,True,False,,Aerospace & Defense,Aerospace & Defense,94.49392712550608,True,True
ROTO.NS,2026-09-22,62.79999923706055,63.594288190205894,64.95643880632188,65.66976768493652,61.848097763061524,62.182245540618894,63.246169487581334,47.35601402462706,83.13722347434607,True,False,False,True,False,True,True,False,False,-22.329295073646527,noise,52.379926832971805,False,False,False,False,,Industrial Products,"Compressors, Pumps & Diesel Engines",38.82591093117409,False,False
ROUTE.NS,2026-09-22,463.95001220703125,488.1624984741211,503.68742031521265,518.190654296875,508.9164770507812,540.1273220825195,481.2017421133601,406.117116732523,840.0657221335065,False,False,False,False,False,False,False,False,False,-43.67891241463414,noise,20.216331311369018,False,False,False,False,,Telecom - Services,Other Telecom Services,13.765182186234817,False,False
ROXHITECH.NS,2026-09-21,45.099998474121094,45.59166653951009,48.880555894639755,46.67600021362305,38.30466673533122,38.72675004005432,45.33431290814461,22.950000762939453,58.900001525878906,True,False,False,True,False,True,True,False,False,-4.042556438040224,noise,35.349567949725056,False,False,False,False,,IT - Services,IT Enabled Services,59.67611336032389,False,False
ROHLTD.NS,2026-09-22,306.0,303.34583282470703,304.66579182942706,307.5321875,323.33253092447916,338.43441970825194,303.4236870550119,267.17832741026103,558.3075308743254,False,False,False,False,False,False,False,True,False,-39.31068444020279,noise,38.550782038156584,False,False,False,False,,Leisure Services,Hotels & Resorts,17.48987854251012,False,False
RPGLIFE.NS,2026-09-22,2746.89990234375,2754.9833374023438,2689.6583319769966,2748.34,2325.7035538736977,2291.060067138672,2748.9975646758826,1716.0396604625457,3082.0,True,True,True,True,False,True,True,False,False,15.393045794148685,noise,33.71205808401023,False,False,False,False,,Pharmaceuticals & Biotechnology,Pharmaceuticals,75.78947368421053,True,False
RPPINFRA.NS,2026-09-22,54.97999954223633,56.07416693369547,57.20472240447998,58.73700019836426,66.53633338928222,73.64190000534057,55.42788145266596,53.0,148.15630697435014,False,False,False,False,False,False,False,False,False,-61.998652033266644,dry,12.539100602670562,False,False,False,False,,Construction,Civil Construction,3.1983805668016196,False,False
RPSGVENT.NS,2026-09-22,841.6500244140625,834.7250061035156,868.4166649712456,879.3349963378906,855.8036669921875,825.3317514038085,838.7145644066827,551.9000244140625,1179.0,False,True,True,True,False,True,False,True,False,-3.673816948319031,noise,85.54718734935064,False,False,False,False,,Commercial Services & Supplies,Business Process Outsourcing (BPO)/ Knowledge Process Outsourcing (KPO),60.08097165991902,False,False
RRIL.NS,2026-09-22,,,,,,,,,,False,False,False,False,False,False,False,False,False,,noise,,False,False,False,False,,Textiles & Apparels,Other Textile Products,,False,False
RSDFIN.NS,2026-09-22,,,,,,,,,,False,False,False,False,False,False,False,False,False,,noise,,False,False,False,True,,Finance,Non Banking Financial Company (NBFC),,False,False
RSWM.NS,2026-09-22,227.00999450683594,218.75249862670898,209.65138880411783,210.86820007324218,180.97553370157877,172.48534999847413,219.36520430142383,120.0,238.0,True,True,True,True,True,True,True,True,False,42.361711368907386,red,149.91302302161577,False,True,False,False,,Textiles & Apparels,Other Textile Products,86.63967611336032,True,True
RTSPOWR.NS,2026-09-22,,,,,,,,,,False,False,False,False,False,False,False,False,False,,noise,,False,True,False,False,,Electrical Equipment,Other Electrical Equipment,,False,False
RUBFILA.NS,2026-09-22,66.97000122070312,65.90613015492757,66.66109455956354,67.75649406433105,68.0520795694987,68.70616744995117,65.50485667495234,55.62143097923174,84.33959884955037,False,False,False,False,False,False,True,True,False,-17.960896642916346,green,106.28408495223287,False,False,False,False,,Industrial Products,Rubber,44.2914979757085,False,False
RUBICON.NS,2026-09-22,,,,,,,,,,False,False,False,False,False,False,False,False,False,,red,100.74277560771287,False,False,False,False,,Pharmaceuticals & Biotechnology,Pharmaceuticals,,False,False
RUBYMILLS.NS,2026-09-22,459.95001220703125,455.0038782755534,407.05931091308594,403.6124786376953,304.2391995239258,280.6905152130127,451.9397950113984,168.1055909008604,496.35008137501956,True,True,True,True,True,True,True,True,False,96.61234825841572,noise,29.577796585029624,False,False,False,False,,Textiles & Apparels,Other Textile Products,95.62753036437248,True,True
RUCHINFRA.NS,2026-09-22,5.010000228881836,5.4049999713897705,5.663611107402378,5.721199979782105,5.909999996821085,6.008500001430511,5.285076818033204,4.050000190734863,8.25,False,False,False,False,False,False,False,False,False,-32.93172195988377,noise,96.04181584002201,False,True,False,False,,Commercial Services & Supplies,Diversified Commercial Services,24.37246963562753,False,False
RUCHIRA.NS,2026-09-22,105.93000030517578,106.11813290913899,103.94662412007649,103.92743530273438,107.0629411315918,109.49211532592773,105.51912667818661,92.98980110310004,164.06605236464506,False,False,False,False,True,False,False,True,False,-33.5722576947959,noise,31.632444773235807,False,False,False,False,,"Paper, Forest & Jute Products",Paper & Paper Products,23.562753036437247,False,False
RUDRA.NS,2026-09-22,,,,,,,,,,False,False,False,False,False,False,False,False,False,,dry,7.980473228024971,False,False,False,False,,Industrial Products,Iron & Steel Products,,False,False
REPL.NS,2026-09-22,57.66999816894531,59.54916636149088,62.669166247049965,63.300199584960936,70.86166661580404,80.62099971771241,59.30187490944688,56.0,168.0,False,False,False,False,False,False,False,False,False,-60.755359396667785,noise,74.6804474621944,False,False,False,False,,Construction,Civil Construction,3.6032388663967607,False,False
RULKA.NS,2026-09-21,108.30000305175781,107.47500038146973,108.55277739630804,108.87599990844727,99.58200002034505,100.93049983978271,107.39778876107835,72.94999694824219,139.75,True,False,False,True,False,True,True,True,False,-16.596073961350665,green,246.85382381413362,False,False,False,False,,Construction,Civil Construction,45.587044534412954,False,False
RUPA.NS,2026-09-22,138.52000427246094,136.90649032592773,145.4986483256022,149.67077728271485,145.43932642618816,147.44614917755126,137.3282032720618,106.87728529779513,208.29375509813576,False,False,False,True,False,False,False,True,False,-32.44398937683884,noise,80.47739027107981,False,True,False,False,,Textiles & Apparels,Garments & Apparels,25.222672064777328,False,False
RUSHIL.NS,2026-09-22,16.700000762939453,16.06167459487915,16.672941790686714,16.678702125549318,16.403592033386232,17.701213083267213,16.238192740432524,12.451066323135663,32.68778814645371,False,False,False,False,True,True,False,True,False,-47.33662167304017,ppv,73.12444386113441,False,False,False,False,,Consumer Durables,Plywood Boards/ Laminates,10.48582995951417,False,False
S&SPOWER.NS,2026-09-22,325.45001220703125,331.9583384195964,322.9902826944987,325.8890032958984,351.03600056966144,330.90420059204104,327.39177798381775,193.5,444.95001220703125,False,True,False,False,False,True,False,False,False,-21.597203704720712,noise,87.13995874328305,False,False,False,False,,Electrical Equipment,Other Electrical Equipment,39.878542510121456,False,False
SAIL.NS,2026-09-22,174.00999450683594,179.36249923706055,180.76972156100803,176.2515997314453,174.5677996826172,167.37264972686768,178.30746387314088,124.0,209.6999969482422,False,True,True,True,False,True,True,False,False,28.430133184705888,noise,37.71560815760138,False,False,False,False,,Ferrous Metals,Iron & Steel,82.26720647773278,True,False
SCI.NS,2026-09-22,281.1000061035156,280.0749994913737,288.85450744628906,286.3844989013672,283.9966419474284,268.59425788879395,279.1092334309209,192.34996969124379,367.499792159746,False,True,True,True,False,True,True,True,False,27.648958210630624,noise,51.43475052430717,False,True,False,False,,Transport Services,Shipping,82.14574898785425,True,False
SCHAND.NS,2026-09-22,133.75,134.86166636149088,137.3449995252821,140.26059967041016,148.5191869099935,150.5546760559082,134.6154592219779,127.01304824091756,195.32956057106102,False,False,False,False,False,False,False,False,False,-28.031926768176653,red,102.04434288688213,False,False,False,False,,Printing & Publication,Printing & Publication,31.093117408906885,False,False
SHK.NS,2026-09-22,138.27999877929688,140.34583155314127,153.64694298638238,151.36999877929688,140.79199986775717,146.90868869781494,139.64320019485152,111.9800033569336,248.8094092683968,False,False,False,True,False,False,False,False,False,-43.95975434925873,noise,22.652706982012706,False,False,False,False,,Chemicals & Petrochemicals,Specialty Chemicals,13.522267206477734,False,False
SJLOGISTIC.NS,2026-09-21,313.1000061035156,315.6125005086263,323.1513900756836,322.24000061035156,317.3310009765625,325.08625061035156,315.6951276125445,225.35000610351562,459.0,False,False,False,False,False,True,False,False,False,-25.104648906586647,noise,66.90349319123742,False,False,False,False,,Transport Services,Logistics Solution Provider,34.8582995951417,False,False
SPAL.NS,2026-09-22,979.7000122070312,1008.4916636149088,998.4109598795573,999.9581591796875,880.9495153808593,834.4408535766602,996.3748542392151,598.3063263737936,1218.4508944923061,True,True,True,True,False,True,True,False,False,26.80347340006588,noise,20.29545977936143,False,True,False,False,,Textiles & Apparels,Garments & Apparels,81.70040485829959,True,False
SPIC.NS,2026-09-22,66.08999633789062,66.84262911478679,66.63534990946452,65.98684005737304,65.80492357889811,68.07017831802368,66.46072109883573,53.495922457248646,99.66164119100696,False,False,False,False,True,False,False,False,False,-32.19949868998025,noise,53.665873620735184,False,False,False,False,,Fertilizers & Agrochemicals,Fertilizers,25.668016194331983,False,False
STCINDIA.NS,2026-09-22,111.05999755859375,112.51999982198079,116.22611088222928,117.04799987792968,117.29733306884765,118.47094982147217,112.17520527615773,97.04000091552734,150.6999969482422,False,False,False,False,False,False,False,False,False,-10.109271699436317,noise,45.244865484224626,False,False,False,False,,Commercial Services & Supplies,Trading & Distributors,52.834008097166,False,False
SVGLOBAL.NS,2026-09-22,,,,,,,,,,False,False,False,False,False,False,False,False,False,,noise,,False,False,False,False,,Realty,"Residential, Commercial Projects",,False,False
SALSTEEL.NS,2026-09-22,80.9800033569336,78.58083407084148,73.19611114925809,68.64139999389648,57.72699999491374,53.48180000305176,78.9844626174214,26.100000381469727,86.25,True,True,True,True,True,True,True,True,False,142.7458089788092,red,142.2926088412317,False,False,False,False,,Ferrous Metals,Sponge Iron,97.65182186234817,True,True
SAAKSHI.NS,2026-09-21,368.0,345.1333287556966,309.9527757432726,306.4759979248047,253.0579988606771,235.66574920654296,351.5643540218026,147.39999389648438,378.0,True,True,True,True,True,True,True,True,False,91.81651722306432,noise,48.934945308002305,False,False,False,False,,Electrical Equipment,Other Electrical Equipment,94.89878542510122,True,True
SAATVIKGL.NS,2026-09-22,,,,,,,,,,False,False,False,False,False,False,False,False,False,,ppv,235.60785720290914,False,False,False,False,,Electrical Equipment,Other Electrical Equipment,,False,False
SAB.NS,2026-09-22,,,,,,,,,,False,False,False,False,False,False,False,False,False,,noise,,False,False,False,False,,Construction,Civil Construction,,False,False
SABAR.NS,2026-09-21,9.5,9.5,7.977777785725063,7.198999996185303,6.012666648228963,5.80599997997284,9.355596324546486,3.950000047683716,9.5,True,True,True,True,True,True,True,True,False,48.43749778810891,dry,0.0,False,False,True,False,,Industrial Products,Packaging,88.82591093117409,True,True
SADBHAV.NS,2026-09-22,7.679999828338623,7.817500034968059,8.224444415834215,8.291200017929077,8.816599998474121,8.851999990940094,7.750478722339098,6.050000190734863,14.699999809265137,False,False,False,False,False,False,False,False,False,-43.44624542352199,noise,41.72384966487465,False,True,False,False,,Construction,Civil Construction,13.927125506072874,False,False
SADBHIN.NS,2026-09-22,2.5799999237060547,2.5366666316986084,2.6161110864745245,2.565999984741211,2.7734666665395102,2.9937000000476837,2.538954095930334,2.059999942779541,4.789999961853027,False,False,False,False,True,False,False,True,False,-36.138615146850505,noise,76.87699120390019,False,False,False,False,,Construction,Civil Construction,20.850202429149796,False,False
SADHNANIQ.NS,2026-09-22,2.8499999046325684,2.804166634877523,2.907222224606408,2.8426000118255614,2.4336814880371094,3.339914591908455,2.8163107155266935,1.2699999809265137,10.800000190734863,False,False,False,False,True,True,False,True,False,-71.47147177248061,red,186.7161652107184,False,False,False,False,,Chemicals & Petrochemicals,Commodity Chemicals,1.2550607287449393,False,False
SADHAV.NS,2026-09-21,107.3499984741211,110.68333371480306,113.9569443596734,114.64200012207031,112.78833323160808,110.0507498550415,109.7095299319169,86.30000305175781,128.85000610351562,False,True,False,True,False,False,True,False,False,-2.8506801139175586,noise,58.41121495327103,False,False,False,False,,Transport Services,Shipping,60.64777327935222,False,False
SAFARI.NS,2026-09-22,1498.5,1520.133321126302,1507.83054945204,1533.0027075195312,1564.8079060872396,1707.9995483398438,1509.8511911555615,1361.4252325150483,2504.019782423858,False,False,False,False,False,False,False,False,False,-33.832294241689844,noise,80.17056587893373,False,False,False,False,,Consumer Durables,Plastic Products - Consumer,23.238866396761136,False,False
SAGCEM.NS,2026-09-22,151.32000732421875,150.48833465576172,161.5461107889811,166.27539947509766,175.04833302815754,182.03999977111818,151.4148426389183,141.52000427246094,282.04998779296875,False,False,False,False,False,False,False,False,False,-44.530786621934396,noise,90.36162369760851,False,False,False,False,,Cement & Cement Products,Cement & Cement Products,12.834008097165992,False,False
SAGARDEEP.NS,2026-09-22,23.389999389648438,23.6916667620341,23.92777787314521,24.06480007171631,24.14326670328776,24.626550016403197,23.602547323633445,20.809999465942383,31.479999542236328,False,False,False,False,False,False,False,False,False,-12.658705041361618,noise,47.66427669604902,False,False,False,False,,Industrial Products,"Aluminium, Copper & Zinc Products",49.83805668016194,False,False
SAGILITY.NS,2026-09-22,45.61000061035156,45.33833376566569,44.492472118801544,43.92035652160644,41.937263615926106,44.06810375213623,45.43433893753057,35.748125066049155,57.700033807096844,True,False,False,False,True,False,True,True,False,1.938429856384527,noise,30.882417837845594,False,False,False,False,,IT - Services,IT Enabled Services,65.10121457489878,False,False
SAHAJSOLAR.NS,2026-09-21,92.55000305175781,94.97916730244954,102.64583333333333,108.09999969482422,125.47833374023438,133.49075019836425,94.47259074209117,90.0,250.0,False,False,False,False,False,False,False,False,False,-61.89005529103917,green,106.58307210031349,False,False,False,False,,Electrical Equipment,Other Electrical Equipment,3.3198380566801617,False,False
SAHANA.NS,2026-09-21,841.0999755859375,889.1708272298177,862.5069427490234,854.1686645507813,878.0652209472656,880.5471661376953,873.7209682656571,685.0,1256.0,False,False,False,False,False,False,False,False,False,-31.773203903952606,noise,93.92265193370166,False,False,False,False,,IT - Services,IT Enabled Services,26.072874493927124,False,False
SAHYADRI.NS,2026-09-22,360.25,375.16666412353516,360.3296618991428,340.33976318359373,287.8246422322591,278.1256602478027,368.3877884570417,197.86802644015765,408.95001220703125,True,True,True,True,True,True,True,False,False,34.487661824026915,noise,28.36659558913624,False,False,False,False,,Other Construction Materials,Other Construction Materials,84.41295546558705,True,True
SAICAPI.NS,2026-09-22,,,,,,,,,,False,False,False,False,False,False,False,False,False,,noise,,False,False,False,False,,Commercial Services & Supplies,Diversified Commercial Services,,False,False
SAILIFE.NS,2026-09-22,1600.5,1591.5416564941406,1503.6222161187065,1442.7399951171874,1206.1029976399739,1126.5404974365235,1581.026093977533,783.8499755859375,1697.0,True,True,True,True,True,True,True,True,False,83.06073685763255,noise,42.439894041489524,False,False,False,False,,Pharmaceuticals & Biotechnology,Pharmaceuticals,93.92712550607287,True,True
SAIPARENT.NS,2026-09-22,,,,,,,,,,False,False,False,False,False,False,False,False,False,,noise,24.571931986517452,False,False,False,False,,Pharmaceuticals & Biotechnology,Pharmaceuticals,,False,False
KALAMANDIR.NS,2026-09-22,78.08000183105469,81.16833368937175,84.8666672176785,85.90410736083984,97.2983561706543,105.36270141601562,80.0944425212178,76.55000305175781,219.27654356882928,False,False,False,False,False,False,False,False,False,-49.913889355725985,noise,65.52056784268963,False,False,False,False,,Retailing,Speciality Retail,8.82591093117409,False,False
SEKURITIND.NS,2026-09-22,,,,,,,,,,False,False,False,False,False,False,False,False,False,,noise,,False,False,False,False,,Auto Components,Auto Components & Equipments,,False,False
SAKAR.NS,2026-09-22,1188.4000244140625,1146.0791829427083,993.0486161973741,957.3000048828125,763.0780008951823,675.8075004577637,1136.2765109016311,333.5,1227.0,True,True,True,True,True,True,True,True,False,243.0220760690577,noise,65.57730190829348,False,True,True,False,,Pharmaceuticals & Biotechnology,Pharmaceuticals,99.14979757085021,True,True
SAKSOFT.NS,2026-09-22,144.36000061035156,146.63083267211914,158.2513893975152,161.90400451660156,149.33778015136718,157.91324470520019,145.9571540569514,107.23637904324156,223.5125912995052,False,False,False,True,False,True,False,False,False,-34.269512882603735,noise,34.68950468818529,False,True,False,False,,IT - Software,Computers - Software & Consulting,22.672064777327936,False,False
SAKHTISUG.NS,2026-09-22,18.299999237060547,19.102499961853027,19.200277699364555,18.594199981689453,17.530066693623862,17.712349996566772,18.849859161634864,13.520000457763672,23.290000915527344,True,False,False,True,False,True,True,False,False,-18.918921202922633,noise,30.492211429647565,False,False,False,False,,Agricultural Food & other Products,Sugar,43.19838056680162,False,False
SAKUMA.NS,2026-09-22,1.5199999809265137,1.5708333253860474,1.6063888834582434,1.6269999933242798,1.7508666578928629,1.8333999991416932,1.5541918580232763,1.100000023841858,3.0999999046325684,False,False,False,False,False,True,False,False,False,-41.08527031492692,noise,97.70385818526319,False,False,False,False,,Commercial Services & Supplies,Trading & Distributors,15.829959514170042,False,False
SECL.NS,2026-09-21,3.0,3.0,3.0,3.0,3.296333349545797,3.531500004529953,3.000000272164656,3.0,5.900000095367432,False,False,False,False,False,False,False,False,False,-49.1525431947782,dry,,False,False,False,True,,Construction,Civil Construction,9.271255060728745,False,False
SALASAR.NS,2026-09-22,4.960000038146973,4.981666684150696,5.555555582046509,5.6652000141143795,6.564066667556762,7.075650007724762,4.999196013077575,4.710000038146973,10.989999771118164,False,False,False,False,False,False,False,False,False,-48.865977982707435,noise,75.01164408446542,False,False,False,False,,Industrial Manufacturing,Industrial Products,9.433198380566802,False,False
SALONA.NS,2026-09-22,271.5,263.2178268432617,260.3176036410862,257.6803744506836,265.33718760172525,263.32944763183593,264.1998329933725,199.53333961766904,319.2533428458128,True,True,False,False,True,True,True,True,False,9.414188749889995,ppv,252.61236687458631,False,False,False,False,,Textiles & Apparels,Other Textile Products,71.49797570850203,True,False
SALZERELEC.NS,2026-09-22,545.9500122070312,549.0291697184244,560.7197553846571,565.8949560546876,605.0525970458984,613.9561543273926,548.3661485661218,486.5670256209939,948.1487230418616,False,False,False,False,False,False,False,False,False,-31.596967395162025,noise,75.77234302602052,False,False,False,False,,Electrical Equipment,Other Electrical Equipment,26.31578947368421,False,False
SAMBANDAM.NS,2026-09-21,,,,,,,,,,False,False,False,False,False,False,False,False,False,,noise,,False,False,False,False,,Textiles & Apparels,Other Textile Products,,False,False
SAMBHAAV.NS,2026-09-22,5.960000038146973,5.915000041325887,6.197499990463257,6.191399993896485,6.518066670099894,7.073700008392334,5.967876218038856,5.070000171661377,11.529999732971191,False,False,False,False,False,False,False,False,False,-6.583073178059806,red,106.39838500581892,False,False,False,False,,Media,Electronic Media,56.84210526315789,False,False
SAMBHV.NS,2026-09-22,151.94000244140625,135.70000076293945,128.1677786509196,125.43060043334961,113.851400197347,108.69045021057129,139.58913452983427,81.41999816894531,161.6300048828125,True,True,True,True,True,True,True,True,False,22.998465103903797,red,169.15447429857522,False,True,False,False,,Industrial Products,Iron & Steel Products,80.32388663967612,True,True
SAIFL.NS,2026-09-21,4.400000095367432,4.525000015894572,4.847222248713176,4.913000030517578,6.94166669845581,8.236250019073486,4.477396660206168,4.199999809265137,20.799999237060547,False,False,False,False,False,False,False,False,False,-78.84615261173809,noise,109.46196660482374,False,False,False,False,,Agricultural Food & other Products,Other Agricultural Products,0.5668016194331984,False,False
SAMHI.NS,2026-09-22,159.52000427246094,157.4650001525879,160.28972244262695,164.05180023193358,161.19633361816406,165.4862003326416,158.31013570858687,127.0,217.3000030517578,False,False,False,False,False,False,False,True,False,-22.638212107975097,noise,42.51393445464741,False,True,False,False,,Leisure Services,Hotels & Resorts,38.38056680161943,False,False
SAMMAANCAP.NS,2026-09-22,142.36000061035156,146.57916895548502,151.9336111280653,154.86440002441407,155.89620005289714,153.06900009155274,144.9586432745159,129.0,192.9499969482422,False,True,False,False,False,False,False,False,False,0.8500969942694114,noise,43.211951236688485,False,False,False,False,,Finance,Housing Finance Company,64.2914979757085,False,False
SAMPANN.NS,2026-09-22,24.100000381469727,24.327500184377033,25.612777868906658,26.081600074768065,27.566999905904133,28.785799932479858,24.356403081157197,23.110000610351562,43.439998626708984,False,False,False,False,False,False,False,False,False,-14.87106733978355,noise,77.11487988163964,False,False,False,False,,Industrial Products,Rubber,47.20647773279352,False,False
MOTHERSON.NS,2026-09-22,161.77000427246094,162.26583353678384,164.45916663275824,159.37920013427734,140.08298309326173,134.64987075805664,162.21097988126627,100.52274639930697,173.27000427246094,True,True,True,True,True,True,True,False,False,47.84368459045971,noise,51.20413009849336,False,False,False,False,,Auto Components,Auto Components & Equipments,88.582995951417,True,True
SANATHAN.NS,2026-09-22,471.29998779296875,470.21666717529297,465.81944529215497,465.98500061035156,435.80133341471355,435.583999786377,469.1714123223932,352.6000061035156,539.7999877929688,True,True,False,True,True,True,True,True,False,-10.882100869761114,noise,42.53728946308609,False,False,False,False,,Textiles & Apparels,Other Textile Products,52.06477732793522,False,False
SANDESH.NS,2026-09-22,1038.699951171875,1032.1083323160808,1047.7321489122178,1026.3339318847657,992.6002864583334,1006.8591088867188,1034.4325916425446,807.2328449654277,1264.1007007758396,True,False,False,True,True,False,True,True,False,-13.283417206286696,dry,11.242086880593757,False,True,False,False,,Media,Print Media,49.10931174089069,False,False
SANDHAR.NS,2026-09-22,586.2999877929688,606.7594757080078,630.3763105604384,622.6000463867188,584.6692346191406,573.1144868469238,602.1552441444109,421.2961280525958,758.3330403781767,True,True,True,True,False,True,True,False,False,29.060112352606392,noise,34.961921701691104,False,False,False,False,,Auto Components,Auto Components & Equipments,82.51012145748989,True,False
SANDUMA.NS,2026-09-22,183.24000549316406,188.92416763305664,198.37869771321616,199.0615725708008,205.06503072102865,209.3112400817871,186.98742508143226,155.91764167659264,272.33215508462166,False,False,False,False,False,False,False,False,False,14.769981548979683,noise,60.54058867707833,False,False,False,False,,Ferrous Metals,Iron & Steel,75.30364372469636,True,False
SANGAMIND.NS,2026-09-22,569.2999877929688,575.9749959309896,584.4958292643229,593.9639978027344,525.9449607340495,507.61285278320315,575.7376920945078,389.75381058185866,672.5,True,True,True,True,False,True,True,False,False,39.829294947808066,dry,18.083651471646263,False,False,False,False,,Textiles & Apparels,Other Textile Products,85.99190283400809,True,False
SANGANI.NS,2026-09-21,49.75,52.86666679382324,51.375000105963814,49.42600021362305,47.38200014750163,48.709750175476074,51.77351347080275,37.0,76.0,True,False,False,True,True,True,False,False,False,-31.568085160417738,green,181.15942028985506,False,False,False,False,,Healthcare Services,Hospital,26.356275303643724,False,False
SANGHVIMOV.NS,2026-09-22,438.79998779296875,428.79583231608075,459.8628684149848,452.2494781494141,370.2863350423177,355.9790881347656,430.96410708238983,222.89884643051099,525.873954285097,True,True,True,True,False,True,True,True,False,15.484662012989524,noise,36.853448645304645,False,False,False,False,,Commercial Services & Supplies,Diversified Commercial Services,75.91093117408907,True,False
SANGINITA.NS,2026-09-22,73.91999816894531,66.47499974568684,60.169999546474884,60.07659965515137,37.3101332728068,30.726149945259095,68.16459023579814,9.260000228881836,73.91999816894531,True,True,True,True,True,True,True,True,False,644.4108348155462,dry,6.995530816368613,False,False,True,False,,Chemicals & Petrochemicals,Specialty Chemicals,99.95951417004049,True,True
SANOFICONR.NS,2026-09-22,3993.0,4050.4166870117188,4240.808356391059,4345.872026367188,4444.064173177083,4408.444326171875,4038.698488803606,3914.755837704811,5249.219471448464,False,True,False,False,False,False,True,False,False,-21.280487376396483,noise,43.726806199204454,False,False,False,False,,Pharmaceuticals & Biotechnology,Pharmaceuticals,40.20242914979757,False,False
SANOFI.NS,2026-09-22,3058.800048828125,3096.3499755859375,3198.4111056857637,3250.59599609375,3353.874140625,3528.0922216796876,3096.0448882769997,3053.0,4926.456133539469,False,False,False,False,False,False,False,False,False,-37.467027411532136,noise,65.7217023821857,False,False,False,True,,Pharmaceuticals & Biotechnology,Pharmaceuticals,19.4331983805668,False,False
SANSERA.NS,2026-09-22,4586.5,4117.065755208333,3929.2938300238716,3742.222861328125,2968.938514811198,2678.852493286133,4176.741120791853,1362.8258521500732,4630.0,True,True,True,True,True,True,True,True,False,207.01646955077058,ppv,368.2898887061572,True,False,True,False,,Auto Components,Auto Components & Equipments,99.02834008097166,True,True
SANSTAR.NS,2026-09-22,112.61000061035156,111.40166600545247,110.5244443681505,110.52879974365234,102.80553288777669,100.01119972229004,112.19225559003723,74.30000305175781,137.49000549316406,True,True,True,True,True,True,True,True,False,18.53684274773848,noise,66.81495417442682,False,True,False,False,,Agricultural Food & other Products,Other Agricultural Products,77.85425101214575,True,True
SANWARIA.NS,2026-09-22,0.1899999976158142,0.18916666631897291,0.19305555522441864,0.19519999980926514,0.21393333236376444,0.2279499986767769,0.18962699412892858,0.18000000715255737,0.36000001430511475,False,False,False,False,False,False,False,True,False,-44.1176483478513,noise,95.48920137652783,False,False,False,False,,Food Products,Other Food Products,13.319838056680162,False,False
SAPPHIRE.NS,2026-09-22,237.24000549316406,228.7775001525879,228.70611190795898,216.1884002685547,192.53120005289713,200.25310005187987,231.40592690913192,139.91000366210938,324.3500061035156,True,False,False,True,True,True,False,True,False,-25.466536414864194,noise,31.809283490187955,False,True,False,False,,Leisure Services,Restaurants,34.33198380566802,False,False
SARTELE.NS,2026-09-21,73.4000015258789,82.15000025431316,98.24027803209093,104.26199981689453,141.02266672770182,162.86674980163573,80.10875297473878,72.4000015258789,264.8500061035156,False,False,False,False,False,False,False,False,False,-62.08677726661187,noise,52.137045949352576,False,False,False,True,,Telecom - Services,Telecom - Infrastructure,3.1578947368421053,False,False
ZSARACOM.NS,2026-09-22,,,,,,,,,,False,False,False,False,False,False,False,False,False,,noise,,False,False,False,False,,Finance,Non Banking Financial Company (NBFC),,False,False
SSDL.NS,2026-09-22,65.70999908447266,60.602499643961586,58.76277754041884,57.211599807739255,58.73353327433268,62.72949993133545,61.31060903997512,46.150001525878906,91.69000244140625,True,False,False,False,True,True,False,True,False,-27.528399237380285,green,675.3204505260778,False,False,False,False,,Textiles & Apparels,Garments & Apparels,32.10526315789474,False,False
SARDAEN.NS,2026-09-22,503.3500061035156,513.8625005086263,508.9909939236111,507.36098815917967,526.5198065185547,519.3675373840332,508.45515286221325,451.3682929916116,621.6151182855507,False,True,False,False,False,False,True,False,False,-11.918220490729182,noise,24.2661429154286,False,False,False,False,,Ferrous Metals,Iron & Steel,50.80971659919028,False,False
SAREGAMA.NS,2026-09-22,503.3500061035156,495.6749979654948,507.0347205268012,506.61099914550783,426.6446653238932,407.45224838256837,495.41012801050033,307.04998779296875,574.5,True,True,True,True,False,True,True,True,False,3.39671730024409,noise,60.96056713194081,False,False,False,False,,Entertainment,Media & Entertainment,66.23481781376518,False,False
SARLAPOLY.NS,2026-09-22,99.26000213623047,99.1891663869222,100.33138910929362,100.04096954345704,92.79726537068684,90.5946248626709,98.72973024628983,67.07889869852855,111.0,True,True,True,True,False,True,True,True,False,-0.4378369687484618,noise,96.86229890941695,False,False,False,False,,Textiles & Apparels,Other Textile Products,62.83400809716599,False,False
SAROJA.NS,2026-09-21,40.900001525878906,40.18749968210856,36.1777777671814,34.41700004577637,33.20199986775716,34.261249961853025,40.32808816090945,28.0,48.0,True,False,False,True,True,True,True,True,False,-13.804002385130387,noise,98.0392156862745,False,False,False,False,,Chemicals & Petrochemicals,Specialty Chemicals,48.582995951417004,False,False
SMLT.NS,2026-09-22,60.77000045776367,61.80749956766764,66.29472160339355,66.50799972534179,69.05379979451497,72.36409984588623,61.5692279621006,56.61000061035156,121.0,False,False,False,False,False,False,False,False,False,-44.31411895242181,noise,58.16019413052788,False,False,False,False,,Industrial Products,Iron & Steel Products,13.076923076923078,False,False
SARVESHWAR.NS,2026-09-22,3.6700000762939453,3.8291667302449546,3.5544444852405124,3.521200032234192,3.6232000207901,3.7769500184059144,3.7395903515976467,2.5,6.829999923706055,False,False,False,False,True,True,False,False,False,-44.64555033264246,noise,44.667483639696734,False,False,False,False,,Agricultural Food & other Products,Other Agricultural Products,12.712550607287449,False,False
SASKEN.NS,2026-09-22,1755.5999755859375,1769.4833170572917,1870.0249972873264,1864.429814453125,1696.595079752604,1601.0926184082032,1756.8227376996858,983.9739616389734,2760.488858956468,True,True,True,True,False,True,False,False,False,19.03014008054096,ppv,254.78290005965854,False,False,False,False,,IT - Services,IT Enabled Services,78.21862348178138,True,False
SATIPOLY.NS,2026-09-21,34.5,37.77916685740153,41.21805583106147,40.49900009155274,38.59266677856445,42.843500022888186,36.895244973104184,27.149999618530273,81.0,False,False,False,False,False,False,False,False,False,-51.40845070422535,noise,55.35055350553506,False,False,False,False,,Industrial Products,Packaging,7.935222672064778,False,False
SATIA.NS,2026-09-22,67.41000366210938,67.35583432515462,62.305555979410805,61.622000274658205,61.310000025431314,62.26270006179809,66.78125867874482,50.79999923706055,85.27340277686135,True,False,False,False,True,True,True,True,False,-19.34432353103074,noise,45.2658826146979,False,False,False,False,,"Paper, Forest & Jute Products",Paper & Paper Products,42.75303643724697,False,False
SATIN.NS,2026-09-22,223.1999969482422,218.3475023905436,223.24361080593533,232.99020080566407,206.83306650797525,192.27190017700195,219.7016367660311,135.80999755859375,274.1400146484375,True,True,True,True,False,True,True,True,False,52.427786732491114,noise,40.17577470047492,False,False,False,False,,Finance,Microfinance Institutions,89.51417004048582,True,False
SAURASHCEM.NS,2026-09-22,53.150001525878906,54.39083321889242,57.78861120012071,57.895200119018554,59.364666798909504,63.97915016174316,53.869620253669645,47.650001525878906,114.25,False,False,False,False,False,False,False,False,False,-52.47250231992808,dry,12.782562204722957,False,False,False,False,,Cement & Cement Products,Cement & Cement Products,7.327935222672065,False,False
SOTL.NS,2026-09-22,724.3499755859375,703.1249949137369,702.4880642361111,675.2270251464844,508.4184269205729,471.75824142456054,709.678237611944,283.7246181088854,850.0999755859375,True,True,True,True,True,True,True,True,False,79.91577375190657,noise,20.742554018613436,False,True,False,False,,Petroleum Products,Lubricants,93.60323886639677,True,True
SAYAJIHOTL.NS,2026-09-22,,,,,,,,,,False,False,False,False,False,False,False,False,False,,noise,97.24354756159977,False,False,False,False,,Leisure Services,Hotels & Resorts,,False,False
SAYAJIIND.NS,2026-09-22,,,,,,,,,,False,False,False,False,False,False,False,False,False,,noise,,False,False,True,False,,Agricultural Food & other Products,Other Agricultural Products,,False,False
SBC.NS,2026-09-22,49.22999954223633,48.19250043233236,43.30361111958822,42.96760009765625,37.923466758728026,35.66805004119873,48.030306012790405,21.149999618530273,49.970001220703125,True,True,True,True,True,True,True,True,False,129.93928021062976,noise,80.68828051654191,False,True,False,False,,Textiles & Apparels,Garments & Apparels,97.12550607287449,True,True
SBFC.NS,2026-09-22,90.41000366210938,95.63583437601726,95.42166667514377,94.4381999206543,92.83553314208984,94.71004974365235,93.99669685976572,79.5999984741211,123.0,False,False,False,False,False,False,False,False,False,-15.850705875201744,noise,33.16749435396865,False,False,False,False,,Finance,Non Banking Financial Company (NBFC),46.396761133603235,False,False
SBIN.NS,2026-09-22,987.0,995.2333424886068,1034.35277472602,1032.8899987792968,1037.6125854492188,1031.8886044311523,996.0838456453967,836.1287119616596,1212.8384373028666,False,True,True,False,False,False,True,False,False,17.48503539551882,noise,68.30812859056789,False,False,False,False,,Banks,Public Sector Bank,77.16599190283401,True,False
SBICARD.NS,2026-09-22,634.9500122070312,648.7083384195963,647.7305569118923,647.18,652.2400333658854,694.5864169311524,641.8594506758866,565.4500122070312,961.6311031378486,False,False,False,False,False,False,False,False,False,-26.681496196262312,noise,29.847695700887023,False,False,False,False,,Finance,Non Banking Financial Company (NBFC),33.036437246963565,False,False
SBIFUNDS.NS,2026-09-22,,,,,,,,,,False,False,False,False,False,False,False,False,False,,noise,,False,False,False,False,,Capital Markets,Asset Management Company,,False,False
SBILIFE.NS,2026-09-22,1756.300048828125,1712.0666605631511,1766.75,1792.3480004882813,1839.7493204752604,1888.039990234375,1729.2669184826505,1652.9000244140625,2129.040438508761,False,False,False,False,False,False,True,True,False,-5.326932309422183,noise,37.9251231361163,False,True,False,False,,Insurance,Life Insurance,58.17813765182186,False,False
SCANSTL.NS,2026-09-22,,,,,,,,,,False,False,False,False,False,False,False,False,False,,noise,,False,False,False,False,,Ferrous Metals,Iron & Steel,,False,False
SCHAEFFLER.NS,2026-09-22,4054.199951171875,3993.7916870117188,4025.491658528646,4054.5720068359374,4065.7335579427086,3988.85955078125,4028.7500521975508,3489.687030472257,4445.0,False,True,False,False,False,False,True,True,False,-1.2357190003862262,noise,42.16052005866821,False,False,False,False,,Auto Components,Auto Components & Equipments,62.10526315789474,False,False
SCHNEIDER.NS,2026-09-22,1214.199951171875,1210.2083231608074,1249.8916693793403,1273.2540063476563,1186.399668782552,1066.2002520751953,1212.8238784275163,571.8499755859375,1548.0,True,True,True,True,False,True,True,True,False,37.46178738275538,noise,39.53003038379396,False,False,False,False,,Electrical Equipment,Heavy Electrical Equipment,85.26315789473684,True,False
SCODATUBES.NS,2026-09-22,128.85000610351562,128.43333625793457,132.06722280714246,135.92440017700196,137.45013376871745,140.21030044555664,128.339805248674,110.0,185.07000732421875,False,False,False,False,False,False,False,True,False,-28.504047702384693,red,106.3618765453715,False,True,False,False,,Industrial Products,Iron & Steel Products,30.32388663967611,False,False
SEAMECLTD.NS,2026-09-22,1734.699951171875,1752.2333374023438,1650.9264221191406,1582.9003930664062,1507.9520808919272,1409.736753845215,1731.4512993078142,770.8415212003184,1849.0,True,True,True,True,True,True,True,True,False,84.55389615580195,noise,37.53354296485755,False,False,False,False,,Transport Services,Shipping,94.12955465587044,True,True
SECMARK.NS,2026-09-22,136.11000061035156,142.16666793823242,134.883333630032,132.54100006103516,124.7357334391276,121.44410007476807,141.11716375302606,95.05000305175781,179.5,True,True,True,True,True,True,True,False,False,11.58386363711703,noise,21.490961579883045,False,False,False,False,,IT - Software,Computers - Software & Consulting,72.99595141700405,True,True
SECURKLOUD.NS,2026-09-22,16.850000381469727,16.921666781107586,17.70722230275472,17.755799980163573,20.11126661936442,21.073749980926515,16.96376083646301,15.600000381469727,34.18000030517578,False,False,False,False,False,False,False,False,False,-29.468393420006322,noise,27.964136108747407,False,True,False,False,,IT - Services,IT Enabled Services,29.068825910931174,False,False
SEDEMAC.NS,2026-09-22,,,,,,,,,,False,False,False,False,False,False,False,False,False,,noise,63.20117924443577,False,False,False,False,,Auto Components,Auto Components & Equipments,,False,False
SEJALLTD.NS,2026-09-22,666.2999877929688,661.3749949137369,678.6097225613064,696.9129992675781,681.3730010986328,705.1144996643067,669.0251283758116,381.0,1036.699951171875,False,False,False,False,False,True,False,False,False,-12.736559695469296,noise,33.53005057084768,False,False,False,False,,Industrial Products,Glass - Industrial,49.67611336032389,False,False
SELMC.NS,2026-09-21,26.40999984741211,28.142500241597492,27.750277784135605,27.88740005493164,29.375266723632812,29.683400049209595,27.805782044323042,26.0,43.36000061035156,False,False,False,False,False,False,False,False,False,-14.197533274030782,red,134.4990279066409,False,False,False,True,,Textiles & Apparels,Other Textile Products,48.097165991902834,False,False
SEMAC.NS,2026-09-22,279.0,276.9041697184245,292.16527981228296,299.0500012207031,296.45366739908854,293.1607506561279,277.8396223263402,205.0,540.0,False,True,False,True,False,True,False,True,False,-47.947761194029844,dry,4.233999012066897,False,False,False,False,,Construction,Civil Construction,10.08097165991903,False,False
SENCO.NS,2026-09-22,337.3500061035156,346.9749984741211,356.3941379123264,365.3669757080078,338.49333821614584,334.68411712646486,343.9537247034047,275.20093917748864,428.75506028088586,False,True,True,True,False,False,True,False,False,-7.805520200237181,noise,20.7179248338397,False,False,False,False,,Consumer Durables,"Gems, Jewellery And Watches",55.182186234817806,False,False
SENORES.NS,2026-09-22,1379.9000244140625,1438.9000040690105,1452.3638882107205,1431.942001953125,1140.344999593099,1057.5535006713867,1416.707705170658,662.4500122070312,1599.0,True,True,True,True,False,True,True,False,False,95.34257881129717,noise,92.9497910581746,False,False,False,False,,Pharmaceuticals & Biotechnology,Pharmaceuticals,95.46558704453442,True,False
SEPC.NS,2026-09-22,5.159999847412109,5.239166657129924,5.627499990993076,5.739999990463257,6.561933326721191,7.238799986839294,5.2219589065837475,4.650000095367432,13.729999542236328,False,False,False,False,False,False,False,False,False,-60.670732527279846,noise,43.24741066211075,False,True,False,False,,Construction,Civil Construction,3.684210526315789,False,False
SERVICE.NS,2026-09-21,66.05000305175781,68.22500038146973,65.4319445292155,63.91700004577637,56.02066658020019,53.38199996948242,67.21052448656629,39.20000076293945,73.0,True,True,True,True,True,True,True,False,False,27.019236637995792,dry,0.0,False,False,False,False,,Commercial Services & Supplies,Diversified Commercial Services,81.82186234817814,True,True
SERVOTECH.NS,2026-09-22,70.63999938964844,75.12750053405762,79.93452792697482,83.94875350952148,86.39628145853679,83.88022850036621,73.97463427833173,57.4940823556774,141.46083943686781,False,True,False,False,False,False,False,False,False,-46.065524591090224,noise,85.11606073094549,False,False,False,False,,Electrical Equipment,Other Electrical Equipment,11.497975708502024,False,False
STYL.NS,2026-09-22,,,,,,,,,,False,False,False,False,False,False,False,False,False,,noise,47.703101880876495,False,False,False,False,,Financial Technology (Fintech),Financial Technology (Fintech),,False,False
SESHAPAPER.NS,2026-09-22,246.94000244140625,245.24000040690103,235.32416661580405,233.03739959716796,242.1341349283854,240.30262168884278,245.34001518315222,209.74919251106604,290.5599780055542,True,True,False,False,True,False,True,True,False,-6.666465198533,dry,19.737457687756283,False,False,False,False,,"Paper, Forest & Jute Products",Paper & Paper Products,56.599190283400816,False,False
SETCO.NS,2026-09-22,17.040000915527344,17.140833536783855,17.421944618225098,17.602200164794922,14.85726653734843,13.142850244045258,17.141513056995212,6.30912658406512,19.770000457763672,True,True,True,True,False,True,True,False,False,87.97001482594895,noise,73.52338747596072,False,True,False,False,,Auto Components,Auto Components & Equipments,94.45344129554655,True,False
SEYAIND.NS,2026-09-22,13.640000343322754,12.723333279291788,12.52083330684238,12.533999996185303,12.753266665140787,13.900849981307983,12.935152156032785,8.539999961853027,23.989999771118164,False,False,False,False,True,True,False,True,False,-18.176363042013953,green,206.1349251814768,False,False,False,False,,Chemicals & Petrochemicals,Specialty Chemicals,44.089068825910935,False,False
SGFIN.NS,2026-09-22,624.5999755859375,647.7250010172526,670.1277804904514,669.7290014648438,570.9176670328776,525.9315002441406,638.8515315732467,323.0,727.4500122070312,True,True,True,True,False,True,True,False,False,65.0852294198321,noise,45.177552814402866,False,False,False,False,,Finance,Non Banking Financial Company (NBFC),91.74089068825911,True,False
SGMART.NS,2026-09-22,721.7999877929688,748.2500050862631,768.2555558946398,743.7159985351562,611.3256685384115,549.1495010375977,739.842169411651,313.1000061035156,860.5999755859375,True,True,True,True,False,True,True,False,False,87.91980638460142,dry,12.698798158599262,False,True,False,False,,Metals & Minerals Trading,Trading - Metals,94.41295546558705,True,False
SGLRES.NS,2026-09-22,,,,,,,,,,False,False,False,False,False,False,False,False,False,,noise,,False,False,False,False,,IT - Services,IT Enabled Services,,False,False
SAPPL.NS,2026-09-22,,,,,,,,,,False,False,False,False,False,False,False,False,False,,noise,,False,False,False,True,,"Paper, Forest & Jute Products",Paper & Paper Products,,False,False
SHBAJRG.NS,2026-09-22,,,,,,,,,,False,False,False,False,False,False,False,False,False,,noise,,False,False,False,False,,Industrial Products,Iron & Steel Products,,False,False
SHREDIGCEM.NS,2026-09-22,66.91999816894531,68.88269742329915,70.86764462788899,71.33701263427734,70.24477483113607,73.42302436828614,68.29447629395347,53.15757684463163,95.81184545661685,False,False,False,False,False,False,False,False,False,-24.488500543694556,noise,63.65790303008728,False,False,False,False,,Cement & Cement Products,Cement & Cement Products,35.7085020242915,False,False
SHRJAGP.NS,2026-09-22,,,,,,,,,,False,False,False,False,False,False,False,False,False,,noise,,False,False,False,False,,Industrial Products,Packaging,,False,False
SHREERAMA.NS,2026-09-22,43.689998626708984,44.35499986012777,42.733055432637535,42.14899971008301,45.37413330078125,48.849550018310545,44.08152444918137,37.619998931884766,71.98999786376953,False,False,False,False,True,False,False,False,False,-27.939967248845786,noise,37.58289408012029,False,True,False,False,,Industrial Products,Packaging,31.376518218623485,False,False
SHREEPUSHK.NS,2026-09-22,505.8500061035156,502.27999114990234,449.3168428209093,434.04134460449217,381.98905619303383,375.1495153808594,500.61362888675535,271.33362959787917,542.9660166810689,True,True,True,True,True,True,True,True,False,12.399045973729361,noise,39.88225767364334,False,False,False,False,,Chemicals & Petrochemicals,Dyes And Pigments,73.52226720647774,True,True
RENUKA.NS,2026-09-22,22.81999969482422,23.951666673024494,23.665555583106148,23.21800003051758,24.250866635640463,24.528899955749512,23.477444400509437,21.049999237060547,32.400001525878906,False,False,False,False,False,False,False,False,False,-28.171232716341777,noise,39.690917350407254,False,False,False,False,,Agricultural Food & other Products,Sugar,30.931174089068826,False,False
SHADOWFAX.NS,2026-09-22,,,,,,,,,,False,False,False,False,False,False,False,False,False,,ppv,110.16243427336964,False,False,True,False,,Transport Services,Logistics Solution Provider,,False,False
SHAHALLOYS.NS,2026-09-22,89.9800033569336,94.88083330790202,85.89916674296062,80.87539993286133,71.72419987996419,70.68449987411499,92.69711507380032,53.099998474121094,116.8499984741211,True,True,False,True,True,True,True,False,False,24.144590493214867,noise,21.582701806510883,False,False,False,False,,Industrial Products,Iron & Steel Products,80.89068825910931,True,False
SHAH.NS,2026-09-22,3.25,3.3916666309038797,3.6705555783377752,3.857800006866455,4.566267639795939,4.639300737380982,3.3627195627132456,2.559999942779541,5.880000114440918,False,False,False,False,False,False,False,False,False,-12.634409274072478,dry,10.08765268652206,False,False,False,False,,Industrial Products,Iron & Steel Products,49.87854251012146,False,False
SHAILY.NS,2026-09-22,3168.800048828125,3259.3037719726562,3283.665045844184,3182.89625,2706.7773876953124,2575.929588623047,3214.627147779239,1769.3296744445486,3611.994309186523,True,True,True,True,False,True,True,False,False,37.13301106654965,noise,82.8206953622236,False,False,False,False,,Consumer Durables,Plastic Products - Consumer,85.18218623481782,True,False
SHAKTIPUMP.NS,2026-09-22,469.1000061035156,475.14583587646484,490.6736128065321,503.26696411132815,522.676957804362,559.9396855163574,472.80829625398246,455.0,881.2981864416669,False,False,False,False,False,False,False,False,False,-46.3861473370169,noise,66.94488251625165,False,False,False,False,,Industrial Products,"Compressors, Pumps & Diesel Engines",10.97165991902834,False,False
SHALBY.NS,2026-09-22,136.6999969482422,142.43250274658203,151.60250091552734,155.00180084228515,158.43820017496745,164.65050018310546,140.8306103699759,125.81999969482422,274.70001220703125,False,False,False,False,False,False,False,False,False,-48.53550204760292,red,250.9062487779731,False,False,False,False,,Healthcare Services,Hospital,9.554655870445345,False,False
SAHLIBHFI.NS,2026-09-22,,,,,,,,,,False,False,False,False,False,False,False,False,False,,noise,44.02219741418006,False,False,False,False,,Finance,Non Banking Financial Company (NBFC),,False,False
SHALPAINTS.NS,2026-09-22,77.63999938964844,82.63416798909505,83.1602783203125,77.26100036621094,59.768066736857094,60.63215005874634,81.14483655066037,35.209999084472656,95.94999694824219,True,False,True,True,True,True,True,False,False,-9.573726021744399,dry,6.8233146653995895,False,False,False,False,,Consumer Durables,Paints,53.48178137651822,False,False
SRD.NS,2026-09-22,40.31999969482422,39.37050247192383,39.36104763878716,39.01147674560547,42.081279602050785,47.04547323226929,39.654386661079634,35.95324659443583,75.69157094355978,False,False,False,False,True,False,False,True,False,-44.151876897948696,noise,45.73788769511453,False,False,False,False,,Chemicals & Petrochemicals,Trading - Chemicals,13.279352226720647,False,False
SHANKARA.NS,2026-09-22,141.38999938964844,148.02916463216147,145.35611004299588,143.78839935302733,125.82279968261719,121.61299964904785,147.13955601778386,98.25,1021.3499755859375,True,True,True,True,False,True,False,False,False,-85.29485185755087,noise,64.47009162036662,False,False,False,False,,Retailing,Speciality Retail,0.2834008097165992,False,False
BUILDPRO.NS,2026-09-22,,,,,,,,,,False,False,False,False,False,False,False,False,False,,green,131.55432055392893,False,False,False,False,,Retailing,Speciality Retail,,False,False
SHANKESH.NS,2026-09-22,,,,,,,,,,False,False,False,False,False,False,False,False,False,,noise,,False,False,False,False,,Consumer Durables,"Gems, Jewellery And Watches",,False,False
SHANTHALA.NS,2026-09-21,15.600000381469727,16.287499984105427,16.840277751286823,17.776000003814698,23.53666669845581,25.413500008583068,16.057806891544075,14.100000381469727,41.5,False,False,False,False,False,False,False,False,False,-61.951218581781156,red,140.8450704225352,False,False,False,False,,Cigarettes & Tobacco Products,Cigarettes & Tobacco Products,3.2388663967611335,False,False
SHANTIGEAR.NS,2026-09-22,673.7000122070312,693.3833312988281,541.3916668362087,507.3095672607422,468.06147216796876,463.7516734313965,676.8417242298892,384.0,743.0,True,True,True,True,True,True,True,False,False,22.677871449820273,dry,18.05349558162773,False,False,False,False,,Industrial Manufacturing,Industrial Products,80.24291497975709,True,True
SEIL.NS,2026-09-22,,,,,,,,,,False,False,False,False,False,False,False,False,False,,noise,,False,False,False,False,,Other Consumer Services,Education,,False,False
SHANTIGOLD.NS,2026-09-22,258.0400085449219,256.01500574747723,247.67092895507812,238.2992236328125,217.86500803629556,213.60690589904786,253.5680105596316,155.0,280.75,True,True,True,True,True,True,True,True,False,15.083403416330011,noise,58.29308861604127,False,False,False,False,,Consumer Durables,"Gems, Jewellery And Watches",75.54655870445343,True,True
SHINDL.NS,2026-09-22,,,,,,,,,,False,False,False,False,False,False,False,False,False,,noise,,False,True,False,False,,Food Products,Seafood,,False,False
SHARDACROP.NS,2026-09-22,747.3499755859375,761.3416646321615,779.2277560763889,801.3794104003906,924.8316446940104,923.4167617797851,754.7515012263065,737.1500244140625,1282.80960014975,False,True,False,False,False,False,False,False,False,-15.409665734149304,noise,50.522149062423196,False,False,False,False,,Fertilizers & Agrochemicals,Pesticides & Agrochemicals,46.92307692307692,False,False
SHARDAMOTR.NS,2026-09-22,985.75,917.512939453125,893.8965250651041,876.1467236328125,844.6701236979167,857.7752038574218,933.8134627997714,685.2375008965615,1164.805929175164,True,False,False,True,True,True,True,True,False,-4.767675514511927,green,187.39555160114142,False,False,False,False,,Auto Components,Auto Components & Equipments,58.94736842105262,False,False
SHARDUL.NS,2026-09-22,,,,,,,,,,False,False,False,False,False,False,False,False,False,,noise,50.708397890614485,False,False,False,False,,Capital Markets,Stockbroking & Allied,,False,False
SHAREINDIA.NS,2026-09-22,223.32000732421875,201.30643590291342,181.42809083726672,181.1475161743164,152.50372492472331,153.14620311737062,208.49680864444235,114.693516995367,233.35000610351562,True,False,False,True,True,True,True,True,False,59.6749920301608,noise,51.74423284420444,False,False,False,False,,Capital Markets,Stockbroking & Allied,90.89068825910931,True,False
SCML.NS,2026-09-21,79.0,78.27916653951009,81.9375,81.15199996948242,103.73800003051758,111.97200012207031,78.20094378288573,68.05000305175781,159.5,False,False,False,False,False,False,False,True,False,0.2538032239806087,noise,90.46624913013221,False,False,False,False,,Industrial Products,Castings & Forgings,63.76518218623482,False,False
SFL.NS,2026-09-22,648.25,670.0041656494141,672.1208326551649,698.7959985351563,631.2665185546875,615.7217199707031,661.6468197723009,456.183017738798,832.4500122070312,True,True,False,True,False,True,True,False,False,-4.526152649343063,ppv,80.24103510345793,False,False,False,False,,Consumer Durables,"Furniture, Home Furnishing",59.27125506072875,False,False
SCPL.NS,2026-09-22,659.5,644.4958292643229,647.2013888888889,618.1529986572266,469.3586651611328,426.97699935913084,643.8334580876586,190.02999877929688,690.0,True,True,True,True,True,True,True,True,False,152.32429594847238,dry,19.016672531496226,False,False,False,False,,Food Products,Dairy Products,97.93522267206478,True,True
SHEETAL.NS,2026-09-21,357.29998779296875,352.24166615804035,335.9763887193468,324.36299987792967,285.04600026448566,258.6980002593994,353.2247938535305,121.0,361.0,True,True,True,True,True,True,True,True,False,170.70393275410706,noise,39.936102236421725,False,False,False,False,,Agricultural Food & other Products,Other Agricultural Products,98.42105263157895,True,True
SHEKHAWATI.NS,2026-09-22,23.670000076293945,19.49750010172526,17.61499998304579,16.185400009155273,14.510599994659424,15.280750012397766,20.643764043739473,9.119999885559082,24.799999237060547,True,False,False,True,True,True,True,True,False,-0.9208845499168117,green,102.4478461487345,False,False,False,False,,Textiles & Apparels,Other Textile Products,62.34817813765182,False,False
SHEMAROO.NS,2026-09-22,121.25,120.43166605631511,123.95305548773871,123.3615998840332,111.82586659749349,110.0298500442505,119.75877518472974,73.0,143.0,True,True,True,True,False,True,True,True,False,1.9164484793668501,noise,61.45593392682977,False,False,False,False,,Entertainment,Media & Entertainment,65.06072874493927,False,False
SHERA.NS,2026-09-21,186.9499969482422,185.0333340962728,176.3958329094781,173.97899963378907,151.90133326212566,145.22774993896485,184.40424474635597,94.94999694824219,197.6999969482422,True,True,True,True,True,True,True,True,False,38.481479220920136,noise,72.08073041806824,False,False,False,False,,Industrial Products,"Aluminium, Copper & Zinc Products",85.78947368421052,True,True
SHERVANI.NS,2026-09-22,,,,,,,,,,False,False,False,False,False,False,False,False,False,,noise,,False,False,False,False,,Realty,"Residential, Commercial Projects",,False,False
SHIGAN.NS,2026-09-21,62.0,66.5458329518636,66.14082760281033,65.36400650024414,65.37198758443196,62.799919548034666,64.90108469544185,40.91087714844722,87.38245391845703,False,True,False,False,False,True,False,False,False,-6.599603662888642,noise,56.49717514124294,False,False,False,False,,Auto Components,Auto Components & Equipments,56.72064777327935,False,False
SHILCTECH.NS,2026-09-22,,,,,,,,,,False,False,False,False,False,False,False,False,False,,noise,36.108354230010335,False,True,False,False,,Electrical Equipment,Other Electrical Equipment,,False,False
SHILGRAVQ.NS,2026-09-22,,,,,,,,,,False,False,False,False,False,False,False,False,False,,noise,,False,True,False,False,,Industrial Products,"Aluminium, Copper & Zinc Products",,False,False
SHILPAMED.NS,2026-09-22,1033.1500244140625,970.4625091552734,880.3990715874565,806.9906372070312,568.436855061849,503.85571044921875,985.5290607540778,259.33715759272434,1075.0,True,True,True,True,True,True,True,True,False,152.62355916355932,noise,35.231701893114746,False,True,False,False,,Pharmaceuticals & Biotechnology,Pharmaceuticals,98.01619433198381,True,True
SCILAL.NS,2026-09-22,38.27000045776367,38.16499996185303,39.2814056608412,39.79163848876953,42.49318087259928,43.25725713729858,38.13252050945778,33.828611936461684,54.244129857072295,False,False,False,False,False,False,False,True,False,-24.858097558293814,green,139.886315244667,False,False,False,False,,Finance,Investment Company,35.30364372469636,False,False
SHIPROCKET.NS,2026-09-22,,,,,,,,,,False,False,False,False,False,False,False,False,False,,noise,,False,False,False,False,,Transport Services,Logistics Solution Provider,,False,False
SHIVAUM.NS,2026-09-22,515.0499877929688,468.09166463216144,448.89305538601343,439.115,372.7359995524088,354.4627496337891,473.9822694111804,275.0,519.0,True,True,True,True,True,True,True,True,False,73.41750430739688,green,1202.644987565921,True,False,True,False,,Commercial Services & Supplies,Trading & Distributors,92.71255060728745,True,True
SHIVACEM.NS,2026-09-22,,,,,,,,,,False,False,False,False,False,False,False,False,False,,noise,,False,True,False,False,,Cement & Cement Products,Cement & Cement Products,,False,False
SHIVAAGRO.NS,2026-09-22,,,,,,,,,,False,False,False,False,False,False,False,False,False,,noise,,False,False,False,False,,Fertilizers & Agrochemicals,Fertilizers,,False,False
SHIVAMILLS.NS,2026-09-22,61.2400016784668,60.882500966389976,61.33694468604194,61.16300018310547,59.84026677449544,59.43290008544922,60.8880171287349,43.0099983215332,77.01000213623047,True,True,False,True,True,True,True,True,False,-14.037052898886204,dry,6.21778059148051,False,True,False,False,,Textiles & Apparels,Other Textile Products,48.259109311740886,False,False
SHIVATEX.NS,2026-09-22,172.07000732421875,176.5991668701172,170.7127202351888,165.54599792480468,157.36182490030924,161.70101360321044,174.5872602728303,125.60463109619725,217.13280170111076,True,False,False,True,True,True,True,False,False,-5.279830610792802,noise,47.572317907745244,False,False,False,False,,Textiles & Apparels,Other Textile Products,58.2995951417004,False,False
SPCL.NS,2026-09-21,66.80000305175781,64.05416679382324,63.51249991522895,65.04300003051758,72.24466651916504,76.84374979019165,64.54033244693966,58.95000076293945,123.4000015258789,False,False,False,False,True,False,False,True,False,-33.56538933432681,green,112.78195488721805,False,False,False,False,,Electrical Equipment,Other Electrical Equipment,23.60323886639676,False,False
SBCL.NS,2026-09-22,1126.9000244140625,1096.3333282470703,1035.9203457302517,953.211748046875,710.83732421875,644.3207788085938,1098.7738964566538,367.86391220435536,1215.699951171875,True,True,True,True,True,True,True,True,False,106.8412980620038,noise,29.235853438027483,False,True,False,False,,Industrial Products,Iron & Steel Products,96.07287449392713,True,True
SHIVALIK.NS,2026-09-22,416.8999938964844,367.4054463704427,307.99523798624676,289.0250592041016,264.83071044921877,282.3149217224121,374.93443059937147,206.1226413168484,479.3050873797685,True,False,False,True,True,True,True,True,False,-11.282337494820027,green,410.4500346689494,False,False,False,False,,Fertilizers & Agrochemicals,Pesticides & Agrochemicals,51.4574898785425,False,False
SHIVAMAUTO.NS,2026-09-22,17.75,17.25500027338664,17.103333367241753,17.21559997558594,17.772066663106283,19.170100021362305,17.46324469490132,13.050000190734863,35.790000915527344,False,False,False,False,True,True,False,True,False,-48.053845621415,red,167.3197825193121,False,False,False,False,,Auto Components,Auto Components & Equipments,10.0,False,False
SHOPERSTOP.NS,2026-09-22,392.5,388.2624969482422,400.8611094156901,397.4959997558594,350.9483323160807,361.24174926757814,392.9913553347685,275.95001220703125,572.0,True,False,False,True,False,True,False,False,False,-29.634275978923284,noise,22.426568428206192,False,False,False,False,,Retailing,Diversified Retail,28.785425101214575,False,False
SHRADDHA.NS,2026-09-22,,,,,,,,,,False,False,False,False,False,False,False,False,False,,noise,,False,False,False,True,,Realty,"Residential, Commercial Projects",,False,False
SHRADHA.NS,2026-09-22,30.780000686645508,30.820833206176758,32.20225111643473,32.953039474487305,34.070644760131835,35.18807416915894,30.787836055430073,25.86654286634685,56.17183912813198,False,False,False,False,False,False,False,False,False,-37.31321280959632,dry,6.146236088426375,False,False,False,False,,Realty,"Residential, Commercial Projects",19.51417004048583,False,False
SHREECEM.NS,2026-09-22,22200.0,22534.166666666668,24050.13888888889,24811.10390625,24834.479505208332,25298.5153515625,22514.116459956575,21665.0,30121.125232344428,False,False,False,False,False,False,False,False,False,-24.858509771785098,noise,40.291020125753384,False,False,False,False,,Cement & Cement Products,Cement & Cement Products,35.26315789473684,False,False
SGRL.NS,2026-09-22,,,,,,,,,,False,False,False,False,False,False,False,False,False,,noise,,False,False,False,False,,Pharmaceuticals & Biotechnology,Pharmaceuticals,,False,False
SHREEKARNI.NS,2026-09-21,355.0,378.70416768391925,377.1277770996094,385.9639990234375,407.9479988606771,423.78499923706056,372.6844569694769,317.1000061035156,712.0,False,False,False,False,False,False,False,False,False,-33.39587242026266,noise,40.83484573502722,False,False,False,False,,Textiles & Apparels,Other Textile Products,23.765182186234817,False,False
SHREEOSFM.NS,2026-09-21,49.04999923706055,53.88750012715658,57.22638903723823,57.7510001373291,65.25233334859212,69.0527499961853,53.06955148595505,49.0,123.94999694824219,False,False,False,False,False,False,False,False,False,-57.896996363038156,red,322.1957040572792,False,False,False,True,,Transport Services,Road Transport,4.493927125506072,False,False
SRTL.NS,2026-09-22,,,,,,,,,,False,False,False,False,False,False,False,False,False,,green,141.45436222640072,False,False,False,False,,Textiles & Apparels,Other Textile Products,,False,False
RAMANEWS.NS,2026-09-22,32.11000061035156,31.795000235239666,32.178611278533936,31.202400131225588,31.342000007629395,31.236250038146974,31.657990082291825,27.049999237060547,42.0,True,True,True,False,True,False,True,True,False,-2.2526572241776344,noise,46.730057066136666,False,True,False,False,,"Paper, Forest & Jute Products",Paper & Paper Products,61.093117408906885,False,False
TIRUPATI.NS,2026-09-21,293.0,306.75,325.1291673448351,357.4740020751953,444.76433349609374,500.0925003051758,306.8168625036582,293.0,893.0,False,False,False,False,False,False,False,False,False,-48.77622377622378,dry,12.738853503184714,False,False,False,True,,Industrial Products,Plastic Products - Industrial,9.51417004048583,False,False
BALAJEE.NS,2026-09-22,25.190000534057617,25.298333168029785,26.336666531032986,26.750999870300294,28.584266700744628,30.82449995994568,25.27544616718609,21.100000381469727,54.47999954223633,False,False,False,False,False,False,False,False,False,-51.18216806403368,noise,78.65947104487964,False,False,False,False,,Industrial Products,Packaging,8.097165991902834,False,False
SVLL.NS,2026-09-22,867.6500244140625,806.7124989827474,782.7430521647135,771.29099609375,659.3196643066407,662.3537469482421,816.1267321367109,445.1499938964844,897.4500122070312,True,False,True,True,True,True,True,True,False,10.528665530453818,noise,67.1311475409836,False,False,True,False,,Transport Services,Logistics Solution Provider,72.3076923076923,True,False
SHREEJISPG.NS,2026-09-22,719.3499755859375,700.816660563151,664.2680511474609,652.3209948730469,499.7058333333333,463.5660752868652,698.7699885483588,221.4449392882965,723.6500244140625,True,True,True,True,True,True,True,True,False,184.42243446286258,green,111.46807586358534,False,False,True,False,,Transport Services,Shipping,98.74493927125506,True,True
OSWALSEEDS.NS,2026-09-22,13.8100004196167,14.043333450953165,12.473055548138088,11.903200016021728,11.784000034332275,12.566000027656555,13.906266861082887,9.65999984741211,20.280000686645508,True,False,False,False,True,True,False,False,False,-4.097216767661216,noise,22.333562462436312,False,False,False,False,,Agricultural Food & other Products,Other Agricultural Products,59.55465587044534,False,False
SHREMINVIT.NS,2026-09-21,101.0,100.54166666666667,101.11000039842394,100.4841389465332,97.70241256713867,95.81420623779297,100.62041607306578,85.42287362310381,104.9000015258789,True,True,True,True,True,False,True,True,False,12.397576650040287,noise,81.30081300813008,False,False,False,False,,Construction,Civil Construction,73.48178137651821,True,False
SHRENIK.NS,2026-09-22,0.2800000011920929,0.289166659116745,0.3011111095547676,0.31280000030994415,0.36546666622161866,0.3861999975144863,0.288440474394192,0.27000001072883606,0.6499999761581421,False,False,False,False,False,False,False,False,False,-48.14814998779761,red,160.89411817007843,False,False,False,True,,"Paper, Forest & Jute Products",Paper & Paper Products,9.919028340080972,False,False
SHREYANIND.NS,2026-09-22,127.30999755859375,130.81333223978677,131.46858406066895,132.98065872192382,143.23474939982097,149.61641437530517,129.72689253234606,120.70074560911898,244.5871968243437,False,False,False,False,False,False,False,False,False,-44.99662301694952,red,177.98838491668977,False,False,False,False,,"Paper, Forest & Jute Products",Paper & Paper Products,12.429149797570851,False,False
SHRIKRISH.NS,2026-09-22,,,,,,,,,,False,False,False,False,False,False,False,False,False,,noise,,False,False,False,False,,Realty,"Residential, Commercial Projects",,False,False
SHRITECH.NS,2026-09-21,60.70000076293945,59.88333320617676,59.72499995761447,60.26300025939941,62.23966674804687,61.71850004196167,59.98631467838344,51.349998474121094,77.5,False,True,False,False,True,False,True,True,False,-13.285713195800785,green,333.33333333333337,False,False,False,False,,Industrial Products,Plastic Products - Industrial,49.068825910931174,False,False
VASUPRADA.NS,2026-09-22,,,,,,,,,,False,False,False,False,False,False,False,False,False,,noise,,False,False,False,False,,Agricultural Food & other Products,Tea & Coffee,,False,False
SHRINGARMS.NS,2026-09-22,208.55999755859375,213.84250005086264,221.85833316379123,221.97879943847656,213.89266621907552,216.54929962158204,212.23387635576938,166.0,266.5,False,False,False,True,False,False,True,False,False,9.953609031967847,noise,44.6685724656387,False,False,False,False,,Consumer Durables,"Gems, Jewellery And Watches",72.06477732793523,True,False
SHRIRAMFIN.NS,2026-09-22,1006.0,1014.316660563151,1075.9833340115017,1066.06,1010.3777852376302,999.9549591064454,1013.8436801167036,596.1247988119,1153.699951171875,False,True,True,True,False,True,True,False,False,62.11762113844168,noise,82.89772699908501,False,False,False,False,,Finance,Non Banking Financial Company (NBFC),91.25506072874494,True,False
SHRIRAMPPS.NS,2026-09-22,71.02999877929688,72.23500124613444,77.0072227054172,79.55020050048829,81.4598668162028,81.34390005111695,72.15248661017466,60.56999969482422,99.44000244140625,False,True,False,False,False,False,False,False,False,-26.606737264713033,noise,56.818791952468516,False,False,False,False,,Realty,"Residential, Commercial Projects",33.07692307692307,False,False
SHUBHLAXMI.NS,2026-09-21,18.399999618530273,18.22499990463257,18.833333492279053,19.439000129699707,23.219666786193848,26.06100003242493,18.375236764450626,13.75,40.0,False,False,False,False,False,True,False,True,False,20.26143391601172,dry,0.0,False,False,False,False,,Consumer Durables,"Gems, Jewellery And Watches",78.8663967611336,True,False
SHUKRAPHAR.NS,2026-09-22,,,,,,,,,,False,False,False,False,False,False,False,False,False,,ppv,,False,False,True,False,,Pharmaceuticals & Biotechnology,Pharmaceuticals,,False,False
SHYAMCENT.NS,2026-09-22,5.039999961853027,4.9883333047231035,5.006111092037624,5.08899998664856,5.10740000406901,5.342850008010864,5.004815072803375,3.680000066757202,8.0,False,False,False,False,False,True,False,True,False,-32.07547291063712,noise,66.14070377414612,False,False,False,False,,Ferrous Metals,Ferro & Silica Manganese,25.74898785425101,False,False
SHYAMMETL.NS,2026-09-22,1094.0999755859375,1077.6000061035156,1039.7090471055772,1037.4723156738282,934.1045971679688,907.2593414306641,1080.1436808553394,742.7285204868352,1114.5,True,True,True,True,True,True,True,True,False,20.99968308493696,noise,68.31963112762115,False,True,False,False,,Industrial Products,Iron & Steel Products,79.35222672064778,True,True
SHYAMTEL.NS,2026-09-22,11.050000190734863,11.300000031789144,13.28888890478346,14.026200065612793,14.94366668065389,14.098700017929078,11.375491623398286,7.070000171661377,25.420000076293945,False,True,False,False,False,True,False,False,False,-22.942816784135754,noise,64.94312948262836,False,True,False,False,,Commercial Services & Supplies,Trading & Distributors,37.81376518218624,False,False
SICAGEN.NS,2026-09-22,,,,,,,,,,False,False,False,False,False,False,False,False,False,,dry,14.580352499251326,False,True,False,False,,Commercial Services & Supplies,Trading & Distributors,,False,False
SICALLOG.NS,2026-09-22,93.76000213623047,97.28916676839192,103.24833297729492,102.30179962158203,82.3633609008789,84.15213577270508,95.69783933351296,60.11000061035156,122.5,True,False,False,True,False,True,True,False,False,-1.1074733144195825,noise,59.278295888088174,False,False,False,False,,Transport Services,Logistics Solution Provider,62.145748987854255,False,False
SIDDHIKA.NS,2026-09-21,212.5,224.97083282470703,217.89444563123914,216.8560006713867,212.828996480306,210.51282104492188,221.8208742167721,177.36545304900235,245.4545420985068,False,True,False,True,False,False,True,False,False,11.02086839007943,noise,83.05647840531562,False,False,False,False,,Consumer Durables,Paints,72.71255060728745,True,False
SIEMENS.NS,2026-09-22,3858.0,3885.8499959309897,3958.066663953993,3878.7927880859374,3618.9123974609374,3483.216280517578,3878.4178499820837,2812.180840788319,4149.39990234375,True,True,True,True,False,True,True,False,False,16.568693558870272,noise,68.23258671214623,False,False,False,False,,Electrical Equipment,Heavy Electrical Equipment,76.68016194331983,True,False
ENRIN.NS,2026-09-22,3235.0,3156.3583374023438,3311.483344184028,3308.6880029296876,3240.9686669921875,3078.7314245605467,3174.6080252382,2111.5907386684353,3968.0,False,True,False,True,False,True,True,True,False,-8.172560099039162,noise,99.03086757617827,False,False,False,False,,Electrical Equipment,Heavy Electrical Equipment,54.81781376518219,False,False
SIGACHI.NS,2026-09-22,30.610000610351562,33.32828267415365,30.736710177527534,29.297128143310548,23.807309977213542,24.944579401016234,31.90832392170143,16.596498237210117,44.45668434431968,True,False,False,True,True,True,False,False,False,-30.523355359909353,noise,79.82440707101881,False,False,False,False,,Pharmaceuticals & Biotechnology,Pharmaceuticals,27.77327935222672,False,False
SIGMAADV.NS,2026-09-22,948.0,826.8583374023438,748.4916687011719,696.8710009765625,445.1931334431966,380.456000289917,853.0438628894115,140.10000610351562,950.0,True,True,True,True,True,True,True,True,False,505.59603977188823,ppv,126.1683287829045,False,False,True,False,,Aerospace & Defense,Aerospace & Defense,99.83805668016194,True,True
SIGMA.NS,2026-09-22,46.459999084472656,45.60671202341715,46.267953130933975,44.717693939208985,41.8281852722168,44.628593044281004,46.00567617395773,35.06511964035542,64.77059956110878,True,False,False,True,True,True,False,True,False,1.4536721905860084,dry,19.15517871105141,False,True,False,False,,IT - Services,IT Enabled Services,64.77732793522267,False,False
SIGNATURE.NS,2026-09-22,763.0999755859375,770.2166646321615,788.8777804904514,792.5490002441406,820.9120011393229,870.5815014648438,764.9539710477836,705.2000122070312,1158.0,False,False,False,False,False,False,False,False,False,-32.81388072017827,ppv,80.67921199339102,False,False,False,False,,Realty,"Residential, Commercial Projects",24.736842105263158,False,False
SIGIND.NS,2026-09-22,71.30000305175781,69.76333363850911,69.00833341810439,62.68260009765625,52.98226676940918,52.56060009002685,70.09247649717554,40.65999984741211,74.98999786376953,True,True,True,True,True,True,True,True,False,29.488154808820543,noise,52.8094403765344,False,True,False,False,,Commercial Services & Supplies,Trading & Distributors,82.79352226720647,True,True
SIGNORIA.NS,2026-09-21,145.0,155.33750025431314,159.93194452921549,154.09699981689454,100.26933347066243,97.87300012588501,152.85904549355442,53.099998474121094,171.5,True,True,True,True,False,True,True,False,False,47.95918367346938,dry,0.0,False,False,False,False,,Textiles & Apparels,Garments & Apparels,88.66396761133603,True,False
SIGNPOST.NS,2026-09-22,267.04998779296875,265.72427622477215,264.29329087999133,276.85923889160154,266.7036906941732,253.51746292114257,265.96610989646956,191.05262918466119,336.17116076159675,True,True,True,True,False,True,True,True,True,-6.713812787018836,dry,8.828610803344809,False,True,False,False,,Media,Advertising & Media Agencies,56.518218623481786,False,False
SIKA.NS,2026-09-22,,,,,,,,,,False,False,False,False,False,False,False,False,False,,noise,,False,False,False,False,,Aerospace & Defense,Aerospace & Defense,,False,False
SIKKO.NS,2026-09-22,5.989999771118164,5.742499947547913,5.5111111005147295,5.2743999910354615,4.686133325894674,4.726524999141693,5.804955921842337,3.200500011444092,6.831500053405762,True,False,False,True,True,True,True,True,False,76.90490006522361,noise,74.82450626706739,False,False,False,False,,Fertilizers & Agrochemicals,Pesticides & Agrochemicals,93.15789473684211,True,False
SILINV.NS,2026-09-22,440.79998779296875,453.6374969482422,454.5361107720269,444.54505249023435,433.0566973876953,445.52261276245116,449.80259513633723,377.7335184677144,762.4252925060118,False,False,False,False,False,False,False,False,False,-23.63614812546564,dry,6.299465602381113,False,False,False,False,,Finance,Investment Company,36.882591093117405,False,False
SILGO.NS,2026-09-22,70.91999816894531,70.79083315531413,70.83916685316298,71.5865998840332,74.26686670939128,74.13518707275391,70.7281313011088,61.0,86.19999694824219,False,True,True,False,False,False,True,True,False,2.0431628330148444,dry,10.686015497284686,False,False,False,False,,Consumer Durables,"Gems, Jewellery And Watches",65.30364372469636,False,False
SILKFLEX.NS,2026-09-21,294.3500061035156,280.44583384195965,237.9874996609158,227.94299926757813,189.58999989827473,166.11049995422363,276.1159924616357,76.0,302.70001220703125,True,True,True,True,True,True,True,True,False,218.21622281461148,noise,91.88361408882083,False,False,False,False,,Chemicals & Petrochemicals,Specialty Chemicals,99.10931174089069,True,True
SILLYMONKS.NS,2026-09-21,16.010000228881836,16.1875,15.986944410536024,16.017800006866455,16.528666674296062,17.67765001296997,16.161397838302744,14.350000381469727,28.450000762939453,False,False,False,False,False,False,False,False,False,-2.0795115881050985,noise,94.10621999047027,False,False,False,False,,Entertainment,Media & Entertainment,61.336032388663966,False,False
SILVERTUC.NS,2026-09-22,155.88999938964844,154.68833541870117,177.3449206882053,183.49146881103516,162.62392298380533,218.35621627807618,155.85183611178405,100.4519807619017,1116.9160935696195,False,False,False,False,False,True,False,True,False,-78.68026453782758,red,120.3771069669478,False,False,False,False,,IT - Software,Computers - Software & Consulting,0.6477732793522267,False,False
SIMBHALS.NS,2026-09-22,6.409999847412109,7.071666677792867,7.486944450272454,7.300199995040893,7.840400005976359,8.281600005626679,6.935907063261669,6.409999847412109,14.390000343322754,False,False,False,False,False,False,False,False,False,-54.377225904672066,noise,60.70772215897588,False,False,False,True,,Agricultural Food & other Products,Sugar,6.275303643724696,False,False
SIMPLEXINF.NS,2026-09-22,256.29998779296875,255.07916641235352,254.19333351982965,251.7531997680664,231.14853373209635,234.60059989929198,253.90154400237145,137.0,318.0,True,False,False,True,True,True,True,True,False,-16.6504104738313,green,134.60424804283048,False,False,False,False,,Construction,Civil Construction,45.506072874493924,False,False
SIMPLXREA.NS,2026-09-21,,,,,,,,,,False,False,False,False,False,False,False,False,False,,noise,,False,False,False,True,,Realty,"Residential, Commercial Projects",,False,False
SINCLAIR.NS,2026-09-22,81.79000091552734,81.37741597493489,78.08373747931586,76.86742828369141,76.08909637451171,77.13539276123046,81.01270656135455,68.16806206295949,109.74047371980228,True,False,False,False,True,False,False,True,False,-20.71798713635654,noise,27.22565806352632,False,False,False,False,,Leisure Services,Hotels & Resorts,41.012145748987855,False,False
SINDHUTRAD.NS,2026-09-22,24.110000610351562,24.274166742960613,24.304444524976944,24.46620002746582,24.492333399454754,23.649100074768068,24.094227053622298,17.639999389648438,32.7400016784668,False,True,False,False,False,True,False,True,False,-19.17532459934329,dry,17.122704447393623,False,False,False,False,,Consumable Fuels,Coal,42.874493927125506,False,False
SINGERIND.NS,2026-09-22,,,,,,,,,,False,False,False,False,False,False,False,False,False,,dry,15.877962853492495,False,False,False,False,,Consumer Durables,Household Appliances,,False,False
SINTERCOM.NS,2026-09-22,80.48999786376953,78.30833371480306,80.55833307902019,80.79820007324219,78.5899333190918,84.03984992980958,77.64233912112607,62.9900016784668,130.0,False,False,False,False,False,False,False,True,False,-33.31952740100448,green,108.22958657886421,False,False,False,False,,Auto Components,Auto Components & Equipments,23.805668016194332,False,False
SIRCA.NS,2026-09-22,404.6000061035156,419.2874984741211,433.00972239176434,423.2673913574219,422.6409206136068,435.93021606445313,414.076343092441,383.1078871314788,536.351054042588,False,False,False,False,False,False,True,False,False,-16.859569785920147,noise,37.19582072644399,False,False,False,False,,Consumer Durables,Paints,45.30364372469636,False,False
SIS.NS,2026-09-22,424.04998779296875,422.3291600545247,425.02777523464624,427.4519982910156,382.49699849446614,368.61906112670897,422.42821176174493,257.04998779296875,480.95001220703125,True,True,True,True,False,True,True,True,False,25.92737661441289,green,109.79835824138597,False,True,False,False,,Other Consumer Services,Other Consumer Services,81.417004048583,True,False
SITINET.NS,2026-09-22,0.2800000011920929,0.27916666865348816,0.28583333310153747,0.294200000166893,0.32833333671092985,0.3366500027477741,0.2787016891243956,0.27000001072883606,0.5,False,False,False,False,False,False,False,True,False,-42.85714372601521,noise,50.822419695954515,False,False,False,False,,Entertainment,TV Broadcasting & Software Production,14.493927125506072,False,False
SIYSIL.NS,2026-09-22,535.75,534.1625061035156,579.9416707356771,591.4609057617188,570.6247578938802,575.06928024292,533.3378365780478,426.93282549500066,827.1631369466097,False,False,False,True,False,False,False,True,False,-18.305352189019985,noise,41.18708072111838,False,False,False,False,,Textiles & Apparels,Other Textile Products,43.967611336032384,False,False
SJS.NS,2026-09-22,2310.800048828125,2325.2500203450522,2419.397230360243,2383.8280078125,2053.304484049479,1968.2315759277344,2337.795397165944,1415.799695008451,2590.0,True,True,True,True,False,True,True,False,False,56.33599736649615,noise,34.78563665411945,False,False,False,False,,Auto Components,Auto Components & Equipments,90.3238866396761,True,False
SJVN.NS,2026-09-22,63.11000061035156,65.13916619618733,65.83442635006375,66.54044105529785,70.73841804504394,71.43827531814576,64.45397314195337,62.68610889438828,93.44221530383422,False,False,False,False,False,False,False,False,False,-31.323522305948437,red,151.00494932860204,False,False,False,False,,Power,Power Generation,26.761133603238868,False,False
SKFINDIA.NS,2026-09-22,1507.199951171875,1532.5166727701824,1552.963894314236,1533.780009765625,1584.411991373698,1623.1544219970704,1532.7231176956464,1370.529580184146,4953.039658667183,False,False,False,False,False,False,False,False,False,-67.39365859476104,noise,43.184417830964414,False,False,False,False,,Industrial Products,Abrasives & Bearings,1.9838056680161944,False,False
SKFINDUS.NS,2026-09-22,,,,,,,,,,False,False,False,False,False,False,False,False,False,,noise,30.94424509871156,False,False,False,False,,Industrial Products,Abrasives & Bearings,,False,False
SKIL.NS,2026-09-21,0.9300000071525574,0.8816666603088379,0.8749999933772616,0.8883999943733215,0.9465999992688497,1.014449999332428,0.8905412183924399,0.7799999713897705,1.6399999856948853,False,False,False,False,True,False,False,True,True,-43.29268199606071,ppv,1271.5047587220029,True,False,False,False,,Construction,Civil Construction,14.008097165991904,False,False
SKIPPER.NS,2026-09-22,561.5499877929688,563.8750050862631,550.7607930501302,546.0670294189454,484.82023396809893,464.39174758911133,555.9459696417528,326.99588499101935,616.7999877929688,True,True,True,True,True,True,True,True,False,4.921150921483464,noise,62.603995793324565,False,False,False,False,,Electrical Equipment,Heavy Electrical Equipment,67.53036437246963,False,False
SKMEGGPROD.NS,2026-09-22,221.25,237.50105667114258,248.78711573282877,262.3674645996094,222.06078623453777,214.71417442321777,234.3561597584752,142.37844147630793,370.1242358872688,False,True,True,True,False,True,False,False,False,31.502818091142082,noise,51.18838821509174,False,False,False,False,,Food Products,Meat Products including Poultry,83.60323886639675,True,False
SKP.NS,2026-09-21,163.0,162.29166793823242,158.92361111111111,158.1479998779297,157.2603337605794,160.76400047302246,161.7105002536429,137.0,238.0,True,False,False,False,True,False,False,True,False,-29.952727916771337,green,138.32658569500674,False,False,False,False,,Industrial Products,Abrasives & Bearings,28.380566801619434,False,False
SKYGOLD.NS,2026-09-22,802.5499877929688,806.8125050862631,787.0138888888889,749.2359997558593,547.1299991861979,492.58799896240237,799.3037197808552,259.0,868.7999877929688,True,True,True,True,True,True,True,True,False,176.02751084882846,noise,46.078052860437566,False,False,False,False,,Consumer Durables,"Gems, Jewellery And Watches",98.62348178137653,True,True
SKYWAYS.NS,2026-09-22,,,,,,,,,,False,False,False,False,False,False,False,False,False,,noise,,False,True,True,False,,Transport Services,Logistics Solution Provider,,False,False
SLONE.NS,2026-09-21,166.60000610351562,176.85905838012695,159.26089096069336,149.1773587036133,164.1599637858073,185.23002853393555,172.30159554290123,109.61096001638644,370.136292694152,False,False,False,False,True,True,False,False,False,-41.11945693753818,noise,67.34006734006735,False,False,False,False,,IT - Hardware,Computers Hardware & Equipments,15.789473684210526,False,False
SMARTLINK.NS,2026-09-22,223.97000122070312,219.67833709716797,220.3283339606391,216.8836004638672,168.08677810668945,157.8912265396118,220.2896663019347,102.34948836265465,241.80999755859375,True,True,True,True,True,True,True,True,False,46.48964140118132,noise,48.66889183448585,False,False,False,False,,IT - Hardware,Computers Hardware & Equipments,88.13765182186235,True,True
SMARTWORKS.NS,2026-09-22,543.9000244140625,535.5750071207682,519.205557929145,507.5810009765625,458.45433329264324,459.80375,535.2163592422561,361.5,619.0,True,False,False,True,True,True,True,True,False,-0.3298493224672794,noise,51.89822218781476,False,False,False,False,,Commercial Services & Supplies,Diversified Commercial Services,62.99595141700405,False,False
SMCGLOBAL.NS,2026-09-22,82.43000030517578,83.5091667175293,81.03416675991483,80.63460021972656,71.74714866638183,74.07458536148071,82.37597696410678,53.98783826986195,95.0,True,False,True,True,True,True,True,True,False,19.210820334369096,noise,44.38201100906316,False,False,False,False,,Capital Markets,Stockbroking & Allied,78.38056680161944,True,False
SMLMAH.NS,2026-09-22,6719.5,6386.916666666667,5702.75,5325.998012695312,4443.491427408854,4323.125135498047,6328.396409804225,2703.052088847761,6787.0,True,True,True,True,True,True,True,True,False,90.09322852574775,noise,39.09437547014242,False,False,True,False,,"Agricultural, Commercial & Construction Vehicles",Commercial Vehicles,94.73684210526315,True,True
SMSPHARMA.NS,2026-09-22,483.3500061035156,430.36523183186847,386.6671837700738,385.7812164306641,389.69599161783856,372.3727503967285,436.7433853623535,242.0422764136492,494.45001220703125,True,True,True,False,True,True,True,True,False,65.82051690093952,green,278.2582003341543,False,False,True,False,,Pharmaceuticals & Biotechnology,Pharmaceuticals,91.86234817813765,True,False
SMVD.NS,2026-09-21,15.350000381469727,16.3791667620341,15.952777915530735,15.535000171661377,12.62233336766561,11.477500061988831,15.995466422138266,5.599999904632568,17.049999237060547,True,True,True,True,False,True,True,False,False,119.28571973528182,dry,0.0,False,False,False,False,,Industrial Products,Plastic Products - Industrial,96.68016194331985,True,False
SNOWMAN.NS,2026-09-22,34.849998474121094,35.73666636149088,37.311388651529946,37.175599822998045,37.80619996388753,38.26985814094544,35.45319333472614,30.5,57.24231506133279,False,False,False,False,False,False,False,False,False,-37.99380977765181,noise,55.97619328733524,False,False,False,False,,Transport Services,Logistics Solution Provider,18.947368421052634,False,False
SOBHA.NS,2026-09-22,1230.9000244140625,1219.0416666666667,1275.1555480957031,1311.7059936523438,1348.3110611979166,1379.0655749511718,1218.7810205857936,1125.387113140645,1724.929636640264,False,False,False,False,False,False,False,True,False,-22.520971172839708,noise,89.0621676293995,False,False,False,False,,Realty,"Residential, Commercial Projects",38.62348178137652,False,False
SOFTTECH.NS,2026-09-22,498.25,468.3416697184245,436.03472222222223,430.59399963378905,383.79293334960937,365.1969500732422,482.41607953318055,215.0,545.0,True,True,True,True,True,True,True,True,False,31.86449436327379,red,176.34001509876168,False,False,False,False,,IT - Software,Computers - Software & Consulting,83.76518218623482,True,True
SOLARINDS.NS,2026-09-22,19890.0,20698.75,20095.0,19651.4380078125,17182.06427734375,16084.668598632812,19971.90837937708,11639.12322904721,22700.0,True,True,True,True,True,True,True,False,False,35.644440560986766,green,225.92802977223548,False,False,False,False,,Chemicals & Petrochemicals,Explosives,84.73684210526315,True,True
SOLARA.NS,2026-09-22,744.5499877929688,725.3125,624.2486114501953,598.7159997558593,542.1996659342448,542.6042503356933,725.1761405184784,422.0,774.0,True,False,True,True,True,True,True,True,False,12.725206327474448,noise,48.52403191807622,False,True,False,False,,Pharmaceuticals & Biotechnology,Pharmaceuticals,73.80566801619433,True,False
SOLARWORLD.NS,2026-09-22,,,,,,,,,,False,False,False,False,False,False,False,False,False,,red,172.96894026721785,False,True,False,False,,Construction,Civil Construction,,False,False
SOLEX.NS,2026-09-22,678.9500122070312,693.5120544433594,775.3141530354818,823.9927795410156,1018.7000044759114,1062.5547799682618,691.898307585687,650.6873284471992,1983.4371779169428,False,False,False,False,False,False,False,False,False,-54.986088639057925,red,114.37006683400368,False,False,False,False,,Electrical Equipment,Other Electrical Equipment,6.0728744939271255,False,False
SDBL.NS,2026-09-22,67.44999694824219,69.74499956766765,71.99916627671983,71.72459976196289,76.2892667388916,81.9281000328064,68.95909754754496,61.79999923706055,142.60000610351562,False,False,False,False,False,False,False,False,False,-51.78354618447918,dry,19.205313179344458,False,False,False,False,,Beverages,Breweries & Distilleries,7.651821862348178,False,False
SOMATEX.NS,2026-09-22,80.0199966430664,83.44249979654948,87.28194448682997,91.37397811889649,98.96155883789062,103.54188232421875,82.25680729307206,61.86003931508431,160.49769502594947,False,False,False,False,False,False,False,False,False,12.566616667496655,noise,45.348542589882676,False,False,False,False,,Textiles & Apparels,Other Textile Products,73.68421052631578,True,False
SOMANYCERA.NS,2026-09-22,594.75,566.1875050862631,542.2638888888889,530.63724609375,478.68245971679687,459.56830322265625,571.7113832568326,327.89613047910154,602.0,True,True,True,True,True,True,True,True,False,26.524586177097454,noise,52.974338244227894,False,True,True,False,,Consumer Durables,Ceramics,81.61943319838056,True,True
SOMICONVEY.NS,2026-09-22,92.66000366210938,92.58250109354655,92.06388833787706,93.58519958496093,100.76799982706706,104.89819980621338,92.84143334939095,80.16000366210938,169.39999389648438,False,False,False,False,False,False,False,False,False,-32.733209682679224,dry,5.055630404920111,False,False,False,False,,Industrial Manufacturing,Industrial Products,24.979757085020243,False,False
SONACOMS.NS,2026-09-22,809.0,793.2625020345052,802.1472218831381,780.3760009765625,641.8451582845053,602.7651995849609,795.355489252182,399.8350028638013,844.0,True,True,True,True,True,True,True,True,False,93.53008697107185,noise,65.00005612713213,False,True,False,False,,Auto Components,Auto Components & Equipments,95.1417004048583,True,True
SONAMAC.NS,2026-09-21,32.45000076293945,33.208333333333336,33.84999995761447,33.75200000762939,35.634000027974444,37.69075005531311,32.795663965094846,27.100000381469727,88.0,False,False,False,False,False,False,False,False,False,-56.87707539808711,green,177.16535433070865,False,False,False,False,,Industrial Manufacturing,Industrial Products,5.101214574898785,False,False
SONAL.NS,2026-09-22,,,,,,,,,,False,False,False,False,False,False,False,False,False,,noise,,False,False,False,False,,Finance,Non Banking Financial Company (NBFC),,False,False
SONAMLTD.NS,2026-09-22,67.20999908447266,70.5533332824707,64.61361175113254,61.93574523925781,55.78637977600098,52.193465099334716,69.69377805076908,37.192837659100036,80.31999969482422,True,True,True,True,True,True,True,False,False,41.77545437683594,noise,22.74868077400403,False,False,False,False,,Consumer Durables,Consumer Electronics,86.51821862348179,True,True
SONATSOFTW.NS,2026-09-22,284.45001220703125,274.55833435058594,298.28148396809894,299.98207275390627,273.06551849365235,286.59605949401856,278.56372354926776,203.57848075867477,392.986061126556,False,False,False,True,False,True,False,True,False,-25.71034931731545,noise,61.95824475585858,False,False,False,False,,IT - Software,Computers - Software & Consulting,34.25101214574899,False,False
SONUINFRA.NS,2026-09-21,45.099998474121094,47.71666653951009,41.19444465637207,41.48200004577637,49.515,56.626749954223634,46.78438799075971,33.29999923706055,107.3499984741211,False,False,False,False,True,True,False,False,False,-56.40406012125317,noise,76.66098807495742,False,False,False,False,,Construction,Civil Construction,5.425101214574899,False,False
SOTAC.NS,2026-09-21,90.05000305175781,90.05000305175781,90.73611195882161,91.80500030517578,104.36900034586589,107.96150058746338,90.07012567221099,86.0,139.64999389648438,False,False,False,False,False,False,False,False,False,-26.006573817084988,dry,0.0,False,False,False,True,,Pharmaceuticals & Biotechnology,Pharmaceuticals,33.7246963562753,False,False
SOUTHBANK.NS,2026-09-22,45.22999954223633,45.92500019073486,45.87227927313911,45.96425506591797,42.508190638224285,41.975348796844486,45.73861876904026,28.222522025082167,49.41417107532308,True,True,True,True,False,True,True,False,False,54.567486940316016,noise,43.618956929995655,False,False,False,False,,Banks,Private Sector Bank,89.95951417004049,True,False
SOUTHWEST.NS,2026-09-22,190.7899932861328,208.2116673787435,216.10111151801215,220.59419982910157,224.30506632486978,216.2962496948242,201.43416923446617,121.0,275.0,False,True,False,False,False,True,False,False,False,34.70064537438597,noise,31.40641286049534,False,True,False,False,,Commercial Services & Supplies,Diversified Commercial Services,84.45344129554655,True,False
SPRL.NS,2026-09-21,104.0,102.45833333333333,101.24317593044705,100.69915496826172,102.21537465413411,114.15216484069825,102.96892855857641,73.77317506839067,187.60169982910156,False,False,False,False,True,True,False,True,False,-3.024349613765309,dry,0.0,False,False,False,False,,Industrial Products,Electrodes & Refractories,60.526315789473685,False,False
SPCENET.NS,2026-09-22,3.2899999618530273,3.3583333492279053,3.4249999721844993,3.4583999824523928,3.7760780652364097,4.37927262544632,3.2766766031949977,2.9917127438204982,11.208949991256503,False,False,False,False,False,False,False,True,False,-55.17508931842408,green,121.76358777071445,False,False,False,False,,Commercial Services & Supplies,Trading & Distributors,5.951417004048583,False,False
SPANDANA.NS,2026-09-22,227.3800048828125,231.9683354695638,241.68527857462564,253.0843997192383,247.48339955647788,249.58829963684082,230.52574784613702,181.10000610351562,319.3999938964844,False,False,False,True,False,False,False,False,False,-14.189751884890534,noise,24.503056129131032,False,False,False,False,,Finance,Microfinance Institutions,48.13765182186235,False,False
SPARC.NS,2026-09-22,197.9600067138672,196.11500040690103,199.73472256130643,205.66899993896484,184.3651335144043,171.8931502532959,195.31821440856095,108.0,289.0,True,True,True,True,False,True,False,True,False,40.3872168112668,noise,88.98266361799291,False,False,False,False,,Pharmaceuticals & Biotechnology,Pharmaceuticals,86.23481781376519,True,False
SPECIALITY.NS,2026-09-22,149.52999877929688,139.80999883015951,141.2135755750868,138.63233581542968,116.74892654418946,115.06303199768067,141.94123716260628,82.0904307726596,166.2256952176917,True,True,True,True,True,True,True,True,False,19.48944212602386,noise,38.73557195941421,False,False,False,False,,Leisure Services,Restaurants,78.50202429149797,True,True
SPECTRUM.NS,2026-09-22,3344.5,2916.0250244140625,2493.9916788736978,2407.3760180664062,1781.7380021158854,1633.9220013427735,2995.042758710113,1050.0,3351.0,True,True,True,True,True,True,True,True,False,136.71172356211,noise,48.512820102624815,False,False,True,False,,Industrial Manufacturing,Industrial Products,97.4089068825911,True,True
SPECTSTM.NS,2026-09-21,56.54999923706055,58.774999936421715,61.42500008477105,61.57200019836426,63.133333435058596,68.96974990844727,59.00493976187961,50.75,104.3499984741211,False,False,False,False,False,False,False,False,False,-44.50441767393016,noise,52.910052910052904,False,False,False,False,,Commercial Services & Supplies,Diversified Commercial Services,12.874493927125505,False,False
SPELS.NS,2026-09-21,,,,,,,,,,False,False,False,False,False,False,False,False,False,,noise,,False,False,False,True,,Electrical Equipment,Other Electrical Equipment,,False,False
SPENCERS.NS,2026-09-22,28.469999313354492,28.487499713897705,29.970833195580376,31.089799919128417,33.20253326416016,34.52389992713928,28.428766987372533,24.3799991607666,61.400001525878906,False,False,False,False,False,False,False,True,False,-49.77950255242888,noise,43.18915103405092,False,False,False,False,,Retailing,Diversified Retail,8.947368421052632,False,False
SPLIL.NS,2026-09-22,30.520000457763672,30.299999872843426,31.10972219043308,31.281399993896486,30.29873327891032,30.86729990005493,30.342440000781796,20.200000762939453,45.20000076293945,False,False,False,True,False,True,False,True,False,-23.58537429354316,noise,73.82745182698285,False,False,False,False,,Textiles & Apparels,Trading - Textile Products,37.00404858299595,False,False
SPMLINFRA.NS,2026-09-22,166.44000244140625,171.7116673787435,182.2755559285482,187.2162008666992,190.28060038248697,187.3680500793457,170.71933038547408,151.00999450683594,284.0,False,True,False,False,False,False,False,False,False,-38.93230236802084,noise,59.733677555480725,False,False,False,False,,Construction,Civil Construction,17.97570850202429,False,False
SPORTKING.NS,2026-09-22,214.49000549316406,211.86416880289713,214.05888154771594,210.8353857421875,168.67377538045247,149.14462791442872,210.13295564240576,77.83100871500463,240.46267240987245,True,True,True,True,True,True,True,True,False,98.98780605195805,noise,60.389002536465256,False,False,False,False,,Textiles & Apparels,Other Textile Products,95.74898785425101,True,True
SHRIPISTON.NS,2026-09-22,4512.60009765625,4432.4083251953125,4486.277777777777,4433.207216796875,3767.028763020833,3583.5578686523436,4460.507038725309,2518.619011912407,4785.7998046875,True,True,True,True,True,True,True,True,False,74.51281205421417,noise,76.69945159295119,False,True,False,False,,Auto Components,Auto Components & Equipments,92.8744939271255,True,True
SRHHYPOLTD.NS,2026-09-22,599.25,534.244016011556,503.00103081597223,497.4729071044922,485.44300557454426,485.8633009338379,545.2067215820231,380.18362048825657,670.0,True,False,False,True,True,True,True,True,False,-0.1667089158612578,red,1373.1146241642864,False,False,False,False,,Chemicals & Petrochemicals,Commodity Chemicals,63.36032388663968,False,False
SREEL.NS,2026-09-22,279.8999938964844,301.9707565307617,260.81575775146484,248.55541534423827,211.82847005208333,212.76789024353027,291.7567547220251,164.6670517716016,398.5889225225997,True,False,True,True,True,True,False,False,False,14.73618751770125,dry,17.276401043834074,False,True,False,False,,Consumer Durables,Footwear,75.22267206477733,True,False
SRF.NS,2026-09-22,2538.300048828125,2511.116658528646,2568.1805419921875,2613.9543994140627,2616.9773046875,2698.993568115234,2522.0807275266416,2350.533958547856,3198.0092293385956,False,False,False,False,False,False,True,True,False,-12.566320286047839,dry,17.657892656907865,False,False,False,False,,Chemicals & Petrochemicals,Commodity Chemicals,50.040485829959515,False,False
SRGHFL.NS,2026-09-22,143.75,169.2583325703939,234.05833392673068,253.8200015258789,269.5768011474609,271.1131008911133,157.18268068414042,118.5999984741211,335.0,False,False,False,False,False,False,False,False,False,-51.14698385726424,green,358.8573998840907,True,False,False,False,,Finance,Housing Finance Company,8.178137651821862,False,False
HAVISHA.NS,2026-09-22,1.3600000143051147,1.3341666956742604,1.3675000071525574,1.3304000091552735,1.4075333333015443,1.4946999990940093,1.33968230665559,1.0299999713897705,2.4200000762939453,False,False,False,False,True,True,False,True,False,-32.6732659828381,noise,55.879080149177426,False,False,False,False,,Leisure Services,Hotels & Resorts,25.06072874493927,False,False
SRIKPRIND.NS,2026-09-22,,,,,,,,,,False,False,False,False,False,False,False,False,False,,noise,,False,False,False,False,,Industrial Products,Plastic Products - Industrial,,False,False
LOTUSDEV.NS,2026-09-22,213.83999633789062,209.0407625834147,188.8369344075521,183.6245101928711,152.3543091328939,152.53033069610595,209.54499076587368,102.05250595821069,220.39999389648438,True,False,True,True,True,True,True,True,False,13.727583906669194,dry,12.56402391295911,False,True,False,False,,Realty,"Residential, Commercial Projects",74.45344129554657,True,False
SSFL.NS,2026-09-21,295.0,291.9499994913737,259.4083349439833,260.5310018920898,189.78000076293947,172.53325057983398,294.49846113099176,86.0,329.29998779296875,True,True,True,True,True,True,True,True,False,99.52246179859512,noise,62.45890861275477,False,True,False,False,,Food Products,Other Food Products,95.82995951417004,True,True
SRIVASAVI.NS,2026-09-21,74.0,74.41666730244954,79.09583346048991,81.04600006103516,64.09966669718425,59.99175001144409,73.58917091005839,39.0,98.0,True,True,True,True,False,True,True,True,False,14.72868217054264,noise,52.742616033755276,False,False,False,False,,Industrial Products,Other Industrial Products,75.18218623481782,True,False
SRM.NS,2026-09-22,419.79998779296875,435.8708318074544,467.01666683620874,476.7090002441406,472.96433329264323,477.10149963378905,430.7348571576793,361.3500061035156,649.9500122070312,False,False,False,False,False,False,False,False,False,-24.962020085251744,noise,52.89911585391819,False,False,False,False,,Construction,Civil Construction,35.10121457489879,False,False
STALLION.NS,2026-09-22,226.22999572753906,220.5666643778483,228.73722203572592,231.9883999633789,180.22266642252603,185.5047038269043,221.92133628275485,99.31999969482422,423.79998779296875,True,False,False,True,False,True,False,True,False,6.531359520306679,noise,24.996130306622764,False,False,False,False,,Chemicals & Petrochemicals,Industrial Gases,68.70445344129554,False,False
SETL.NS,2026-09-22,402.54998779296875,423.52083079020184,355.5138880411784,334.35899963378904,214.67853302001953,195.58094955444335,412.9775855120449,104.55999755859375,468.1499938964844,True,True,True,True,True,True,True,False,False,107.26494967710795,noise,74.17972601097507,False,False,False,False,,Industrial Manufacturing,Industrial Products,96.15384615384616,True,True
SIL.NS,2026-09-22,16.010000228881836,17.402500073115032,18.587097936206394,17.878171100616456,16.009493389129638,15.731203646659852,16.96377114367129,11.546052654867822,22.299999237060547,True,True,True,True,False,True,False,False,False,-12.90636635258171,noise,62.70941267462761,False,True,False,False,,Realty,Real Estate related services,49.473684210526315,False,False
STANLEY.NS,2026-09-22,135.42999267578125,136.5958340962728,139.2680558098687,143.94079986572265,148.62546681722006,160.35640022277832,136.28416748633668,123.0,320.45001220703125,False,False,False,False,False,False,False,False,False,-54.85666910807292,noise,34.21238256860889,False,False,False,False,,Consumer Durables,"Furniture, Home Furnishing",6.113360323886639,False,False
STARCEMENT.NS,2026-09-22,189.50999450683594,191.6149991353353,194.22861099243164,197.2399996948242,208.7763330078125,211.09296035766602,190.92072179502645,180.1199951171875,278.0264879976168,False,False,False,False,False,False,False,False,False,-29.528761748869027,noise,55.55132257668151,False,False,False,False,,Cement & Cement Products,Cement & Cement Products,29.02834008097166,False,False
STARHEALTH.NS,2026-09-22,544.5999755859375,557.7708333333334,570.4763878716362,576.1009997558593,532.6246675618489,513.5197509765625,553.0387129135227,416.54998779296875,624.9000244140625,True,True,True,True,False,True,True,False,False,21.372846171142456,noise,78.42270072966303,False,False,False,False,,Insurance,General Insurance,79.51417004048584,True,False
STARPAPER.NS,2026-09-22,156.7899932861328,158.5988883972168,151.1229328579373,148.97697204589844,140.2986767578125,143.68403686523436,157.6078132973912,117.20666085917556,175.0469935968683,True,False,False,True,True,True,True,False,False,-8.949818673007359,dry,14.686697690461155,False,True,False,False,,"Paper, Forest & Jute Products",Paper & Paper Products,54.12955465587045,False,False
STARTECK.NS,2026-09-22,242.0,243.42425664265951,251.08602057562933,255.50966674804687,258.0692886352539,262.84349510192874,243.56055870904754,214.88069362018075,349.5932051439075,False,False,False,False,False,False,False,False,False,-23.181546806875964,dry,0.3590447142948929,False,True,False,False,,Finance,Non Banking Financial Company (NBFC),37.32793522267207,False,False
STEELCITY.NS,2026-09-22,85.58999633789062,85.75198618570964,83.49518224928114,81.12592666625977,79.53787913004557,81.26607002258301,85.68041475345325,69.57128552354698,100.83828229653155,True,False,False,False,True,False,True,False,False,-14.383522857793086,dry,13.991629081236406,False,True,False,False,,Capital Markets,Stockbroking & Allied,47.73279352226721,False,False
STEELXIND.NS,2026-09-22,11.180000305175781,11.588333288828531,11.112500005298191,11.25379997253418,10.498466672897338,9.98285001039505,11.404255672289267,7.0,13.949999809265137,True,True,True,True,False,True,True,False,False,8.228464547410908,noise,76.05866756393392,False,False,False,False,,Industrial Products,Iron & Steel Products,70.40485829959515,True,False
SSWL.NS,2026-09-22,364.79998779296875,363.91666412353516,331.55277760823566,319.05039978027344,248.436066792806,236.61175033569336,359.177858157874,169.0,389.8500061035156,True,True,True,True,True,True,True,True,False,50.280817159453406,green,117.72551205275185,False,False,False,False,,Auto Components,Auto Components & Equipments,89.10931174089069,True,True
STLSTRINF.NS,2026-09-22,,,,,,,,,,False,False,False,False,False,False,False,False,False,,noise,,False,False,False,False,,Realty,"Residential, Commercial Projects",,False,False
STEELCAS.NS,2026-09-22,350.1499938964844,321.6875,335.0138676961263,327.38854125976565,289.78363830566406,269.6156649017334,323.90936130499915,175.13959955663623,365.0,True,True,True,True,True,True,True,True,False,53.71684410167295,ppv,1100.1657327169762,False,False,False,False,,Industrial Products,Castings & Forgings,89.79757085020242,True,True
STEL.NS,2026-09-22,663.5499877929688,617.7375030517578,599.0638919406467,587.0540026855468,526.9969997151693,515.8572491455078,632.2493825669686,380.0,689.9500122070312,True,True,True,True,True,True,True,True,False,38.09573107033688,noise,91.33312850878418,False,False,True,False,,Finance,Investment Company,85.54655870445345,True,True
SWSOLAR.NS,2026-09-22,178.4199981689453,179.4616673787435,191.81194347805447,197.3793994140625,200.6502665201823,201.35224983215332,178.9985096014808,148.0,272.79998779296875,False,False,False,False,False,False,False,False,False,-32.74783023805552,ppv,477.5581972782812,False,False,False,False,,Construction,Civil Construction,24.898785425101213,False,False
STERTOOLS.NS,2026-09-22,223.02000427246094,216.08250045776367,221.51868608262805,227.59861022949218,225.7349819946289,232.5018173980713,216.81495383929675,153.08124772548462,340.1366401784209,False,False,False,False,False,True,False,True,False,-33.72989283584864,ppv,168.02707740606297,False,False,False,False,,Auto Components,Auto Components & Equipments,23.481781376518217,False,False
STLTECH.NS,2026-09-22,839.5499877929688,841.3750050862631,721.5194481743706,671.0540032958984,472.4219332885742,381.4149998474121,824.29817265978,84.5999984741211,912.0,True,True,True,True,True,True,True,True,False,581.0659614309246,noise,74.45031623437109,False,False,False,False,,Telecom -  Equipment & Accessories,Telecom -  Equipment & Accessories,99.91902834008097,True,True
SGL.NS,2026-09-22,9.069999694824219,9.703333298365274,9.891944461398655,9.91739999771118,10.743200016021728,11.149300017356872,9.584826252267785,8.399999618530273,20.790000915527344,False,False,False,False,False,False,False,False,False,-39.69415081230668,noise,73.85384080848495,False,False,False,False,,Textiles & Apparels,Other Textile Products,16.963562753036438,False,False
STLNETWORK.NS,2026-09-22,47.34000015258789,37.97083346048991,30.018611166212295,28.50080005645752,25.91106669108073,24.808850049972534,39.996756508575004,15.75,47.34000015258789,True,True,True,True,True,True,True,True,False,62.512878532269966,ppv,528.9113471853586,True,False,True,False,,Telecom - Services,Other Telecom Services,91.37651821862349,True,True
STOVEKRAFT.NS,2026-09-22,827.7999877929688,829.5499979654948,803.3685472276476,795.599404296875,653.1351540120443,627.0456579589844,825.5841738168515,445.1867339957378,873.3447454599583,True,True,True,True,True,True,True,True,False,18.12770204105487,noise,46.97357753674076,False,True,False,False,,Consumer Durables,Household Appliances,77.53036437246963,True,True
STAR.NS,2026-09-22,1217.4000244140625,1196.0583394368489,1064.455554538303,1058.3890966796876,1033.0649763997396,996.2632113647461,1188.6577692337937,765.0675335548549,1260.9000244140625,True,True,True,True,True,True,True,True,False,42.84385711920349,noise,69.09273322142349,False,False,False,False,,Pharmaceuticals & Biotechnology,Pharmaceuticals,86.72064777327935,True,True
STUDDS.NS,2026-09-22,,,,,,,,,,False,False,False,False,False,False,False,False,False,,noise,64.8126484444935,False,True,False,False,,Auto Components,Auto Components & Equipments,,False,False
STYLAMIND.NS,2026-09-22,3309.39990234375,3298.433308919271,3452.369418674045,3435.1099755859377,2885.8666634114584,2714.5410009765624,3287.8397639561617,1621.0,4150.0,True,True,True,True,False,True,True,True,False,95.25634873288944,ppv,116.87998797944243,False,False,False,False,,Consumer Durables,Plywood Boards/ Laminates,95.42510121457491,True,False
STYRENIX.NS,2026-09-22,2078.300048828125,2091.3583170572915,2127.085191514757,2198.0060107421873,2149.5076985677083,2093.4425933837892,2079.324197729193,1761.8624901691985,2625.9669159348305,False,True,False,True,False,False,True,False,False,-15.644455472456798,noise,23.67713014917959,False,False,False,False,,Chemicals & Petrochemicals,Specialty Chemicals,46.63967611336032,False,False
SUBEXLTD.NS,2026-09-22,19.3700008392334,19.59583330154419,17.226388878292507,15.938000011444093,11.986066668828329,11.681549980640412,19.54981981171554,6.610000133514404,21.850000381469727,True,True,True,True,True,True,True,False,False,50.50505836420178,noise,71.81852978913955,False,False,False,False,,IT - Software,Software Products,89.1902834008097,True,True
SUBROS.NS,2026-09-22,720.6500244140625,703.8105010986328,733.9161512586805,750.6132531738281,749.8281372070312,769.7802319335938,707.4427586865372,619.4809592285877,1208.590392245295,False,False,False,False,False,False,False,True,False,-27.968872060594062,noise,41.49094722650128,False,True,False,False,,Industrial Products,Other Industrial Products,31.29554655870445,False,False
SUDARSCHEM.NS,2026-09-22,1230.300048828125,1235.8333333333333,1189.9747450086807,1147.1069116210938,966.4116630045573,958.7166101074218,1234.2352678503119,723.169537946061,1595.8711433648984,True,True,True,True,True,True,True,False,False,-15.926532403170867,noise,29.03996650720383,False,False,False,False,,Chemicals & Petrochemicals,Dyes And Pigments,46.23481781376518,False,False
SUDARCOLOR.NS,2026-09-22,390.20001220703125,382.5375010172526,392.36388821072046,384.4539990234375,360.18200032552085,376.0492503356934,384.9596206796673,268.25,599.7999877929688,True,False,False,True,True,True,False,True,False,-34.57959523494979,noise,36.0485110397614,False,True,False,False,,Chemicals & Petrochemicals,Dyes And Pigments,22.42914979757085,False,False
SUDEEPPHRM.NS,2026-09-22,,,,,,,,,,False,False,False,False,False,False,False,False,False,,green,102.70239541618247,False,False,False,False,,Pharmaceuticals & Biotechnology,Pharmaceuticals,,False,False
SUKHJITS.NS,2026-09-22,161.0,160.55083465576172,160.11922878689236,160.82643157958984,170.7677007039388,170.07055717468262,160.917360810138,136.42105276184597,229.6205850899005,False,True,False,False,True,False,False,True,False,-4.952304528921303,noise,50.79544573687594,False,False,False,False,,Agricultural Food & other Products,Other Agricultural Products,58.70445344129555,False,False
SULA.NS,2026-09-22,135.47999572753906,137.91416803995767,146.6069441901313,149.0615997314453,156.51917602539064,167.1144228363037,137.18937074236794,132.05999755859375,289.08028915869943,False,False,False,False,False,False,False,False,False,-51.71395341602949,noise,53.68452320473705,False,False,False,False,,Beverages,Breweries & Distilleries,7.6923076923076925,False,False
SUMEDHA.NS,2026-09-22,,,,,,,,,,False,False,False,False,False,False,False,False,False,,noise,,False,False,False,False,,Finance,Other Financial Services,,False,False
SUMEETINDS.NS,2026-09-22,10.529999732971191,10.490833361943563,12.957777791553074,17.42800001144409,24.782472349802653,25.677604269981384,10.395946918994712,9.260000228881836,40.5,False,False,False,False,False,False,False,True,False,-60.68548545027143,dry,14.52996401903306,False,False,False,False,,Textiles & Apparels,Other Textile Products,3.643724696356275,False,False
SUMIT.NS,2026-09-22,50.060001373291016,49.74583435058594,51.57657029893663,51.72249336242676,47.11689051310221,50.25758483886719,49.85838053489192,31.61681117675178,103.59635600911837,False,False,False,True,False,True,False,True,False,-44.53084626613182,noise,38.63105025895723,False,True,False,False,,Realty,"Residential, Commercial Projects",12.793522267206479,False,False
SUMICHEM.NS,2026-09-22,457.5,468.6999994913737,510.7499991522895,515.4130322265624,463.3189152018229,456.8226136779785,466.45086182795137,361.7279903344155,603.5450212894436,False,True,False,True,False,False,True,False,False,-21.22932063168459,green,105.52412083034142,False,True,False,False,,Fertilizers & Agrochemicals,Pesticides & Agrochemicals,40.24291497975708,False,False
SUMMITSEC.NS,2026-09-22,1404.0,1407.6916605631511,1436.6555514865452,1454.0640014648438,1531.5026684570312,1612.5560028076172,1404.3101108805258,1312.0,2495.0,False,False,False,False,False,False,False,False,False,-35.79366024828501,dry,17.594006128127674,False,False,False,False,,Finance,Investment Company,21.093117408906885,False,False
SUNPHARMA.NS,2026-09-22,1846.4000244140625,1857.933349609375,1902.1222296820747,1919.2480029296876,1835.4736865234374,1801.6917706298827,1859.6234557876874,1533.9890668325556,2046.9000244140625,True,True,True,True,False,False,True,False,False,13.337246688141157,noise,56.00456324104846,False,True,False,False,,Pharmaceuticals & Biotechnology,Pharmaceuticals,74.12955465587045,True,False
SUNTV.NS,2026-09-22,490.1000061035156,463.1374994913737,471.38625081380206,477.1983312988281,527.6994362386067,534.1657389831543,466.972406217604,447.20001220703125,653.9340000086492,False,False,False,False,True,False,False,True,False,-9.370332610196531,ppv,670.7327591914913,True,False,False,False,,Entertainment,TV Broadcasting & Software Production,53.7246963562753,False,False
SUNDRMBRAK.NS,2026-09-22,690.8499755859375,708.3291575113932,768.0874938964844,776.48779296875,697.7400396728516,683.8448793029785,705.9189318373851,459.6388222714738,920.0,False,True,False,True,False,True,True,False,False,-11.12631395049829,red,256.271763719086,False,False,False,False,,Auto Components,Auto Components & Equipments,51.78137651821862,False,False
SUNCLAY.NS,2026-09-22,1252.5,1274.1583455403645,1269.54445054796,1288.2620043945312,1332.4343994140625,1310.8514263916015,1264.9437621865777,1108.7626995679627,1934.9541882791614,False,True,False,False,False,False,False,False,False,-29.71817140716886,noise,73.77431754479854,False,False,False,False,,Auto Components,Auto Components & Equipments,28.663967611336034,False,False
SUNDARMFIN.NS,2026-09-22,4751.89990234375,4700.3000081380205,4615.583346896701,4573.206005859375,4657.203090820312,4766.002379150391,4692.12975623026,3979.0182224383775,5612.405266256894,False,False,False,False,True,False,True,True,False,4.685796026499189,green,168.78076887858907,False,False,False,False,,Finance,Non Banking Financial Company (NBFC),67.36842105263158,False,False
SUNDARAM.NS,2026-09-22,1.1699999570846558,1.1883333325386047,1.210000005033281,1.2257999992370605,1.3239999985694886,1.420749996304512,1.1827387318892562,1.0299999713897705,2.200000047683716,False,False,False,False,False,False,False,False,False,-40.90909364575961,noise,36.8472750450219,False,False,False,False,,Household Products,Stationary,15.991902834008098,False,False
SUNDRMFAST.NS,2026-09-22,1190.9000244140625,1226.9750061035156,1192.6236097547744,1127.3279992675782,942.3670792643229,939.111784362793,1218.959576170705,726.5272499221361,1347.199951171875,True,True,True,True,True,True,True,False,False,15.11658325623182,noise,83.3971942713339,False,False,False,False,,Auto Components,Auto Components & Equipments,75.58704453441295,True,True
SUNDROP.NS,2026-09-22,742.3499755859375,671.5125071207682,663.7333340115017,662.9600012207031,652.5250004069011,658.3335000610351,681.7099977051637,556.0,874.0,True,False,False,True,True,True,True,True,False,-12.282880031478937,ppv,893.306422796567,False,False,False,False,,Agricultural Food & other Products,Edible Oil,50.36437246963563,False,False
SUNFLAG.NS,2026-09-22,355.04998779296875,341.39053599039715,352.3707919650608,352.2967053222656,319.753312886556,303.48117454528807,345.21651634225526,191.59368881133625,426.7608500985104,True,True,True,True,True,True,True,True,False,35.391985577153015,ppv,101.59516420940125,False,False,False,False,,Industrial Products,Iron & Steel Products,84.69635627530364,True,True
SEL.NS,2026-09-21,359.0,341.2333348592122,302.50972281561957,287.0200006103516,218.0980000813802,215.81975021362305,346.18679720052955,115.25,369.0,True,True,True,True,True,True,True,True,False,32.96296296296297,dry,2.9002320185614847,False,True,False,False,,Electrical Equipment,Other Electrical Equipment,84.04858299595142,True,True
SUNLOC.NS,2026-09-22,,,,,,,,,,False,False,False,False,False,False,False,False,False,,noise,,False,False,False,False,,Pharmaceuticals & Biotechnology,Pharmaceuticals,,False,False
SUNRAKSHAK.NS,2026-09-22,,,,,,,,,,False,False,False,False,False,False,False,False,False,,noise,,False,False,False,False,,Textiles & Apparels,Other Textile Products,,False,False
SUNREST.NS,2026-09-21,36.75,38.0541664759318,38.35396088494195,37.478851776123044,37.60313440958659,37.89910076141357,37.70361288871268,29.549999237060547,54.0,False,False,False,False,False,False,False,False,False,-17.042887961822718,noise,81.04083445045873,False,False,False,False,,Pharmaceuticals & Biotechnology,Pharmaceuticals,45.22267206477733,False,False
SUNSHIEL.NS,2026-09-22,,,,,,,,,,False,False,False,False,False,False,False,False,False,,noise,,False,False,False,False,,Chemicals & Petrochemicals,Specialty Chemicals,,False,False
SUNSHINE.NS,2026-09-22,,,,,,,,,,False,False,False,False,False,False,False,False,False,,noise,,False,False,False,False,,Entertainment,"Film Production, Distribution & Exhibition",,False,False
SUNTECK.NS,2026-09-22,287.8999938964844,288.0910288492839,295.8433015611437,298.86962524414065,315.9565018717448,337.87960052490234,288.3739468106891,269.305490773348,469.97910852813845,False,False,False,False,False,False,False,False,False,-35.46909654750107,noise,21.113667893110787,False,False,False,False,,Realty,"Residential, Commercial Projects",21.417004048582996,False,False
SUPERSPIN.NS,2026-09-22,7.400000095367432,7.1650000015894575,6.515833311610752,6.231799974441528,5.5965333207448325,6.213400008678437,7.133375802179435,3.7899999618530273,9.979999542236328,True,False,False,True,True,True,False,True,False,-21.108741950068744,ppv,206.5483919640196,False,False,False,False,,Textiles & Apparels,Other Textile Products,40.445344129554655,False,False
SUPTANERY.NS,2026-09-22,,,,,,,,,,False,False,False,False,False,False,False,False,False,,noise,,False,False,False,False,,Consumer Durables,Leather And Leather Products,,False,False
SUPERHOUSE.NS,2026-09-22,169.1699981689453,170.04833348592123,167.53027809990778,165.6388003540039,156.23273366292318,154.95650039672853,169.1748325761699,128.5500030517578,201.9499969482422,True,True,True,True,True,True,True,False,False,-10.154546603085812,noise,26.472611092677763,False,False,False,False,,Consumer Durables,Leather And Leather Products,52.75303643724696,False,False
SIEL.NS,2026-09-22,,,,,,,,,,False,False,False,False,False,False,False,False,False,,noise,,False,False,False,False,,Agricultural Food & other Products,Edible Oil,,False,False
SUPRAJIT.NS,2026-09-22,483.45001220703125,484.93333435058594,503.02252027723523,499.14099670410155,456.97244852701823,455.547989654541,487.50698456540226,388.4010744012427,557.028538620579,True,True,True,True,False,False,True,False,False,6.883565881493614,noise,31.490737450040875,False,True,False,False,,Auto Components,Auto Components & Equipments,69.02834008097166,False,False
SUPREMEENG.NS,2026-09-22,3.7200000286102295,3.365000009536743,2.7919444508022733,2.5358000016212463,1.5809333332379658,1.5101999992132187,3.435929659026497,0.6800000071525574,3.7200000286102295,True,True,True,True,True,True,True,True,False,287.50001164153247,ppv,49.23567423073856,False,False,True,False,,Industrial Products,Iron & Steel Products,99.39271255060729,True,True
SUPREME.NS,2026-09-22,32.189998626708984,34.072499910990395,38.89249971177843,40.72519989013672,47.35639996846517,52.823850021362304,33.45938206700548,31.100000381469727,97.83999633789062,False,False,False,False,False,False,False,False,False,-59.097840057250515,noise,41.111549649899864,False,False,False,False,,Realty,"Residential, Commercial Projects",4.089068825910931,False,False
SUPREMEIND.NS,2026-09-22,3460.5,3449.3249715169272,3512.441657172309,3493.895986328125,3577.21880859375,3551.575523681641,3452.4145815584843,3140.0,4401.350489563363,False,True,False,False,False,False,True,True,False,-20.056391734401156,red,103.14666979360612,False,False,False,False,,Industrial Products,Plastic Products - Industrial,41.82186234817814,False,False
SUPREMEINF.NS,2026-09-22,80.5,83.21999994913737,85.71694458855524,84.76379974365234,79.58753326416016,81.05294994354249,82.21554419843451,58.11000061035156,112.0,False,False,False,True,False,True,False,False,False,-22.139471442863957,dry,5.0334001941202375,False,True,False,False,,Construction,Civil Construction,39.068825910931174,False,False
SPLPETRO.NS,2026-09-22,864.75,824.5333302815756,748.8819427490234,741.7120007324219,716.4897725423177,686.9314442443848,826.1119643510641,457.2664603074991,965.127357372077,True,True,True,True,True,True,True,True,False,3.3374460011769136,noise,43.47558805627192,False,True,False,False,,Chemicals & Petrochemicals,Petrochemicals,66.19433198380567,False,False
SUPREMEPWR.NS,2026-09-21,210.5,218.1125030517578,215.238889058431,214.04600036621093,212.19299947102866,204.87499961853027,214.12058255405853,130.5500030517578,291.3500061035156,False,True,False,True,False,True,False,False,False,3.9249552349849726,noise,50.172725777266,False,True,False,False,,Electrical Equipment,Other Electrical Equipment,66.84210526315789,False,False
SUPRIYA.NS,2026-09-22,939.0999755859375,909.4708353678385,855.4580824110243,853.3946923828125,782.29376953125,766.6947534179687,907.6236697331283,544.8526903164613,1083.7124081428149,True,True,False,True,True,True,True,True,False,29.47062515114933,red,114.15027730639282,False,False,False,False,,Pharmaceuticals & Biotechnology,Pharmaceuticals,82.75303643724696,True,False
SURAJLTD.NS,2026-09-22,202.41000366210938,200.23916625976562,208.73694398668079,213.26499938964844,226.88266642252603,230.79806114196776,200.78131368917286,190.3000030517578,346.38964358701236,False,False,False,False,False,False,False,True,False,-35.68087933503323,noise,43.88642955274003,False,False,False,False,,Industrial Products,Iron & Steel Products,21.133603238866396,False,False
SURAJEST.NS,2026-09-22,217.0,182.6125005086263,194.8091663784451,195.31459991455077,205.54720031738282,214.79660041809083,191.77456891777615,165.0,319.0,True,False,False,False,True,True,False,True,False,-27.35186102048244,ppv,327.9537214920787,False,False,False,False,,Realty,"Residential, Commercial Projects",32.34817813765182,False,False
SURAKSHA.NS,2026-09-22,353.3999938964844,334.59166717529297,312.64305623372394,296.66500091552734,282.10126637776693,280.1179494476318,337.3396500724042,224.10000610351562,360.0,True,True,False,True,True,True,True,True,False,10.801059843537985,ppv,88.52137743470784,False,True,True,False,,Healthcare Services,Healthcare Service Provider,72.51012145748987,True,False
SURANASOL.NS,2026-09-22,25.530000686645508,25.58666706085205,25.888889100816513,26.00520015716553,25.396000086466472,25.54650005340576,25.565116841299474,18.309999465942383,36.5,False,False,False,True,False,True,False,False,False,-25.175845586595248,noise,24.354586372197662,False,False,False,False,,Electrical Equipment,Heavy Electrical Equipment,34.77732793522267,False,False
SURANAT&P.NS,2026-09-22,16.190000534057617,16.167500019073486,16.47138892279731,16.906600074768065,17.816266682942707,18.147250051498414,16.129985115788728,15.5,24.639999389648438,False,False,False,False,False,False,False,True,False,-31.888934698065196,noise,35.52123958221516,False,False,False,False,,Power,Power Generation,25.870445344129557,False,False
SURANI.NS,2026-09-21,100.0,95.14166641235352,96.8513880835639,97.72599945068359,102.87599973042806,92.40824979782104,95.29217340657137,47.29999923706055,143.60000610351562,False,True,True,False,True,True,False,True,False,1.5744063989892254,noise,45.12635379061371,False,False,False,False,,Industrial Products,Iron & Steel Products,64.8582995951417,False,False
SBGLP.NS,2026-09-22,23.34000015258789,22.838087876637776,23.99904161029392,24.263759040832518,25.662963155110678,27.658400840759278,23.030663254998075,18.251872440991676,40.681285596448745,False,False,False,False,False,False,False,True,False,-27.931562298838664,green,130.92330794595202,False,True,False,False,,Realty,"Residential, Commercial Projects",31.417004048582996,False,False
SURYAROSNI.NS,2026-09-22,212.0500030517578,213.2341677347819,220.93630006578235,225.57396789550782,231.78916259765626,237.56167526245116,212.51044233755994,185.2067002350832,308.0746845932235,False,False,False,False,False,False,False,False,False,-24.363170408383862,noise,69.568053652245,False,False,False,False,,Industrial Products,Iron & Steel Products,35.78947368421053,False,False
SURYALAXMI.NS,2026-09-22,57.400001525878906,57.71749973297119,58.41166623433431,58.223199691772464,57.44573310852051,57.516949825286865,57.58898395147853,43.0,69.69999694824219,False,False,False,True,False,True,True,False,False,-14.020371945542397,noise,71.60358688481809,False,False,False,False,,Textiles & Apparels,Other Textile Products,48.2995951417004,False,False
SURYALA.NS,2026-09-22,,,,,,,,,,False,False,False,False,False,False,False,False,False,,noise,,False,False,False,False,,Textiles & Apparels,Other Textile Products,,False,False
SURYODAY.NS,2026-09-22,146.39999389648438,148.54583358764648,153.82499906751843,160.62459777832032,154.38162267049154,149.82917804718016,147.7166861401937,114.47672068195065,218.0,False,True,True,True,False,False,False,False,False,10.880875003019197,dry,5.253164202591465,False,False,False,False,,Banks,Other Bank,72.67206477732793,True,False
SUTLEJTEX.NS,2026-09-22,38.91999816894531,39.34166622161865,38.843888494703506,38.653999710083006,35.90593330383301,34.64074998855591,38.87013572081579,24.0,42.93000030517578,True,True,True,True,True,True,True,True,False,0.8551386759590107,noise,63.52130306448871,False,False,False,False,,Textiles & Apparels,Other Textile Products,64.37246963562752,False,False
SUVEN.NS,2026-09-22,335.45001220703125,352.7875010172526,349.9402779473199,342.5200006103516,257.9210008239746,232.96350067138673,347.0279654170386,124.11000061035156,403.3500061035156,True,True,True,True,False,True,True,False,False,49.4542289008743,noise,34.8906672430016,False,False,False,False,,Healthcare Services,"Healthcare Research, Analytics & Technology",88.94736842105263,True,False
SUVIDHAA.NS,2026-09-22,2.2200000286102295,2.2800000309944153,2.3608333269755044,2.4075999879837036,2.6768000014623006,2.8630500054359436,2.2453702542222715,1.7699999809265137,4.25,False,False,False,False,False,False,False,False,False,-46.24697416235416,noise,927.1246631612511,False,False,False,False,,Financial Technology (Fintech),Financial Technology (Fintech),11.25506072874494,False,False
SUYOG.NS,2026-09-22,644.6500244140625,666.2650655110677,747.1375444200304,778.6129565429687,759.1724784342448,718.6502850341797,663.6324762699358,527.2112614483941,919.773963233286,False,True,False,True,False,False,False,False,False,-16.748613973992367,noise,59.210593697386635,False,False,False,False,,Telecom - Services,Telecom - Infrastructure,45.425101214574894,False,False
SUZLON.NS,2026-09-22,43.0,43.83583354949951,46.054444313049316,47.408199844360354,49.511066665649416,49.6146999168396,43.59210480200588,38.189998626708984,61.5,False,False,False,False,False,False,False,False,False,-28.249624927356532,noise,78.66192316857293,False,False,False,False,,Electrical Equipment,Heavy Electrical Equipment,30.72874493927126,False,False
SVPGLOB.NS,2026-09-22,3.3399999141693115,3.4550000031789145,3.6761111153496637,3.7236000013351442,3.5174000120162963,3.5970000159740447,3.4340838350106755,2.180000066757202,6.889999866485596,False,False,False,True,False,True,False,False,False,-8.241763244200817,noise,90.6019298670797,False,False,False,False,,Textiles & Apparels,Other Textile Products,54.655870445344135,False,False
SWANCORP.NS,2026-09-22,302.75,291.56250254313153,298.3063557942708,301.62367431640627,322.3413212076823,351.394578704834,295.2905623669825,273.6499938964844,505.7501702925763,False,False,False,False,True,False,False,True,False,-38.07001672272955,noise,55.752308617623605,False,False,False,False,,Chemicals & Petrochemicals,Petrochemicals,18.82591093117409,False,False
SWANDEF.NS,2026-09-22,2722.0,2642.9749755859375,2520.3416612413193,2471.127998046875,2133.480006510417,1996.4095001220703,2665.611205409034,549.6500244140625,2769.89990234375,True,True,True,True,True,True,True,True,False,395.2242116065953,ppv,119.77796727198648,False,False,False,False,,Industrial Manufacturing,Ship Building & Allied Services,99.7165991902834,True,True
SWARAJENG.NS,2026-09-22,3556.0,3581.5250040690103,3581.7888861762153,3595.3680029296875,3639.9388151041667,3607.5699182128906,3571.7160276434333,3212.804310119185,4418.299207024736,False,True,False,False,False,False,True,False,False,-17.726092633113943,noise,48.07392499787409,False,False,False,False,,Industrial Products,"Compressors, Pumps & Diesel Engines",44.534412955465584,False,False
SWARAJ.NS,2026-09-22,292.54998779296875,320.57916259765625,350.7347200181749,353.80299865722657,305.88300079345703,292.85825057983396,308.6016135391745,158.5,386.75,False,True,True,True,False,True,True,False,False,70.28520523648237,green,193.93080082377568,False,False,False,False,,Textiles & Apparels,Other Textile Products,92.38866396761134,True,False
SWARNSAR.NS,2026-09-22,,,,,,,,,,False,False,False,False,False,False,False,False,False,,noise,,False,False,False,False,,Consumer Durables,"Gems, Jewellery And Watches",,False,False
SWASTIK.NS,2026-09-21,16.600000381469727,17.47499990463257,18.90833330154419,18.70600004196167,19.131999963124592,19.948249945640566,17.20883814851171,12.5,33.75,False,False,False,False,False,True,False,False,False,-49.4672719861858,dry,0.0,False,True,False,False,,Industrial Products,Iron & Steel Products,9.068825910931174,False,False
SWELECTES.NS,2026-09-22,564.9500122070312,564.8041687011719,602.9708336724175,605.0304895019531,602.1101572672526,598.1443489074707,564.8456767191426,480.3012798820018,971.3399846028733,False,True,False,True,False,False,False,True,False,-35.039496100569345,dry,17.272589766234525,False,True,False,False,,Electrical Equipment,Heavy Electrical Equipment,21.74089068825911,False,False
SWIGGY.NS,2026-09-22,284.04998779296875,276.8416697184245,279.09583282470703,277.35019927978516,273.21319885253905,294.8648989868164,276.7398373267335,235.75,464.3500061035156,False,False,False,False,True,False,False,True,False,-36.81459336980735,ppv,144.02574558435333,False,False,False,False,,Retailing,E-Retail/ E-Commerce,19.959514170040485,False,False
SWISSMLTRY.NS,2026-09-22,,,,,,,,,,False,False,False,False,False,False,False,False,False,,noise,,False,False,False,False,,Consumer Durables,Diversified consumer products,,False,False
SYLVANPLY.NS,2026-09-21,52.0,53.63749980926514,52.162499851650665,53.292999725341794,52.982666727701826,53.96175004959107,52.87309027129329,40.0,74.4000015258789,False,False,False,False,False,True,False,False,False,-25.820255161350815,noise,71.42857142857143,False,False,False,False,,Consumer Durables,Plywood Boards/ Laminates,34.08906882591093,False,False
SYMBIOTEC.NS,2026-09-22,,,,,,,,,,False,False,False,False,False,False,False,False,False,,noise,,False,False,False,False,,Pharmaceuticals & Biotechnology,Pharmaceuticals,,False,False
SYMPHONY.NS,2026-09-22,590.5499877929688,592.7500050862631,606.5649193657769,629.7510705566406,705.6621427408854,749.3024401855469,590.8273936690479,562.0999755859375,962.0339852805155,False,False,False,False,False,False,False,False,False,-36.27460330235485,dry,12.904624347358313,False,False,False,False,,Consumer Durables,Household Appliances,20.647773279352226,False,False
SYNCOMF.NS,2026-09-22,20.399999618530273,19.63083330790202,17.58111106024848,16.382599925994874,14.464599971771241,14.29004997253418,19.596513129164954,10.210000038146973,22.59000015258789,True,True,True,True,True,True,True,True,False,16.30557898358549,green,114.19246529711798,False,False,False,False,,Pharmaceuticals & Biotechnology,Pharmaceuticals,76.5587044534413,True,True
SGIL.NS,2026-09-22,636.7999877929688,598.2708282470703,589.4236094156901,591.6129992675782,555.3036688232422,546.5587519836425,601.0323880622008,420.0,650.0,True,True,True,True,True,True,True,True,False,12.48896224272995,ppv,336.10220563308053,True,False,True,False,,Industrial Products,Castings & Forgings,73.56275303643724,True,True
SYNGENE.NS,2026-09-22,377.5,381.9833297729492,396.20694308810766,399.8499993896484,421.8000059000651,461.06571365356444,381.8396613733119,360.3999938964844,677.034031793237,False,False,False,False,False,False,False,False,False,-42.22976971058748,noise,38.22939463436786,False,True,False,False,,Healthcare Services,"Healthcare Research, Analytics & Technology",14.979757085020243,False,False
SYNOPTICS.NS,2026-09-21,45.0,47.745832443237305,58.26388782925076,63.11299880981446,59.13499954223633,58.936749629974365,47.38967379259777,39.650001525878906,112.3499984741211,False,True,False,True,False,False,False,False,False,-57.06106995266427,noise,81.30081300813008,False,False,False,False,,IT - Services,IT Enabled Services,5.020242914979757,False,False
SYRMA.NS,2026-09-22,1741.800048828125,1624.5333455403645,1514.722164577908,1470.319541015625,1182.0840201822916,1074.087196044922,1634.8859657578212,633.8515990037583,1803.9000244140625,True,True,True,True,True,True,True,True,False,113.76592009230895,ppv,212.93954360137377,False,False,True,False,,Industrial Manufacturing,Industrial Products,96.43724696356276,True,True
SYSTANGO.NS,2026-09-21,220.6999969482422,224.8125,219.87222162882486,219.7609991455078,235.1493256632487,251.67556312561035,223.2846035846278,202.5500030517578,399.0573022567899,False,False,False,False,True,False,False,False,False,-6.188628777292449,noise,91.39545251894783,False,False,False,False,,IT - Software,Computers - Software & Consulting,57.28744939271255,False,False
SYSTMTXC.NS,2026-09-22,,,,,,,,,,False,False,False,False,False,False,False,False,False,,green,138.20320836750713,False,False,False,False,,Capital Markets,Stockbroking & Allied,,False,False
TBZ.NS,2026-09-22,665.3499755859375,559.5874938964844,383.9237124125163,351.3298388671875,220.47275177001953,206.00554641723633,569.013994180721,109.74685890423396,665.3499755859375,True,True,True,True,True,True,True,True,False,254.6217541540257,noise,31.541448853643605,False,False,True,False,,Consumer Durables,"Gems, Jewellery And Watches",99.23076923076923,True,True
TMB.NS,2026-09-22,883.75,905.0666707356771,887.6749979654948,872.2119995117188,748.2377657063802,699.6742929077149,896.5720975523432,413.1587106622762,954.2000122070312,True,True,True,True,True,True,True,False,False,106.21681452007148,noise,37.26562306980087,False,False,False,False,,Banks,Private Sector Bank,96.03238866396762,True,True
TNPL.NS,2026-09-22,142.55999755859375,149.13946151733398,144.80251524183484,144.79838653564454,140.76579350789387,139.78889030456543,146.63180122093772,118.31426719297552,171.12773556954076,True,True,False,True,False,False,True,False,False,-6.804189197587174,noise,67.64584834119496,False,False,False,False,,"Paper, Forest & Jute Products",Paper & Paper Products,56.35627530364372,False,False
TNPETRO.NS,2026-09-22,129.0,129.4112091064453,117.74130524529352,111.0921710205078,95.90282018025717,96.53151630401611,127.96248465363789,77.74606367099086,145.26368311165538,True,False,False,True,True,True,True,True,False,25.766487119493675,noise,34.15307101932513,False,True,False,False,,Chemicals & Petrochemicals,Petrochemicals,81.37651821862349,True,False
TNTELE.NS,2026-09-22,9.109999656677246,8.941666603088379,8.98722219467163,9.01400001525879,9.172333316802979,9.279999990463256,8.97797301054908,7.809999942779541,15.739999771118164,False,False,False,False,True,False,False,True,False,-33.84168951468022,noise,93.93776305572867,False,False,False,False,,Telecom -  Equipment & Accessories,Telecom -  Equipment & Accessories,23.157894736842106,False,False
TARIL.NS,2026-09-22,280.75,285.68353780110675,294.4416775173611,298.5425439453125,306.66583750406903,297.84111991882327,283.5187276821297,223.84705029255147,551.5000163898602,False,True,False,False,False,False,False,False,False,-47.564001092994225,noise,53.83662846784083,False,False,False,False,,Electrical Equipment,Heavy Electrical Equipment,10.242914979757085,False,False
TTL.NS,2026-09-22,7.289999961853027,6.886666615804036,6.510833303133647,6.4849999809265135,7.522800003687541,7.742950015068054,6.989152232715102,5.5,11.800000190734863,False,False,False,False,True,True,False,True,False,-33.60655495648361,red,217.5470238634457,False,False,False,False,,Textiles & Apparels,Other Textile Products,23.522267206477732,False,False
TVTODAY.NS,2026-09-22,107.66999816894531,108.45999972025554,111.97250005933974,113.76560028076172,113.84086649576822,118.35215007781983,108.27445940171083,93.5,153.4199981689453,False,False,False,False,False,False,False,False,False,-28.42042316207518,green,113.994330600354,False,False,False,False,,Entertainment,TV Broadcasting & Software Production,30.48582995951417,False,False
TAALTECH.NS,2026-09-22,,,,,,,,,,False,False,False,False,False,False,False,False,False,,noise,,False,False,False,False,,Transport Services,Airline,,False,False
TAC.NS,2026-09-21,476.45001220703125,461.52917226155597,458.76805792914496,467.09900268554685,454.8166680908203,519.1012516784668,469.49001462451946,347.3999938964844,1147.5,False,False,False,False,True,True,False,True,True,-56.125969553856294,noise,41.475660336171146,False,False,False,False,,IT - Software,Computers - Software & Consulting,5.62753036437247,False,False
TAINWALCHM.NS,2026-09-22,219.2899932861328,211.4599978129069,210.41016472710504,208.69310668945312,198.48470255533854,193.75318908691406,213.08274435844473,152.712398634533,253.20700448553967,True,True,True,True,True,True,True,True,False,2.83446503518896,dry,14.104853662143254,False,True,False,False,,Industrial Products,Plastic Products - Industrial,65.87044534412956,False,False
TAJGVK.NS,2026-09-22,328.8500061035156,331.92083231608075,342.09402041965063,346.55179992675784,333.1980820719401,346.67097534179686,331.8616398112947,279.6735506480844,447.318616106663,False,False,False,False,False,False,False,False,False,-23.073770462545806,noise,43.148761647196984,False,False,False,False,,Leisure Services,Hotels & Resorts,37.40890688259109,False,False
TAKE.NS,2026-09-22,15.84000015258789,16.579166809717815,18.84833330578274,19.348799934387205,30.078733291625976,32.55599998474121,16.55207782635732,10.09000015258789,50.13999938964844,False,False,False,False,False,True,False,False,False,52.895759435461606,noise,38.54190852803905,False,True,False,False,,Healthcare Services,"Healthcare Research, Analytics & Technology",89.7165991902834,True,False
TALBROAUTO.NS,2026-09-22,475.29998779296875,436.3607889811198,423.24645657009546,417.10417724609374,348.26962778727216,329.0088501739502,445.24710952796886,219.6121671693998,485.79998779296875,True,True,True,True,True,True,True,True,False,55.41234994244368,green,134.71817867307215,False,False,False,False,,Auto Components,Auto Components & Equipments,90.12145748987854,True,True
TAMBOLIIN.NS,2026-09-22,,,,,,,,,,False,False,False,False,False,False,False,False,False,,noise,,False,False,False,False,,Finance,Holding Company,,False,False
TANAA.NS,2026-09-22,,,,,,,,,,False,False,False,False,False,False,False,False,False,,ppv,,False,False,True,False,,Aerospace & Defense,Aerospace & Defense,,False,False
TANLA.NS,2026-09-22,485.3500061035156,499.4291636149089,546.544445461697,558.3790002441406,513.1039432779947,510.66220520019533,497.67046748996086,361.8340643388348,739.8029570770475,False,True,False,True,False,True,False,False,False,-32.57864613383673,noise,30.97305919886565,False,False,False,False,,IT - Software,Software Products,25.182186234817816,False,False
TAPIFRUIT.NS,2026-09-21,44.25,47.79999987284342,49.5722221798367,49.462000045776364,53.65999994913737,57.04999990463257,46.976837833581904,44.25,104.80000305175781,False,False,False,False,False,False,False,False,False,-55.683524610700296,dry,0.0,False,False,False,True,,Food Products,Packaged Foods,5.7894736842105265,False,False
TARACHAND.NS,2026-09-22,47.08000183105469,47.30416679382324,48.80444463094076,50.655400085449216,56.21184562683106,60.25574686050415,47.26691103593939,46.0099983215332,103.29762072017522,False,False,False,False,False,False,False,False,False,-33.206497691024126,noise,39.035795320259666,False,False,False,False,,Commercial Services & Supplies,Diversified Commercial Services,24.089068825910932,False,False
TARAPUR.NS,2026-09-22,12.079999923706055,12.613333384195963,13.766388866636488,14.756400012969971,19.981466643015544,22.15740000247955,12.584690069188182,11.40999984741211,39.9900016784668,False,False,False,False,False,False,False,False,False,-57.071783277472996,noise,90.65338329180001,False,True,False,True,,Electrical Equipment,Heavy Electrical Equipment,4.979757085020243,False,False
TARC.NS,2026-09-22,130.66000366210938,130.24833234151205,126.9613880581326,126.71999938964844,129.86139979044597,137.15679988861083,129.59610321041032,109.0999984741211,186.3000030517578,False,False,False,False,True,False,False,True,False,-23.657605421163098,noise,37.05612725287364,False,False,False,False,,Realty,"Residential, Commercial Projects",36.80161943319838,False,False
TARMAT.NS,2026-09-22,54.220001220703125,58.56583309173584,57.00027762518989,54.96239990234375,53.872533264160154,53.377849941253665,57.289605703041246,46.2599983215332,73.9000015258789,True,True,False,True,False,False,False,False,False,3.5721161434349558,dry,15.218137917315042,False,True,False,False,,Construction,Civil Construction,66.43724696356276,False,False
TARSONS.NS,2026-09-22,331.5,319.2999954223633,327.9249979654948,322.2219989013672,251.9777330525716,243.41354972839355,321.57892607550275,164.4499969482422,375.0,True,True,True,True,True,True,True,True,False,7.229502359621365,noise,38.19236052137064,False,True,False,False,,Healthcare Equipment & Supplies,Medical Equipment & Supplies,69.39271255060729,False,False
TASTYBITE.NS,2026-09-22,9829.0,9947.416666666666,9847.268663194445,9613.2254296875,8241.988639322917,8097.065524902344,9921.103540953076,6423.080951409604,10544.0,True,True,True,True,True,True,True,False,False,3.985071453411204,noise,33.44492475704489,False,True,False,False,,Food Products,Packaged Foods,66.92307692307692,False,False
TATACAP.NS,2026-09-22,,,,,,,,,,False,False,False,False,False,False,False,False,False,,noise,62.94224616635251,False,False,False,False,,Finance,Non Banking Financial Company (NBFC),,False,False
TATACHEM.NS,2026-09-22,674.0,663.9583333333334,654.8222232394749,663.5330017089843,692.6645007324219,701.8962686157226,682.0790113320298,571.5129923118551,986.433615497701,False,False,False,False,True,False,False,False,False,-29.73328172422116,noise,93.49311621042756,False,True,False,False,,Chemicals & Petrochemicals,Commodity Chemicals,28.62348178137652,False,False
TATACOMM.NS,2026-09-22,1692.4000244140625,1758.0,1729.0916680230034,1746.587998046875,1702.2786124674478,1701.2683270263672,1747.505489572888,1310.5824719426591,2110.0,False,True,False,True,False,False,True,False,False,3.3207937168122426,noise,48.72531978031033,False,False,False,False,,Telecom - Services,Telecom - Cellular & Fixed line services,66.15384615384615,False,False
TATACONSUM.NS,2026-09-22,984.0999755859375,999.3583221435547,1040.0277743869358,1054.8099951171876,1099.6032873535157,1113.8542587280274,999.8670945771386,984.0999755859375,1271.9371979227803,False,False,False,False,False,False,True,False,False,-12.182361847910151,noise,53.429398538499505,False,False,False,True,,Agricultural Food & other Products,Tea & Coffee,50.445344129554655,False,False
TATAELXSI.NS,2026-09-22,3220.0,3376.2916666666665,3585.6888834635415,3577.5879931640625,3963.4899088541665,4276.5218115234375,3355.127721424301,3200.0,5845.177388781378,False,False,False,False,False,False,False,False,False,-41.54191600178533,red,166.888841694117,False,False,False,True,,IT - Software,Computers - Software & Consulting,15.465587044534413,False,False
TATAINVEST.NS,2026-09-22,682.25,666.6916656494141,659.7583346896702,659.8260021972657,661.7327714029948,662.9361752319336,677.7712741404679,536.0852264589291,1178.621408861613,True,False,False,False,True,False,False,True,False,-5.8139533903949765,noise,63.746281836931075,False,False,False,False,,Finance,Investment Company,57.732793522267215,False,False
TMCV.NS,2026-09-22,,,,,,,,,,False,False,False,False,False,False,False,False,False,,noise,63.5218583627044,False,False,False,False,,"Agricultural, Commercial & Construction Vehicles",Commercial Vehicles,,False,False
TMPV.NS,2026-09-22,300.04998779296875,303.6458333333333,319.47083282470703,323.04999877929686,341.31268412272135,344.8562950134277,304.3276097391836,291.8787603017159,733.6144341409002,False,False,False,False,False,False,False,False,False,-56.547361822514695,noise,79.90782777081951,False,False,False,False,,Automobiles,Passenger Cars & Utility Vehicles,5.303643724696356,False,False
TATAPOWER.NS,2026-09-22,367.0,366.5749969482422,370.15277608235675,372.4039990234375,390.8201039632161,385.5684341430664,366.8267039325449,340.3907303086808,462.0369390979878,False,True,False,False,False,False,True,True,False,-6.583822060013733,noise,60.42409695331382,False,False,False,False,,Power,Integrated Power Utilities,56.80161943319838,False,False
TATASTEEL.NS,2026-09-22,184.97000122070312,184.9283307393392,185.9661110772027,186.0052001953125,194.89742390950522,191.3292216491699,184.83453365709113,156.82581752306186,219.86575104195882,False,True,True,False,False,False,True,True,False,10.14913237820183,noise,72.89270719311602,False,False,False,False,,Ferrous Metals,Iron & Steel,72.18623481781377,True,False
TATATECH.NS,2026-09-22,715.5499877929688,758.6625061035156,801.106945461697,783.5380004882812,681.0969500732422,669.9563377380371,748.8627552125707,499.7255286427323,891.0,True,True,True,True,False,True,True,False,False,3.458731481056576,noise,31.302347281257337,False,True,False,False,,IT - Services,IT Enabled Services,66.2753036437247,False,False
TTML.NS,2026-09-22,35.619998931884766,35.98333326975504,37.54388872782389,38.21859985351563,40.531533330281576,42.12865005493164,35.99586918408439,31.219999313354492,60.08000183105469,False,False,False,False,False,False,False,False,False,-37.77079334837842,noise,41.984105939711434,False,False,False,False,,Telecom - Services,Telecom - Cellular & Fixed line services,19.02834008097166,False,False
TATVA.NS,2026-09-22,1744.199951171875,1676.0162760416667,1670.119656032986,1666.3383520507812,1363.7752563476563,1347.9490777587891,1693.9977798902275,980.3169243562961,1835.884327566065,True,True,True,True,True,True,True,True,True,58.28015321015418,noise,30.289194161935185,False,False,False,False,,Chemicals & Petrochemicals,Specialty Chemicals,90.5668016194332,True,True
TBI.NS,2026-09-21,79.19999694824219,76.9375,68.35416645473904,66.90499954223633,66.98433314005534,70.63674983978271,77.75464930460288,55.0,105.8499984741211,True,False,False,False,True,True,False,True,False,-23.441276670247458,red,118.4683731753755,False,False,False,False,,Agricultural Food & other Products,Other Agricultural Products,37.16599190283401,False,False
TBOTEK.NS,2026-09-22,1703.699951171875,1684.6166585286458,1674.9111022949219,1618.6899877929689,1384.2013338216145,1429.0590002441406,1687.703100200017,1004.2000122070312,1764.800048828125,True,False,False,True,True,True,True,True,False,4.444580809845844,red,257.85194380862475,False,False,False,False,,Leisure Services,"Tour, Travel Related Services",67.1255060728745,False,False
TCC.NS,2026-09-22,,,,,,,,,,False,False,False,False,False,False,False,False,False,,green,129.1217200932488,False,False,False,False,,Retailing,Internet & Catalogue Retail,,False,False
TCIEXP.NS,2026-09-22,486.1499938964844,514.2291666666666,539.772220187717,546.1490002441407,529.9466664632162,534.9509712219239,502.7455667423961,447.54998779296875,770.6064470343156,False,False,False,True,False,False,False,False,False,-29.340030215366543,dry,9.81814899422993,False,True,False,False,,Transport Services,Logistics Solution Provider,29.31174089068826,False,False
TCIFINANCE.NS,2026-09-22,15.260000228881836,15.100000063578287,15.169444428549873,15.195199966430664,15.463799985249837,16.799299988746643,15.167658017538022,10.0,38.459999084472656,False,False,True,False,True,True,False,True,False,15.693712769916402,noise,31.435981383895466,False,False,False,False,,Finance,Non Banking Financial Company (NBFC),76.11336032388664,True,False
TCPLPACK.NS,2026-09-22,3833.800048828125,3862.7833251953125,3824.4083251953125,3652.7612548828124,2974.4500016276043,2943.4601538085935,3855.6844785646917,2183.081091821615,4410.89990234375,True,True,True,True,True,True,True,False,False,13.52252446790445,dry,12.426227757459586,False,True,False,False,,Industrial Products,Packaging,74.21052631578947,True,True
TCS.NS,2026-09-22,2105.0,2192.308349609375,2295.1888902452256,2297.500009765625,2314.340044759115,2499.656080932617,2176.660326733646,1966.0205187179013,3287.1613923698505,False,False,False,False,False,False,False,False,False,-28.67511069855968,red,112.72388746637864,False,True,False,False,,IT - Software,Computers - Software & Consulting,30.04048582995951,False,False
TDPOWERSYS.NS,2026-09-22,756.4000244140625,753.4708353678385,729.2847205268013,681.9907678222656,586.5451261393229,529.5634161376953,749.069628797075,269.407656609315,817.5499877929688,True,True,True,True,True,True,True,True,False,179.7538868978171,noise,63.42161879978696,False,False,False,False,,Electrical Equipment,Heavy Electrical Equipment,98.66396761133603,True,True
TEAMGTY.NS,2026-09-22,240.77000427246094,237.3216667175293,232.8163888719347,230.0886001586914,244.7766663614909,253.0159992980957,238.61599887906678,210.0,332.54998779296875,False,False,False,False,True,False,False,True,False,4.682610553243882,dry,9.754003488618517,False,False,False,False,,Finance,Non Banking Financial Company (NBFC),67.32793522267207,False,False
TEAMLEASE.NS,2026-09-22,1201.0,1239.5999959309895,1248.1083238389756,1269.5379931640625,1290.5760017903647,1344.8640014648438,1228.4041882567221,1065.199951171875,1910.0,False,False,False,False,False,False,False,False,False,-36.11702127659574,noise,59.08438438592467,False,False,False,False,,Commercial Services & Supplies,Diversified Commercial Services,20.89068825910931,False,False
TPHQ.NS,2026-09-22,0.5299999713897705,0.5241666585206985,0.5205555508534113,0.4929999953508377,0.5139333283901215,0.5406999984383583,0.532170418117415,0.4000000059604645,0.8600000143051147,False,False,False,False,True,True,False,False,False,-27.397266090150964,noise,37.95043457162212,False,False,False,False,,Construction,Civil Construction,32.22672064777328,False,False
TECHM.NS,2026-09-22,1551.5999755859375,1548.4083353678386,1593.3055589463975,1591.86400390625,1460.7563321940104,1491.4640161132813,1556.2386913268106,1271.0685229802766,1807.040094106148,True,False,True,True,False,False,True,False,False,6.85464247509,noise,41.104702447349304,False,True,False,False,,IT - Software,Computers - Software & Consulting,68.98785425101215,False,False
TECHNOE.NS,2026-09-22,1005.6500244140625,980.1250508626302,986.8555111355251,989.9652282714844,1078.7374442545572,1067.1625662231445,991.0440579604145,863.7720549794727,1449.548429569916,False,True,False,False,True,False,False,True,False,-29.09338554890907,noise,61.911067357706614,False,False,False,False,,Construction,Civil Construction,29.47368421052631,False,False
TIIL.NS,2026-09-22,2983.0,3121.0416666666665,3078.3638848198784,2929.4099951171875,2578.8653483072917,2477.862260131836,3095.299557972707,1853.268132631259,3565.300048828125,True,True,True,True,True,True,True,False,False,21.11457740235394,red,115.68986507762999,False,False,False,False,,Industrial Products,Iron & Steel Products,79.39271255060729,True,True
TECHNOCRAF.NS,2026-09-22,,,,,,,,,,False,False,False,False,False,False,False,False,False,,noise,,False,False,True,False,,Other Utilities,Water Supply & Management,,False,False
TECHNVISN.NS,2026-09-22,,,,,,,,,,False,False,False,False,False,False,False,False,False,,noise,,False,False,False,True,,IT - Software,Software Products,,False,False
TECILCHEM.NS,2026-09-22,9.3100004196167,9.483333587646484,9.308055639266968,9.440000057220459,11.251666660308837,12.778400015830993,9.4800470120846,8.0,22.079999923706055,False,False,False,False,False,False,False,False,False,-53.449997901916504,noise,21.373072918293264,False,False,False,False,,Chemicals & Petrochemicals,Commodity Chemicals,6.720647773279352,False,False
TGL.NS,2026-09-21,14.949999809265137,16.625,17.65416667196486,18.674000034332277,25.136333395640055,35.262250027656556,16.05404396138674,14.100000381469727,83.8499984741211,False,False,False,False,False,False,False,False,False,-71.38756017365525,noise,26.204564666103124,False,False,False,False,,Construction,Civil Construction,1.2955465587044535,False,False
TEGA.NS,2026-09-22,2069.0,1794.6242574055989,1693.7145216200088,1656.9376635742187,1684.1388549804688,1724.8256384277345,1871.8633134278655,1471.2888029532853,2175.0,True,False,False,False,True,True,True,True,False,2.7942225506931484,red,300.56798027221004,False,False,False,False,,Industrial Manufacturing,Industrial Products,65.70850202429149,False,False
TEJASNET.NS,2026-09-22,516.2999877929688,543.8666636149088,535.2277764214409,531.3119970703125,497.826332804362,472.19199920654296,530.8764203654179,294.0,644.75,True,True,False,True,False,True,True,False,False,-13.928480652409226,noise,29.777382394370356,False,False,False,False,,Telecom -  Equipment & Accessories,Telecom -  Equipment & Accessories,48.54251012145749,False,False
TEMBO.NS,2026-09-22,57.36000061035156,57.13666661580404,58.52180544535319,57.47099998474121,56.52946660359701,57.946680030822755,57.00637362182207,43.334999084472656,83.55384731237945,False,False,False,False,False,True,False,True,False,-6.049160960645894,noise,47.201410438375326,False,True,False,False,,Industrial Products,Iron & Steel Products,57.449392712550605,False,False
TEMPSENS.NS,2026-09-22,,,,,,,,,,False,False,False,False,False,False,False,False,False,,noise,,False,False,False,False,,Industrial Manufacturing,Industrial Products,,False,False
TENNIND.NS,2026-09-22,,,,,,,,,,False,False,False,False,False,False,False,False,False,,noise,49.25129326227694,False,False,False,False,,Auto Components,Auto Components & Equipments,,False,False
TERASOFT.NS,2026-09-22,240.8000030517578,249.79012807210287,311.86726718478735,333.64833557128907,355.32697021484375,371.74059326171874,247.75672891549303,222.17257418245342,595.1140308329547,False,False,False,False,False,False,False,False,False,-43.24002885139052,noise,64.24614663422653,False,False,False,False,,IT - Services,IT Enabled Services,14.08906882591093,False,False
TERAI.NS,2026-09-21,,,,,,,,,,False,False,False,False,False,False,False,False,False,,noise,,False,False,False,False,,Agricultural Food & other Products,Tea & Coffee,,False,False
TEXINFRA.NS,2026-09-22,115.0199966430664,115.59916559855144,112.59523031446669,112.91098419189453,103.5591108194987,102.61530738830567,114.74749167075333,82.39240445413874,121.80000305175781,True,True,True,True,True,True,True,True,False,20.52134859126358,noise,79.9201706560882,False,False,False,False,,Commercial Services & Supplies,Diversified Commercial Services,79.10931174089069,True,True
TEXRAIL.NS,2026-09-22,119.19999694824219,115.21522839864095,110.06606737772624,110.64434188842773,106.17904200236002,110.94520500183106,114.57819653084414,77.55295586446476,148.28958915770156,True,False,False,False,True,True,True,True,False,-18.308500144258833,ppv,209.962779022887,False,False,False,False,,Industrial Manufacturing,Railway Wagons,43.92712550607287,False,False
TEXMOPIPES.NS,2026-09-22,59.380001068115234,58.55666732788086,49.5269447962443,47.76180030822754,45.50466672261556,46.071749992370606,58.45470897846565,33.0,64.5,True,False,False,True,True,True,True,True,False,1.9924421557717453,red,148.90086328269604,False,False,False,False,,Industrial Products,Plastic Products - Industrial,65.26315789473685,False,False
TGBHOTELS.NS,2026-09-22,9.640000343322754,9.575833241144815,9.45777776506212,9.342799987792969,9.172199980417888,9.27439998626709,9.553688367072077,7.5,13.399999618530273,True,False,False,True,True,False,False,True,False,-22.694465622335958,noise,35.650258178199515,False,False,False,False,,Leisure Services,Hotels & Resorts,38.25910931174089,False,False
TGVSL.NS,2026-09-22,,,,,,,,,,False,False,False,False,False,False,False,False,False,,noise,,False,False,False,False,,Chemicals & Petrochemicals,Commodity Chemicals,,False,False
TCL.NS,2026-09-21,138.75,120.6291675567627,126.57083299424913,123.76499984741211,105.34233322143555,103.02899990081787,125.53879659475524,74.05000305175781,147.4499969482422,True,True,True,True,True,True,True,True,False,7.516463943322682,green,338.452787258248,True,False,False,False,,Auto Components,Auto Components & Equipments,69.63562753036437,False,False
THACKER.NS,2026-09-22,,,,,,,,,,False,False,False,False,False,False,False,False,False,,noise,,False,False,False,False,,Finance,Other Financial Services,,False,False
THAKDEV.NS,2026-09-22,,,,,,,,,,False,False,False,False,False,False,False,False,False,,noise,,False,False,False,False,,Realty,"Residential, Commercial Projects",,False,False
THANGAMAYL.NS,2026-09-22,5119.5,5086.375,5247.833333333333,5565.6598046875,4781.613619791667,4449.890350341797,5056.461243160112,1934.089956974078,7430.0,True,True,True,True,False,True,False,True,False,143.759557515859,noise,34.17974633910805,False,False,False,False,,Consumer Durables,"Gems, Jewellery And Watches",97.77327935222672,True,False
ANUP.NS,2026-09-22,1663.0,1676.816670735677,1797.3285759819878,1889.7168774414063,1902.20904296875,1942.4532641601563,1669.6363860561723,1413.1287937902684,2559.3896551627895,False,False,False,False,False,False,False,False,False,-34.01691799880368,noise,83.01631982749278,False,False,False,False,,Industrial Manufacturing,Industrial Products,22.914979757085018,False,False
BBTC.NS,2026-09-22,1460.4000244140625,1453.566670735677,1476.3638814290364,1480.3539892578126,1518.3035815429687,1589.927724609375,1459.2459369926714,1314.5999755859375,2114.6666501437494,False,False,False,False,False,False,False,True,False,-23.856522117962342,dry,12.54545855327414,False,False,False,False,,Food Products,Packaged Foods,36.558704453441294,False,False
BYKE.NS,2026-09-22,30.309999465942383,30.976666768391926,31.855000178019207,32.23480010986328,35.30186673482259,39.51129997253418,30.656594082564887,26.25,73.05999755859375,False,False,False,False,False,False,False,False,False,-56.78026429059193,noise,36.63529845297157,False,True,False,False,,Leisure Services,Hotels & Resorts,5.182186234817814,False,False
HITECHGEAR.NS,2026-09-22,534.25,555.6750030517578,555.6958329942491,567.7639990234375,595.7513326009115,619.0037496948243,547.7307360572254,521.25,897.4500122070312,False,False,False,False,False,False,False,False,False,-24.649524795798417,noise,31.570169168453653,False,True,False,False,,Auto Components,Auto Components & Equipments,35.54655870445344,False,False
THEINVEST.NS,2026-09-22,95.25,96.1924991607666,97.0308329264323,96.97279983520508,99.4531332397461,102.66459980010987,95.66474368474908,89.0,159.2899932861328,False,False,False,False,False,False,False,False,False,-36.63518137372135,noise,28.498142173427727,False,False,False,False,,Finance,Other Financial Services,20.242914979757085,False,False
PKTEA.NS,2026-09-22,997.9000244140625,1011.952891031901,821.2802429199219,790.175751953125,791.4313354492188,782.3104669189453,965.4998147997205,604.5074679843734,1168.0482306051329,True,True,True,False,True,True,True,True,False,18.183909862254865,noise,29.428977510241623,False,False,False,False,,Agricultural Food & other Products,Tea & Coffee,77.61133603238866,True,False
RAMCOCEM.NS,2026-09-22,883.5,870.8916676839193,897.7156473795573,903.2222497558594,936.4048710123698,971.7054336547851,874.1526757570736,836.0183952677719,1211.1945755050306,False,False,False,False,False,False,False,True,False,-16.612281775873107,red,123.96663020510307,False,False,False,False,,Cement & Cement Products,Cement & Cement Products,45.546558704453446,False,False
THEJO.NS,2026-09-22,2167.89990234375,2165.375,2122.8846605088975,2062.257939453125,1814.8642561848958,1790.4224548339844,2161.096568515426,1440.1922305183673,2281.202323145146,True,True,True,True,True,True,True,True,False,15.531370105048413,noise,87.99937547571187,False,True,False,False,,Industrial Manufacturing,Industrial Products,75.95141700404858,True,True
THEMISMED.NS,2026-09-22,122.5999984741211,126.51583480834961,118.67277823554144,115.97980041503907,102.45799992879232,100.34514980316162,123.9116144672025,64.94999694824219,148.0,True,True,True,True,True,True,True,False,False,-5.211070090153558,noise,22.49977037467284,False,False,False,False,,Pharmaceuticals & Biotechnology,Pharmaceuticals,58.46153846153847,False,False
THERMAX.NS,2026-09-22,3472.199951171875,3597.2999877929688,3848.691650390625,4032.6919921875,4056.870545247396,3771.751661376953,3591.1801350899464,2731.5439342301706,5256.332008959298,False,True,True,False,False,False,False,False,False,5.40515502204395,noise,75.62184979490148,False,False,False,False,,Electrical Equipment,Heavy Electrical Equipment,67.85425101214575,False,False
TIRUMALCHM.NS,2026-09-22,157.32000732421875,156.41749827067056,159.26055526733398,161.98919982910155,178.15806630452474,187.5785496520996,156.7435782496396,143.5,327.0,False,False,False,False,False,False,False,True,False,-51.55657973080254,noise,24.981190707355672,False,True,False,False,,Chemicals & Petrochemicals,Commodity Chemicals,7.813765182186234,False,False
THOMASCOOK.NS,2026-09-22,104.8499984741211,106.82416598002116,106.73952907986111,105.2301171875,101.64111653645833,109.18383674621582,105.73918078504823,85.96001645922374,172.57706097037348,False,False,False,False,False,False,False,False,False,-37.51813933170879,noise,21.011422658957805,False,False,False,False,,Leisure Services,"Tour, Travel Related Services",19.35222672064777,False,False
THOMASCOTT.NS,2026-09-22,236.89999389648438,241.7749989827474,278.14583163791235,285.5739996337891,282.16166636149086,294.6599997711182,241.3232262262181,221.8000030517578,459.79998779296875,False,False,False,False,False,False,False,False,False,-38.275142930886666,green,111.24885352649629,False,False,False,False,,Textiles & Apparels,Garments & Apparels,18.54251012145749,False,False
THYROCARE.NS,2026-09-22,577.5,559.6916707356771,585.7208336724175,579.1319995117187,490.04206298828126,475.8299392700195,563.6546245024374,338.148639887055,662.0,True,True,True,True,False,True,True,True,False,44.807903510372206,ppv,47.12466822000968,False,False,False,False,,Healthcare Services,Healthcare Service Provider,87.57085020242916,True,False
TIGERLOGS.NS,2026-09-22,26.56999969482422,27.171666463216145,27.678888744778103,28.704799842834472,31.519733187357584,32.227849912643435,26.902877726937607,22.899999618530273,54.900001525878906,False,False,False,False,False,False,False,False,False,-47.365293312664846,noise,53.418828776624224,False,True,False,False,,Transport Services,Logistics Solution Provider,10.364372469635628,False,False
TIJARIA.NS,2026-09-22,6.869999885559082,7.914999922116597,6.554166661368476,5.976799993515015,5.02979998588562,5.028699985742569,7.447193471694586,3.549999952316284,9.800000190734863,True,True,False,True,True,True,False,False,False,8.87480107540004,noise,23.376861854454674,False,False,False,False,,Industrial Products,Plastic Products - Industrial,70.97165991902834,True,False
TIL.NS,2026-09-22,248.07000732421875,250.61167017618814,242.5980576409234,238.3072018432617,212.80644551595051,223.48983413696288,250.20832759232442,161.25,355.0,True,False,False,True,True,True,False,False,False,-26.69325892479103,dry,5.220274775188498,False,False,False,False,,"Agricultural, Commercial & Construction Vehicles",Construction Vehicles,32.99595141700405,False,False
TI.NS,2026-09-22,574.6500244140625,540.1163889567057,543.827510409885,517.1455657958984,466.92707458496096,460.2374299621582,551.3954493489707,380.8184953584051,593.4101250631628,True,True,True,True,True,True,True,True,False,24.74354715031226,red,164.16263214985565,False,False,False,False,,Beverages,Breweries & Distilleries,81.01214574898785,True,True
TIMETECHNO.NS,2026-09-22,180.58999633789062,179.8177401224772,188.41581386990018,192.8775048828125,182.02291463216145,182.5296996307373,179.72038207351886,152.72234380182346,247.08292733306988,False,False,False,True,False,False,False,True,False,-23.77530615735932,noise,77.32120722482388,False,False,False,False,,Industrial Products,Plastic Products - Industrial,36.68016194331984,False,False
TIMESCAN.NS,2026-09-21,41.400001525878906,39.49583339691162,40.12916670905219,40.38599983215332,42.079666697184244,43.842750034332276,39.62573262529048,37.29999923706055,59.0,False,False,False,False,True,False,False,True,False,-29.83050588834084,noise,78.125,False,False,False,False,,Transport Services,Logistics Solution Provider,28.582995951417008,False,False
TIMEX.NS,2026-09-22,,,,,,,,,,False,False,False,False,False,False,False,False,False,,noise,47.794036286570666,False,True,False,False,,Consumer Durables,"Gems, Jewellery And Watches",,False,False
TIMKEN.NS,2026-09-22,3178.5,3190.6166381835938,3203.044447157118,3180.0689453125,3360.576158854167,3284.5564392089846,3180.00434952012,2798.2399489351046,3921.832239688061,False,True,False,False,False,False,True,False,False,4.561261706096853,noise,87.54450460658893,False,False,False,False,,Industrial Products,Abrasives & Bearings,67.16599190283401,False,False
TINNARUBR.NS,2026-09-22,1008.0999755859375,1015.7125752766927,1043.7107645670574,1051.4331872558594,857.9820882161458,827.7008361816406,1014.2233190046084,525.757597687682,1317.7581839116879,True,True,True,True,False,True,True,False,False,22.698818179474745,noise,26.449833138747973,False,False,False,False,,Industrial Products,Rubber,80.2834008097166,True,False
TIPSFILMS.NS,2026-09-22,316.3500061035156,323.5250015258789,344.07083468967016,347.2810009765625,350.1636669921875,363.3187501525879,322.31727707801855,276.75,479.25,False,False,False,False,False,False,False,False,False,-30.28867020423106,dry,11.926439129823315,False,False,False,False,,Entertainment,"Film Production, Distribution & Exhibition",27.93522267206478,False,False
TIPSMUSIC.NS,2026-09-22,661.7999877929688,655.8916676839193,655.5152774386936,662.7969995117187,625.4443318684896,603.5469665527344,657.2679262940815,478.56920878389656,741.0,True,True,True,True,False,True,True,True,True,12.61004812466675,noise,26.463745724873878,False,False,False,False,,Entertainment,Media & Entertainment,73.7246963562753,True,False
TIRUPATIFL.NS,2026-09-22,74.61000061035156,69.25583394368489,68.8413889143202,69.84099990844726,53.70913319905599,48.87714985847473,69.53044602329699,30.110000610351562,83.9000015258789,True,True,True,True,True,True,True,True,False,88.7904851875944,noise,84.33991279008794,False,False,False,False,,Industrial Products,Castings & Forgings,94.61538461538461,True,True
TITAGARH.NS,2026-09-22,834.8499755859375,846.8666737874349,842.2125040690104,841.3840014648438,792.9450016276041,796.5927493286133,837.7373636059983,568.7000122070312,971.0,True,False,False,True,False,True,True,False,False,-10.606065557206712,noise,70.76173893556886,False,False,False,False,,Industrial Manufacturing,Railway Wagons,52.2672064777328,False,False
TITAN.NS,2026-09-22,4928.5,4936.208333333333,5018.963894314236,4942.184013671875,4484.684672851563,4374.787711181641,4918.437145525377,3292.2971645749917,5186.7001953125,True,True,True,True,False,True,True,True,False,43.012929948010715,ppv,171.68843745132608,False,False,False,False,,Consumer Durables,"Gems, Jewellery And Watches",86.8421052631579,True,False
TOKYOPLAST.NS,2026-09-22,78.4000015258789,76.70666694641113,77.83583301968045,78.71219970703125,81.77080019632976,88.05665021896363,76.89717465507489,53.86000061035156,140.85000610351562,False,False,False,False,False,True,False,True,False,-38.62052809409631,green,330.0359053271781,True,False,False,False,,Consumer Durables,Plastic Products - Consumer,18.178137651821864,False,False
TOLINS.NS,2026-09-22,89.5999984741211,89.60333315531413,94.72638893127441,97.08540023803711,102.57946670532226,109.18779994964599,89.46033566913758,83.04000091552734,201.0,False,False,False,False,False,False,False,True,False,-51.89519965822147,noise,71.61944650147004,False,False,False,False,,Auto Components,Tyres & Rubber Products,7.611336032388665,False,False
TORNTPHARM.NS,2026-09-22,4935.0,4912.291666666667,4934.916666666667,4947.45599609375,4568.449915364583,4401.217761230469,4911.079563024343,3450.040733610751,5250.0,True,True,True,True,False,True,True,True,False,36.18296459834171,noise,46.34134314487833,False,True,False,False,,Pharmaceuticals & Biotechnology,Pharmaceuticals,84.8582995951417,True,False
TORNTPOWER.NS,2026-09-22,1246.300048828125,1281.9000040690105,1281.3277791341145,1321.5580004882813,1431.0449454752604,1404.9910217285155,1271.9400717231667,1171.7578125,1817.8039543841724,False,True,False,False,False,False,False,False,False,-0.3960669202660472,noise,34.38904592140323,False,False,False,False,,Power,Integrated Power Utilities,62.874493927125506,False,False
TOTAL.NS,2026-09-22,72.19000244140625,73.34750048319499,68.74273098839654,63.41232200622559,57.268847681681315,60.77967924118042,72.1510099533465,44.205168835815904,86.33760994596305,True,False,False,True,True,True,True,True,False,4.773332057728208,noise,24.17289899365421,False,False,False,False,,Transport Services,Logistics Solution Provider,67.4493927125506,False,False
TOUCHWOOD.NS,2026-09-22,61.66999816894531,61.3324998219808,62.58305528428819,63.861399993896484,69.48266660054524,76.87245000839233,61.365101784498776,57.599998474121094,128.0,False,False,False,False,False,False,False,True,False,-45.1480939237298,noise,57.79717862720501,False,False,False,False,,Other Consumer Services,Other Consumer Services,12.186234817813766,False,False
TFCILTD.NS,2026-09-22,140.8000030517578,140.51333236694336,132.07933256361218,120.37709014892579,88.42572606404623,82.74463041305542,140.13675297423305,50.73462828916926,147.64999389648438,True,True,True,True,True,True,True,True,False,96.3057798019342,ppv,70.92557562578588,False,False,False,False,,Finance,Financial Institution,95.58704453441295,True,True
TOYAMSL.NS,2026-09-22,,,,,,,,,,False,False,False,False,False,False,False,False,False,,noise,,False,False,True,False,,Finance,Other Financial Services,,False,False
TPLPLASTEH.NS,2026-09-22,65.08999633789062,65.96386400858562,72.08028411865234,73.76328536987305,68.58457870483399,67.58684572219849,66.0928747626774,49.06062665477636,88.61521057596687,False,True,False,True,False,True,False,False,False,-12.421394348944158,noise,86.64178538923426,False,False,False,False,,Industrial Products,Packaging,50.20242914979757,False,False
TRACXN.NS,2026-09-22,32.689998626708984,30.744166374206543,30.015555487738716,30.019199981689454,31.331000073750815,32.931050081253055,31.21463701139583,25.389999389648438,55.900001525878906,False,False,False,False,True,False,False,True,False,-36.76982950812173,green,168.1534346032423,False,False,False,False,,Commercial Services & Supplies,Data Processing Services,20.0,False,False
TRANSCOR.NS,2026-09-22,,,,,,,,,,False,False,False,False,False,False,False,False,False,,noise,,False,False,False,False,,Finance,Other Financial Services,,False,False
TREL.NS,2026-09-22,27.309999465942383,27.327499866485596,26.773333231608074,26.097999877929688,25.719666646321613,25.84909998893738,27.51143283351193,21.469999313354492,33.5099983215332,True,False,False,True,True,False,True,False,False,-15.186339071846266,green,115.17656911434165,False,True,False,False,,Transport Services,Logistics Solution Provider,46.963562753036435,False,False
TRANSPEK.NS,2026-09-22,,,,,,,,,,False,False,False,False,False,False,False,False,False,,dry,3.2176040433251787,False,False,False,False,,Chemicals & Petrochemicals,Commodity Chemicals,,False,False
TCI.NS,2026-09-22,813.4500122070312,844.8166707356771,885.5249989827474,897.2461962890625,933.6895178222657,960.9886837768555,836.072867267694,797.0,1230.6142063952873,False,False,False,False,False,False,False,False,False,-30.742690407954875,ppv,217.18300467212543,False,False,False,False,,Transport Services,Logistics Solution Provider,27.44939271255061,False,False
TRANSRAILL.NS,2026-09-22,477.1499938964844,418.0438461303711,445.9669486151801,457.58696716308594,498.147280476888,507.0999230957031,425.79325165068997,400.6499938964844,792.3245036160992,False,False,False,False,True,False,False,True,False,-38.28351832059972,ppv,2957.21683352533,True,False,False,False,,Electrical Equipment,Heavy Electrical Equipment,18.502024291497975,False,False
TRANSTEEL.NS,2026-09-21,84.25,80.80416679382324,90.34444406297472,97.94899978637696,121.66433314005533,127.23899982452393,82.71254967411733,71.1500015258789,169.0,False,False,False,False,False,False,False,True,False,-36.65413533834586,noise,26.174306734578384,False,False,False,False,,Consumer Durables,"Furniture, Home Furnishing",20.20242914979757,False,False
TFL.NS,2026-09-22,11.75,11.988333304723104,11.739166657129923,11.52560001373291,12.110066655476889,12.741799993515015,11.953126057972407,10.210000038146973,18.5,False,False,False,False,True,False,False,False,False,-27.513876226833535,dry,17.233040212966102,False,True,False,False,,Finance,Non Banking Financial Company (NBFC),32.14574898785425,False,False
TRANSWORLD.NS,2026-09-22,166.50999450683594,166.53083165486655,167.2883326212565,165.55299957275392,158.5606664530436,164.08304958343507,166.29938758223452,111.55999755859375,270.989990234375,True,False,False,True,True,True,False,True,False,-34.91890149126405,noise,107.41999784080407,False,False,False,False,,Transport Services,Shipping,21.94331983805668,False,False
TRAVELFOOD.NS,2026-09-22,1230.300048828125,1256.1770426432292,1302.0670708550347,1296.59439453125,1251.5960310872397,1228.9417974853516,1247.0784960549856,1027.1088179140447,1459.2622453212896,False,True,False,True,False,False,True,False,False,-3.93432400666337,noise,21.27420330488839,False,True,False,False,,Leisure Services,Restaurants,59.79757085020243,False,False
TREEHOUSE.NS,2026-09-22,6.050000190734863,6.0,6.151388883590698,6.186000003814697,7.166400022506714,7.377900016307831,5.980394579795983,5.519999980926514,11.0,False,False,False,False,False,False,False,True,False,-25.216315492904616,noise,91.61638292572579,False,False,False,False,,Other Consumer Services,Education,34.65587044534413,False,False
TREJHARA.NS,2026-09-22,136.2100067138672,141.26666768391928,150.89777755737305,147.07260009765625,154.33233337402345,171.4190001678467,138.5746841389774,128.07000732421875,284.8500061035156,False,False,False,False,False,False,False,False,False,-33.79185848316523,green,137.56411760059552,False,False,False,False,,IT - Software,Computers - Software & Consulting,23.31983805668016,False,False
TRENT.NS,2026-09-22,2782.89990234375,2796.891642252604,2899.8361070421006,2907.33798828125,2803.261044921875,2895.1866906738283,2802.4159894297013,2180.44477277369,5130.418805469451,False,False,False,True,False,False,False,False,False,-44.37656561650217,noise,92.01504781476577,False,False,False,False,,Retailing,Speciality Retail,12.914979757085021,False,False
TRF.NS,2026-09-22,216.05999755859375,221.16666666666666,227.21527820163303,229.7406005859375,239.89940002441406,251.60679992675782,219.02824055769955,210.0,404.8999938964844,False,False,False,False,False,False,False,False,False,-38.49700965946968,noise,21.87420255337576,False,True,False,False,,Industrial Manufacturing,Industrial Products,18.218623481781375,False,False
TRIDENT.NS,2026-09-22,22.93000030517578,23.378333409627277,24.135277642144096,24.39919990539551,24.613201535542807,24.99100716590881,23.282258306266733,21.533432302754022,30.31139406763905,False,False,False,False,False,False,True,False,False,-22.881289228747082,noise,51.180626553327905,False,False,False,False,,Textiles & Apparels,Other Textile Products,38.016194331983804,False,False
TECHLABS.NS,2026-09-21,126.6500015258789,124.17916679382324,121.38611094156902,125.67900009155274,165.84233306884767,196.00174980163575,124.89057898619058,105.0,576.0,False,False,False,False,True,False,False,True,False,-76.92447715048712,noise,78.17811012916384,False,False,False,False,,IT - Software,Computers - Software & Consulting,0.7692307692307693,False,False
TRIDHYA.NS,2026-09-21,7.300000190734863,7.162499984105428,8.162500023841858,8.810999994277955,9.677999976476034,10.940749990940095,7.242652761037924,6.300000190734863,19.950000762939453,False,False,False,False,False,False,False,True,False,-57.92507187186311,green,158.73015873015873,False,False,False,False,,Commercial Services & Supplies,Diversified Commercial Services,4.4534412955465585,False,False
TRIGYN.NS,2026-09-22,55.7599983215332,55.872499783833824,56.40638860066732,55.888599700927735,54.51306655883789,56.90374998092651,55.65009463065361,37.54999923706055,102.4000015258789,False,False,False,False,False,True,False,True,False,-37.733113990732946,noise,38.30115491941293,False,True,False,False,,IT - Software,Computers - Software & Consulting,19.10931174089069,False,False
TRITONV.NS,2026-09-22,,,,,,,,,,False,False,False,False,False,False,False,False,False,,noise,,False,True,False,False,,Auto Components,Auto Components & Equipments,,False,False
TRIVENI.NS,2026-09-22,239.5500030517578,254.0083325703939,262.75604756673175,283.87348083496096,356.0324430338542,357.89049652099607,248.57978742687288,219.08086419063903,487.9415273208757,False,False,False,False,False,False,False,False,False,-32.913398296625864,noise,31.643439425986656,False,False,False,False,,Agricultural Food & other Products,Sugar,24.412955465587043,False,False
TRITURBINE.NS,2026-09-22,550.2999877929688,561.0666656494141,580.1582794189453,589.4651257324218,578.1775587972005,561.146866607666,559.0355137423281,426.8691302829629,784.8771245029434,False,True,True,True,False,False,False,False,False,2.758721928483987,noise,56.18070300767648,False,False,False,False,,Electrical Equipment,Heavy Electrical Equipment,65.66801619433198,False,False
TRUALT.NS,2026-09-22,,,,,,,,,,False,False,False,False,False,False,False,False,False,,red,115.22436174879196,False,False,False,False,,Agricultural Food & other Products,Other Agricultural Products,,False,False
TRU.NS,2026-09-22,4.170000076293945,4.166666706403096,4.229444477293226,4.403800020217895,5.449333340326945,6.003800010681152,4.155173207932605,3.9000000953674316,13.119999885559082,False,False,False,False,False,False,False,True,False,-66.95720987235802,noise,26.74861202696313,False,True,False,False,,Finance,Non Banking Financial Company (NBFC),2.1052631578947367,False,False
TRUST.NS,2026-09-21,26.149999618530273,28.108333428700764,27.995833343929714,28.234999961853028,32.64066663106283,36.20924995422363,27.516711157571557,23.799999237060547,77.0,False,False,False,False,False,False,False,False,False,-52.84039809065633,noise,48.1859410430839,False,True,False,False,,IT - Software,Software Products,7.044534412955465,False,False
TSFINV.NS,2026-09-22,461.3500061035156,439.1000010172526,426.0472251044379,433.81800170898435,409.84942606608075,415.72308212280274,444.66694385762213,328.50158671142503,684.5682054144123,True,False,False,True,True,True,False,True,False,-21.695929332436215,noise,69.19031320884017,False,False,False,False,,Finance,Investment Company,39.75708502024292,False,False
TTKHLTCARE.NS,2026-09-22,1050.199951171875,1099.4583333333333,1101.9722120496963,1079.6416052246093,946.6624609375,958.5315048217774,1079.7791916156257,727.5641153871483,1247.0,True,False,False,True,False,True,True,False,False,-10.189348770218976,noise,69.77390820777507,False,False,False,False,,Diversified,Diversified,52.63157894736842,False,False
TTKPRESTIG.NS,2026-09-22,517.1500244140625,537.5791625976562,577.4513888888889,599.6386328125,547.9546520996093,559.3125503540039,537.194836288928,418.4823845881038,762.9636442781316,False,False,False,True,False,False,False,False,False,-20.412181605931345,dry,12.002696926888522,False,False,False,False,,Consumer Durables,Household Appliances,41.29554655870445,False,False
TIINDIA.NS,2026-09-22,2574.0,2609.7166951497397,2745.2607421875,2770.584990234375,2840.512198893229,2749.993319091797,2609.2487205061952,2161.889399515081,3389.7799971439317,False,True,False,False,False,False,True,False,False,-23.059491656164045,noise,24.597277842252762,False,False,False,False,,Auto Components,Auto Components & Equipments,37.449392712550605,False,False
TUNWAL.NS,2026-09-21,25.19999885559082,25.021541754404705,25.64683797624376,25.80858509063721,28.685170046488444,30.00742301940918,25.14517502300194,24.203952617681534,49.60316075055789,False,False,False,False,False,False,False,True,False,-19.040003147205187,noise,63.16489361702128,False,False,False,False,,Automobiles,2/3 Wheelers,43.07692307692308,False,False
TURTLEMINT.NS,2026-09-22,,,,,,,,,,False,False,False,False,False,False,False,False,False,,green,211.6043586123083,False,False,False,False,,Financial Technology (Fintech),Financial Technology (Fintech),,False,False
TUTIALKA.NS,2026-09-22,,,,,,,,,,False,False,False,False,False,False,False,False,False,,noise,,False,False,False,False,,Chemicals & Petrochemicals,Commodity Chemicals,,False,False
TVVISION.NS,2026-09-22,2.7799999713897705,2.84333336353302,3.5255555709203086,3.877200002670288,4.871466665267945,5.511699995994568,2.794420814608908,2.390000104904175,12.399999618530273,False,False,False,False,False,False,False,False,False,-62.88384437460736,green,126.47834156440108,False,False,False,False,,Entertainment,TV Broadcasting & Software Production,3.0364372469635628,False,False
TVSELECT.NS,2026-09-22,391.1499938964844,407.125,438.99444495307074,455.7230017089844,447.01566731770833,442.38600036621096,404.59253122343625,336.20001220703125,739.3499755859375,False,True,False,True,False,False,False,False,False,-23.0474122978338,noise,57.57410704482484,False,False,False,False,,IT - Hardware,Computers Hardware & Equipments,37.530364372469634,False,False
TVSHLTD.NS,2026-09-22,12543.0,13000.083333333334,13683.75,13902.7,13934.550149739584,14054.8941015625,12876.402649554293,12376.0,16198.418191454739,False,False,False,False,False,False,True,False,False,-5.139177850304321,noise,39.19732831010238,False,False,False,False,,Finance,Investment Company,58.502024291497975,False,False
TVSMOTOR.NS,2026-09-22,4140.0,4119.9000244140625,4274.5277913411455,4172.256010742188,3756.2378759765625,3740.456279296875,4136.51905628564,3228.0,4484.5,True,True,True,True,False,False,True,True,False,17.837257051654486,noise,50.876305958764,False,False,False,False,,Automobiles,2/3 Wheelers,77.28744939271255,True,False
TVSSRICHAK.NS,2026-09-22,4650.0,4985.9462890625,4775.352342393663,4554.492685546875,4073.148408203125,4090.9576916503906,4871.351183821298,3111.1810018665356,5717.877906976744,True,False,False,True,True,True,True,False,False,45.863337974783015,dry,18.80653933556032,False,True,False,False,,Auto Components,Tyres & Rubber Products,87.93522267206477,True,False
TVSSCS.NS,2026-09-22,132.30999755859375,129.43166859944662,128.70027817620172,130.6709996032715,122.31840001424153,118.38000007629394,130.44043523393705,90.31999969482422,146.5,True,True,False,True,True,True,True,True,False,0.753876164452838,noise,31.43228634530929,False,False,False,False,,Transport Services,Logistics Solution Provider,64.12955465587045,False,False
TICL.NS,2026-09-22,5.559999942779541,6.864166696866353,8.615833322207132,8.99579997062683,17.59846671740214,19.092900025844575,6.54259819978005,5.5,33.9900016784668,False,False,False,False,False,False,False,False,False,-75.5496921779162,red,213.80069402990517,False,False,False,True,,Construction,Civil Construction,0.931174089068826,False,False
UPHOT.NS,2026-09-22,,,,,,,,,,False,False,False,False,False,False,False,False,False,,noise,,False,False,False,False,,Leisure Services,Hotels & Resorts,,False,False
UYFINCORP.NS,2026-09-22,19.149999618530273,19.450833161671955,19.82611110475328,19.343199958801268,15.900200010935466,15.411250004768371,19.39321417023568,11.5,22.34000015258789,True,True,True,True,False,True,True,False,False,45.29589662460081,noise,28.970523282899435,False,False,False,False,,Finance,Non Banking Financial Company (NBFC),87.81376518218623,True,False
UCAL.NS,2026-09-22,145.1199951171875,143.46333185831705,138.80749914381238,132.89679916381837,112.72073323567709,112.58524982452393,142.9628414905815,77.0,163.8000030517578,True,True,True,True,True,True,True,True,False,1.291261806070998,dry,19.653250496237565,False,False,False,False,,Auto Components,Auto Components & Equipments,64.61538461538461,False,False
UCOBANK.NS,2026-09-22,23.719999313354492,23.90250015258789,25.13333331214057,25.465399932861327,25.836996307373045,26.5023779296875,23.895974001180278,21.855055871357475,33.63829638359693,False,False,False,False,False,False,False,False,False,-21.4459836048695,noise,49.59158334500445,False,True,False,False,,Banks,Public Sector Bank,40.0,False,False
UDAYJEW.NS,2026-09-22,,,,,,,,,,False,False,False,False,False,False,False,False,False,,noise,,False,False,False,False,,Consumer Durables,"Gems, Jewellery And Watches",,False,False
USK.NS,2026-09-22,19.969999313354492,20.521666367848713,21.2794443236457,21.503799858093263,22.94466665903727,22.809049978256226,20.379779128244255,18.969999313354492,35.16999816894531,False,True,False,False,False,False,False,False,False,-37.29984592096582,noise,99.01566777331237,False,False,False,False,,Construction,Civil Construction,19.59514170040486,False,False
UFLEX.NS,2026-09-22,648.1500244140625,660.6125081380209,607.3958324856228,567.4260003662109,469.38795450846357,470.60624893188475,654.3412917242015,327.7149659167901,723.5,True,False,True,True,True,True,True,False,False,17.906131340001743,noise,35.84188631996886,False,False,False,False,,Industrial Products,Packaging,77.36842105263158,True,False
UFO.NS,2026-09-22,60.63999938964844,62.21166737874349,65.116945054796,65.76400009155273,69.05853357950846,71.52190021514893,61.82438631190719,53.75,92.97000122070312,False,False,False,False,False,False,False,False,False,-20.283949476899544,noise,95.57257597467472,False,False,False,False,,Entertainment,"Film Production, Distribution & Exhibition",41.53846153846154,False,False
UGARSUGAR.NS,2026-09-22,55.349998474121094,53.704166412353516,51.92583327823215,48.67084312438965,42.76906311035156,42.082766399383544,54.48392847635389,33.66863560404256,62.099998474121094,True,True,True,True,True,True,True,True,False,25.415366817606476,noise,49.4647697112035,False,True,False,False,,Agricultural Food & other Products,Sugar,81.25506072874494,True,True
UGROCAP.NS,2026-09-22,82.73999786376953,83.84499931335449,88.50055503845215,90.50859939575196,97.3538666788737,113.3016000366211,83.64072406064005,80.12000274658203,192.5,False,False,False,False,False,False,False,False,False,-51.52331766211168,noise,24.0521162360447,False,True,False,False,,Finance,Non Banking Financial Company (NBFC),7.854251012145749,False,False
UEL.NS,2026-09-22,191.3000030517578,206.21833292643228,213.05833392673068,189.7502003479004,163.28900034586587,158.1828004837036,202.45970870893498,92.31666564941406,284.20001220703125,True,True,True,True,True,True,False,False,False,87.02949715141506,noise,65.01731264014235,False,False,False,False,,Power,Power Generation,94.25101214574899,True,False
UJJIVANSFB.NS,2026-09-22,64.73999786376953,64.83166631062825,68.15999995337592,68.09680015563964,60.65386678059896,59.99260015487671,64.98236214981469,43.849998474121094,73.94000244140625,True,True,True,True,False,True,True,False,False,41.384574294289344,noise,32.92819426019458,False,False,False,False,,Banks,Other Bank,86.43724696356276,True,False
UWCSL.NS,2026-09-21,122.44999694824219,119.69583129882812,106.68750042385525,104.38499954223633,99.88466725667318,102.04100086212158,119.79107670170558,83.5,123.0,True,False,False,True,True,True,True,True,False,9.89102827664048,dry,0.0,False,False,True,False,,Auto Components,Auto Components & Equipments,71.9838056680162,True,False
ULTRAMAR.NS,2026-09-22,,,,,,,,,,False,False,False,False,False,False,False,False,False,,noise,21.27262933365193,False,False,False,False,,Chemicals & Petrochemicals,Dyes And Pigments,,False,False
ULTRACEMCO.NS,2026-09-22,11000.0,10944.833333333334,11432.222222222223,11510.73572265625,11399.324147135416,11534.028916015624,10990.958322034208,10118.465708821142,12847.756783521221,False,False,False,False,False,False,True,True,False,-11.26855480943102,red,119.53729221385645,False,True,False,False,,Cement & Cement Products,Cement & Cement Products,51.53846153846153,False,False
UMA.NS,2026-09-21,17.5,17.366666475931805,16.313888761732315,16.190999889373778,17.70866662343343,18.166999950408936,17.312518436442108,14.399999618530273,24.5,False,False,False,False,True,False,False,True,False,-28.57142857142857,dry,0.0,False,False,False,False,,Industrial Products,Packaging,30.20242914979757,False,False
UMAEXPORTS.NS,2026-09-22,20.010000228881836,21.585000197092693,22.3938889503479,21.819400024414062,23.663199996948244,26.80280002593994,21.109169487879388,18.1200008392334,55.900001525878906,False,False,False,False,False,False,False,False,False,-58.7422675693158,noise,51.677961541108964,False,False,False,False,,Commercial Services & Supplies,Trading & Distributors,4.17004048582996,False,False
UMIYA-MRO.NS,2026-09-22,97.29000091552734,98.69916661580403,93.58611085679796,92.44339996337891,87.58900014241536,87.24300025939941,97.5870130416687,70.0,110.9000015258789,True,True,False,True,True,True,True,False,False,16.80874036032103,noise,42.39479023496302,False,True,False,False,,Telecom -  Equipment & Accessories,Telecom -  Equipment & Accessories,76.80161943319838,True,False
UNICHEMLAB.NS,2026-09-22,538.75,541.4583384195963,533.7569452921549,540.1799981689453,433.087666015625,429.3352494812012,539.3806042098598,278.20001220703125,687.2000122070312,True,True,True,True,False,True,True,False,False,7.11800117786503,noise,55.0608780288013,False,False,False,False,,Pharmaceuticals & Biotechnology,Pharmaceuticals,69.19028340080972,False,False
UNIECOM.NS,2026-09-22,86.31999969482422,83.72083282470703,85.64638900756836,85.59300003051757,90.44533335367838,95.82150001525879,83.85865159433604,78.51000213623047,152.97999572753906,False,False,False,False,True,False,False,True,False,-42.36110920070576,ppv,2292.3726483774503,False,False,False,False,,IT - Software,Software Products,14.736842105263156,False,False
UNIHEALTH.NS,2026-09-21,668.0,702.2875061035156,725.2375013563368,728.5880017089844,542.4970007324218,480.6810009765625,692.0388173312377,133.64999389648438,820.0,True,True,True,True,False,True,True,False,False,292.2489653725846,noise,53.63528009535161,False,False,False,False,,Healthcare Services,Hospital,99.47368421052632,True,False
UNIINFO.NS,2026-09-22,11.449999809265137,11.233333349227905,11.512499994701809,11.733199996948242,12.160666669209798,12.999049997329712,11.307722508295889,9.359999656677246,18.979999542236328,False,False,False,False,False,False,False,True,False,-37.05332889997997,noise,51.12944366569386,False,False,False,False,,Telecom - Services,Other Telecom Services,19.838056680161944,False,False
UNIMECH.NS,2026-09-22,1732.5,1595.5750020345051,1506.2222256130642,1429.8740063476562,1126.3890059407552,1074.2707543945312,1611.0402315848517,695.0,1868.199951171875,True,True,True,True,True,True,True,True,False,57.10010185808541,ppv,386.9151359135408,False,False,True,False,,Aerospace & Defense,Aerospace & Defense,90.40485829959513,True,True
UNIONBANK.NS,2026-09-22,178.0,179.3741658528646,182.9874996609158,179.67619995117187,173.18399536132813,170.25526672363281,178.95363289849143,130.0600176038324,199.59697275189,True,True,True,True,False,True,True,False,False,32.01887198374589,noise,44.773034572048445,False,False,False,False,,Banks,Public Sector Bank,83.84615384615385,True,False
UNIPARTS.NS,2026-09-22,851.7000122070312,876.3208312988281,842.4178585476345,800.602001953125,630.4341794840494,587.9238612365723,863.8136174041761,373.89626463951225,915.9500122070312,True,True,True,True,True,True,True,False,False,122.20751375495146,noise,35.83330633691323,False,False,False,False,,Auto Components,Auto Components & Equipments,96.80161943319838,True,True
UNIENTER.NS,2026-09-22,91.1500015258789,91.41666730244954,94.18083360460069,95.58167572021485,99.23807881673177,106.76847747802735,91.43206079186928,84.69436248597513,152.91633583531703,False,False,False,False,False,False,False,False,False,-39.62417464175645,noise,41.184242991645554,False,False,False,False,,Chemicals & Petrochemicals,Trading - Chemicals,17.044534412955464,False,False
UNITECH.NS,2026-09-22,4.090000152587891,4.184166669845581,4.049722247653538,4.1498000431060795,4.535199999809265,4.761699999570847,4.169950620709769,3.0999999046325684,7.929999828338623,False,False,False,False,False,True,False,False,False,-44.353738698553734,noise,45.5338306879717,False,False,False,False,,Realty,"Residential, Commercial Projects",12.995951417004047,False,False
UBL.NS,2026-09-22,1215.199951171875,1246.625,1319.1107279459636,1339.492412109375,1406.8569482421874,1443.0642883300782,1242.723843080135,1210.4000244140625,1830.970927725064,False,False,False,False,False,False,False,False,False,-31.04697869337555,noise,64.71529151747086,False,False,False,True,,Beverages,Breweries & Distilleries,27.085020242914982,False,False
UNIDT.NS,2026-09-22,212.4199981689453,225.20020802815756,225.11328167385525,224.4460061645508,210.3413949584961,206.15178382873535,222.0675620419935,145.20798871450552,253.58685542409606,True,True,True,True,False,True,True,False,False,6.447156514322749,red,105.2650647307257,False,False,False,False,,Industrial Manufacturing,Industrial Products,68.582995951417,False,False
UFBL.NS,2026-09-22,720.2999877929688,702.6791636149088,746.5166592068142,731.6009936523437,511.177998046875,434.1752484130859,708.4406748541905,172.33999633789062,850.0,True,True,True,True,False,True,True,True,False,187.6597465456575,noise,30.63378050746391,False,False,False,False,,Leisure Services,Restaurants,98.78542510121457,True,False
UNITEDTEA.NS,2026-09-22,427.3500061035156,434.1833318074544,450.81249660915796,455.9003857421875,492.9427567545573,485.308528137207,433.0125460446078,409.2561673164266,587.2465339679302,False,True,False,False,False,False,False,False,False,-13.079070743260147,red,122.44911640878496,False,True,False,False,,Agricultural Food & other Products,Tea & Coffee,49.27125506072875,False,False
UNITEDPOLY.NS,2026-09-22,45.56999969482422,43.69749959309896,37.46083307266235,35.33039981842041,31.592799936930337,30.996449928283692,43.89470153826427,20.600000381469727,51.15999984741211,True,True,False,True,True,True,True,True,False,18.21011827936667,red,161.96492622542002,False,False,False,False,,Textiles & Apparels,Other Textile Products,77.65182186234819,True,False
UNITDSPR.NS,2026-09-22,1398.0,1399.2749938964844,1480.1638861762153,1471.3040014648439,1364.2938582356771,1365.6879095458985,1402.0324539748935,1201.5470073699987,1563.4000244140625,True,False,False,True,False,False,True,False,False,5.615015895626052,noise,56.21276604393872,False,True,False,False,,Beverages,Breweries & Distilleries,68.09716599190283,False,False
UNIVAFOODS.NS,2026-09-21,9.479999542236328,9.217499653498331,9.032777574327257,9.020799789428711,8.867133191426595,9.788299865722657,9.314422429316856,7.789999961853027,14.239999771118164,False,False,False,False,True,False,False,True,False,-23.051949861500475,noise,334.1898943283426,False,False,False,False,,Leisure Services,Hotels & Resorts,37.48987854251012,False,False
UNIVASTU.NS,2026-09-22,148.1699981689453,153.6724993387858,155.8141657511393,146.93059921264648,98.24299975077311,90.15549989700317,151.20984627477122,56.02000045776367,178.97999572753906,True,True,True,True,True,True,True,False,False,81.1000203844245,dry,16.510934416323902,False,True,False,False,,Construction,Civil Construction,93.76518218623482,True,True
UNIVCABLES.NS,2026-09-22,1478.199951171875,1482.6499938964844,1569.0527716742622,1482.0316040039063,1118.7129471842447,1039.7662615966797,1484.444548957319,573.9009093095138,1774.9000244140625,True,True,True,True,False,True,True,False,False,91.63092534759711,noise,78.42509758076743,False,False,False,False,,Industrial Products,Cables - Electricals,94.8178137651822,True,False
UNIVPHOTO.NS,2026-09-22,589.6500244140625,561.7833379109701,495.32916937934027,483.5260021972656,436.010469156901,381.4919019317627,568.5760274565087,180.60000610351562,624.75,True,True,True,True,True,True,True,True,False,124.45755501121378,red,111.54512141102563,False,False,False,False,,Consumer Durables,Consumer Electronics,96.96356275303644,True,True
UNOMINDA.NS,2026-09-22,1226.0,1218.6583251953125,1247.375,1222.3300024414064,1144.859169514974,1165.0974337768555,1224.8308560739565,992.4616833454146,1378.852549646065,True,False,False,True,True,False,True,True,False,-6.39151462832973,noise,43.57190583952244,False,False,False,False,,Auto Components,Auto Components & Equipments,57.08502024291497,False,False
UDS.NS,2026-09-22,198.13999938964844,205.33000055948892,212.4796960618761,208.37808197021485,179.42248102823893,177.09732501983643,201.33461481175397,124.48625197908625,261.70969633422146,True,True,True,True,False,True,True,False,False,-22.924488298210033,noise,36.527105339893126,False,False,False,False,,Commercial Services & Supplies,Diversified Commercial Services,37.935222672064775,False,False
UPL.NS,2026-09-22,559.9000244140625,567.7166697184244,571.1333346896702,581.5094738769532,608.6330151367188,643.3364791870117,565.6455870456867,549.7999877929688,804.4134581804076,False,False,False,False,False,False,False,False,False,-17.205657711436494,noise,132.41588869120977,False,False,False,False,,Fertilizers & Agrochemicals,Pesticides & Agrochemicals,44.979757085020246,False,False
USASEEDS.NS,2026-09-21,90.0,90.87500063578288,91.10694482591417,89.55799987792969,97.73999979654948,109.49899940490722,90.80230925706913,76.5,279.6000061035156,False,False,False,False,True,False,False,False,False,-66.66666666666667,dry,0.0,False,False,False,False,,Agricultural Food & other Products,Other Agricultural Products,2.186234817813765,False,False
URAVIDEF.NS,2026-09-22,104.9000015258789,111.8658332824707,110.92138862609863,111.80679977416992,124.14166687011719,139.3868002319336,109.7828000098491,101.0,349.95001220703125,False,False,False,False,False,False,False,False,False,-67.90085512722412,dry,14.759791626471156,False,False,False,False,,Auto Components,Auto Components & Equipments,1.9028340080971662,False,False
URBANCO.NS,2026-09-22,174.2100067138672,168.33916600545248,159.52194510565863,151.93980102539064,134.56820027669272,132.77635005950927,168.8558283911411,100.69999694824219,201.17999267578125,True,True,True,True,True,True,True,True,False,-6.7048622610906055,noise,58.35601728346784,False,False,False,False,,Retailing,E-Retail/ E-Commerce,56.5587044534413,False,False
URBAN.NS,2026-09-21,120.0,122.52083269755046,134.74166700575086,133.50300003051757,135.40000030517578,138.04225036621094,122.86387357986573,114.0,193.1999969482422,False,False,False,False,False,False,False,False,False,-25.0,dry,18.16294758692268,False,False,False,False,,Other Utilities,Waste Management,35.060728744939276,False,False
URJA.NS,2026-09-22,9.039999961853027,9.018333514531454,9.28777782122294,9.274600086212159,9.793600050608317,10.013550043106079,9.03773057711798,8.0,14.199999809265137,False,False,False,False,False,False,False,True,False,-34.63485168674853,noise,57.52259786022166,False,False,False,False,,Electrical Equipment,Other Electrical Equipment,22.34817813765182,False,False
UMESLTD.NS,2026-09-22,4.570000171661377,4.6850000222524,5.277500033378601,5.343400030136109,5.512533343633016,5.355150005817413,4.570453488032066,3.759999990463257,7.139999866485596,False,True,False,False,False,False,False,False,False,-17.359855365724176,green,104.2881960318186,False,True,False,False,,Other Consumer Services,E-Learning,44.89878542510121,False,False
USHAMART.NS,2026-09-22,531.2999877929688,500.89166768391925,500.3978847927517,499.5988525390625,468.020600382487,458.4786006164551,507.6184396123341,377.1664104167085,542.5999755859375,True,True,True,True,True,True,True,True,True,23.95311726500624,red,354.9144201240893,False,True,False,False,,Industrial Products,Iron & Steel Products,80.80971659919028,True,True
UCL.NS,2026-09-21,225.89999389648438,238.43333180745444,243.181943681505,227.25999908447267,158.79299926757812,131.72174945831298,236.01490164746505,39.0,260.0,True,True,True,True,False,True,True,False,False,479.2307535807292,red,1819.9233716475096,False,False,False,False,,Chemicals & Petrochemicals,Dyes And Pigments,99.75708502024293,True,False
UTIAMC.NS,2026-09-22,919.9500122070312,906.4208374023438,898.7763892279731,903.8539978027344,920.8299336751302,951.2002389526367,907.0667399322646,861.6167441984458,1362.8249046583157,False,False,False,False,True,False,False,True,False,-31.604507720440523,noise,77.7831434363179,False,False,False,False,,Capital Markets,Asset Management Company,26.275303643724694,False,False
UTKARSHBNK.NS,2026-09-22,13.880000114440918,14.548333326975504,14.471944491068522,14.520000057220459,13.845533390045166,13.981550040245056,14.265424397985266,10.119999885559082,22.56999969482422,False,False,False,True,False,True,False,False,False,-36.73655525716649,noise,66.88601578745397,False,False,False,False,,Banks,Other Bank,20.08097165991903,False,False
UTTAMSUGAR.NS,2026-09-22,258.25,268.46902084350586,279.140199025472,264.9787280273438,242.0383853149414,239.5580832672119,264.86411808783663,179.49677310650335,356.11921220364263,True,True,True,True,False,True,False,False,False,-1.0794790501856166,noise,36.84050108146087,False,False,False,False,,Agricultural Food & other Products,Sugar,62.18623481781377,False,False
VIPIND.NS,2026-09-22,297.20001220703125,301.8333333333333,305.8444425794813,303.5419989013672,313.98533243815103,328.13249984741213,299.9543552035289,278.25,452.20001220703125,False,False,False,False,False,False,False,False,False,-33.94821554748988,noise,98.73324781017038,False,False,False,False,,Consumer Durables,Plastic Products - Consumer,23.036437246963562,False,False
VR.NS,2026-09-21,105.80000305175781,106.49583371480306,123.3569450378418,119.01600082397461,131.0383329772949,138.83899974822998,107.10905726480664,98.0,217.89999389648438,False,False,False,False,False,False,False,False,False,-48.314604480180314,dry,0.0,False,False,False,False,,Realty,"Residential, Commercial Projects",9.79757085020243,False,False
VGUARD.NS,2026-09-22,320.5,326.3125,329.44583384195965,321.2966320800781,316.7088789876302,318.9946757507324,326.1082833995651,287.43192892625956,390.34213160745503,True,False,False,True,False,False,True,False,False,-13.977441954203895,dry,18.334555206190362,False,False,False,False,,Consumer Durables,Household Appliances,48.502024291497975,False,False
VMARCIND.NS,2026-09-21,322.1000061035156,333.8041687011719,344.92916785346137,327.07900085449216,722.6464461263021,703.5863342285156,337.48953950949743,248.0,1708.0,False,True,False,False,False,False,False,False,False,-29.978259542713992,red,106.90856078399611,False,False,False,False,,Industrial Products,Cables - Electricals,28.299595141700408,False,False
VMART.NS,2026-09-22,795.5999755859375,807.2166697184244,817.3111114501953,799.4790100097656,693.7384006754558,687.3446900939941,805.2553401112136,457.2878261718021,886.8128854091074,True,True,False,True,False,True,True,False,False,7.934568770052297,noise,41.3713632678016,False,False,False,False,,Retailing,Diversified Retail,70.0,True,False
V2RETAIL.NS,2026-09-22,213.17999267578125,215.51249821980795,218.2419442070855,219.11699981689452,215.00933319091797,214.76179969787597,214.0442339962374,172.02999877929688,259.25,False,True,False,True,False,False,True,False,False,7.1794867860723866,noise,50.43282135581945,False,False,False,False,,Retailing,Speciality Retail,69.31174089068826,False,False
WABAG.NS,2026-09-22,2072.10009765625,2121.0916646321616,2035.6999952528213,2028.71576171875,1688.265535481771,1572.0160437011718,2104.1357145507227,1030.4859602847353,2319.0,True,True,True,True,True,True,True,False,False,33.1168495588074,noise,34.02554008707124,False,False,False,False,,Other Utilities,Water Supply & Management,84.08906882591093,True,True
VADILENT.NS,2026-09-22,,,,,,,,,,False,False,False,False,False,False,False,False,False,,noise,,False,False,False,False,,Food Products,Dairy Products,,False,False
VADILALIND.NS,2026-09-22,7598.0,7278.916666666667,7379.249484592014,7229.12240234375,5770.910572916667,5519.559185791016,7332.910859497715,3964.1445258937783,8379.661952680708,True,True,True,True,True,True,True,True,False,36.209440025083815,green,178.09705636967615,False,False,False,False,,Food Products,Dairy Products,84.89878542510122,True,True
VSCL.NS,2026-09-21,20.75,20.604166348775227,22.46388880411784,24.293999938964845,24.754666659037273,23.48474997520447,20.615040566313798,16.049999237060547,31.799999237060547,False,True,False,False,False,False,False,True,False,-29.541597750611025,green,223.88059701492534,False,False,False,False,,Chemicals & Petrochemicals,Specialty Chemicals,28.987854251012145,False,False
VAIBHAVGBL.NS,2026-09-22,208.17999267578125,212.6166674296061,224.5044331020779,233.7617053222656,225.25567291259765,225.93297294616698,211.50689387707968,171.95281788079984,286.0804190389319,False,False,False,True,False,False,False,False,False,-16.219526431258856,noise,56.75150771954334,False,False,False,False,,Consumer Durables,"Gems, Jewellery And Watches",46.03238866396761,False,False
MADHAVBAUG.NS,2026-09-21,159.9499969482422,157.55833435058594,171.64027743869357,179.46399932861328,194.62733286539714,210.55574951171874,159.17722605917925,147.0,335.0,False,False,False,False,False,False,False,True,False,-42.67025198987735,green,796.5299684542587,True,False,False,False,,Healthcare Equipment & Supplies,Medical Equipment & Supplies,14.534412955465587,False,False
VAISHALI.NS,2026-09-22,8.579999923706055,8.550000031789144,8.275000029140049,8.115000019073486,7.4139333311716715,7.674999985694885,8.55157614761001,4.75,12.699999809265137,True,False,False,True,True,True,False,True,False,-28.85572450105478,noise,80.9864790928462,False,True,False,False,,Pharmaceuticals & Biotechnology,Pharmaceuticals,29.75708502024291,False,False
VAKRANGEE.NS,2026-09-22,5.260000228881836,5.409999966621399,5.745000004768372,5.803599996566772,6.167799987792969,6.4806499934196475,5.357707189752543,4.610000133514404,9.640000343322754,False,False,False,False,False,False,False,False,False,-41.229046469513584,green,127.66158502477889,False,True,False,False,,IT - Services,IT Enabled Services,15.668016194331985,False,False
VALIANTLAB.NS,2026-09-22,126.55999755859375,121.87250073750813,98.68722216288249,88.46680000305176,73.71640004475911,71.62825006484985,121.47527276452605,49.5099983215332,132.25,True,True,True,True,True,True,True,True,False,45.021201359985305,noise,52.17415939764708,False,False,False,False,,Pharmaceuticals & Biotechnology,Pharmaceuticals,87.61133603238866,True,True
VALIANTORG.NS,2026-09-22,418.3500061035156,381.31250254313153,328.3888880411784,311.3729998779297,280.7770678710938,275.8224507141113,392.44178022669325,195.0,442.1000061035156,True,True,False,True,True,True,True,True,False,14.00735582139312,red,254.2170506508809,False,False,False,False,,Chemicals & Petrochemicals,Specialty Chemicals,74.73684210526315,True,False
DBREALTY.NS,2026-09-22,96.6500015258789,97.63416735331218,104.74333339267307,107.47719985961913,109.67893325805665,111.09209983825684,97.2687161680012,83.5,183.89999389648438,False,False,False,False,False,False,False,False,False,-46.22788551680848,noise,95.36431648375938,False,False,False,False,,Realty,"Residential, Commercial Projects",11.295546558704453,False,False
VARDHACRLC.NS,2026-09-22,44.380001068115234,43.84916718800863,43.40298366546631,43.18094573974609,39.7042427444458,38.88016261100769,43.94538829841022,26.116023297073088,46.94309142970078,True,True,True,True,True,True,True,True,False,1.3003046858510503,noise,46.55366122304226,False,True,False,False,,Textiles & Apparels,Other Textile Products,64.65587044534414,False,False
VHL.NS,2026-09-22,3342.800048828125,3442.2416788736978,3472.3634507921006,3474.7350439453126,3412.9315771484376,3421.8500732421876,3408.5625490664443,2865.7698659813987,4268.699147767823,False,False,False,True,False,False,True,False,False,-13.662558104062017,noise,38.27677447529992,False,False,False,False,,Finance,Investment Company,48.70445344129555,False,False
VARDMNPOLY.NS,2026-09-22,5.800000190734863,5.859166661898295,6.045555551846822,6.069799995422363,6.801799980799357,6.6547499895095825,5.838386758651958,5.099999904632568,9.489999771118164,False,True,False,False,False,False,False,False,False,-35.62708053943459,noise,39.56486118612009,False,True,False,False,,Textiles & Apparels,Other Textile Products,21.25506072874494,False,False
VSSL.NS,2026-09-22,407.79998779296875,390.58333587646484,360.3851818508572,342.86317321777346,287.4130907185872,283.1320183563232,396.44958995194617,204.38240429135575,428.25,True,True,True,True,True,True,True,True,False,51.073232608725135,noise,23.151008629254317,False,True,False,False,,Industrial Products,Iron & Steel Products,89.27125506072875,True,True
VTL.NS,2026-09-22,551.2000122070312,569.0875040690104,585.1253000895182,593.0793823242187,586.7811981201172,550.3981632995606,565.9217405648635,382.25830878098185,682.2146139481268,False,True,True,True,False,True,True,False,False,31.864404626553778,noise,24.62677297598968,False,False,False,False,,Textiles & Apparels,Other Textile Products,83.7246963562753,True,False
VARROC.NS,2026-09-22,864.5,856.3500061035156,829.8293745252821,781.5182446289062,630.7289099121094,620.828390197754,857.1902413604334,461.0607825414901,912.2000122070312,True,True,True,True,True,True,True,True,False,36.85009103392196,red,110.9092229198406,False,False,False,False,,Auto Components,Auto Components & Equipments,85.06072874493927,True,True
VBL.NS,2026-09-22,430.0,414.54583740234375,424.0138905843099,432.77629455566404,463.1250260416667,466.09920028686525,418.706373892911,379.73986983319134,555.1842484654879,False,False,False,False,False,False,True,True,False,-7.01004914524288,noise,79.52259822811918,False,False,False,False,,Beverages,Other Beverages,56.15384615384615,False,False
VGL.NS,2026-09-22,68.33999633789062,62.90583197275797,60.050832748413086,60.51479957580566,62.29246650695801,64.14157495498657,64.98018148051295,43.70000076293945,85.98999786376953,True,False,False,False,True,True,True,True,False,-19.267578138202445,red,155.5059250851642,False,True,False,False,,Textiles & Apparels,Other Textile Products,42.79352226720648,False,False
DENTALKART.NS,2026-09-21,412.95001220703125,401.87500254313153,401.8722220526801,404.5220001220703,406.1606673177083,448.6712504577637,403.3171743818938,322.5,635.5999755859375,False,False,False,False,True,False,False,True,True,-33.83271457119794,red,120.58098109070978,False,True,False,False,,Healthcare Equipment & Supplies,Medical Equipment & Supplies,23.198380566801617,False,False
VASCONEQ.NS,2026-09-22,31.440000534057617,30.292500178019207,31.199722078111435,31.5911999130249,33.97366663614909,36.57614995956421,30.652532459003616,26.75,74.58999633789062,False,False,False,False,False,False,False,True,False,-51.00514035970034,red,120.57587044350795,False,True,False,False,,Realty,"Residential, Commercial Projects",8.259109311740891,False,False
VASWANI.NS,2026-09-22,45.61000061035156,45.81999969482422,48.315277417500816,49.56619972229004,53.855866572062176,54.638499889373776,45.912379333431346,43.2599983215332,69.98999786376953,False,False,False,False,False,False,False,False,False,-21.739873772005204,noise,51.93928126467608,False,True,False,False,,Ferrous Metals,Sponge Iron,39.716599190283404,False,False
VCL.NS,2026-09-22,1.600000023841858,1.6283333400885265,1.6997222238116794,1.5246000003814697,1.526400002638499,1.6793999993801116,1.651937883439365,0.8700000047683716,2.6600000858306885,False,False,False,False,True,True,False,False,False,42.8571443776695,noise,514.1825171961798,False,False,False,False,,Textiles & Apparels,Garments & Apparels,86.76113360323887,True,False
MANYAVAR.NS,2026-09-22,535.3499755859375,559.3520660400391,538.2822011311849,500.2138897705078,433.20537841796875,457.41731552124025,549.5193095829587,324.51227449559855,767.9072150173151,True,False,False,True,True,True,False,False,False,-24.31420982660092,dry,19.548212010549946,False,False,False,False,,Retailing,Speciality Retail,35.910931174089065,False,False
VEDL.NS,2026-09-22,263.0,264.20833587646484,271.1013912624783,268.7380014038086,415.78596649169924,467.5465372467041,263.60503392764866,249.6999969482422,795.0,False,False,False,False,False,False,False,False,False,-41.674705190399145,noise,49.124134980358754,False,True,False,False,,Diversified Metals,Diversified Metals,15.384615384615385,False,False
VAML.NS,2026-09-22,,,,,,,,,,False,False,False,False,False,False,False,False,False,,green,107.88717699689496,False,False,False,False,,Non - Ferrous Metals,Aluminium,,False,False
VISL.NS,2026-09-22,,,,,,,,,,False,False,False,False,False,False,False,False,False,,noise,55.302445077167306,False,False,False,False,,Ferrous Metals,Iron & Steel,,False,False
VOGL.NS,2026-09-22,,,,,,,,,,False,False,False,False,False,False,False,False,False,,green,102.81739957248783,False,False,False,False,,Oil,Oil Exploration & Production,,False,False
VEDPOWER.NS,2026-09-22,,,,,,,,,,False,False,False,False,False,False,False,False,False,,ppv,99.73413693795588,False,False,False,False,,Power,Power Generation,,False,False
VEDAVAAG.NS,2026-09-22,,,,,,,,,,False,False,False,False,False,False,False,False,False,,noise,,False,False,False,False,,IT - Services,IT Enabled Services,,False,False
VEEDOL.NS,2026-09-22,1369.9000244140625,1411.5000101725261,1463.9222310384114,1446.1471728515626,1407.3861824544272,1433.7851727294922,1397.3693182204202,1219.399181583164,1960.9166162350316,False,False,False,True,False,False,False,False,False,-28.29341104056531,noise,65.05674109779261,False,True,False,False,,Petroleum Products,Lubricants,30.688259109311737,False,False
VEEKAYEM.NS,2026-09-21,97.0999984741211,105.65416717529297,110.4944445292155,115.21600006103516,127.45866673787435,133.91824974060057,103.26001302727448,79.80000305175781,315.0,False,False,False,False,False,False,False,False,False,-68.87321856885234,noise,62.11180124223602,False,False,False,False,,Textiles & Apparels,Garments & Apparels,1.7004048582995952,False,False
VELJAN.NS,2026-09-22,,,,,,,,,,False,False,False,False,False,False,False,False,False,,noise,,False,False,True,False,,Auto Components,Auto Components & Equipments,,False,False
VENKEYS.NS,2026-09-22,1675.9000244140625,1691.3582458496094,1607.330098470052,1576.2523193359375,1474.5487923177084,1476.5466497802734,1673.7390496505895,1158.1739984615053,1814.9000244140625,True,False,True,True,True,True,True,True,False,10.848065669594597,noise,58.26678861540863,False,False,False,False,,Food Products,Meat Products including Poultry,72.59109311740892,True,False
VENTIVE.NS,2026-09-22,579.5999755859375,569.8416646321615,585.3166673448351,595.1629992675781,625.4860021972656,654.4930014038086,568.9870574473996,542.5999755859375,793.9500122070312,False,False,False,False,False,False,False,True,False,-24.653886826657455,ppv,358.9105535609119,True,False,False,False,,Leisure Services,Hotels & Resorts,35.465587044534416,False,False
VENUSPIPES.NS,2026-09-22,2223.300048828125,2035.2916463216145,1742.4388563368057,1728.46935546875,1456.2484403483072,1379.6621713256836,2071.389123728437,889.7209805823545,2347.89990234375,True,True,True,True,True,True,True,True,False,59.351485171470664,noise,74.46250342829205,False,False,False,False,,Industrial Products,Iron & Steel Products,90.85020242914979,True,True
VENUSREM.NS,2026-09-22,1611.5,1608.0749918619792,1636.9769863552517,1647.320849609375,1320.9738419596354,1180.0625128173829,1598.196727897087,421.286764908789,2031.2182849222206,True,True,True,True,False,True,True,True,False,267.9815493660103,noise,54.19585976648255,False,True,False,False,,Pharmaceuticals & Biotechnology,Pharmaceuticals,99.31174089068826,True,False
VERA.NS,2026-09-21,86.25,86.25,83.91388893127441,80.63500030517578,72.84966700236002,72.11225063323974,86.19955304144675,65.55000305175781,86.25,True,True,True,True,True,True,True,True,False,26.83823529411764,dry,0.0,False,False,True,False,,Textiles & Apparels,Other Textile Products,81.7408906882591,True,True
VERANDA.NS,2026-09-22,230.1300048828125,228.21583302815756,241.30888832939996,238.87219940185548,211.48046630859375,208.31299987792968,227.4484267035631,130.02000427246094,272.5,True,True,True,True,False,True,True,True,False,4.571271515328679,green,103.75291254283555,False,False,False,False,,Other Consumer Services,E-Learning,67.20647773279353,False,False
VERTEXPLUS.NS,2026-09-21,69.3499984741211,64.40416558583577,53.598610983954536,51.97499977111816,68.60433321634929,78.05024980545043,65.806590668217,35.95000076293945,149.8000030517578,False,False,False,False,True,True,False,True,False,-47.362430000667096,dry,0.0,False,False,False,False,,IT - Services,IT Enabled Services,10.404858299595142,False,False
VERTOZ.NS,2026-09-22,36.88999938964844,37.6783332824707,37.25722238752577,36.961000289916996,41.249002609252926,47.53094030380249,37.47529358590923,26.953873146300563,84.59247030615167,False,False,False,False,False,True,False,False,False,-53.466085383223614,noise,44.37552537161515,False,True,False,False,,Media,Advertising & Media Agencies,6.680161943319838,False,False
VESUVIUS.NS,2026-09-22,392.75,408.0374984741211,425.7986085679796,434.38099792480466,465.4309688313802,468.12079956054686,404.04737166580117,391.6000061035156,606.1323605842241,False,False,False,False,False,False,False,False,False,-25.750164023558465,red,117.06838112584899,False,False,False,True,,Industrial Products,Electrodes & Refractories,34.17004048582996,False,False
VETO.NS,2026-09-22,139.57000732421875,129.47041511535645,125.7384819454617,125.01847442626953,116.48172129313151,113.86817100524902,132.83744361413991,81.72841067043677,152.84363779132568,True,True,True,True,True,True,True,True,False,17.8277445882558,red,276.3253325435069,False,False,False,False,,Consumer Durables,Consumer Electronics,77.24696356275304,True,True
VIAZ.NS,2026-09-21,76.4000015258789,74.9875005086263,69.75555568271213,67.40400016784668,64.17866686503092,64.82425016403198,75.43862860982455,57.79999923706055,93.75,True,False,False,True,True,True,True,True,False,-15.580108811183525,red,368.8524590163934,False,False,False,False,,Auto Components,Tyres & Rubber Products,46.68016194331984,False,False
VSTL.NS,2026-09-22,114.19000244140625,117.65000089009602,112.32333352830675,112.04580032348633,115.75700012207031,118.3652001953125,115.42058139693361,100.80000305175781,164.5800018310547,False,False,False,False,True,False,False,False,False,-29.065719050785376,noise,38.79609183396097,False,True,False,False,,Industrial Products,Iron & Steel Products,29.514170040485833,False,False
VGCL.NS,2026-09-22,,,,,,,,,,False,False,False,False,False,False,False,False,False,,noise,,False,False,False,True,,Finance,Non Banking Financial Company (NBFC),,False,False
VHLTD.NS,2026-09-22,126.18000030517578,123.24166679382324,121.50277985466852,124.27220169067382,133.74273468017577,134.44280097961425,124.61621278790322,111.55000305175781,155.36000061035156,False,False,False,False,True,False,True,True,False,6.0336137018283775,noise,60.406209610612315,False,True,False,False,,Leisure Services,Hotels & Resorts,68.2591093117409,False,False
VIDHIING.NS,2026-09-22,359.95001220703125,345.1708348592122,335.5222227308485,327.98000061035157,307.3153334554036,312.68100021362307,346.8370763733427,258.6000061035156,387.8500061035156,True,False,False,True,True,True,True,True,False,-4.383927951128874,ppv,124.1308407178091,False,False,False,False,,Chemicals & Petrochemicals,Specialty Chemicals,59.35222672064777,False,False
VIDYAWIRES.NS,2026-09-22,,,,,,,,,,False,False,False,False,False,False,False,False,False,,noise,61.989435011905854,False,False,False,False,,Industrial Products,"Aluminium, Copper & Zinc Products",,False,False
VIJSOLX.NS,2026-09-22,,,,,,,,,,False,False,False,False,False,False,False,False,False,,noise,,False,False,False,False,,Agricultural Food & other Products,Edible Oil,,False,False
VIJAYA.NS,2026-09-22,1516.0,1499.8367614746094,1470.9818522135417,1437.0646118164063,1240.692910970052,1180.8321871948242,1508.226704846029,846.8252647277601,1575.8140073258473,True,True,True,True,True,True,True,True,False,45.21743492469001,noise,74.09797605814701,False,False,False,False,,Healthcare Services,Healthcare Service Provider,87.7327935222672,True,True
VIJIFIN.NS,2026-09-22,15.600000381469727,15.733333428700766,13.993888907962376,12.604800033569337,6.7473333517710365,5.712500014305115,15.389537892898936,2.009999990463257,17.239999771118164,True,True,True,True,True,True,True,True,False,385.98131451970613,green,104.15326946883172,False,False,False,False,,Finance,Non Banking Financial Company (NBFC),99.67611336032388,True,True
VIKASECO.NS,2026-09-22,1.0399999618530273,1.049999972184499,1.0822222232818604,1.0950000047683717,1.2422000002861022,1.3324000018835067,1.0490387948352273,0.9900000095367432,2.109999895095825,False,False,False,False,False,False,False,False,False,-50.23923423143373,noise,86.80450013051798,False,False,False,False,,Chemicals & Petrochemicals,Specialty Chemicals,8.54251012145749,False,False
VIKASLIFE.NS,2026-09-22,1.2599999904632568,1.2400000095367432,1.253055562575658,1.270200002193451,1.4006666747728984,1.4895500057935716,1.2361922176378277,1.0499999523162842,2.369999885559082,False,False,False,False,False,False,False,True,False,-46.15384458633407,noise,70.71158370527229,False,True,False,False,,Commercial Services & Supplies,Trading & Distributors,11.336032388663968,False,False
VIKRAMSOLR.NS,2026-09-22,162.35000610351562,165.27000045776367,168.4794447157118,172.95480010986327,190.64420013427736,199.78860023498535,164.88369419718234,155.3800048828125,354.3999938964844,False,False,False,False,False,False,False,False,False,-51.246244413358674,noise,41.94903232583146,False,False,False,False,,Electrical Equipment,Other Electrical Equipment,7.975708502024291,False,False
VIKRAN.NS,2026-09-22,55.380001068115234,57.124167124430336,61.44900449117025,64.35602279663085,67.27057324727376,73.26248208999634,56.665127516854845,50.945334419787024,118.0416404738854,False,False,False,False,False,False,False,False,False,-49.40510937635809,noise,65.56556541903069,False,False,False,False,,Construction,Civil Construction,9.149797570850202,False,False
VILAS.NS,2026-09-21,368.3999938964844,348.5541687011719,354.27916632758246,357.13099975585936,380.767666422526,379.14099975585935,350.03980845656423,313.25,580.0,False,True,False,False,True,False,False,True,False,-33.865900373486305,red,240.15369836695487,False,False,False,False,,Industrial Products,Other Industrial Products,23.11740890688259,False,False
VILINBIO.NS,2026-09-21,55.099998474121094,57.54583326975504,47.91944440205892,46.52599990844727,43.025333353678384,38.60849997520447,56.76244912973153,18.950000762939453,60.95000076293945,True,True,True,True,True,True,True,False,False,113.5658918740292,noise,83.33333333333334,False,False,False,False,,Pharmaceuticals & Biotechnology,Pharmaceuticals,96.39676113360323,True,True
VIMTALABS.NS,2026-09-22,610.1500244140625,619.3416646321615,629.9444478352865,616.89400390625,527.20158203125,531.1075346374512,615.5322723578695,374.6670638451446,825.3036987962322,True,False,False,True,False,True,False,False,False,-19.863630183810187,noise,34.12433548592093,False,True,False,False,,Healthcare Services,"Healthcare Research, Analytics & Technology",42.10526315789473,False,False
VINATIORGA.NS,2026-09-22,1202.699951171875,1270.4322001139324,1302.2295973036025,1302.3567407226562,1325.1340307617188,1381.7881536865234,1252.0575306248247,1194.89358043434,1837.434362046269,False,False,False,False,False,False,False,False,False,-28.626033553273167,red,166.22346851310675,False,False,False,False,,Chemicals & Petrochemicals,Specialty Chemicals,30.121457489878544,False,False
VINDHYATEL.NS,2026-09-22,2865.39990234375,2761.308308919271,2571.4555392795137,2388.2714501953124,1835.8756795247396,1702.0814685058594,2743.2432742280375,960.833530571369,2952.60009765625,True,True,True,True,True,True,True,True,False,93.0779563148522,green,113.73979936024044,False,False,False,False,,Construction,Civil Construction,95.02024291497976,True,True
VINEETLAB.NS,2026-09-22,34.810001373291016,36.34499994913737,37.46888913048638,37.583600234985354,34.91626673380534,34.9553883934021,36.13225209756243,27.959999084472656,49.9900016784668,False,False,False,True,False,False,False,False,False,-0.11476930439402455,noise,73.42421363670802,False,False,False,False,,Pharmaceuticals & Biotechnology,Pharmaceuticals,63.441295546558706,False,False
VINNY.NS,2026-09-22,0.9200000166893005,0.9775000065565109,1.029444427953826,1.0385999834537507,1.0933333257834117,1.1265499958395957,0.9665922711301453,0.9200000166893005,1.5299999713897705,False,False,False,False,False,False,False,False,False,-32.84671434400129,red,150.6062951697656,False,False,False,True,,Textiles & Apparels,Garments & Apparels,24.574898785425102,False,False
VINSYS.NS,2026-09-21,589.7000122070312,588.2541707356771,585.4652811686198,565.7160009765626,419.8683338419596,406.29875038146974,587.0324924074531,215.0,610.9000244140625,True,True,True,True,True,True,True,True,False,41.95956207789007,ppv,290.1023890784983,False,False,False,False,,Other Consumer Services,Education,86.5991902834008,True,True
VINCOFE.NS,2026-09-22,174.1999969482422,174.64500045776367,164.5338889227973,162.3581997680664,148.93673319498697,150.44754974365233,173.7795245951957,120.23999786376953,189.39999389648438,True,False,False,True,True,True,True,True,False,18.753830560350913,noise,58.18709931985272,False,False,False,False,,Agricultural Food & other Products,Tea & Coffee,77.97570850202429,True,False
VINYAS.NS,2026-09-21,1503.4000244140625,1514.6624959309895,1455.606953938802,1408.7770068359375,1216.2853365071614,1193.9890002441407,1493.3041633395355,809.0,1730.0,True,True,True,True,True,True,True,True,False,20.204692021088967,noise,73.88396329133613,False,False,False,False,,Industrial Manufacturing,Industrial Products,78.82591093117409,True,True
VINYLINDIA.NS,2026-09-22,220.1999969482422,221.42833201090494,232.43833372328015,236.18359985351563,235.56996551513672,232.84148452758788,220.64083770448752,157.0996681597121,301.5142818806034,False,True,False,True,False,True,False,False,False,-23.864059271014636,noise,37.56387978666215,False,True,False,False,,Chemicals & Petrochemicals,Trading - Chemicals,36.51821862348178,False,False
VIPCLOTHNG.NS,2026-09-22,21.65999984741211,20.838333129882812,20.68083323372735,21.014199905395508,22.202533276875815,24.01284996032715,20.952328389282282,14.050000190734863,41.20000076293945,False,False,False,False,True,True,False,True,False,-42.22459621853524,green,147.11897855119892,False,False,False,False,,Textiles & Apparels,Garments & Apparels,15.020242914979756,False,False
VIPULLTD.NS,2026-09-22,11.449999809265137,12.833333253860474,13.738055520587498,13.799799976348877,11.923333314259848,11.674549980163574,12.600158787849667,7.380000114440918,18.600000381469727,False,True,True,True,False,True,False,False,False,12.254902189944804,noise,77.59333357883634,False,False,False,False,,Realty,"Residential, Commercial Projects",73.27935222672065,True,False
VIRAT.NS,2026-09-22,,,,,,,,,,False,False,False,False,False,False,False,False,False,,noise,,False,False,False,False,,Textiles & Apparels,Garments & Apparels,,False,False
VIRINCHI.NS,2026-09-22,14.0,14.118333339691162,14.8366666369968,15.04419994354248,16.5139999961853,17.844650015830993,14.124001346270422,13.600000381469727,32.43000030517578,False,False,False,False,False,False,False,False,False,-56.11285213976118,noise,44.58445542820235,False,False,False,False,,IT - Software,Software Products,5.668016194331984,False,False
VIRTUALG.NS,2026-09-22,,,,,,,,,,False,False,False,False,False,False,False,False,False,,noise,,False,False,False,False,,Other Consumer Services,Education,,False,False
VOEPL.NS,2026-09-22,,,,,,,,,,False,False,False,False,False,False,False,False,False,,noise,30.69235628391614,False,False,False,False,,Consumer Durables,Diversified consumer products,,False,False
VISACHROME.NS,2026-09-22,33.15999984741211,33.68416659037272,36.56833341386583,37.13400016784668,39.439400049845375,40.75080001831055,33.152592547326826,27.049999237060547,73.68000030517578,False,False,False,False,False,False,False,True,False,-23.506341373442417,dry,14.119614038971203,False,False,False,False,,Ferrous Metals,Ferro & Silica Manganese,37.08502024291498,False,False
VIVIDHA.NS,2026-09-22,0.5199999809265137,0.5166666507720947,0.5224999917878045,0.5209999907016755,0.539666662812233,0.5614999966323375,0.5165992979876075,0.4300000071525574,0.9100000262260437,False,False,False,False,False,False,False,True,False,-38.09523843313292,noise,120.31948765901521,False,False,False,False,,Textiles & Apparels,Garments & Apparels,18.785425101214575,False,False
VISAKAIND.NS,2026-09-22,94.47000122070312,91.98083305358887,92.38789304097493,89.30995361328125,74.42392962137858,71.9710535621643,92.64317057375644,48.92886807630149,103.35278928863494,True,True,True,True,True,True,True,True,False,15.235109041040417,dry,18.803873941254494,False,False,False,False,,Cement & Cement Products,Cement & Cement Products,75.62753036437248,True,True
VISAMAN.NS,2026-09-21,38.849998474121094,49.749999364217125,82.56944338480632,89.57799880981446,107.03333302815756,112.39424980163574,48.13585699214639,38.849998474121094,144.0,False,False,False,False,False,False,False,False,False,-66.62371308862596,dry,0.0,False,False,False,True,,Industrial Products,Iron & Steel Products,2.2672064777327936,False,False
VISHAL.NS,2026-09-22,,,,,,,,,,False,False,False,False,False,False,False,False,False,,noise,,False,False,False,False,,Textiles & Apparels,Garments & Apparels,,False,False
VMM.NS,2026-09-22,104.02999877929688,102.37833340962727,106.03027788798015,107.25639999389648,113.83986653645833,117.5998999786377,102.77068995221963,98.7699966430664,152.17999267578125,False,False,False,False,False,False,False,True,False,-30.190581266463067,green,101.5584474923515,False,False,False,False,,Retailing,Diversified Retail,28.097165991902834,False,False
VISHNU.NS,2026-09-22,720.9000244140625,713.6791687011719,655.8483293321398,646.5750927734375,592.1555651855468,574.1022743225097,708.6252038194854,443.48710665681693,744.0,True,True,True,True,True,True,True,True,False,43.502999004634816,noise,46.18711225260262,False,False,False,False,,Chemicals & Petrochemicals,Specialty Chemicals,87.08502024291498,True,True
VPRPL.NS,2026-09-22,33.560001373291016,34.56916618347168,34.0058332019382,31.978999900817872,35.323933359781904,40.03660005569458,34.1002122999798,23.940000534057617,109.44999694824219,False,False,False,False,True,True,False,False,False,-67.78961456290943,noise,35.13051114697367,False,False,False,False,,Construction,Civil Construction,1.9433198380566803,False,False
VISHNUINFR.NS,2026-09-21,153.9499969482422,154.2646573384603,154.96964730156793,155.9613653564453,158.17179850260416,162.15183815002442,153.7711439044583,124.4017887820506,217.5043919251495,False,False,False,False,False,False,False,True,False,-6.355568215643248,noise,43.78283712784589,False,True,False,False,,Other Construction Materials,Other Construction Materials,57.20647773279352,False,False
VISHWARAJ.NS,2026-09-22,5.320000171661377,5.4741666714350385,5.632777770360311,5.526399993896485,5.524866650899251,5.781799993515015,5.414678900705604,4.139999866485596,9.319999694824219,False,False,False,False,False,False,False,False,False,-40.22471461026972,noise,31.86484317852231,False,True,False,False,,Agricultural Food & other Products,Sugar,16.518218623481783,False,False
VISHWAS.NS,2026-09-21,39.79999923706055,42.81666660308838,41.26111136542426,42.54300025939941,43.92500010172526,43.52949995040893,41.77396439529853,32.75,60.0,False,True,False,False,False,False,False,False,False,-32.82700550707081,dry,0.0,False,False,False,False,,Agricultural Food & other Products,Other Agricultural Products,24.696356275303643,False,False
VITAL.NS,2026-09-22,53.02000045776367,54.978333473205566,53.26500023735894,51.96840003967285,52.611466700236,53.243600063323974,54.48046862045676,35.400001525878906,69.4000015258789,False,False,False,False,True,True,True,False,False,-10.890755533170305,dry,6.671096623640274,False,False,False,False,,Chemicals & Petrochemicals,Specialty Chemicals,52.0242914979757,False,False
VIVIANA.NS,2026-09-22,734.0,739.2897694905599,725.8093956841362,726.2863317871094,761.0637528483073,752.4550128173828,732.4297010737433,564.2287930575284,1857.4610578031068,False,True,False,False,True,True,False,True,False,-47.09923406902907,green,185.59097104325576,False,False,False,False,,Construction,Civil Construction,10.688259109311742,False,False
VIVIMEDLAB.NS,2026-09-22,5.380000114440918,5.969999988873799,5.866111106342739,5.675599994659424,6.252399997711182,7.33914999961853,5.804413349088291,4.75,29.399999618530273,False,False,True,False,False,False,False,False,False,8.686875186761235,noise,64.30540566474076,False,False,False,False,,Pharmaceuticals & Biotechnology,Pharmaceuticals,70.76923076923077,True,False
VIVOBIOT.NS,2026-09-22,,,,,,,,,,False,False,False,False,False,False,False,False,False,,noise,,False,False,False,False,,Pharmaceuticals & Biotechnology,Biotechnology,,False,False
VIVO.NS,2026-09-21,151.0500030517578,151.0500030517578,143.90972264607748,125.99399993896485,92.8466665649414,88.76874988555909,151.3680797753271,64.0,164.0,True,True,True,True,True,True,True,False,False,136.01562976837158,dry,0.0,False,False,False,False,,Telecom - Services,Other Telecom Services,97.36842105263158,True,True
VIYASH.NS,2026-09-22,251.5,253.8500010172526,261.92500008477106,261.6709997558594,239.85266621907553,231.49329948425293,252.12600641308856,178.1300048828125,298.0,True,True,True,True,False,True,True,False,False,23.532592231395768,noise,88.29488225773173,False,False,False,False,,Pharmaceuticals & Biotechnology,Pharmaceuticals,80.60728744939271,True,False
VLEGOV.NS,2026-09-22,10.289999961853027,10.299166599909464,10.345555517408583,10.557799949645997,12.461266644795735,13.798549957275391,10.277880135543583,8.420000076293945,35.9900016784668,False,False,False,False,False,False,False,True,False,-69.49303260746267,green,134.16775378658394,False,False,False,False,,IT - Services,IT Enabled Services,1.5384615384615385,False,False
VLSFINANCE.NS,2026-09-22,236.4600067138672,240.66008631388345,248.1327896118164,249.52626373291017,241.1589702351888,252.56518531799315,239.49937019447114,197.56572023245192,336.8783200277491,False,False,False,False,False,False,False,False,False,7.576848723348473,noise,31.835241699955823,False,True,False,False,,Finance,Investment Company,69.79757085020243,False,False
VMSTMT.NS,2026-09-22,,,,,,,,,,False,False,False,False,False,False,False,False,False,,noise,83.95268313246052,False,False,False,False,,Industrial Products,Iron & Steel Products,,False,False
IDEA.NS,2026-09-22,14.270000457763672,14.695000171661377,14.183055586285061,13.93120002746582,12.522733364105225,12.183700046539307,14.375625625774312,7.900000095367432,15.789999961853027,True,True,True,True,True,True,True,False,False,70.08343115409478,green,136.7541707843253,False,False,False,False,,Telecom - Services,Telecom - Cellular & Fixed line services,92.26720647773278,True,True
VOITHPAPR.NS,2026-09-22,,,,,,,,,,False,False,False,False,False,False,False,False,False,,noise,,False,False,False,False,,Textiles & Apparels,Other Textile Products,,False,False
VOLTAMP.NS,2026-09-22,10747.0,10944.333333333334,10611.611111111111,10255.45875,9688.246162109375,9157.03825439453,10834.82380922603,6594.353209382375,12724.746990128295,True,True,True,True,True,True,True,False,False,46.56995428132904,noise,31.2290063555775,False,False,False,False,,Electrical Equipment,Heavy Electrical Equipment,88.17813765182187,True,True
VOLTAS.NS,2026-09-22,1100.800048828125,1141.7583414713542,1209.8222249348958,1244.8000048828126,1315.8503076171876,1337.4738763427733,1137.358649751933,1100.0,1577.544205432766,False,False,False,False,False,False,False,False,False,-19.760342215726713,red,145.29292347204165,False,False,False,True,,Consumer Durables,Household Appliances,42.34817813765182,False,False
VRAJ.NS,2026-09-22,125.87999725341797,124.59916559855144,123.69138866000705,125.914599609375,122.7557997639974,124.12914989471436,125.42563955587761,93.0,159.99000549316406,True,False,False,True,False,True,True,True,False,-18.697929493810893,noise,40.70003326181434,False,False,False,False,,Ferrous Metals,Sponge Iron,43.48178137651822,False,False
VRLLOG.NS,2026-09-22,291.75,289.6166636149089,292.0986116197374,279.81120056152344,259.87140014648435,260.91656799316405,290.5989013194219,225.0,310.20001220703125,True,False,True,True,True,False,True,True,False,3.2631030117087345,noise,22.50639758554787,False,False,False,False,,Transport Services,Logistics Solution Provider,66.07287449392713,False,False
VSTIND.NS,2026-09-22,205.69000244140625,205.6358324686686,211.10833358764648,216.01779998779296,228.68824869791666,229.7485344696045,205.99764923795883,190.93996943818797,273.7888347519297,False,False,False,False,False,False,True,False,False,-19.488076977428037,noise,53.05158850118684,False,False,False,False,,Cigarettes & Tobacco Products,Cigarettes & Tobacco Products,42.63157894736842,False,False
VSTTILLERS.NS,2026-09-22,4305.39990234375,4115.651753743489,4294.31790500217,4335.441108398438,4742.376687825521,4994.625408935547,4181.211669194161,3950.0,6334.462184822329,False,False,False,False,False,False,False,True,False,-17.180789986695324,green,154.60341250480877,False,False,False,False,,"Agricultural, Commercial & Construction Vehicles",Tractors,45.06072874493927,False,False
VTMLTD.NS,2026-09-22,,,,,,,,,,False,False,False,False,False,False,False,False,False,,noise,,False,False,False,False,,Textiles & Apparels,Other Textile Products,,False,False
WHBRADY.NS,2026-09-22,,,,,,,,,,False,False,False,False,False,False,False,False,False,,noise,,False,True,False,True,,Industrial Products,Other Industrial Products,,False,False
WIPL.NS,2026-09-22,159.39999389648438,165.6643269856771,165.61693572998047,165.95593048095702,158.16215006510416,156.02707145690917,164.64633170968133,132.2943626117094,192.03057478172354,True,True,False,True,False,False,True,False,False,-6.128131076513144,red,119.37190871608333,False,False,False,False,,Consumer Durables,Plywood Boards/ Laminates,57.36842105263158,False,False
WSI.NS,2026-09-22,58.31999969482422,58.98083305358887,59.82138888041178,60.39080001831055,66.62093330383301,70.65990003585816,58.56098860163533,53.79999923706055,95.0,False,False,False,False,False,False,False,False,False,-23.35391969813706,dry,17.91085670347242,False,False,False,False,,Construction,Civil Construction,37.24696356275304,False,False
WAAREEENER.NS,2026-09-22,2494.800048828125,2550.4525756835938,2622.453070746528,2653.68685546875,2911.80513671875,2898.5784033203126,2537.6885164063174,2401.1138768158653,3713.7978498601774,False,True,False,False,False,False,False,False,False,-27.681781184950893,red,168.938443174138,False,False,False,False,,Electrical Equipment,Other Electrical Equipment,31.902834008097162,False,False
WAAREERTL.NS,2026-09-22,816.9500122070312,824.8541666666666,864.6555565728081,891.3230041503906,928.1779988606771,928.8467492675782,822.7351386446377,779.5,1358.0,False,False,False,False,False,False,False,False,False,-22.593330177286475,green,121.09848931843715,False,False,False,False,,Electrical Equipment,Other Electrical Equipment,38.421052631578945,False,False
WAKEFIT.NS,2026-09-22,,,,,,,,,,False,False,False,False,False,False,False,False,False,,dry,13.943011439732384,False,False,False,False,,Consumer Durables,"Furniture, Home Furnishing",,False,False
WALCHANNAG.NS,2026-09-22,199.0500030517578,206.93750127156576,217.69555621676975,223.5374005126953,218.21913350423176,207.3649003601074,203.9494763961505,131.14999389648438,315.79998779296875,False,True,True,True,False,True,False,False,False,-4.797206184932756,noise,59.29512659880487,False,False,False,False,,Industrial Manufacturing,Industrial Products,58.8663967611336,False,False
WALPAR.NS,2026-09-21,23.100000381469727,22.883333206176758,29.09027730094062,30.667999382019044,34.951333096822104,37.43550002098083,23.16059092000796,21.25,50.599998474121094,False,False,False,False,False,False,False,False,False,-43.03329021925714,noise,80.64516129032258,False,False,False,False,,Pharmaceuticals & Biotechnology,Pharmaceuticals,14.291497975708504,False,False
WANBURY.NS,2026-09-22,222.6999969482422,233.79166793823242,250.66249974568686,270.7829995727539,264.8533341471354,255.5699006652832,230.4071697295653,161.5,358.8500061035156,False,True,False,True,False,True,False,False,False,-11.008992228474646,noise,28.861879353934217,False,True,False,False,,Pharmaceuticals & Biotechnology,Pharmaceuticals,51.94331983805668,False,False
WARDINMOBI.NS,2026-09-22,,,,,,,,,,False,False,False,False,False,False,False,False,False,,noise,,False,False,False,False,,Automobiles,2/3 Wheelers,,False,False
WATERBASE.NS,2026-09-22,,,,,,,,,,False,False,False,False,False,False,False,False,False,,noise,,False,True,False,False,,Food Products,Seafood,,False,False
CORDELIA.NS,2026-09-22,,,,,,,,,,False,False,False,False,False,False,False,False,False,,noise,29.750344507948355,False,False,False,False,,Leisure Services,"Tour, Travel Related Services",,False,False
WEWIN.NS,2026-09-22,43.0,42.268333435058594,44.46222231123183,44.90560005187988,48.53473342895508,47.590500068664554,42.65848337194501,35.380001068115234,78.0,False,True,False,False,False,False,False,True,False,-15.053336808912976,ppv,248.2390988571272,False,False,False,False,,Commercial Services & Supplies,Business Process Outsourcing (BPO)/ Knowledge Process Outsourcing (KPO),47.044534412955464,False,False
WEALTH.NS,2026-09-22,836.4000244140625,837.540028889974,867.1284806993273,890.1007690429688,919.595556233724,914.3299884033203,837.4417950615323,770.4106344815805,1255.6026718754983,False,True,False,False,False,False,False,False,False,-30.776843716840286,noise,39.73872383966496,False,True,False,False,,Finance,Other Financial Services,27.368421052631582,False,False
WEBELSOLAR.NS,2026-09-22,71.80000305175781,73.95983123779297,80.36485375298395,85.61291549682618,89.15548815409342,87.35221338272095,73.3675711748366,50.23386215331976,137.44541921249123,False,True,False,False,False,True,False,False,False,-42.913488637527884,noise,84.4939438483197,False,True,False,False,,Electrical Equipment,Other Electrical Equipment,14.412955465587043,False,False
WEIZMANIND.NS,2026-09-22,72.80000305175781,72.28500048319499,75.15111181471083,75.94301986694336,79.6836376953125,82.91755828857421,72.28834930201108,64.7975946309332,117.15436931035802,False,False,False,False,False,False,False,True,False,-33.15998341825709,noise,78.04386576765093,False,True,False,False,,Textiles & Apparels,Other Textile Products,24.210526315789473,False,False
WELCORP.NS,2026-09-22,2731.5,2615.7000122070312,2292.058342827691,2109.7340112304687,1481.507655029297,1307.1942166137696,2614.1801308335516,707.6502693631002,2829.0,True,True,True,True,True,True,True,True,False,207.1182873090603,noise,72.92383010566213,False,False,False,False,,Industrial Products,Iron & Steel Products,99.06882591093117,True,True
WELENT.NS,2026-09-22,783.75,785.8499959309896,678.5388861762153,658.8379968261719,558.33232421875,541.5692146301269,776.9928435797397,409.9812045484441,841.9000244140625,True,True,True,True,True,True,True,True,False,40.946541129714035,noise,73.68584176255425,False,True,False,False,,Construction,Civil Construction,86.31578947368422,True,True
WELINV.NS,2026-09-22,2408.89990234375,2309.1249796549478,2103.119449191623,2036.0900024414063,1709.5820027669272,1608.5350012207032,2312.5674184669965,1000.0999755859375,2413.699951171875,True,True,True,True,True,True,True,True,False,137.31835193471014,dry,6.920225349364681,False,False,True,False,,Finance,Investment Company,97.4493927125506,True,True
WELSPUNLIV.NS,2026-09-22,221.50999450683594,210.39166514078775,190.154721154107,182.37659942626954,151.68967041015625,146.6742300415039,211.1146449369462,107.03568289025932,224.0,True,True,True,True,True,True,True,True,False,79.62808497443152,ppv,86.59366876172744,False,False,True,False,,Textiles & Apparels,Other Textile Products,93.52226720647774,True,True
WELSPLSOL.NS,2026-09-22,,,,,,,,,,False,False,False,False,False,False,False,False,False,,noise,,False,False,False,False,,Industrial Products,Iron & Steel Products,,False,False
WENDT.NS,2026-09-22,8627.0,8610.625,8280.847222222223,8174.700078125,7418.107789713542,7425.6959228515625,8615.484889367857,5833.993377935374,9707.50451854483,True,False,False,True,True,True,True,True,False,-9.845328530553177,red,136.05540375075785,False,False,False,False,,Industrial Products,Abrasives & Bearings,53.07692307692308,False,False
WSTCSTPAPR.NS,2026-09-22,749.75,716.0833282470703,647.8834482828776,619.7298046875,520.9584100341797,493.5037712097168,723.643819547576,373.1221844471916,777.0,True,True,True,True,True,True,True,True,False,55.944378557302656,noise,71.61910101622465,False,False,False,False,,"Paper, Forest & Jute Products",Paper & Paper Products,90.20242914979757,True,True
WCIL.NS,2026-09-22,95.13999938964844,89.44416618347168,87.63444413079156,88.69359954833985,95.72113321940104,101.1726498413086,91.83260686698094,77.0199966430664,147.2899932861328,False,False,False,False,True,False,False,True,False,-34.327326157022185,red,167.63412352572456,False,False,False,False,,Transport Services,Logistics Solution Provider,22.55060728744939,False,False
WESTLIFE.NS,2026-09-22,574.0,557.6708272298177,567.9033152262369,543.87103515625,495.35047709147136,501.85421524047854,561.0873474519378,398.1246588021791,763.2721271776468,True,False,False,True,True,True,True,True,False,-20.718151840110654,ppv,42.22875855065295,False,False,False,False,,Leisure Services,Restaurants,40.97165991902834,False,False
WEWORK.NS,2026-09-22,,,,,,,,,,False,False,False,False,False,False,False,False,False,,dry,9.44274179967846,False,True,False,False,,Commercial Services & Supplies,Diversified Commercial Services,,False,False
WHEELS.NS,2026-09-22,2174.0,2160.366689046224,1706.7666829427083,1634.3400073242187,1386.697264404297,1246.0274096679686,2114.768157269248,697.4556123989075,2498.0,True,True,True,True,True,True,True,True,False,175.81365992036447,noise,32.56530056752886,False,False,False,False,,Auto Components,Auto Components & Equipments,98.582995951417,True,True
WHIRLPOOL.NS,2026-09-22,721.0499877929688,759.1000010172526,780.0024719238281,779.6160961914062,826.5374857584635,835.4278186035157,744.6084372658257,706.0,1428.4580610250364,False,False,False,False,False,False,False,False,False,-45.42869694237294,noise,23.448905273327025,False,False,False,False,,Consumer Durables,Household Appliances,11.94331983805668,False,False
WILLAMAGOR.NS,2026-09-22,23.600000381469727,24.197500069936115,24.76638889312744,25.020599975585938,26.193999926249187,26.999749965667725,24.095219981804508,21.110000610351562,37.0,False,False,False,False,False,False,False,False,False,-30.424523421477733,dry,16.115780825380778,False,False,False,False,,Finance,Investment Company,27.85425101214575,False,False
WINDLAS.NS,2026-09-22,1102.300048828125,1121.9291687011719,1017.0208333333334,972.6580017089843,857.6279158528646,840.9887347412109,1107.96802472421,692.1704627016716,1181.9000244140625,True,True,True,True,True,True,True,False,False,15.252242334900012,noise,30.400620860330303,False,False,False,False,,Pharmaceuticals & Biotechnology,Pharmaceuticals,75.7085020242915,True,True
WINDMACHIN.NS,2026-09-22,300.0,300.8083318074544,303.27499813503687,299.8869989013672,285.5254662068685,280.06834953308106,300.1403868934475,200.64999389648438,343.8999938964844,True,True,True,True,True,True,True,False,False,-2.200488997555017,ppv,117.76583022852476,False,False,False,False,,Industrial Manufacturing,Industrial Products,61.1336032388664,False,False
WINSOL.NS,2026-09-21,111.9000015258789,111.03762563069661,112.13331158955891,112.96717163085937,121.56020151774088,127.87307529449463,110.73564384865756,92.65537023048489,202.25627654368094,False,False,False,False,False,False,False,True,False,-42.94084753261138,noise,81.19079837618403,False,False,False,False,,Construction,Civil Construction,14.37246963562753,False,False
WIPRO.NS,2026-09-22,166.0,167.75583267211914,177.05444378323025,177.3220474243164,186.5867696126302,200.8360668182373,167.8765573724779,163.2100067138672,263.220498300555,False,False,False,False,False,False,False,False,False,-31.19861584894196,ppv,129.381526199972,False,False,False,False,,IT - Software,Computers - Software & Consulting,26.963562753036435,False,False
WTICAB.NS,2026-09-21,102.5,102.64999961853027,107.14166641235352,111.76999954223633,106.95866638183594,113.0344998550415,102.77044565292383,75.1500015258789,175.0,False,False,False,False,False,True,False,False,False,-40.111011594897015,noise,81.83306055646482,False,False,False,False,,Transport Services,Road Transport,16.599190283400812,False,False
WOCKPHARMA.NS,2026-09-22,2185.39990234375,2156.4083455403647,2001.013888888889,1972.95599609375,1710.9806608072918,1631.3084930419923,2122.955673812992,1086.699951171875,2422.300048828125,True,True,True,True,True,True,True,True,False,47.55249060612432,red,116.20246747974392,False,False,False,False,,Pharmaceuticals & Biotechnology,Pharmaceuticals,88.50202429149797,True,True
WOMANCART.NS,2026-09-21,105.19999694824219,103.41666666666667,106.08472188313802,104.48999969482422,128.96799987792969,159.31449951171874,104.40024864376657,88.0,358.0,False,False,False,False,True,False,False,True,False,-57.05246039644945,dry,16.887503247596776,False,False,False,False,,Retailing,E-Retail/ E-Commerce,5.060728744939271,False,False
WEL.NS,2026-09-22,80.4000015258789,72.9191665649414,107.39027786254883,107.19380004882812,107.61752090454101,118.16579647064209,76.63155070597735,68.01000213623047,183.39952737494264,False,False,False,False,False,False,False,True,False,-49.126019223435016,dry,10.76619999129475,False,False,False,False,,Consumer Durables,Household Appliances,9.31174089068826,False,False
WONDERLA.NS,2026-09-22,511.1499938964844,519.591667175293,507.29129367404516,496.25616271972655,497.3063924153646,502.7057678222656,517.759514962862,453.1268052753948,643.2906982921073,True,False,False,False,True,False,True,False,False,-19.97145524088887,noise,37.09121453192787,False,True,False,False,,Leisure Services,Amusement Parks/ Other Recreation,41.902834008097166,False,False
WORTHPERI.NS,2026-09-22,148.82000732421875,149.37773895263672,152.28656429714627,149.61663696289062,138.00736312866212,138.06926639556886,148.77707852496428,108.30123544694452,168.71146737453856,True,False,False,True,False,True,True,True,False,-4.822897462391007,noise,23.18352041733251,False,False,False,False,,Industrial Products,Packaging,58.825910931174086,False,False
WPIL.NS,2026-09-22,,,,,,,,,,False,False,False,False,False,False,False,False,False,,noise,,False,False,False,False,,Industrial Manufacturing,Industrial Products,,False,False
XCHANGING.NS,2026-09-22,60.31999969482422,62.760833740234375,62.7828279071384,62.94592842102051,61.903884150187174,65.04030374526978,62.008206158365866,46.05491563524566,99.86644435445179,False,False,False,False,False,True,False,False,False,-30.37191924045389,noise,64.90693120569388,False,False,False,False,,IT - Software,Computers - Software & Consulting,27.89473684210526,False,False
XELPMOC.NS,2026-09-22,73.31999969482422,75.80083274841309,79.18027750651042,79.69359985351562,93.76273345947266,103.2626000213623,75.17775845139667,71.0999984741211,155.5,False,False,False,False,False,False,False,False,False,-28.37045793509946,red,191.8409235296992,False,False,False,True,,IT - Software,Software Products,30.60728744939271,False,False
XPROINDIA.NS,2026-09-22,1201.0,1276.4583129882812,1190.2444390190972,1246.6339916992188,1150.664813232422,1105.6819589233398,1238.0241536410372,786.9688181552652,1572.6395438881225,True,True,True,True,False,True,True,False,False,6.580107767476084,noise,45.50620914515996,False,False,False,False,,Industrial Products,Packaging,68.74493927125506,False,False
XTGLOBAL.NS,2026-09-22,30.139999389648438,30.0600004196167,30.51083336936103,30.286400032043456,30.54933344523112,31.042150058746337,29.910935669712693,25.200000762939453,45.8295242117324,False,False,False,False,False,False,False,True,False,-26.925489066643582,dry,17.0354414709155,False,False,False,False,,IT - Software,Computers - Software & Consulting,32.79352226720648,False,False
XTRANET.NS,2026-09-22,,,,,,,,,,False,False,False,False,False,False,False,False,False,,noise,,False,False,False,False,,IT - Services,IT Enabled Services,,False,False
YASHOPTICS.NS,2026-09-21,131.0500030517578,123.68333371480306,118.62361102634006,117.47399993896484,118.48400009155273,119.14450016021729,126.7322777230912,97.5,153.5,True,False,False,False,True,True,True,True,False,-11.422774075755171,noise,86.07198748043818,False,True,False,False,,Consumer Durables,Diversified consumer products,51.417004048582996,False,False
YASHO.NS,2026-09-22,3959.39990234375,4016.141642252604,4195.258321126302,3919.7570263671873,2604.1250830078125,2300.866085205078,4015.397827735921,1129.8189394012777,4994.0,True,True,True,True,True,True,True,False,False,133.7268677415687,noise,60.269404205047415,False,False,False,False,,Chemicals & Petrochemicals,Specialty Chemicals,97.24696356275304,True,True
YCCL.NS,2026-09-21,8.550000190734863,8.675000031789144,9.33472204208374,9.461999893188477,9.90599998474121,10.430499973297119,8.675959343825346,8.0,13.949999809265137,False,False,False,False,False,False,False,False,False,-33.203124505234896,dry,0.0,False,False,False,False,,Chemicals & Petrochemicals,Dyes And Pigments,24.129554655870443,False,False
YATHARTH.NS,2026-09-22,1129.0999755859375,1024.5500030517578,942.9042578803169,914.1837744140626,817.4907096354167,776.4513409423828,1054.346416926589,537.9315639475303,1184.0,True,True,True,True,True,True,True,True,False,45.91777584246235,green,105.97762305569537,False,False,False,False,,Healthcare Services,Hospital,87.9757085020243,True,True
YATRA.NS,2026-09-22,108.81999969482422,110.04333368937175,111.62027719285753,110.60559936523437,108.8974663289388,122.42649978637695,108.13885387173269,89.9000015258789,202.0,False,False,False,False,False,False,False,True,False,-26.990944336286717,ppv,108.76611179545755,False,False,False,False,,Leisure Services,"Tour, Travel Related Services",32.67206477732793,False,False
YESBANK.NS,2026-09-22,23.200000762939453,22.94249979654948,22.73333321677314,22.828999977111817,21.896600023905435,21.87745002746582,23.00925233171691,17.200000762939453,25.780000686645508,True,True,False,True,True,True,True,True,False,9.38237512666198,noise,59.91017061656001,False,False,False,False,,Banks,Private Sector Bank,71.45748987854252,True,False
YOGI.NS,2026-09-22,,,,,,,,,,False,False,False,False,False,False,False,False,False,,noise,,False,False,False,False,,Finance,Non Banking Financial Company (NBFC),,False,False
YUDIZ.NS,2026-09-21,23.0,23.929166475931805,24.63055552376641,24.416000022888184,26.34000005086263,26.98775001525879,23.260712133938142,21.350000381469727,39.29999923706055,False,False,False,False,False,False,False,False,False,-28.125,noise,79.36507936507937,False,True,False,False,,IT - Software,Computers - Software & Consulting,30.971659919028337,False,False
YUKEN.NS,2026-09-22,1137.949951171875,1086.6249745686848,949.6961975097656,885.8413745117188,768.3471423339844,781.9513442993164,1098.8265090846521,583.156534821045,1153.8499755859375,True,False,True,True,True,True,True,True,False,14.276205074493365,green,152.887702531173,False,False,False,False,,Industrial Products,"Compressors, Pumps & Diesel Engines",74.97975708502024,True,False
ZFSTEERING.NS,2026-09-22,,,,,,,,,,False,False,False,False,False,False,False,False,False,,noise,20.142505467776893,False,True,False,False,,Auto Components,Auto Components & Equipments,,False,False
ZTECH.NS,2026-09-21,397.0,441.5874989827474,484.1013904147678,501.9670013427734,547.2113344319662,559.4497523498535,429.10232482716646,385.0,701.0,False,False,False,False,False,False,False,False,False,-33.22119428090833,red,129.7775242441529,False,False,False,True,,Other Utilities,Waste Management,23.967611336032387,False,False
ZAGGLE.NS,2026-09-22,179.9499969482422,181.30916595458984,188.605832417806,193.40759948730468,214.05006673177084,239.8997996520996,181.09113268569172,154.36000061035156,405.3999938964844,False,False,False,False,False,False,False,False,False,-49.35978785495738,noise,22.307610100179428,False,False,False,False,,IT - Services,IT Enabled Services,9.230769230769232,False,False
ZEAL.NS,2026-09-21,77.5999984741211,77.46517721811931,67.61616208818224,66.28759536743163,68.723097559611,73.14956838607787,76.84993139952466,54.859031379558424,122.42690988020463,True,False,False,False,True,True,False,True,False,-29.931335210981956,red,142.85714285714286,False,True,False,False,,Transport Services,Logistics Solution Provider,28.421052631578945,False,False
ZEEL.NS,2026-09-22,78.20999908447266,80.12412198384602,91.0464235941569,94.7307209777832,90.98043696085612,90.13744197845459,80.30688486185912,66.41325236662951,118.95785852711808,False,True,False,True,False,False,False,False,False,-33.21775318843221,noise,29.859554480480927,False,False,False,False,,Entertainment,TV Broadcasting & Software Production,24.008097165991906,False,False
ZEELEARN.NS,2026-09-22,6.809999942779541,6.754166762034099,7.453055606948005,7.705600042343139,6.811000006993612,6.815550003051758,6.859197450880073,4.170000076293945,10.449999809265137,False,False,False,True,False,True,False,False,False,-28.240251770025605,noise,54.42609979043278,False,False,False,False,,Other Consumer Services,Education,30.76923076923077,False,False
ZEEMEDIA.NS,2026-09-22,7.559999942779541,7.528333306312561,8.09638884332445,8.0303999710083,8.122266674041748,8.281700005531311,7.539135952443614,6.650000095367432,13.260000228881836,False,False,False,False,False,False,False,True,False,-39.6166160833359,noise,74.81689936296489,False,False,False,False,,Entertainment,TV Broadcasting & Software Production,17.08502024291498,False,False
ZENTEC.NS,2026-09-22,1673.800048828125,1717.4000040690105,1788.3044874403213,1771.8434301757814,1658.0117407226562,1578.3228350830077,1704.8092508379518,1222.3593609523095,2042.629425992547,True,True,True,True,False,True,True,False,False,4.315264397071705,noise,58.97550672688385,False,False,False,False,,Aerospace & Defense,Aerospace & Defense,67.08502024291498,False,False
ZENITHDRUG.NS,2026-09-21,42.0,44.762499491373696,43.95972209506564,45.585999984741214,44.23700004577637,45.80424999237061,44.04173472426267,33.29999923706055,73.44999694824219,False,False,False,False,False,False,False,False,False,-38.23529411764706,noise,51.02040816326531,False,False,False,False,,Pharmaceuticals & Biotechnology,Pharmaceuticals,18.582995951417004,False,False
ZENITHEXPO.NS,2026-09-22,197.6199951171875,199.95833333333334,207.80666775173611,205.63580078125,202.91826649983724,206.14759956359865,200.08184347106544,174.0,294.6000061035156,False,False,False,False,False,False,False,False,False,-30.53778730503075,noise,40.72845755512888,False,False,False,False,,Consumer Durables,Leather And Leather Products,27.732793522267208,False,False
ZENITHSTL.NS,2026-09-22,5.309999942779541,5.736666599909465,5.551666657129924,5.562999982833862,5.676400009791056,5.87760000705719,5.557544529668997,4.409999847412109,10.329999923706055,False,False,False,False,False,False,False,False,False,-28.629033576065233,noise,56.55081181457483,False,True,False,False,,Industrial Products,Iron & Steel Products,30.080971659919026,False,False
ZENSARTECH.NS,2026-09-22,432.6000061035156,438.0750020345052,468.05833435058594,480.81070434570313,496.33573689778643,540.5149844360352,439.8309581509948,412.9712066051201,819.3164915956711,False,False,False,False,False,False,False,False,False,-45.12450411307712,noise,22.62100747340518,False,False,False,False,,IT - Software,Computers - Software & Consulting,12.226720647773279,False,False
ZFCVINDIA.NS,2026-09-22,2362.199951171875,2469.4832967122397,2555.438869900174,2503.97599609375,2452.507058919271,2452.666400146484,2444.027601948854,2046.7853151927584,3038.7327548607846,False,False,False,True,False,False,True,False,False,6.509873570609015,red,194.3635125695653,False,False,False,False,,Auto Components,Auto Components & Equipments,68.62348178137651,False,False
ZIMLAB.NS,2026-09-22,133.8000030517578,133.6691665649414,123.19416681925456,121.69059997558594,101.28986694335937,94.04725028991699,133.76407077841043,59.310001373291016,144.49000549316406,True,True,True,True,True,True,True,True,False,78.09131897135894,noise,67.18034670441287,False,False,False,False,,Pharmaceuticals & Biotechnology,Pharmaceuticals,93.27935222672065,True,True
ZODIACLOTH.NS,2026-09-22,69.88999938964844,70.29333305358887,73.38194380866156,74.5645994567871,75.46179985046386,77.74669984817506,70.14380106339561,58.5,113.0199966430664,False,False,False,False,False,False,False,False,False,-33.791207838126155,noise,35.82684540079692,False,False,False,False,,Textiles & Apparels,Garments & Apparels,23.360323886639677,False,False
ZODIAC.NS,2026-09-22,227.72000122070312,228.49043655395508,242.49475309583875,245.57518829345702,265.7076723225911,271.1120765686035,227.97060599836294,204.85434414905038,413.59550365919745,False,False,False,False,False,False,False,False,False,-41.155469328632876,noise,72.64158021836937,False,False,False,False,,Construction,Civil Construction,15.748987854251013,False,False
ZOTA.NS,2026-09-22,1356.0,1142.9681294759114,1143.067376030816,1185.6913427734376,1227.0883113606772,1280.983325805664,1181.8905568833302,1021.107035054789,1738.4797432169696,True,False,False,False,True,True,True,True,False,-6.031586192054927,ppv,1099.597489226341,False,False,False,False,,Pharmaceuticals & Biotechnology,Pharmaceuticals,57.48987854251012,False,False
ZUARI.NS,2026-09-22,225.72000122070312,220.94833374023438,225.1283327738444,226.4832000732422,224.0702001953125,240.1101503753662,221.16503015976207,175.10000610351562,345.6000061035156,False,False,False,False,False,False,False,True,False,-16.151563527006584,noise,49.64657823671923,False,False,False,False,,Fertilizers & Agrochemicals,Fertilizers,46.11336032388664,False,False
ZUARIIND.NS,2026-09-22,275.1000061035156,269.6445032755534,268.122563680013,265.4934240722656,257.1585563151042,266.21800415039064,268.72613741445844,209.22651031785279,414.46776156696694,True,False,False,False,True,True,False,True,False,-4.754389423837868,green,122.00051004720306,False,True,False,False,,Agricultural Food & other Products,Sugar,59.02834008097167,False,False
ZYDUSLIFE.NS,2026-09-22,1162.300048828125,1134.2250061035156,1138.4888882107205,1135.3365844726563,1037.189229329427,1003.9215530395508,1141.5071855999802,834.749872350541,1205.0,True,True,True,True,True,True,True,True,False,12.32448050192312,noise,91.67296942019755,False,False,False,False,,Pharmaceuticals & Biotechnology,Pharmaceuticals,73.36032388663968,True,True
ZYDUSWELL.NS,2026-09-22,520.5499877929688,546.5958353678385,528.705556233724,541.3520300292969,502.9803605143229,484.37498794555665,537.3817073755603,366.8171926721902,611.8499755859375,True,True,True,True,False,True,True,False,False,4.821116449860741,noise,42.030885670254456,False,False,False,False,,Food Products,Packaged Foods,67.48987854251011,False,False
ANANTAM.NS,2026-09-22,,,,,,,,,,False,False,False,False,False,False,False,False,False,,dry,8.51832541471761,False,False,False,False,BSE,Transport Infrastructure,"Road AssetsToll, Annuity, Hybrid-Annuity",,False,False
ANZEN.NS,2026-09-22,129.0,128.83333333333334,129.84367031521268,129.04354614257812,122.678200785319,119.49328586578369,129.0629611167309,103.91025810241699,134.0,True,True,True,True,False,False,True,False,False,23.066056917300195,red,1758.2417582417584,False,False,False,False,BSE,Power,Power - Transmission,80.36437246963563,True,False
BCP.NS,2026-09-22,1.7400000095367432,1.6999999980131786,1.8013888895511627,1.792999997138977,1.8720000012715658,1.9003999990224838,1.7209499435882758,1.4500000476837158,3.130000114440918,False,False,False,False,False,False,False,True,False,-12.562814010146573,red,166.9493912450834,False,False,False,False,BSE,Industrial Products,Cables - Electricals,50.08097165991903,False,False
BAGMANE.NS,2026-09-22,,,,,,,,,,False,False,False,False,False,False,False,False,False,,dry,8.91751790092255,False,False,True,False,BSE,Realty,Real Estate Investment Trusts (REITs),,False,False
BEL.NS,2026-09-22,,,,,,,,,,False,False,False,False,False,False,False,False,False,,noise,,False,False,True,True,BSE,Aerospace & Defense,Aerospace & Defense,,False,False
CAPINVIT.NS,2026-09-22,,,,,,,,,,False,False,False,False,False,False,False,False,False,,noise,,False,False,True,True,BSE,Construction,Civil Construction,,False,False
CITIUSINVT.NS,2026-09-22,,,,,,,,,,False,False,False,False,False,False,False,False,False,,noise,69.38826821749493,False,True,False,False,BSE,Transport Infrastructure,"Road AssetsToll, Annuity, Hybrid-Annuity",,False,False
CUBEINVIT.NS,2026-09-22,156.44000244140625,156.7950007120768,156.14467239379883,154.2231182861328,145.18225107828775,141.07709396362304,156.59040779314176,119.64134979248047,160.52000427246094,True,True,True,True,True,True,True,False,False,28.82033070133623,ppv,1176.178628582419,True,False,False,False,BSE,Transport Infrastructure,"Road AssetsToll, Annuity, Hybrid-Annuity",82.3076923076923,True,True
FAALCON.NS,2026-09-22,42.0099983215332,41.902499198913574,40.285833252800835,40.10039993286133,38.00413342793782,38.72670001983643,41.2391112424658,27.75,62.220001220703125,True,False,False,True,True,True,False,True,False,-17.80473915113844,noise,90.25270758122743,False,False,False,False,BSE,Industrial Manufacturing,Industrial Products,44.412955465587046,False,False
INDUSINVIT.NS,2026-09-22,133.97000122070312,132.86999893188477,133.04277165730795,131.33086486816407,124.05903452555339,120.42426387786865,132.96502770579218,100.62967898701613,136.99000549316406,True,True,True,True,True,True,True,True,False,27.172963749397706,dry,17.423970031189636,False,False,False,False,BSE,Transport Infrastructure,"Road AssetsToll, Annuity, Hybrid-Annuity",81.86234817813765,True,True
KRT.NS,2026-09-22,113.79000091552734,113.36166636149089,114.60777748955621,114.81812133789063,114.53283630371094,115.789720993042,113.46097749374653,105.00871307270488,124.35123765540155,False,False,False,False,False,False,True,True,False,7.890730806507418,green,182.06970027516192,False,False,False,False,BSE,Realty,Real Estate Investment Trusts (REITs),69.95951417004048,False,False
NHIT.NS,2026-07-29,,,,,,,,,,False,False,False,False,False,False,False,False,False,,noise,,False,False,True,True,BSE,Transport Infrastructure,"Road AssetsToll, Annuity, Hybrid-Annuity",,False,False
RIIT.NS,2026-09-22,,,,,,,,,,False,False,False,False,False,False,False,False,False,,dry,0.9504515276408991,False,False,False,False,BSE,Transport Infrastructure,"Road AssetsToll, Annuity, Hybrid-Annuity",,False,False
RAJPUTANA.NS,2026-09-21,30.079999923706055,29.75333325068156,30.021944363911945,31.048199920654298,32.66460001627604,33.90760000228882,29.802127198672835,25.850000381469727,46.79999923706055,False,False,False,False,False,False,False,True,False,-27.883000278214077,dry,0.0,False,True,False,False,BSE,Chemicals & Petrochemicals,Petrochemicals,31.538461538461537,False,False
ROADSTAR.NS,2026-09-22,62.0,62.583333333333336,61.761666191948784,61.26839965820312,59.918206151326494,59.92800785064697,62.434325833706225,45.73954772949219,63.04999923706055,True,False,False,True,True,True,True,False,False,23.227356427514458,red,677.9661016949152,False,False,False,False,BSE,Transport Infrastructure,"Road AssetsToll, Annuity, Hybrid-Annuity",80.52631578947368,True,False
SPICEJET.NS,2026-09-22,9.199999809265137,8.939166784286499,10.444722228580051,10.68779998779297,12.218133335113526,15.9969500207901,8.979250329779756,8.0,40.59000015258789,False,False,False,False,False,False,False,True,False,-71.77048246029361,red,212.72666612417203,False,False,False,False,BSE,Transport Services,Airline,1.214574898785425,False,False
VIKASPROP.NS,2026-09-22,0.25,0.2616666654745738,0.2569444427887599,0.2601999998092651,0.28106666723887125,0.2855000016093254,0.2587840852153514,0.23000000417232513,0.3799999952316284,False,False,False,False,False,False,False,False,False,-30.555558315029742,noise,112.00456482868366,False,False,False,False,BSE,Agricultural Food & other Products,Other Agricultural Products,27.692307692307693,False,False
VIKASWSP.NS,2026-09-22,0.8700000047683716,0.8866666605075201,0.9208333343267441,0.9376000010967255,0.9740000013510386,1.0208500018715858,0.8852372302846385,0.800000011920929,1.5299999713897705,False,False,False,False,False,False,False,False,False,-43.13725352699779,red,143.4797763824561,False,False,False,False,BSE,Agricultural Food & other Products,Other Agricultural Products,14.129554655870447,False,False
