symbol,date,close,MA12,MA36,MA50,MA150,MA200,EMA10,52w_low,52w_high,cond1_price_above_150_200,cond2_ma150_above_ma200,cond3_ma200_trending_up_1m,cond4_ma50_above_150_200,cond5_price_above_ma50,cond6_30pct_above_52w_low,cond7_within_25pct_52w_high,cond9_price_above_ema10,fresh_ma12_cross_today,12m_return_pct,volume_signal,relative_volume,bull_snort,inside_bar,is_52w_high,is_52w_low,data_source,industry_group,industry,rs_percentile,cond8_rs_at_least_70,all_conditions_met,total_market_cap_cr,traded_value_cr,traded_volume,traded_val_pct_mc,price_band
ABB.NS,2026-09-03,7432.0,7498.833333333333,7487.330268012152,7313.8893359375,6743.157880859375,6311.652160644531,7497.1932850640815,4564.870705303207,7832.294844565128,True,True,True,True,True,True,True,False,False,45.521672358978684,noise,47.551270647991174,False,False,False,False,,Electrical Equipment,Heavy Electrical Equipment,87.09819462791721,True,True,,,,,No Band
AARTIIND.NS,2026-09-03,501.8999938964844,527.9083379109701,508.93750254313153,499.8640020751953,468.52900146484376,443.3017512512207,521.5694103052203,338.04998779296875,551.75,True,True,True,True,True,True,True,False,False,30.211435465438786,noise,43.42403681542659,False,False,False,False,,Chemicals & Petrochemicals,Specialty Chemicals,81.99031263760457,True,True,,,,,20
AARTISURF.NS,2026-09-03,544.25,545.1875,503.06805504692926,468.62699951171874,416.6636665852865,414.1049995422363,540.3549596008293,316.0,677.7000122070312,True,True,True,True,True,True,True,True,False,19.753841641417424,noise,29.15108568516576,False,False,False,False,,Chemicals & Petrochemicals,Specialty Chemicals,76.13386173491854,True,True,,,,,5
ABSMARINE.NS,2026-09-02,289.6000061035156,267.4624989827474,237.7055549621582,236.91899993896484,217.0403333536784,213.47524978637696,273.6814786750113,143.0500030517578,315.5,True,True,True,True,True,True,True,True,False,52.70235456036261,green,110.48043786742348,False,False,False,False,,Transport Services,Shipping,89.12373403786879,True,True,,,,,20
ACCENTMIC.NS,2026-09-02,602.0999755859375,597.9083251953125,548.3090828789605,533.0557800292969,442.25827351888023,415.218547668457,595.403585788781,237.53315895751183,621.0,True,True,True,True,True,True,True,True,False,113.13400105110728,noise,46.19332763045338,False,False,False,False,,Pharmaceuticals & Biotechnology,Pharmaceuticals,96.56538969616909,True,True,,,,,20
ACCORD.NS,2026-09-02,198.35000610351562,198.35000610351562,200.25000551011829,192.0020037841797,93.42066791534424,76.67350098609924,198.3868289424225,19.850000381469727,211.0,True,True,True,True,True,True,True,False,False,762.3913308848506,dry,0.0,False,False,False,False,,Telecom - Services,Other Telecom Services,100.0,True,True,,,,,5
ACMESOLAR.NS,2026-09-03,401.8999938964844,397.46666717529297,379.9166675143772,379.555,312.05744537353513,290.5438823699951,396.35333412561533,195.72747422084996,411.5,True,True,True,True,True,True,True,True,False,34.73597161363748,noise,42.964253959931234,False,True,False,False,,Power,Power Generation,83.6635843240863,True,True,,,,,20
CPPLUS.NS,2026-09-03,3751.300048828125,3546.9000040690103,3553.4232042100693,3569.3497900390626,2683.184637044271,2386.323220214844,3620.701984022306,1226.4431802909007,4094.0,True,True,True,True,True,True,True,True,False,176.4235986461017,noise,72.62247648360652,False,False,False,False,,Industrial Manufacturing,Industrial Products,98.67899603698811,True,True,,,,,5
ADOR.NS,2026-09-03,1714.5999755859375,1641.7999979654949,1535.6194491916233,1462.9558740234374,1174.6182600911459,1138.801803894043,1653.8124582775426,833.6830524113437,1766.4000244140625,True,True,True,True,True,True,True,True,False,81.59568348988404,noise,34.63093576052073,False,True,False,False,,Industrial Products,Other Industrial Products,94.01144870101277,True,True,,,,,20
AEROFLEX.NS,2026-09-03,542.1500244140625,517.7791620890299,462.0874989827474,456.12457153320315,358.21795064290365,314.21444602966307,524.0453333762646,157.8500633749001,570.5,True,True,True,True,True,True,True,True,False,201.31315462150795,noise,49.0103185021179,False,False,False,False,,Industrial Products,Iron & Steel Products,98.89916336415676,True,True,,,,,10
AEROENTER.NS,2026-09-03,142.86000061035156,139.58026377360025,129.29526413811578,129.09247924804689,102.79346216837565,97.9231967163086,139.97999991281154,62.02029581540144,149.1179264567163,True,True,True,True,True,True,True,True,False,61.034549126902114,noise,91.64139397174557,False,False,False,False,,Industrial Products,Iron & Steel Products,90.97313958608542,True,True,,,,,20
AETHER.NS,2026-09-03,1654.699951171875,1659.0000101725261,1575.4611070421006,1525.257998046875,1241.2580041503907,1158.478253173828,1658.2941912688252,726.4500122070312,1717.0,True,True,True,True,True,True,True,False,False,118.86118350483805,noise,36.99911047591735,False,True,False,False,,Chemicals & Petrochemicals,Specialty Chemicals,96.91765741963893,True,True,,,,,20
AIMTRON.NS,2026-09-02,1583.449951171875,1659.4749857584636,1540.4985995822483,1473.0339965820312,1142.5093334960939,1070.150749206543,1633.6576184468695,665.0,1780.0,True,True,True,True,True,True,True,False,False,130.2195375508645,noise,60.110277501581855,False,False,False,False,,Industrial Manufacturing,Industrial Products,97.57815940114487,True,True,,,,,20
AJANTPHARM.NS,2026-09-03,3521.10009765625,3574.4166666666665,3510.2415432400176,3457.1324951171873,3105.9708382161457,2990.911318359375,3547.9303180601814,2283.1397649802702,3796.0,True,True,True,True,True,True,True,False,False,44.88768622646235,noise,38.40721306459358,False,True,False,False,,Pharmaceuticals & Biotechnology,Pharmaceuticals,87.01012769704975,True,True,,,,,20
AKIKO.NS,2026-09-02,379.1000061035156,394.6375020345052,354.9805552164714,335.5559991455078,267.299333190918,266.1367498779297,389.1084527245089,164.85000610351562,413.0,True,True,True,True,True,True,True,False,False,118.50144444006662,noise,40.98360655737705,False,False,False,False,,Finance,Other Financial Services,96.8736239542052,True,True,,,,,10
AKUMS.NS,2026-09-03,780.5499877929688,764.8374938964844,718.9069400363499,699.2598132324218,575.325322265625,539.1282904052734,766.7618340069291,407.37371334346585,796.5499877929688,True,True,True,True,True,True,True,True,False,68.00360480724169,noise,90.42052903819514,False,False,True,False,,Pharmaceuticals & Biotechnology,Pharmaceuticals,91.9859092910612,True,True,,,,,10
ALIVUS.NS,2026-09-03,1418.800048828125,1376.3352457682292,1282.2195570203994,1243.1658959960937,1082.731875,1035.1811483764648,1389.6466953749375,816.0868402393627,1488.4866814641196,True,True,True,True,True,True,True,True,False,52.32572472051808,noise,47.7649542670588,False,True,False,False,,Pharmaceuticals & Biotechnology,Pharmaceuticals,89.03566710700133,True,True,,,,,20
ANANDRATHI.NS,2026-09-03,2205.300048828125,2188.4249674479165,2125.6194356282554,2103.3299951171875,1817.2078645833333,1736.6599151611329,2191.144837323678,1351.1991966764108,2242.0,True,True,True,True,True,True,True,True,False,51.27999776251397,noise,40.02084890500526,False,False,False,False,,Capital Markets,Financial Products Distributor,88.68339938353148,True,True,,,,,20
ANDHRSUGAR.NS,2026-09-03,101.29000091552734,98.93666458129883,92.5658327738444,90.0327995300293,84.24393300374349,81.78054981231689,98.75864493484289,66.5,107.2300033569336,True,True,True,True,True,True,True,True,False,32.74767021606133,green,107.66093101794598,False,False,False,False,,Chemicals & Petrochemicals,Commodity Chemicals,83.0471158080141,True,True,,,,,20
ANLON.NS,2026-09-02,645.0,652.1541697184244,636.3541666666666,639.1770007324219,532.8646667480468,498.2664997863769,643.4208190113926,335.0,748.0,True,True,True,True,True,True,True,True,False,50.0,green,103.53227771010962,False,False,False,False,,Commercial Services & Supplies,Diversified Commercial Services,88.33113166006164,True,True,,,,,10
ANTELOPUS.NS,2026-09-03,1013.2999877929688,823.5249989827474,830.9416673448351,826.2919995117187,715.3589975992838,642.6257479858399,857.0211797486902,357.0,1075.0999755859375,True,True,True,True,True,True,True,True,False,77.67841653204077,ppv,2522.492677091615,False,False,True,False,,Oil,Oil Exploration & Production,93.26287978863937,True,True,,,,,20
ANTHEM.NS,2026-09-03,950.7000122070312,903.0333302815756,848.8513912624783,824.3300024414062,753.164981282552,725.1695614624024,913.11438184185,577.6439689831894,955.0,True,True,True,True,True,True,True,True,False,15.726177394705187,noise,90.05065702530037,False,False,True,False,,Pharmaceuticals & Biotechnology,Biotechnology,73.75605460149714,True,True,,,,,20
APARINDS.NS,2026-09-03,17704.0,17195.5,15832.333333333334,15463.32,12942.043333333333,11803.6625,17278.043726382883,6801.0,18465.0,True,True,True,True,True,True,True,True,False,125.17011128775835,ppv,130.42822131206776,False,False,False,False,,Electrical Equipment,Other Electrical Equipment,97.09379128137384,True,True,,,,,20
APCOTEXIND.NS,2026-09-03,650.4000244140625,625.6416727701823,607.0458289252388,580.47599609375,471.6916613769531,445.87606674194336,630.1988934664877,307.1774227167927,712.0,True,True,True,True,True,True,True,True,False,66.02004021129235,ppv,104.28317495227238,False,False,False,False,,Industrial Products,Rubber,91.63364156759137,True,True,,,,,20
APOLLOPIPE.NS,2026-09-03,614.5499877929688,618.9499918619791,546.1249957614475,529.6782727050781,460.85052388509115,418.54203872680665,610.3796749067336,251.75001240064898,668.7999877929688,True,True,True,True,True,True,True,True,False,52.08312139953266,noise,47.50863716237678,False,False,False,False,,Industrial Products,Plastic Products - Industrial,88.94760017613386,True,True,,,,,20
ARABIAN.NS,2026-09-02,86.25,84.81666628519694,78.58611106872559,76.15299987792969,71.96366658528646,71.92125,85.40230667587545,63.20000076293945,94.30000305175781,True,True,True,True,True,True,True,True,False,15.384615384615374,dry,17.301038062283737,False,False,False,False,,Petroleum Products,Lubricants,73.49185380889476,True,True,,,,,20
ARFIN.NS,2026-09-03,89.08999633789062,85.45749982198079,86.4361106024848,87.0197996520996,85.61333323160807,81.18145002365112,86.35657080179857,31.939266383049485,106.19999694824219,True,True,True,True,True,True,True,True,False,165.57394423294775,noise,60.57034753359848,False,False,False,False,,Non - Ferrous Metals,Aluminium,98.370761778952,True,True,,,,,20
ARMANFIN.NS,2026-09-03,1991.9000244140625,1965.3999938964844,1968.6500040690105,1914.0880053710937,1698.012001953125,1662.1185021972656,1971.545600615909,1301.0,2158.60009765625,True,True,True,True,True,True,True,True,False,41.49026533080118,noise,43.11714327926199,False,False,False,False,,Finance,Non Banking Financial Company (NBFC),85.99735799207397,True,True,,,,,20
ARROWGREEN.NS,2026-09-03,777.4000244140625,714.9958343505859,727.6652764214409,705.4809985351562,561.2006665039063,547.596499786377,733.5189936016374,341.95001220703125,821.5999755859375,True,True,True,True,True,True,True,True,False,36.89400360395527,green,155.3592989793507,False,False,False,False,,Industrial Products,Packaging,84.45618670189344,True,True,,,,,5
ARVIND.NS,2026-09-03,567.0,545.2958323160807,539.7458309597439,542.1769958496094,454.2146649169922,420.7277484130859,553.9321573648235,277.8999938964844,600.0,True,True,True,True,True,True,True,True,False,95.58468849173578,noise,59.44794720688742,False,True,False,False,,Textiles & Apparels,Garments & Apparels,95.33245266402466,True,True,,,,,20
ASAHISONG.NS,2026-09-03,368.79998779296875,368.1833318074544,350.24305725097656,325.74040130615236,263.05233408610025,260.98225059509275,368.15970797738305,179.63999938964844,413.95001220703125,True,True,True,True,True,True,True,True,False,19.54759457815456,noise,29.84041607324351,False,False,False,False,,Chemicals & Petrochemicals,Dyes And Pigments,75.95772787318363,True,True,,,,,5
ASIANENE.NS,2026-09-03,523.0,482.6083297729492,420.5333302815755,399.17799560546877,339.349265238444,324.1296990966797,484.3915015076707,230.0,528.4000244140625,True,True,True,True,True,True,True,True,False,37.33507827683971,green,165.7759594674745,False,False,True,False,,Oil,Oil Equipment & Services,84.72038749449582,True,True,,,,,20
ASKAUTOLTD.NS,2026-09-03,632.2000122070312,628.3083343505859,587.6429968939888,552.17619140625,474.483217569987,473.066775970459,629.9259388326091,373.9332517882958,687.7000122070312,True,True,True,True,True,True,True,True,False,23.253833667687363,noise,22.720513346427943,False,False,False,False,,Auto Components,Auto Components & Equipments,78.24746807573756,True,True,,,,,20
ATHERENERG.NS,2026-09-03,1638.9000244140625,1551.3999938964844,1425.1138814290364,1350.4709985351562,1012.2486645507812,927.4757485961914,1600.0794596919418,485.0,1744.0,True,True,True,True,True,True,True,True,False,227.38713632280013,noise,79.06163286243594,False,False,False,False,,Automobiles,2/3 Wheelers,99.20739762219286,True,True,,,,,No Band
AUBANK.NS,2026-09-03,1072.0,1092.5583190917969,1061.884324815538,1058.1545971679689,1004.4765938313802,997.0937469482421,1084.8153898853977,681.4882278715522,1144.0999755859375,True,True,True,True,True,True,True,False,False,50.29638863844694,noise,28.321033702274377,False,False,False,False,,Banks,Other Bank,88.4191985909291,True,True,,,,,No Band
AUROPHARMA.NS,2026-09-03,1637.300048828125,1639.2250162760417,1607.1722242567275,1596.2639990234375,1433.2533317057291,1373.3074975585937,1648.3649189648736,1016.2000122070312,1717.0,True,True,True,True,True,True,True,False,False,60.17413708429056,noise,88.33777992268429,False,False,False,False,,Pharmaceuticals & Biotechnology,Pharmaceuticals,90.79700572435051,True,True,,,,,No Band
AUSOMENT.NS,2026-09-03,159.9499969482422,149.29249954223633,141.65861066182455,135.0283996582031,122.64393310546875,121.36489978790283,151.1062075544596,93.0,178.0,True,True,True,True,True,True,True,True,False,55.346814084721615,ppv,288.10217308997125,False,False,False,False,,Consumer Durables,"Gems, Jewellery And Watches",89.74020255394099,True,True,,,,,5
AUTOIND.NS,2026-09-03,92.75,88.65416653951009,90.42972204420302,90.18699966430664,78.43266654968262,77.19809980392456,89.01435633657351,48.349998474121094,104.0,True,True,True,True,True,True,True,True,False,26.690344433663093,ppv,1146.8703002800255,False,False,False,False,,Auto Components,Auto Components & Equipments,80.0968736239542,True,True,,,,,20
AVADHSUGAR.NS,2026-09-03,831.0999755859375,816.7875010172526,659.797223409017,613.8045025634766,488.52889444986977,455.2367820739746,807.3127158061684,300.3047281830496,884.7999877929688,True,True,True,True,True,True,True,True,False,90.44409055139833,noise,50.38425052142382,False,False,False,False,,Agricultural Food & other Products,Sugar,95.02421840598855,True,True,,,,,10
AVALON.NS,2026-09-03,2248.60009765625,2229.2166951497397,1961.5166795518662,1899.7680102539061,1430.5166731770832,1296.738754272461,2220.79349884156,777.2999877929688,2400.0,True,True,True,True,True,True,True,True,False,160.4807526969302,green,103.30186490263911,False,False,False,False,,Electrical Equipment,Other Electrical Equipment,98.23866138265082,True,True,,,,,20
AVTNPL.NS,2026-09-03,91.63999938964844,87.82999992370605,77.34584278530545,75.33102981567383,68.73940854390462,68.07201601028443,87.51525138448196,53.16497337905437,97.0,True,True,True,True,True,True,True,True,False,27.996998344869795,ppv,716.8443799882826,False,False,False,False,,Agricultural Food & other Products,Other Agricultural Products,80.62527520915896,True,True,,,,,20
AYMSYNTEX.NS,2026-09-03,317.25,271.08750406901044,256.2283350626628,251.2274008178711,219.9138668823242,205.45855010986327,282.5134370612972,141.52999877929688,325.0,True,True,True,True,True,True,True,True,False,66.5092122146555,ppv,155.41933245803165,False,False,True,False,,Textiles & Apparels,Other Textile Products,91.72170849845884,True,True,,,,,20
AZAD.NS,2026-09-03,2766.89990234375,2814.2249959309897,2579.2250094943574,2480.2580151367188,2057.7553401692708,1942.628006591797,2795.8480636678987,1360.0,2986.60009765625,True,True,True,True,True,True,True,False,False,72.19939122865422,noise,42.20314997084539,False,False,False,False,,Electrical Equipment,Heavy Electrical Equipment,92.69044473800088,True,True,,,,,20
BHEL.NS,2026-09-03,431.79998779296875,423.62499745686847,417.6111111111111,411.91318481445313,352.9310924275716,333.6932553863525,426.97695690991515,208.9260498893183,446.5,True,True,True,True,True,True,True,True,False,99.65565619239962,noise,49.4808931682286,False,False,False,False,,Electrical Equipment,Heavy Electrical Equipment,95.50858652575957,True,True,,,,,No Band
BBTCL.NS,2026-09-03,233.77000427246094,234.70999908447266,227.08333333333334,224.30140014648438,202.58526682535808,201.14275024414061,230.67927109899998,156.0,262.0,True,True,True,True,True,True,True,True,False,15.945843633508128,noise,46.84178686986974,False,False,False,False,,Industrial Products,Packaging,74.06428885953325,True,True,,,,,20
BAFNAPH.NS,2026-09-03,301.8500061035156,276.7000020345052,262.3925009833442,247.80980072021484,169.9214000447591,163.8663998413086,289.1805158638296,94.7699966430664,318.5,True,True,True,True,True,True,True,True,False,187.91493384898453,dry,19.93447670879731,False,False,False,False,,Pharmaceuticals & Biotechnology,Pharmaceuticals,98.76706296785557,True,True,,,,,5
BAHETI.NS,2026-09-02,840.9000244140625,827.4083302815756,767.0430552164713,753.7660009765625,642.9760009765625,628.82125,832.2651579964379,478.0,875.0,True,True,True,True,True,True,True,True,False,50.64493121189335,noise,46.163642152180834,False,False,False,False,,Industrial Products,"Aluminium, Copper & Zinc Products",88.5512989872303,True,True,,,,,20
BAJAJ-AUTO.NS,2026-09-03,11920.0,11896.666666666666,11527.319444444445,11102.96,10178.667981770834,9909.051030273438,11954.920264986957,8373.654962449684,12470.0,True,True,True,True,True,True,True,False,False,32.59931630215674,noise,85.48549680325536,False,False,False,False,,Automobiles,2/3 Wheelers,82.9150154117129,True,True,,,,,No Band
BALAMINES.NS,2026-09-03,2417.800048828125,2301.050008138021,2218.124996609158,2207.7904956054685,1665.1047880045573,1535.0640054321289,2339.5280576958307,963.3273935013657,2506.0,True,True,True,True,True,True,True,True,False,59.23575973371171,noise,39.891088635154645,False,True,False,False,,Chemicals & Petrochemicals,Specialty Chemicals,90.4887714663144,True,True,,,,,20
BALRAMCHIN.NS,2026-09-03,704.3499755859375,685.5374857584635,642.9236060248481,620.9149963378907,542.0976666259766,515.3217497253418,677.462193467904,393.54998779296875,780.9500122070312,True,True,True,True,True,True,True,True,False,26.831559149363258,green,257.09996932669173,False,False,False,False,,Agricultural Food & other Products,Sugar,80.18494055482167,True,True,,,,,20
MAHABANK.NS,2026-09-03,86.31999969482422,82.52833302815755,80.76472176445856,82.21979965209961,76.35476941426595,72.01397619247436,83.10440290010915,50.296692418905735,94.5,True,True,True,True,True,True,True,True,False,68.43742949446523,ppv,299.90857900723176,False,False,False,False,,Banks,Public Sector Bank,92.07397622192866,True,True,,,,,No Band
BELRISE.NS,2026-09-03,238.11000061035156,231.68749872843424,236.87472195095486,236.00880004882814,214.9564005533854,203.15260032653808,233.83723100677364,135.16000366210938,268.20001220703125,True,True,True,True,True,True,True,True,False,69.29257799015322,noise,72.45830298305887,False,False,False,False,,Auto Components,Auto Components & Equipments,92.29414354909731,True,True,,,,,20
BEPL.NS,2026-09-03,129.74000549316406,125.13000106811523,121.4275574154324,115.39337600708008,98.1280805460612,94.99911224365235,125.70197700637446,72.86855369334994,137.34641029083173,True,True,True,True,True,True,True,True,False,27.118059734405776,noise,41.244424213289214,False,False,True,False,,Chemicals & Petrochemicals,Petrochemicals,80.36107441655659,True,True,,,,,20
BIRLACABLE.NS,2026-09-03,358.6499938964844,296.74999745686847,251.3845935397678,234.60591796875,182.7631999206543,171.05518966674805,311.00023584659607,103.34114160024168,358.6499938964844,True,True,True,True,True,True,True,True,False,126.90423929715973,green,156.19744335481028,False,False,True,False,,Telecom -  Equipment & Accessories,Telecom -  Equipment & Accessories,97.31395860854249,True,True,,,,,5
BLISSGVS.NS,2026-09-03,639.3499755859375,592.7749989827474,519.470832824707,518.6849871826172,362.25102762858074,312.5064208221436,601.571925484149,117.5147500933485,665.0,True,True,True,True,True,True,True,True,False,304.63257912801527,noise,27.741356262740773,False,False,False,False,,Pharmaceuticals & Biotechnology,Pharmaceuticals,99.51563188022897,True,True,,,,,5
BLSE.NS,2026-09-03,323.6499938964844,320.4416681925456,304.1416659884983,290.9353997802734,218.3189547729492,213.46908805847167,321.4519859654531,124.30000305175781,331.29998779296875,True,True,True,True,True,True,True,True,False,84.56680972352734,dry,14.828036909853795,False,False,False,False,,IT - Services,IT Enabled Services,94.45178335535006,True,True,,,,,20
BLUESTONE.NS,2026-09-03,804.9000244140625,813.2041778564453,794.6583404541016,732.7240063476562,567.6563362630209,552.5765020751953,812.2343099257445,399.79998779296875,926.0,True,True,True,True,True,True,True,False,False,45.84163595002615,dry,7.05445230754959,False,False,False,False,,Consumer Durables,"Gems, Jewellery And Watches",87.36239542051959,True,True,,,,,20
BLUSPRING.NS,2026-09-03,134.25,127.35999997456868,117.3713887532552,116.11120010375977,83.23746691385905,79.1700500869751,127.4528117681603,43.97999954223633,136.6699981689453,True,True,True,True,True,True,True,True,False,65.9250944551249,noise,92.59289801793005,False,False,True,False,,Commercial Services & Supplies,Diversified Commercial Services,91.58960810215764,True,True,,,,,10
BODALCHEM.NS,2026-09-03,150.75999450683594,101.78333409627278,79.75111198425293,74.68460067749024,65.11393346150716,61.85045017242432,114.36810224635909,42.810001373291016,159.99000549316406,True,True,True,True,True,True,True,True,False,130.16793054478768,ppv,739.0153616039302,False,False,True,False,,Chemicals & Petrochemicals,Dyes And Pigments,97.53412593571113,True,True,,,,,20
BOSCHLTD.NS,2026-09-03,47000.0,48442.083333333336,44680.41449652778,43668.828984375,38235.45361979167,37784.256484375,47982.86272594282,28422.960694251175,50000.0,True,True,True,True,True,True,True,False,False,14.508738762188322,noise,57.68945728090341,False,True,False,False,,Auto Components,Auto Components & Equipments,72.74328489652136,True,True,,,,,No Band
CHENNPETRO.NS,2026-09-03,1440.0,1392.875,1296.192131890191,1237.0313525390625,1060.4599471028646,1005.6260064697266,1389.9213019718568,651.3127841620155,1489.699951171875,True,True,True,True,True,True,True,True,False,116.67990859624555,noise,88.0205386331066,False,False,False,False,,Petroleum Products,Refineries & Marketing,96.78555702333773,True,True,,,,,20
CPS.NS,2026-09-02,1150.0,1123.4833374023438,1065.0277743869358,1054.739998779297,1053.5556640625,1049.6589978027343,1128.563619510296,679.25,1349.25,True,True,True,True,True,True,True,True,False,59.72222222222223,noise,72.59528130671507,False,False,False,False,,Textiles & Apparels,Garments & Apparels,90.70893879348306,True,True,,,,,5
CALSOFT.NS,2026-09-03,43.130001068115234,33.77833366394043,26.18277793460422,25.101200065612794,19.347666753133137,18.423000078201294,35.973001808077754,10.899999618530273,43.130001068115234,True,True,True,True,True,True,True,True,False,165.7424663252477,green,331.29907849106877,True,False,True,False,,IT - Software,Computers - Software & Consulting,98.45882870981947,True,True,,,,,5
CAPLIPOINT.NS,2026-09-03,2845.0,2583.1416625976562,2568.008341471354,2572.5180029296876,2094.960228678385,2039.353851928711,2633.7382206510274,1497.3339696999908,2877.300048828125,True,True,True,True,True,True,True,True,True,34.1761252779667,ppv,504.790572200029,True,False,True,False,,Pharmaceuticals & Biotechnology,Pharmaceuticals,83.39938353148393,True,True,,,,,20
CGCL.NS,2026-09-03,271.70001220703125,245.34583536783853,239.13972430759006,239.06300140380858,202.0608004760742,197.17320045471192,251.61854713168287,151.10000610351562,272.75,True,True,True,True,True,True,True,True,False,44.016403804573635,ppv,225.60837518209422,False,False,True,False,,Finance,Non Banking Financial Company (NBFC),86.61382650814619,True,True,,,,,20
CEIGALL.NS,2026-09-03,347.54998779296875,331.78333282470703,332.16944376627606,343.84899963378905,324.8233331298828,307.17959999084474,337.2445208629122,222.61000061035156,405.70001220703125,True,True,True,True,True,True,True,True,False,36.91695272889115,ppv,515.6123174105547,False,False,False,False,,Construction,Civil Construction,84.50022016732717,True,True,,,,,10
CENTUM.NS,2026-09-03,3776.10009765625,3438.7000122070312,3577.1590372721353,3593.9490869140627,3139.766852213542,2931.532855224609,3512.3335395057293,2041.2345828168375,3968.800048828125,True,True,True,True,True,True,True,True,False,34.255894314006554,green,306.66264694483647,True,False,False,False,,Aerospace & Defense,Aerospace & Defense,83.44341699691765,True,True,,,,,20
CENTENKA.NS,2026-09-03,616.6500244140625,564.4208323160807,573.0081329345703,557.0138330078125,479.666655476888,468.4271464538574,573.4217914972651,364.44087184079007,659.4200186323656,True,True,True,True,True,True,True,True,False,23.614800284811444,ppv,444.2358846011194,False,False,True,False,,Textiles & Apparels,Other Textile Products,78.46763540290621,True,True,,,,,20
CGPOWER.NS,2026-09-03,895.0,882.3791656494141,881.1777750651041,894.4199975585938,821.8859981282552,776.0297067260742,887.3119932493255,524.3427016609982,980.9000244140625,True,True,True,True,True,True,True,True,False,22.320387643302485,noise,57.809904941151004,False,False,False,False,,Electrical Equipment,Heavy Electrical Equipment,77.63099955966536,True,True,,,,,No Band
CHEMBONDCH.NS,2026-09-03,259.0,268.9250005086263,253.51997672186957,248.67831939697265,190.14222279866536,180.08863204956054,264.4229277959995,104.32122655798874,290.0,True,True,True,True,True,True,True,False,False,35.530168071447356,noise,20.586500172066273,False,False,False,False,,Chemicals & Petrochemicals,Specialty Chemicals,84.05988551298988,True,True,,,,,5
COMSYN.NS,2026-09-03,302.70001220703125,291.2175013224284,244.5097223917643,227.45380004882813,182.6227996826172,173.1510498046875,292.493037836281,136.44000244140625,314.8500061035156,True,True,True,True,True,True,True,True,False,108.7217947650966,dry,5.659167314556809,False,False,False,False,,Industrial Products,Packaging,96.21312197269926,True,True,,,,,10
COMMITTED.NS,2026-09-02,349.0,346.25,342.3791664971246,339.4859997558594,278.9373332722982,260.8144998168945,346.06413986386474,174.25,357.0,True,True,True,True,True,True,True,True,False,37.14418657361451,noise,42.07573632538569,False,False,False,False,,Transport Services,Logistics Solution Provider,84.63232056362835,True,True,,,,,10
CONFIPET.NS,2026-09-03,84.27999877929688,78.04583422342937,77.53611161973741,76.43960037231446,58.99400020599365,53.11490016937256,79.9118854768424,28.059999465942383,88.2699966430664,True,True,True,True,True,True,True,True,True,73.28660276704875,green,216.03011354023232,False,False,True,False,,Gas,LPG/CNG/PNG/LNG Supplier,92.77851166886833,True,True,,,,,20
CONSOFINVT.NS,2026-09-03,274.6000061035156,271.1083348592122,281.0294443766276,270.3559997558594,239.53260060628256,220.99865028381348,270.5212005759642,152.0,320.0,True,True,True,True,True,True,True,True,False,35.27759922779208,noise,72.2313136638662,False,False,False,False,,Finance,Non Banking Financial Company (NBFC),83.97181858212241,True,True,,,,,5
CORDSCABLE.NS,2026-09-03,302.8999938964844,264.7916653951009,230.33083385891385,223.9456005859375,197.0460664876302,193.12675003051757,276.52639872470354,127.01000213623047,329.29998779296875,True,True,True,True,True,True,True,True,False,71.77509593248016,red,342.1482769660286,False,False,False,False,,Industrial Products,Cables - Electricals,92.64641127256715,True,True,,,,,20
CRAFTSMAN.NS,2026-09-03,11220.0,10859.416666666666,10244.75,9962.70375,8647.56455078125,8297.35514404297,10949.493094638765,6316.2925601072975,11500.0,True,True,True,True,True,True,True,True,False,56.906093192901096,noise,60.15923587588459,False,False,False,False,,Auto Components,Auto Components & Equipments,90.04843681197711,True,True,,,,,20
CNL.NS,2026-09-03,1243.4000244140625,1233.7416585286458,1114.7236107720269,1027.0869982910156,771.6506669108073,757.515998840332,1235.6765915464748,525.0,1328.0,True,True,True,True,True,True,True,True,False,93.38477700942505,dry,4.1939230187205006,False,True,False,False,,Commercial Services & Supplies,Trading & Distributors,95.2443857331572,True,True,,,,,20
CLSL.NS,2026-09-02,83.1500015258789,85.15416781107585,72.51944478352864,65.0270002746582,51.8760001373291,51.48550016403198,85.35901425088026,39.04999923706055,92.25,True,True,True,True,True,True,True,False,False,43.36207159634293,dry,6.361323155216285,False,False,False,False,,Fertilizers & Agrochemicals,Pesticides & Agrochemicals,86.39365918097755,True,True,,,,,5
CUPID.NS,2026-09-03,279.95001220703125,281.57249704996747,255.99249818589954,241.15279846191407,153.24399927775065,135.35869955062867,279.62117539447956,32.86800003051758,299.0,True,True,True,True,True,True,True,True,False,675.3988796175836,dry,19.989913234601527,False,False,False,False,,Personal Products,Personal Care,99.95596653456627,True,True,,,,,20
CYIENTDLM.NS,2026-09-03,836.5499877929688,790.9249979654948,711.8388892279731,653.9780004882813,466.54933369954426,452.8010003662109,810.1735311428098,265.20001220703125,869.9500122070312,True,True,True,True,True,True,True,True,False,90.18983203016997,noise,37.67016333291596,False,False,False,False,,Aerospace & Defense,Aerospace & Defense,94.98018494055482,True,True,,,,,20
DALMIASUG.NS,2026-09-03,461.04998779296875,477.98333231608075,418.88194444444446,399.1676910400391,355.5153063964844,339.0979022216797,467.1111571722147,256.4493957198617,520.0,True,True,True,True,True,True,True,False,False,25.806540527194333,noise,30.217445187324437,False,False,False,False,,Agricultural Food & other Products,Sugar,79.56847203874945,True,True,,,,,20
DATAPATTNS.NS,2026-09-03,4587.2998046875,4649.533365885417,4502.019158257379,4474.4041748046875,3901.557150065104,3589.506895751953,4590.847922239726,2126.3648658097904,5000.0,True,True,True,True,True,True,True,False,False,80.53403719161163,noise,51.31521240970469,False,False,False,False,,Aerospace & Defense,Aerospace & Defense,93.87934830471158,True,True,,,,,20
DCI.NS,2026-09-03,357.6499938964844,380.03333282470703,338.9527799818251,322.14000122070314,293.19560048421226,280.4111504364014,373.44805754604937,208.97999572753906,475.0,True,True,True,True,True,True,True,False,False,38.457666089891404,noise,49.096963272757435,False,True,False,False,,IT - Hardware,Computers Hardware & Equipments,85.11668868339939,True,True,,,,,20
DCBBANK.NS,2026-09-03,222.1999969482422,209.37999852498373,195.60166549682617,193.31079925537108,185.02158864339194,183.23363800048827,213.66626419981537,121.38222908441647,228.99000549316406,True,True,True,True,True,True,True,True,False,78.03982565615672,red,136.12838113699752,False,False,False,False,,Banks,Private Sector Bank,93.35094671950682,True,True,,,,,20
DCMNVL.NS,2026-09-03,182.0399932861328,183.09833272298178,164.4711104498969,160.1675994873047,144.28513315836588,141.10615005493165,184.1488014004704,95.5999984741211,198.5800018310547,True,True,True,True,True,True,True,False,False,11.591974399133175,noise,76.02059282965672,False,False,False,False,,Textiles & Apparels,Other Textile Products,70.5856450902686,True,True,,,,,5
DEEPINDS.NS,2026-09-03,744.8499755859375,678.0263468424479,612.8123448689779,569.159292602539,480.95411885579426,466.633904876709,686.9835208052921,328.747065369566,749.0,True,True,True,True,True,True,True,True,False,31.844273736377616,ppv,274.17627931342844,False,False,True,False,,Oil,Oil Equipment & Services,82.51871422280934,True,True,,,,,20
DBOL.NS,2026-09-03,129.63999938964844,128.4766648610433,115.35749944051106,114.19973052978516,109.2231346130371,101.2638567352295,126.85973727379627,68.04458797402032,139.0,True,True,True,True,True,True,True,True,False,50.36060691545523,green,177.98307900604485,False,False,False,False,,Agricultural Food & other Products,Sugar,88.46323205636284,True,True,,,,,20
DHAMPURSUG.NS,2026-09-03,177.0500030517578,178.43583170572916,158.9352764553494,154.1025991821289,140.4800569152832,135.5552057647705,174.84180106260303,108.4862046974501,199.9199981689453,True,True,True,True,True,True,True,True,False,29.170047183254134,green,113.2824562287738,False,False,False,False,,Agricultural Food & other Products,Sugar,81.63804491413474,True,True,,,,,20
DIACABS.NS,2026-09-03,322.8999938964844,344.1583302815755,327.39416715833875,297.0088000488281,204.8009999593099,188.22599990844728,339.99141865433063,115.56999969482422,379.0,True,True,True,True,True,True,True,False,False,122.93565455718856,noise,39.97056268239745,False,False,False,False,,Electrical Equipment,Other Electrical Equipment,96.96169088507266,True,True,,,,,5
DIVGIITTS.NS,2026-09-03,1235.199951171875,1220.1500040690105,1093.5374942355686,1056.033994140625,835.4486645507812,776.710498046875,1217.5798794817615,573.7000122070312,1329.800048828125,True,True,True,True,True,True,True,True,False,89.70353309954939,noise,51.3266864299854,False,False,False,False,,Auto Components,Auto Components & Equipments,94.9361514751211,True,True,,,,,20
DIVISLAB.NS,2026-09-03,9250.0,8949.458333333334,8288.311143663195,7865.119150390625,6866.754436848958,6737.883156738281,9055.173758469537,5613.352076705792,9467.0,True,True,True,True,True,True,True,True,False,51.75465924213831,ppv,102.6129828434759,False,True,False,False,,Pharmaceuticals & Biotechnology,Pharmaceuticals,88.77146631439894,True,True,,,,,No Band
DPEL.NS,2026-09-02,577.75,574.5208384195963,567.4388919406467,555.8670013427734,460.5926662190755,415.45549949645994,573.689714283438,131.0500030517578,599.0,True,True,True,True,True,True,True,True,False,323.2600732600733,noise,32.42016534284325,False,False,False,False,,Industrial Products,Cables - Electricals,99.60369881109644,True,True,,,,,10
DOLPHIN.NS,2026-09-03,619.5999755859375,613.0249938964844,485.8222198486328,455.7299981689453,423.61999857584635,420.0629988098145,598.1812698339266,322.0,669.9500122070312,True,True,True,True,True,True,True,True,False,44.46257505321365,noise,69.09991713481641,False,False,False,False,,Oil,Offshore Support Solution Drilling,86.83399383531484,True,True,2478.68,3.36,54250.0,0.1356,10
LALPATHLAB.NS,2026-09-03,1925.199951171875,1912.7833251953125,1867.2719217936199,1813.0318579101563,1583.2034366861978,1549.0542517089843,1918.1574756687603,1266.1614521067843,1988.9000244140625,True,True,True,True,True,True,True,True,False,16.502550333904665,noise,47.34692635364908,False,False,False,False,,Healthcare Services,Healthcare Service Provider,74.24042272126816,True,True,32146.56,89.29,463783.0,0.2778,20
DURLAX.NS,2026-09-02,63.0,64.16250006357829,57.48194429609511,55.15599983215332,50.97432929992676,48.03324693679809,64.12400802273822,30.549999237060547,72.0,True,True,True,True,True,True,True,False,False,57.49999999999999,noise,33.06392358559883,False,False,False,False,,Consumer Durables,"Furniture, Home Furnishing",90.13650374284457,True,True,140.23,0.88,113333.0,0.6271,20
DYNAMATECH.NS,2026-09-03,11532.0,11604.722005208334,10995.062445746527,10840.800546875,10471.158798828124,10120.720710449219,11537.881169844277,6492.522559926718,12865.829460466755,True,True,True,True,True,True,True,False,False,74.42661239035253,noise,69.9322030818197,False,False,False,False,,Industrial Manufacturing,Industrial Products,92.86657859973579,True,True,7831.89,17.33,15027.0,0.2213,20
DYCL.NS,2026-09-03,544.2999877929688,477.54166920979816,437.34861246744794,417.72321350097656,348.89322560628256,343.38875144958496,496.6148925060081,236.47180790832357,560.0,True,True,True,True,True,True,True,True,False,26.02437248269178,noise,46.408028953331794,False,False,True,False,,Industrial Products,Cables - Electricals,79.74460590048437,True,True,2637.6,74.19,1362945.0,2.8126,20
E2E.NS,2026-09-03,592.7000122070312,614.5333302815756,569.9430601331923,520.2940032958984,373.0313343302409,332.96500076293944,612.260686509783,183.36000061035156,698.0,True,True,True,True,True,True,True,False,False,124.21881683368751,noise,31.463277060829554,False,False,False,False,,IT - Services,IT Enabled Services,97.04975781594013,True,True,12177.49,103.95,1753834.0,0.8536,5
EMIL.NS,2026-09-03,176.16000366210938,181.8850008646647,160.8986121283637,152.28940063476563,121.25253356933594,117.44380020141601,178.96425602083846,84.9000015258789,196.74000549316406,True,True,True,True,True,True,True,False,False,34.67889874008836,dry,18.895501986325,False,False,False,False,,Retailing,Diversified Retail,83.61955085865259,True,True,6777.73,97.02,5507564.0,1.4315,20
ELGIEQUIP.NS,2026-09-03,630.3499755859375,623.816660563151,598.2833302815756,594.62474609375,553.5933923339844,531.9228733825684,621.0039510006336,406.3547440834414,644.0,True,True,True,True,True,True,True,True,False,29.005894959976295,green,108.37978302012836,False,False,False,False,,Industrial Products,"Compressors, Pumps & Diesel Engines",81.41787758696609,True,True,19871.25,32.46,514909.0,0.1633,20
ENGINERSIN.NS,2026-09-03,281.95001220703125,256.3116683959961,240.58361180623373,240.02000061035156,227.1783115641276,218.54184051513673,263.30616739810796,162.352472800208,289.6499938964844,True,True,True,True,True,True,True,True,False,41.37006398801828,ppv,208.56725451384813,False,False,True,False,,Construction,Civil Construction,85.95332452664024,True,True,15846.79,103.8,3681379.0,0.655,20
ENTERO.NS,2026-09-03,1848.0,1654.3333435058594,1404.9444410536025,1349.2519995117189,1221.5286694335937,1185.2510025024415,1713.951729041163,944.0,1863.0,True,True,True,True,True,True,True,True,False,56.66327892911758,noise,81.22995727144878,False,False,True,False,,Retailing,Pharmacy Retail,90.00440334654337,True,True,8043.06,39.71,214868.0,0.4937,20
EPL.NS,2026-09-03,246.5500030517578,254.38083521525064,241.44361199273004,239.4872006225586,223.96846638997397,219.62839981079102,248.8256790597359,176.39999389648438,274.0299987792969,True,True,True,True,True,True,True,False,False,12.335443001892843,green,231.3750735506853,False,False,False,False,,Industrial Products,Packaging,71.11404667547336,True,True,7896.94,82.84,3359791.0,1.049,20
ESABINDIA.NS,2026-09-03,6077.5,6134.333333333333,5900.200453016493,5842.3773046875,5823.130774739583,5816.9156494140625,6105.423395116085,4646.751263257824,7287.879453826482,True,True,True,True,True,True,True,False,False,20.281627884705244,noise,52.77234707953233,False,True,False,False,,Industrial Products,Other Industrial Products,76.57419638925583,True,True,9355.11,3.16,5193.0,0.0337,20
ESAFSFB.NS,2026-09-03,41.66999816894531,43.10583305358887,40.14194424947103,38.4623999786377,30.744266624450685,29.723749933242797,42.48641594123788,19.780000686645508,44.9900016784668,True,True,True,True,True,True,True,False,False,42.02453289786323,dry,10.247633810197685,False,False,False,False,,Banks,Other Bank,86.04139145750771,True,True,2150.62,12.3,2952330.0,0.572,5
EXICOM.NS,2026-09-03,166.1300048828125,160.62916692097983,160.0794431898329,161.61279846191405,130.4893994140625,125.78034954071045,161.86920473348908,75.5999984741211,182.89999389648438,True,True,True,True,True,True,True,True,True,12.630511784957621,noise,50.605562195005106,False,False,False,False,,Electrical Equipment,Heavy Electrical Equipment,71.37824746807574,True,True,2310.53,80.37,4837540.0,3.4782,20
FILATEX.NS,2026-09-03,76.72000122070312,78.76749992370605,77.70916642083063,72.16679962158203,54.304199879964195,53.07354990005493,77.32296257456385,36.2599983215332,87.2699966430664,True,True,True,True,True,True,True,False,False,44.41037654053228,noise,30.422278361991623,False,False,False,False,,Textiles & Apparels,Other Textile Products,86.74592690444737,True,True,3406.82,33.25,4334405.0,0.9761,20
FCL.NS,2026-09-03,48.40999984741211,48.39000002543131,43.225000063578285,41.74879997253418,32.59573333740234,30.42994999885559,48.364997283012706,19.100000381469727,52.209999084472656,True,True,True,True,True,True,True,True,False,102.49924882912285,noise,60.976372257895285,False,False,False,False,,Chemicals & Petrochemicals,Specialty Chemicals,95.72875385292822,True,True,5637.35,68.04,14053975.0,1.2069,10
FINCABLES.NS,2026-09-03,1272.9000244140625,1270.9833272298176,1138.7180548773872,1124.545,1004.4970003255208,942.0515014648438,1253.9897777827543,700.7999877929688,1374.0,True,True,True,True,True,True,True,True,False,49.95582977255963,ppv,172.19048302887444,False,False,False,False,,Industrial Products,Cables - Electricals,88.28709819462792,True,True,19467.65,115.02,903586.0,0.5908,20
NYKAA.NS,2026-09-03,334.20001220703125,335.7749989827474,331.3083326551649,327.14099975585935,284.93479919433594,277.6124995422363,336.4714597724626,227.89999389648438,349.54998779296875,True,True,True,True,True,True,True,False,False,40.59147817420643,noise,44.57851386652605,False,False,False,False,,Retailing,E-Retail/ E-Commerce,85.68912373403786,True,True,95751.31,237.55,7108088.0,0.2481,No Band
GNFC.NS,2026-09-03,587.3499755859375,584.6041615804037,548.9791649712456,540.5629998779297,495.0496669514974,492.71600036621095,580.1802736198348,365.0,619.0,True,True,True,True,True,True,True,True,False,13.16955213601878,ppv,213.1189350955478,False,False,False,False,,Chemicals & Petrochemicals,Commodity Chemicals,71.81858212241303,True,True,8630.56,29.65,504800.0,0.3435,20
GTECJAINX.NS,2026-09-03,28.850000381469727,28.93749984105428,28.976944393581814,28.635199966430665,23.704266611735026,23.609499940872194,28.86361214404336,15.539999961853027,38.349998474121094,True,True,True,True,True,True,True,False,False,20.208334922790527,noise,22.961335255240346,False,True,False,False,,Other Consumer Services,E-Learning,76.44209599295465,True,True,29.4,0.06,22271.0,0.2186,5
GANDHAR.NS,2026-09-03,267.3999938964844,257.1908315022786,244.06694793701172,228.81738708496093,172.9359060160319,165.17777225494385,258.8952743773445,113.93974378848462,300.3749196686875,True,True,True,True,True,True,True,True,False,83.62252504775678,noise,22.894931676836546,False,False,False,False,,Petroleum Products,Lubricants,94.27564949361515,True,True,2617.3,79.3,2965614.0,3.0299,20
GANESHBE.NS,2026-09-03,121.18000030517578,119.90416653951009,116.49250030517578,112.03220031738282,97.50446665445963,93.0864500427246,119.75714166108077,68.4000015258789,129.99000549316406,True,True,True,True,True,True,True,True,False,23.275683156765513,noise,34.96981171889721,False,False,False,False,,Oil,Oil Storage & Transportation,78.2915015411713,True,True,872.37,9.18,757183.0,1.0518,5
GRWRHITECH.NS,2026-09-03,7100.0,7155.166666666667,7088.861111111111,7033.61,5453.050003255208,4930.901999511719,7153.713712652897,2690.699951171875,7990.0,True,True,True,True,True,True,True,False,False,144.53221408542416,noise,56.47087945313769,False,False,False,False,,Industrial Products,Plastic Products - Industrial,97.84236019374724,True,True,16495.0,48.73,68631.0,0.2954,20
GAYAPROJ.NS,2026-09-03,22.18000030517578,21.74416669209798,20.868055555555557,21.04180004119873,18.13786666234334,16.537199988365174,21.63406142380776,8.279999732971191,26.0,True,True,True,True,True,True,True,True,False,158.508164363658,noise,82.55407207339015,False,False,False,False,,Construction,Civil Construction,98.19462791721708,True,True,1029.82,1.13,510734.0,0.11,5
GRCL.NS,2026-09-02,590.0,553.0291697184244,558.227779812283,568.162001953125,484.23933451334636,455.2722511291504,564.0359403357695,306.6499938964844,629.2000122070312,True,True,True,True,True,True,True,True,False,47.90674580784942,green,119.04761904761905,False,False,False,False,,Industrial Products,Rubber,87.71466314398944,True,True,212.28,0.05,1310.0,0.0228,5
GHCLTEXTIL.NS,2026-09-03,138.02000427246094,129.82583300272623,121.36416668362088,116.75879974365235,94.82985315958659,89.50661560058593,132.4325646642234,64.84792129679248,144.58999633789062,True,True,True,True,True,True,True,True,False,74.53764387816277,noise,52.105548192664955,False,False,False,False,,Textiles & Apparels,Other Textile Products,92.91061206516953,True,True,1319.28,12.95,937911.0,0.9812,20
GLAND.NS,2026-09-03,2907.89990234375,2859.050008138021,2683.6662394205728,2615.6565771484375,2138.1352001953123,2029.2799627685547,2868.610045186502,1561.8007505195303,3039.800048828125,True,True,True,True,True,True,True,True,False,56.929226195130724,noise,28.547929477983775,False,False,False,False,,Pharmaceuticals & Biotechnology,Pharmaceuticals,90.09247027741083,True,True,47970.65,201.34,692394.0,0.4197,20
GLENMARK.NS,2026-09-03,2459.0,2412.6427001953125,2303.2865193684897,2284.2954736328124,2217.6062475585936,2157.5757775878906,2433.251784715831,1790.8181412412814,2535.0776323504288,True,True,True,True,True,True,True,True,False,23.10338332930202,noise,86.45779275621209,False,True,False,False,,Pharmaceuticals & Biotechnology,Pharmaceuticals,78.11536767943637,True,True,69399.05,137.42,558850.0,0.198,No Band
GLOBAL.NS,2026-09-03,116.2699966430664,109.73583285013835,105.1844442155626,104.30017852783203,101.69899149576823,97.58459392547607,111.04528817754188,54.6614122632081,123.37999725341797,True,True,True,True,True,True,True,True,False,83.13609917204614,red,304.2596106509385,False,False,False,False,,Other Consumer Services,Education,94.18758256274768,True,True,591.83,0.93,79812.0,0.1568,20
GNA.NS,2026-09-03,531.7999877929688,548.5083363850912,538.8513904147678,521.3860015869141,441.3865342203776,411.7908575439453,541.1917550499041,292.9006085948861,601.6500244140625,True,True,True,True,True,True,True,False,False,69.04268375729437,noise,28.05598941501896,False,False,False,False,,Auto Components,Auto Components & Equipments,92.25011008366359,True,True,2283.06,32.57,612370.0,1.4264,20
EBGNG.NS,2026-09-03,622.0999755859375,610.5708312988281,573.3152787950304,586.2209997558593,460.3750001017253,420.14650001525877,614.7706471720265,239.0,689.5,True,True,True,True,True,True,True,True,False,81.66154282682325,red,148.70636633030364,False,False,False,False,,IT - Hardware,Computers Hardware & Equipments,94.0554821664465,True,True,7092.66,48.23,775214.0,0.6799,10
GOCLCORP.NS,2026-09-03,422.95001220703125,397.41666920979816,403.6111119588216,403.7170001220703,340.58066731770833,328.1022505187988,400.23180229523996,223.35000610351562,459.8999938964844,True,True,True,True,True,True,True,True,False,18.158960129439894,ppv,2809.8139451829998,False,False,False,False,,Chemicals & Petrochemicals,Explosives,75.25319242624394,True,True,2096.67,5.56,131481.0,0.2652,20
GOKULAGRO.NS,2026-09-03,234.91000366210938,242.53333536783853,229.336666531033,224.26820007324218,209.6193330891927,202.94304969787598,239.2900001673219,151.0,259.79998779296875,True,True,True,True,True,True,True,False,False,37.67619262248167,noise,22.931322229977567,False,True,False,False,,Agricultural Food & other Products,Edible Oil,84.85248789079701,True,True,6931.88,12.62,537295.0,0.1821,20
GULFPETRO.NS,2026-09-03,66.81999969482422,67.56833330790202,55.95450920528836,51.06734298706055,39.289435920715334,38.19191555023193,66.71088073236433,23.06491811108752,71.4000015258789,True,True,True,True,True,True,True,True,False,61.06214723759405,noise,23.51133497859436,False,False,False,False,,Petroleum Products,Lubricants,91.01717305151915,True,True,340.68,1.31,195778.0,0.384,5
GFSTEELS.NS,2026-09-02,15.0,15.0,14.644999980926514,14.38239990234375,13.077799860636393,12.57019992351532,14.980499104976953,9.729999542236328,15.0,True,True,True,True,True,True,True,True,False,54.162391631032115,dry,0.0,False,False,True,False,,Industrial Products,Iron & Steel Products,89.56406869220608,True,True,45.65,0.0,1731.0,0.0057,5
GRANULES.NS,2026-09-03,853.8499755859375,840.8833363850912,849.2572360568577,848.6341625976562,727.2590287272135,689.4849694824219,841.1704923636364,502.55313390227025,908.1083439738012,True,True,True,True,True,True,True,True,False,68.49717554953327,ppv,292.43322637269983,False,False,False,False,,Pharmaceuticals & Biotechnology,Pharmaceuticals,92.11800968736239,True,True,21158.14,80.44,942129.0,0.3802,20
GRASIM.NS,2026-09-03,3310.0,3298.699991861979,3223.9111056857637,3200.181787109375,2977.7585807291666,2927.7550939941407,3300.0105294503437,2494.7282248871606,3411.10009765625,True,True,True,True,True,True,True,True,False,19.37555564810549,ppv,277.2889459706849,False,False,False,False,,Cement & Cement Products,Cement & Cement Products,75.86966094231616,True,True,224501.66,253.43,765645.0,0.1129,No Band
GUFICBIO.NS,2026-09-03,439.3500061035156,420.03264872233075,407.1085730658637,401.8127960205078,338.98451131184896,338.28698974609375,423.43016744090164,267.9349768924993,453.95001220703125,True,True,True,True,True,True,True,True,False,21.195318506600678,noise,36.048601420596555,False,True,True,False,,Pharmaceuticals & Biotechnology,Pharmaceuticals,77.05856450902687,True,True,4405.91,11.4,259412.0,0.2587,20
GAEL.NS,2026-09-03,170.8800048828125,174.1568489074707,166.69600847032336,164.40017303466797,153.46082244873048,146.45089275360107,172.4310398754485,101.01982127662673,184.66065065257942,True,True,True,True,True,True,True,False,False,61.73921922512635,noise,52.09030449737158,False,False,False,False,,Agricultural Food & other Products,Other Agricultural Products,91.28137384412153,True,True,7837.76,23.22,1358803.0,0.2962,20
GUJALKALI.NS,2026-09-03,722.8499755859375,705.254160563151,678.4541625976562,657.3999975585938,620.378666381836,590.7554997253418,708.8558365432114,409.1499938964844,815.0,True,True,True,True,True,True,True,True,False,26.20771269864528,ppv,390.32886073796533,False,False,False,False,,Chemicals & Petrochemicals,Commodity Chemicals,79.7886393659181,True,True,5308.39,7.44,102865.0,0.1401,20
FLUOROCHEM.NS,2026-09-03,4694.60009765625,4687.8167724609375,4570.655598958333,4393.28203125,3778.774677734375,3695.3095080566404,4694.9433247629595,2916.60009765625,4958.89990234375,True,True,True,True,True,True,True,False,False,38.7609820705469,noise,50.88119027383555,False,False,False,False,,Chemicals & Petrochemicals,Specialty Chemicals,85.16072214883312,True,True,51570.18,81.86,174362.0,0.1587,20
HAPPYFORGE.NS,2026-09-03,2294.39990234375,2286.0833129882812,1952.5240478515625,1837.5440942382813,1486.5150659179687,1382.8367529296875,2286.443359525277,859.888472776414,2470.0,True,True,True,True,True,True,True,True,False,155.106448719098,noise,69.29940903003966,False,False,False,False,,Industrial Products,Castings & Forgings,98.15059445178336,True,True,21654.26,27.18,118480.0,0.1255,5
HEG.NS,2026-09-03,707.4500122070312,717.3916676839193,677.780249701606,637.4192620849609,584.7728253173829,576.1736785888672,715.1425306455988,468.1539572121438,753.9000244140625,True,True,True,True,True,True,True,False,False,45.11954101059676,noise,75.79018762965363,False,False,False,False,,Industrial Products,Electrodes & Refractories,87.0541611624835,True,True,13652.2,127.56,1803155.0,0.9344,20
HFCL.NS,2026-09-03,220.4199981689453,235.04083124796549,217.6891657511393,217.09799896240236,148.04793314615884,127.72474992752075,232.85670759615292,59.81999969482422,256.70001220703125,True,True,True,True,True,True,True,False,False,207.94649080255377,noise,30.03053623082058,False,False,False,False,,Telecom - Services,Telecom - Infrastructure,99.03126376045795,True,True,33730.07,565.82,25670287.0,1.6775,5
HIRECT.NS,2026-09-03,1235.800048828125,1242.2166849772136,1273.2647772894966,1225.5794970703125,984.1312353515625,916.5554528808593,1238.434072916903,564.6092543150997,1397.5377365248423,True,True,True,True,True,True,True,False,False,51.69749251284183,dry,16.973983366740907,False,False,False,False,,Industrial Manufacturing,Industrial Products,88.72743284896522,True,True,4247.72,22.08,178682.0,0.5198,20
HINDALCO.NS,2026-09-03,1010.0,1031.3583374023438,1008.5208384195963,994.440517578125,991.9284606933594,961.4004470825196,1024.3839364969863,719.3473385084104,1169.8969824893504,True,True,True,True,True,True,True,False,False,36.653728425092666,noise,31.894498456550117,False,False,False,False,,Non - Ferrous Metals,Aluminium,84.32408630559225,True,True,224203.54,530.62,5253618.0,0.2367,No Band
HNDFDS.NS,2026-09-03,626.9000244140625,638.9958343505859,600.1902804904514,587.3460009765626,534.3496673583984,528.8797492980957,632.65056431401,442.0,677.75,True,True,True,True,True,True,True,False,False,18.104754866455686,noise,49.298349908410025,False,True,False,False,,Diversified FMCG,Diversified FMCG,75.20915896081021,True,True,7595.69,5.82,92903.0,0.0767,20
HITECHCORP.NS,2026-09-03,337.0,334.4874979654948,326.7527787950304,324.3578009033203,225.92620030721028,212.24985019683837,334.85544640306,112.0,345.0,True,True,True,True,True,True,True,True,False,67.05497800890234,noise,21.803530216802745,False,False,False,False,,Industrial Products,Packaging,91.89784236019375,True,True,578.82,0.87,25727.0,0.1498,5
HMT.NS,2026-09-03,69.06999969482422,63.603333155314125,61.59916665818956,62.89980018615723,59.22293337504069,56.345,64.52844654654815,41.0,72.94999694824219,True,True,True,True,True,True,True,True,False,23.009791305153616,green,196.5134145737005,False,False,False,False,,Industrial Manufacturing,Industrial Products,78.07133421400265,True,True,8316.66,0.12,16858.0,0.0014,5
HOACFOODS.NS,2026-09-02,923.7000122070312,848.1541697184244,774.3333367241753,751.9420031738281,548.2316682942709,495.15450103759764,862.5398635385499,195.0,950.0,True,True,True,True,True,True,True,True,False,350.5853718083079,green,146.06741573033707,False,False,True,False,,Food Products,Other Food Products,99.69176574196389,True,True,56.3,0.05,3454.0,0.0899,5
HONASA.NS,2026-09-03,477.04998779296875,477.5077260335286,466.0613047281901,464.4069616699219,378.8202461751302,353.4336065673828,475.7872721021221,246.8630140577539,506.64561650495574,True,True,True,True,True,True,True,True,False,61.48700105991516,noise,41.08937946768654,False,True,False,False,,Personal Products,Personal Care,91.19330691325406,True,True,15552.98,84.27,1766538.0,0.5418,20
IGPL.NS,2026-09-03,548.8499755859375,514.0291620890299,480.84750027126734,468.09008361816404,419.35543029785157,409.87962646484374,525.733430327806,311.6019343179066,552.9000244140625,True,True,True,True,True,True,True,True,False,25.613592101186434,noise,86.4312949112773,False,False,True,False,,Chemicals & Petrochemicals,Commodity Chemicals,79.48040510788199,True,True,1690.18,3.52,64219.0,0.2085,20
IFCI.NS,2026-09-03,95.91000366210938,86.7450008392334,78.40333387586806,77.67220031738282,67.78220011393229,63.945300045013425,88.92611174710665,46.22999954223633,101.66000366210938,True,True,True,True,True,True,True,True,False,79.67403848442038,red,437.5841514738852,False,False,False,False,,Finance,Financial Institution,93.6151475121092,True,True,25841.17,606.46,63231954.0,2.3469,20
IMPEXFERRO.NS,2026-09-03,4.630000114440918,4.1891666650772095,3.2855555746290417,2.997600016593933,2.209866674741109,2.1107500064373017,4.269982533275981,1.2999999523162842,4.630000114440918,True,True,True,True,True,True,True,True,False,128.07882658595045,ppv,106.03603740130632,False,False,True,False,,Ferrous Metals,Ferro & Silica Manganese,97.35799207397622,True,True,41.37,0.01,32158.0,0.036,2
INDSWFTLAB.NS,2026-09-03,372.70001220703125,349.8183364868164,283.11055755615234,265.2310015869141,184.2179335530599,162.3192001724243,353.7963146649698,87.1500015258789,389.5,True,True,True,True,True,True,True,True,False,276.2746095144285,noise,39.00847851977059,False,False,True,False,,Pharmaceuticals & Biotechnology,Pharmaceuticals,99.42756494936151,True,True,3236.4,52.47,1407839.0,1.6213,20
INDOBORAX.NS,2026-09-03,512.7999877929688,498.40416717529297,441.54766930474176,424.8243634033203,312.4447545369466,292.93242790222166,497.8609092651375,204.51708976468473,538.4000244140625,True,True,True,True,True,True,True,True,False,143.07576202619578,noise,31.913143022975486,False,False,False,False,,Chemicals & Petrochemicals,Commodity Chemicals,97.79832672831353,True,True,1645.58,30.96,603787.0,1.8815,20
ICIL.NS,2026-09-03,437.3500061035156,437.2250010172526,415.5755310058594,417.0064501953125,331.9886783854167,317.93919723510743,436.428229862204,216.04358355223812,474.6499938964844,True,True,True,True,True,True,True,True,False,78.77999686878006,noise,28.210955190733028,False,True,False,False,,Textiles & Apparels,Other Textile Products,93.43901365037428,True,True,8661.91,56.44,1290394.0,0.6515,20
INDOTECH.NS,2026-09-03,3610.699951171875,3728.4583333333335,3597.0027669270835,3485.479990234375,2473.502664388021,2241.7789959716797,3681.612970891283,1100.0,4030.0,True,True,True,True,True,True,True,False,False,89.2698036163323,noise,33.30133689858347,False,True,False,False,,Electrical Equipment,Heavy Electrical Equipment,94.89211800968737,True,True,3834.56,9.85,27277.0,0.2568,5
INDUSINDBK.NS,2026-09-03,1004.7999877929688,1004.7166646321615,1014.893054538303,1004.635,927.6211958821615,913.2500595092773,1001.8646547952897,709.4508644993872,1077.8499755859375,True,True,True,True,True,True,True,True,False,31.028183250823773,green,102.70872825247852,False,False,False,False,,Banks,Private Sector Bank,82.25451343020696,True,True,78288.04,198.28,1973314.0,0.2533,No Band
INGERRAND.NS,2026-09-03,4846.39990234375,4722.8000081380205,4521.3638916015625,4491.081025390625,4158.640180664062,3981.9131713867187,4751.548620845861,3049.5386808320995,4955.0,True,True,True,True,True,True,True,True,False,28.06562200151439,red,116.2956053701948,False,True,False,False,,Industrial Products,"Compressors, Pumps & Diesel Engines",80.71334214002643,True,True,15299.12,13.22,27287.0,0.0864,20
INNOVACAP.NS,2026-09-03,1125.4000244140625,1066.999994913737,1010.2208319769966,1001.2679956054687,848.2336649576823,812.6381326293945,1073.360241715297,622.0,1155.800048828125,True,True,True,True,True,True,True,True,False,22.721717929964203,green,237.00310980812515,False,False,True,False,,Pharmaceuticals & Biotechnology,Pharmaceuticals,77.98326728313518,True,True,6440.09,8.08,71803.0,0.1255,20
INOXINDIA.NS,2026-09-03,2176.199951171875,2036.0082906087239,1984.0777655707466,1961.1199926757813,1578.6557568359376,1467.1487902832032,2081.6407664080084,1066.9168905614442,2267.89990234375,True,True,True,True,True,True,True,True,False,89.16626663322089,noise,65.1166423071709,False,False,False,False,,Industrial Products,Other Industrial Products,94.80405107881991,True,True,19751.95,97.93,450009.0,0.4958,20
IOLCP.NS,2026-09-03,196.42999267578125,181.22083282470703,164.27861150105795,162.0036001586914,117.23788045247396,108.07367851257324,185.669789341955,67.07081715721031,202.99000549316406,True,True,True,True,True,True,True,True,False,96.44078349030403,green,152.8250525482496,False,False,True,False,,Pharmaceuticals & Biotechnology,Pharmaceuticals,95.3764861294584,True,True,5765.76,93.48,4758976.0,1.6213,20
IPCALAB.NS,2026-09-03,1956.0999755859375,1941.7916666666667,1832.0731370713975,1809.3725,1619.6875056966146,1576.3482745361327,1940.4857166179286,1247.2697331943216,2001.5,True,True,True,True,True,True,True,True,False,43.528174768556774,noise,67.79265416151858,False,False,False,False,,Pharmaceuticals & Biotechnology,Pharmaceuticals,86.481726111845,True,True,49627.08,75.68,386892.0,0.1525,20
IRISDOREME.NS,2026-09-03,59.97999954223633,58.21333281199137,54.01666662428114,51.014399948120115,39.89646666208903,38.47579993247986,58.293561545367915,26.350000381469727,61.599998474121094,True,True,True,True,True,True,True,True,False,87.14508883007814,green,126.63360947262493,False,False,True,False,,Textiles & Apparels,Garments & Apparels,94.67195068251871,True,True,1023.73,5.55,925408.0,0.5422,20
IVP.NS,2026-09-03,206.25,192.27416483561197,172.09125349256726,169.65160064697267,153.18971822102864,152.0643460083008,196.27651846154563,108.90937920381369,214.0,True,True,True,True,True,True,True,True,False,27.519218733460793,noise,65.56216929838999,False,False,False,False,,Chemicals & Petrochemicals,Specialty Chemicals,80.49317481285777,True,True,212.98,0.52,24977.0,0.2419,5
JGCHEM.NS,2026-09-03,612.2000122070312,613.6916656494141,560.7097227308485,524.9510003662109,429.49000081380206,411.7657502746582,612.471642113306,298.3999938964844,675.0,True,True,True,True,True,True,True,False,False,31.5568935591352,noise,38.44553537642944,False,True,False,False,,Chemicals & Petrochemicals,Commodity Chemicals,82.43064729194187,True,True,2398.97,32.76,535054.0,1.3654,20
JAYNECOIND.NS,2026-09-03,98.68000030517578,98.7058334350586,92.15999984741211,91.19900009155273,89.39253331502279,86.43034996032715,98.03329339696774,58.459999084472656,117.0,True,True,True,True,True,True,True,True,False,64.63130224565008,noise,90.9187735880045,False,False,False,False,,Industrial Products,Iron & Steel Products,91.50154117129019,True,True,9581.81,45.01,4560850.0,0.4697,20
JINDALSAW.NS,2026-09-03,310.8500061035156,296.6500015258789,275.0680554707845,271.6173992919922,232.2343418375651,215.53862144470216,301.21897876009496,151.60325107352764,319.5,True,True,True,True,True,True,True,True,False,49.67982692513277,noise,88.78852222081724,False,False,True,False,,Industrial Products,Iron & Steel Products,88.15499779832673,True,True,19820.45,73.67,2369999.0,0.3717,20
JTLIND.NS,2026-09-03,89.66999816894531,83.17249997456868,77.89083353678386,78.34959976196289,70.40339991251628,68.82514989852905,85.84127435954396,40.25,94.0,True,True,True,True,True,True,True,True,False,14.279588636395468,noise,95.7853107100159,False,True,False,False,,Industrial Products,Iron & Steel Products,72.5231175693527,True,True,3524.76,29.91,3335684.0,0.8486,20
KPRMILL.NS,2026-09-03,1175.4000244140625,1144.5749918619792,1102.9421929253472,1114.9973510742188,995.6583292643229,982.8357952880859,1149.4925810450022,794.3546009216013,1331.0754095910231,True,True,True,True,True,True,True,True,False,18.548044304711887,ppv,91.88544080304834,False,False,False,False,,Textiles & Apparels,Other Textile Products,75.42932628797885,True,True,40260.1,79.45,675962.0,0.1973,20
KABRAEXTRU.NS,2026-09-03,564.7999877929688,576.2958323160807,474.2083324856228,421.56159942626954,296.8731329345703,277.91609954833984,570.7461997270457,180.0,625.1500244140625,True,True,True,True,True,True,True,False,False,103.67833128598858,noise,52.87174093245769,False,False,False,False,,Industrial Manufacturing,Industrial Products,95.90488771466315,True,True,1975.27,15.34,271515.0,0.7764,20
KPIL.NS,2026-09-03,1417.699951171875,1395.6750081380208,1345.6416625976562,1346.9759936523437,1246.7138452148438,1224.387528076172,1398.2031249946895,999.0966928066694,1468.0,True,True,True,True,True,True,True,True,False,16.800695466004555,noise,97.70123777805543,False,False,False,False,,Construction,Civil Construction,74.37252311756936,True,True,24210.42,38.63,272516.0,0.1596,20
KAMDHENU.NS,2026-09-03,38.77000045776367,35.77250003814697,34.93611081441244,33.90539981842041,26.94846665700277,26.26275001525879,36.413541330501474,16.149999618530273,39.150001525878906,True,True,True,True,True,True,True,True,False,36.10578282543706,green,140.2831626440725,False,False,True,False,,Industrial Products,Iron & Steel Products,84.19198590929106,True,True,1092.86,5.4,1392183.0,0.4939,5
KANORICHEM.NS,2026-09-03,155.67999267578125,156.08666483561197,152.56694327460394,146.9311994934082,103.86639996846517,96.36185007095337,156.08775730018422,56.0,164.60000610351562,True,True,True,True,True,True,True,False,False,84.78337409588279,ppv,164.61380980321275,False,True,False,False,,Industrial Manufacturing,Industrial Products,94.4958168207838,True,True,680.22,0.67,43244.0,0.099,5
KAPSTON.NS,2026-09-03,581.3499755859375,539.9791666666666,513.0208375718859,476.5710040283203,382.0772226969401,366.1814167785644,555.0256699473224,237.1999969482422,600.0,True,True,True,True,True,True,True,True,False,139.59362720421237,noise,87.78307054857686,False,False,False,False,,Commercial Services & Supplies,Diversified Commercial Services,97.75429326287978,True,True,1769.17,3.68,63328.0,0.2081,20
KTKBANK.NS,2026-09-03,339.75,332.21666463216144,305.77222018771704,295.6879992675781,257.99806640625,243.02109954833983,330.79183527987976,168.72774797088326,342.5,True,True,True,True,True,True,True,True,False,100.25185885759109,green,109.50358233130903,False,False,True,False,,Banks,Private Sector Bank,95.59665345662704,True,True,12848.72,87.07,2562633.0,0.6776,20
KARURVYSYA.NS,2026-09-03,350.0,343.6041666666667,336.6526463826497,325.52532348632815,304.32978271484376,292.34546730041507,345.4525266182151,200.26247523540303,358.6499938964844,True,True,True,True,True,True,True,True,False,69.32558035328378,ppv,64.01084688877951,False,False,False,False,,Banks,Private Sector Bank,92.33817701453104,True,True,33833.35,133.64,3818193.0,0.395,20
KDDL.NS,2026-09-03,3855.300048828125,3917.6583251953125,3637.9527723524307,3519.8059912109375,2832.941328125,2713.1544982910154,3894.691222690005,1990.0,4155.5,True,True,True,True,True,True,True,False,False,63.0826131373172,noise,37.08108192999615,False,False,False,False,,Consumer Durables,"Gems, Jewellery And Watches",91.41347424042272,True,True,4741.74,17.96,46586.0,0.3788,20
KEI.NS,2026-09-03,5327.0,5516.416666666667,5352.572211371527,5310.0819921875,4988.402010091146,4792.599431152344,5461.005746384477,3724.290243524651,5899.0,True,True,True,True,True,True,True,False,False,32.623153633070025,green,125.02269594413914,False,False,False,False,,Industrial Products,Cables - Electricals,82.95904887714663,True,True,50926.44,205.87,386457.0,0.4042,No Band
KHAITANLTD.NS,2026-09-03,162.41000366210938,149.019167582194,142.13638962639703,139.37500045776366,122.90686670939128,117.1067000579834,150.87580559491218,85.0,178.0,True,True,True,True,True,True,True,True,False,49.935380464988775,ppv,494.3466960339854,False,False,True,False,,Consumer Durables,Consumer Electronics,88.24306472919419,True,True,81.54,0.08,5233.0,0.1042,20
KINGFA.NS,2026-09-03,5888.0,5914.416666666667,5547.875,5416.45,4919.702000325521,4726.881009521484,5926.622725323616,3649.89990234375,6200.0,True,True,True,True,True,True,True,False,False,34.013106999449775,noise,42.00939263197631,False,False,False,False,,Industrial Products,Plastic Products - Industrial,83.31131660061646,True,True,7979.05,7.08,12023.0,0.0887,20
KIRLOSENG.NS,2026-09-03,2267.60009765625,2112.875010172526,2159.748565673828,2216.1132299804685,1804.3963053385417,1645.1270166015624,2141.6045500676355,852.4932940420172,2714.2611782271474,True,True,True,True,True,True,True,True,False,148.40635548241795,green,244.46154476683267,False,False,False,False,,Industrial Products,"Compressors, Pumps & Diesel Engines",97.97446059004844,True,True,32998.08,169.87,749107.0,0.5148,20
KMEW.NS,2026-09-03,3150.39990234375,2860.3916625976562,2644.6944512261284,2547.4280029296874,2054.9819946289062,1959.2487438964845,2917.8806212732525,851.6500244140625,3175.0,True,True,True,True,True,True,True,True,False,257.3502710512101,green,119.21490212053779,False,False,True,False,,Engineering Services,Dredging,99.33949801849406,True,True,7990.77,37.12,117816.0,0.4645,20
KODYTECH.NS,2026-09-02,1542.6500244140625,1443.2249857584636,1375.4069383409287,1303.4219946289063,975.6903304036458,954.9637481689454,1458.588922075217,556.0499877929688,1550.0,True,True,True,True,True,True,True,True,False,111.09059252626672,noise,72.82105742243799,False,False,True,False,,IT - Software,Computers - Software & Consulting,96.4332892998679,True,True,4525.38,8.45,23813.0,0.1868,5
KOPRAN.NS,2026-09-03,232.24000549316406,205.42833455403647,195.3820389641656,193.90602111816406,164.39952260335286,157.4663535308838,210.403377235647,105.19368133041839,239.60000610351562,True,True,True,True,True,True,True,True,False,39.055732546634125,ppv,749.2738536875671,False,False,True,False,,Pharmaceuticals & Biotechnology,Pharmaceuticals,85.2928225451343,True,True,1121.38,3.68,158456.0,0.3282,20
KRISHANA.NS,2026-09-03,186.3699951171875,194.85916646321616,178.90166642930774,167.79359954833984,134.30254857381186,126.11409744262696,191.51641816039148,86.13667447448749,206.38999938964844,True,True,True,True,True,True,True,False,False,60.25692659421045,noise,26.903939223471113,False,False,False,False,,Fertilizers & Agrochemicals,Fertilizers,90.84103918978424,True,True,5761.4,26.66,1430452.0,0.4627,20
KRN.NS,2026-09-03,1505.9000244140625,1522.9833374023438,1357.5638868543838,1321.6960009765626,1129.4683321126302,1032.1907489013672,1516.200489736585,589.7999877929688,1668.0,True,True,True,True,True,True,True,False,False,70.71761320634478,red,129.74594864735377,False,False,False,False,,Industrial Products,Other Industrial Products,92.51431087626597,True,True,9857.39,23.02,152850.0,0.2335,5
LAURUSLABS.NS,2026-09-03,1868.5,1863.3333333333333,1783.1472269694011,1708.3840063476562,1343.1009745279948,1266.8740716552734,1870.6328050302477,821.6033975811163,1949.0,True,True,True,True,True,True,True,False,False,114.0052164878822,noise,51.39289978544221,False,False,False,False,,Pharmaceuticals & Biotechnology,Pharmaceuticals,96.60942316160282,True,True,100957.34,500.78,2680105.0,0.496,No Band
THELEELA.NS,2026-09-03,566.0499877929688,556.8625030517578,515.375001695421,507.53700256347656,455.08033447265626,445.79250061035157,557.8988485907154,384.5,582.8499755859375,True,True,True,True,True,True,True,True,False,35.031004606319605,noise,96.80438038281306,False,False,False,False,,Leisure Services,Hotels & Resorts,83.83971818582123,True,True,18903.69,32.34,571257.0,0.1711,10
LMW.NS,2026-09-03,18993.0,19249.916666666668,17658.166666666668,17168.33615234375,15575.19203125,15391.714614257813,19002.541237467507,11893.875786654997,20151.0,True,True,True,True,True,True,True,False,False,34.92143666868748,green,104.29117324893942,False,False,False,False,,Industrial Manufacturing,Industrial Products,83.7956847203875,True,True,20290.22,9.77,5144.0,0.0482,20
LOKESHMACH.NS,2026-09-03,360.29998779296875,326.34166717529297,334.84722306993274,328.1480010986328,261.7518002319336,237.9201503753662,335.1067019394862,138.9600067138672,385.79998779296875,True,True,True,True,True,True,True,True,False,75.90195995318443,ppv,604.7938571784866,False,False,True,False,,Industrial Manufacturing,Industrial Products,93.04271246147073,True,True,785.34,1.1,30571.0,0.1403,20
LUMAXTECH.NS,2026-09-03,1985.4000244140625,1989.191670735677,1774.6788194444443,1696.787021484375,1651.5983854166666,1611.905942993164,1988.8808244493584,1021.2810346738605,2148.699951171875,True,True,True,True,True,True,True,False,False,76.84916713077929,noise,42.36803608104458,False,False,False,False,,Auto Components,Auto Components & Equipments,93.13077939233818,True,True,13532.03,49.54,249525.0,0.3661,20
LUMAXIND.NS,2026-09-03,6380.5,6062.0,5658.454847547743,5553.994619140625,5413.880813802083,5397.815463867188,6166.399503067473,4022.4774288239955,6868.719019600016,True,True,True,True,True,True,True,True,False,54.35279798512658,noise,62.966706711050655,False,True,False,False,,Auto Components,Auto Components & Equipments,89.6081021576398,True,True,5964.32,11.08,17370.0,0.1858,20
MBAPL.NS,2026-09-03,162.0800018310547,164.18250274658203,159.1747228834364,148.59880081176757,117.07976374308268,108.18854335784913,162.7366839551247,74.56403046577304,174.94000244140625,True,True,True,True,True,True,True,False,False,93.74584015734489,ppv,108.08334816914302,False,False,False,False,,Fertilizers & Agrochemicals,Fertilizers,95.28841919859093,True,True,7101.29,20.77,1281440.0,0.2925,20
MMFL.NS,2026-09-03,641.7999877929688,642.3749949137369,600.4874945746528,570.3289971923828,489.9009014892578,459.45290802001955,641.7659355321573,285.5132388663281,687.9500122070312,True,True,True,True,True,True,True,True,False,103.55641247888138,noise,47.90180973809433,False,False,False,False,,Auto Components,Auto Components & Equipments,95.81682078379569,True,True,3098.71,10.28,160233.0,0.3319,20
MACPOWER.NS,2026-09-03,1944.0999755859375,1923.7583414713542,1659.558342827691,1572.5470092773437,1193.9400048828124,1135.8130032348633,1909.0138972467232,761.0,2050.0,True,True,True,True,True,True,True,True,False,131.12929609554075,noise,36.87782941830317,False,False,False,False,,Industrial Manufacturing,Industrial Products,97.6221928665786,True,True,1944.91,11.05,56859.0,0.5684,20
MAGSON.NS,2026-09-02,181.0500030517578,186.82083129882812,183.6638878716363,181.03699951171876,166.33033325195314,154.98274982452392,184.64384902141634,100.5,213.89999389648438,True,True,True,True,True,True,True,False,False,59.16483784769917,dry,0.0,False,False,False,False,,Food Products,Packaged Foods,90.44473800088066,True,True,73.0,0.22,23893.0,0.3044,20
MAHASTEEL.NS,2026-09-03,1258.199951171875,1250.2666524251301,1047.4902682834202,983.2199926757812,895.1699983723959,877.889748840332,1268.7722753150672,340.8999938964844,1421.0,True,True,True,True,True,True,True,False,False,259.48570033482144,dry,4.107787326748215,False,False,False,False,,Industrial Products,Iron & Steel Products,99.38353148392778,True,True,2067.78,1.61,12787.0,0.0778,5
MAHICKRA.NS,2026-09-02,291.5,283.52916717529297,271.3013899061415,265.7810006713867,231.58654968261717,211.85679252624513,287.6008004752281,130.91812553661782,308.79998779296875,True,True,True,True,True,True,True,True,False,80.05081150244537,green,192.30769230769232,False,True,False,False,,Chemicals & Petrochemicals,Dyes And Pigments,93.65918097754293,True,True,88.41,0.11,10556.0,0.13,20
MAHLOG.NS,2026-09-03,400.29998779296875,397.66666920979816,403.0472234090169,397.33171875,383.37459452311197,365.9059248352051,396.3800235088362,273.2820886223393,447.10758500270833,True,True,True,True,True,True,True,True,False,25.942357187723285,noise,33.43632965839354,False,False,False,False,,Transport Services,Logistics Solution Provider,79.70057243505065,True,True,3974.07,11.4,284811.0,0.2869,20
MANINDS.NS,2026-09-03,793.4000244140625,729.8041687011719,611.1861114501953,599.7209997558593,514.1579988606771,485.5417492675781,736.8562607171532,302.04998779296875,799.0,True,True,True,True,True,True,True,True,False,92.40936405246197,ppv,202.91270760106605,False,False,True,False,,Industrial Products,Iron & Steel Products,95.112285336856,True,True,5951.26,61.05,769530.0,1.0259,20
MANAKSTEEL.NS,2026-09-03,111.91000366210938,93.93416659037273,82.96722221374512,81.22800003051758,68.89513343811035,67.53065002441406,98.57787835868858,45.11000061035156,114.76000213623047,True,True,True,True,True,True,True,True,False,91.88958204339832,ppv,536.6597808335184,True,False,True,False,,Ferrous Metals,Iron & Steel,95.06825187142228,True,True,733.39,1.0,88983.0,0.1358,5
MANGLMCEM.NS,2026-09-03,1098.199951171875,1042.512486775716,975.6322241889106,964.1397094726562,889.6591821289062,853.8555825805664,1053.9089835532127,678.2213010338754,1120.0,True,True,True,True,True,True,True,True,False,49.58220187989202,ppv,148.78150821043823,False,False,True,False,,Cement & Cement Products,Cement & Cement Products,88.11096433289299,True,True,3019.75,13.23,120465.0,0.4381,20
MWL.NS,2026-09-03,39.08000183105469,39.84666633605957,39.14380645751953,38.60842185974121,33.55857046763102,31.85810832977295,39.390699327506056,18.244740193825397,43.939998626708984,True,True,True,True,True,True,True,False,False,103.71190140941695,noise,49.677256351380436,False,False,False,False,,Metals & Minerals Trading,Trading - Metals,95.94892118009687,True,True,1160.7,3.47,888431.0,0.2991,20
MANORAMA.NS,2026-09-03,1966.300048828125,1901.8916727701824,1732.0611165364583,1689.7280053710938,1502.7146638997397,1453.593998413086,1877.4011366479804,1060.5999755859375,2043.0,True,True,True,True,True,True,True,True,False,47.1230863320707,green,172.70753561586702,False,False,True,False,,Food Products,Other Food Products,87.6706296785557,True,True,12411.76,81.0,411940.0,0.6526,20
MARINE.NS,2026-09-03,430.3999938964844,394.04583231608075,331.266667260064,313.10200073242186,245.5544002278646,236.08020011901854,403.38557831259425,150.86000061035156,450.0,True,True,True,True,True,True,True,True,False,149.55108275043364,noise,90.04555746669111,False,False,False,False,,Industrial Manufacturing,Industrial Products,98.06252752091589,True,True,5709.91,44.39,1031399.0,0.7774,20
MARKSANS.NS,2026-09-03,332.20001220703125,325.5208333333333,291.38416968451605,284.44717559814455,225.9625064086914,214.6852950286865,325.027647354658,154.57339337516265,344.5490677430362,True,True,True,True,True,True,True,True,False,92.53082222399681,noise,77.51875352664335,False,False,False,False,,Pharmaceuticals & Biotechnology,Pharmaceuticals,95.20035226772346,True,True,15054.1,111.53,3357285.0,0.7409,20
MAWANASUG.NS,2026-09-03,146.27000427246094,144.34416580200195,123.76111072964139,119.28119979858398,100.63274032592773,95.64022075653077,143.01936140157636,72.43959449258234,164.0,True,True,True,True,True,True,True,True,False,61.43276436665903,red,164.0577557265516,False,False,False,False,,Agricultural Food & other Products,Sugar,91.1052399823866,True,True,572.16,3.88,265028.0,0.6775,20
MENONBE.NS,2026-09-03,308.54998779296875,281.7324981689453,243.09731419881186,221.7651596069336,160.6153722635905,148.50450756073,285.2426141861557,100.57782056732867,308.54998779296875,True,True,True,True,True,True,True,True,False,147.47976106444608,ppv,132.44280848292763,False,False,True,False,,Auto Components,Auto Components & Equipments,97.93042712461471,True,True,1729.11,6.1,197763.0,0.3529,5
MINDACORP.NS,2026-09-03,706.5,714.4833323160807,707.369859483507,702.8216430664063,607.7263273111979,600.7175723266602,710.8321406639361,467.97365403461544,769.0,True,True,True,True,True,True,True,False,False,39.482286323120434,noise,33.51715085867591,False,True,False,False,,Auto Components,Auto Components & Equipments,85.38088947600177,True,True,16628.25,37.55,531508.0,0.2258,20
MMP.NS,2026-09-03,395.95001220703125,395.73750559488934,337.9875013563368,321.1310003662109,275.30433268229166,270.06574981689454,388.80315261702856,185.1999969482422,429.95001220703125,True,True,True,True,True,True,True,True,False,44.4282403874636,noise,46.75863112406442,False,False,False,False,,Non - Ferrous Metals,Aluminium,86.78996036988111,True,True,1005.82,2.9,73272.0,0.2884,20
MODISONLTD.NS,2026-09-03,494.6499938964844,432.93750254313153,341.106945461697,328.2495587158203,230.8050629679362,209.4802490234375,448.00566010058776,112.84731995786822,546.0,True,True,True,True,True,True,True,True,False,210.40366171847867,red,420.84053438199646,False,False,False,False,,Electrical Equipment,Other Electrical Equipment,99.07529722589167,True,True,1605.14,7.02,141819.0,0.437,10
MONARCH.NS,2026-09-03,381.29998779296875,380.70142873128253,379.2271219889323,370.6059143066406,322.80806427001954,317.2502909088135,379.1007066918127,234.84913080056816,405.91149198853304,True,True,True,True,True,True,True,True,False,16.899529714352802,green,116.45233522152998,False,False,False,False,,Capital Markets,Stockbroking & Allied,74.46059004843681,True,True,3024.03,8.28,217058.0,0.2737,20
MOREPENLAB.NS,2026-09-03,117.44999694824219,100.84333419799805,78.44222259521484,73.2320002746582,52.49706682840983,49.48390008926392,103.5372014831025,33.04999923706055,118.55000305175781,True,True,True,True,True,True,True,True,False,135.0410127658379,green,148.36331223043857,False,False,True,False,,Pharmaceuticals & Biotechnology,Pharmaceuticals,97.66622633201233,True,True,6435.72,239.68,20407399.0,3.7243,10
MSTCLTD.NS,2026-09-03,744.25,723.5124969482422,646.1361100938585,656.2080004882813,529.2033022054037,516.2828590393067,719.9386396371028,362.1499938964844,763.0,True,True,True,True,True,True,True,True,False,56.43011008985648,noise,67.50844145120489,False,False,False,False,,Commercial Services & Supplies,Trading & Distributors,89.96036988110964,True,True,5239.52,100.77,1353930.0,1.9232,10
MTARTECH.NS,2026-09-03,6820.0,6970.375,6525.541666666667,6701.83,5768.825333658854,4948.798498535156,6938.923743954244,1400.0,8714.0,True,True,True,True,True,True,True,False,False,369.11540589762984,noise,27.237377407643127,False,False,False,False,,Electrical Equipment,Other Electrical Equipment,99.77983267283135,True,True,20978.04,465.35,682329.0,2.2183,5
MUFIN.NS,2026-09-03,136.9199981689453,137.0383326212565,133.2952774895562,132.66500015258788,120.59320007324219,118.78899997711181,136.35204665652486,82.98999786376953,141.5,True,True,True,True,True,True,True,True,False,58.71102758406064,noise,47.349730976925485,False,False,False,False,,Finance,Non Banking Financial Company (NBFC),90.31263760457948,True,True,2713.24,15.29,1116721.0,0.5635,20
MCX.NS,2026-09-03,3170.199951171875,3240.9428507486978,2928.6077270507812,2896.92595703125,2786.8601953125,2631.5944598388674,3231.3366833335535,1492.3433377581114,3471.4939344339746,True,True,True,True,True,True,True,False,False,106.16073442923617,noise,90.01609730104616,False,False,False,False,,Capital Markets,Exchange and Data Platform,96.08102157639806,True,True,80686.06,866.87,2734429.0,1.0744,No Band
MUNJALAU.NS,2026-09-03,112.91999816894531,113.78749974568684,107.60494952731662,105.4784017944336,90.1878603108724,87.1324419784546,113.46292688912644,66.61489043568629,129.46286953315382,True,True,True,True,True,True,True,False,False,28.423708127249814,dry,10.679498068003108,False,True,False,False,,Auto Components,Auto Components & Equipments,80.88947600176134,True,True,1129.2,28.42,2516426.0,2.5164,20
NAHARINDUS.NS,2026-09-03,137.9600067138672,133.38416862487793,123.78694513108995,121.96580078125,111.47020004272461,110.42020015716552,134.10254667222813,83.05000305175781,154.0,True,True,True,True,True,True,True,True,False,23.145593338489068,noise,93.58692183403757,False,False,False,False,,Textiles & Apparels,Other Textile Products,78.1594011448701,True,True,596.06,0.5,36415.0,0.0843,20
NAHARSPING.NS,2026-09-03,293.0,294.7291666666667,294.4013883802626,285.95799926757815,248.92206624348958,234.27764976501464,294.8426070717221,149.1999969482422,349.0,True,True,True,True,True,True,True,False,False,35.91002583430654,noise,53.2176611154473,False,False,False,False,,Textiles & Apparels,Other Textile Products,84.1039189784236,True,True,1056.71,0.93,31593.0,0.0876,20
NGIL.NS,2026-09-03,40.2400016784668,40.19083309173584,39.91333325703939,39.99580001831055,34.77300001780192,33.27610003471374,40.201451238621175,22.010000228881836,43.88999938964844,True,True,True,True,True,True,True,True,False,32.41198580666476,noise,39.443203241236596,False,False,False,False,,Food Products,Packaged Foods,82.82694848084545,True,True,71.69,0.11,27531.0,0.1545,10
NAVINFLUOR.NS,2026-09-03,8697.0,8443.75,8066.958333333333,7937.16,7065.7925813802085,6771.972751464844,8509.5318639577,4488.291781017636,8775.5,True,True,True,True,True,True,True,True,False,83.30664746683925,noise,66.62649885168848,False,False,True,False,,Chemicals & Petrochemicals,Specialty Chemicals,94.23161602818142,True,True,44622.67,169.24,194592.0,0.3793,20
NAZARA.NS,2026-09-03,365.79998779296875,361.06250254313153,340.42083231608075,330.02499816894533,288.52006591796874,280.58404937744143,363.01056139539315,215.6999969482422,379.3999938964844,True,True,True,True,True,True,True,True,False,28.802812603158003,noise,25.037734197385564,False,False,False,False,,Entertainment,Digital Entertainment,81.24174372523117,True,True,14072.18,89.96,2459169.0,0.6392,20
NEOGEN.NS,2026-09-03,2137.10009765625,2193.808349609375,2140.1358574761284,2107.2638427734373,1737.421934407552,1591.1345999145508,2171.9669952506847,966.2326038611084,2483.89990234375,True,True,True,True,True,True,True,False,False,44.65819898471437,noise,39.328492607850706,False,False,False,False,,Chemicals & Petrochemicals,Specialty Chemicals,86.9220607661823,True,True,5851.74,34.47,161303.0,0.5891,20
NETWEB.NS,2026-09-03,5270.0,5282.1583251953125,4839.112209743924,4721.0258203125,4101.017942708333,3878.981300048828,5218.458282554483,2280.3787438776617,5813.0,True,True,True,True,True,True,True,True,False,108.68593404606747,green,155.90675989446953,False,False,False,False,,IT - Services,IT Enabled Services,96.16908850726553,True,True,31327.99,903.42,1714268.0,2.8837,20
NEULANDLAB.NS,2026-09-03,22890.0,23178.583333333332,21354.348036024305,20650.8005859375,16734.73421875,16381.117270507813,23032.784968345986,11478.786028437366,23881.0,True,True,True,True,True,True,True,False,False,59.606790038003666,noise,48.401748455683105,False,False,False,False,,Pharmaceuticals & Biotechnology,Pharmaceuticals,90.62087186261559,True,True,29367.62,141.87,61977.0,0.4831,20
NILKAMAL.NS,2026-09-03,2111.10009765625,2053.1750284830728,1839.58056640625,1684.3945385742188,1418.6929125976562,1409.6517956542968,2039.842659964092,1034.4655321576956,2149.5,True,True,True,True,True,True,True,True,False,38.07952598221027,noise,34.000517385047566,False,False,True,False,,Consumer Durables,Plastic Products - Consumer,84.98458828709819,True,True,3160.8,25.01,118462.0,0.7912,20
NITINSPIN.NS,2026-09-03,640.25,613.1625061035156,572.562503390842,567.5880029296875,477.4863342285156,438.3430009460449,618.2858282031963,302.20001220703125,649.5499877929688,True,True,True,True,True,True,True,True,False,88.39193423612441,noise,83.13748323732214,False,False,True,False,,Textiles & Apparels,Other Textile Products,94.76001761338617,True,True,3599.49,11.86,185233.0,0.3295,20
NORTHARC.NS,2026-09-03,304.6000061035156,293.5250015258789,291.43194495307074,295.9320007324219,272.00133361816404,268.862900466919,296.28899736819517,206.0,334.0,True,True,True,True,True,True,True,True,False,27.43703483341062,green,111.20046193427362,False,False,False,False,,Finance,Non Banking Financial Company (NBFC),80.40510788199032,True,True,4923.55,39.31,1290578.0,0.7984,20
NRBBEARING.NS,2026-09-03,451.04998779296875,470.84166717529297,446.8791664971246,441.4659997558594,352.24584737141925,331.38236488342284,463.9064029839807,211.10343900049978,503.8999938964844,True,True,True,True,True,True,True,False,False,61.4441401863248,noise,36.926732582555125,False,False,False,False,,Auto Components,Auto Components & Equipments,91.14927344782035,True,True,4371.69,38.91,862577.0,0.89,20
NRL.NS,2026-09-03,124.44000244140625,120.92333475748698,113.95777787102594,108.6052001953125,74.50306681315104,70.28760009765625,121.60012374718212,45.099998474121094,125.0,True,True,True,True,True,True,True,True,False,80.21722945925107,ppv,139.10456614488734,False,False,False,False,,Metals & Minerals Trading,Trading - Metals,93.79128137384413,True,True,859.49,1.37,109962.0,0.1592,2
NUVAMA.NS,2026-09-03,1839.199951171875,1774.7166646321614,1778.8944363064236,1803.6159912109374,1518.4574552408853,1494.521064453125,1788.874840145947,1086.5091731363827,2066.0,True,True,True,True,True,True,True,True,False,43.518899364245534,noise,63.60862035801325,False,True,False,False,,Capital Markets,Stockbroking & Allied,86.43769264641126,True,True,33881.42,88.75,482563.0,0.262,20
OBEROIRLTY.NS,2026-09-03,1902.0,1878.3333231608074,1848.6325785319011,1853.1208569335938,1678.936661783854,1668.2561407470703,1875.7445610938205,1387.9800889099738,1983.9545449282684,True,True,True,True,True,True,True,True,False,15.706472460907484,green,210.47692558126005,False,False,False,False,,Realty,"Residential, Commercial Projects",73.71202113606341,True,True,69157.15,97.36,511889.0,0.1408,No Band
OCCLLTD.NS,2026-09-03,164.32000732421875,161.18000157674155,154.69731012980142,146.36079895019532,114.85077880859374,110.51505104064941,161.13114918709817,74.8847757046385,181.03500175688677,True,True,True,True,True,True,True,True,False,30.722296650531856,noise,96.1563503558972,False,False,False,False,,Chemicals & Petrochemicals,Commodity Chemicals,82.1664464993395,True,True,820.79,3.19,194046.0,0.3885,5
OMAXE.NS,2026-09-03,127.29000091552734,114.43833351135254,98.02749994066026,94.69000015258788,83.01173350016276,80.49450019836426,119.22398425580846,62.5,138.10000610351562,True,True,True,True,True,True,True,True,False,46.343982528003025,red,108.48077181640458,False,True,False,False,,Realty,"Residential, Commercial Projects",87.62659621312197,True,True,2337.74,51.32,4031982.0,2.1954,20
ONDOOR.NS,2026-09-02,286.04998779296875,280.0041643778483,255.49305470784506,240.22199920654296,184.47199951171876,168.91224979400636,286.7662324577441,100.0,317.0,True,True,True,True,True,True,True,False,False,77.83647929045163,noise,54.17686123732961,False,False,False,False,,Retailing,Diversified Retail,93.3069132540731,True,True,270.79,1.0,20840.0,0.3689,20
OFSS.NS,2026-09-03,12149.0,11954.166666666666,11639.666666666666,11514.43,9230.241324869792,8841.100637207031,12044.963018054932,6060.863819699785,12540.0,True,True,True,True,True,True,True,True,False,50.85654721964188,noise,66.94804567605095,False,False,False,False,,IT - Software,Software Products,88.63936591809775,True,True,105797.29,387.75,319165.0,0.3665,No Band
ORBTEXP.NS,2026-09-03,238.0,235.6697909037272,239.04986190795898,236.0280603027344,193.9851436360677,193.02619270324706,238.42218246691036,134.72293208187594,278.03816878415637,True,True,True,True,True,True,True,False,False,30.47897852491428,dry,5.227272150565738,False,False,False,False,,Textiles & Apparels,Other Textile Products,82.07837956847203,True,True,609.76,0.9,37853.0,0.1477,5
ORIENTBELL.NS,2026-09-03,412.6499938964844,377.2291717529297,343.3411704169379,336.47035217285156,313.2765087890625,304.45233108520506,385.0602608534482,245.77001941542372,417.0,True,True,True,True,True,True,True,True,False,39.969434221519286,ppv,262.5076045744203,False,False,True,False,,Consumer Durables,Ceramics,85.51298987230295,True,True,607.03,0.89,21449.0,0.1458,20
ORTEL.NS,2026-09-02,1.899999976158142,2.008333295583725,1.956388877497779,1.856999990940094,1.6981999985376994,1.6394999998807906,1.9758789477106866,1.149999976158142,2.3299999237060547,True,True,True,True,True,True,True,False,False,21.01910271854117,dry,0.0,False,False,False,False,,Entertainment,TV Broadcasting & Software Production,76.9704975781594,True,True,6.27,0.0,8800.0,0.0267,5
PAISALO.NS,2026-09-03,70.27999877929688,68.54083315531413,69.85277769300673,69.65019981384278,52.160933062235515,47.986449823379516,68.29280777793534,30.0,77.38999938964844,True,True,True,True,True,True,True,True,False,111.2756782766831,ppv,163.34501490024257,False,False,False,False,,Finance,Non Banking Financial Company (NBFC),96.47732276530164,True,True,6424.64,98.89,14070255.0,1.5392,20
PANACHE.NS,2026-09-03,525.0,530.9874979654948,480.6263893975152,466.7050006103516,380.97166646321614,369.9485001373291,525.1182870083234,237.6999969482422,559.4000244140625,True,True,True,True,True,True,True,False,False,115.8983443488986,noise,25.77981638355939,False,False,False,False,,IT - Services,IT Enabled Services,96.69749009247028,True,True,799.47,0.82,15684.0,0.103,2
PANAMAPET.NS,2026-09-03,484.54998779296875,480.84583282470703,474.525750901964,458.87432861328125,354.35220906575523,338.0321040344238,481.761307910362,227.57646060004578,595.8726432274872,True,True,True,True,True,True,True,True,False,61.63797658195207,noise,27.86660381898883,False,False,False,False,,Petroleum Products,Lubricants,91.2373403786878,True,True,2931.22,50.12,1034325.0,1.7098,20
PARAS.NS,2026-09-03,1411.5,1456.7369893391926,1331.008592393663,1311.3693579101562,963.1159879557291,891.9912994384765,1426.282152914193,580.1009628646058,1583.9105379095645,True,True,True,True,True,True,True,False,False,112.59343588114339,noise,45.622616353531896,False,False,False,False,,Aerospace & Defense,Aerospace & Defense,96.52135623073535,True,True,11374.9,451.7,3200110.0,3.971,10
PASUPTAC.NS,2026-09-03,66.79000091552734,62.53666687011719,60.77138911353217,61.05660003662109,55.92159993489583,54.980599861145016,63.19426927756767,40.40999984741211,78.94999694824219,True,True,True,True,True,True,True,True,False,58.98596425625795,ppv,244.07464076916918,False,False,False,False,,Chemicals & Petrochemicals,Petrochemicals,90.40070453544693,True,True,595.32,1.17,174688.0,0.196,5
PGIL.NS,2026-09-03,2329.0,2356.4500325520835,2240.008341471354,2177.426005859375,1785.5403149414062,1734.8392327880858,2352.522611560705,1167.6433047093678,2539.60009765625,True,True,True,True,True,True,True,False,False,87.64328832255124,noise,46.68060939975112,False,False,False,False,,Textiles & Apparels,Garments & Apparels,94.71598414795245,True,True,10757.78,38.17,163874.0,0.3548,20
PCCL.NS,2026-09-02,416.8500061035156,366.72083536783856,310.65694597032336,292.5570010375977,267.0016673787435,250.28100059509276,378.3830876666497,168.39999389648438,420.0,True,True,True,True,True,True,True,True,False,129.22738087027034,green,150.37593984962405,False,False,True,False,,Minerals & Mining,Industrial Minerals,97.44605900484368,True,True,770.02,0.52,16557.0,0.067,20
PITTIENG.NS,2026-09-03,1105.0999755859375,1095.6833190917969,1005.169447157118,992.1820007324219,926.4020015462239,896.3377517700195,1092.1199558045569,675.0,1168.0,True,True,True,True,True,True,True,True,False,20.529754329355466,noise,73.6197323476983,False,False,False,False,,Industrial Manufacturing,Industrial Products,76.88243064729194,True,True,4079.32,9.33,84470.0,0.2288,20
PNBHOUSING.NS,2026-09-03,1145.5,1165.5750020345051,1123.0375094943577,1107.7959545898439,980.2177258300782,964.0631896972657,1156.0124983351861,723.9501950006703,1211.5,True,True,True,True,True,True,True,False,False,45.79019398897213,noise,42.21614000683339,False,False,False,False,,Finance,Housing Finance Company,87.31836195508586,True,True,29875.09,105.27,918975.0,0.3524,No Band
POLYPLEX.NS,2026-09-03,1202.699951171875,1179.9583231608074,1149.0249972873264,1112.2439990234375,955.7926676432292,924.3480001831055,1183.7913014477622,740.0,1264.0,True,True,True,True,True,True,True,True,False,17.660627959684838,noise,40.45206059512486,False,False,False,False,,Industrial Products,Packaging,74.85689123734038,True,True,3919.38,15.35,127590.0,0.3915,20
PONNIERODE.NS,2026-09-03,398.6499938964844,400.0541636149089,349.75416564941406,340.78699768066406,304.64653411865237,295.6549266052246,391.7337868192405,248.27783069557003,455.0,True,True,True,True,True,True,True,True,False,42.12476637964555,noise,46.81788280749086,False,False,False,False,,Agricultural Food & other Products,Sugar,86.1734918538089,True,True,342.78,1.87,46944.0,0.546,20
PRECWIRE.NS,2026-09-03,487.8500061035156,456.74583435058594,416.55108557807074,409.5383477783203,372.6171058146159,338.98159439086913,470.11496148676844,173.3119251512533,524.9000244140625,True,True,True,True,True,True,True,True,False,175.73497660261057,noise,85.09308710026404,False,False,False,False,,Industrial Products,"Aluminium, Copper & Zinc Products",98.59092910612065,True,True,8918.29,32.19,659928.0,0.361,20
PREMIERPOL.NS,2026-09-03,92.3499984741211,90.83416748046875,80.11305639478896,75.904800491333,62.59480018615723,57.95115016937256,89.9046597528655,38.0,97.98999786376953,True,True,True,True,True,True,True,True,False,92.44210957078624,noise,37.564797510698114,False,False,False,False,,Industrial Products,Plastic Products - Industrial,95.15631880228975,True,True,967.3,4.75,514568.0,0.4913,20
PFOCUS.NS,2026-09-03,291.6499938964844,292.3083318074544,288.76860978868274,275.23419860839846,275.0227993774414,258.761449508667,289.67738706846205,141.0,367.0,True,True,True,True,True,True,True,True,False,103.58090540242739,noise,90.79486474113018,False,False,False,False,,Entertainment,Media & Entertainment,95.8608542492294,True,True,22712.94,21.76,745961.0,0.0958,20
PRIZOR.NS,2026-09-02,1153.8499755859375,1024.8249918619792,913.6999969482422,893.5149987792969,647.0509991455078,557.5422493743896,1060.662756696926,216.64999389648438,1153.8499755859375,True,True,True,True,True,True,True,True,False,309.8934193910968,green,112.08576998050684,False,False,True,False,,Industrial Manufacturing,Industrial Products,99.55966534566271,True,True,194.79,0.38,20957.0,0.196,2
PROV.NS,2026-09-02,1875.0,1878.5,1772.3277791341145,1717.095,1455.9270003255208,1409.8745001220702,1868.3923727605675,815.0999755859375,1940.0,True,True,True,True,True,True,True,True,False,103.80434782608697,dry,0.0,False,True,False,False,,Food Products,Other Food Products,95.9929546455306,True,True,375.69,0.05,482.0,0.014,20
PRUDENT.NS,2026-09-03,3328.5,3384.6583455403647,3233.2888861762153,3162.6306396484374,2786.58166015625,2717.5277661132814,3372.503488639876,2118.407683707669,4105.5,True,True,True,True,True,True,True,False,False,21.58681816337369,noise,46.372472260621706,False,False,False,False,,Capital Markets,Financial Products Distributor,77.19066490532805,True,True,13782.21,12.11,36384.0,0.0879,20
QMSMEDI.NS,2026-09-03,159.07000732421875,150.98750178019205,127.8019453684489,121.38460067749024,98.11786692301432,96.35590019226075,152.4837791137254,68.94999694824219,164.6999969482422,True,True,True,True,True,True,True,True,False,74.09312338131183,noise,47.78854438179578,False,False,False,False,,Healthcare Equipment & Supplies,Medical Equipment & Supplies,92.82254513430208,True,True,287.21,0.45,28372.0,0.1571,5
QPOWER.NS,2026-09-03,1424.0999755859375,1371.1749877929688,1235.94090101454,1220.4987646484376,1091.8625520833334,997.9056387329101,1393.6952108026499,580.8863637342646,1502.699951171875,True,True,True,True,True,True,True,True,False,61.42892398286086,red,187.98077802326807,False,False,False,False,,Electrical Equipment,Heavy Electrical Equipment,91.0612065169529,True,True,11028.81,27.3,191717.0,0.2476,5
QUESS.NS,2026-09-03,366.54998779296875,358.6000010172526,328.21346706814234,314.8412289428711,239.50411529541014,229.65945373535158,364.16460712027083,162.53922482226787,388.75,True,True,True,True,True,True,True,True,False,42.118674099697515,noise,40.95741032231128,False,False,False,False,,Commercial Services & Supplies,Diversified Commercial Services,86.12945838837517,True,True,5474.79,46.99,1281900.0,0.8583,20
RRKABEL.NS,2026-09-03,2617.699951171875,2831.2999877929688,2682.888875325521,2584.1259912109376,1982.2610286458332,1844.0469744873046,2780.1275459545905,1175.2574703290545,2983.800048828125,True,True,True,True,True,True,True,False,False,117.30878265339841,red,112.71058964509083,False,False,False,False,,Industrial Products,Cables - Electricals,96.82959048877147,True,True,29607.63,169.05,645797.0,0.571,20
RACLGEAR.NS,2026-09-03,1558.800048828125,1511.3916727701824,1406.8222249348958,1386.842001953125,1321.0035396321614,1253.992721862793,1515.0343063865546,886.1232945384818,1690.2278315095687,True,True,True,True,True,True,True,True,False,69.92565006788543,noise,66.76151759028443,False,False,False,False,,Auto Components,Auto Components & Equipments,92.38221047996478,True,True,1840.77,5.83,37406.0,0.3168,20
RADICO.NS,2026-09-03,4559.0,4590.108317057292,4446.765462239583,4321.221127929687,3510.164103190104,3413.337868652344,4554.78270143664,2494.465428414862,4747.0,True,True,True,True,True,True,True,True,False,57.73519472208575,noise,57.289939640638835,False,False,False,False,,Beverages,Breweries & Distilleries,90.1805372082783,True,True,61082.58,169.71,372255.0,0.2778,No Band
RPEL.NS,2026-09-03,1885.199951171875,1716.3333231608074,1442.5083312988281,1391.7129956054687,1001.7610046386719,983.9727990722656,1725.1955523453332,560.8282002900473,1900.0,True,True,True,True,True,True,True,True,False,204.14861405471106,ppv,206.26291932661988,False,False,True,False,,Industrial Products,Electrodes & Refractories,98.94319682959049,True,True,8657.21,19.85,105282.0,0.2293,20
RAIN.NS,2026-09-03,211.7100067138672,203.4991683959961,213.33389790852866,208.28306884765624,168.58009674072267,157.96130477905274,204.71963579539212,99.43315286007488,250.82236847510148,True,True,True,True,True,True,True,True,False,53.15667427264077,noise,97.44008384682633,False,False,False,False,,Chemicals & Petrochemicals,Petrochemicals,89.21180096873624,True,True,7120.77,113.59,5365343.0,1.5952,20
RAMRAT.NS,2026-09-03,560.7999877929688,528.2416661580404,471.3253394232856,453.59440063476563,393.86663899739585,370.9295196533203,538.9377222105742,266.4076130636512,602.4500122070312,True,True,True,True,True,True,True,True,False,56.24233669361782,ppv,160.80816724696948,False,True,False,False,,Electrical Equipment,Other Electrical Equipment,89.87230295024219,True,True,5235.02,16.8,299641.0,0.321,20
RKFORGE.NS,2026-09-03,726.8499755859375,735.941660563151,687.5958336724175,653.4140014648438,588.7907316080729,570.4420628356934,734.2989758881507,459.4101971519111,772.7999877929688,True,True,True,True,True,True,True,False,False,26.260917027095275,noise,27.778876578687335,False,False,False,False,,Auto Components,Auto Components & Equipments,79.87670629678556,True,True,13214.73,93.8,1290461.0,0.7098,20
RPTECH.NS,2026-09-03,815.6500244140625,821.2250010172526,822.2096998426649,807.4784680175782,574.0570385742187,517.3030220031739,817.8124861577102,280.0061054993126,965.4798808795799,True,True,True,True,True,True,True,False,False,186.64993635237605,noise,20.8704694070294,False,False,False,False,,IT - Hardware,Computers Hardware & Equipments,98.72302950242184,True,True,5416.38,112.83,1383355.0,2.0832,20
RATNAVEER.NS,2026-09-03,286.1000061035156,279.6590639750163,226.04559707641602,212.77602966308595,176.81454274495442,170.83930717468263,280.5805440571516,130.5,314.8999938964844,True,True,True,True,True,True,True,True,False,96.56475445196521,noise,43.969848583230565,False,False,False,False,,Industrial Products,Iron & Steel Products,95.42051959489211,True,True,2052.07,169.2,5914115.0,8.2455,20
RAYMOND.NS,2026-09-03,757.9000244140625,645.3250020345052,622.3638882107205,617.7399975585937,505.78466654459635,487.90075042724607,658.5313062130516,320.0,765.0,True,True,True,True,True,True,True,True,False,23.225760418871566,ppv,1912.0375226974102,True,False,True,False,,Industrial Manufacturing,Industrial Products,78.20343461030383,True,True,5043.93,43.78,577643.0,0.868,20
RBLBANK.NS,2026-09-03,408.1000061035156,387.2124989827474,379.07845391167535,375.8819610595703,342.13226033528645,332.9859306335449,388.77342713473234,260.9244632419414,410.70001220703125,True,True,True,True,True,True,True,True,False,52.090533565954765,ppv,408.7021831357428,True,False,True,False,,Banks,Private Sector Bank,88.99163364156759,True,True,63259.91,199.65,4892181.0,0.3156,No Band
RBA.NS,2026-09-03,97.88999938964844,101.74333254496257,86.89666663275824,83.56219985961914,71.41253313700358,69.63744995117187,99.62806807191112,57.150001525878906,111.1500015258789,True,True,True,True,True,True,True,False,False,18.755306353555756,dry,13.537480631478974,False,False,False,False,,Leisure Services,Restaurants,75.51739321884632,True,True,6970.53,120.7,12329785.0,1.7315,10
RISHABH.NS,2026-09-03,734.9500122070312,699.0416666666666,663.5262027316624,653.2409411621094,526.3194486490885,492.7558003234863,705.8627520215308,314.00355666259446,753.0,True,True,True,True,True,True,True,True,False,67.43095765393505,noise,46.82102963696293,False,True,False,False,,Electrical Equipment,Other Electrical Equipment,91.94187582562748,True,True,2843.71,21.18,288144.0,0.7447,20
ROLEXRINGS.NS,2026-09-03,174.8300018310547,180.00333150227866,162.21027670966254,157.49820037841798,143.14360041300455,137.33735034942626,177.46675502519645,99.79000091552734,189.39999389648438,True,True,True,True,True,True,True,False,False,24.941049797763505,noise,34.908534846405544,False,False,False,False,,Auto Components,Auto Components & Equipments,79.17217084984588,True,True,4586.37,57.13,3267726.0,1.2456,20
ROLLT.NS,2026-09-03,4.170000076293945,3.8983333706855774,3.035277783870697,2.907200002670288,2.130666666030884,1.9260999983549119,3.9213202878366626,1.0199999809265137,4.320000171661377,True,True,True,True,True,True,True,True,False,247.4999925494197,green,103.38222069793449,False,False,True,False,,Industrial Products,Packaging,99.2514310876266,True,True,104.3,0.22,519763.0,0.2078,5
ROSSTECH.NS,2026-09-03,1116.300048828125,1094.9083150227864,1048.8277706570095,1030.6659936523438,912.4276672363281,849.9319995117188,1106.119254412966,551.9000244140625,1172.0,True,True,True,True,True,True,True,True,False,53.01222962718795,noise,51.55988991356103,False,False,False,False,,Aerospace & Defense,Aerospace & Defense,89.16776750330251,True,True,4224.11,27.49,246287.0,0.6509,20
RSWM.NS,2026-09-03,217.27999877929688,200.7025006612142,207.9727783203125,204.85239959716796,175.48420049031574,168.52600009918214,203.35904300477316,120.0,238.0,True,True,True,True,True,True,True,True,False,39.13934021763708,ppv,259.0700646746199,False,False,False,False,,Textiles & Apparels,Other Textile Products,85.33685601056803,True,True,1023.43,3.32,152875.0,0.3246,5
RUBYMILLS.NS,2026-09-03,409.04998779296875,395.0958302815755,388.5277786254883,377.8100012207031,284.2553333536784,267.4239000701904,393.3886498837503,169.02000427246094,424.8999938964844,True,True,True,True,True,True,True,True,False,84.47013015199458,ppv,91.69058648206197,False,False,False,False,,Textiles & Apparels,Other Textile Products,94.3637164244826,True,True,1367.86,1.81,44334.0,0.1326,5
SAIL.NS,2026-09-03,197.0,187.89583206176758,174.96638870239258,173.06859954833985,172.56306650797526,164.37059986114502,190.88394858996296,122.0305574809762,209.6999969482422,True,True,True,True,True,True,True,True,False,53.81636526316165,noise,90.2310559410133,False,False,False,False,,Ferrous Metals,Iron & Steel,89.47600176133862,True,True,81371.35,378.81,19228866.0,0.4655,No Band
SCI.NS,2026-09-03,294.95001220703125,291.1625010172526,289.2111121283637,290.51899963378906,281.6693957519531,266.23331283569337,291.4554108784401,193.00434197829298,368.75,True,True,True,True,True,True,True,True,False,40.36847712480049,noise,83.6152738403379,False,True,False,False,,Transport Services,Shipping,85.64509026860414,True,True,13738.74,113.3,3841331.0,0.8247,20
SPAL.NS,2026-09-03,1062.800048828125,983.1458384195963,995.9013875325521,1031.242998046875,857.9809989420573,821.6549987792969,1014.1221186816019,600.0,1221.9000244140625,True,True,True,True,True,True,True,True,False,45.93890131522485,noise,29.424963531215564,False,False,False,False,,Textiles & Apparels,Garments & Apparels,87.40642888595332,True,True,2671.76,32.18,302831.0,1.2046,20
SALSTEEL.NS,2026-09-03,82.04000091552734,77.71083323160808,66.03611087799072,63.422399826049805,54.932733306884764,51.250099964141846,77.72947457725326,17.760000228881836,86.25,True,True,True,True,True,True,True,True,False,353.00937686680027,noise,168.65410632686,False,False,False,False,,Ferrous Metals,Sponge Iron,99.73579920739762,True,True,1187.67,2.7,328655.0,0.227,5
SAAKSHI.NS,2026-09-02,310.8999938964844,294.6791687011719,294.06666564941406,296.24499938964846,240.7796659342448,225.68849937438964,297.2041461490942,147.39999389648438,331.0,True,True,True,True,True,True,True,True,True,77.15099367321048,green,248.48891873740766,False,False,False,False,,Electrical Equipment,Other Electrical Equipment,93.17481285777191,True,True,479.45,0.54,19718.0,0.1117,5
SAHYADRI.NS,2026-09-03,359.3999938964844,356.31444295247394,328.8512217203776,314.4773596191406,277.1295065307617,270.0299474334717,354.11647910534674,197.86802644015765,398.4253015541934,True,True,True,True,True,True,True,True,False,42.69889228842825,noise,34.57781512673603,False,True,False,False,,Other Construction Materials,Other Construction Materials,86.30559225011008,True,True,393.41,0.58,16178.0,0.1478,20
SAILIFE.NS,2026-09-03,1574.800048828125,1484.6999918619792,1394.1944410536025,1351.732001953125,1144.762998453776,1079.9617483520508,1505.2958376503288,783.8499755859375,1630.0,True,True,True,True,True,True,True,True,False,85.74041330128037,red,286.7010471208783,False,False,False,False,,Pharmaceuticals & Biotechnology,Pharmaceuticals,94.58388375165126,True,True,33447.84,83.09,527610.0,0.2484,20
SAKAR.NS,2026-09-03,1006.9500122070312,912.0124969482422,893.9222225613064,878.465,703.0059991455078,626.631999206543,933.2055691387237,321.04998779296875,1024.0,True,True,True,True,True,True,True,True,False,196.33609428512978,noise,99.72827863799208,False,False,True,False,,Pharmaceuticals & Biotechnology,Pharmaceuticals,98.85512989872302,True,True,2210.25,16.01,159003.0,0.7244,20
MOTHERSON.NS,2026-09-03,162.0,166.90666707356772,158.8600001864963,155.02542053222658,136.79818959554038,131.49776306152344,165.53189288344169,93.03902291405394,173.27000427246094,True,True,True,True,True,True,True,False,False,68.63695361584428,noise,47.344575434322905,False,False,False,False,,Auto Components,Auto Components & Equipments,92.20607661822986,True,True,170605.95,308.17,19022744.0,0.1806,No Band
SANGINITA.NS,2026-09-03,58.34000015258789,55.46333312988281,58.32777743869357,55.262399673461914,32.98459995269776,27.35279996871948,56.028232319920704,9.229999542236328,68.0199966430664,True,True,True,True,True,True,True,True,False,520.6383246822894,green,168.46844948928478,False,True,False,False,,Chemicals & Petrochemicals,Specialty Chemicals,99.91193306913254,True,True,151.11,1.65,283158.0,1.0932,5
SANSERA.NS,2026-09-03,3789.60009765625,3863.816691080729,3633.550001356337,3511.71400390625,2789.9893367513023,2524.3175006103515,3852.9718200981943,1284.465090766254,4084.89990234375,True,True,True,True,True,True,True,False,False,191.56795946127315,noise,37.987977730748035,False,False,False,False,,Auto Components,Auto Components & Equipments,98.81109643328931,True,True,23648.46,97.98,258544.0,0.4143,20
SOTL.NS,2026-09-03,737.3499755859375,702.3392690022787,666.4120449490017,633.8727923583984,478.0744746907552,449.7306848144531,715.8719583897532,283.7246181088854,808.8832211470552,True,True,True,True,True,True,True,True,False,84.87205894730398,noise,57.42513997099154,False,False,False,False,,Petroleum Products,Lubricants,94.53985028621753,True,True,5055.3,75.0,1017133.0,1.4836,20
SBC.NS,2026-09-03,43.25,41.02750047047933,41.17083337571886,41.411600036621095,36.37366672515869,34.26545002937317,41.68357799021033,19.860000610351562,45.0,True,True,True,True,True,True,True,True,False,115.92610343161813,green,103.74556646126634,False,False,False,False,,Textiles & Apparels,Garments & Apparels,96.741523557904,True,True,2059.52,45.3,10474603.0,2.1997,20
SEAMECLTD.NS,2026-09-03,1786.5999755859375,1678.7228698730469,1535.1245252821182,1508.1488549804687,1471.4092700195313,1358.9789169311523,1685.3055516085633,770.8415212003184,1794.9000244140625,True,True,True,True,True,True,True,True,False,82.39070230098386,green,219.71045770100375,False,False,True,False,,Transport Services,Shipping,94.09951563188022,True,True,4558.33,15.77,88255.0,0.3459,20
SENORES.NS,2026-09-03,1430.4000244140625,1482.7000020345051,1428.361111111111,1414.21400390625,1085.7819991048177,1015.7272503662109,1462.498821911454,662.4500122070312,1599.0,True,True,True,True,True,True,True,False,False,100.70155744553956,noise,41.69003109035115,False,False,False,False,,Pharmaceuticals & Biotechnology,Pharmaceuticals,95.6847203874945,True,True,6587.51,44.3,309715.0,0.6725,20
SERVICE.NS,2026-09-02,70.30000305175781,66.52499993642171,62.87916660308838,60.011999969482424,54.54099988301595,52.29299995422363,68.10509458183657,39.20000076293945,73.0,True,True,True,True,True,True,True,True,False,25.647903651725446,green,156.25,False,False,False,False,,Commercial Services & Supplies,Diversified Commercial Services,79.52443857331572,True,True,62.21,0.09,16939.0,0.1473,5
SGFIN.NS,2026-09-03,676.7999877929688,686.7458343505859,678.1222229003906,667.5189990234375,547.4120001220704,509.9045002746582,682.1174419779088,323.0,727.4500122070312,True,True,True,True,True,True,True,False,False,78.26945836261636,dry,14.038593824186899,False,False,False,False,,Finance,Non Banking Financial Company (NBFC),93.39498018494055,True,True,4459.77,32.81,484722.0,0.7356,20
SHAILY.NS,2026-09-03,3267.10009765625,3275.8750203450522,3171.330552842882,3072.5539892578126,2604.904668782552,2532.6600036621094,3262.723391472721,1770.9000244140625,3615.199951171875,True,True,True,True,True,True,True,True,False,48.81876173659452,noise,57.831980397406234,False,True,False,False,,Consumer Durables,Plastic Products - Consumer,87.89079700572435,True,True,15027.11,81.76,250259.0,0.5441,20
SCPL.NS,2026-09-03,641.9000244140625,655.0250040690104,617.033332824707,585.4449987792968,443.85999877929686,401.2400996398926,646.5109346026051,190.02999877929688,690.0,True,True,True,True,True,True,True,False,False,167.1577862404172,dry,19.235203310226378,False,False,False,False,,Food Products,Dairy Products,98.5028621752532,True,True,674.0,4.43,69053.0,0.6576,5
SHEETAL.NS,2026-09-02,333.75,330.9750010172526,316.70416683620874,310.55900024414063,273.7796670532227,246.21125022888182,333.2394216405034,113.56052623811316,352.0,True,True,True,True,True,True,True,True,False,162.98398858881035,red,160.34985422740525,False,False,False,False,,Agricultural Food & other Products,Other Agricultural Products,98.28269484808455,True,True,67.53,0.06,9492.0,0.0829,20
SHEMAROO.NS,2026-09-03,125.73999786376953,128.25166702270508,124.28333346048991,124.62639999389648,110.53120000203451,109.58060009002685,126.85854921410711,73.0,143.0,True,True,True,True,True,True,True,False,False,13.504241965444441,red,164.91488357305948,False,False,False,False,,Entertainment,Media & Entertainment,71.99471598414794,True,True,361.25,0.23,17982.0,0.0626,5
SHERA.NS,2026-09-02,176.3000030517578,176.91666412353516,171.14166598849826,167.08299957275392,146.92499979654949,142.18324989318847,175.8746651210202,94.94999694824219,188.89999389648438,True,True,True,True,True,True,True,True,False,29.347027956272775,noise,27.991602519244225,False,True,False,False,,Industrial Products,"Aluminium, Copper & Zinc Products",81.77014531043592,True,True,439.59,0.54,27924.0,0.1225,20
SHILPAMED.NS,2026-09-03,956.1500244140625,879.2583312988281,753.0972188313802,711.5429968261719,512.2629986572266,463.5752490234375,895.7801193230754,259.5,966.4500122070312,True,True,True,True,True,True,True,True,False,126.72948481137007,noise,94.43565163368585,False,False,True,False,,Pharmaceuticals & Biotechnology,Pharmaceuticals,97.1818582122413,True,True,18700.56,172.54,1804497.0,0.9226,20
SHIVAUM.NS,2026-09-03,450.0,445.6291681925456,431.09166717529297,426.8839996337891,359.6706669108073,343.5729998779297,445.9262943737526,275.0,483.8999938964844,True,True,True,True,True,True,True,True,False,45.63106796116505,noise,79.29381092474674,False,True,True,False,,Commercial Services & Supplies,Trading & Distributors,87.14222809335095,True,True,612.02,0.92,20455.0,0.1504,20
SBCL.NS,2026-09-03,1155.9000244140625,1043.9267323811848,907.4408179389106,860.7633703613282,657.7774082438151,601.5655923461914,1057.507307482321,367.86391220435536,1155.9000244140625,True,True,True,True,True,True,True,True,False,128.89868800881064,noise,94.5130360356234,False,False,True,False,,Industrial Products,Iron & Steel Products,97.40202553940995,True,True,6658.47,75.42,652518.0,1.1328,10
SHREEJISPG.NS,2026-09-03,664.25,640.4458262125651,637.1874949137369,605.6749957275391,472.1742793782552,438.90446899414064,644.8776739091887,221.4449392882965,681.5499877929688,True,True,True,True,True,True,True,True,False,163.15549961855643,green,238.90805271128394,False,False,False,False,,Transport Services,Shipping,98.32672831351827,True,True,10821.85,68.5,1031259.0,0.633,10
SHRIPISTON.NS,2026-09-03,4551.2998046875,4582.024983723958,4437.887993706598,4367.907602539062,3639.3665869140623,3465.842062988281,4571.137045053968,2510.541880010137,4785.7998046875,True,True,True,True,True,True,True,False,False,80.30641828354112,noise,51.759353333359314,False,True,False,False,,Auto Components,Auto Components & Equipments,93.83531483927786,True,True,21111.78,32.61,71647.0,0.1545,20
SHYAMMETL.NS,2026-09-03,1076.4000244140625,1040.1666768391926,1024.4942237006294,1008.3046350097657,917.4515641276041,891.5019577026367,1055.9696821429493,742.7285204868352,1111.0,True,True,True,True,True,True,True,True,False,15.679570176713064,green,117.84988561442633,False,False,False,False,,Industrial Products,Iron & Steel Products,73.62395420519596,True,True,29959.07,60.32,560412.0,0.2014,20
SIEMENS.NS,2026-09-03,4030.0,4019.941650390625,3882.725151909722,3781.194716796875,3554.9123388671874,3441.5779736328127,4025.898177950098,2812.180840788319,4149.39990234375,True,True,True,True,True,True,True,True,False,26.941140010012642,green,101.20427397265408,False,False,False,False,,Electrical Equipment,Heavy Electrical Equipment,80.2289740202554,True,True,143516.56,152.75,379029.0,0.1064,No Band
SIGMAADV.NS,2026-09-03,754.7999877929688,729.5541687011719,655.5277777777778,630.2719982910156,389.77286631266276,339.5377500915527,744.158066025961,128.60000610351562,801.0,True,True,True,True,True,True,True,True,False,466.7091928502853,noise,33.97060627964683,False,False,False,False,,Aerospace & Defense,Aerospace & Defense,99.82386613826509,True,True,13302.57,27.71,367121.0,0.2083,5
SIGNORIA.NS,2026-09-02,162.0,162.375,153.4819441901313,144.88499938964844,94.33933326721191,93.27300008773804,162.42985455897966,53.099998474121094,171.5,True,True,True,True,True,True,True,False,False,70.52631578947368,dry,0.0,False,False,False,False,,Textiles & Apparels,Garments & Apparels,92.47027741083224,True,True,67.42,0.17,11954.0,0.2512,5
SILKFLEX.NS,2026-09-02,261.54998779296875,228.97916666666666,211.29583231608072,212.04199951171876,175.6776665242513,154.28799991607667,237.83242572170167,76.0,261.54998779296875,True,True,True,True,True,True,True,True,False,226.93748474121094,green,133.4044823906083,False,False,True,False,,Chemicals & Petrochemicals,Specialty Chemicals,99.16336415675914,True,True,85.37,0.14,18454.0,0.159,5
SIS.NS,2026-09-03,435.8500061035156,422.70416768391925,428.7472220526801,429.14499938964843,374.9049420166016,362.0753645324707,427.1212164992834,257.04998779296875,480.95001220703125,True,True,True,True,True,True,True,True,False,21.57648892739614,ppv,436.4446303206225,False,False,False,False,,Other Consumer Services,Other Consumer Services,77.10259797446058,True,True,6125.0,13.48,309241.0,0.2201,20
SJS.NS,2026-09-03,2411.10009765625,2489.9083251953125,2411.4166666666665,2350.1699951171877,2004.939853515625,1927.4968505859374,2464.689055089614,1310.0714200242319,2590.0,True,True,True,True,True,True,True,False,False,80.1982992779289,noise,67.82164320415691,False,True,False,False,,Auto Components,Auto Components & Equipments,93.70321444297667,True,True,7721.95,29.19,121050.0,0.378,20
SKYGOLD.NS,2026-09-03,742.0,798.5916595458984,732.4666646321615,688.0849969482422,506.5986649576823,462.41474884033204,784.3534385063216,259.0,868.7999877929688,True,True,True,True,True,True,True,False,False,154.80768162621797,noise,80.13141092615288,False,False,False,False,,Consumer Durables,"Gems, Jewellery And Watches",98.10656098634962,True,True,11491.64,94.42,1272573.0,0.8217,20
SMARTLINK.NS,2026-09-03,212.72000122070312,220.94249979654947,216.6136105855306,206.08162994384764,160.04658248901367,152.236608543396,217.65078932217588,102.34948836265465,233.0,True,True,True,True,True,True,True,False,False,44.729312371584925,noise,41.361894810170675,False,True,False,False,,IT - Hardware,Computers Hardware & Equipments,86.96609423161603,True,True,212.19,0.15,7265.0,0.0728,5
SMLMAH.NS,2026-09-03,5726.0,5270.333333333333,4978.21390109592,4710.2401513671875,4250.0430940755205,4107.774443359375,5334.155579177678,2703.052088847761,5987.89990234375,True,True,True,True,True,True,True,True,False,45.939216965656996,ppv,139.1722668063456,False,False,False,False,,"Agricultural, Commercial & Construction Vehicles",Commercial Vehicles,87.45046235138706,True,True,8286.46,85.0,148444.0,1.0258,10
SMVD.NS,2026-09-02,17.0,16.5625,15.25694465637207,14.558000183105468,11.91566670735677,10.820000052452087,16.6647437227591,5.599999904632568,17.049999237060547,True,True,True,True,True,True,True,True,False,104.81927240166553,dry,0.0,False,False,True,False,,Industrial Products,Plastic Products - Industrial,96.03698811096433,True,True,13.44,0.0,1652.0,0.0165,5
SOLARINDS.NS,2026-09-03,21500.0,20204.25,19290.769368489582,18982.884453125,16539.147942708332,15606.6938671875,20381.997004892393,11639.12322904721,21645.0,True,True,True,True,True,True,True,True,False,53.4648510005189,green,332.12278245088163,True,False,True,False,,Chemicals & Petrochemicals,Explosives,89.34390136503742,True,True,194553.62,294.79,137110.0,0.1515,No Band
SOMANYCERA.NS,2026-09-03,569.5,547.6291631062826,518.1552395290798,519.8590759277344,464.45939860026044,450.49160110473633,554.3578065417419,327.89613047910154,576.7999877929688,True,True,True,True,True,True,True,True,False,28.803724568920686,noise,33.39429633043451,False,False,False,False,,Consumer Durables,Ceramics,81.28577719066492,True,True,2335.68,9.82,172488.0,0.4206,20
SONACOMS.NS,2026-09-03,800.0,809.9583333333334,778.9291670057509,743.8009997558594,618.4015576171874,583.7867013549804,804.4287596041708,399.8350028638013,844.0,True,True,True,True,True,True,True,False,False,78.87378243291654,noise,59.29775612885963,False,False,False,False,,Auto Components,Auto Components & Equipments,93.48304711580802,True,True,49930.27,185.1,2313728.0,0.3707,No Band
SONAMLTD.NS,2026-09-03,67.87000274658203,68.10416825612386,59.35137335459391,57.74477355957031,53.40977897644043,50.556156101226804,68.2165665684915,37.192837659100036,80.31999969482422,True,True,True,True,True,True,True,False,False,35.25175688714051,noise,70.12901966591816,False,False,False,False,,Consumer Durables,Consumer Electronics,83.92778511668868,True,True,271.7,0.8,117547.0,0.2936,20
SOUTHBANK.NS,2026-09-03,47.70000076293945,45.67249997456869,45.96516482035319,45.74989791870117,41.97204030354818,41.520554084777835,46.01556463886532,27.836319281468388,49.41417107532308,True,True,True,True,True,True,True,True,False,63.506380619471074,ppv,212.786263946919,False,False,False,False,,Banks,Private Sector Bank,91.45750770585646,True,True,12494.07,73.11,15325996.0,0.5851,20
SPECTRUM.NS,2026-09-03,2255.699951171875,2166.9666748046875,2259.8277926974824,2163.0280126953126,1650.8346663411457,1536.5704986572266,2178.8569643407736,1050.0,2637.199951171875,True,True,True,True,True,True,True,True,False,51.9194421465827,noise,22.773787415925923,False,False,False,False,,Industrial Manufacturing,Industrial Products,88.90356671070013,True,True,3544.57,10.35,45862.0,0.2919,5
SPORTKING.NS,2026-09-03,230.60000610351562,222.12833404541016,212.2663892110189,203.88679992675782,160.75873311360678,142.75064987182617,224.06419596716282,78.16999816894531,241.50999450683594,True,True,True,True,True,True,True,True,False,108.91466918058379,noise,49.9647819951941,False,False,True,False,,Textiles & Apparels,Other Textile Products,96.25715543813298,True,True,2934.86,15.26,661562.0,0.5198,20
SETL.NS,2026-09-03,391.1499938964844,341.9625015258789,303.9236111111111,294.1001998901367,188.98006642659504,178.54744979858398,356.222313087513,104.55999755859375,393.6499938964844,True,True,True,True,True,True,True,True,False,114.50506213552751,ppv,90.0890859844664,False,False,True,False,,Industrial Manufacturing,Industrial Products,96.65345662703655,True,True,7803.12,50.15,1282177.0,0.6427,5
SSWL.NS,2026-09-03,360.79998779296875,312.76666768391925,304.4752782185872,287.53279968261717,235.91760030110677,225.72640045166017,325.30026469779307,169.0,366.6000061035156,True,True,True,True,True,True,True,True,False,60.91905492622685,green,110.85824589057125,False,False,True,False,,Auto Components,Auto Components & Equipments,90.9291061206517,True,True,5674.12,58.03,1608342.0,1.0227,20
STEL.NS,2026-09-03,606.9500122070312,614.9416656494141,577.0416683620876,573.7720007324219,514.0653326416016,509.1889988708496,613.8238455605713,380.0,689.9500122070312,True,True,True,True,True,True,True,False,False,24.222268650246768,noise,41.06996178707904,False,True,False,False,,Finance,Investment Company,78.77586966094232,True,True,1120.15,0.54,8968.0,0.0486,20
STAR.NS,2026-09-03,1053.5999755859375,1004.4416656494141,1012.5692579481337,1034.015849609375,1005.2112764485677,977.4337866210938,1018.424944616272,765.0675335548549,1225.262710817159,True,True,True,True,True,True,True,True,False,18.08059425200781,noise,58.48159697200648,False,False,False,False,,Pharmaceuticals & Biotechnology,Pharmaceuticals,75.12109202994276,True,True,9711.32,31.36,297651.0,0.3229,20
SUPREMEENG.NS,2026-09-03,2.9800000190734863,2.7075000206629434,2.306111110581292,2.0887999987602233,1.4091333325703939,1.3673999986052514,2.769815621072987,0.6800000071525574,2.9800000190734863,True,True,True,True,True,True,True,True,False,175.92591672767864,noise,53.88846932680522,False,False,True,False,,Industrial Products,Iron & Steel Products,98.63496257155438,True,True,74.49,0.08,254347.0,0.1018,2
SUVEN.NS,2026-09-03,378.3500061035156,369.93333435058594,338.5625,332.63900085449217,242.00846735636392,222.22150077819825,370.58048544533483,124.11000061035156,403.3500061035156,True,True,True,True,True,True,True,True,False,75.67442758107839,green,132.31491047655638,False,False,False,False,,Healthcare Services,"Healthcare Research, Analytics & Technology",92.99867899603699,True,True,10690.76,53.38,1410937.0,0.4993,20
SWANDEF.NS,2026-09-03,2490.0,2396.0416666666665,2427.4888916015625,2377.5040087890625,2067.8700048828123,1902.8812512207032,2429.2133322708123,430.79998779296875,2750.0,True,True,True,True,True,True,True,True,False,477.9944453472522,ppv,648.541570449256,True,False,False,False,,Industrial Manufacturing,Ship Building & Allied Services,99.8678996036988,True,True,13117.86,4.84,19443.0,0.0369,5
SWARAJ.NS,2026-09-03,354.5,366.56666564941406,364.53194342719183,350.625,301.7976677449544,288.08000091552736,363.22357403850845,158.5,386.75,True,True,True,True,True,True,True,False,False,103.03550263900134,noise,46.588570960775115,False,False,False,False,,Textiles & Apparels,Other Textile Products,95.77278731836195,True,True,936.53,5.06,142717.0,0.5402,5
SGIL.NS,2026-09-03,603.7999877929688,585.3791656494141,589.1569451226128,587.3750012207031,549.2466701253255,543.64875289917,592.4116721809196,420.0,632.1411998016907,True,True,True,True,True,True,True,True,False,13.941623435581029,green,126.47032523960102,False,False,False,False,,Industrial Products,Castings & Forgings,72.30295024218407,True,True,938.0,0.8,13299.0,0.0856,20
SYRMA.NS,2026-09-03,1452.800048828125,1459.116678873698,1421.1420050726997,1416.126337890625,1115.9464607747395,1022.7632858276368,1454.7159141103932,633.8515990037583,1541.423280918013,True,True,True,True,True,True,True,False,False,84.07807745103726,noise,45.455117700973815,False,False,False,False,,Industrial Manufacturing,Industrial Products,94.31968295904888,True,True,27984.56,190.21,1309263.0,0.6797,20
TMB.NS,2026-09-03,942.4500122070312,891.7416534423828,861.1555531819662,834.1159973144531,724.5255489095052,673.5165339660645,902.3031929923593,405.09227596916213,947.5,True,True,True,True,True,True,True,True,False,126.83923533597725,ppv,71.7855027750743,False,False,True,False,,Banks,Private Sector Bank,97.22589167767504,True,True,14923.83,34.86,369865.0,0.2336,20
TALBROAUTO.NS,2026-09-03,412.1499938964844,411.2583287556966,412.15694342719183,411.39799926757814,334.9847989908854,319.39659881591797,410.9860483869585,219.89999389648438,451.6000061035156,True,True,True,True,True,True,True,True,False,53.55403792879383,noise,37.526624108073634,False,False,False,False,,Auto Components,Auto Components & Equipments,89.43196829590488,True,True,2544.13,10.81,262180.0,0.4247,20
TVSMOTOR.NS,2026-09-03,4200.0,4337.2416585286455,4206.350002712674,4037.362001953125,3725.094396158854,3702.590382080078,4293.2053341038,3228.0,4484.5,True,True,True,True,True,True,True,False,False,23.950248419982344,noise,61.325578484080246,False,False,False,False,,Automobiles,2/3 Wheelers,78.5997357992074,True,True,199595.03,487.6,1160948.0,0.2443,No Band
UYFINCORP.NS,2026-09-03,19.93000030517578,19.93333339691162,19.46499999364217,18.323400020599365,15.465600026448568,15.130500016212464,19.85094501634226,11.5,22.34000015258789,True,True,True,True,True,True,True,True,False,55.46022448988093,noise,31.072685874991855,False,False,False,False,,Finance,Non Banking Financial Company (NBFC),89.78423601937473,True,True,379.14,0.68,340861.0,0.1792,5
UGARSUGAR.NS,2026-09-03,58.560001373291016,54.896666844685875,47.1268564860026,45.1607991027832,41.35124725341797,41.23378637313843,54.5411329198742,33.66863560404256,62.099998474121094,True,True,True,True,True,True,True,True,False,24.684620336637806,green,232.60167277401632,False,False,True,False,,Agricultural Food & other Products,Sugar,78.95200352267724,True,True,658.8,2.63,449937.0,0.3999,20
UNIHEALTH.NS,2026-09-02,717.5999755859375,726.0708312988281,737.3666670057509,714.6790002441406,509.82833374023437,456.28075050354005,721.5597374215106,133.64999389648438,820.0,True,True,True,True,True,True,True,False,False,345.71427055027175,noise,58.4349593495935,False,False,False,False,,Healthcare Services,Hospital,99.64773227653016,True,True,189.97,0.31,25590.0,0.163,20
UNIMECH.NS,2026-09-03,1465.300048828125,1486.8333435058594,1378.8222317165798,1320.2630102539063,1070.7253389485677,1034.366254272461,1474.9372501843934,695.0,1555.0,True,True,True,True,True,True,True,False,False,42.63603418491424,noise,68.58518464306309,False,False,False,False,,Aerospace & Defense,Aerospace & Defense,86.21752531924263,True,True,7458.67,28.97,197739.0,0.3885,10
VADILALIND.NS,2026-09-03,7615.0,7495.8319905598955,7218.543023003473,6973.35720703125,5549.744345703125,5387.602454833985,7544.80097317431,3964.1445258937783,8379.661952680708,True,True,True,True,True,True,True,True,False,53.455683141848944,noise,39.53595370124567,False,True,False,False,,Food Products,Dairy Products,89.2998678996037,True,True,5473.53,21.13,27753.0,0.3861,20
WELCORP.NS,2026-09-03,2641.60009765625,2353.4750061035156,1939.655565049913,1830.6596948242188,1324.9493253580729,1192.884645690918,2400.467563868048,707.6502693631002,2676.0,True,True,True,True,True,True,True,True,False,210.93046928471512,green,220.70104978595003,False,False,True,False,,Industrial Products,Iron & Steel Products,99.1193306913254,True,True,69660.03,409.12,1548758.0,0.5873,20
WELINV.NS,2026-09-03,2187.0,2151.250040690104,1957.6500108506943,1906.1020092773438,1628.3420027669272,1544.3855010986329,2154.9495863198713,915.0,2340.60009765625,True,True,True,True,True,True,True,True,False,123.27718223583459,dry,5.559119093435963,False,True,False,False,,Finance,Investment Company,97.00572435050638,True,True,801.87,0.68,3118.0,0.085,2
WHEELS.NS,2026-09-03,1654.4000244140625,1530.1166890462239,1460.8361138237847,1487.4360009765626,1276.3457202148438,1162.5052627563477,1542.1477479382193,697.4556123989075,1808.0,True,True,True,True,True,True,True,True,False,125.6028824497827,ppv,233.50168508909715,False,False,False,False,,Auto Components,Auto Components & Equipments,97.13782474680758,True,True,4042.2,22.86,138149.0,0.5654,20
WOCKPHARMA.NS,2026-09-03,1950.5999755859375,1896.1583251953125,1910.8888821072048,1906.6859912109376,1644.924659016927,1578.462992553711,1909.2170215135966,1086.699951171875,2422.300048828125,True,True,True,True,True,True,True,True,False,31.08870803668935,green,161.52481982562276,False,False,False,False,,Pharmaceuticals & Biotechnology,Pharmaceuticals,82.29854689564068,True,True,31695.72,206.89,1060654.0,0.6527,20
YATHARTH.NS,2026-09-03,962.2999877929688,933.0999959309896,877.2968461778429,866.9194543457031,785.5961580403646,757.8987490844727,947.9564878722392,537.9315639475303,1024.8499755859375,True,True,True,True,True,True,True,True,False,28.442560361919366,noise,39.93129321181196,False,False,False,False,,Healthcare Services,Hospital,80.93350946719507,True,True,9272.18,32.84,341217.0,0.3541,20
ZENTEC.NS,2026-09-03,1810.300048828125,1855.4406331380208,1787.772956000434,1792.0379467773437,1624.9134545898437,1557.188685913086,1827.7574680805128,1222.3593609523095,2042.629425992547,True,True,True,True,True,True,True,False,False,22.175293548615915,noise,42.50423382567315,False,False,False,False,,Aerospace & Defense,Aerospace & Defense,77.45486569793043,True,True,16282.23,132.81,733631.0,0.8157,20
ZIMLAB.NS,2026-09-03,128.02000427246094,124.37416712443034,117.826111263699,118.52820007324219,96.47633361816406,90.37385028839111,124.47769851669301,59.310001373291016,136.89999389648438,True,True,True,True,True,True,True,True,False,68.58045846290108,red,252.86726119618018,False,True,False,False,,Pharmaceuticals & Biotechnology,Pharmaceuticals,92.16204315279613,True,True,686.94,0.85,66399.0,0.1237,20
ZYDUSLIFE.NS,2026-09-03,1143.0,1143.0833333333333,1135.562995062934,1134.6284716796874,1017.0347570800782,990.9098086547851,1151.9247693356488,834.749872350541,1205.0,True,True,True,True,True,True,True,False,False,13.472242706070304,noise,68.26776384640308,False,False,False,False,,Pharmaceuticals & Biotechnology,Pharmaceuticals,71.90664905328049,True,True,114014.69,156.31,1367554.0,0.1371,No Band
USHAMART.NS,2026-09-03,515.7000122070312,495.8375015258789,498.87484402126734,497.9604815673828,460.056973063151,453.50055633544923,499.9552047293969,369.92390235645803,523.0745623153142,True,True,True,True,True,True,True,True,False,34.08260877154841,ppv,201.62779961940763,False,False,False,False,BSE,Industrial Products,Iron & Steel Products,83.35535006605019,True,True,15696.4,30.13,584245.0,0.1919,20
VIPULLTD.NS,2026-09-02,14.850000381469727,15.492500066757202,14.06305562125312,14.396600036621093,11.750400009155273,11.404000005722047,15.175683058553581,7.400000095367432,18.709999084472656,True,True,True,True,True,True,True,False,False,52.620771635274146,dry,0.0,False,False,False,False,BSE,Realty,"Residential, Commercial Projects",89.07970057243504,True,True,201.01,1.19,831116.0,0.5896,2
VOLTAMP.NS,2026-09-03,11166.7001953125,10853.204182942709,10081.214111328125,9958.18119140625,9408.612330729167,8973.024289550782,10843.683601765451,6598.399718534983,12687.87155025179,True,True,True,True,True,True,True,True,False,41.361679264895116,noise,46.99687195320117,False,False,False,False,BSE,Electrical Equipment,Heavy Electrical Equipment,85.90929106120652,True,True,11312.96,53.13,47512.0,0.4696,20
