symbol,date,close,MA12,MA36,MA50,MA150,MA200,EMA10,52w_low,52w_high,cond1_price_above_150_200,cond2_ma150_above_ma200,cond3_ma200_trending_up_1m,cond4_ma50_above_150_200,cond5_price_above_ma50,cond6_30pct_above_52w_low,cond7_within_25pct_52w_high,cond9_price_above_ema10,fresh_ma12_cross_today,12m_return_pct,volume_signal,relative_volume,bull_snort,inside_bar,is_52w_high,is_52w_low,name,industry_group,industry
542155.BO,2026-09-02,0.9200000166893005,0.9325000047683716,1.0044444517956839,1.0133999955654145,1.1594000017642976,1.39445000320673,0.9342066543178031,0.9100000262260437,2.2899999618530273,False,False,False,False,False,False,False,False,False,-58.744394223299636,red,103.62694300518133,False,False,False,True,Diksha Greens,Commercial Services & Supplies,Trading & Distributors
543400.BO,2026-09-02,2.4100000858306885,2.4075000484784446,2.4711111320389643,2.517200021743774,3.3536000061035156,3.79925000667572,2.3845438205329916,2.1600000858306885,8.170000076293945,False,False,False,False,False,False,False,True,False,-67.86666552225749,green,336.7003367003367,True,False,False,False,Omnipotent,Petroleum Products,Refineries & Marketing
538765.BO,2026-09-02,2.119999885559082,2.3199999729792276,2.418333331743876,2.672999997138977,5.6105332771937055,5.966849972009658,2.249619922596183,1.9199999570846558,8.239999771118164,False,False,False,False,False,False,False,False,False,-63.51118921793206,ppv,697.6744186046511,True,False,False,False,JLA Infraville,Retailing,Internet & Catalogue Retail
543613.BO,2026-09-02,4.710000038146973,4.490833282470703,4.9677777422799005,5.06080002784729,6.220133349100749,6.946900000572205,4.528994119437195,3.5999999046325684,16.0,False,False,False,False,False,True,False,True,False,-66.35714258466447,dry,0.0,False,False,False,False,Mafia Trends,Retailing,Speciality Retail
JALAN.NS,2026-09-02,1.850000023841858,1.875,1.741666664679845,1.8310000133514404,2.1546666693687437,2.442750000357628,1.8600311436966641,1.5,5.800000190734863,False,False,False,False,True,False,False,False,False,-68.10344891372388,dry,15.673981191222571,False,False,False,False,Jalan Transol.,Transport Services,Logistics Solution Provider
539026.BO,2026-09-02,6.679999828338623,6.512499888737996,7.444722308052911,7.7056001281738284,9.573466771443686,9.623950080871582,6.562042558910811,4.5,10.59000015258789,False,False,False,False,False,True,False,True,False,29.7087321289075,green,142.85714285714286,False,False,False,False,SSPN FINANCE,Finance,Other Financial Services
535917.BO,2026-09-02,4.400000095367432,4.400000095367432,4.111111137602064,4.13100004196167,4.342800048192342,4.523850009441376,4.384080901016999,3.299999952316284,5.28000020980835,False,False,False,False,True,True,True,True,False,3.2863816658137424,dry,0.0,False,False,False,False,GCM Commodity,Finance,Other Financial Services
539099.BO,2026-09-02,4.010000228881836,4.010000228881836,3.739166816075643,3.6498001050949096,3.9647333812713623,4.153200042247772,4.004283024961304,2.930000066757202,7.5,False,False,False,False,True,True,False,True,False,-38.30768878643329,dry,0.0,False,False,False,False,Athena Construc.,Realty,"Residential, Commercial Projects"
537582.BO,2026-09-02,1.1399999856948853,1.157500018676122,1.273888909154468,1.303600013256073,1.4344000029563904,1.516950005888939,1.1506668371569,1.100000023841858,2.799999952316284,False,False,False,False,False,False,False,False,False,-39.3617027347689,dry,0.0,False,False,False,False,Unishire Urban,Realty,"Residential, Commercial Projects"
543536.BO,2026-09-02,4.320000171661377,4.723333358764648,4.754166616333856,4.683199949264527,5.549266621271769,6.342749965190888,4.601372499395973,4.210000038146973,9.649999618530273,False,False,False,False,False,False,False,False,False,-55.233157073229734,dry,0.0,False,False,False,False,Silver Pearl,Leisure Services,Hotels & Resorts
537573.BO,2026-09-02,10.15999984741211,10.123333295186361,8.89999990993076,9.487999935150146,13.380333353678385,14.173350067138673,10.006687230152501,6.699999809265137,20.309999465942383,False,False,False,False,True,True,False,True,False,-46.63865882944097,dry,0.0,False,False,False,False,Polymac Thermof.,Industrial Products,Plastic Products - Industrial
538731.BO,2026-09-02,3.7699999809265137,3.8300000031789145,4.003055651982625,4.055400085449219,4.161866666475932,4.318050004243851,3.8890129938552116,3.0199999809265137,6.599999904632568,False,False,False,False,False,False,False,False,False,-34.77508920278193,red,128.2051282051282,False,True,False,False,Hanman Fit,Leisure Services,Amusement Parks/ Other Recreation
543366.BO,2026-09-02,48.099998474121094,48.62916660308838,48.09749984741211,46.6881999206543,42.43019989013672,41.03824991226196,48.68915182338471,30.549999237060547,54.599998474121094,True,True,False,True,True,True,True,False,False,28.266662597656243,noise,62.893081761006286,False,True,False,False,SBL Infratech,Realty,"Residential, Commercial Projects"
544156.BO,2026-09-02,13.899999618530273,12.816666603088379,11.172777705722385,11.696799945831298,14.130533301035562,15.43684995174408,12.902555091277987,9.029999732971191,28.350000381469727,False,False,False,False,True,True,False,True,False,-46.24903599976634,ppv,614.9732620320856,True,False,False,False,Gconnect Logitec,Transport Services,Logistics Solution Provider
PERFECT.NS,2026-09-02,8.100000381469727,8.100000381469727,8.100000381469727,8.100000381469727,8.100000381469727,8.100000381469727,8.100000381469728,8.100000381469727,8.100000381469727,False,False,False,False,False,False,True,False,False,0.0,dry,,False,False,True,True,Perfect Infraeng,Electrical Equipment,Other Electrical Equipment
544173.BO,2026-09-02,11.579999923706055,11.15749994913737,11.863055414623684,13.158199939727783,16.041266549428304,16.369949913024904,11.129033872826152,9.930000305175781,35.5,False,False,False,False,False,False,False,True,False,-60.745762970487945,green,142.85714285714286,False,False,False,False,Finelistings Tec,Retailing,E-Retail/ E-Commerce
543500.BO,2026-09-02,1.6200000047683716,1.710833340883255,1.8177777859899733,1.9700000095367431,2.714133332570394,2.8472000014781953,1.6854076033685426,1.5299999713897705,6.110000133514404,False,False,False,False,False,False,False,False,False,-47.402595944902394,ppv,233.95721925133688,False,False,False,False,Evoq Remedies,Commercial Services & Supplies,Trading & Distributors
543798.BO,2026-09-02,1.9800000190734863,1.993333339691162,2.0874999927149878,2.1165999960899353,2.268666668732961,2.4857499986886977,2.0098316736162674,1.4199999570846558,9.920000076293945,False,False,False,False,False,True,False,False,False,-71.99434270157582,green,102.45901639344261,False,True,False,False,Patron Exim,Chemicals & Petrochemicals,Trading - Chemicals
543579.BO,2026-09-02,2.4800000190734863,2.5233333110809326,2.581111033757528,2.591599912643433,2.7128666528066,2.911249989271164,2.506107922595867,2.1700000762939453,5.599999904632568,False,False,False,False,False,False,False,False,False,-29.14285659790039,dry,0.0,False,False,False,False,Naturo Indiabull,Personal Products,Personal Care
542025.BO,2026-09-02,0.3100000023841858,0.3075000047683716,0.30222222457329434,0.3042000025510788,0.3451333338022232,0.35899999991059306,0.30793812088052896,0.27000001072883606,0.49000000953674316,False,False,False,False,True,False,False,True,False,-32.60869635638757,dry,0.0,False,False,False,False,Sun Retail,Commercial Services & Supplies,Trading & Distributors
543541.BO,2026-09-02,11.0,12.78083324432373,12.860277758704292,13.367000007629395,15.417466684977214,16.31310001373291,12.831501528390787,11.0,20.0,False,False,False,False,False,False,False,False,False,-21.42857142857143,red,2500.0,False,False,False,True,Sailani Tours N,Leisure Services,"Tour, Travel Related Services"
534659.BO,2026-09-02,5.699999809265137,5.699999809265137,5.688888708750407,5.635999870300293,5.361333246231079,5.229749901294708,5.6997820416850615,4.510000228881836,5.699999809265137,True,True,True,True,True,False,True,True,False,9.615384968074835,dry,0.0,False,False,True,False,Jointeca Educati,IT - Software,Computers - Software & Consulting
541299.BO,2026-09-02,7.880000114440918,7.264166633288066,7.405277755525377,7.525999975204468,10.86433320681254,13.208986275196075,7.45510010853836,5.96999979019165,28.700000762939453,False,False,False,False,True,True,False,True,False,-70.58604014502399,noise,61.274509803921575,False,False,False,False,Dr Lalchand. Lab,Healthcare Services,Healthcare Service Provider
538319.BO,2026-09-02,3.859999895095825,3.799999952316284,3.7899999618530273,3.865599956512451,3.861599971453349,4.165499986410141,3.8261745752672933,3.190000057220459,5.670000076293945,False,False,False,False,False,False,False,True,True,-29.945558352923175,dry,0.0,False,False,False,False,GCM Capital,Finance,Other Financial Services
543804.BO,2026-09-02,14.800000190734863,14.65416685740153,15.583611223432753,15.719200096130372,17.99606667836507,18.62235004425049,14.826109688225614,12.789999961853027,22.799999237060547,False,False,False,False,False,False,False,False,False,-2.950818421410728,dry,0.0,False,False,False,False,Amanaya Ventures,Non - Ferrous Metals,Precious Metals
543545.BO,2026-09-02,0.5,0.48916666954755783,0.5013888825972875,0.5211999940872193,0.6099333353837331,0.6514000007510186,0.49375907188370594,0.4399999976158142,0.9900000095367432,False,False,False,False,False,False,False,True,False,-48.97959282973168,dry,13.88888888888889,False,False,False,False,Veerkrupa Jewel,Consumer Durables,"Gems, Jewellery And Watches"
WINNY.NS,2026-09-02,32.04999923706055,32.33333269755045,32.8208327293396,34.97799961090088,43.36666655222575,49.990249948501585,32.14300637864194,30.600000381469727,79.69999694824219,False,False,False,False,False,False,False,False,False,-59.27573001287594,dry,0.0,False,False,False,False,Winny Immigratio,Leisure Services,"Tour, Travel Related Services"
544188.BO,2026-09-02,8.180000305175781,8.18583345413208,9.249722109900581,9.29879981994629,10.267466583251952,10.891799926757812,8.273686683264916,7.840000152587891,17.100000381469727,False,False,False,False,False,False,False,False,False,-51.85402933859233,dry,0.0,False,False,False,False,Magenta Life,Consumer Durables,"Furniture, Home Furnishing"
544056.BO,2026-09-02,22.219999313354492,23.304999828338623,22.26111099455092,22.823399963378908,19.941866512298585,23.834300026893615,22.859724006464937,15.260000228881836,46.0,False,False,False,False,False,True,False,False,False,-42.255718353204685,dry,0.0,False,False,False,False,Sahara Maritime,Transport Services,Logistics Solution Provider
543617.BO,2026-09-02,15.0,15.616666475931803,16.969166331821018,18.521999740600585,26.137533124287923,28.092399969100953,15.625574106851214,14.75,34.45000076293945,False,False,False,False,False,False,False,False,False,-48.25801959838567,dry,0.0,False,False,False,True,Reetech Intl,Consumable Fuels,Trading - Coal
538667.BO,2026-09-02,6.519999980926514,6.579999963442485,7.211111028989156,7.434800004959106,7.341200071970622,7.207050061225891,6.604423125355623,5.0,8.779999732971191,False,True,False,True,False,True,False,False,False,-2.68656467854983,dry,0.0,False,False,False,False,Sirohia & Sons,Commercial Services & Supplies,Trading & Distributors
543209.BO,2026-09-02,16.760000228881836,16.36666663487752,18.989166683620876,19.85220001220703,24.444133326212565,25.947350006103516,16.388010846483382,15.800000190734863,42.79999923706055,False,False,False,False,False,False,False,True,False,-30.88659699430171,ppv,1103.896103896104,False,False,False,False,Billwin Indust.,Diversified,Diversified
RITEZONE.NS,2026-09-02,18.75,17.69166628519694,19.274999777475994,20.02299976348877,19.57266648610433,20.305249853134157,17.802625765092372,13.800000190734863,36.54999923706055,False,False,False,False,False,True,False,True,False,-34.78260869565217,green,178.57142857142858,False,False,False,False,Rite Zone,Chemicals & Petrochemicals,Specialty Chemicals
PLADAINFO.NS,2026-09-02,10.350000381469727,9.870833158493042,10.280555407206217,10.656999874114991,11.131333300272624,12.206750016212464,10.010014413267008,9.050000190734863,20.299999237060547,False,False,False,False,False,False,False,True,False,-45.52631378173828,dry,0.0,False,False,False,False,Plada Infotech S,Commercial Services & Supplies,Business Process Outsourcing (BPO)/ Knowledge Process Outsourcing (KPO)
INDIFRA.NS,2026-09-02,12.850000381469727,12.12499992052714,11.927777608235678,12.059999771118164,13.002333253224691,13.665249962806701,12.277699445511338,11.399999618530273,20.799999237060547,False,False,False,False,True,False,False,True,False,-14.046819094231378,dry,0.0,False,False,False,False,Indifra Ltd,Gas,Gas Transmission/Marketing
540681.BO,2026-09-02,9.0,8.830000082651773,8.600277927186754,9.099200115203857,10.392400039037069,13.263500049114228,8.897368429815165,7.900000095367432,46.65999984741211,False,False,False,False,False,False,False,True,False,-79.84322577282859,dry,0.0,False,False,False,False,Chothani Foods,Food Products,Packaged Foods
543377.BO,2026-09-02,6.670000076293945,6.733333309491475,9.12555550204383,10.19819993019104,11.915800097783407,12.663950092792511,6.756346858584081,5.760000228881836,15.5,False,False,False,False,False,False,False,False,False,-55.23489767074323,noise,36.19441571871768,False,False,False,False,AFLOAT Enterpris,Industrial Products,Iron & Steel Products
538794.BO,2026-09-02,6.900000095367432,7.118333339691162,7.543888807296753,7.698799924850464,12.044533389409382,13.052850110530853,7.0377066074892545,6.900000095367432,18.899999618530273,False,False,False,False,False,False,False,False,False,-63.4920622506129,dry,0.0,False,False,False,True,Jet Solar,Realty,"Residential, Commercial Projects"
544190.BO,2026-09-02,19.1299991607666,16.729166666666668,16.558333449893528,16.573800048828126,17.522133305867513,17.455899987220764,17.58799677947659,13.020000457763672,25.100000381469727,True,True,False,False,True,True,True,True,True,-18.940682832415913,dry,0.0,False,False,False,False,3C IT Solutions,IT - Services,IT Enabled Services
VERITAAS.NS,2026-09-02,31.450000762939453,32.012499968210854,34.01111067665948,35.262999839782715,45.25299989064535,48.18899983406067,31.755042440269836,28.600000381469727,74.9000015258789,False,False,False,False,False,False,False,False,False,-57.95454614998125,dry,0.0,False,False,False,False,Veritaas Adver.,Media,Advertising & Media Agencies
543460.BO,2026-09-02,29.0,32.51500018437704,38.54000075658163,42.064800605773925,59.41033354441325,76.93675032615661,31.603809841056382,28.549999237060547,134.5,False,False,False,False,False,False,False,False,False,-78.43866171003717,dry,0.0,False,False,False,True,Quality RO Indu.,Industrial Manufacturing,Industrial Products
542146.BO,2026-09-02,9.550000190734863,9.257500092188517,8.098055640856424,8.217200021743775,10.222666749954223,11.214600064754485,9.25504002934006,6.230000019073486,63.900001525878906,False,False,False,False,True,True,False,True,False,-84.56939685746359,noise,40.816326530612244,False,False,False,False,Sh. Krish. Infr.,Realty,"Residential, Commercial Projects"
542592.BO,2026-09-02,25.75,23.246666431427002,18.090833293067085,17.3917999458313,17.98506664276123,19.252249946594237,23.52259571705178,12.800000190734863,84.70999908447266,True,False,False,False,True,True,False,True,False,-69.60217178810007,dry,0.0,False,False,False,False,Humming Bird Edu,Other Consumer Services,Education
ISHAN.NS,2026-09-02,0.5,0.5041666676600774,0.48333332935969037,0.50700000166893,0.6066666646798452,0.6479999998211861,0.5065745469039687,0.44999998807907104,0.949999988079071,False,False,False,False,False,False,False,False,False,-41.17647223819081,noise,62.11180124223602,False,False,False,False,Ishan Internat.,Industrial Manufacturing,Industrial Products
543475.BO,2026-09-02,46.2400016784668,60.34833335876465,67.87305704752605,76.52560119628906,120.68120076497395,129.0213998413086,56.269558120132494,37.34000015258789,168.0,False,False,False,False,False,False,False,False,False,-6.016258208480185,red,172.41379310344826,False,False,False,True,Ekennis Software,IT - Services,IT Enabled Services
544094.BO,2026-09-02,30.0,30.34250005086263,29.756944338480633,29.607599830627443,32.065933278401694,34.18159997940064,30.16840704535882,22.530000686645508,59.95000076293945,False,False,False,False,True,True,False,False,False,-49.152542372881356,dry,0.0,False,False,False,False,Euphoria Infotec,IT - Services,IT Enabled Services
543516.BO,2026-09-02,7.0,6.841666618982951,6.008333351877001,5.787200021743774,6.052733335494995,6.827150013446808,6.860581269618742,4.260000228881836,11.600000381469727,True,False,False,False,True,True,False,True,False,-31.170108677611008,noise,49.97827031725337,False,False,False,False,Dhyaani Trade,Commercial Services & Supplies,Trading & Distributors
534708.BO,2026-09-02,9.0,9.096666733423868,9.049722221162584,8.97159999847412,8.81340002377828,8.564600014686585,9.170815063841374,6.809999942779541,11.75,True,True,False,True,True,True,True,False,False,-2.280130697906313,noise,28.24858757062147,False,False,False,False,Shanti Guru Inds,Retailing,Diversified Retail
539864.BO,2026-09-02,,,,,,,,,,False,False,False,False,False,False,False,False,False,,noise,,False,False,True,True,Ghushine Fintrra,Textiles & Apparels,Other Textile Products
DHTL.NS,2026-09-02,32.599998474121094,32.21249977747599,34.26250012715658,35.30699996948242,42.53133298238119,51.28849950790405,32.44481898797509,29.899999618530273,125.19999694824219,False,False,False,False,False,False,False,True,False,-24.27410208626285,dry,0.0,False,False,False,False,Docmode Health,Other Consumer Services,E-Learning
542850.BO,2026-09-02,10.899999618530273,8.756666580835978,8.24055548508962,8.230599908828735,8.198066644668579,9.075699985027313,9.116097561066729,5.949999809265137,18.760000228881836,True,False,False,False,True,True,False,True,False,-38.03297598649177,ppv,502.9585798816568,True,False,False,False,Goblin India,Consumer Durables,"Gems, Jewellery And Watches"
538496.BO,2026-09-02,7.340000152587891,7.985833406448364,7.871666669845581,7.983000020980835,8.268600018819173,9.0719500207901,7.900072740332035,6.010000228881836,14.5,False,False,False,False,False,False,False,False,False,-40.0816314074458,noise,78.74015748031496,False,False,False,False,Tarini Internat.,Commercial Services & Supplies,Consulting Services
542446.BO,2026-09-02,4.510000228881836,3.9675000111262,3.8011111352178784,3.680400013923645,3.6537333408991497,4.346527673006058,4.069978146971352,2.5,8.293333053588867,True,False,False,False,True,True,False,True,False,-40.47167582937517,ppv,274.72527472527474,False,False,False,False,Jonjua Overseas,Commercial Services & Supplies,Consulting Services
SAROJA.NS,2026-09-02,38.95000076293945,37.38750012715658,32.49166679382324,32.57300010681152,32.78533317565918,34.3792499923706,38.28924632350002,28.0,51.75,True,False,False,False,True,True,True,True,False,-18.938602744248,red,113.63636363636364,False,False,False,False,Saroja Pharma In,Chemicals & Petrochemicals,Specialty Chemicals
544015.BO,2026-09-02,33.849998474121094,34.17000039418539,32.62055566575792,32.31120002746582,39.01193333943685,41.083750057220456,33.6960925556975,28.079999923706055,70.75,False,False,False,False,True,False,False,True,False,-45.40322826754662,noise,47.16981132075472,False,False,False,False,Mish Designs,Textiles & Apparels,Garments & Apparels
SHANTHALA.NS,2026-09-02,16.600000381469727,16.31666660308838,18.163888878292507,19.732000045776367,24.95733336130778,26.460500011444093,16.486993780775602,14.100000381469727,42.45000076293945,False,False,False,False,False,False,False,True,False,-56.77083405769531,dry,0.0,False,False,False,False,Shanthala FMCG,Cigarettes & Tobacco Products,Cigarettes & Tobacco Products
CBAZAAR.NS,2026-09-02,4.5,4.891666690508525,5.602777785725063,5.616999988555908,4.89199999332428,4.685999990701675,4.857084755342394,3.049999952316284,6.550000190734863,False,True,True,True,False,True,False,False,False,12.5,noise,100.0,False,False,False,False,Net Avenue,Retailing,E-Retail/ E-Commerce
MAKS.NS,2026-09-02,13.75,14.09166677792867,16.47638879881965,18.151999912261964,24.08199987411499,25.77474977016449,13.982368999364777,12.649999618530273,36.0,False,False,False,False,False,False,False,False,False,-52.256943179685365,green,312.5,True,False,False,False,Maks Energy,Industrial Products,"Compressors, Pumps & Diesel Engines"
540756.BO,2026-09-02,11.470000267028809,11.677500009536743,12.548333406448364,15.225800075531005,23.791933205922444,24.903949847221373,11.639656320360778,10.699999809265137,29.799999237060547,False,False,False,False,False,False,False,False,False,-14.339059201379333,dry,0.0,False,False,False,False,Kaarya Facilit.,Commercial Services & Supplies,Diversified Commercial Services
QUADPRO.NS,2026-09-02,2.450000047683716,2.408333420753479,2.4027778704961142,2.398000078201294,2.2110000371932985,2.2857500326633455,2.4165190490300543,1.850000023841858,3.450000047683716,True,False,False,True,True,True,False,True,False,-18.333331743876137,dry,0.0,False,False,False,False,Quadpro ITeS,IT - Services,IT Enabled Services
JIWANRAM.NS,2026-09-02,4.349999904632568,4.691666682561238,4.893055584695604,5.0600000095367434,5.273333339691162,5.490750007629394,4.617980669495622,4.349999904632568,8.300000190734863,False,False,False,False,False,False,False,False,False,-44.93671073265666,red,291.2621359223301,False,False,False,True,Jiwanram Sheo,Industrial Products,Other Industrial Products
INSPIRE.NS,2026-09-02,8.050000190734863,8.349999904632568,8.781944433848063,8.655000038146973,9.834000024795532,10.27800002336502,8.27387005100801,6.800000190734863,22.450000762939453,False,False,False,False,False,False,False,False,False,-63.574660399170945,dry,0.0,False,True,False,False,Inspire Films,Entertainment,Media & Entertainment
540782.BO,2026-09-02,11.550000190734863,10.74833337465922,11.39750009112888,11.502400054931641,11.875599988301595,12.093049983978272,10.817436459440907,7.5,16.219999313354492,False,False,False,False,True,True,False,True,False,-22.48321821182605,ppv,408.16326530612247,False,False,False,False,Sanghvi Brands,Leisure Services,Hotels & Resorts
SABAR.NS,2026-09-02,8.25,7.416666666666667,6.465277764532301,6.174000005722046,5.664666649500529,5.606749973297119,7.638760908469047,3.950000047683716,9.550000190734863,True,True,True,True,True,True,True,True,False,3.7735873953762322,dry,0.0,False,False,False,False,Sabar Flex India,Industrial Products,Packaging
543745.BO,2026-09-02,5.659999847412109,6.3108333349227905,6.089444465107388,6.016000013351441,8.734133338928222,9.906350002288818,6.274332601557735,5.5,15.479999542236328,False,False,False,False,False,False,False,False,False,-33.01775177312889,red,180.99547511312218,False,False,False,False,SVS Ventures,Realty,"Residential, Commercial Projects"
540811.BO,2026-09-02,14.0,13.633333683013916,13.431389040417141,13.587800045013427,12.167933292388916,11.881949977874756,13.658208014226153,8.15999984741211,17.899999618530273,True,True,False,True,True,True,True,True,False,-21.787707830412195,ppv,3281.25,True,False,False,False,Diggi Multitrade,Commercial Services & Supplies,Trading & Distributors
543537.BO,2026-09-02,35.81999969482422,37.09583377838135,53.4408336215549,59.75740020751953,70.17713348388672,68.04585021972656,37.74002098264313,35.81999969482422,89.9000015258789,False,True,False,False,False,False,False,False,False,-49.01067659099755,noise,73.52941176470588,False,False,False,True,Scarnose Inter.,Textiles & Apparels,Other Textile Products
543905.BO,2026-09-02,12.0,11.941666762034098,12.213889174991184,12.707200202941895,13.731466693878174,13.764600019454956,11.932128507673992,10.109999656677246,18.850000381469727,False,False,False,False,False,False,False,True,False,-23.809523809523814,dry,0.0,False,True,False,False,Innokaiz India,Media,Advertising & Media Agencies
538579.BO,2026-09-02,17.0,17.141667048136394,17.68555561701457,17.94500011444092,18.230333518981933,18.205450220108034,17.125021650722612,10.0,19.18000030517578,False,True,True,False,False,True,True,False,False,40.264027727058085,dry,0.0,False,False,False,False,Zinema Media,Commercial Services & Supplies,Trading & Distributors
543651.BO,2026-09-02,24.489999771118164,24.59999942779541,24.3166659673055,24.10859931945801,21.398732935587564,21.26259973526001,24.600118446187473,12.010000228881836,26.5,True,True,False,True,True,True,True,False,False,4.212764983481554,dry,0.0,False,False,False,False,DAPS Advertising,Media,Advertising & Media Agencies
AMIABLE.NS,2026-09-02,65.0,65.0,69.19999885559082,71.29099838256836,72.9263330078125,72.70174968719482,65.36829866298848,52.5,97.5,False,True,False,False,False,False,False,False,False,-5.797101449275366,dry,0.0,False,False,False,False,Amiable Logistic,Transport Services,Logistics Solution Provider
539985.BO,2026-09-02,18.549999237060547,19.3741668065389,19.413333257039387,20.270400009155274,28.881933326721192,41.06514998435974,19.248390677217476,16.889999389648438,124.19999694824219,False,False,False,False,False,False,False,False,False,-79.3337803079518,noise,104.8951048951049,False,False,False,False,Titaanium Ten,Textiles & Apparels,Other Textile Products
543594.BO,2026-09-02,5.53000020980835,5.791666746139526,5.22972223493788,5.517800016403198,7.929200026194255,9.783600001335143,5.497392754188093,3.9000000953674316,25.0,False,False,False,False,True,True,False,True,False,-70.8947357378508,ppv,90.60562708631377,False,False,False,False,Dipna Pharmachem,Pharmaceuticals & Biotechnology,Pharmaceuticals
544168.BO,2026-09-02,29.489999771118164,26.765833536783855,27.891944620344375,28.2712003326416,30.071066767374674,31.50700008392334,27.16383732588426,24.020000457763672,48.0,False,False,False,False,True,False,False,True,False,-26.275000572204586,noise,70.4225352112676,False,False,False,False,Varyaa Creations,Consumer Durables,"Gems, Jewellery And Watches"
543656.BO,2026-09-02,11.270000457763672,11.902499993642172,12.916666666666666,13.092200031280518,13.776866709391276,14.593950109481812,11.797609920827913,10.699999809265137,24.459999084472656,False,False,False,False,False,False,False,False,False,-46.93973361954339,dry,0.0,False,False,False,False,Technopack Poly.,Consumer Durables,Plastic Products - Consumer
543521.BO,2026-09-02,4.510000228881836,4.586666742960612,5.022777835528056,5.089200105667114,7.326800130208333,7.829950141906738,4.597162614477738,3.819999933242798,11.199999809265137,False,False,False,False,False,False,False,False,False,-32.68656183176074,noise,1666.6666666666667,False,False,False,False,Fone4 Communica.,Retailing,E-Retail/ E-Commerce
544025.BO,2026-09-02,76.0,72.5,71.02777777777777,70.74,71.07453297932943,72.54489963531495,73.63419761918321,68.0,93.9000015258789,True,False,False,False,True,False,True,True,False,-6.172839506172845,dry,0.0,False,False,False,False,Arrowhead Sepera,Industrial Manufacturing,Industrial Products
541799.BO,2026-09-02,20.100000381469727,18.43916670481364,14.276388963063559,13.387400016784667,11.787533283233643,10.97139995098114,18.780884385406374,7.909999847412109,20.100000381469727,True,True,True,True,True,True,True,True,False,87.49999888797306,dry,0.0,False,False,True,False,Sungold Media,Media,Advertising & Media Agencies
543520.BO,2026-09-02,11.890000343322754,10.776666641235352,11.724166658189562,11.452199993133545,13.110000025431315,15.076200041770935,11.164258357948,9.0,26.729999542236328,False,False,False,False,True,True,False,True,False,-52.72365596951215,green,121.69966996699671,False,False,False,False,Global Longlife,Healthcare Services,Hospital
MONOPHARMA.NS,2026-09-02,8.949999809265137,8.641666491826376,9.170833230018616,9.657999925613403,11.149666655858358,12.46874995470047,8.728677046758058,7.5,25.5,False,False,False,False,False,False,False,True,False,-60.222223069932724,noise,22.321428571428573,False,False,False,False,Mono Pharmacare,Pharmaceuticals & Biotechnology,Pharmaceuticals
540269.BO,2026-09-02,11.399999618530273,11.619999885559082,10.443055484029982,9.443799924850463,8.695599950154623,9.157299957275391,11.486965307513904,6.849999904632568,12.0,True,False,True,True,True,True,True,False,False,15.035315782646164,dry,0.0,False,False,False,False,Super Fine Knit.,Consumer Durables,"Gems, Jewellery And Watches"
536710.BO,2026-09-02,31.049999237060547,28.97083346048991,26.83611101574368,25.353999900817872,24.73999969482422,25.679999771118165,29.836011896952485,17.299999237060547,31.149999618530273,True,False,False,False,True,True,True,True,False,8.947365744072089,red,468.75,False,False,False,False,SRG Fingrow Fin,Finance,Non Banking Financial Company (NBFC)
539839.BO,2026-09-02,8.90999984741211,8.90999984741211,8.913611041174995,8.9153999710083,8.918466707865397,9.460150027275086,8.910098829337944,7.139999866485596,13.5,False,False,False,False,False,False,False,False,False,-20.446428579031206,dry,0.0,False,False,False,True,Franklin Leasing,Finance,Non Banking Financial Company (NBFC)
536738.BO,2026-09-02,6.0,5.724999825159709,5.927777581744724,5.863999805450439,5.8230665556589765,5.832799897193909,5.762819422110702,4.5,6.880000114440918,True,False,False,True,True,True,True,True,False,-12.280703711243035,ppv,1428.5714285714287,True,False,False,False,Stellar Capital,Finance,Other Financial Services
SMVD.NS,2026-09-02,17.0,16.5625,15.25694465637207,14.558000183105468,11.91566670735677,10.820000052452087,16.6647437227591,5.599999904632568,17.049999237060547,True,True,True,True,True,True,True,True,False,104.81927240166553,dry,0.0,False,False,True,False,SMVD Poly Pack,Industrial Products,Plastic Products - Industrial
544101.BO,2026-09-02,71.08999633789062,71.61749839782715,75.97999890645345,81.68561782836915,76.52585098266601,77.39414611816406,71.75909028428549,63.488369549022,107.27123260498047,False,False,False,True,False,False,False,False,False,-26.76238687180422,dry,0.0,False,False,False,False,Brisk Technovisi,IT - Hardware,Computers Hardware & Equipments
540729.BO,2026-09-02,19.639999389648438,19.639999389648438,22.270833439297146,22.948200225830078,20.68740009943644,20.91370005130768,19.78591988530171,14.710000038146973,29.0,False,False,False,True,False,True,False,False,False,-15.271789771016131,dry,0.0,False,False,False,False,Vanta Bioscience,Healthcare Services,"Healthcare Research, Analytics & Technology"
541703.BO,2026-09-02,9.239999771118164,10.211666663487753,11.245555612776014,11.367000045776367,13.383600006103515,13.974450006484986,9.857829599748468,9.229999542236328,19.200000762939453,False,False,False,False,False,False,False,False,False,-28.538286519456136,dry,0.0,False,False,False,True,Raconteur Global,Retailing,Speciality Retail
543595.BO,2026-09-02,89.0,96.9875005086263,100.19000095791287,99.71080078125,98.57086654663085,98.70439975738526,95.86675626631263,75.5,139.0,False,False,False,True,False,False,False,False,False,-30.086411731023876,red,724.6376811594203,False,False,False,False,EP Biocomposites,Other Utilities,Waste Management
544178.BO,2026-09-02,31.0,30.452500025431316,31.16194444232517,31.12379997253418,38.92713350931803,44.32670017242432,29.918175707785398,24.0,74.0,False,False,False,False,False,False,False,True,False,-49.30498900007274,green,113.63636363636364,False,True,False,False,Piotex Indus.,Textiles & Apparels,Other Textile Products
CONTI.NS,2026-09-02,11.100000381469727,11.12916668256124,11.087500121858385,11.284000091552734,13.711000029246012,15.765000014305114,11.143675008992666,10.149999618530273,28.5,False,False,False,False,False,False,False,False,False,-49.082565275509516,red,943.8202247191011,False,False,False,False,Continental Seed,Commercial Services & Supplies,Trading & Distributors
542728.BO,2026-09-02,19.700000762939453,20.001667340596516,22.6244445376926,25.381400146484374,30.264800567626953,30.45660048484802,19.98566125845482,19.700000762939453,35.869998931884766,False,False,False,False,False,False,False,False,False,-8.244054993118176,dry,0.0,False,False,False,True,S K Internation.,Consumer Durables,"Gems, Jewellery And Watches"
543519.BO,2026-09-02,76.33999633789062,79.38166809082031,79.02527915106879,79.43820098876954,87.8597344970703,92.22180080413818,79.44820552133297,63.0,143.4600067138672,False,False,False,False,False,False,False,False,False,3.1621572133657017,dry,0.0,False,True,False,False,Shashwat Furnis.,Consumer Durables,"Furniture, Home Furnishing"
540938.BO,2026-09-02,9.220000267028809,9.220000267028809,9.315555466545952,9.287599906921386,9.3046000734965,10.819900045394897,9.241904310321324,6.190000057220459,27.0,False,False,False,False,False,True,False,False,False,-62.89738380083074,dry,0.0,False,False,False,False,Gujarat Hy-Spin,Textiles & Apparels,Other Textile Products
543372.BO,2026-09-02,5.78000020980835,6.522500038146973,7.111111124356587,7.276799974441528,5.909066677093506,6.416050002574921,6.338674056566539,3.869999885559082,9.210000038146973,False,False,False,True,False,True,False,False,False,-33.4101381729007,dry,0.0,False,False,False,False,Getalong Enterp.,Commercial Services & Supplies,Consulting Services
543979.BO,2026-09-02,15.029999732971191,17.3914581934611,17.10923589600457,15.507899856567382,12.390883286794027,12.835099964141845,16.345476667536268,9.375,21.077499389648438,True,False,True,True,False,True,False,False,False,3.655170572215116,noise,57.91505791505791,False,False,False,False,Kahan Packaging,Industrial Products,Packaging
543765.BO,2026-09-02,13.069999694824219,13.917499780654907,14.247499783833822,14.728799896240234,17.10840004603068,18.02260000705719,13.691054870208504,13.069999694824219,31.989999771118164,False,False,False,False,False,False,False,False,False,-41.936918871930814,dry,0.0,False,False,False,True,Earthstahl &All.,Industrial Products,Iron & Steel Products
543769.BO,2026-09-02,7.599999904632568,7.883333285649617,8.607499970330132,8.405400009155274,8.377000001271567,8.928349976539613,7.90416860346436,6.949999809265137,20.489999771118164,False,False,False,False,False,False,False,False,False,-45.71428639548165,dry,0.0,False,False,False,False,Indong Tea Co,Agricultural Food & other Products,Tea & Coffee
543285.BO,2026-09-02,16.780000686645508,16.325833559036255,16.35055552588569,16.649600009918213,19.496600011189777,21.24450001716614,16.359418156411397,14.619999885559082,141.8000030517578,False,False,False,False,True,False,False,True,False,-88.16643136423579,dry,16.926201760324982,False,False,False,False,Rajeshwari Cans,Industrial Products,Packaging
QFIL.NS,2026-09-02,60.0,60.0,61.333333015441895,60.75599975585938,51.9586669921875,54.77500024795532,60.19868726564724,39.900001525878906,77.0,True,False,False,True,False,True,True,False,False,-6.25,dry,0.0,False,False,False,False,Quality Foils,Industrial Products,Iron & Steel Products
544083.BO,2026-09-02,43.790000915527344,45.702500343322754,49.5380556318495,51.78540016174316,57.9703335571289,64.90550022125244,46.08606206462467,40.0,114.0,False,False,False,False,False,False,False,False,False,-51.34444342719184,red,171.23287671232876,False,False,False,False,Shree Marutinand,Industrial Products,Iron & Steel Products
SPRL.NS,2026-09-02,102.5,102.41249974568684,100.66527663336859,103.86499893188477,104.83099990844727,119.2789994430542,102.3642147212917,74.5,189.4499969482422,False,False,False,False,False,True,False,True,False,-22.787193973634658,dry,0.0,False,False,False,False,SP Refractories,Industrial Products,Electrodes & Refractories
CMRSL.NS,2026-09-02,66.4000015258789,68.20833396911621,64.35110282897949,64.97721656799317,66.17262362162272,67.64055910110474,67.36033016497578,50.948211669921875,93.9797784582361,False,False,False,False,True,True,False,False,False,-17.641858073839924,red,130.20833333333331,False,False,False,False,Cyber Media Res.,Media,Advertising & Media Agencies
540144.BO,2026-09-02,18.0,18.335000197092693,17.923333379957413,18.01859992980957,17.133666566212973,17.103049902915956,18.120364348107927,11.550000190734863,24.299999237060547,True,True,False,True,False,True,False,False,False,-7.692307692307687,dry,0.0,False,False,False,False,DRA Consultants,Commercial Services & Supplies,Consulting Services
NIDAN.NS,2026-09-02,12.75,13.56250007947286,13.312499973509047,13.417000007629394,14.50599999109904,15.611749973297119,13.32333152093076,11.5,24.899999618530273,False,False,False,False,False,False,False,False,False,-29.558012534336232,noise,63.897763578274756,False,False,False,False,Nidan Laborator.,Healthcare Services,Healthcare Service Provider
RADIOWALLA.NS,2026-09-02,31.75,26.87499984105428,27.301388687557644,26.74599987030029,33.71599993387858,40.16849994659424,28.13863571833679,22.200000762939453,72.0,False,False,False,False,True,True,False,True,False,-42.429738673531226,ppv,262.17228464419475,False,False,False,False,Radiowalla,Entertainment,Media & Entertainment
MARINETRAN.NS,2026-09-02,16.100000381469727,16.166666984558105,15.333333386315239,14.872000007629394,16.50400000890096,17.246499972343443,16.130701276742627,13.300000190734863,28.200000762939453,False,False,False,False,True,False,False,False,False,0.625002384185791,dry,0.0,False,False,False,False,Marinetrans Indi,Transport Services,Logistics Solution Provider
YCCL.NS,2026-09-02,9.649999618530273,9.649999618530273,9.666666507720947,9.726999912261963,10.14133331934611,10.628749980926514,9.648969904439838,8.550000190734863,13.949999809265137,False,False,False,False,False,False,False,True,False,-21.544719765132502,dry,0.0,False,False,False,False,Yasons Chemex,Chemicals & Petrochemicals,Dyes And Pigments
543606.BO,2026-09-02,19.209999084472656,19.16201384862264,23.400424268510605,23.070305519104004,21.75083523432414,23.28882643222809,19.741951663909163,12.619999885559082,48.849998474121094,False,False,False,False,False,True,False,False,False,-43.797545602819255,red,221.59799590993413,False,True,False,False,Containe Tech.,Industrial Manufacturing,Industrial Products
PRECISION.NS,2026-09-02,6.75,7.179166674613953,7.556944423251682,7.345,8.035000009536743,9.181250002384186,7.088295925085958,6.199999809265137,22.850000381469727,False,False,False,False,False,False,False,False,False,-70.39473585144631,dry,0.0,False,False,False,False,Precision Metal.,Auto Components,Auto Components & Equipments
540072.BO,2026-09-02,9.6899995803833,9.6899995803833,11.389999787012735,11.793199825286866,12.377399946848552,11.849249987602233,9.811612740934486,7.010000228881836,15.949999809265137,False,True,False,False,False,True,False,False,False,-38.670889472105664,noise,1000.0,False,False,False,False,Shiva Granito,Other Construction Materials,Other Construction Materials
SHUBHLAXMI.NS,2026-09-02,18.5,19.46250041325887,19.63194465637207,21.252000198364257,24.392666765848794,26.284000034332276,19.27346587427042,13.75,40.0,False,False,True,False,False,True,False,False,False,33.57400354119577,dry,16.233766233766232,False,False,False,False,Shubhlaxmi Jewel,Consumer Durables,"Gems, Jewellery And Watches"
543830.BO,2026-09-02,65.0,64.0,62.755833307902016,62.44719993591308,59.002733306884764,56.49079998016357,64.32472655577534,45.599998474121094,66.5,True,True,True,True,True,True,True,True,False,10.169491525423723,noise,200.0,False,False,False,False,Labelkraft Tech.,"Paper, Forest & Jute Products",Paper & Paper Products
544072.BO,2026-09-02,31.100000381469727,27.365833441416424,26.54527786042955,25.283000030517577,25.290333442687988,26.84485007286072,28.270480145141047,19.020000457763672,69.45999908447266,True,False,False,False,True,True,False,True,False,-48.29592752696893,green,108.10810810810811,False,False,False,False,Aik Pipes & Poly,Industrial Products,Plastic Products - Industrial
543678.BO,2026-09-02,10.899999618530273,10.380833307902018,10.375555568271214,10.83,18.75359992980957,23.757949934005737,10.393426305679267,8.619999885559082,66.79000091552734,False,False,False,False,True,False,False,True,False,-79.99633091801186,noise,79.59479015918957,False,False,False,False,Ambo Agritec,Agricultural Food & other Products,Edible Oil
TAPIFRUIT.NS,2026-09-02,49.0,51.0,50.07777786254883,49.71800010681152,54.91833330790202,59.84925001144409,50.21232477726707,45.099998474121094,104.80000305175781,False,False,False,False,False,False,False,False,False,-44.50736318629771,noise,384.61538461538464,False,False,False,False,Tapi Fruit,Food Products,Packaged Foods
543623.BO,2026-09-02,68.7699966430664,65.06166521708171,73.69916619194879,76.58759948730469,53.787533060709634,51.51084980010987,68.19021208350718,33.0,93.5999984741211,True,True,True,True,False,True,False,True,False,74.10125732421875,dry,0.0,False,False,False,False,Vedant Asset,Capital Markets,Financial Products Distributor
542477.BO,2026-09-02,22.0,22.0,22.0,21.191800079345704,16.979600321451823,15.546450266838074,21.99889647666362,10.140000343322754,24.260000228881836,True,True,True,True,True,True,True,True,False,116.96251730885909,dry,0.0,False,False,False,False,Gleam Up Jwel Limiteed,Commercial Services & Supplies,Trading & Distributors
TRIDHYA.NS,2026-09-02,7.550000190734863,8.237500071525574,9.35833333598243,9.794999933242797,10.262333326339721,11.482250010967254,8.201818848411948,6.300000190734863,19.950000762939453,False,False,False,False,False,False,False,False,False,-55.192878220716565,red,256.4102564102564,False,False,False,False,Tridhya Tech,Commercial Services & Supplies,Diversified Commercial Services
541006.BO,2026-09-02,10.5,10.832500139872232,10.217500156826443,10.42480010986328,11.809000078837077,12.631400012969971,10.805714075592281,8.59000015258789,22.309999465942383,False,False,False,False,True,False,False,False,False,-52.93590205580726,red,208.33333333333334,False,False,False,False,Angel Fibers,Textiles & Apparels,Other Textile Products
ASPIRE.NS,2026-09-02,13.449999809265137,13.479166507720947,14.112499952316284,14.11099998474121,14.315666681925455,15.100250000953674,13.546795830129092,10.199999809265137,27.0,False,False,False,False,False,True,False,False,False,-39.4144173557035,dry,0.0,False,False,False,False,Aspire & Innovat,Consumer Durables,Household Appliances
AILIMITED.NS,2026-09-02,20.25,17.404166380564373,28.81180535422431,30.567499809265136,34.98749993642171,35.90337498664856,18.814223509578973,16.350000381469727,47.5,False,False,False,False,False,False,False,True,False,-52.85215450456231,green,243.90243902439025,False,False,False,False,Abhishek Integr.,Construction,Civil Construction
VIVO.NS,2026-09-02,159.0,157.03333282470703,118.29722107781305,106.68799880981446,86.3423329671224,83.8992497253418,155.37000729631188,64.0,164.0,True,True,True,True,True,True,True,True,False,134.68634686346866,green,126.58227848101266,False,False,False,False,Vivo Collaborat.,Telecom - Services,Other Telecom Services
544160.BO,2026-09-02,65.62999725341797,65.67416667938232,49.57611131668091,42.74200016021729,30.654066689809163,29.63940001964569,64.93851193405008,10.729999542236328,75.6500015258789,True,True,False,True,True,True,True,True,False,39.34182458514963,ppv,250.96525096525096,False,False,False,False,Jay Kailash,Food Products,Packaged Foods
543924.BO,2026-09-02,43.9900016784668,42.098333994547524,44.536944495307075,43.84739990234375,50.64913340250651,54.477050132751465,43.00158736843354,37.810001373291016,92.0,False,False,False,False,True,False,False,True,False,-30.174600510370166,red,122.54901960784315,False,False,False,False,Sonalis Consumer,Food Products,Packaged Foods
544011.BO,2026-09-02,34.0,34.0,33.748055617014565,33.783600120544435,34.41106679280599,36.11280006408691,34.043149122383646,30.100000381469727,55.0,False,False,False,False,True,False,False,False,False,-27.6749601915512,dry,0.0,False,False,False,False,Vrundavan Planta,Commercial Services & Supplies,Diversified Commercial Services
543309.BO,2026-09-02,16.799999237060547,17.12083371480306,16.830833223130966,16.40019992828369,16.770599880218505,16.84279993534088,16.955097995511377,13.0,21.799999237060547,False,False,False,False,True,False,True,False,False,0.7194180437007036,red,652.1739130434783,False,False,False,False,Adeshwar Meditex,Healthcare Services,"Healthcare Research, Analytics & Technology"
543538.BO,2026-09-02,12.149999618530273,11.949166615804037,12.149166663487753,12.324399967193603,13.324399979909261,13.637699990272521,12.032814778213279,8.539999961853027,20.25,False,False,False,False,False,True,False,True,False,-22.56214185167331,dry,0.0,False,False,False,False,Goel Food,Leisure Services,Hotels & Resorts
543754.BO,2026-09-02,96.98999786376953,89.04750061035156,95.92555491129558,96.53199905395508,100.09733317057292,104.40049995422363,90.80741211319813,80.0,166.77999877929688,False,False,False,False,True,False,False,True,False,-28.128936600888977,green,169.4915254237288,False,False,False,False,Transvoy Logist.,Transport Services,Logistics Solution Provider
SATIPOLY.NS,2026-09-02,37.04999923706055,41.43750031789144,41.67777792612711,39.18900005340576,39.09600008646647,44.971000080108645,40.38146718183179,27.149999618530273,82.0,False,False,False,False,False,True,False,False,False,-51.75781541038293,noise,29.239766081871345,False,False,False,False,Sati Poly,Industrial Products,Packaging
541337.BO,2026-09-02,23.219999313354492,22.353333314259846,25.221110608842636,25.913199424743652,27.416133143107096,27.283349838256836,22.907738005492934,11.670000076293945,31.65999984741211,False,True,True,False,False,True,False,True,False,98.97171518038664,red,116.73151750972764,False,False,False,False,Milestone Furn.,Consumer Durables,"Furniture, Home Furnishing"
542678.BO,2026-09-02,12.15999984741211,10.556666851043701,9.885555744171143,9.48940019607544,28.530633824666342,41.12683828353882,10.98402344883409,7.5,111.66180419921875,False,False,False,False,True,True,False,True,False,-75.53736067691457,ppv,103.3104592413845,False,False,False,False,Cian Healthcare,Pharmaceuticals & Biotechnology,Pharmaceuticals
MANDEEP.NS,2026-09-02,18.200000762939453,17.96250009536743,19.161111142900253,19.15699996948242,19.739000040690104,20.73675004005432,18.11313683227664,16.149999618530273,31.899999618530273,False,False,False,False,False,False,False,True,False,-32.34200363927797,dry,0.0,False,False,False,False,Mandeep Auto,Auto Components,Auto Components & Equipments
544139.BO,2026-09-02,50.04999923706055,50.02000013987223,41.25083351135254,38.958200187683104,38.00579992930094,37.52509985923767,49.463675750482544,30.049999237060547,52.20000076293945,True,True,False,True,True,True,True,True,False,33.11170550048932,noise,27.77777777777778,False,True,False,False,Koura Fine Diamo,Consumer Durables,"Gems, Jewellery And Watches"
544195.BO,2026-09-02,13.5,13.325833320617676,14.341388808356392,14.79619987487793,16.780933272043864,17.680649962425232,13.31489709891287,12.5,31.700000762939453,False,False,False,False,False,False,False,True,False,-33.333333333333336,dry,0.0,False,False,False,False,United Cotfab,Textiles & Apparels,Other Textile Products
541983.BO,2026-09-02,21.65999984741211,21.65999984741211,22.198332892523872,22.48419952392578,21.255999806722006,19.950399837493897,21.685360298464772,12.0,27.649999618530273,True,True,True,True,False,True,True,False,False,27.41176380830652,dry,0.0,False,False,False,False,Innovative Ideal,Commercial Services & Supplies,Diversified Commercial Services
543941.BO,2026-09-02,79.0,76.73583285013835,78.41333283318414,77.35859954833984,79.4273331451416,82.10944990158082,76.76384764390589,58.900001525878906,116.8499984741211,False,False,False,False,True,True,False,True,False,-26.817969214137715,red,156.95067264573993,False,False,False,False,Ahasolar Technol,Retailing,E-Retail/ E-Commerce
TGL.NS,2026-09-02,18.75,16.362500111262005,19.16805561383565,18.799000034332277,27.877333405812582,37.61450003147125,17.089782189137917,14.100000381469727,91.80000305175781,False,False,False,False,False,True,False,True,False,-79.57516407768685,green,197.62335313872384,False,False,False,False,Teerth Gopicon,Construction,Civil Construction
540150.BO,2026-09-02,64.0,63.9925012588501,64.29944547017415,64.50760055541993,61.83033348083496,64.12040044784546,64.00124188510912,47.29999923706055,84.80000305175781,False,False,False,True,False,True,True,False,False,-14.66666666666666,noise,217.39130434782606,False,False,False,False,Mewar Hi-Tech,Construction,Civil Construction
VERTEXPLUS.NS,2026-09-02,51.45000076293945,50.20000076293945,48.036111195882164,46.98199989318848,70.70666661580404,81.38699989318847,50.29832437457533,35.95000076293945,149.8000030517578,False,False,False,False,True,True,False,True,False,-45.89905195746119,dry,0.0,False,False,False,False,Vertexplus Tech.,IT - Services,IT Enabled Services
GSTL.NS,2026-09-02,11.399999618530273,13.28333314259847,15.343055539660984,15.667000007629394,22.442999928792318,20.105499951839448,12.884120538403113,5.949999809265137,37.650001525878906,False,True,True,False,False,True,False,False,False,1.7857126131349377,red,125.0,False,False,False,False,Globesecure Tech,IT - Services,IT Enabled Services
MICROPRO.NS,2026-09-02,18.549999237060547,18.78333314259847,18.951388941870796,19.042000045776366,19.236333395640056,19.395250039100645,18.692161585266625,15.149999618530273,28.5,False,False,False,False,False,False,False,False,False,-13.72093378111373,noise,62.5,False,False,False,False,Micropro Softwar,IT - Software,Computers - Software & Consulting
544052.BO,2026-09-02,45.0,36.9375,37.60833295186361,38.9539998626709,30.713933270772298,30.369599924087524,39.277532054531655,18.0,47.880001068115234,True,True,True,True,True,True,True,True,False,49.650816284330055,ppv,338.9830508474576,False,False,False,False,Benchmark Comp.,IT - Services,IT Enabled Services
JETKNIT.NS,2026-09-02,48.45000076293945,52.40000089009603,58.77361138661703,63.231000900268555,80.14699846903483,83.31624837875366,51.19226983117315,48.45000076293945,109.0,False,False,False,False,False,False,False,False,False,-55.550458015651884,dry,0.0,False,False,False,True,Jet Knitwears,Textiles & Apparels,Garments & Apparels
543621.BO,2026-09-02,24.610000610351562,25.255000114440918,25.70305543475681,24.851199913024903,22.270066757202148,23.550350122451782,24.993570360860126,15.300000190734863,27.899999618530273,True,False,False,True,False,True,True,False,False,-1.5599975585937509,dry,0.0,False,False,False,False,Cargosol Logist.,Transport Services,Logistics Solution Provider
544175.BO,2026-09-02,102.0,102.3524996439616,101.55999988979764,101.5831999206543,93.87686645507813,91.35859977722168,102.20960401830496,66.5,110.0,True,True,True,True,True,True,True,False,False,15.711852789991209,green,129.31034482758622,False,False,False,False,TGIF Agribusines,Agricultural Food & other Products,Other Agricultural Products
AGARWALFT.NS,2026-09-02,30.0,33.87499968210856,36.67083348168267,37.84900001525879,33.96533327738444,35.685999927520754,32.53534774652402,21.850000381469727,71.25,False,False,False,True,False,True,False,False,False,-56.83453237410072,red,478.2608695652174,False,False,False,False,Agarwal Float,Industrial Products,Glass - Industrial
543352.BO,2026-09-02,191.89999389648438,180.53333028157553,172.20952351888022,169.1348583984375,148.92869893391926,146.70608757019042,185.404235793815,106.50857078422933,191.89999389648438,True,True,True,True,True,True,True,True,False,64.1014432778226,dry,0.0,False,False,True,False,Platinumone Bus.,Commercial Services & Supplies,Business Process Outsourcing (BPO)/ Knowledge Process Outsourcing (KPO)
543814.BO,2026-09-02,36.939998626708984,35.75583299001058,39.49111133151584,41.82240028381348,49.33553321838379,53.987449951171875,36.763224266119614,31.170000076293945,106.05000305175781,False,False,False,False,False,False,False,True,False,-64.81904892694382,noise,47.84688995215311,False,False,False,False,Prospect Consum.,Agricultural Food & other Products,Other Agricultural Products
YUDIZ.NS,2026-09-02,24.700000762939453,23.7541667620341,24.579166730244953,25.072000122070314,27.127333399454752,27.320250034332275,24.226983891155804,22.149999618530273,39.29999923706055,False,False,False,False,False,False,False,True,False,-15.986390872700895,green,194.44444444444443,False,False,False,False,Yudiz Solutions,IT - Software,Computers - Software & Consulting
NIRMAN.NS,2026-09-02,28.600000381469727,29.84166669845581,34.59861114290025,36.969000053405765,45.99566659291585,49.80024994850159,29.598004944917083,28.0,231.0,False,False,False,False,False,False,False,False,False,-79.53488344796442,noise,37.53876285294598,False,True,False,False,Nirman Agri,Agricultural Food & other Products,Other Agricultural Products
544013.BO,2026-09-02,42.25,41.65416653951009,40.694722705417206,40.76980026245117,39.86293347676595,39.59275001525879,41.93258739221447,29.0,51.900001525878906,True,True,False,True,True,True,True,True,False,-10.106382978723405,green,144.92753623188406,False,False,False,False,KK Shah Hospital,Healthcare Services,Hospital
541945.BO,2026-09-02,6.75,6.8658333619435625,6.902222275733948,6.746200084686279,6.402000102996826,6.742350089550018,6.811983932911537,4.260000228881836,12.300000190734863,True,False,False,True,True,True,False,False,False,-45.12195207050057,ppv,1363.6363636363637,True,False,False,False,Ranjeet Mechatr.,Construction,Civil Construction
543410.BO,2026-09-02,27.350000381469727,26.52833366394043,27.455555703904892,28.73620029449463,34.011760749816894,36.53546570777893,26.8911099538886,24.049999237060547,66.2633285522461,False,False,False,False,False,False,False,True,False,-58.725284438578576,dry,0.0,False,False,False,False,DMR Engineering,Commercial Services & Supplies,Consulting Services
KKVAPOW.NS,2026-09-02,368.0,386.1166712443034,448.42083316379126,471.68999450683594,572.7603318277995,585.4829988098145,382.4525155488302,368.0,693.0,False,False,False,False,False,False,False,False,False,-43.97503026901558,dry,0.0,False,False,False,True,KKV Agro Powers,Consumer Durables,"Gems, Jewellery And Watches"
543546.BO,2026-09-02,7.190000057220459,6.723333319028218,6.012777792082892,6.202200021743774,7.288133363723755,8.63655003786087,6.809674272727357,5.050000190734863,60.0,False,False,False,False,True,True,False,True,False,-87.33039637494193,noise,92.21772379667117,False,False,False,False,Healthy Life,Food Products,Dairy Products
SECL.NS,2026-09-02,3.0,3.0,3.0,3.0,3.3916666746139525,3.655000010728836,3.0000036964429886,3.0,6.0,False,False,False,False,False,False,False,False,False,-50.0,dry,,False,False,False,True,Salasar Exterior,Construction,Civil Construction
543065.BO,2026-09-02,29.549999237060547,29.863305886586506,25.844721794128418,25.52209053039551,23.171365903218586,23.42760838508606,29.132791255526982,14.308863750781676,32.23059844970703,True,False,False,True,True,True,True,True,False,9.054593781103982,noise,43.103448275862064,False,False,False,False,SM Auto Stamping,Industrial Manufacturing,Industrial Products
QUICKTOUCH.NS,2026-09-02,15.5,16.19166660308838,20.087499883439804,21.179999923706056,26.483666547139485,28.862249937057495,16.366565299234804,15.399999618530273,51.0,False,False,False,False,False,False,False,False,False,-66.34093320999284,noise,32.39740820734342,False,False,False,False,Quicktouch Tech,IT - Software,Computers - Software & Consulting
542503.BO,2026-09-02,,,,,,,,,,False,False,False,False,False,False,False,False,False,,noise,,False,False,False,False,Mahip Industries,Industrial Products,Packaging
541112.BO,2026-09-02,26.0,25.979166666666668,25.985833326975506,26.54979999542236,26.809133478800454,27.00955015182495,25.73372755953817,20.25,39.04999923706055,False,False,False,False,False,False,False,True,False,-10.282952344057794,red,100.67114093959732,False,False,False,False,Shreeshay Engi.,Construction,Civil Construction
TIMESCAN.NS,2026-09-02,39.5,39.78333346048991,40.59166643354628,40.82200004577637,42.58200007120768,45.10074993133545,39.75765172282274,37.29999923706055,65.6500015258789,False,False,False,False,False,False,False,False,False,-39.83244618139224,dry,0.0,False,False,False,False,Timescan Logist.,Transport Services,Logistics Solution Provider
SAIFL.NS,2026-09-02,4.849999904632568,4.983333349227905,5.033333367771572,5.094000015258789,7.479000027974447,8.729750018119812,4.925719766719438,4.550000190734863,28.200000762939453,False,False,False,False,False,False,False,False,False,-82.80141924319926,noise,69.60181288442861,False,False,False,False,Sameera Agro,Agricultural Food & other Products,Other Agricultural Products
543319.BO,2026-09-02,1.2300000190734863,1.2300000190734863,1.2300000190734863,1.214000015258789,1.2484666645526885,1.3017999956011772,1.229977632420649,0.7599999904632568,1.5,False,False,False,False,True,True,True,True,False,39.772730197541996,dry,0.0,False,False,False,False,AA Plus Trade,Commercial Services & Supplies,Trading & Distributors
UMA.NS,2026-09-02,17.549999237060547,16.52499993642171,15.737499952316284,16.340999927520752,17.83133331298828,18.427749977111816,17.13163724704484,14.399999618530273,24.5,False,False,False,False,True,False,False,True,False,-26.260505043494764,noise,34.96503496503497,False,False,False,False,Uma Converter,Industrial Products,Packaging
CELLPOINT.NS,2026-09-02,16.0,15.90833314259847,16.993055449591743,16.51499996185303,15.962333304087322,16.19074996471405,16.12495187341443,11.699999809265137,21.100000381469727,False,False,False,True,False,True,True,False,False,-11.35733697346344,red,109.1703056768559,False,False,False,False,Cell Point,Retailing,Speciality Retail
MANAV.NS,2026-09-02,37.900001525878906,32.25,28.71249993642171,30.372999877929686,36.81600002288818,34.35374997138977,33.49627753766982,14.5,47.0,True,True,False,False,True,True,True,True,False,148.52460016969772,ppv,196.078431372549,False,False,False,False,Manav Infra,Construction,Civil Construction
AGUL.NS,2026-09-02,45.900001525878906,50.20416768391927,55.18194495307075,56.05100059509277,64.40300036112467,64.51150026321412,48.83323363188586,45.900001525878906,86.0,False,False,False,False,False,False,False,False,False,-19.473681533545783,dry,0.0,False,False,False,True,A G Universal,Industrial Products,Iron & Steel Products
543744.BO,2026-09-02,105.0,108.0,123.63888888888889,129.62,146.72666666666666,154.64750022888182,107.36134815736044,105.0,216.0,False,False,False,False,False,False,False,False,False,-44.73684210526315,dry,0.0,False,False,False,True,Rex Sealing,Industrial Products,Packaging
MCON.NS,2026-09-02,42.5,45.9291664759318,44.315277841356064,44.10700004577637,46.53600001017253,50.42924997329712,44.605847895307676,37.29999923706055,94.0,False,False,False,False,False,False,False,False,False,-53.551912568306,noise,69.44444444444444,False,False,False,False,MCON Rasayan,Other Construction Materials,Other Construction Materials
BLUEPEBBLE.NS,2026-09-02,69.05000305175781,66.75833352406819,69.57361104753282,70.93099983215332,102.59599973042806,106.27599966049195,66.3450689618814,59.20000076293945,195.0,False,False,False,False,False,False,False,True,False,-59.897049922413025,ppv,457.6659038901602,True,False,False,False,Blue Pebble,Other Consumer Services,Other Consumer Services
MEDIORG.NS,2026-09-02,25.649999618530273,24.29166618982951,24.909722063276504,24.600999870300292,24.858666648864745,25.020750017166137,24.72178064399237,19.100000381469727,38.0,True,False,False,False,True,True,False,True,False,-29.62963214911667,noise,156.25,False,False,False,False,Medicamen Organ.,Pharmaceuticals & Biotechnology,Pharmaceuticals
543578.BO,2026-09-02,73.9800033569336,65.17500082651775,65.08111137813992,69.51860023498536,121.72879981994629,148.88509992599487,67.83911644548641,58.0,290.8999938964844,False,False,False,False,True,False,False,True,True,-64.68734923296726,red,241.77949709864603,False,False,False,False,Olatech Solution,IT - Software,Software Products
543540.BO,2026-09-02,114.5,113.70000012715657,110.92361089918349,110.0849998474121,118.92433293660481,122.6957494354248,113.89906086522382,82.0999984741211,183.64999389648438,False,False,False,False,True,True,False,True,False,-27.577485401846612,noise,99.50248756218906,False,False,False,False,Pearl Green Club,Agricultural Food & other Products,Other Agricultural Products
542801.BO,2026-09-02,55.34000015258789,63.84916750590006,74.51638878716363,77.21179962158203,99.31159983317058,103.30219993591308,60.25587839010937,50.2599983215332,142.0,False,False,False,False,False,False,False,False,False,-40.494623491840976,dry,0.0,False,False,False,True,Misquita Engg.,Industrial Manufacturing,Industrial Products
PROLIFE.NS,2026-09-02,76.0,81.00416628519694,78.35277769300673,78.0840007019043,68.04800031026204,69.97325019836425,79.82966440202189,56.04999923706055,142.4499969482422,True,False,False,True,False,True,False,False,False,-41.84352147326656,red,211.26760563380282,False,False,False,False,Prolife Indust.,Chemicals & Petrochemicals,Dyes And Pigments
AUROIMPEX.NS,2026-09-02,27.299999237060547,25.12499984105428,25.623611132303875,25.82,28.962666625976563,31.544250030517578,25.489333134644106,21.25,53.95000076293945,False,False,False,False,True,False,False,True,False,-41.41630873180958,green,200.0,False,False,False,False,Auro Impex,Industrial Products,Electrodes & Refractories
543375.BO,2026-09-02,12.479999542236328,11.162500063578287,11.741111093097263,12.157199954986572,14.956933212280273,17.007999897003174,11.363445825942385,10.0,34.0,False,False,False,False,True,False,False,True,False,-53.777779473198784,green,357.14285714285717,True,False,False,False,Promax Power,Construction,Civil Construction
542934.BO,2026-09-02,50.400001525878906,51.625000635782875,43.41888925764296,43.042200241088864,39.3666668065389,39.63900006294251,50.700150403660345,29.700000762939453,54.45000076293945,True,False,True,True,True,True,True,False,False,-7.438015023531674,dry,0.0,False,False,False,False,Chandra Bhagat,Pharmaceuticals & Biotechnology,Pharmaceuticals
WALPAR.NS,2026-09-02,24.700000762939453,29.537500222524006,33.049999184078644,32.520999336242674,36.76066644032796,38.47999997138977,28.233968741420615,21.25,50.599998474121094,False,False,False,False,False,False,False,False,False,-45.65456469017231,red,389.61038961038963,False,True,False,False,Walpar Nutrition,Pharmaceuticals & Biotechnology,Pharmaceuticals
543637.BO,2026-09-02,14.850000381469727,14.485833247502645,14.58722217877706,14.831599979400634,15.681066640218098,16.59859996795654,14.866783779658869,12.65999984741211,34.20000076293945,False,False,False,False,True,False,False,False,False,-32.16080038589612,red,817.9419525065963,False,False,False,False,Pace E-Commerce,Retailing,E-Retail/ E-Commerce
539273.BO,2026-09-02,252.0,252.0,252.0,246.04,265.5586653645833,278.1682495117187,251.97929598468636,215.0,420.04998779296875,False,False,False,False,True,False,False,True,False,-18.80135490767585,dry,0.0,False,False,False,False,Pecos Hotels,Leisure Services,Restaurants
FALCONTECH.NS,2026-09-02,12.350000381469727,12.729166666666666,11.97638890478346,11.839000034332276,13.189490718841553,13.824868035316467,12.64252209898492,9.934853553771973,22.350000381469727,False,False,False,False,True,False,False,False,False,-27.988334366341515,red,104.4776119402985,False,False,False,False,Falcon,Commercial Services & Supplies,Diversified Commercial Services
AGNI.NS,2026-09-02,16.0,15.40416669845581,16.48888900544908,16.927000007629395,18.14133332570394,19.36350001335144,15.635629530486039,13.600000381469727,43.349998474121094,False,False,False,False,False,False,False,True,False,-56.104253319335996,dry,0.0,False,False,False,False,Agni Green,Construction,Civil Construction
543921.BO,2026-09-02,35.0,38.32916704813639,40.06805573569404,35.384600143432614,36.12819985707601,42.959749879837034,37.36355297762321,20.540000915527344,112.0,False,False,False,False,False,True,False,False,False,-67.18852479535384,dry,18.45018450184502,False,False,False,False,Comrade Applian.,Consumer Durables,Consumer Electronics
HRHNEXT.NS,2026-09-02,24.649999618530273,26.65416669845581,26.594444274902344,26.701999893188475,27.33333329518636,28.130999975204467,25.811283727821085,21.0,39.29999923706055,False,False,False,False,False,False,False,False,True,-31.52777883741591,noise,88.10572687224669,False,False,False,False,HRH Next,Commercial Services & Supplies,Business Process Outsourcing (BPO)/ Knowledge Process Outsourcing (KPO)
KONTOR.NS,2026-09-02,55.95000076293945,57.504167238871254,58.347222010294594,58.76799987792969,65.9989998626709,65.79424995422363,56.97979019754717,51.0,87.0,False,True,False,False,False,False,False,False,False,-25.399998982747395,dry,0.0,False,True,False,False,Kontor Space,Commercial Services & Supplies,Diversified Commercial Services
544201.BO,2026-09-02,14.0,14.037499904632568,14.189999977747599,14.79420000076294,15.662333329518637,15.573200006484985,14.040394080108655,9.90999984741211,25.40999984741211,False,True,False,False,False,True,False,False,False,-27.461137028872518,green,117.02127659574468,False,False,False,False,Dindigul Farm,Food Products,Dairy Products
543938.BO,2026-09-02,95.0,99.61666615804036,100.01222334967719,99.67377136230469,135.8149973042806,122.16231479644776,99.11914458149994,66.93315124511719,198.75150474244248,False,True,True,False,False,True,False,False,False,-3.6784818815828846,red,277.77777777777777,False,False,False,False,AccelerateBS Ind,IT - Software,Computers - Software & Consulting
SUNREST.NS,2026-09-02,35.0,39.44166660308838,37.30396090613471,36.66585159301758,37.34313440958659,38.316600818634036,38.35896576318583,29.549999237060547,54.0,False,False,False,False,False,False,False,False,False,-28.86178972101925,red,105.56550119420973,False,False,False,False,Sunrest Lifescie,Pharmaceuticals & Biotechnology,Pharmaceuticals
541196.BO,2026-09-02,85.0,85.0,84.28444586859808,83.96960205078125,85.99360026041667,86.49269985198974,84.97775788363897,83.16000366210938,96.97000122070312,False,False,False,False,True,False,True,True,False,-11.430656539719442,dry,0.0,False,False,False,False,Lex Nimble Solu.,Commercial Services & Supplies,Consulting Services
543970.BO,2026-09-02,68.58999633789062,74.07166481018066,78.87305450439453,82.79019927978516,65.09126647949219,60.27204984664917,71.86960899200179,34.25,98.19999694824219,True,True,True,True,False,True,False,False,False,14.891114675613037,dry,0.0,False,False,False,False,Shoora Designs,Consumer Durables,"Gems, Jewellery And Watches"
540550.BO,2026-09-02,24.030000686645508,23.330833276112873,23.651111337873672,24.233200340270997,19.068666718800863,20.19515848636627,23.48105100429326,11.329999923706055,33.0,True,False,False,True,False,True,False,True,False,-17.137928666739633,ppv,740.7407407407408,True,False,False,False,Yug Decor,Chemicals & Petrochemicals,Specialty Chemicals
540850.BO,2026-09-02,17.989999771118164,18.565833409627277,20.850555578867596,22.014599990844726,28.042399927775065,30.28229995727539,18.343312133993255,15.25,72.6500015258789,False,False,False,False,False,False,False,False,False,-72.14739001221363,dry,15.772870662460567,False,False,False,False,Jhandewala Foods,Food Products,Packaged Foods
VSCL.NS,2026-09-02,23.100000381469727,22.46666685740153,25.458333333333332,26.720999984741212,24.835333353678386,23.489749965667723,22.92198262927041,16.049999237060547,31.799999237060547,False,True,False,True,False,True,False,True,False,-22.999998728434246,dry,0.0,False,False,False,False,Vadivarhe Speci.,Chemicals & Petrochemicals,Specialty Chemicals
HOMESFY.NS,2026-09-02,111.30000305175781,111.92500178019206,117.71388965182834,116.07400054931641,127.78766708374023,138.7092502975464,112.12245503285394,100.69999694824219,279.75,False,False,False,False,False,False,False,False,False,-60.09322141001281,noise,60.97560975609756,False,False,False,False,Homesfy Realty,Realty,Real Estate related services
VERA.NS,2026-09-02,86.25,86.25,79.02638922797308,75.66700073242187,71.43266713460287,71.04950073242188,85.56484745997962,65.55000305175781,86.25,True,True,True,True,True,True,True,True,False,26.83823529411764,dry,0.0,False,False,True,False,Vera Synthetic,Textiles & Apparels,Other Textile Products
543518.BO,2026-09-02,35.16999816894531,36.825833320617676,39.921389155917694,40.54940017700196,35.11827382405599,34.66476880073547,36.78601791393816,22.200000762939453,49.900001525878906,True,True,True,True,False,True,False,False,False,4.095028165011483,noise,81.9672131147541,False,False,False,False,Eighty Jewellers,Consumer Durables,"Gems, Jewellery And Watches"
DEEM.NS,2026-09-02,38.400001525878906,40.250000635782875,46.08611159854465,48.089000396728515,42.802000020345055,44.16350004196167,40.246430491172404,29.350000381469727,64.44999694824219,False,False,False,True,False,True,False,False,False,-33.79310081745016,dry,0.0,False,False,False,False,Deem Roll-Tech,Industrial Products,Iron & Steel Products
PENTAGON.NS,2026-09-02,62.400001525878906,52.59583346048991,53.03750038146973,53.773000411987304,60.625666529337565,63.79224996566772,53.617283634481254,49.150001525878906,99.5,False,False,False,False,True,False,False,True,False,19.884730913596194,ppv,781.25,True,False,False,False,Pentagon Rubber,Industrial Products,Rubber
542668.BO,2026-09-02,76.0,79.12833150227864,72.02916569179959,70.49699935913085,82.40613299051921,93.60359979629517,77.66635907867261,60.0,175.0,False,False,False,False,True,False,False,False,False,-52.6929770089549,dry,0.0,False,False,False,False,Evans Electric,Commercial Services & Supplies,Diversified Commercial Services
VISHWAS.NS,2026-09-02,42.099998474121094,40.62083307902018,42.254167026943634,44.407000122070315,43.79133346557617,43.53324996948242,41.232225882382046,32.75,62.849998474121094,False,True,False,True,False,False,False,True,False,-30.983609058817873,dry,0.0,False,False,False,False,Vishwas Agri,Agricultural Food & other Products,Other Agricultural Products
538921.BO,2026-09-02,34.04999923706055,34.04999923706055,33.825554847717285,32.75719955444336,45.21819993336995,50.9845498752594,34.04567775049468,30.010000228881836,85.44999694824219,False,False,False,False,True,False,False,True,False,-60.152135221625656,dry,0.0,False,False,False,False,Raghuvansh Agro.,Agricultural Food & other Products,Other Agricultural Products
BABAFP.NS,2026-09-02,21.600000381469727,22.27916669845581,23.55694447623359,23.717000045776366,24.899999923706055,26.609499912261963,22.37009144048317,17.649999618530273,42.45000076293945,False,False,False,False,False,False,False,False,False,-41.62162059062236,noise,48.54368932038835,False,False,False,False,Baba Food,Food Products,Other Food Products
DHANLAXMI.NS,2026-09-02,24.25,25.0583332379659,25.101388878292507,25.593999977111817,27.568333320617675,28.41474998474121,24.92726762744046,20.049999237060547,45.45000076293945,False,False,False,False,False,False,False,False,False,-45.50561797752809,dry,12.626262626262626,False,True,False,False,Dhanlaxmi Crop,Agricultural Food & other Products,Other Agricultural Products
543522.BO,2026-09-02,81.0999984741211,84.78749974568684,86.47527800665961,92.00720001220704,102.96160003662109,104.13845001220703,84.48568736636537,64.5,163.3000030517578,False,False,False,False,False,False,False,False,False,-38.3738642000302,dry,18.433179723502306,False,False,False,False,Nanavati Venture,Non - Ferrous Metals,Precious Metals
542145.BO,2026-09-02,23.399999618530273,29.483332633972168,34.04527759552002,35.72519989013672,41.88019994099935,44.749100017547605,27.379946126342823,19.149999618530273,77.5,False,False,False,False,False,False,False,False,False,-55.13803740992294,green,262.17228464419475,False,False,False,False,Roni Households,Commercial Services & Supplies,Trading & Distributors
KLL.NS,2026-09-02,24.75,22.425000031789143,24.875000052981907,26.88,35.24600003560384,37.88525005340576,22.739991217001766,21.0,75.4000015258789,False,False,False,False,False,False,False,True,False,-66.59918959560605,green,158.10276679841897,False,False,False,False,Kaushalya,Retailing,E-Retail/ E-Commerce
AATMAJ.NS,2026-09-02,18.25,18.537499745686848,18.59861108991835,18.771999969482422,19.73833339691162,20.28600004196167,18.39459442192895,16.700000762939453,25.5,False,False,False,False,False,False,False,False,False,-5.927833201768884,dry,0.0,False,False,False,False,Aatmaj Health,Healthcare Services,Hospital
544035.BO,2026-09-02,21.549999237060547,22.059166431427002,22.534444332122803,22.558999938964845,22.6632000096639,24.76045000076294,21.821059733400965,15.75,45.689998626708984,False,False,False,False,False,True,False,False,False,-46.125001907348626,green,178.30609212481428,False,False,False,False,Swashthik Plas.,Industrial Products,Plastic Products - Industrial
543497.BO,2026-09-02,32.040000915527344,27.017499923706055,32.347222063276504,36.04199993133545,94.56713278452555,159.0563496494293,28.61745332454515,22.309999465942383,430.0,False,False,False,False,False,True,False,True,False,-89.84629942798519,green,251.5959444235824,False,False,False,False,Bhatia Colour,Chemicals & Petrochemicals,Specialty Chemicals
543310.BO,2026-09-02,81.0,80.92916742960612,77.61749988132053,74.6263998413086,55.586666615804035,54.041549911499025,80.59720780214711,37.268280029296875,83.0,True,True,True,True,True,True,True,True,False,96.35866086341845,green,101.35135135135135,False,False,False,False,Times Green Ener,Agricultural Food & other Products,Other Agricultural Products
543963.BO,2026-09-02,32.0,31.49916696548462,28.214444637298584,28.157400093078614,31.43053335825602,33.046500015258786,31.56617126453871,23.0,46.59998914315382,False,False,False,False,True,True,False,True,False,-28.308996936260733,noise,55.55555555555556,False,False,False,False,Shelter Pharma,Pharmaceuticals & Biotechnology,Pharmaceuticals
DIGIKORE.NS,2026-09-02,39.54999923706055,37.40000025431315,41.95277796851264,44.741000213623046,60.82966659545898,63.82524997711182,38.31397591628881,30.25,190.60000610351562,False,False,False,False,False,True,False,True,False,-74.15877265700826,noise,42.1468554494567,False,False,False,False,Digikore Studios,Entertainment,Media & Entertainment
SWASTIK.NS,2026-09-02,20.0,19.862500031789143,19.168055640326607,18.159000034332276,19.356333281199138,20.484999947547912,20.167104147739572,12.5,36.95000076293945,False,False,False,False,True,True,False,False,False,-37.106916730075014,red,145.98540145985402,False,False,False,False,Swastik Pipe,Industrial Products,Iron & Steel Products
JFLLIFE.NS,2026-09-02,10.149999618530273,10.899999856948853,11.800000005298191,11.283000030517577,10.324787826538087,10.728340868949891,10.860916519199204,8.550000190734863,15.399999618530273,False,False,False,True,False,False,False,False,False,-32.333335876464844,red,115.89403973509933,False,False,False,False,JFL Life,Pharmaceuticals & Biotechnology,Pharmaceuticals
540146.BO,2026-09-02,31.510000228881836,32.35583337148031,32.5625000529819,32.65880016326904,34.00140015920003,35.684250078201295,32.00755963417274,29.5,56.0,False,False,False,False,False,False,False,False,False,-37.54212140264413,dry,0.0,False,False,False,False,Aditya Consumer,Retailing,Diversified Retail
RULKA.NS,2026-09-02,106.0999984741211,107.90416590372722,108.91805521647136,105.73599990844727,99.15966659545899,101.15724979400635,108.40458221504076,72.94999694824219,139.75,True,False,False,True,True,True,True,False,False,-16.258878429599598,dry,5.246589716684155,False,False,False,False,Rulka,Construction,Civil Construction
ITALIANE.NS,2026-09-02,32.0,32.98749955495199,32.41527769300673,33.48099990844727,35.26933316548666,33.97999985694885,33.066397408732506,24.049999237060547,49.0,False,True,False,False,False,True,False,False,False,-1.2454206589542105,noise,36.231884057971016,False,False,False,False,Italian Edibles,Food Products,Packaged Foods
BMETRICS.NS,2026-09-02,35.849998474121094,34.09583314259847,36.08472220102946,36.141999893188476,37.94533322652181,39.076499919891354,34.34847524650145,31.049999237060547,56.900001525878906,False,False,False,False,False,False,False,True,False,-22.925725979299706,green,181.15942028985506,False,False,False,False,Bombay Metrics,Commercial Services & Supplies,Trading & Distributors
SONAMAC.NS,2026-09-02,32.5,33.42499987284342,34.02777777777778,33.595,36.086000022888186,39.07074999809265,33.13396814853477,27.100000381469727,88.0,False,False,False,False,False,False,False,False,False,-57.0957095709571,dry,17.543859649122805,False,False,False,False,Sona Machinery,Industrial Manufacturing,Industrial Products
540843.BO,2026-09-02,156.0,156.0,156.0,156.0,155.34,155.255,155.99996407961038,155.0,162.75,True,True,False,True,False,False,True,True,False,-3.554868624420404,dry,0.0,False,False,False,False,Rithwik Facility,Commercial Services & Supplies,Diversified Commercial Services
BAWEJA.NS,2026-09-02,25.799999237060547,23.670833269755047,25.898611121707493,26.698000030517576,29.173666661580402,31.720749969482423,24.247707166247615,21.100000381469727,55.45000076293945,False,False,False,False,False,False,False,True,False,-51.22873630837405,dry,6.297229219143577,False,False,False,False,Baweja Studios L,Entertainment,"Film Production, Distribution & Exhibition"
SONUINFRA.NS,2026-09-02,40.349998474121094,35.95416704813639,39.311111238267685,41.5860001373291,51.643666636149085,59.28324993133545,37.058738861505816,33.29999923706055,114.80000305175781,False,False,False,False,False,False,False,True,False,-63.97321564810616,green,126.58227848101266,False,False,False,False,Sonu Infratech,Construction,Civil Construction
UWCSL.NS,2026-09-02,105.0,101.50000254313152,99.44583341810439,100.29800003051758,98.54100087483724,101.3663692855835,102.07045458771043,83.5,128.34939206324728,True,False,False,False,True,False,True,True,False,-9.836454359657854,dry,0.0,False,False,False,False,Ultra Wiring,Auto Components,Auto Components & Equipments
DKEGL.NS,2026-09-02,65.25,68.96250089009602,67.2097225189209,67.52899971008301,69.95666646321615,71.1744998550415,67.73223426045091,60.0,89.5999984741211,False,False,False,False,False,False,False,False,False,-6.785714285714284,dry,0.0,False,False,False,False,D.K. Enterprises,Industrial Products,Packaging
EFORCE.NS,2026-09-02,20.350000381469727,20.816666920979817,21.24166684680515,21.34900016784668,24.142000071207683,26.79225010871887,20.73694813595457,16.149999618530273,47.0,False,False,False,False,False,False,False,False,False,-51.19904074544854,red,166.66666666666669,False,True,False,False,Electro Force,Electrical Equipment,Other Electrical Equipment
539265.BO,2026-09-02,,,,,,,,,,False,False,False,False,False,False,False,False,False,,noise,,False,False,False,True,Amrapali Fincap,Finance,Investment Company
544000.BO,2026-09-02,39.970001220703125,36.01000054677328,31.84750011232164,30.247200088500975,23.12460001627604,21.751799945831298,36.96203674215798,15.680000305175781,39.970001220703125,True,True,True,True,True,True,True,True,False,110.36842747738488,noise,60.24096385542169,False,False,True,False,City Crops Agro,Agricultural Food & other Products,Other Agricultural Products
544157.BO,2026-09-02,195.9499969482422,197.83750025431314,212.43750042385525,213.4460006713867,210.99533335367838,213.86650016784668,197.48879533931182,144.0,249.0,False,False,False,False,False,True,True,False,False,-7.26455555220965,dry,0.0,False,False,False,False,Vruddhi Engineer,Industrial Manufacturing,Industrial Products
SEL.NS,2026-09-02,299.8999938964844,304.70416768391925,271.8583335876465,250.9970004272461,206.84299997965493,209.4612501525879,301.994318344614,115.25,324.0,True,False,False,True,True,True,True,False,False,22.40816077407526,noise,37.63752171395483,False,False,False,False,Sungarner Energ.,Electrical Equipment,Other Electrical Equipment
544163.BO,2026-09-02,36.0,39.16500027974447,40.35166687435574,43.50980026245117,67.30053342183432,77.63440004348755,38.49115101410394,36.0,141.8000030517578,False,False,False,False,False,False,False,False,False,-57.647058823529406,dry,0.0,False,False,False,True,Greenhitech Ven.,Petroleum Products,Lubricants
GRAPHISAD.NS,2026-09-02,26.0,26.520833492279053,27.68611102634006,27.801999969482424,32.676999956766764,35.141749992370606,26.509025517355983,25.149999618530273,52.79999923706055,False,False,False,False,False,False,False,False,False,-29.539298306625973,noise,24.213075060532688,False,False,False,True,Graphisads,Media,Advertising & Media Agencies
543618.BO,2026-09-02,76.0,79.18416659037273,84.18333371480306,88.40000045776367,122.54340011596679,130.3353002548218,79.59739694430365,72.3499984741211,179.8000030517578,False,False,False,False,False,False,False,False,False,-8.341823803625791,noise,47.61904761904761,False,False,False,False,Cargotrans Marit,Transport Services,Logistics Solution Provider
543461.BO,2026-09-02,20.8700008392334,21.37416664759318,20.032499896155464,19.94299991607666,20.06813326517741,22.54884991645813,21.356703344944663,15.449999809265137,39.810001373291016,False,False,False,False,True,True,False,False,False,-47.57598563351139,green,762.7118644067797,True,False,False,False,Safa Systems,Commercial Services & Supplies,Trading & Distributors
541973.BO,2026-09-02,53.099998474121094,73.76999918619792,80.88555526733398,82.63460006713868,83.45820032755533,83.38700073242188,65.07548437174347,49.5,98.55000305175781,False,True,False,False,False,False,False,False,False,-24.142859322684153,green,105.26315789473684,False,False,False,False,Mac Hotels,Leisure Services,Hotels & Resorts
PRESSTONIC.NS,2026-09-02,33.79999923706055,34.800000031789146,30.305555661519367,29.45800006866455,36.797666714986164,42.88531920433044,34.404024447591866,24.0,89.0,False,False,False,False,True,True,False,False,False,-60.49094327137367,noise,66.57789613848203,False,False,False,False,Presstonic Engi.,Industrial Manufacturing,Industrial Products
CADSYS.NS,2026-09-02,46.45000076293945,49.50416628519694,54.79861142900255,58.487999801635745,57.684666035970054,54.45199962615967,48.74503797260863,35.599998474121094,74.4000015258789,False,True,False,True,False,True,False,False,False,-26.792749874842457,dry,0.0,False,False,False,False,Cadsys (India),Commercial Services & Supplies,Business Process Outsourcing (BPO)/ Knowledge Process Outsourcing (KPO)
REFRACTORY.NS,2026-09-02,26.5,26.987500190734863,26.629166656070286,27.25799991607666,34.51766671498616,38.98350001335144,27.123889973905065,24.25,62.0,False,False,False,False,False,False,False,False,False,-56.69934694502903,red,138.50415512465375,False,False,False,False,Refractory Shap.,Industrial Products,Electrodes & Refractories
544121.BO,2026-09-02,75.0,70.98166592915852,70.91027747260199,71.95899978637695,72.11913352966309,71.87410013198853,71.38486203942827,55.599998474121094,103.02999877929688,True,True,False,False,True,True,False,True,True,-21.011055913058165,red,236.36363636363637,False,True,False,False,Rudra Gas,Construction,Civil Construction
PULZ.NS,2026-09-02,22.950000762939453,22.991666952768963,23.563888867696125,23.83899990081787,24.881666717529296,26.297750101089477,22.995354827926434,21.350000381469727,44.25,False,False,False,False,False,False,False,False,False,-44.02438838307451,dry,0.0,False,False,False,False,Pulz Electronics,Consumer Durables,Consumer Electronics
540651.BO,2026-09-02,57.77000045776367,59.0708335240682,63.52499908871121,65.58699867248535,64.62279955546062,64.62199966430664,58.71465358460648,50.0,76.9000015258789,False,True,False,True,False,False,True,False,False,-17.471427917480465,dry,0.0,False,False,False,False,Jigar Cables,Electrical Equipment,Other Electrical Equipment
NAMAN.NS,2026-09-02,40.0,41.38749980926514,43.21805561913384,44.327000045776366,50.177000198364254,54.3322502708435,40.89415968810382,37.0,99.9000015258789,False,False,False,False,False,False,False,False,False,-54.02298850574713,noise,42.016806722689076,False,True,False,False,Naman Industries Proxima,Consumer Durables,"Furniture, Home Furnishing"
MILTON.NS,2026-09-02,36.5,38.71250025431315,36.536111407809784,37.35700035095215,43.09599995930989,40.5129999256134,37.63222900795002,24.850000381469727,53.5,False,True,True,False,False,True,False,False,False,26.297579521754443,dry,0.0,False,True,False,False,Milton Industri.,Consumer Durables,Plywood Boards/ Laminates
544143.BO,2026-09-02,104.5,94.95000012715657,101.64611117045085,101.33880004882812,134.49626673380533,150.81720005035402,100.05867447604031,83.0999984741211,284.25,False,False,False,False,True,False,False,True,False,-63.236587510993836,noise,95.92326139088729,False,False,False,False,Royal Sense,Healthcare Equipment & Supplies,Medical Equipment & Supplies
NEWJAISA.NS,2026-09-02,18.049999237060547,17.34166669845581,16.401388857099747,16.888999977111816,19.01566665649414,21.023249998092652,17.54780871543673,13.350000381469727,51.5,False,False,False,False,True,True,False,True,False,-38.39590543664679,dry,18.76172607879925,False,False,False,False,Newjaisa Tech,IT - Hardware,Computers Hardware & Equipments
541445.BO,2026-09-02,45.66999816894531,44.83166631062826,45.396666526794434,46.85839981079101,51.597799962361655,52.328849906921384,45.272506132106905,40.900001525878906,78.69999694824219,False,False,False,False,False,False,False,True,False,-33.074443730027205,dry,0.0,False,False,False,False,Waa Solar,Power,Power Generation
543244.BO,2026-09-02,24.700000762939453,25.46249993642171,24.471666706932915,23.398600006103514,25.86693328857422,29.11364990234375,25.166082256362166,16.75,53.5,False,False,False,False,True,True,False,False,False,-49.69449790113951,noise,48.54368932038835,False,False,False,False,Shine Fashions,Textiles & Apparels,Other Textile Products
SYNOPTICS.NS,2026-09-02,49.45000076293945,58.23333231608073,68.2722208234999,69.75099914550782,59.79299964904785,60.26649965286255,56.93743798494282,39.650001525878906,112.3499984741211,False,False,False,True,False,False,False,False,False,-48.165618477977404,noise,41.32231404958678,False,False,False,False,Synoptics Techno,IT - Services,IT Enabled Services
544059.BO,2026-09-02,37.650001525878906,36.670833587646484,36.88805548350016,38.48240005493164,47.03480003356933,50.50089994430542,36.78990835514591,30.0,75.0,False,False,False,False,False,False,False,True,False,-48.06896341258082,noise,35.714285714285715,False,False,False,False,Shanti Spintex,Textiles & Apparels,Other Textile Products
543286.BO,2026-09-02,101.55000305175781,101.55000305175781,101.55000305175781,97.44080215454102,62.94280118306478,57.35440071105957,101.54395574503404,24.049999237060547,101.55000305175781,True,True,True,True,True,True,True,True,False,322.24534832945596,dry,0.0,False,False,True,False,Artemis ADR Marketplace,Food Products,Other Food Products
BIRDYS.NS,2026-09-02,86.19999694824219,86.04166412353516,88.38888782925076,89.68699951171875,109.2793330891927,112.89849983215332,86.35412647788382,84.0999984741211,151.89999389648438,False,False,False,False,False,False,False,False,False,-32.97045656525387,dry,0.0,False,False,False,False,Grill Splendour,Leisure Services,Restaurants
SANGANI.NS,2026-09-02,54.599998474121094,53.32083320617676,48.52500025431315,47.376000213623044,46.951000162760415,49.385000171661375,52.91981012356483,37.0,76.0,True,False,False,False,True,True,False,True,False,-22.000002179827007,ppv,193.13304721030042,False,False,False,False,Sangani Hospital,Healthcare Services,Hospital
MARCO.NS,2026-09-02,33.70000076293945,32.91249990463257,32.216666804419624,31.986000061035156,33.575333455403644,34.755000076293946,33.344680588104445,26.600000381469727,46.5,False,False,False,False,True,False,False,True,False,-13.92081877528637,red,452.2613065326633,False,False,False,False,Marco Cables,Industrial Products,Cables - Electricals
MHHL.NS,2026-09-02,31.399999618530273,33.0791662534078,34.96388875113593,34.62399990081787,37.08633331298828,37.74149995803833,32.36797462137402,29.200000762939453,55.0,False,False,False,False,False,False,False,False,False,-41.85185255827727,noise,45.04504504504504,False,True,False,False,Mohini Health,Healthcare Equipment & Supplies,Medical Equipment & Supplies
539098.BO,2026-09-02,64.97000122070312,64.97000122070312,61.25277826521132,60.007600173950195,59.641666615804034,61.76400011062622,64.56964244722423,42.0,92.38999938964844,True,False,False,False,True,True,False,True,False,2.2428661699008368,dry,0.0,False,False,False,False,Filtra Consult.,Other Utilities,Other Utilities
543902.BO,2026-09-02,38.58000183105469,40.444167137145996,40.306389278835724,41.73140045166016,49.824733606974284,54.16520017623901,40.256805361062284,37.0,79.19999694824219,False,False,False,False,False,False,False,False,False,-49.3235213149537,red,156.86274509803923,False,False,False,False,Retina Paints,Consumer Durables,Paints
539041.BO,2026-09-02,26.0,25.78500000635783,26.96555561489529,28.20740005493164,26.447666676839194,27.047400007247926,25.844306560168924,16.600000381469727,40.0,False,False,False,True,False,True,False,True,False,-33.31623780267968,red,150.0,False,True,False,False,Ganesha Ecoverse,Commercial Services & Supplies,Trading & Distributors
543453.BO,2026-09-02,65.0,62.204999923706055,63.04222212897407,62.367199935913085,62.179600092569984,64.93335000991821,63.302961754121746,50.06999969482422,84.80000305175781,True,False,False,False,True,False,True,True,False,-16.548978675895988,dry,0.0,False,False,False,False,Alkosign,Household Products,Stationary
CRAYONS.NS,2026-09-02,26.0,26.59999990463257,26.500000052981907,26.97900001525879,32.284333318074545,34.42200002670288,26.27457254275613,23.600000381469727,64.0,False,False,False,False,False,False,False,False,True,-50.943396226415096,dry,0.0,False,False,False,False,Crayons Advertis,Media,Advertising & Media Agencies
543622.BO,2026-09-02,68.0,66.5,67.54722150166829,67.94699905395508,67.45379956563313,74.64899965286254,67.57973288482954,49.0,138.0,False,False,False,False,True,True,False,True,False,-46.01032024800773,noise,48.07692307692308,False,False,False,False,Steelman Telecom,Telecom - Services,Other Telecom Services
540332.BO,2026-09-02,49.0,48.575833002726235,52.381388664245605,54.63599990844727,62.919333165486655,68.35204973220826,48.93731851148512,47.0,97.19999694824219,False,False,False,False,False,False,False,True,False,-44.25483600751274,dry,0.0,False,False,False,False,Tanvi Foods,Food Products,Packaged Foods
VILINBIO.NS,2026-09-02,49.25,43.829166412353516,42.91666656070285,43.4439998626709,41.15833333333333,36.471749992370604,45.0984815850772,18.950000762939453,54.400001525878906,True,True,True,True,True,True,True,True,False,83.08550445507723,ppv,338.9830508474576,True,False,False,False,Vilin Bio Med,Pharmaceuticals & Biotechnology,Pharmaceuticals
540613.BO,2026-09-02,25.790000915527344,26.52500041325887,29.13944461610582,30.285200080871583,34.543066584269205,35.0043311214447,26.203319369446046,23.75,46.1875,False,False,False,False,False,False,False,False,False,-32.991227212046226,dry,0.0,False,False,False,False,Gautam Exim,Commercial Services & Supplies,Trading & Distributors
TRUST.NS,2026-09-02,32.849998474121094,28.02500009536743,28.237499925825333,28.773999977111817,33.82833329518636,37.698749933242794,29.883580340513966,23.799999237060547,77.0,False,False,False,False,True,True,False,True,False,-43.65941287024045,noise,55.30253741054001,False,False,False,False,Trust Fintech,IT - Software,Software Products
AISL.NS,2026-09-02,57.900001525878906,56.85833263397217,57.77777756585015,57.667999801635744,60.789666417439776,66.60874990463257,56.992471536333056,49.0,105.0999984741211,False,False,False,False,True,False,False,True,False,-24.90272027007463,dry,14.285714285714285,False,False,False,False,ANI Integrated,Commercial Services & Supplies,Diversified Commercial Services
K2INFRA.NS,2026-09-02,50.0,50.4375,53.349999851650665,55.928999710083005,54.933333206176755,57.452749996185304,50.36056930482842,40.79999923706055,82.80000305175781,False,False,False,False,False,False,False,False,False,-17.423615805106827,noise,88.62629246676515,False,False,False,False,K2 Infragen,Construction,Civil Construction
543544.BO,2026-09-02,73.3499984741211,68.1041653951009,71.73305532667372,71.89959976196289,65.42119995117187,68.38490005493163,68.85977563886932,43.970001220703125,110.73999786376953,True,False,False,True,True,True,False,True,False,-16.657201802378317,green,197.74011299435028,False,False,False,False,Jayant Infratech,Construction,Civil Construction
RILINFRA.NS,2026-09-02,35.54999923706055,36.233333587646484,37.6486111746894,38.179999923706056,36.067666600545245,35.9714999961853,36.13074511918674,27.600000381469727,47.5,False,True,False,True,False,False,False,False,False,1.5714263916015714,noise,54.354464394772194,False,False,False,False,Rachana Infra.,Construction,Civil Construction
VEEKAYEM.NS,2026-09-02,110.3499984741211,104.0500005086263,117.5819443596734,120.72699981689453,126.65600001017252,141.61474967956542,105.34883028424184,79.80000305175781,318.0,False,False,False,False,False,True,False,True,False,-63.46026540592017,green,185.1851851851852,False,False,False,False,Veekayem Fash.,Textiles & Apparels,Garments & Apparels
OMFURN.NS,2026-09-02,56.5,59.01250044504801,58.93611145019531,57.67300018310547,56.21199996948242,63.233499908447264,58.779073685121254,38.0,140.0,False,False,False,False,False,True,False,False,True,-54.04635916844748,noise,48.85993485342019,False,False,False,False,Omfurn India,Consumer Durables,"Furniture, Home Furnishing"
RCDL.NS,2026-09-02,14.550000190734863,18.0513113339742,24.488500436147053,24.862720375061034,24.325906740824383,23.37743004798889,18.056710765535204,14.25,35.0,False,True,False,True,False,False,False,False,False,-41.78068637270725,noise,57.54729588453711,False,False,False,True,Rajgor Castor,Agricultural Food & other Products,Edible Oil
ZENITHDRUG.NS,2026-09-02,40.0,42.28333346048991,45.47777790493436,46.59200012207031,44.59066673278809,46.4525,42.03065024206916,33.29999923706055,73.44999694824219,False,False,False,True,False,False,False,False,False,-41.648434399341305,noise,41.60887656033287,False,False,False,False,Zenith Drugs,Pharmaceuticals & Biotechnology,Pharmaceuticals
BEWLTD.NS,2026-09-02,48.5,50.5708335240682,54.55000019073486,56.85300003051758,74.48666692097981,85.23625011444092,50.28815095345407,47.95000076293945,160.64999389648438,False,False,False,False,False,False,False,False,False,-69.4776577325765,noise,78.59733978234583,False,False,False,False,BEW Engg,Industrial Manufacturing,Industrial Products
543515.BO,2026-09-02,36.4900016784668,35.40083312988281,39.20805549621582,42.5873999786377,69.13160011291504,119.89044981002807,36.00050533445835,31.979999542236328,364.0,False,False,False,False,False,False,False,True,False,-82.94859734651084,noise,62.66318537859008,False,False,False,False,Sunrise Efficie.,Commercial Services & Supplies,Trading & Distributors
LRRPL.NS,2026-09-02,86.3499984741211,85.45833333333333,87.18611123826769,88.22400009155274,79.29199981689453,78.45799976348877,85.92459948583455,59.150001525878906,98.9000015258789,True,True,False,True,False,True,True,True,False,10.705126248873187,red,140.18691588785046,False,False,False,False,Lead Reclaim,Industrial Products,Rubber
ARISTO.NS,2026-09-02,103.0,106.91666666666667,108.75416734483507,105.26899993896484,100.35000045776367,104.38525039672851,106.10341410535219,74.30000305175781,140.0,False,False,False,True,False,True,False,False,False,-14.593697095193402,noise,476.1904761904762,False,False,False,False,Aristo Bio-Tech,Fertilizers & Agrochemicals,Pesticides & Agrochemicals
SLONE.NS,2026-09-02,174.1999969482422,161.0958340962728,141.7083337571886,139.34300048828126,167.590999806722,193.05100017547608,164.66881622692088,110.0,371.45001220703125,False,False,False,False,True,True,False,True,False,-41.34680237432923,ppv,134.12816691505216,False,False,False,False,Slone Infosys.,IT - Hardware,Computers Hardware & Equipments
WOMANCART.NS,2026-09-02,108.5,116.79166603088379,104.73194397820367,105.36199981689452,135.51233306884765,172.45199951171875,113.77033860988465,88.0,358.0,False,False,False,False,True,False,False,False,False,-59.70287836583101,noise,24.122219244170466,False,False,False,False,Womancart,Retailing,E-Retail/ E-Commerce
ACCORD.NS,2026-09-02,198.35000610351562,198.35000610351562,200.25000551011829,192.0020037841797,93.42066791534424,76.67350098609924,198.3868289424225,19.850000381469727,211.0,True,True,True,True,True,True,True,False,False,762.3913308848506,dry,0.0,False,False,False,False,Accord Synergy,Telecom - Services,Other Telecom Services
MAL.NS,2026-09-02,31.600000381469727,30.90416653951009,31.65972222222222,32.384000053405764,36.55566661834717,39.83224986076355,30.972872264348723,28.950000762939453,63.25,False,False,False,False,False,False,False,True,False,-48.867312667344386,red,113.98176291793314,False,False,False,False,Mangalam Alloys,Industrial Products,Iron & Steel Products
MAXPOSURE.NS,2026-09-02,29.0,30.65416653951009,32.63749991522895,33.372999877929686,35.60599999745687,38.155249986648556,30.51822208317246,29.0,62.5,False,False,False,False,False,False,False,False,False,-49.34497816593887,noise,36.496350364963504,False,False,False,True,Maxposure,Entertainment,Media & Entertainment
AMEYA.NS,2026-09-02,109.0,110.00833320617676,109.2916668785943,109.87700012207031,105.71333343505859,104.29450004577637,109.7286327614604,86.0,128.4499969482422,True,True,True,True,False,False,True,False,False,7.601181358610609,dry,0.0,False,False,False,False,Ameya Precision,Industrial Products,Other Industrial Products
SIGNORIA.NS,2026-09-02,162.0,162.375,153.4819441901313,144.88499938964844,94.33933326721191,93.27300008773804,162.42985455897966,53.099998474121094,171.5,True,True,True,True,True,True,True,False,False,70.52631578947368,dry,0.0,False,False,False,False,Signoria Creatio,Textiles & Apparels,Garments & Apparels
536737.BO,2026-09-02,57.36000061035156,59.712499936421715,63.141388257344566,57.603599319458006,35.23406689961751,31.43555040359497,59.61918160191027,20.040000915527344,82.08999633789062,True,True,True,True,False,True,False,False,False,186.227534879542,dry,0.0,False,False,False,False,Amrapali Capital,Finance,Non Banking Financial Company (NBFC)
IEML.NS,2026-09-02,41.29999923706055,41.937499364217125,41.9472221798367,42.44599983215332,59.83933334350586,68.16549995422363,42.24899682732256,37.79999923706055,199.60000610351562,False,False,False,False,False,False,False,False,False,-71.51724190547549,noise,71.44679765246237,False,False,False,False,Indian Emuls,Chemicals & Petrochemicals,Specialty Chemicals
DELAPLEX.NS,2026-09-02,101.25,92.3000005086263,93.34861140780978,95.61600006103515,103.80566650390625,110.70149978637696,96.54463365373637,80.0,194.85000610351562,False,False,False,False,True,False,False,True,False,-21.693737347035956,noise,91.01941747572816,False,False,False,False,Delaplex,IT - Software,Computers - Software & Consulting
SERVICE.NS,2026-09-02,70.30000305175781,66.52499993642171,62.87916660308838,60.011999969482424,54.54099988301595,52.29299995422363,68.10509458183657,39.20000076293945,73.0,True,True,True,True,True,True,True,True,False,25.647903651725446,green,156.25,False,False,False,False,Service Care Ltd,Commercial Services & Supplies,Diversified Commercial Services
544199.BO,2026-09-02,35.9900016784668,34.6783332824707,35.94666661156548,36.67639999389648,40.648466669718424,43.00634996414185,35.01375537890932,31.829999923706055,74.44000244140625,False,False,False,False,False,False,False,True,False,-41.8213205907799,noise,67.72009029345372,False,False,False,False,Gem Enviro,Other Utilities,Waste Management
544074.BO,2026-09-02,127.94999694824219,115.07499885559082,108.14305538601346,107.4600001525879,97.7301333363851,100.0003501701355,118.18548921085116,60.29999923706055,140.8000030517578,True,False,False,True,True,True,True,True,False,25.93503825773462,ppv,239.00573613766733,False,False,False,False,Shri Balaji,Industrial Manufacturing,Industrial Products
MAITREYA.NS,2026-09-02,123.9000015258789,115.07083320617676,120.18611145019531,124.98300003051757,162.25866643269856,178.88349933624266,117.9474905843488,110.0,292.95001220703125,False,False,False,False,False,False,False,True,False,-50.499400713048146,green,102.99625468164794,False,False,False,False,Maitreya Medica.,Healthcare Services,Hospital
544047.BO,2026-09-02,37.0,36.15749994913737,38.46722221374512,38.93480003356934,40.251133321126304,44.96574993133545,36.18855365601695,31.950000762939453,119.5,False,False,False,False,False,False,False,True,False,-65.07786591246914,ppv,165.68047337278108,False,False,False,False,Siyaram Recycli.,Industrial Products,Other Industrial Products
543435.BO,2026-09-02,33.689998626708984,33.71666622161865,33.53305530548096,33.89579963684082,36.80393338521321,37.54505002975464,33.57228763139513,27.0,44.56999969482422,False,False,False,False,False,False,True,True,False,-8.945949657543284,dry,0.0,False,False,False,False,Clara Industries,Industrial Products,Packaging
543713.BO,2026-09-02,33.709999084472656,34.697499910990395,35.86861091189914,37.0273998260498,37.12253320058187,39.14619990348816,34.54625682943039,28.969999313354492,75.98999786376953,False,False,False,False,False,False,False,False,False,-52.951851546999464,noise,61.41618497109826,False,False,False,False,Droneacharya Aer,Commercial Services & Supplies,Diversified Commercial Services
VIAZ.NS,2026-09-02,70.0999984741211,70.41250038146973,65.01250002119276,64.25900016784668,63.3626668548584,65.13700010299682,70.13947365520613,57.79999923706055,99.55000305175781,True,False,False,False,True,False,False,False,False,-0.5673780508920645,green,118.11023622047243,False,False,False,False,Viaz Tyres,Auto Components,Tyres & Rubber Products
ZEAL.NS,2026-09-02,61.5,62.80416711171468,63.81805578867594,64.75800010681152,69.68866694132487,76.07075023651123,62.67458897995294,55.900001525878906,124.75,False,False,False,False,False,False,False,False,False,-47.881355932203384,noise,65.359477124183,False,False,False,False,Zeal Global Serv,Transport Services,Logistics Solution Provider
543848.BO,2026-09-02,17.690000534057617,17.883333524068195,18.174444569481743,18.898400115966798,22.943183352152506,22.167625031471253,17.93884175416193,13.75,31.5,False,True,True,False,False,False,False,False,False,1.9596550150570602,dry,0.0,False,True,False,False,Dev Labtech,Consumer Durables,"Gems, Jewellery And Watches"
543615.BO,2026-09-02,69.80000305175781,81.15916697184245,81.18694432576497,82.4268000793457,84.63093332926432,94.25995010375976,77.52944091497307,57.0,229.0,False,False,False,False,False,False,False,False,False,-56.234608391557536,red,511.5511551155116,False,False,False,False,Silicon Rental,Commercial Services & Supplies,Diversified Commercial Services
USASEEDS.NS,2026-09-02,93.44999694824219,94.27916717529297,89.05694410536024,90.06799972534179,101.42266637166341,113.32074962615967,94.33629324336812,76.5,282.6499938964844,False,False,False,False,True,False,False,False,False,-60.80939478119332,noise,55.55555555555556,False,True,False,False,Upsurge Seeds,Agricultural Food & other Products,Other Agricultural Products
KANDARP.NS,2026-09-02,97.94999694824219,98.45000076293945,98.81527752346463,99.43199996948242,127.8796662902832,129.839249458313,97.33747237922879,85.05000305175781,169.0,False,False,False,False,False,False,False,True,False,-1.6566280634106922,noise,22.421524663677133,False,False,False,False,Kandarp Digi,Commercial Services & Supplies,Business Process Outsourcing (BPO)/ Knowledge Process Outsourcing (KPO)
SHREEOSFM.NS,2026-09-02,59.0,59.30000019073486,58.92361121707492,59.02700012207031,67.09233334859212,71.4947500038147,59.20560579355947,50.099998474121094,123.94999694824219,False,False,False,False,False,False,False,False,False,-48.917748917748916,noise,34.72222222222222,False,False,False,False,Shree OSFM,Transport Services,Road Transport
VELS.NS,2026-09-02,73.0,73.0,73.0,72.1179995727539,65.32499946594238,63.752749595642086,72.99763848923315,39.75,73.0,True,True,True,True,True,True,True,True,False,32.72727272727274,dry,0.0,False,False,True,False,Vels Film,Entertainment,"Film Production, Distribution & Exhibition"
544036.BO,2026-09-02,83.9000015258789,81.10500017801921,80.82805591159396,79.66160018920898,87.48640009562175,92.70630008697509,81.78201218988677,69.19999694824219,150.0,False,False,False,False,True,False,False,True,False,-38.71438621880503,green,203.125,False,False,False,False,Deepak Chemtex,Chemicals & Petrochemicals,Specialty Chemicals
KONSTELEC.NS,2026-09-02,62.349998474121094,59.69583320617676,61.53472222222222,57.984999923706056,46.460333366394046,46.99199999809265,61.330353056567866,28.0,75.6500015258789,True,False,False,True,True,True,True,True,False,2.296960941193138,noise,21.008403361344538,False,True,False,False,Konstelec Engg.,Construction,Civil Construction
EMKAYTOOLS.NS,2026-09-02,92.0,93.15416717529297,92.27916717529297,92.97500061035156,98.42300033569336,103.37375003814697,92.93137728546503,83.0999984741211,183.35000610351562,False,False,False,False,False,False,False,False,False,-45.81861110334792,noise,90.43927648578811,False,True,False,False,Emkay Taps & Cut,Industrial Manufacturing,Industrial Products
SYLVANPLY.NS,2026-09-02,53.04999923706055,52.27916653951009,52.81666639116075,54.322999801635746,52.690333429972334,54.86925010681152,53.30822169145583,40.0,74.80000305175781,False,False,False,False,False,True,False,False,False,-28.018993984061712,dry,0.0,False,False,False,False,Sylvan Plyboard,Consumer Durables,Plywood Boards/ Laminates
543239.BO,2026-09-02,63.970001220703125,68.3100004196167,69.15888902876112,69.15720024108887,67.3457334391276,67.8518002319336,66.54475328067367,55.0,92.4000015258789,False,False,False,True,False,False,False,False,False,-17.201657452834972,dry,0.0,False,False,False,False,G M Polyplast,Industrial Products,Plastic Products - Industrial
DRONE.NS,2026-09-02,34.70000076293945,36.33750025431315,38.30416679382324,38.99200019836426,44.06333333333333,49.99725006103515,35.87313915911918,33.0,101.8499984741211,False,False,False,False,False,False,False,False,False,-61.95175227622827,noise,39.908779931584945,False,False,False,False,Drone Destinatio,Other Consumer Services,Education
PARAGON.NS,2026-09-02,48.0,48.541666666666664,48.81805557674832,48.784000091552734,46.047666778564455,45.33700000762939,48.27733317031356,34.099998474121094,63.0,True,True,False,True,False,True,True,False,False,-12.727272727272732,noise,59.70149253731343,False,True,False,False,Paragon Fine,Chemicals & Petrochemicals,Dyes And Pigments
ARABIAN.NS,2026-09-02,86.25,84.81666628519694,78.58611106872559,76.15299987792969,71.96366658528646,71.92125,85.40230667587545,63.20000076293945,94.30000305175781,True,True,True,True,True,True,True,True,False,15.384615384615374,dry,17.301038062283737,False,False,False,False,Arabian Petrol.,Petroleum Products,Lubricants
543991.BO,2026-09-02,135.9499969482422,134.54999923706055,137.61111068725586,137.2979997253418,125.52546661376954,122.20034996032715,135.26173629442937,95.5,194.0500030517578,True,True,False,True,False,True,False,True,False,-16.054338061092633,noise,45.703839122486286,False,False,False,False,Techknowgreen,Commercial Services & Supplies,Consulting Services
DTL.NS,2026-09-02,128.0,123.75,121.62777794731988,121.90400009155273,119.16333323160808,125.78674980163574,124.5708740086803,82.05000305175781,178.0,True,False,False,False,True,True,False,True,False,-13.804713804713808,green,116.27906976744187,False,False,False,False,Diensten Tech,Commercial Services & Supplies,Diversified Commercial Services
MOXSH.NS,2026-09-02,103.5999984741211,108.13333320617676,106.29861111111111,108.37,115.85100112915039,108.14075092315674,107.68751189433904,33.5,140.0,False,True,True,False,False,True,False,False,False,165.64102172851562,red,136.986301369863,False,False,False,False,Moxsh Overseas,Other Consumer Services,Education
SCML.NS,2026-09-02,83.94999694824219,84.1416670481364,82.30833329094781,81.00399993896484,107.91233327229817,115.96075008392334,84.51531738084347,68.05000305175781,159.5,False,False,False,False,True,False,False,False,False,12.00800582582422,red,312.5,False,False,False,False,Sharp Chucks and,Industrial Products,Castings & Forgings
PRLIND.NS,2026-09-02,41.5,42.63749917348226,43.92777760823568,45.25999977111817,53.66133323669433,59.57724985122681,42.41205469678487,41.0,93.0,False,False,False,False,False,False,False,False,False,-49.72743977492039,noise,75.36231884057972,False,False,False,True,Premier Roadline,Transport Services,Logistics Solution Provider
FONEBOX.NS,2026-09-02,99.0,95.32083320617676,89.59166675143771,84.95399993896484,78.6863333638509,82.31525016784668,96.1417032051247,57.0,124.4000015258789,True,False,False,True,True,True,True,True,False,15.789473684210531,noise,20.161290322580644,False,False,False,False,Fonebox Retail,Retailing,Speciality Retail
DCG.NS,2026-09-02,74.6500015258789,57.291666984558105,54.94444465637207,54.14700019836426,58.70100001017253,60.81525001525879,60.190975698959605,47.0,77.44999694824219,True,False,False,False,True,True,True,True,False,5.886526987062268,ppv,581.5347721822542,True,False,False,False,DCG Cables,Industrial Products,Cables - Electricals
SOTAC.NS,2026-09-02,90.05000305175781,90.36666870117188,92.2111104329427,95.19199951171875,106.91533360799154,110.49050037384033,90.3233012824296,86.0,139.64999389648438,False,False,False,False,False,False,False,False,False,-34.479102874229106,dry,0.0,False,False,False,True,Sotac Pharma.,Pharmaceuticals & Biotechnology,Pharmaceuticals
543805.BO,2026-09-02,43.93000030517578,45.3041664759318,47.97305541568332,48.08099967956543,55.0314000193278,58.445300064086915,44.89328521712426,43.029998779296875,99.01000213623047,False,False,False,False,False,False,False,False,False,-45.83230439986532,noise,20.42205582028591,False,False,False,False,Resgen,Petroleum Products,Refineries & Marketing
PARTYCRUS.NS,2026-09-02,85.0,81.70000012715657,85.34722243414984,85.77200012207031,87.96066670735676,86.62924995422364,83.29207122399073,63.04999923706055,113.8499984741211,False,True,True,False,False,True,False,True,False,11.768568821951298,dry,0.0,False,True,False,False,Party Cruisers,Other Consumer Services,Other Consumer Services
543262.BO,2026-09-02,88.30000305175781,89.3033332824707,89.83833312988281,90.17259994506836,90.53746673583984,91.62405014038086,89.22683762378165,77.69999694824219,108.0,False,False,False,False,False,False,True,False,False,-12.57425440420018,noise,65.93406593406593,False,True,False,False,MRP Agro,Retailing,Distributors
KCK.NS,2026-09-02,14.800000190734863,14.758333285649618,16.16249990463257,15.479999923706055,16.436666673024494,19.312999997138977,14.88042521732558,11.600000381469727,47.95000076293945,False,False,False,False,False,False,False,False,False,-66.51583725051815,dry,19.519211012944318,False,False,False,False,KCK Industries,Agricultural Food & other Products,Other Agricultural Products
KCEIL.NS,2026-09-02,80.55000305175781,80.69583384195964,85.05416658189561,85.32899993896484,104.95133331298828,116.95375,81.15931159439288,74.0,294.0,False,False,False,False,False,False,False,False,False,-71.60733183438282,noise,50.7380073800738,False,False,False,False,Kay Cee,Construction,Civil Construction
PURVFLEXI.NS,2026-09-02,48.400001525878906,48.51249980926514,48.24722226460775,48.58899993896485,53.68633326212565,61.26049991607666,48.98979396503178,37.0,124.94999694824219,False,False,False,False,False,True,False,False,False,-35.723772158932135,red,314.20765027322403,False,False,False,False,Purv Flexi,Industrial Products,Plastic Products - Industrial
543799.BO,2026-09-02,199.14999389648438,199.1249974568685,193.84722010294595,204.4009994506836,366.30299916585284,398.8852490997314,198.63746177709925,171.4499969482422,583.5499877929688,False,False,False,False,False,False,False,True,False,-13.22440353094363,dry,0.0,False,False,False,False,S. V. J. Enterp.,"Paper, Forest & Jute Products",Paper & Paper Products
HOLMARC.NS,2026-09-02,107.0,105.29114532470703,106.29752116733127,104.97779708862305,97.23848131815592,97.6355892753601,104.69721734282228,59.771732330322266,126.2124252319336,True,False,False,True,True,True,True,True,False,-8.971592241502913,green,159.81735159817353,False,False,False,False,Holmarc Opto,Industrial Products,Other Industrial Products
ROXHITECH.NS,2026-09-02,47.400001525878906,51.195834159851074,47.595833672417534,45.03400016784668,37.422000058492024,38.81525002479553,49.99084044910046,22.950000762939453,58.900001525878906,True,False,False,True,True,True,True,False,False,0.8510670763381079,noise,87.92965627498002,False,False,False,False,ROX Hi-Tech,IT - Services,IT Enabled Services
MDL.NS,2026-09-02,61.95000076293945,56.96666685740153,62.51805559794108,66.00900009155274,58.09900001525879,62.53824993133545,59.29377202346795,43.0,104.80000305175781,False,False,False,True,False,True,False,True,False,-23.51851757661796,dry,0.0,False,False,False,False,Marvel Decor,Consumer Durables,"Furniture, Home Furnishing"
KHFM.NS,2026-09-02,44.25,46.26250076293945,47.52777830759684,49.98800048828125,56.63400014241537,59.64824998855591,46.20583934837745,42.0,86.69999694824219,False,False,False,False,False,False,False,False,False,-45.03105590062112,red,111.11111111111111,False,False,False,True,KHFM Hospitality,Commercial Services & Supplies,Diversified Commercial Services
TBI.NS,2026-09-02,71.1500015258789,66.09583282470703,63.829166094462074,63.90799949645996,66.67733311971028,71.38049983978271,67.9499712174657,55.0,105.8499984741211,False,False,False,False,True,False,False,True,False,-16.880837857270247,green,191.2479740680713,False,False,False,False,TBI Corn,Agricultural Food & other Products,Other Agricultural Products
CLSL.NS,2026-09-02,83.1500015258789,85.15416781107585,72.51944478352864,65.0270002746582,51.8760001373291,51.48550016403198,85.35901425088026,39.04999923706055,92.25,True,True,True,True,True,True,True,False,False,43.36207159634293,dry,6.361323155216285,False,False,False,False,Crop Life Scienc,Fertilizers & Agrochemicals,Pesticides & Agrochemicals
539401.BO,2026-09-02,325.0,318.25,279.5722249348958,269.492001953125,270.19000040690105,268.14250030517576,319.4721714954478,209.0,325.0,True,True,True,False,True,True,True,True,False,22.180451127819545,dry,0.0,False,False,True,False,Patdiam Jeweller,Consumer Durables,"Gems, Jewellery And Watches"
GREENCHEF.NS,2026-09-02,63.400001525878906,56.74166711171468,51.74166668785943,51.305,50.641000010172526,52.09700004577637,58.06329986134769,40.400001525878906,74.05000305175781,True,False,False,False,True,True,True,True,False,-0.937497615814209,ppv,240.6015037593985,False,False,False,False,Greenchef Appli.,Consumer Durables,Household Appliances
MEGAFLEX.NS,2026-09-02,95.0,95.79166666666667,98.33333333333333,102.01399978637696,124.95033315022786,120.54599987030029,95.55217234982865,43.5,155.0500030517578,False,True,True,False,False,True,False,False,False,75.92592592592592,dry,0.0,False,False,False,False,Mega Flex Plast.,Industrial Products,Packaging
DOLLEX.NS,2026-09-02,36.150001525878906,34.083333015441895,31.780555619133843,31.21200012207031,31.67199998219808,33.54125004768372,34.66700942468396,26.0,43.54999923706055,True,False,False,False,True,True,True,True,False,-12.786487670705405,noise,64.58557588805166,False,False,False,False,Dollex Agrotech,Agricultural Food & other Products,Sugar
ALUWIND.NS,2026-09-02,47.099998474121094,48.62916692097982,48.69444465637207,47.95500007629394,53.22266670227051,58.07425001144409,48.297253391303876,40.0,95.80000305175781,False,False,False,False,False,False,False,False,False,-41.851853735652966,dry,5.411255411255411,False,True,False,False,Aluwind Infra,Industrial Products,"Aluminium, Copper & Zinc Products"
KDL.NS,2026-09-02,89.0,94.25833384195964,102.27500025431316,106.5679998779297,126.47733327229818,137.21599983215333,94.40331451796371,84.05000305175781,288.0,False,False,False,False,False,False,False,False,False,-68.20292892435185,noise,65.41867954911433,False,False,False,False,Kore Digital,Telecom - Services,Telecom - Infrastructure
NEPHROCARE.NS,2026-09-02,97.0,93.57083320617676,78.25555578867595,75.41500007629395,77.12766682942708,88.33975009918213,95.83286191318032,50.04999923706055,173.9499969482422,True,False,False,False,True,True,False,True,False,-37.439536865007305,red,217.1116114506272,False,False,False,False,Nephro Care,Healthcare Services,Hospital
URBAN.NS,2026-09-02,121.3499984741211,137.9083334604899,137.4180556403266,134.79400009155273,136.96400029500325,140.21725048065184,133.2015973738153,114.0,193.1999969482422,False,False,False,False,False,False,False,False,False,-20.841489851014305,noise,37.91982665222102,False,True,False,False,Urban Enviro,Other Utilities,Waste Management
SHIGAN.NS,2026-09-02,71.0999984741211,69.57527669270833,65.1149263381958,64.3503010559082,65.61100860595702,62.09766515731812,70.18336941254293,40.91087714844722,87.38245391845703,True,True,False,False,True,True,True,True,False,-2.9718607308788614,noise,31.84713375796178,False,True,False,False,Shigan Quantum,Auto Components,Auto Components & Equipments
SRIVASAVI.NS,2026-09-02,73.80000305175781,78.16666666666667,83.02083333333333,81.17000015258789,61.960999984741214,58.80049995422363,76.58933596454773,39.0,98.0,True,True,True,True,False,True,True,False,False,22.08437075323073,green,186.84603886397608,False,True,False,False,Srivasavi Adhes.,Industrial Products,Other Industrial Products
GIRIRAJ.NS,2026-09-02,74.9000015258789,83.57916768391927,80.37777847713895,93.896000289917,138.49133277893065,147.21924936294556,81.4682425672061,52.29999923706055,378.0,False,False,False,False,False,True,False,False,False,-77.30302984064275,red,129.1793313069909,False,False,False,False,Giriraj Civil,Construction,Civil Construction
VR.NS,2026-09-02,104.0,125.92916679382324,124.24583435058594,119.24200088500976,135.2346661376953,143.86524978637695,119.440442066249,98.0,222.0,False,False,False,False,False,False,False,False,False,-50.92024398509175,noise,60.97560975609756,False,False,False,False,V R Infraspace,Realty,"Residential, Commercial Projects"
WINSOL.NS,2026-09-02,115.0,114.00416692097981,114.36388927035861,116.61000030517579,124.43966674804688,132.81799995422364,114.37143015869654,93.5,222.0,False,False,False,False,False,False,False,True,False,-44.39071648794035,dry,7.122507122507122,False,True,False,False,Winsol Engineers,Construction,Civil Construction
SIDDHIKA.NS,2026-09-02,215.39999389648438,215.9125010172526,214.3569458855523,214.68921875,210.67067586263022,210.5609622192383,216.44866881230178,177.36545304900235,245.4545420985068,True,True,False,True,True,False,True,False,False,15.46783212681946,green,108.35913312693499,False,False,False,False,Siddhika Coatins,Consumer Durables,Paints
544177.BO,2026-09-02,96.0,96.77249908447266,98.20333184136285,99.09739883422851,97.3353330485026,99.62144969940185,96.89606893042333,82.37000274658203,128.0,False,False,False,False,False,False,True,False,False,15.648714045870292,dry,11.574074074074074,False,False,False,False,Aztec Fluids,IT - Hardware,Computers Hardware & Equipments
543753.BO,2026-09-02,55.0,55.0,60.00277794731988,61.420999908447264,62.5490000406901,61.81999992370606,55.27009727963922,52.5,66.05000305175781,False,True,False,False,False,False,True,False,False,-1.2567338480275358,dry,0.0,False,False,False,True,Dharni Capital,Capital Markets,Financial Products Distributor
ENSER.NS,2026-09-02,15.300000190734863,15.141666571299234,14.38055549727546,14.444999961853027,14.158666655222575,14.799249987602234,15.034817004129835,7.800000190734863,23.25,True,False,False,False,True,True,False,True,False,-31.08108259042679,green,127.20156555772995,False,True,False,False,Enser,IT - Services,IT Enabled Services
544073.BO,2026-09-02,87.20999908447266,93.42249997456868,89.07722197638617,92.31239974975585,84.85853302001954,87.67884983062744,93.65584228364449,60.0,126.19999694824219,False,False,False,True,False,True,False,False,False,-23.432837650438564,dry,13.568521031207597,False,False,False,False,Manoj Ceramic,Consumer Durables,Ceramics
CANARYS.NS,2026-09-02,25.299999237060547,24.12916660308838,21.862499925825333,21.205999908447264,21.502333342234294,23.669500002861025,24.55110828807988,14.600000381469727,35.20000076293945,True,False,False,False,True,True,False,True,False,-18.780097762793304,dry,12.417218543046356,False,True,False,False,Canarys Automa.,IT - Software,Computers - Software & Consulting
EMMIL.NS,2026-09-02,123.80000305175781,123.90833409627278,123.5819443596734,126.9420004272461,136.25399978637697,148.59299976348876,123.83758731517726,110.0,207.0,False,False,False,False,False,False,False,False,False,-31.9031897834939,noise,50.11389521640092,False,False,False,False,Energy-Mission,Industrial Manufacturing,Industrial Products
SHRITECH.NS,2026-09-02,59.54999923706055,59.51250012715658,60.33333375718858,61.291000518798825,62.45766680399577,61.90775005340576,60.064330138947454,51.349998474121094,77.5,False,True,False,False,False,False,True,False,False,-21.644737845972962,red,855.2631578947368,False,False,False,False,Shri Techtex,Industrial Products,Plastic Products - Industrial
543874.BO,2026-09-02,106.19999694824219,109.17333285013835,102.9158329433865,97.00119979858398,86.91966634114583,87.40524978637696,107.69411077431184,63.52000045776367,114.9000015258789,True,False,True,True,True,True,True,False,False,37.120724509792915,noise,46.3623395149786,False,False,False,False,Maiden Forgings,Industrial Products,Iron & Steel Products
ENFUSE.NS,2026-09-02,160.0,160.79166666666666,163.9874996609158,164.25699951171876,179.30366638183594,190.68799987792968,160.7210122036893,148.0,260.0,False,False,False,False,False,False,False,False,False,-32.102692915712815,noise,54.347826086956516,False,False,False,False,Enfuse Solutions,IT - Services,IT Enabled Services
ROCKINGDCE.NS,2026-09-02,237.85000610351562,216.4375,191.22777642144098,188.96499908447265,191.25266591389973,197.06024925231932,224.9658299021267,123.9000015258789,283.8500061035156,True,False,False,False,True,True,True,True,False,16.707557675114625,noise,92.45562130177515,False,True,False,False,Rockingdeals Cir,Commercial Services & Supplies,Trading & Distributors
QUESTLAB.NS,2026-09-02,84.0,86.90416653951009,90.37499936421712,91.15199951171876,106.27666646321615,103.48424983978272,86.75127978039339,84.0,152.60000610351562,False,True,False,False,False,False,False,False,False,-14.89361438982698,dry,19.87281399046105,False,False,False,True,Quest Laborato.,Pharmaceuticals & Biotechnology,Pharmaceuticals
543312.BO,2026-09-02,205.0,201.41666666666666,199.47222222222223,192.88,164.00666666666666,158.71,202.4420529953701,106.0,210.0,True,True,True,True,True,True,True,True,False,86.53320942104558,dry,0.0,False,False,True,False,Focus Business,IT - Software,Computers - Software & Consulting
543937.BO,2026-09-02,139.10000610351562,139.10000610351562,145.35694715711804,145.287001953125,159.43033396402996,150.38200050354004,139.5467488898133,91.0999984741211,187.0,False,True,True,False,False,True,False,False,False,-9.35157453901203,dry,0.0,False,False,False,False,Alphalogic Indu,Industrial Products,Other Industrial Products
IBLFL.NS,2026-09-02,61.0,60.9458335240682,61.1013888253106,60.15299987792969,55.397999903361004,57.1454998588562,61.03597746807048,43.95000076293945,72.80000305175781,True,False,False,True,True,True,True,False,False,-12.670005250465334,dry,0.0,False,False,False,False,IBL Finance,Finance,Non Banking Financial Company (NBFC)
SPECTSTM.NS,2026-09-02,58.45000076293945,61.270833333333336,62.68888918558756,61.10000022888184,65.61833335876464,70.069499874115,60.55903209634507,50.75,119.0,False,False,False,False,False,False,False,False,False,-48.274335608018184,green,216.4009111617312,False,False,False,False,Spectrum Talent,Commercial Services & Supplies,Diversified Commercial Services
TUNWAL.NS,2026-09-02,25.100000381469727,25.833333174387615,26.176388846503365,26.338999977111815,29.11566655476888,30.73149989128113,25.669506455790653,25.0,49.79999923706055,False,False,False,False,False,False,False,False,False,-11.946676990696869,noise,58.37711617046117,False,False,False,True,Tunwal E-Motors,Automobiles,2/3 Wheelers
SURANI.NS,2026-09-02,103.0999984741211,98.39166577657063,98.3555547926161,100.34299957275391,99.98033309936524,91.52374982833862,98.96481148843621,47.29999923706055,143.60000610351562,True,True,False,True,True,True,False,True,True,25.57856320377332,noise,52.28398458998349,False,True,False,False,Surani Steel Tub,Industrial Products,Iron & Steel Products
INFOLLION.NS,2026-09-02,156.25,158.40000025431314,160.6458329094781,163.9220001220703,230.98699930826822,269.28024948120117,158.02933180711636,151.0,551.0,False,False,False,False,False,False,False,False,False,-66.89618644067797,dry,18.879798615481434,False,True,False,False,Infollion Resea.,Commercial Services & Supplies,Diversified Commercial Services
AVPINFRA.NS,2026-09-02,57.95000076293945,59.500000635782875,62.48194482591417,62.892000427246096,81.59966690063476,91.86050025939942,59.439290805167815,54.5,189.4499969482422,False,False,False,False,False,False,False,False,False,-67.40719923043525,noise,51.03668261562998,False,False,False,False,AVP Infracon,Construction,Civil Construction
SPCL.NS,2026-09-02,60.70000076293945,61.34583346048991,65.10416666666667,66.41399978637695,74.65899981180827,78.01399980545044,61.68433881110104,58.95000076293945,123.4000015258789,False,False,False,False,False,False,False,False,False,-43.27102732435565,noise,47.30713245997089,False,False,False,False,Shivalic Power,Electrical Equipment,Other Electrical Equipment
541083.BO,2026-09-02,231.5500030517578,229.1625010172526,226.3458332485623,228.57500061035157,259.03133392333984,270.987250289917,231.36891784710662,194.5,358.95001220703125,False,False,False,False,True,False,False,True,False,17.987262701532636,noise,67.91171477079796,False,False,False,False,Inflame Applian.,Consumer Durables,Houseware
DENEERS.NS,2026-09-02,170.0,171.94166692097983,180.05694410536023,180.91199951171876,178.14799957275392,172.83049964904785,171.73326396328306,132.0,300.95001220703125,False,True,False,True,False,False,False,False,False,-41.97952218430034,dry,13.956734124214934,False,True,False,False,De Neers Tools,Industrial Products,Iron & Steel Products
LLOYDS.NS,2026-09-02,57.0,60.97083346048991,66.5375001695421,68.05400054931641,70.1476671854655,70.2275004196167,60.200820772881244,34.79999923706055,98.9000015258789,False,False,False,False,False,True,False,False,False,-33.216167523092665,dry,0.0,False,False,False,False,Lloyds Luxuries,Leisure Services,Wellness
544671.BO,2026-09-02,,,,,,,,,,False,False,False,False,False,False,False,False,False,,noise,,False,False,False,False,Apollo Techno,Industrial Manufacturing,Industrial Products
DURLAX.NS,2026-09-02,63.0,64.16250006357829,57.48194429609511,55.15599983215332,50.97432929992676,48.03324693679809,64.12400802273822,30.549999237060547,72.0,True,True,True,True,True,True,True,False,False,57.49999999999999,noise,33.06392358559883,False,False,False,False,Durlax Top,Consumer Durables,"Furniture, Home Furnishing"
DRSDILIP.NS,2026-09-02,107.0,107.5,109.1416670481364,109.3820002746582,108.39533342997233,97.59999998092651,107.47248325390918,52.25,119.5,False,True,True,True,False,True,True,False,False,9.183673469387754,dry,0.0,False,False,False,False,DRS Dilip Road,Transport Services,Logistics Solution Provider
BEACON.NS,2026-09-02,86.6500015258789,83.74583371480306,88.30972205268012,89.72900009155273,88.42900014241536,87.65850002288818,84.35794855724673,50.0,124.80000305175781,False,True,True,True,False,True,False,True,False,44.65776180062877,noise,42.444821731748725,False,False,False,False,Beacon Trust.,Capital Markets,"Depositories, Clearing Houses and Other Intermediaries"
PRAMARA.NS,2026-09-02,105.44999694824219,115.57083257039388,120.67916658189561,124.26399963378907,239.44133310953777,266.30049980163574,112.56869182858013,101.0999984741211,374.79998779296875,False,False,False,False,False,False,False,False,False,-59.19117668768765,noise,81.2161599333611,False,False,False,True,Pramara Promotio,Media,Advertising & Media Agencies
OWAIS.NS,2026-09-02,82.4000015258789,71.82916641235352,86.9305551317003,93.8879997253418,134.73199940999348,172.76599937438965,76.7620990118539,58.099998474121094,580.0,False,False,False,False,False,True,False,True,False,-81.55774311165376,green,238.2596685082873,False,False,False,False,Owais Metal,Ferrous Metals,Ferro & Silica Manganese
GOLDKART.NS,2026-09-02,100.0,89.1875,105.72361077202692,114.452998046875,177.39733184814452,198.05199760437011,93.27136908453404,81.69999694824219,285.0,False,False,False,False,False,False,False,True,False,-55.55555555555556,green,204.08163265306123,False,False,False,False,Goldkart Jewels,Consumer Durables,"Gems, Jewellery And Watches"
REXPIPES.NS,2026-09-02,160.64999389648438,163.46666463216147,168.31527794731988,169.9770001220703,181.26533294677733,172.295249710083,162.41249182082504,130.1999969482422,208.0,False,True,False,False,False,False,True,False,False,0.09345414111177064,dry,0.0,False,False,False,False,Rex Pipes&Cables,Industrial Products,Plastic Products - Industrial
543346.BO,2026-09-02,84.86000061035156,75.81000010172527,74.9927772945828,76.79679977416993,74.91100023905436,76.86330011367798,77.69246555293884,59.0,99.5,True,False,False,False,True,True,True,True,True,6.075000762939453,dry,0.0,False,True,False,False,Aashka Hospitals,Healthcare Services,Hospital
PRITIKA.NS,2026-09-02,63.349998474121094,60.562499364217125,60.90555551317003,61.30200004577637,61.65733362833659,65.24274997711181,61.401857923527764,44.04999923706055,93.55000305175781,False,False,False,False,True,True,False,True,False,-28.174602419435057,green,186.9158878504673,False,False,False,False,Pritika Engineer,Auto Components,Auto Components & Equipments
544165.BO,2026-09-02,107.0,94.34999974568684,98.43888897365994,101.20300003051757,104.2089333597819,94.0225,98.63044229032474,57.400001525878906,130.39999389648438,True,True,True,False,True,True,True,True,False,78.33333333333334,green,185.87360594795538,False,False,False,False,Shivam Chemicals,Food Products,Animal Feed
ONDOOR.NS,2026-09-02,286.04998779296875,280.0041643778483,255.49305470784506,240.22199920654296,184.47199951171876,168.91224979400636,286.7662324577441,100.0,317.0,True,True,True,True,True,True,True,False,False,77.83647929045163,noise,54.17686123732961,False,False,False,False,On Door Concepts,Retailing,Diversified Retail
GSMFOILS.NS,2026-09-02,123.1500015258789,105.27083333333333,167.7208334604899,189.13100021362305,198.43866633097332,200.28999980926514,115.68688883240053,79.69999694824219,293.8500061035156,False,False,False,False,False,True,False,True,False,-44.02272657914595,red,307.7958634194101,False,False,False,False,GSM Foils,Industrial Products,Packaging
ESCONET.NS,2026-09-02,239.10000610351562,194.13750076293945,161.60833422342935,151.83600082397462,132.2939998881022,136.2357500076294,201.9825554153124,91.25,280.0,True,False,False,True,True,True,True,True,False,32.75957690200673,green,216.53543307086616,False,False,False,False,Esconet,IT - Hardware,Computers Hardware & Equipments
SADHAV.NS,2026-09-02,111.25,114.34583282470703,115.95416683620877,115.80899993896485,111.92499989827473,109.47974979400635,113.50993816171365,86.30000305175781,129.39999389648438,False,True,False,True,False,False,True,False,False,-10.462776659959761,noise,45.19309778142975,False,True,False,False,Sadhav Shipping,Transport Services,Shipping
DUGLOBAL.NS,2026-09-02,23.850000381469727,24.729166507720947,25.974999957614475,27.85400001525879,33.89200008392334,32.98500009536743,25.0344302613658,23.0,49.0,False,True,False,False,False,False,False,False,False,-45.10932114456367,noise,89.64143426294821,False,False,False,False,DU Digital,Leisure Services,"Tour, Travel Related Services"
FIDEL.NS,2026-09-02,141.0,139.8375015258789,144.68200386895074,144.70086181640625,145.2472708638509,143.10540599822997,141.0307558237443,106.57698530320386,197.18221289835253,False,True,False,False,False,True,False,False,False,-15.824054819537658,dry,13.812154696132598,False,True,False,False,Fidel Softech,IT - Software,Computers - Software & Consulting
GLOBALPET.NS,2026-09-02,154.0,154.4624989827474,156.5666652255588,155.45299896240235,133.26299947102865,130.60274955749512,155.25883530474596,85.0,164.75,True,True,False,True,False,True,True,False,False,10.000000000000009,dry,18.050541516245488,False,False,False,False,Global Pet Indus,Industrial Manufacturing,Industrial Products
DUCOL.NS,2026-09-02,115.0,108.86249860127766,107.82083235846625,107.96299942016601,115.34799947102864,127.39924995422363,110.71606671204613,90.0,209.5,False,False,False,False,True,False,False,True,False,-22.113102096959715,noise,51.02040816326531,False,True,False,False,Ducol Organics,Chemicals & Petrochemicals,Dyes And Pigments
GOLDSTAR.NS,2026-09-02,7.849999904632568,7.733333349227905,7.284722248713176,7.4780000305175784,7.131333367029826,7.090250022411347,7.58136698758225,4.5,9.949999809265137,True,True,False,True,True,True,True,True,False,-7.100590747643432,green,100.40160642570282,False,False,False,False,Goldstar Power,Auto Components,Auto Components & Equipments
543982.BO,2026-09-02,148.5,165.20416514078775,187.4194441901313,196.0829998779297,197.5106667582194,196.97325008392335,162.64951721107974,116.19999694824219,344.0,False,True,False,False,False,False,False,False,False,-54.1383552815487,red,100.61919504643964,False,False,False,False,Quest Flow,Industrial Products,Other Industrial Products
MADHAVBAUG.NS,2026-09-02,160.8000030517578,169.97916666666666,186.06111017862955,184.81299896240233,200.66966613769532,217.69574951171876,169.9620802019608,150.0,335.0,False,False,False,False,False,False,False,False,False,-43.17017278157871,dry,0.0,False,True,False,True,Vaidya Sane,Healthcare Equipment & Supplies,Medical Equipment & Supplies
POLYSIL.NS,2026-09-02,63.900001525878906,56.733333905537926,85.68472237057156,96.82099967956543,145.61833300272625,181.17499967575074,59.65240387604308,47.25,356.75,False,False,False,False,False,True,False,True,False,-61.482818639673845,green,347.8979254635579,True,False,False,False,Polysil Irrigati,Industrial Products,Plastic Products - Industrial
MASTER.NS,2026-09-02,430.6499938964844,450.72083282470703,460.334721883138,434.58899963378906,361.5311417643229,356.15559631347656,445.7442063883258,281.8980771263174,502.0,True,True,True,True,False,True,True,False,False,22.119283595388083,noise,27.624309392265197,False,False,False,False,Master Component,Industrial Products,Plastic Products - Industrial
GOYALSALT.NS,2026-09-02,105.0,106.85416603088379,110.71111149258084,113.5220002746582,118.16266682942708,128.85325035095215,106.8916133300888,97.0,200.0,False,False,False,False,False,False,False,False,False,-33.9622641509434,noise,39.0625,False,False,False,False,Goyal Salt,Food Products,Other Food Products
SSFL.NS,2026-09-02,253.0,243.2500025431315,249.8930583530002,256.60300201416015,174.39900075276694,164.30400062561034,249.385085475016,86.0,295.1000061035156,True,True,True,True,False,True,True,True,False,61.739669745167916,noise,22.601707684580614,False,False,False,False,Srivari Spices &,Food Products,Other Food Products
KORE.NS,2026-09-02,114.05000305175781,125.58333396911621,154.57361030578613,149.58799942016603,132.3320000712077,138.65300022125246,122.24376470285424,85.0,212.3000030517578,False,False,False,True,False,True,False,False,False,-7.987086841654634,green,482.8411811652035,False,False,False,False,Jay Jalaram Tech,Retailing,Diversified Retail
TECHLABS.NS,2026-09-02,117.6500015258789,118.32083320617676,124.6055556403266,124.92400024414063,173.34966639200846,212.19249988555907,118.40139424431993,105.0,660.0,False,False,False,False,False,False,False,False,False,-78.83612225959406,noise,58.24259306153456,False,False,False,False,Trident Techlabs,IT - Software,Computers - Software & Consulting
PRATHAM.NS,2026-09-02,122.0,119.50833384195964,118.69166713290744,118.28800033569335,126.2156667582194,131.3230000305176,119.79619122262247,100.0,196.0,False,False,False,False,True,False,False,True,False,-12.857142857142856,noise,48.309178743961354,False,False,False,False,Pratham EPC,Construction,Civil Construction
RBS.NS,2026-09-02,88.5,90.65833409627278,86.38055568271213,84.435,87.497999903361,90.40724996566773,90.00748557897954,58.79999923706055,134.0,False,False,False,False,True,True,False,False,False,-25.126901620181364,noise,44.68718967229394,False,False,False,False,Ramdevbaba Sol.,Agricultural Food & other Products,Edible Oil
543464.BO,2026-09-02,31.84000015258789,31.09416675567627,42.329444355434845,47.03959976196289,87.60829711914063,104.73752288818359,31.995418366703277,29.639999389648438,251.0,False,False,False,False,False,False,False,False,False,-66.48421036569697,noise,44.454843238184374,False,False,False,False,Maruti Interior,Consumer Durables,Houseware
IPSL.NS,2026-09-02,210.0,214.76666768391928,221.61111153496637,229.63800079345702,236.2423329671224,247.3792495727539,214.1083418112969,172.0500030517578,384.8899841308594,False,False,False,False,False,False,False,False,False,-43.98399477585107,dry,0.0,False,False,False,False,Integrated Perso,Commercial Services & Supplies,Diversified Commercial Services
MARC.NS,2026-09-02,,,,,,,,,,False,False,False,False,False,False,False,False,False,,dry,0.0,False,True,True,False,Marc Technocrats,Commercial Services & Supplies,Consulting Services
INM.NS,2026-09-02,156.0,160.3750025431315,168.9611121283637,169.77500091552736,173.24800018310546,205.21637504577637,159.11303557625598,150.0,689.0,False,False,False,False,False,False,False,False,False,-71.88466604031798,dry,0.0,False,False,False,False,Interiors & More,Consumer Durables,"Furniture, Home Furnishing"
CMNL.NS,2026-09-02,120.0,113.27916653951009,105.43888897365994,104.18999984741211,108.6493332417806,112.81499992370605,115.05013018447801,90.0,183.89999389648438,True,False,False,False,True,True,False,True,False,-19.999999999999996,green,110.61946902654867,False,False,False,False,Chaman Metallics,Ferrous Metals,Sponge Iron
SILKFLEX.NS,2026-09-02,261.54998779296875,228.97916666666666,211.29583231608072,212.04199951171876,175.6776665242513,154.28799991607667,237.83242572170167,76.0,261.54998779296875,True,True,True,True,True,True,True,True,False,226.93748474121094,green,133.4044823906083,False,False,True,False,Silkflex Polymer,Chemicals & Petrochemicals,Specialty Chemicals
543391.BO,2026-09-02,86.0,94.3583329518636,97.11055543687608,96.4086001586914,104.61446665445963,108.15260005950928,91.09791953944139,83.19999694824219,146.89999389648438,False,False,False,False,False,False,False,False,False,-23.893805309734518,dry,9.090909090909092,False,False,False,True,Suyog Gurbaxani,Construction,Civil Construction
EFACTOR.NS,2026-09-02,182.0500030517578,196.2166659037272,182.42222256130643,179.1700003051758,204.71299967447916,233.2924998474121,190.72793970057685,150.0,348.0,False,False,False,False,True,False,False,False,False,-12.08081842133324,dry,0.0,False,False,False,False,E Factor Experie,Other Consumer Services,Other Consumer Services
541353.BO,2026-09-02,112.69999694824219,115.17083231608073,116.73611089918349,118.19699996948242,135.49733322143555,149.2382497024536,115.46899197010903,102.0,234.60000610351562,False,False,False,False,False,False,False,False,False,-38.915990813960875,noise,60.810810810810814,False,False,False,False,Innovators,Industrial Manufacturing,Industrial Products
DYNAMIC.NS,2026-09-02,135.0500030517578,139.05416615804037,141.47361119588217,148.78600006103517,135.4219999186198,132.01074993133545,137.29053008385253,84.69999694824219,183.89999389648438,False,True,True,True,False,True,False,False,False,6.506308991674459,green,158.62944162436548,False,False,False,False,Dynamic Services,Commercial Services & Supplies,Diversified Commercial Services
CPS.NS,2026-09-02,1150.0,1123.4833374023438,1065.0277743869358,1054.739998779297,1053.5556640625,1049.6589978027343,1128.563619510296,679.25,1349.25,True,True,True,True,True,True,True,True,False,59.72222222222223,noise,72.59528130671507,False,False,False,False,C P S Shapers,Textiles & Apparels,Garments & Apparels
MAGSON.NS,2026-09-02,181.0500030517578,186.82083129882812,183.6638878716363,181.03699951171876,166.33033325195314,154.98274982452392,184.64384902141634,100.5,213.89999389648438,True,True,True,True,True,True,True,False,False,59.16483784769917,dry,0.0,False,False,False,False,Magson Retail,Food Products,Packaged Foods
SAHAJSOLAR.NS,2026-09-02,100.25,102.84166653951009,111.71388838026259,116.12499984741211,129.6516669209798,138.1350001144409,101.86929915253344,91.0,266.1499938964844,False,False,False,False,False,False,False,False,False,-60.075668035359556,ppv,390.7330567081604,False,False,False,False,Sahaj Solar,Electrical Equipment,Other Electrical Equipment
543806.BO,2026-09-02,299.5,274.1374994913737,282.82361094156903,281.7579998779297,320.0543332926432,357.5087498474121,274.7167977639874,230.5,620.0,False,False,False,False,True,False,False,True,False,-39.59798195795771,ppv,376.6666666666667,True,False,False,False,ITCONS E-Soluti.,Commercial Services & Supplies,Diversified Commercial Services
PROPEQUITY.NS,2026-09-02,210.0,213.0,219.7861099243164,222.71499908447265,210.92333251953124,203.92249931335448,212.2659587510999,145.0,268.0,False,True,True,True,False,True,True,False,False,3.4482758620689724,noise,42.3728813559322,False,False,False,False,P.E. Analytics,Realty,Real Estate related services
PHANTOMFX.NS,2026-09-02,116.05000305175781,122.79166730244954,150.90694363911948,159.51900009155273,183.34400029500327,198.7407501602173,122.2948864613367,113.94999694824219,311.0,False,False,False,False,False,False,False,False,False,-55.15842019876991,noise,63.48020911127708,False,False,False,True,Phantom Digital,Entertainment,Media & Entertainment
544151.BO,2026-09-02,111.94999694824219,114.34999974568684,103.50250032212999,99.39900024414062,84.53800031026205,83.92110025405884,112.73778969296663,60.0,127.98999786376953,True,True,False,True,True,True,True,False,False,6.924546524661301,noise,34.987277353689564,False,False,False,False,Chatha Foods,Food Products,Packaged Foods
543997.BO,2026-09-02,158.0,154.8222223917643,155.18240780300565,155.6533337402344,158.2931113688151,158.8991670227051,154.92031838574422,137.3333282470703,199.96665954589844,False,False,False,False,True,False,True,True,False,-13.849506402285261,noise,35.294117647058826,False,True,False,False,Organic Recyclin,Other Utilities,Waste Management
539337.BO,2026-09-02,207.14999389648438,213.61249923706055,225.72222222222223,231.76699951171875,225.60733317057293,224.6874998474121,213.5689598070228,131.25,398.0,False,True,False,True,False,True,False,False,False,-28.321801419901604,red,146.7710371819961,False,False,False,False,Waaree Tech.,Power,Power Generation
COOLCAPS.NS,2026-09-02,22.5,20.691666920979817,20.934722158643936,21.833999938964844,25.841666628519693,37.47625000953674,20.960413536991272,19.0,99.5,False,False,False,False,True,False,False,True,False,-73.15035897301433,ppv,243.05555555555554,False,False,False,False,Cool Caps,Industrial Products,Packaging
TRANSTEEL.NS,2026-09-02,75.19999694824219,83.53333282470703,102.63194402058919,109.16399978637695,126.8863330078125,130.5557498550415,82.24420804223375,71.1500015258789,169.0,False,False,False,False,False,False,False,False,False,-38.36065823914575,green,131.37794072716162,False,True,False,False,Transteel Seatin,Consumer Durables,"Furniture, Home Furnishing"
537669.BO,2026-09-02,444.3999938964844,468.11666615804035,479.606945461697,489.22300109863284,346.88066731770834,347.1740020751953,458.5947666052966,209.0,585.0,True,False,True,True,False,True,True,False,False,15.069906745174745,dry,0.0,False,False,False,False,Laxmipati Engg,Industrial Manufacturing,Ship Building & Allied Services
MOS.NS,2026-09-02,8.300000190734863,10.445833206176758,10.993055476082695,11.77899995803833,14.316666609446207,16.471999974250792,9.73953848499167,8.300000190734863,55.54999923706055,False,False,False,False,False,False,False,False,False,-82.69030227597007,noise,86.14501076812635,False,False,False,True,MOS Utility,Financial Technology (Fintech),Financial Technology (Fintech)
KRISHCA.NS,2026-09-02,164.6999969482422,163.9041633605957,165.81111017862955,166.9389990234375,173.2716665649414,176.6962498474121,162.46647967898176,138.0,227.0,False,False,False,False,False,False,False,True,False,-27.12389515564505,green,115.80381471389644,False,False,False,False,Krishca Strapp.,Industrial Products,Iron & Steel Products
ALLETEC.NS,2026-09-02,126.30000305175781,122.78749974568684,131.9555549621582,134.57399932861327,151.45299972534178,168.4854999923706,124.70937716509798,115.80000305175781,309.690919087957,False,False,False,False,False,False,False,True,False,-59.10574389313143,noise,42.05607476635514,False,True,False,False,All E Tech,IT - Software,Computers - Software & Consulting
WTICAB.NS,2026-09-02,107.0,106.10833358764648,113.77499961853027,115.12199951171876,108.42466639200846,116.41849990844726,107.31229352845438,75.1500015258789,185.5,False,False,False,False,False,True,False,False,False,-40.55555555555556,red,460.0104547830632,False,False,False,False,Wise Travel,Transport Services,Road Transport
SHREEKARNI.NS,2026-09-02,395.0,367.1666666666667,387.1180538601345,399.572998046875,413.4883319091797,432.21074966430666,378.56363568683463,317.1000061035156,712.0,False,False,False,False,False,False,False,True,False,-22.8515625,noise,49.04250350303597,False,False,False,False,Shree Karni,Textiles & Apparels,Other Textile Products
543939.BO,2026-09-02,220.8000030517578,229.8833351135254,220.91111204359265,218.2090008544922,191.10500010172527,197.77775009155275,226.68981403615933,139.0,268.79998779296875,True,False,False,True,True,True,True,False,False,11.122298159507405,noise,62.56015399422522,False,False,False,False,Kaka Industries,Industrial Products,Plastic Products - Industrial
SKP.NS,2026-09-02,148.10000610351562,152.10416539510092,157.14999940660266,156.105,157.58733378092447,163.64225036621093,151.30940649121828,137.0,238.0,False,False,False,False,False,False,False,False,False,-36.938470404707125,red,1083.860759493671,False,False,False,False,SKP Bearing,Industrial Products,Abrasives & Bearings
YASHOPTICS.NS,2026-09-02,121.0999984741211,116.98333231608073,115.30416636996799,116.46399993896485,118.02500010172525,118.60600017547607,118.98473614515822,97.5,153.5,True,False,False,False,True,False,True,True,False,-4.230920208175981,dry,9.920634920634921,False,False,False,False,Yash Optics,Consumer Durables,Diversified consumer products
541701.BO,2026-09-02,275.0,262.6385752360026,252.57059945000543,248.92864776611327,236.57477233886718,245.17268981933594,267.5292389849599,179.7226431562251,468.32066470374235,True,False,False,True,True,True,False,True,False,-29.601380472929783,dry,0.0,False,False,False,False,Supershakti Met.,Industrial Products,Iron & Steel Products
GRCL.NS,2026-09-02,590.0,553.0291697184244,558.227779812283,568.162001953125,484.23933451334636,455.2722511291504,564.0359403357695,306.6499938964844,629.2000122070312,True,True,True,True,True,True,True,True,False,47.90674580784942,green,119.04761904761905,False,False,False,False,Gayatri Rubbers,Industrial Products,Rubber
ASCOM.NS,2026-09-02,221.9499969482422,222.92083104451498,243.58750025431314,248.6600015258789,235.87466735839843,208.1677505493164,224.07558030807104,90.0,285.0,False,True,True,True,False,True,True,False,False,146.6111077202691,dry,0.0,False,False,False,False,Ascom Leasing &,Finance,Non Banking Financial Company (NBFC)
UCL.NS,2026-09-02,254.8000030517578,256.53333536783856,224.04722128974066,215.23799865722657,142.9693327331543,119.27374954223633,253.92125040614138,38.0,260.0,True,True,True,True,True,True,True,True,False,409.6000061035157,dry,0.0,False,False,False,False,Ushanti Colour,Chemicals & Petrochemicals,Dyes And Pigments
SYSTANGO.NS,2026-09-02,232.25,219.44999821980795,217.95972103542752,219.06999938964844,239.02120880126952,258.99192237854004,222.32507696708342,202.5500030517578,399.0573022567899,False,False,False,False,True,False,False,True,False,3.3040844880671605,ppv,217.28633510381457,False,False,False,False,Systango Tech,IT - Software,Computers - Software & Consulting
FELIX.NS,2026-09-02,189.6999969482422,181.20416641235352,182.61666700575086,183.35600036621094,189.30100036621093,184.18750007629396,181.9272544268833,142.64999389648438,232.9499969482422,True,True,False,False,True,True,True,True,False,9.431779791783335,ppv,287.4787052810903,False,False,False,False,Felix Industries,Other Utilities,Water Supply & Management
ESFL.NS,2026-09-02,117.0999984741211,122.82083257039388,123.09166675143771,121.06500015258788,127.86700022379557,142.0710001373291,121.6985857097681,108.30000305175781,391.619171855601,False,False,False,False,False,False,False,False,False,-69.26942446354296,red,144.96088357109986,False,False,False,False,Essen Speciality,Consumer Durables,Plastic Products - Consumer
HOACFOODS.NS,2026-09-02,923.7000122070312,848.1541697184244,774.3333367241753,751.9420031738281,548.2316682942709,495.15450103759764,862.5398635385499,195.0,950.0,True,True,True,True,True,True,True,True,False,350.5853718083079,green,146.06741573033707,False,False,True,False,Hoac Foods,Food Products,Other Food Products
543363.BO,2026-09-02,389.5,392.2374979654948,388.8027759128147,387.2269982910156,406.0953328450521,421.2819999694824,389.84789439972633,318.1499938964844,620.987290238108,False,False,False,False,True,False,False,False,False,-30.94397599605071,dry,12.681159420289855,False,True,False,False,Prevest Denpro,Healthcare Equipment & Supplies,Medical Equipment & Supplies
543895.BO,2026-09-02,471.3999938964844,491.7208302815755,499.53472391764325,493.0220001220703,487.5646655273438,498.87374923706057,487.6248669326772,390.0,595.0,False,False,False,False,False,False,True,False,False,-14.420184043723017,noise,78.21901323706378,False,False,False,False,Exhicon Events,Other Consumer Services,Other Consumer Services
MVKAGRO.NS,2026-09-02,214.39999389648438,186.5291659037272,279.3319439358181,309.22399963378905,446.518666788737,514.4387501525879,197.5094447364146,152.0500030517578,819.0,False,False,False,False,False,True,False,True,False,-37.355735895840944,noise,67.17970049916805,False,False,False,False,M.V.K. Agro,Agricultural Food & other Products,Sugar
UNIHEALTH.NS,2026-09-02,717.5999755859375,726.0708312988281,737.3666670057509,714.6790002441406,509.82833374023437,456.28075050354005,721.5597374215106,133.64999389648438,820.0,True,True,True,True,True,True,True,False,False,345.71427055027175,noise,58.4349593495935,False,False,False,False,Unihealth Hosp,Healthcare Services,Hospital
540718.BO,2026-09-02,1278.800048828125,1269.6791585286458,1223.2069430881077,1207.5739990234374,1164.4666674804687,1141.5937506103517,1270.8725912509099,944.9000244140625,1287.0,True,True,True,True,True,True,True,True,False,32.53874500556739,noise,62.54557693386437,False,False,False,False,Aayush Art,Textiles & Apparels,Other Textile Products
KODYTECH.NS,2026-09-02,1542.6500244140625,1443.2249857584636,1375.4069383409287,1303.4219946289063,975.6903304036458,954.9637481689454,1458.588922075217,556.0499877929688,1550.0,True,True,True,True,True,True,True,True,False,111.09059252626672,noise,72.82105742243799,False,False,True,False,Kody Technolab,IT - Software,Computers - Software & Consulting
543619.BO,2026-09-02,2240.64990234375,2277.375,2432.6805623372397,2537.721005859375,2504.6000040690105,2485.5075067138673,2267.0555613798883,1198.125,3069.85009765625,False,True,False,True,False,True,False,False,False,84.51529085926039,noise,57.88271134805788,False,False,False,False,Concord Control,Industrial Manufacturing,Industrial Products
