symbol,date,close,MA12,MA36,MA50,MA150,MA200,EMA10,52w_low,52w_high,cond1_price_above_150_200,cond2_ma150_above_ma200,cond3_ma200_trending_up_1m,cond4_ma50_above_150_200,cond5_price_above_ma50,cond6_30pct_above_52w_low,cond7_within_25pct_52w_high,cond9_price_above_ema10,fresh_ma12_cross_today,12m_return_pct,volume_signal,relative_volume,bull_snort,inside_bar,is_52w_high,is_52w_low,data_source,industry_group,industry,rs_percentile,cond8_rs_at_least_70,all_conditions_met,total_market_cap_cr,traded_value_cr,traded_volume,traded_val_pct_mc,price_band
ABB.NS,2026-08-20,7479.0,7604.368733723958,7261.87653266059,7169.2247265625,6512.112275390625,6150.325209960937,7543.820999750891,4564.870705303207,7832.294844565128,True,True,True,True,True,True,True,False,False,49.36100526045113,noise,57.29993208766949,False,True,False,False,,Electrical Equipment,Heavy Electrical Equipment,88.24006488240065,True,True,158486.27,255.92,342182.0,0.1615,No Band
AARTIIND.NS,2026-08-20,520.0499877929688,516.8499984741211,495.2347234090169,488.31700134277344,455.826001180013,435.904500579834,519.6882176177719,338.04998779296875,541.7000122070312,True,True,True,True,True,True,True,True,False,35.517912128460914,noise,46.254677185341535,False,False,False,False,,Chemicals & Petrochemicals,Specialty Chemicals,83.90105433901054,True,True,18863.6,70.59,1357292.0,0.3742,20
AARVI.NS,2026-08-20,153.9600067138672,153.9028091430664,150.68991385565863,148.13985717773437,133.53122192382813,131.5109660720825,153.74924814126234,106.66358724889791,166.2392228417855,True,True,True,True,True,True,True,True,False,29.374681489348585,noise,41.14963770468954,False,True,False,False,,Commercial Services & Supplies,Diversified Commercial Services,81.0624493106245,True,True,228.03,0.75,48848.0,0.3298,20
ABSMARINE.NS,2026-08-19,239.64999389648438,227.90416717529297,227.40138922797308,229.39500030517578,210.93666676839192,210.71574989318847,231.7188318312,143.0500030517578,315.5,True,True,True,True,True,True,True,True,True,20.155426203728744,noise,50.823338076844884,False,False,False,False,,Transport Services,Shipping,75.54744525547446,True,True,807.7,2.49,75681.0,0.3083,5
ACCENTMIC.NS,2026-08-19,598.5999755859375,556.3125,519.9414528740776,501.624716796875,422.5999645996094,397.2464106750488,568.4245866785359,237.53315895751183,608.0,True,True,True,True,True,True,True,True,False,104.03246266316289,noise,98.68421052631578,False,False,True,False,,Pharmaceuticals & Biotechnology,Pharmaceuticals,95.86374695863748,True,True,688.24,1.58,55075.0,0.2296,20
ACCORD.NS,2026-08-19,198.35000610351562,198.35000610351562,192.9277809990777,167.5940020751953,79.76400077819824,65.97425061225891,198.58143127986312,19.850000381469727,211.0,True,True,True,True,True,True,True,False,False,731.6561967756772,dry,0.0,False,False,False,False,,Telecom - Services,Other Telecom Services,99.91889699918897,True,True,10.0,0.02,6969.0,0.2007,2
ACMESOLAR.NS,2026-08-20,397.3999938964844,374.68333435058594,375.17638821072046,367.9889990234375,298.55562561035157,282.9898500823975,377.1389812120319,195.72747422084996,406.5,True,True,True,True,True,True,True,True,False,40.896306747483834,ppv,478.12069704390467,False,False,True,False,,Power,Power Generation,85.6853203568532,True,True,28068.02,87.5,2201739.0,0.3117,20
ABCAPITAL.NS,2026-08-20,409.0,407.87500254313153,402.8013899061415,394.0530010986328,359.121333211263,355.8232496643066,404.68541366710394,267.25,430.70001220703125,True,True,True,True,True,True,True,True,False,51.64997459697449,ppv,140.77318219285448,False,False,False,False,,Finance,Investment Company,88.64557988645579,True,True,111945.17,148.18,3623064.0,0.1324,No Band
ADOR.NS,2026-08-20,1684.0,1535.3333435058594,1428.5047912597656,1357.3602880859376,1125.918261311849,1104.6982220458985,1562.4785534848847,833.6830524113437,1701.9000244140625,True,True,True,True,True,True,True,True,False,88.90758824903604,green,233.97932437379234,False,False,True,False,,Industrial Products,Other Industrial Products,94.64720194647201,True,True,2930.63,7.32,43450.0,0.2497,20
AEGISLOG.NS,2026-08-20,1336.199951171875,1327.508321126302,1318.2045762803818,1247.684337158203,871.4487097167969,840.6773751831055,1324.112926677485,573.0465115667306,1497.800048828125,True,True,True,True,True,True,True,True,False,93.56193463793399,dry,11.621727228937306,False,False,False,False,,Gas,Trading - Gas,95.21492295214922,True,True,46900.62,391.03,2926454.0,0.8337,10
AEROFLEX.NS,2026-08-20,475.29998779296875,450.81666564941406,436.9490017361111,448.0655090332031,332.8532715861003,296.0148538970947,459.2187305747293,157.8500633749001,521.4047569239144,True,True,True,True,True,True,True,True,False,160.1867408359886,noise,40.52340265039934,False,True,False,False,,Industrial Products,Iron & Steel Products,98.3779399837794,True,True,6289.68,85.4,1796779.0,1.3578,10
AEROENTER.NS,2026-08-20,130.64999389648438,128.76666641235352,125.9619443681505,125.7218002319336,98.45699986775716,95.18789985656738,128.54979874839705,62.20000076293945,149.5500030517578,True,True,True,True,True,True,True,True,False,37.989519937927675,noise,23.921250679169763,False,False,False,False,,Industrial Products,Iron & Steel Products,84.38767234387672,True,True,1478.49,13.57,1038943.0,0.9181,20
AETHER.NS,2026-08-20,1634.4000244140625,1610.7333170572917,1498.8805508083767,1419.9999951171876,1188.9513362630207,1106.8507528686523,1609.1239210761555,726.4500122070312,1692.0,True,True,True,True,True,True,True,True,False,120.40321641409912,noise,28.695851960739432,False,False,False,False,,Chemicals & Petrochemicals,Specialty Chemicals,97.0397404703974,True,True,21693.04,58.46,357685.0,0.2695,20
AIMTRON.NS,2026-08-19,1701.3499755859375,1663.004150390625,1441.7944437662761,1388.0910034179688,1077.0750016276043,1025.9004998779296,1657.7046390800567,632.5999755859375,1780.0,True,True,True,True,True,True,True,True,False,148.01020052273142,noise,61.33127466117687,False,True,False,False,,Industrial Manufacturing,Industrial Products,97.97242497972425,True,True,1113.17,2.39,43851.0,0.2148,20
AJANTPHARM.NS,2026-08-20,3658.60009765625,3584.9833170572915,3447.3992987738716,3366.650458984375,3047.4195817057293,2938.976739501953,3620.247000134191,2283.1397649802702,3796.0,True,True,True,True,True,True,True,True,False,38.741382608214224,noise,58.338950691035905,False,False,False,False,,Pharmaceuticals & Biotechnology,Pharmaceuticals,84.83373884833739,True,True,45717.51,42.85,117120.0,0.0937,20
AKUMS.NS,2026-08-20,752.9000244140625,728.3249969482422,689.3013848198784,667.1889318847657,552.8139255777995,523.1902716064453,735.211600490743,407.37371334346585,775.0,True,True,True,True,True,True,True,True,False,60.72668104177821,red,118.87106910576249,False,False,False,False,,Pharmaceuticals & Biotechnology,Pharmaceuticals,90.67315490673154,True,True,11527.05,26.6,353243.0,0.2307,10
ALIVUS.NS,2026-08-20,1370.0,1367.3749898274739,1222.9888814290364,1183.5279968261718,1051.807001139323,1014.1875003051758,1357.8388827174542,819.0,1418.0,True,True,True,True,True,True,True,True,False,45.88378278693186,noise,31.407394964560975,False,True,False,False,,Pharmaceuticals & Biotechnology,Pharmaceuticals,87.38848337388482,True,True,16819.69,16.7,121933.0,0.0993,20
ANANDRATHI.NS,2026-08-20,2171.10009765625,2149.4750061035156,2088.558342827691,2020.8060083007813,1764.2805721028647,1698.4769812011718,2160.0943652378496,1328.863717739465,2230.0,True,True,True,True,True,True,True,True,False,60.83040244196438,noise,32.07587843057668,False,False,False,False,,Capital Markets,Financial Products Distributor,90.71370640713707,True,True,36049.22,118.12,544033.0,0.3276,20
ANDHRSUGAR.NS,2026-08-20,102.73999786376953,97.1783332824707,88.731111102634,87.02399978637695,82.16593322753906,80.88434997558593,98.4373880323094,66.5,107.2300033569336,True,True,True,True,True,True,True,True,False,28.243292751273575,ppv,232.77781850307645,False,False,False,False,,Chemicals & Petrochemicals,Commodity Chemicals,80.37307380373075,True,True,1392.49,8.24,802218.0,0.5919,20
ANLON.NS,2026-08-19,657.0,636.6166636149088,633.3208329942491,651.8379992675781,511.86566670735675,483.26949966430664,646.6328774368983,335.0,748.0,True,True,True,True,True,True,True,True,True,64.25,noise,86.29989212513485,False,False,False,False,,Commercial Services & Supplies,Diversified Commercial Services,91.40308191403082,True,True,316.52,0.44,8751.0,0.1399,10
APARINDS.NS,2026-08-20,16784.0,16722.666666666668,14969.055555555555,15244.46,12232.78,11350.01,16595.24258898606,6801.0,18465.0,True,True,True,True,True,True,True,True,False,98.0062525806642,noise,68.20397138291163,False,True,False,False,,Electrical Equipment,Other Electrical Equipment,95.53933495539336,True,True,70278.53,277.78,165502.0,0.3953,20
APCOTEXIND.NS,2026-08-20,613.6500244140625,614.0083312988281,574.4916602240669,559.9999969482421,451.48144083658855,432.6693397521973,612.884635649752,307.1774227167927,712.0,True,True,True,True,True,True,True,True,False,54.05021749504575,noise,32.052959512880065,False,False,False,False,,Industrial Products,Rubber,89.29440389294405,True,True,3181.47,17.35,282694.0,0.5453,20
APOLLOPIPE.NS,2026-08-20,603.25,533.533332824707,507.6593509250217,502.3405096435547,434.5325231933594,400.2869757080078,545.9527878173686,251.75001240064898,606.0,True,True,True,True,True,True,True,True,False,61.197049780168754,green,353.29478352527417,True,False,True,False,,Industrial Products,Plastic Products - Industrial,90.8353609083536,True,True,2649.44,15.21,252159.0,0.5741,20
ARMANFIN.NS,2026-08-20,1973.0999755859375,1991.558349609375,1903.7500101725261,1832.3920043945313,1662.339336751302,1641.9665020751954,1969.70278932979,1270.0,2158.60009765625,True,True,True,True,True,True,True,True,False,39.9858088390165,noise,62.62983033093581,False,False,False,False,,Finance,Non Banking Financial Company (NBFC),85.32035685320358,True,True,2074.67,9.73,49334.0,0.4692,20
ARROWGREEN.NS,2026-08-20,692.3499755859375,758.629160563151,709.1097191704644,675.0949975585937,540.1893328857421,539.9459999084472,742.2863529486681,341.95001220703125,821.5999755859375,True,True,True,True,True,True,True,False,False,12.322281216881104,red,106.86112398365421,False,False,False,False,,Industrial Products,Packaging,70.51905920519059,True,True,1044.61,4.89,70613.0,0.468,5
ARVIND.NS,2026-08-20,539.0,547.8499959309896,541.1847178141276,532.2099951171875,431.2886649576823,405.5694985961914,540.6402105186592,274.79998779296875,600.0,True,True,True,True,True,True,True,False,False,84.17905731809245,noise,97.23619986042054,False,False,False,False,,Textiles & Apparels,Garments & Apparels,93.99837793998378,True,True,14662.99,41.85,776372.0,0.2854,20
ASIANENE.NS,2026-08-20,484.8999938964844,420.7374954223633,378.97638448079425,375.0219964599609,322.233598836263,316.04819900512695,435.24430724969267,230.0,490.0,True,True,True,True,True,True,True,True,False,45.8969855013911,green,181.41401297787453,False,False,True,False,,Oil,Oil Equipment & Services,87.42903487429035,True,True,2356.2,28.55,588760.0,1.2117,20
ATALREAL.NS,2026-08-20,33.45000076293945,34.82916673024496,31.713889016045464,31.29360004425049,27.80253323872884,27.006099967956544,34.29845988334765,17.75,36.70000076293945,True,True,True,True,True,True,True,False,False,72.95760340758581,noise,47.23262827616851,False,False,False,False,,Realty,"Residential, Commercial Projects",92.49797242497972,True,True,414.43,27.75,8296418.0,6.6963,20
ATHERENERG.NS,2026-08-20,1449.5999755859375,1486.9416605631511,1317.808329264323,1234.7169970703126,948.6663309733073,881.2074987792969,1460.4765331139831,407.70001220703125,1580.0,True,True,True,True,True,True,True,False,False,232.51518178591706,noise,38.51778613251584,False,False,False,False,,Automobiles,2/3 Wheelers,99.27007299270073,True,True,57978.13,657.93,4538732.0,1.1348,20
AUBANK.NS,2026-08-20,1088.0,1077.25,1052.2899983723958,1045.1406042480469,997.3975915527344,986.5770526123047,1076.3026637523267,681.4882278715522,1105.9000244140625,True,True,True,True,True,True,True,True,False,43.005263483012214,ppv,196.10074225723332,False,False,False,False,,Banks,Other Bank,86.57745336577453,True,True,81491.65,193.02,1774043.0,0.2369,No Band
AUROPHARMA.NS,2026-08-20,1608.0,1635.2916666666667,1587.3999972873264,1556.4379956054688,1392.6499959309897,1343.2564965820313,1625.778182432809,1016.0999755859375,1682.4000244140625,True,True,True,True,True,True,True,False,False,51.956158967807895,noise,68.7531529334196,False,False,False,False,,Pharmaceuticals & Biotechnology,Pharmaceuticals,88.72668288726683,True,True,92520.77,184.92,1149981.0,0.1999,No Band
AURUM.NS,2026-08-20,229.8000030517578,226.5199991861979,227.12861124674478,220.04740020751953,191.52273345947265,187.21914993286134,226.94187495392885,151.89999389648438,264.6400146484375,True,True,True,True,True,True,True,True,False,31.40438965892489,dry,19.393181808716857,False,True,False,False,,IT - Services,IT Enabled Services,82.07623682076238,True,True,1763.4,6.03,262195.0,0.3417,20
AUSOMENT.NS,2026-08-20,145.50999450683594,143.46083068847656,131.8780549367269,127.52139938354492,122.0523329671224,118.64194976806641,144.05262937981558,93.0,178.0,True,True,True,True,True,True,True,True,False,32.59814493304978,red,372.68460291040265,False,False,False,False,,Consumer Durables,"Gems, Jewellery And Watches",82.7250608272506,True,True,198.24,0.05,3240.0,0.0238,5
AUTOIND.NS,2026-08-20,89.29000091552734,93.4924996693929,90.46444405449762,87.42519989013672,76.98093325297037,75.87739980697631,91.73987702762653,48.349998474121094,104.0,True,True,True,True,True,True,True,False,False,28.95725544533727,green,232.36064715202835,False,False,False,False,,Auto Components,Auto Components & Equipments,80.94079480940795,True,True,405.16,1.01,112952.0,0.2489,5
AVADHSUGAR.NS,2026-08-20,814.7000122070312,666.2958374023438,569.9016020033094,534.8832543945313,452.31566426595055,432.6739105224609,692.9657091854922,300.3047281830496,828.0,True,True,True,True,True,True,True,True,False,91.09007587601863,ppv,900.789081209539,True,False,True,False,,Agricultural Food & other Products,Sugar,94.8905109489051,True,True,1630.9,11.93,146390.0,0.7313,20
AVALON.NS,2026-08-20,2245.5,2000.6583455403645,1825.2916734483506,1792.0580078125,1321.3170048014324,1229.4047534179688,2060.5905669206004,777.2999877929688,2351.0,True,True,True,True,True,True,True,True,False,157.01041188355944,red,180.9078898680879,False,False,False,False,,Electrical Equipment,Other Electrical Equipment,98.25628548256286,True,True,15002.58,106.37,473706.0,0.709,20
AYMSYNTEX.NS,2026-08-20,262.5,259.4583346048991,247.5558336046007,239.0825994873047,210.84006663004558,199.88595001220702,261.2683627622077,141.52999877929688,281.2200012207031,True,True,True,True,True,True,True,True,False,34.38795757911382,noise,56.86775472260442,False,False,False,False,,Textiles & Apparels,Other Textile Products,83.41443633414436,True,True,1541.77,1.17,44421.0,0.0756,20
AZAD.NS,2026-08-20,2766.60009765625,2635.800008138021,2412.5611368815103,2325.0320166015626,1952.3146744791666,1873.7115075683594,2693.428928883785,1360.0,2986.60009765625,True,True,True,True,True,True,True,True,False,82.16897258220474,noise,57.50361324589526,False,False,False,False,,Electrical Equipment,Heavy Electrical Equipment,93.83617193836173,True,True,17867.19,160.07,578580.0,0.8959,20
BHEL.NS,2026-08-20,413.5,416.14166768391925,408.4004440307617,405.2187060546875,340.61147552490235,325.5111307525635,418.1353116321073,204.46044916421653,446.5,True,True,True,True,True,True,True,False,False,91.50304294610325,noise,35.69418930494492,False,False,False,False,,Electrical Equipment,Heavy Electrical Equipment,94.97161394971614,True,True,143983.32,507.56,12274640.0,0.3525,No Band
BBTCL.NS,2026-08-20,248.13999938964844,232.06666692097983,222.48666678534613,221.09380035400392,199.4282002766927,198.98730026245119,236.12032697981363,156.0,262.0,True,True,True,True,True,True,True,True,False,22.780797573331647,green,222.48301443246876,False,True,True,False,,Industrial Products,Packaging,77.16950527169504,True,True,508.97,0.29,11753.0,0.0573,20
BAFNAPH.NS,2026-08-20,237.6999969482422,264.23749923706055,240.5372225443522,221.33219970703124,157.56473327636718,157.22029960632324,253.76177219887512,88.72000122070312,290.70001220703125,True,True,True,True,True,True,True,False,False,162.8261726355458,dry,12.011764793929007,False,False,False,False,,Pharmaceuticals & Biotechnology,Pharmaceuticals,98.45904298459043,True,True,562.31,0.6,25451.0,0.1076,2
BAHETI.NS,2026-08-19,800.5999755859375,776.3708292643229,735.2875027126736,714.5660021972657,624.7280013020834,614.0412506103515,777.346216649729,478.0,801.9000244140625,True,True,True,True,True,True,True,True,False,45.22038696046356,noise,85.29650690495532,False,False,True,False,,Industrial Products,"Aluminium, Copper & Zinc Products",87.14517437145174,True,True,294.47,0.71,25147.0,0.2425,20
BAJAJ-AUTO.NS,2026-08-20,11793.0,11687.083333333334,10939.833333333334,10670.08,9977.330325520834,9723.082368164063,11649.032739816135,8084.228292335979,11863.0,True,True,True,True,True,True,True,True,False,45.601343348483226,noise,41.41873086785646,False,False,False,False,,Automobiles,2/3 Wheelers,87.26682887266828,True,True,324076.17,421.17,357137.0,0.13,No Band
BALRAMCHIN.NS,2026-08-20,767.0999755859375,649.2749989827474,608.1083323160807,589.4379992675781,520.4930008951823,501.7357942199707,660.9573905722666,393.54998779296875,780.9500122070312,True,True,True,True,True,True,True,True,False,40.96504824074736,ppv,2427.74206987033,True,False,True,False,,Agricultural Food & other Products,Sugar,85.76642335766424,True,True,16221.64,51.9,676528.0,0.3199,20
BHAGYANGR.NS,2026-08-20,384.0,382.47499593098956,387.3777779473199,380.77600036621095,265.1464000447591,235.01230014801024,383.5746233322119,86.0,432.29998779296875,True,True,True,True,True,True,True,True,False,325.90947693292935,noise,69.78312503183218,False,False,False,False,,Non - Ferrous Metals,Copper,99.51338199513383,True,True,1286.26,5.08,132420.0,0.3953,5
BEPL.NS,2026-08-20,123.2300033569336,122.50249989827473,113.750824186537,109.77093063354492,95.31291071573894,93.81373447418213,121.70992275958062,73.4805872659375,138.5,True,True,True,True,True,True,True,True,False,22.231473160653927,dry,18.734300224671326,False,False,False,False,,Chemicals & Petrochemicals,Petrochemicals,76.72343876723438,True,True,3066.68,47.09,3821144.0,1.5355,20
BIRLACABLE.NS,2026-08-20,283.1700134277344,275.9008369445801,220.33222325642905,216.82423706054686,171.3250416056315,163.7659504699707,276.0007239127692,103.34114160024168,308.25,True,True,True,True,True,True,True,True,False,84.46202803733209,noise,71.39438341702899,False,False,False,False,,Telecom -  Equipment & Accessories,Telecom -  Equipment & Accessories,94.12003244120032,True,True,849.51,2.97,104758.0,0.3492,5
BLISSGVS.NS,2026-08-20,580.1500244140625,515.4833297729492,502.4294603135851,490.36741333007814,327.4564761352539,285.809538154602,530.8606895458514,117.5147500933485,602.4500122070312,True,True,True,True,True,True,True,True,False,241.30868152914556,ppv,127.86726722398569,False,False,True,False,,Pharmaceuticals & Biotechnology,Pharmaceuticals,99.31062449310625,True,True,6165.56,82.33,1419044.0,1.3353,5
BLSE.NS,2026-08-20,321.1000061035156,315.19166310628253,286.2502776251899,269.79899932861326,206.76807891845704,206.71547637939454,312.725935038259,124.30000305175781,328.1000061035156,True,True,True,True,True,True,True,True,False,80.13882177405445,ppv,157.72908528175375,False,False,True,False,,IT - Services,IT Enabled Services,93.63341443633414,True,True,2910.9,25.09,781272.0,0.8618,20
BLUSPRING.NS,2026-08-20,117.95999908447266,115.0308329264323,113.19500011867947,111.17820007324218,78.80013353983561,76.55815006256104,114.99784662612356,43.97999954223633,131.82000732421875,True,True,True,True,True,True,True,True,False,45.14581513094782,noise,31.086440953773913,False,False,False,False,,Commercial Services & Supplies,Diversified Commercial Services,87.10462287104623,True,True,1763.53,12.12,1027596.0,0.6873,10
BODALCHEM.NS,2026-08-20,75.33000183105469,70.32833480834961,66.55055628882513,66.52280014038087,61.04880009969076,59.39800010681152,70.65516965226749,42.810001373291016,81.9000015258789,True,True,True,True,True,True,True,True,False,14.39636078451727,green,251.13979462523005,False,False,False,False,,Chemicals & Petrochemicals,Dyes And Pigments,72.06001622060016,True,True,948.74,1.95,258315.0,0.2051,5
BOSCHLTD.NS,2026-08-20,48750.0,45816.666666666664,42760.80718315972,41893.49921875,37401.934479166666,37210.18111328125,46640.282864172856,28422.960694251175,49130.0,True,True,True,True,True,True,True,True,False,24.750997808061005,green,114.94186521967104,False,False,True,False,,Auto Components,Auto Components & Equipments,78.62935928629359,True,True,143793.49,208.2,42707.0,0.1448,No Band
CHENNPETRO.NS,2026-08-20,1390.5,1340.8096211751301,1206.8055996365017,1174.1352807617188,1018.6423567708333,983.3287619018555,1358.2519595437002,590.2313656612589,1489.699951171875,True,True,True,True,True,True,True,True,False,133.2562090697561,red,112.9518093670348,False,False,False,False,,Petroleum Products,Refineries & Marketing,97.44525547445255,True,True,20706.13,241.19,1734541.0,1.1648,20
CALSOFT.NS,2026-08-20,27.049999237060547,23.926666577657063,22.597777737511528,22.73400005340576,17.888800061543783,17.50250005722046,25.12386981612881,10.899999618530273,29.889999389648438,True,True,True,True,True,True,True,True,False,95.44796921120387,red,846.5045902885457,False,False,False,False,,IT - Software,Computers - Software & Consulting,95.37712895377129,True,True,167.25,0.36,132540.0,0.2144,5
CARBORUNIV.NS,2026-08-20,1137.5999755859375,1125.5416463216145,1095.8876647949219,1111.380537109375,963.213700358073,936.4246234130859,1123.43404028556,733.4511840295453,1303.7913206843634,True,True,True,True,True,True,True,True,False,30.58289903057192,noise,92.57980032250414,False,False,False,False,,Industrial Products,Abrasives & Bearings,81.58961881589619,True,True,21671.89,29.83,262177.0,0.1376,20
CENTENKA.NS,2026-08-20,567.0,584.6072285970052,556.0795567830404,541.0885626220703,467.7445597330729,461.08196670532226,577.5718259481436,364.44087184079007,659.4200186323656,True,True,True,True,True,True,True,False,False,16.270571669952115,noise,20.007498728860316,False,False,False,False,,Textiles & Apparels,Other Textile Products,73.11435523114356,True,True,1238.93,10.65,187798.0,0.8595,20
CHEMBONDCH.NS,2026-08-20,282.0,258.8866678873698,245.53633202446832,232.40504333496094,180.28758646647137,173.3689022064209,264.27019599956765,104.32122655798874,283.260009765625,True,True,True,True,True,True,True,True,False,50.920853806006285,ppv,126.70468372676386,False,False,True,False,,Chemicals & Petrochemicals,Specialty Chemicals,88.4022708840227,True,True,758.48,0.42,14952.0,0.0556,5
COMSYN.NS,2026-08-20,289.7699890136719,262.72999572753906,213.84722095065646,200.42419921875,172.30206614176433,165.39564964294433,269.14230565906274,132.6575233717452,298.0,True,True,True,True,True,True,True,True,False,114.13582692836366,dry,11.853305284677653,False,False,True,False,,Industrial Products,Packaging,96.47201946472019,True,True,1168.91,22.12,763254.0,1.8921,20
COMMITTED.NS,2026-08-19,347.0,345.10833231608075,338.4805552164714,324.8689996337891,267.0909997558594,252.5932495880127,345.06738717524456,174.25,350.0,True,True,True,True,True,True,True,True,False,57.336450221098566,noise,52.047189451769604,False,True,False,False,,Transport Services,Logistics Solution Provider,90.02433090024331,True,True,60.85,0.1,18072.0,0.1577,5
CONSOFINVT.NS,2026-08-20,271.29998779296875,281.95833079020184,271.8433329264323,258.6364001464844,230.49133392333985,215.3777001953125,277.8909903420772,152.0,320.0,True,True,True,True,True,True,True,False,False,43.105805028285275,dry,10.186443806742854,False,False,False,False,,Finance,Non Banking Financial Company (NBFC),86.61800486618006,True,True,877.01,0.44,16295.0,0.0504,5
CORDSCABLE.NS,2026-08-20,241.05999755859375,225.93250020345053,212.8158344692654,212.92800048828124,188.93313334147135,188.34195014953613,226.8915380791573,127.01000213623047,259.3999938964844,True,True,True,True,True,True,True,True,False,38.178341204756805,ppv,605.5660050487552,False,False,False,False,,Industrial Products,Cables - Electricals,84.46877534468776,True,True,311.64,1.35,56102.0,0.434,5
CRAFTSMAN.NS,2026-08-20,10690.5,10500.416666666666,9761.316840277777,9633.13931640625,8399.42181640625,8064.220478515625,10509.073592647968,6316.2925601072975,10960.0,True,True,True,True,True,True,True,True,False,55.552183172680984,noise,21.84507750386106,False,True,False,False,,Auto Components,Auto Components & Equipments,89.57826439578265,True,True,27960.4,69.48,64988.0,0.2485,20
CNL.NS,2026-08-20,1248.1500244140625,1183.683329264323,989.7249993218315,915.2759997558594,732.6243334960938,727.6854989624023,1197.5262878514075,525.0,1275.0,True,True,True,True,True,True,True,True,False,94.71363046544215,dry,4.553446251595057,False,True,False,False,,Commercial Services & Supplies,Trading & Distributors,95.25547445255475,True,True,1874.31,33.25,266430.0,1.7742,20
CREDITACC.NS,2026-08-20,1534.5,1535.2750040690105,1536.0999959309895,1495.7160034179688,1347.04400390625,1340.9210028076172,1535.759982745961,1113.0,1620.0,True,True,True,True,True,True,True,False,False,15.012745927039983,dry,15.77151116120265,False,False,False,False,,Finance,Microfinance Institutions,72.38442822384428,True,True,24591.83,49.29,321193.0,0.2004,20
CUPID.NS,2026-08-20,282.42999267578125,276.0966631571452,234.36749903361002,216.79719879150392,138.2791995747884,122.35371971130371,275.80367778781834,32.86800003051758,299.0,True,True,True,True,True,True,True,True,False,740.9659235215889,noise,67.25303485533024,False,True,False,False,,Personal Products,Personal Care,99.95944849959449,True,True,37977.25,896.22,31732602.0,2.3599,20
CYIENTDLM.NS,2026-08-20,730.25,703.8791656494141,623.1444447835287,578.1390002441407,434.25333333333333,432.8532504272461,710.7740902012575,265.20001220703125,764.7999877929688,True,True,True,True,True,True,True,True,False,74.13854521793888,noise,86.90767353421745,False,False,False,False,,Aerospace & Defense,Aerospace & Defense,92.57907542579076,True,True,5795.59,35.64,488007.0,0.6149,20
DATAPATTNS.NS,2026-08-20,4700.2001953125,4521.4667561848955,4428.483079698351,4479.298120117188,3752.530206705729,3499.7387231445314,4586.382068656215,2126.3648658097904,4945.120600593483,True,True,True,True,True,True,True,True,False,85.37763673223435,red,127.78465696506713,False,False,False,False,,Aerospace & Defense,Aerospace & Defense,94.36334144363342,True,True,26313.59,489.12,1040632.0,1.8588,20
DCBBANK.NS,2026-08-20,188.61000061035156,187.00749842325845,188.1511107550727,186.8693603515625,183.24208435058594,180.7730014038086,186.05668821697543,118.51625759687853,204.74000549316406,True,True,True,True,True,True,True,True,False,57.11810145658514,ppv,181.2763231735095,False,False,False,False,,Banks,Private Sector Bank,89.90267639902676,True,True,6074.7,20.51,1087492.0,0.3376,20
DBOL.NS,2026-08-20,135.61000061035156,118.98749923706055,111.48855675591363,111.49811203002929,105.74439544677735,98.21310432434082,121.7181450581999,68.04458797402032,139.0,True,True,True,True,True,True,True,True,False,65.4205593560327,ppv,859.5289554592957,True,False,True,False,,Agricultural Food & other Products,Sugar,91.56528791565289,True,True,892.16,1.51,111144.0,0.1689,20
DIACABS.NS,2026-08-20,353.8999938964844,359.3874994913737,291.81305609809027,267.42459991455075,188.83659993489584,177.5995999145508,355.80061565297626,115.56999969482422,379.0,True,True,True,True,True,True,True,False,False,140.60099443031882,dry,10.481725798077656,False,False,False,False,,Electrical Equipment,Other Electrical Equipment,97.76966747769667,True,True,21165.73,212.11,5993564.0,1.0021,5
DIVGIITTS.NS,2026-08-20,1263.449951171875,1166.4749908447266,1030.1527676052517,978.1509924316406,789.6319970703125,744.1532473754883,1202.106845837047,573.7000122070312,1318.800048828125,True,True,True,True,True,True,True,True,False,95.19189524697234,noise,20.337399723239137,False,False,False,False,,Auto Components,Auto Components & Equipments,95.29602595296026,True,True,3864.0,33.93,268569.0,0.8782,20
DIVISLAB.NS,2026-08-20,8570.0,8472.25,7686.259941948785,7397.015087890625,6672.89240234375,6617.8146875,8460.021842989327,5613.352076705792,8674.0,True,True,True,True,True,True,True,True,False,39.595097418295275,noise,45.26431109833492,False,True,False,False,,Pharmaceuticals & Biotechnology,Pharmaceuticals,85.15815085158151,True,True,227506.57,372.8,435007.0,0.1639,No Band
DPEL.NS,2026-08-19,578.4500122070312,558.2375030517578,554.7638897365994,534.4720001220703,438.8946659342448,398.50799919128417,568.4160952992364,123.0,599.0,True,True,True,True,True,True,True,True,False,350.8573643397946,noise,59.14322250639387,False,False,False,False,,Industrial Products,Cables - Electricals,99.55393349553934,True,True,251.91,0.59,56090.0,0.236,10
LALPATHLAB.NS,2026-08-20,1889.4000244140625,1920.3250122070312,1791.7108222113716,1746.4302099609374,1540.3261165364584,1527.6482397460939,1901.3655575474934,1266.16157090969,1988.9000244140625,True,True,True,True,True,True,True,False,False,15.80028856617326,noise,56.14938399606905,False,False,False,False,,Healthcare Services,Healthcare Service Provider,72.74939172749392,True,True,31548.78,86.33,456902.0,0.2736,20
DREDGECORP.NS,2026-08-20,1118.300048828125,1108.8250223795574,1072.3361206054688,1084.9040087890626,1017.8676692708333,995.0010018920898,1124.5341377076606,538.0,1286.0,True,True,True,True,True,True,True,False,False,76.36021004333968,red,117.58664788343015,False,False,False,False,,Engineering Services,Dredging,93.02514193025142,True,True,3131.24,49.17,439661.0,1.5702,20
DURLAX.NS,2026-08-19,59.20000076293945,58.27916590372721,53.055555237664116,51.786999740600585,49.04999590555827,46.71324691772461,59.383199407863785,30.549999237060547,72.0,True,True,True,True,True,True,True,False,False,42.307699361496674,noise,48.12650395324854,False,False,False,False,,Consumer Durables,"Furniture, Home Furnishing",86.41524736415246,True,True,140.23,0.79,102090.0,0.5649,20
DYNAMATECH.NS,2026-08-20,11765.0,11215.718587239584,10713.164523654514,10636.0271484375,10250.09170247396,9967.080456542968,11301.619374454564,6314.990438468805,12871.42671066004,True,True,True,True,True,True,True,True,False,79.48678028558956,green,128.33050294252263,False,True,False,False,,Industrial Manufacturing,Industrial Products,93.55231143552312,True,True,7990.13,20.11,17096.0,0.2517,20
E2E.NS,2026-08-20,623.8499755859375,629.0875040690104,504.0416709052192,475.64000244140624,342.61420084635415,315.1214004516602,627.1665034150843,183.36000061035156,698.0,True,True,True,True,True,True,True,False,False,202.31148175071462,noise,45.133453695114596,False,False,False,False,,IT - Services,IT Enabled Services,98.82400648824007,True,True,12817.49,120.78,1935964.0,0.9423,5
EDELWEISS.NS,2026-08-20,126.62000274658203,121.13833363850911,119.81944465637207,120.00279983520508,115.0911333211263,113.72514984130859,121.95565305480604,92.28075643341008,133.89999389648438,True,True,True,True,True,True,True,True,False,34.22572432782955,ppv,285.96123697950793,False,False,False,False,,Finance,Holding Company,83.2522303325223,True,True,11984.98,46.39,3663928.0,0.3871,20
EICHERMOT.NS,2026-08-20,8042.0,8022.125,7673.890163845486,7601.11224609375,7310.5482779947915,7253.05205078125,8006.236460913392,5765.128362508523,8165.0,True,True,True,True,True,True,True,True,False,37.45288779724159,noise,55.780522652107,False,False,False,False,,Automobiles,2/3 Wheelers,84.34712084347122,True,True,220770.36,455.56,566473.0,0.2063,No Band
ELGIEQUIP.NS,2026-08-20,632.4500122070312,597.5124969482422,587.4247656928169,591.7863549804688,537.5380653889974,523.9272578430176,606.6609792313593,406.3547440834414,644.0,True,True,True,True,True,True,True,True,False,27.003753709769818,red,208.93378700722388,False,False,False,False,,Industrial Products,"Compressors, Pumps & Diesel Engines",79.48094079480941,True,True,19937.45,32.43,512841.0,0.1627,20
EMCURE.NS,2026-08-20,1881.4000244140625,1945.0249938964844,1887.1583285861545,1856.829990234375,1672.6786629231772,1605.4259967041016,1918.9150204646671,1260.0,2048.0,True,True,True,True,True,True,True,False,False,29.32361570441062,noise,69.25035176721565,False,False,False,False,,Pharmaceuticals & Biotechnology,Pharmaceuticals,81.02189781021897,True,True,35686.42,31.16,165635.0,0.0873,10
ENTERO.NS,2026-08-20,1408.4000244140625,1364.683329264323,1266.4277750651042,1229.6819995117187,1185.3766707356772,1154.7855026245118,1377.826196143421,944.0,1467.800048828125,True,True,True,True,True,True,True,True,False,16.744031491387744,noise,44.778441815467005,False,True,False,False,,Retailing,Pharmacy Retail,73.35766423357664,True,True,6129.79,21.33,151432.0,0.3479,20
EPL.NS,2026-08-20,270.1000061035156,239.66333389282227,236.29722256130643,233.66320037841797,219.9919330851237,216.24683799743653,246.11985266745708,176.39999389648438,273.0,True,True,True,True,True,True,True,True,False,19.533421029885247,ppv,610.1901882445693,True,False,True,False,,Industrial Products,Packaging,75.06082725060827,True,True,8651.24,21.34,789966.0,0.2466,20
EQUITASBNK.NS,2026-08-20,76.98999786376953,75.42499923706055,77.0236104329427,76.79379943847657,69.22159990946452,67.41929998397828,75.62671240215532,50.0,83.9000015258789,True,True,True,True,True,True,True,True,False,45.428787043690974,green,100.5301945607052,False,False,False,False,,Banks,Other Bank,87.22627737226277,True,True,8806.86,28.5,3701849.0,0.3236,20
ESAFSFB.NS,2026-08-20,43.27000045776367,40.48749987284342,37.68472226460775,36.10060001373291,29.684866638183593,28.89839994430542,40.646427958486896,19.780000686645508,44.25,True,True,True,True,True,True,True,True,False,46.08372461775916,noise,40.343639093686626,False,False,True,False,,Banks,Other Bank,87.55068937550689,True,True,2232.81,12.6,2912529.0,0.5644,5
FEDERALBNK.NS,2026-08-20,355.29998779296875,354.7731196085612,345.4177542792426,338.03558349609375,301.29813395182293,289.31410636901853,355.2946624737127,187.75854034199187,370.4344787597656,True,True,True,True,True,True,True,True,False,83.12672244555061,noise,66.50944799791269,False,False,False,False,,Banks,Private Sector Bank,93.91727493917274,True,True,87740.96,367.49,10343059.0,0.4188,No Band
FCL.NS,2026-08-20,43.54999923706055,42.580000241597496,39.944722175598145,40.427399978637695,30.684866625467937,29.218349990844725,42.933319073741025,19.100000381469727,47.18000030517578,True,True,True,True,True,True,True,True,False,79.46548345284079,noise,78.74396750824008,False,True,False,False,,Chemicals & Petrochemicals,Specialty Chemicals,93.5117599351176,True,True,5071.4,84.16,19323991.0,1.6594,10
FINCABLES.NS,2026-08-20,1291.199951171875,1196.6624959309895,1095.7208319769966,1095.6209985351563,964.3706673177084,914.8002517700195,1236.6278113898572,700.7999877929688,1374.0,True,True,True,True,True,True,True,True,False,57.19337531047613,noise,49.88558980150429,False,False,False,False,,Industrial Products,Cables - Electricals,89.94322789943227,True,True,19747.53,119.35,924336.0,0.6044,20
NYKAA.NS,2026-08-20,330.3500061035156,328.6291681925456,325.69861178927954,315.325,277.66279947916667,272.8466497039795,328.2731298876371,211.16000366210938,348.0,True,True,True,True,True,True,True,True,False,53.55117925105404,noise,83.54499411026133,False,False,False,False,,Retailing,E-Retail/ E-Commerce,89.25385239253852,True,True,94648.24,250.25,7575315.0,0.2644,No Band
FUSION.NS,2026-08-20,203.32000732421875,202.9791692097982,212.89250098334418,203.02200103759765,185.7125338745117,181.02645034790038,200.76459058674675,136.5,243.0,True,True,True,True,True,True,True,True,False,33.30710833249712,noise,82.13697309698442,False,False,False,False,,Finance,Microfinance Institutions,82.84671532846716,True,True,3288.02,17.25,848549.0,0.5247,20
GABRIEL.NS,2026-08-20,1436.800048828125,1478.668965657552,1383.898898654514,1320.608426513672,1089.2771797688802,1081.7727947998046,1456.265147250623,794.0570601010174,1596.6964052725275,True,True,True,True,True,True,True,False,False,34.45945436512696,noise,22.624311768330426,False,False,False,False,,Auto Components,Auto Components & Equipments,83.4955393349554,True,True,25464.41,71.13,495026.0,0.2793,20
GANDHAR.NS,2026-08-20,254.08999633789062,244.16083526611328,223.54301495022244,207.7825848388672,164.84841069539388,158.10188610076904,246.24712288056713,113.93974378848462,300.3749196686875,True,True,True,True,True,True,True,True,False,71.28237842859615,noise,27.794996291681922,False,False,False,False,,Petroleum Products,Lubricants,92.33576642335767,True,True,2487.02,71.77,2824536.0,2.8857,20
GANESHBE.NS,2026-08-20,118.05999755859375,117.17000007629395,110.1947227054172,108.93780059814453,93.94353332519532,91.02565006256104,116.1465482491008,68.4000015258789,129.99000549316406,True,True,True,True,True,True,True,True,False,18.130873198458296,dry,15.121794295561926,False,False,False,False,,Oil,Oil Storage & Transportation,74.08759124087592,True,True,849.91,9.53,807555.0,1.1218,5
GRWRHITECH.NS,2026-08-20,7109.5,7126.208333333333,7017.333333333333,6883.31,5115.188004557292,4716.186000976562,7098.776443995741,2671.6173087131406,7990.0,True,True,True,True,True,True,True,True,False,157.25554328685706,noise,33.51824790369294,False,False,False,False,,Industrial Products,Plastic Products - Industrial,98.29683698296837,True,True,16517.07,51.55,72512.0,0.3121,20
GHCLTEXTIL.NS,2026-08-20,123.7699966430664,120.85083325703938,114.30305523342557,108.4472819519043,90.40783554077149,86.47876796722412,121.77201352301846,64.84792129679248,129.44000244140625,True,True,True,True,True,True,True,True,False,59.74926815472579,noise,46.75854192824514,False,False,False,False,,Textiles & Apparels,Other Textile Products,90.51094890510949,True,True,1183.07,11.06,893755.0,0.935,20
GLAND.NS,2026-08-20,2820.0,2793.9213256835938,2570.0681762695312,2483.030029296875,2054.925662434896,1975.9447729492188,2812.326899808325,1561.8007505195303,3039.800048828125,True,True,True,True,True,True,True,True,False,43.805273651847344,noise,69.68733183648476,False,False,False,False,,Pharmaceuticals & Biotechnology,Pharmaceuticals,86.7396593673966,True,True,46520.6,205.43,728490.0,0.4416,20
GLENMARK.NS,2026-08-20,2332.89990234375,2289.7666625976562,2253.1361016167534,2228.8079931640623,2186.258663736979,2126.5474981689454,2291.7547491516507,1792.5999755859375,2474.0,True,True,True,True,True,True,True,True,False,14.380417827436421,green,102.50633085780501,False,False,False,False,,Pharmaceuticals & Biotechnology,Pharmaceuticals,72.01946472019465,True,True,65840.19,137.71,590305.0,0.2092,No Band
GLOBAL.NS,2026-08-20,106.29000091552734,104.1950003306071,102.7238900926378,103.29381805419922,99.31686498006185,95.3502904510498,105.41262456944007,54.66141601481325,121.30373994727256,True,True,True,True,True,True,True,True,False,65.53530155715535,noise,41.27655164359453,False,False,False,False,,Other Consumer Services,Education,91.6058394160584,True,True,541.03,0.78,73213.0,0.1438,20
GNA.NS,2026-08-20,566.1500244140625,548.6250050862631,519.966668870714,486.3504162597656,425.87263549804686,398.18828338623047,555.6552567152381,289.7233688082436,601.6500244140625,True,True,True,True,True,True,True,True,False,91.2807640258284,noise,55.931515789686244,False,False,False,False,,Auto Components,Auto Components & Equipments,94.93106244931062,True,True,2430.53,30.78,543708.0,1.2665,20
EBGNG.NS,2026-08-20,624.75,566.1750081380209,577.2333340115017,562.2850006103515,437.0250005086263,406.4930002593994,579.3064244693129,239.0,689.5,True,True,True,True,True,True,True,True,False,87.6971574414525,ppv,178.03014394900663,False,False,False,False,,IT - Hardware,Computers Hardware & Equipments,94.48499594484996,True,True,7122.87,44.31,709257.0,0.6221,10
GOKULAGRO.NS,2026-08-20,243.69000244140625,232.73583348592123,220.1966658698188,220.53839965820313,203.64959971110025,199.89309959411622,234.96200371072,149.02499389648438,257.989990234375,True,True,True,True,True,True,True,True,False,59.58743111436029,ppv,790.7018700284451,False,False,True,False,,Agricultural Food & other Products,Edible Oil,90.42984590429846,True,True,7190.97,10.52,431793.0,0.1463,20
GOLDIAM.NS,2026-08-20,363.1499938964844,369.0499954223633,357.2170121934679,355.3157489013672,298.07756174723306,292.49160415649413,366.24612236740074,198.75,398.20001220703125,True,True,True,True,True,True,True,False,False,35.975425533859884,noise,25.461768398945892,False,False,False,False,,Consumer Durables,"Gems, Jewellery And Watches",84.0227088402271,True,True,5467.48,54.9,1511813.0,1.0041,20
GULFPETRO.NS,2026-08-20,67.52999877929688,60.268081982930504,47.5076789855957,45.28065795898438,36.790184275309244,36.716971168518064,61.159709778099135,23.06491811108752,67.83999633789062,True,True,True,True,True,True,True,True,False,64.14728705531503,green,163.86401061596234,False,False,True,False,,Petroleum Products,Lubricants,91.36253041362531,True,True,344.3,1.1,163413.0,0.3205,5
GFSTEELS.NS,2026-08-19,15.0,14.763333320617676,14.258888774447971,14.077199821472169,12.78686653137207,12.305199933052062,14.85371073680573,9.729999542236328,15.0,True,True,True,True,True,True,True,True,False,54.162391631032115,dry,0.0,False,False,True,False,,Industrial Products,Iron & Steel Products,89.33495539334956,True,True,45.65,0.0,1695.0,0.0056,—
GRANULES.NS,2026-08-20,841.5999755859375,854.1666666666666,856.4413740370009,832.3993359375,707.568496500651,673.799482421875,850.8935584595778,451.55935181022124,908.1083439738012,True,True,True,True,True,True,True,False,False,83.57708386837032,noise,40.77881683680196,False,True,False,False,,Pharmaceuticals & Biotechnology,Pharmaceuticals,93.95782643957827,True,True,20854.59,93.13,1106586.0,0.4466,20
GRASIM.NS,2026-08-20,3300.0,3280.1989542643228,3180.4479370117188,3163.4432763671875,2936.2661865234377,2897.549949951172,3267.0063070273886,2494.7282248871606,3411.10009765625,True,True,True,True,True,True,True,True,False,20.553568200286175,green,162.40574606419798,False,False,False,False,,Cement & Cement Products,Cement & Cement Products,75.83130575831306,True,True,223823.41,246.54,747098.0,0.1102,No Band
GRETEX.NS,2026-08-19,300.0,293.22083282470703,292.8097220526801,284.50700012207034,263.58800028483074,245.43400009155275,297.391837933721,180.5,304.0,True,True,True,True,True,True,True,True,False,27.118644067796605,dry,0.0,False,False,False,False,,Entertainment,Media & Entertainment,79.68369829683698,True,True,194.07,0.09,6943.0,0.0469,5
GAEL.NS,2026-08-20,183.36000061035156,173.29499944051108,163.0013885498047,161.97119995117188,151.3710666402181,143.2096500015259,174.1467816801184,101.19999694824219,184.6699981689453,True,True,True,True,True,True,True,True,False,77.2565948409542,green,150.53381895385002,False,False,True,False,,Agricultural Food & other Products,Other Agricultural Products,93.22789943227899,True,True,8410.19,22.88,1247732.0,0.272,20
GUJALKALI.NS,2026-08-20,676.8499755859375,679.7874959309896,647.1124979654948,643.2140002441406,602.7566666666667,582.7777500915528,677.8340146665804,409.1499938964844,815.0,True,True,True,True,True,True,True,False,False,26.22857761425643,noise,49.37654494890574,False,False,False,False,,Chemicals & Petrochemicals,Commodity Chemicals,79.1970802919708,True,True,4970.58,6.38,94199.0,0.1283,20
FLUOROCHEM.NS,2026-08-20,4682.7001953125,4603.0666910807295,4342.155571831598,4186.922006835937,3667.6773388671877,3634.9975036621095,4634.756324015636,2916.60009765625,4958.89990234375,True,True,True,True,True,True,True,True,False,38.266330979074795,red,132.58972844117469,False,False,False,False,,Chemicals & Petrochemicals,Specialty Chemicals,84.54987834549878,True,True,51439.46,78.73,168137.0,0.1531,20
HAPPYFORGE.NS,2026-08-20,2328.199951171875,2053.4750061035156,1746.2215643988716,1665.0904174804687,1400.6072875976563,1316.5625537109374,2117.9262557378283,859.888472776414,2340.0,True,True,True,True,True,True,True,True,False,148.4488113510044,noise,67.40735685482517,False,True,True,False,,Industrial Products,Castings & Forgings,98.01297648012977,True,True,21973.26,29.45,126510.0,0.134,10
HEG.NS,2026-08-20,711.9500122070312,693.9208272298177,624.4387978447808,596.9311840820312,573.2943967692057,566.2868302917481,697.8828085301467,457.2157644322142,749.0,True,True,True,True,True,True,True,True,False,39.321652237439466,noise,70.06789058166942,False,False,False,False,,Industrial Products,Electrodes & Refractories,85.07704785077048,True,True,13739.04,120.53,1692974.0,0.8773,20
HESTERBIO.NS,2026-08-20,2413.10009765625,2443.8250122070312,2373.2467990451387,2292.7326220703126,1815.4947998046875,1765.0135021972656,2435.301374226384,1233.9436104429194,2683.60009765625,True,True,True,True,True,True,True,False,False,27.04173664160894,dry,5.810659945774796,False,False,False,False,,Pharmaceuticals & Biotechnology,Pharmaceuticals,79.64314679643147,True,True,2052.79,7.44,30838.0,0.3625,20
HFCL.NS,2026-08-20,223.89999389648438,218.58666610717773,212.41916614108615,207.5597994995117,134.60653333028156,118.36045015335083,220.46995756096652,59.81999969482422,234.39999389648438,True,True,True,True,True,True,True,True,False,215.40450140285964,noise,42.04055057079378,False,False,False,False,,Telecom - Services,Telecom - Infrastructure,99.02676399026764,True,True,34262.6,697.24,31140799.0,2.035,5
HIRECT.NS,2026-08-20,1278.4000244140625,1272.2166748046875,1226.9732801649307,1202.6807080078124,939.7227856445312,893.9756417846679,1268.7685106588451,564.6092543150997,1397.5377365248423,True,True,True,True,True,True,True,True,False,28.281643945825707,dry,18.683966998553707,False,True,False,False,,Industrial Manufacturing,Industrial Products,80.41362530413625,True,True,4394.15,26.52,207444.0,0.6035,20
HINDALCO.NS,2026-08-20,1029.8499755859375,1045.3583272298176,988.7228478325737,991.7922290039063,986.2208671061198,948.0269372558594,1036.0206588930828,667.4679914277997,1169.8969824893504,True,True,True,True,True,True,True,False,False,47.78336280581532,noise,75.36042971652573,False,False,False,False,,Non - Ferrous Metals,Aluminium,87.8345498783455,True,True,228609.92,572.01,5554304.0,0.2502,No Band
HITECHCORP.NS,2026-08-20,330.1499938964844,326.79583231608075,321.9830568101671,319.33160095214845,212.10646692911783,203.71870014190674,328.4209147274903,112.0,338.3999938964844,True,True,True,True,True,True,True,True,False,77.70063287963231,red,142.37278628008752,False,False,False,False,,Industrial Products,Packaging,93.30900243309003,True,True,567.06,1.05,31723.0,0.1847,5
HOACFOODS.NS,2026-08-19,810.0,774.4166717529297,729.8305596245659,706.7050024414062,511.6426680501302,466.5285009765625,787.8859320101235,190.1999969482422,828.0,True,True,True,True,True,True,True,True,False,297.4484729493794,noise,111.85682326621924,False,False,True,False,,Food Products,Other Food Products,99.4728304947283,True,True,56.3,0.06,3801.0,0.0989,5
HONASA.NS,2026-08-20,483.79998779296875,476.1333312988281,466.3416680230035,452.01300170898435,365.3543345133464,343.9980009460449,477.0703969443351,248.39999389648438,509.79998779296875,True,True,True,True,True,True,True,True,False,69.66508790058002,noise,42.34794025112962,False,False,False,False,,Personal Products,Personal Care,92.1735604217356,True,True,15773.05,143.22,2960269.0,0.908,20
IGPL.NS,2026-08-20,471.04998779296875,478.6999969482422,455.5656017727322,451.0682360839844,407.8968963623047,403.1575634765625,473.2292487001502,311.6019343179066,532.4500122070312,True,True,True,True,True,True,True,False,False,12.20237091399694,noise,74.46569222855287,False,False,False,False,,Chemicals & Petrochemicals,Commodity Chemicals,70.39740470397405,True,True,1450.59,2.2,46601.0,0.1513,20
IFCI.NS,2026-08-20,81.76000213623047,77.25750096638997,75.20361137390137,76.93160034179688,65.59786669413249,62.14630002975464,78.54445661116425,46.22999954223633,95.80000305175781,True,True,True,True,True,True,True,True,False,54.84849113187633,ppv,44.14948368419538,False,False,False,False,,Finance,Financial Institution,89.41605839416059,True,True,22028.71,452.86,55388655.0,2.0558,20
IMPEXFERRO.NS,2026-08-20,3.8499999046325684,3.43833335240682,2.712500015894572,2.6524000215530394,2.0329333408673604,1.9880500060319901,3.5125336701642675,1.2999999523162842,3.8499999046325684,True,True,True,True,True,True,True,True,False,106.9892405926086,ppv,56.75700723566318,False,False,True,False,,Ferrous Metals,Ferro & Silica Manganese,96.10705596107056,True,True,34.4,0.01,31995.0,0.0358,2
INDSWFTLAB.NS,2026-08-20,333.510009765625,285.2916653951009,246.8147235446506,228.73320068359374,166.95753321329752,149.1121500015259,301.79612594186415,87.1500015258789,351.29998779296875,True,True,True,True,True,True,True,True,False,228.77563262901828,noise,53.55932744095014,False,True,False,False,,Pharmaceuticals & Biotechnology,Pharmaceuticals,99.18896999188969,True,True,2900.26,49.47,1483208.0,1.7056,20
INDNIPPON.NS,2026-08-20,1100.800048828125,1132.3250020345051,1139.286109076606,1080.792998046875,883.0841735839844,871.2486428833008,1127.9991283365976,675.0,1278.199951171875,True,True,True,True,True,True,True,False,False,39.05896242344839,noise,27.194500816702288,False,False,False,False,,Auto Components,Auto Components & Equipments,84.95539334955393,True,True,2490.17,7.98,72512.0,0.3205,20
IMFA.NS,2026-08-20,1421.9000244140625,1451.6083272298176,1395.8330518934463,1392.5124072265626,1359.3427815755208,1352.7324243164062,1434.4839027619314,789.6800656621365,1670.7880501060147,True,True,True,True,True,True,True,False,False,74.45664481204304,noise,86.35125667283191,False,False,False,False,,Ferrous Metals,Ferro & Silica Manganese,92.61962692619628,True,True,7671.73,24.05,169125.0,0.3135,20
INDOBORAX.NS,2026-08-20,498.1499938964844,431.9916636149089,411.05879380967883,391.9132824707031,293.8728029378255,279.47151542663573,439.2595787071125,204.51708976468473,509.8999938964844,True,True,True,True,True,True,True,True,False,110.2524916267405,ppv,880.6510799024675,True,False,True,False,,Chemicals & Petrochemicals,Commodity Chemicals,96.26926196269262,True,True,1598.56,25.36,509166.0,1.5867,20
ICIL.NS,2026-08-20,435.1000061035156,419.6291681925456,415.03055487738715,403.5470001220703,317.1225338745117,310.3106502532959,421.2954021827494,216.89999389648438,463.79998779296875,True,True,True,True,True,True,True,True,False,75.26687053515231,noise,70.62181791987112,False,False,False,False,,Textiles & Apparels,Other Textile Products,92.86293592862937,True,True,8617.34,57.3,1316839.0,0.6649,20
INDOTECH.NS,2026-08-20,3727.800048828125,3674.5,3446.9805501302085,3246.6579931640626,2285.960663248698,2122.4859967041016,3655.5130674829456,1100.0,3976.800048828125,True,True,True,True,True,True,True,True,False,105.3431749859818,ppv,228.31928279397243,False,False,False,False,,Electrical Equipment,Heavy Electrical Equipment,95.9448499594485,True,True,3958.92,10.23,27450.0,0.2585,5
INDUSINDBK.NS,2026-08-20,1008.0,1017.6583353678385,1001.7902781168619,978.1577209472656,918.3209488932291,899.707261352539,1015.0258925491871,709.4508644993872,1068.800048828125,True,True,True,True,True,True,True,False,False,28.935910582965008,noise,42.51082621044789,False,False,False,False,,Banks,Private Sector Bank,80.90024330900243,True,True,78537.37,188.5,1870055.0,0.24,No Band
INGERRAND.NS,2026-08-20,4705.60009765625,4464.0666910807295,4428.088717990451,4423.336313476562,4037.702451171875,3923.665411376953,4541.933749901623,3049.5386808320995,4768.7001953125,True,True,True,True,True,True,True,True,False,35.691636241164424,noise,79.350614642391,False,True,True,False,,Industrial Products,"Compressors, Pumps & Diesel Engines",83.98215733982157,True,True,14854.64,12.09,25703.0,0.0814,20
INNOVACAP.NS,2026-08-20,1084.199951171875,1010.8041585286459,986.1194390190972,974.6519958496094,817.7692354329428,795.610322265625,1029.4240106606587,622.0,1120.0,True,True,True,True,True,True,True,True,False,20.555539229801912,green,169.09816924015152,False,False,True,False,,Pharmaceuticals & Biotechnology,Pharmaceuticals,75.87185725871858,True,True,6204.33,6.82,62904.0,0.1099,20
IOLCP.NS,2026-08-20,163.75,162.8666674296061,157.6569446987576,150.29780075073242,108.66492670694987,102.85869693756104,160.96875420404754,67.07081715721031,179.60000610351562,True,True,True,True,True,True,True,True,False,79.7181838574804,noise,41.84713859400036,False,False,False,False,,Pharmaceuticals & Biotechnology,Pharmaceuticals,93.59286293592864,True,True,4806.51,84.24,5144299.0,1.7526,20
IPCALAB.NS,2026-08-20,1900.0999755859375,1793.7244466145833,1777.8311123318142,1725.190908203125,1582.9823217773437,1538.436934814453,1829.5624329758346,1247.2697331943216,1945.0999755859375,True,True,True,True,True,True,True,True,False,38.49762258910052,noise,57.4896259833106,False,True,False,False,,Pharmaceuticals & Biotechnology,Pharmaceuticals,84.75263584752636,True,True,48206.34,71.18,374601.0,0.1477,20
IRISDOREME.NS,2026-08-20,59.27000045776367,56.79749997456869,49.769166734483505,46.66700004577637,37.94326670328776,37.04309995651245,57.164380420734375,26.350000381469727,60.18000030517578,True,True,True,True,True,True,True,True,False,77.98799344055345,ppv,242.997173715762,False,False,True,False,,Textiles & Apparels,Garments & Apparels,93.34955393349554,True,True,1011.61,4.35,734714.0,0.4305,20
JBCHEPHARM.NS,2026-07-23,2408.89990234375,2436.3249715169272,2303.0249837239585,2263.6420751953124,2060.3379996744793,1975.5422283935548,2415.5456549818637,1615.9959315693322,2525.5,True,True,True,True,True,True,True,False,False,47.795286942721546,dry,0.0,False,False,False,False,,Pharmaceuticals & Biotechnology,Pharmaceuticals,87.87510137875101,True,True,38792.59,67.84,280769.0,0.1749,—
JGCHEM.NS,2026-08-20,619.9000244140625,600.3708343505859,512.2444466484917,488.69300231933596,410.33766743977867,402.04250061035157,603.6679695535513,298.3999938964844,663.0999755859375,True,True,True,True,True,True,True,True,False,21.323027616033396,noise,35.43343301340144,False,False,False,False,,Chemicals & Petrochemicals,Commodity Chemicals,76.31792376317924,True,True,2429.14,26.45,426689.0,1.0889,20
JSFB.NS,2026-08-20,562.8499755859375,558.5291646321615,526.0972188313802,508.8269982910156,442.2763330078125,441.8282498168945,561.3676736259268,330.0,593.0,True,True,True,True,True,True,True,True,False,18.632092128671296,noise,30.30937759770474,False,False,False,False,,Banks,Other Bank,74.65531224655312,True,True,5952.28,45.28,804416.0,0.7607,20
JAYNECOIND.NS,2026-08-20,93.68000030517578,91.25,89.44166670905219,89.21160018920898,87.86366663614909,85.08859996795654,90.87879066860911,56.709999084472656,117.0,True,True,True,True,True,True,True,True,False,63.09192643611168,ppv,181.9314815424114,False,False,False,False,,Industrial Products,Iron & Steel Products,91.24087591240875,True,True,9096.31,38.65,4125627.0,0.4249,20
JINDALSAW.NS,2026-08-20,269.75,269.4499969482422,264.187498304579,260.1677990722656,221.76224436442058,207.4819648742676,268.38866400561733,151.60325107352764,281.0,True,True,True,True,True,True,True,True,False,33.98724454761557,noise,43.17351303785459,False,True,False,False,,Industrial Products,Iron & Steel Products,83.09002433090025,True,True,17199.83,49.61,1839177.0,0.2884,20
KABRAEXTRU.NS,2026-08-20,529.0999755859375,496.6374969482422,387.25027635362414,346.23619873046874,268.86933268229166,258.69479934692384,496.15369654547936,180.0,541.0,True,True,True,True,True,True,True,True,False,107.20578145255541,green,176.96768900937317,False,False,True,False,,Industrial Manufacturing,Industrial Products,96.14760746147607,True,True,1850.41,10.96,207192.0,0.5924,20
KPIL.NS,2026-08-20,1387.5999755859375,1353.6166483561199,1332.941657172309,1339.5465307617187,1225.818240559896,1217.3709906005859,1366.4220316454705,999.0966928066694,1468.0,True,True,True,True,True,True,True,True,False,13.522873364663468,noise,51.52867585975266,False,True,False,False,,Construction,Civil Construction,71.37064071370641,True,True,23696.4,38.25,275650.0,0.1614,20
KAMDHENU.NS,2026-08-20,33.65999984741211,34.31166617075602,33.563610871632896,32.32119979858398,25.860599975585938,25.769550008773805,34.044300226027715,16.149999618530273,37.060001373291016,True,True,True,True,True,True,True,False,False,15.591670027371872,noise,26.834664452285967,False,True,False,False,,Industrial Products,Iron & Steel Products,72.62773722627736,True,True,948.82,4.56,1353457.0,0.4801,5
KANORICHEM.NS,2026-08-20,153.42999267578125,153.0083325703939,145.17888832092285,136.59440017700194,97.01740008036296,91.73595018386841,152.26208083189496,56.0,164.60000610351562,True,True,True,True,True,True,True,True,False,82.24253263629964,noise,54.79123290273953,False,False,False,False,,Industrial Manufacturing,Industrial Products,93.87672343876723,True,True,670.39,0.59,38612.0,0.0884,5
KAPSTON.NS,2026-08-20,524.7999877929688,546.2250061035156,468.6527837117513,435.9750054931641,369.6492224121094,353.7331669616699,535.9692056871932,237.1999969482422,600.0,True,True,True,True,True,True,True,False,False,112.57290076694449,noise,44.48616338057568,False,False,False,False,,Commercial Services & Supplies,Diversified Commercial Services,96.43146796431468,True,True,1597.08,2.76,52519.0,0.1726,20
KTKBANK.NS,2026-08-20,335.04998779296875,311.41666412353516,288.08888753255206,283.3359991455078,246.92479960123697,234.2930994415283,313.7198374522762,164.46822856250571,337.8999938964844,True,True,True,True,True,True,True,True,False,102.79384362130189,ppv,236.35129709093565,False,False,True,False,,Banks,Private Sector Bank,95.82319545823196,True,True,12670.97,91.81,2740229.0,0.7246,20
KARURVYSYA.NS,2026-08-20,334.1000061035156,334.6374994913737,323.3575693766276,314.08539306640625,299.12826934814456,287.2038301086426,334.1521354001135,200.26247523540303,351.79998779296875,True,True,True,True,True,True,True,False,False,53.07374380249472,noise,55.881024383322476,False,False,False,False,,Banks,Private Sector Bank,89.09164639091647,True,True,32296.35,123.2,3687584.0,0.3815,20
KDDL.NS,2026-08-20,3942.699951171875,3894.1666666666665,3446.499993218316,3320.3519873046876,2704.8926627604164,2635.045946044922,3889.963524732491,1990.0,4155.5,True,True,True,True,True,True,True,True,False,56.4232499013958,noise,42.24294579327898,False,False,False,False,,Consumer Durables,"Gems, Jewellery And Watches",89.78102189781022,True,True,4849.24,22.47,56983.0,0.4633,20
KEI.NS,2026-08-20,5675.0,5694.9083251953125,5266.31110297309,5319.223994140625,4888.395540364583,4716.039739990234,5658.780922709925,3724.290243524651,5899.0,True,True,True,True,True,True,True,True,False,45.632831943591334,noise,76.17823734086915,False,False,False,False,,Industrial Products,Cables - Electricals,87.30738037307381,True,True,54253.34,209.9,369860.0,0.3869,No Band
KESORAMIND.NS,2026-08-20,11.680000305175781,12.225000063578287,11.621944427490234,11.586600017547607,10.632600011825561,9.943199996948243,11.95726300123395,4.550000190734863,14.260000228881836,True,True,True,True,True,True,True,False,False,116.29629812776957,noise,53.5246495611827,False,False,False,False,,Cement & Cement Products,Cement & Cement Products,96.71532846715328,True,True,362.86,0.63,540533.0,0.174,2
KINGFA.NS,2026-08-20,5857.5,5744.583333333333,5309.513888888889,5245.8,4792.377342122396,4648.419007568359,5782.71505252301,3495.300048828125,6200.0,True,True,True,True,True,True,True,True,False,62.6405664306539,green,147.3680632829275,False,True,False,False,,Industrial Products,Plastic Products - Industrial,91.20032441200324,True,True,7937.72,6.99,11941.0,0.0881,20
KECL.NS,2026-08-20,130.69000244140625,142.32083384195963,130.1411109500461,123.69300003051758,108.93760025024415,107.96485023498535,137.69067120920818,75.47000122070312,155.0,True,True,True,True,True,True,True,False,False,11.968815177004299,noise,74.00745892867491,False,False,False,False,,Electrical Equipment,Other Electrical Equipment,70.23519870235198,True,True,867.97,2.27,173548.0,0.2613,10
KMEW.NS,2026-08-20,2691.800048828125,2645.9166666666665,2475.3416680230034,2372.4339965820313,1972.1859928385418,1871.2807427978516,2670.8334697358496,825.0999755859375,2999.89990234375,True,True,True,True,True,True,True,True,False,222.54509474582775,noise,42.98611321142883,False,False,False,False,,Engineering Services,Dredging,99.06731549067315,True,True,6621.83,31.92,118565.0,0.482,20
KODYTECH.NS,2026-08-19,1401.1500244140625,1387.8125,1277.4972161187065,1203.3109936523438,926.4756640625,909.447748413086,1389.6059763303429,556.0499877929688,1460.5,True,True,True,True,True,True,True,True,False,90.63265638286563,red,310.9361201059758,False,False,False,False,,IT - Software,Computers - Software & Consulting,94.72830494728305,True,True,4525.38,7.6,21412.0,0.168,5
KOPRAN.NS,2026-08-20,199.72000122070312,187.93445205688477,190.92239676581488,189.08276458740235,158.62603515625,154.1811452484131,192.97181685295777,105.19368133041839,215.30295135170883,True,True,True,True,True,True,True,True,False,30.84619742437269,noise,89.53653622942089,False,True,False,False,,Pharmaceuticals & Biotechnology,Pharmaceuticals,81.79237631792377,True,True,964.36,9.44,472899.0,0.9794,5
KRISHANA.NS,2026-08-20,196.52000427246094,186.75083287556967,162.01666641235352,155.16591766357422,126.84134668986003,120.8757831954956,188.03247300746602,86.13667447448749,200.36000061035156,True,True,True,True,True,True,True,True,False,80.76017002141059,noise,58.341519724665325,False,True,True,False,,Fertilizers & Agrochemicals,Fertilizers,93.67396593673966,True,True,6075.18,27.86,1417423.0,0.4585,20
KRN.NS,2026-08-20,1518.300048828125,1369.2333272298176,1276.199998643663,1260.923994140625,1063.840664876302,991.8097479248047,1425.0241300980988,589.7999877929688,1598.199951171875,True,True,True,True,True,True,True,True,False,77.99531639251171,noise,91.04848739550792,False,True,False,False,,Industrial Products,Other Industrial Products,93.39010543390106,True,True,9938.56,22.02,145051.0,0.2216,5
LAURUSLABS.NS,2026-08-20,1825.0,1830.066670735677,1686.8055623372395,1616.3680102539063,1286.4656884765625,1222.8881097412109,1814.8884776653829,821.6033372206257,1870.800048828125,True,True,True,True,True,True,True,True,False,106.84742111057352,noise,59.27007183161655,False,False,False,False,,Pharmaceuticals & Biotechnology,Pharmaceuticals,96.06650446066504,True,True,98606.98,383.81,2103076.0,0.3892,No Band
THELEELA.NS,2026-08-20,539.7000122070312,513.6166687011719,495.43472459581164,487.7510015869141,445.6140010579427,439.1450006103516,516.610271126803,384.5,544.3499755859375,True,True,True,True,True,True,True,True,False,22.882513025210493,ppv,236.2678850935489,False,False,True,False,,Leisure Services,Hotels & Resorts,77.33171127331711,True,True,18023.71,25.64,475143.0,0.1423,10
LINCOLN.NS,2026-08-20,622.5999755859375,609.0499928792318,603.1361100938585,609.6059985351562,599.8536651611328,575.6362483215332,610.9606999426885,440.0,770.0,True,True,True,True,True,True,True,True,False,14.251386746039962,noise,31.032544495329912,False,False,False,False,,Pharmaceuticals & Biotechnology,Pharmaceuticals,71.93836171938361,True,True,1247.05,4.76,76452.0,0.3817,20
LLOYDSENGG.NS,2026-08-20,92.25,92.69297790527344,89.65772077772353,87.6013720703125,65.27650599161784,62.62897916793823,92.39124122033388,37.297425311917706,99.47641802454628,True,True,True,True,True,True,True,False,False,33.86933952331172,noise,23.55346393135669,False,False,False,False,,Industrial Manufacturing,Industrial Products,83.00892133008921,True,True,13642.07,154.38,16734700.0,1.1316,20
LLOYDSME.NS,2026-08-20,1891.4000244140625,1973.9916687011719,1917.1722276475693,1871.5820043945312,1581.9014241536458,1507.2958020019532,1943.152520849256,1042.2770517704853,2125.0,True,True,True,True,True,True,True,False,False,37.20948025840567,noise,54.492213193903474,False,False,False,False,,Minerals & Mining,Industrial Minerals,84.22546634225466,True,True,106408.21,100.02,528802.0,0.094,20
LMW.NS,2026-08-20,19570.0,18236.833333333332,16732.03333875868,16546.860546875,15218.102819010417,15212.079018554687,18729.04568167484,11893.875786654997,20151.0,True,True,True,True,True,True,True,True,False,33.05056759189633,noise,59.405903798484474,False,False,False,False,,Industrial Manufacturing,Industrial Products,82.80616382806164,True,True,20906.63,9.43,4821.0,0.0451,20
LOKESHMACH.NS,2026-08-20,329.3999938964844,340.59583282470703,331.24166785346137,315.1150018310547,249.28233357747396,229.3290503692627,335.4321604535383,138.9600067138672,358.25,True,True,True,True,True,True,True,False,False,62.15417686629661,noise,64.79828218325353,False,False,False,False,,Industrial Manufacturing,Industrial Products,91.0786699107867,True,True,717.99,0.76,23023.0,0.1056,2
LUMAXTECH.NS,2026-08-20,2043.699951171875,1922.8833312988281,1638.2645128038193,1625.9636938476563,1613.2239322916666,1577.1689587402343,1946.7528337891868,996.6610563740305,2110.0,True,True,True,True,True,True,True,True,False,104.07500559341622,noise,52.462946386126674,False,False,False,False,,Auto Components,Auto Components & Equipments,95.90429845904298,True,True,13929.39,52.28,255807.0,0.3753,20
MBAPL.NS,2026-08-20,163.41000366210938,163.49250030517578,147.99861166212293,138.3018051147461,111.49101654052734,104.08565441131591,163.39032457505735,74.56403046577304,172.85000610351562,True,True,True,True,True,True,True,True,False,84.91652393324193,noise,21.750996923640216,False,False,False,False,,Fertilizers & Agrochemicals,Fertilizers,94.16058394160584,True,True,7159.56,20.06,1227734.0,0.2802,20
MMFL.NS,2026-08-20,638.9500122070312,630.1708272298177,558.5236095852322,530.1018963623047,472.3242775472005,440.10034103393554,630.7650898689004,285.5132388663281,687.9500122070312,True,True,True,True,True,True,True,True,False,116.17398395321902,noise,98.2329984020198,False,False,False,False,,Auto Components,Auto Components & Equipments,96.67477696674777,True,True,3084.95,9.78,153130.0,0.3172,20
MACPOWER.NS,2026-08-20,1945.9000244140625,1770.9666849772136,1508.6083407931858,1400.33701171875,1121.2280033365885,1079.0502526855469,1807.2171050154984,761.0,2000.0,True,True,True,True,True,True,True,True,False,128.53592927732853,noise,75.94323674501234,False,False,False,False,,Industrial Manufacturing,Industrial Products,97.2830494728305,True,True,1946.71,10.87,55842.0,0.5582,20
MADHUSUDAN.NS,2026-08-19,223.64999389648438,227.77083460489908,234.7902772691515,216.3459994506836,168.58233317057292,158.1752498626709,227.70925247144825,108.5999984741211,260.0,True,True,True,True,True,True,True,False,False,64.63009484597777,noise,33.482142857142854,False,False,False,False,,Food Products,Other Food Products,91.48418491484185,True,True,209.04,1.02,63015.0,0.4885,5
MAGSON.NS,2026-08-19,194.6999969482422,184.17916615804037,180.70555538601346,176.52700012207032,162.48666666666668,151.31849990844728,186.55608786509853,100.5,199.9499969482422,True,True,True,True,True,True,True,True,False,62.31763393229117,noise,36.666666666666664,False,False,True,False,,Food Products,Packaged Foods,91.11922141119221,True,True,73.0,0.22,23848.0,0.3038,20
MAHASTEEL.NS,2026-08-20,1144.800048828125,1067.1416625976562,917.0777723524305,891.3649963378906,864.2273331705729,845.7010000610352,1077.650113496402,312.20001220703125,1150.0,True,True,True,True,True,True,True,True,False,248.38710516258783,ppv,308.03227804024533,True,False,True,False,,Industrial Products,Iron & Steel Products,99.35117599351176,True,True,1881.41,0.94,8174.0,0.0497,5
MAHESHWARI.NS,2026-08-20,73.0199966430664,72.77833366394043,72.99388927883572,72.62100067138672,56.178200302124026,54.79220026016235,72.71693662090564,39.040000915527344,75.5,True,True,True,True,True,True,True,True,False,20.574628446542054,noise,72.34457944772954,False,False,False,False,,Diversified,Diversified,75.91240875912408,True,True,216.12,0.21,28720.0,0.097,5
MAHICKRA.NS,2026-08-19,259.6499938964844,274.0999984741211,261.7138892279731,257.84800048828123,223.20757924397788,205.6167869567871,276.52506345729057,130.91812553661782,301.0,True,True,True,True,True,True,True,False,False,84.2640897188797,red,1451.923076923077,False,False,False,False,,Chemicals & Petrochemicals,Dyes And Pigments,94.0389294403893,True,True,88.41,0.07,6375.0,0.0785,20
MAHLOG.NS,2026-08-20,406.6499938964844,407.6375020345052,399.14708116319446,386.6338464355469,375.6962404378255,362.3292932128906,406.66192976175444,273.2820886223393,447.10758500270833,True,True,True,True,True,True,True,False,False,27.007193172148124,noise,33.815398026410804,False,False,False,False,,Transport Services,Logistics Solution Provider,79.52149229521493,True,True,4034.88,9.4,231058.0,0.2329,20
MANINDS.NS,2026-08-20,676.9000244140625,593.2250061035156,566.5708329942491,566.7989990234375,482.77933227539063,466.5372496032715,614.1339780833001,302.04998779296875,699.0,True,True,True,True,True,True,True,True,False,69.01373892985332,ppv,285.7367053122535,False,False,True,False,,Industrial Products,Iron & Steel Products,92.09245742092457,True,True,5077.4,53.06,783829.0,1.045,20
MANAKSTEEL.NS,2026-08-20,85.16000366210938,84.63083330790202,78.16138903299968,75.96360046386718,66.42533348083496,65.61340007781982,83.99811376504606,45.11000061035156,89.9000015258789,True,True,True,True,True,True,True,True,False,41.41481556933626,noise,37.057709473522756,False,True,False,False,,Ferrous Metals,Iron & Steel,86.13138686131386,True,True,558.09,0.48,56489.0,0.0862,5
MANAPPURAM.NS,2026-08-20,349.25,354.15550740559894,347.4565209282769,339.06325378417966,306.1649062093099,301.38525100708006,350.39019707516235,244.06078978586396,380.45671483079525,True,True,True,True,True,True,True,False,False,30.60552232341809,green,166.03513418692552,False,False,False,False,,Finance,Non Banking Financial Company (NBFC),81.6301703163017,True,True,32806.31,150.78,4317363.0,0.4596,No Band
MANGLMCEM.NS,2026-08-20,981.8499755859375,912.2871856689453,939.3094482421875,919.9692980957032,865.3869352213542,836.5441622924805,915.9200212111774,678.2213010338754,1021.7496408800008,True,True,True,True,True,True,True,True,False,38.06104520631277,ppv,2575.9452900782153,True,False,False,False,,Cement & Cement Products,Cement & Cement Products,84.42822384428223,True,True,2699.82,6.5,66192.0,0.2407,20
MWL.NS,2026-08-20,41.16999816894531,41.60333283742269,38.55482451121012,38.21482940673828,32.651788266499835,30.849006834030153,40.947160631351394,18.244740193825397,43.939998626708984,True,True,True,True,True,True,True,True,False,121.41016485438381,dry,6.8784161798726196,False,True,False,False,,Metals & Minerals Trading,Trading - Metals,97.12084347120845,True,True,1222.78,4.02,975956.0,0.3286,20
MANORAMA.NS,2026-08-20,1958.699951171875,1737.9249979654949,1642.7888929578994,1619.2980004882813,1454.7639957682293,1423.3999981689453,1805.492955476462,1060.5999755859375,2043.0,True,True,True,True,True,True,True,True,False,40.99406285568321,noise,88.50903060096665,False,False,True,False,,Food Products,Other Food Products,85.84752635847526,True,True,12363.78,78.31,399798.0,0.6334,20
MARINE.NS,2026-08-20,373.25,353.8833363850911,295.1777793036567,284.7260006713867,229.82586690266928,227.96395034790038,356.5127293906161,150.86000061035156,395.0,True,True,True,True,True,True,True,True,False,117.61161026445421,green,109.33676670046472,False,False,False,False,,Industrial Manufacturing,Industrial Products,96.87753446877534,True,True,4951.73,38.76,1038418.0,0.7827,20
MARKSANS.NS,2026-08-20,320.8500061035156,295.4832941691081,274.0745735168457,268.1747790527344,212.661845703125,206.07064376831056,305.39228631575315,154.57339337516265,344.5490677430362,True,True,True,True,True,True,True,True,False,72.29062043457705,noise,58.22847752544583,False,False,False,False,,Pharmaceuticals & Biotechnology,Pharmaceuticals,92.45742092457421,True,True,14539.76,118.46,3692212.0,0.8148,20
MAWANASUG.NS,2026-08-20,140.10000610351562,119.9358336130778,112.90000025431316,110.54879928588868,95.45536478678386,92.02599136352539,123.44725127484928,72.43959449258234,143.14999389648438,True,True,True,True,True,True,True,True,False,61.9525118786449,ppv,980.7592590583407,True,False,True,False,,Agricultural Food & other Products,Sugar,90.95701540957015,True,True,548.03,1.79,127921.0,0.327,20
MENONBE.NS,2026-08-20,279.1499938964844,243.60166803995767,211.32444847954645,198.87759735107423,149.9678596496582,140.0311449432373,248.76322458037694,100.57782056732867,279.1600036621094,True,True,True,True,True,True,True,True,False,114.61944541000757,ppv,163.2861695750569,False,False,True,False,,Auto Components,Auto Components & Equipments,96.5125709651257,True,True,1564.36,5.52,197749.0,0.3529,5
MINDACORP.NS,2026-08-20,743.2999877929688,727.8672332763672,703.6802249484592,690.315185546875,595.5113049316407,593.670531616211,729.5534658729371,467.97365403461544,769.0,True,True,True,True,True,True,True,True,False,52.034051097619695,green,100.67948095736708,False,True,False,False,,Auto Components,Auto Components & Equipments,88.76723438767235,True,True,17494.38,49.34,663838.0,0.2821,20
MODISONLTD.NS,2026-08-20,405.95001220703125,328.4458363850911,300.7803039550781,304.0303704833984,209.71509501139323,193.21233261108398,349.45683761746386,112.84731995786822,411.0,True,True,True,True,True,True,True,True,False,166.1808025302661,ppv,305.9167623177316,True,False,True,False,,Electrical Equipment,Other Electrical Equipment,98.49959448499594,True,True,1317.31,8.28,204060.0,0.6288,5
MONARCH.NS,2026-08-20,391.8500061035156,386.67083231608075,370.8430574205187,362.9670013427734,316.2619333902995,313.88294967651365,386.4454079652529,235.4499969482422,406.95001220703125,True,True,True,True,True,True,True,True,False,18.187895704193302,noise,35.943556968699326,False,True,False,False,,Capital Markets,Stockbroking & Allied,74.20924574209245,True,True,3107.7,8.67,221248.0,0.279,20
MORARJEE.NS,2026-08-19,10.1899995803833,10.744166612625122,10.651388804117838,10.03759994506836,8.16366662343343,8.05009997367859,10.605782306634618,5.579999923706055,12.399999618530273,True,True,True,True,True,True,True,False,False,40.94051941218575,dry,0.0,False,False,False,False,,Textiles & Apparels,Other Textile Products,85.72587185725872,True,True,36.21,0.01,8326.0,0.0239,—
MOREPENLAB.NS,2026-08-20,96.47000122070312,82.86333338419597,67.11750009324815,62.899999923706055,47.94333338419597,46.66970003128052,84.19293054845153,33.04999923706055,97.5,True,True,True,True,True,True,True,True,False,102.26033172763889,ppv,236.57923251095977,False,False,True,False,,Pharmaceuticals & Biotechnology,Pharmaceuticals,95.74209245742092,True,True,5286.11,166.68,17277715.0,3.1531,20
MSTCLTD.NS,2026-08-20,692.3499755859375,624.6166687011719,635.0513899061415,642.245,510.32872477213544,505.54610397338865,648.792127935185,362.1499938964844,743.9000244140625,True,True,True,True,True,True,True,True,False,48.815516485110955,noise,31.883004019988476,False,False,False,False,,Commercial Services & Supplies,Trading & Distributors,88.1184103811841,True,True,4874.14,90.81,1311635.0,1.8631,10
MTARTECH.NS,2026-08-20,7113.5,7010.666666666667,6571.611111111111,6908.6,5455.730668945313,4711.246497802735,6943.558215199402,1390.5,8714.0,True,True,True,True,True,True,True,True,False,361.88559916661507,dry,12.193637568743215,False,False,False,False,,Electrical Equipment,Other Electrical Equipment,99.67558799675588,True,True,21880.84,714.28,1004112.0,3.2644,5
MUFIN.NS,2026-08-20,139.50999450683594,136.0999984741211,131.8177778455946,130.58360061645507,119.02620005289714,117.64574993133544,135.88925326216176,82.98999786376953,140.4600067138672,True,True,True,True,True,True,True,True,False,52.6534581885969,green,177.24664549425108,False,False,True,False,,Finance,Non Banking Financial Company (NBFC),88.9294403892944,True,True,2764.56,18.15,1301133.0,0.6566,20
MCX.NS,2026-08-20,3126.0,2871.2166951497397,2803.508348253038,2815.490009765625,2733.712000325521,2564.2020001220703,2939.121272723206,1460.800048828125,3480.0,True,True,True,True,True,True,True,True,False,88.10927356780411,green,143.80366616724265,False,False,False,False,,Capital Markets,Exchange and Data Platform,94.566098945661,True,True,79561.1,926.78,2964755.0,1.1649,No Band
NAHARSPING.NS,2026-08-20,292.1499938964844,305.87916564941406,285.6208318074544,277.2919982910156,238.96586619059244,229.07484985351562,300.1470155187971,149.1999969482422,349.0,True,True,True,True,True,True,True,False,False,46.77992626790146,red,125.97968836813665,False,False,False,False,,Textiles & Apparels,Other Textile Products,87.67234387672343,True,True,1053.65,0.77,26315.0,0.073,20
NGIL.NS,2026-08-20,40.599998474121094,40.481666247049965,40.07750002543131,39.44940002441406,33.79386670430501,32.60935006141663,40.58629343828813,22.010000228881836,43.88999938964844,True,True,True,True,True,True,True,True,False,55.31751882977811,dry,10.954301173067044,False,True,False,False,,Food Products,Packaged Foods,89.49716139497161,True,True,72.33,0.11,26805.0,0.1505,5
NAVINFLUOR.NS,2026-08-20,8256.0,8225.666666666666,7825.458333333333,7721.477998046875,6888.03900390625,6638.657746582031,8185.815292784625,4488.291781017636,8775.5,True,True,True,True,True,True,True,True,False,65.56177832333073,noise,27.76163907056744,False,False,False,False,,Chemicals & Petrochemicals,Specialty Chemicals,91.6463909164639,True,True,42353.3,163.19,197668.0,0.3853,20
NEOGEN.NS,2026-08-20,2259.10009765625,2162.0162251790366,2101.8456149631074,2061.5016674804688,1663.029151204427,1542.0397720336914,2211.1261190850432,966.2326038611084,2483.89990234375,True,True,True,True,True,True,True,True,False,61.7299364818497,noise,78.35894853262006,False,False,False,False,,Chemicals & Petrochemicals,Specialty Chemicals,90.91646390916463,True,True,6185.79,36.24,160411.0,0.5858,20
NESTLEIND.NS,2026-08-20,1458.0,1498.7749938964844,1472.3080308702256,1450.0789526367187,1361.2235815429688,1334.0640313720703,1482.9398938461145,1073.7134985462399,1553.0,True,True,True,True,True,True,True,False,False,35.204563653911606,noise,94.72991417954624,False,False,False,False,,Food Products,Packaged Foods,83.69829683698296,True,True,281148.23,287.45,1971549.0,0.1022,No Band
NAM-INDIA.NS,2026-08-20,1232.5,1190.5250040690105,1182.1638895670574,1169.5458935546876,1020.6001025390625,980.1248297119141,1194.194101674082,763.9435329333959,1266.199951171875,True,True,True,True,True,True,True,True,False,51.91067929379252,ppv,349.2514650885392,False,False,True,False,,Capital Markets,Asset Management Company,88.6861313868613,True,True,78845.25,112.5,912775.0,0.1427,No Band
NITINSPIN.NS,2026-08-20,586.0499877929688,567.0083363850912,555.1888885498047,554.2010009765625,454.5733335367839,421.57550033569333,569.9964930145877,302.20001220703125,617.5499877929688,True,True,True,True,True,True,True,True,False,77.21408880579061,noise,52.52148764316586,False,True,False,False,,Textiles & Apparels,Other Textile Products,93.14679643146796,True,True,3294.77,10.52,179506.0,0.3193,20
NRBBEARING.NS,2026-08-20,483.20001220703125,468.5041681925456,436.55277760823566,434.1870007324219,335.02979939778646,320.2695265197754,470.2108860071415,211.10343900049978,503.8999938964844,True,True,True,True,True,True,True,True,False,77.52138475106416,noise,39.927956513939286,False,True,False,False,,Auto Components,Auto Components & Equipments,93.26845093268452,True,True,4683.3,43.32,896469.0,0.9249,20
NRL.NS,2026-08-20,115.36000061035156,115.53416633605957,106.22305530971951,98.76619995117187,69.20300005594889,67.09700004577637,114.513162488174,45.099998474121094,118.0,True,True,True,True,True,True,True,True,False,62.387386153787496,noise,36.88796411429638,False,False,False,False,,Metals & Minerals Trading,Trading - Metals,91.15977291159773,True,True,796.78,1.5,130011.0,0.1882,2
OCCLLTD.NS,2026-08-20,165.41000366210938,157.24984868367514,143.49763022528754,139.03193115234376,109.62343994140625,107.59372440338134,158.2257623657089,74.8847757046385,181.03500175688677,True,True,True,True,True,True,True,True,False,23.962033481828126,noise,42.46586583512894,False,False,False,False,,Chemicals & Petrochemicals,Commodity Chemicals,78.06163828061639,True,True,826.23,3.82,231216.0,0.4629,5
ONDOOR.NS,2026-08-19,248.8000030517578,246.8666674296061,228.7680558098687,217.52100006103515,171.12999979654947,159.98274993896484,244.7432416293721,100.0,285.0,True,True,True,True,True,True,True,True,False,48.448683765614085,ppv,186.55516243165005,False,False,False,False,,Retailing,Diversified Retail,87.99675587996757,True,True,270.79,1.09,22800.0,0.4036,20
OFSS.NS,2026-08-20,11826.0,11752.0,11431.986111111111,10997.13,8890.100462239583,8611.72778564453,11710.300969370874,6060.863819699785,11968.0,True,True,True,True,True,True,True,True,False,43.87004888563839,noise,56.04514514723753,False,False,False,False,,IT - Software,Software Products,86.78021086780211,True,True,102975.5,374.21,316427.0,0.3634,No Band
ORIENTBELL.NS,2026-08-20,339.20001220703125,339.5500005086263,325.2496092054579,323.5560729980469,305.0545137532552,299.37637420654295,341.9399347368239,237.99469112562807,367.70001220703125,True,True,True,True,True,True,True,False,False,19.836757559725626,red,168.58099139853803,False,False,False,False,,Consumer Durables,Ceramics,75.38523925385239,True,True,498.98,0.47,13861.0,0.0942,20
PAISALO.NS,2026-08-20,69.94999694824219,68.9908332824707,70.42361089918349,67.24839973449707,49.31139972686768,45.97204977989197,69.1873081169922,29.783536082586807,77.38999938964844,True,True,True,True,True,True,True,True,False,130.08393804123824,noise,22.432757335820565,False,False,False,False,,Finance,Non Banking Financial Company (NBFC),97.36415247364152,True,True,6394.47,104.3,14910563.0,1.6311,20
PANAMAPET.NS,2026-08-20,486.25,493.4629084269206,455.32670338948566,441.979228515625,338.4355108642578,325.35768951416014,488.47916484982636,227.57646060004578,595.8726432274872,True,True,True,True,True,True,True,False,False,47.070323388861546,noise,20.28619402818654,False,False,False,False,,Petroleum Products,Lubricants,87.71289537712896,True,True,2941.5,50.47,1038024.0,1.7159,20
PARAS.NS,2026-08-20,1502.0,1362.933329264323,1283.0638970269097,1268.3680078125,907.0740022786458,853.0685034179687,1403.2397093260647,580.5,1577.0,True,True,True,True,True,True,True,True,False,122.09079212046316,noise,39.35819468069733,False,True,False,False,,Aerospace & Defense,Aerospace & Defense,97.20194647201946,True,True,12104.22,485.52,3232500.0,4.0112,10
PASUPTAC.NS,2026-08-20,62.38999938964844,61.65250015258789,60.6105555428399,62.23039993286133,54.668466567993164,54.44139980316162,61.35048527361894,40.099998474121094,78.94999694824219,True,True,True,True,True,True,True,True,False,34.31646580171179,ppv,132.01173274516694,False,False,False,False,,Chemicals & Petrochemicals,Petrochemicals,83.37388483373886,True,True,556.1,2.12,340359.0,0.3819,5
PGIL.NS,2026-08-20,2377.60009765625,2383.6583251953125,2143.0833333333335,2051.917998046875,1716.2474625651041,1683.121094970703,2368.3577662487205,1167.6433047093678,2539.60009765625,True,True,True,True,True,True,True,True,False,92.12655279847736,noise,21.18903806360684,False,False,False,False,,Textiles & Apparels,Garments & Apparels,95.05271695052717,True,True,10982.26,37.46,157568.0,0.3411,20
PCCL.NS,2026-08-19,335.0,307.5375035603841,273.41111204359265,268.265,255.93133392333985,239.65325050354005,309.8939515117631,168.39999389648438,342.0,True,True,True,True,True,True,True,True,False,90.93759237785859,ppv,256.6371681415929,False,False,True,False,,Minerals & Mining,Industrial Minerals,94.80940794809408,True,True,770.02,0.4,12884.0,0.0522,20
PIXTRANS.NS,2026-08-20,1820.300048828125,1861.3666687011719,1812.1371459960938,1766.47763671875,1561.061728515625,1529.2078820800782,1857.5499121690611,1214.1752865512433,2089.0,True,True,True,True,True,True,True,False,False,44.51943228827715,dry,7.635812355738264,False,False,False,False,,Industrial Products,Rubber,86.94241686942416,True,True,2480.2,20.21,110999.0,0.8147,20
PNBHOUSING.NS,2026-08-20,1175.5,1152.0833435058594,1098.5194668240017,1071.9549060058594,960.497373046875,949.5619204711915,1150.6209236752352,723.9501950006703,1207.0,True,True,True,True,True,True,True,True,False,54.45550430311703,ppv,234.06909933694965,False,False,True,False,,Finance,Housing Finance Company,89.37550689375506,True,True,30632.35,104.68,890476.0,0.3417,No Band
PONNIERODE.NS,2026-08-20,421.3500061035156,346.39583079020184,327.5319425794813,324.607998046875,294.4875819905599,289.9740303039551,360.25855165185726,248.27783069557003,433.5,True,True,True,True,True,True,True,True,False,53.03526247202524,ppv,1076.1477499361592,True,False,True,False,,Agricultural Food & other Products,Sugar,89.05109489051095,True,True,362.29,1.28,30486.0,0.3546,20
PRECWIRE.NS,2026-08-20,435.70001220703125,435.03333536783856,397.34468756781683,401.6804577636719,354.99281717936196,326.6002577972412,434.6434316577843,169.32820606462568,474.8999938964844,True,True,True,True,True,True,True,True,False,152.07725556950197,noise,58.32405643210379,False,True,False,False,,Industrial Products,"Aluminium, Copper & Zinc Products",98.1346309813463,True,True,7964.94,25.15,577248.0,0.3158,20
PREMIERPOL.NS,2026-08-20,88.98999786376953,77.20583407084148,72.59861161973741,69.13660034179688,59.45973347981771,55.143550109863284,81.1203285298229,38.0,94.13999938964844,True,True,True,True,True,True,True,True,False,85.78776807017508,red,157.15239305595028,False,True,False,False,,Industrial Products,Plastic Products - Industrial,94.40389294403893,True,True,932.1,3.94,442613.0,0.4226,20
PRIZOR.NS,2026-08-19,881.4500122070312,871.4499969482422,849.9111124674479,854.9659997558593,587.9683333333334,515.9990000152588,862.0663334631347,216.64999389648438,939.2000122070312,True,True,True,True,True,True,True,True,False,223.88389931116507,green,116.55011655011656,False,False,False,False,,Industrial Manufacturing,Industrial Products,99.10786699107868,True,True,194.79,0.37,20163.0,0.1886,5
PROV.NS,2026-08-19,1925.0,1801.6666666666667,1688.326388888889,1640.095,1408.6736669921875,1371.5167498779297,1842.2607920754597,815.0999755859375,1940.0,True,True,True,True,True,True,True,True,False,110.38251366120218,dry,18.38235294117647,False,True,True,False,,Food Products,Other Food Products,96.30981346309814,True,True,375.69,0.05,475.0,0.0138,20
PRUDENT.NS,2026-08-20,3363.5,3345.8916829427085,3117.0415649414062,3074.581875,2707.20595703125,2670.4832080078127,3330.893982643913,2118.407683707669,3455.0,True,True,True,True,True,True,True,True,False,24.620353713894573,noise,28.37873250553531,False,False,False,False,,Capital Markets,Financial Products Distributor,78.46715328467153,True,True,13927.14,11.9,35381.0,0.0854,20
QPOWER.NS,2026-08-20,1334.9000244140625,1242.0880940755208,1179.6351284450955,1200.1286547851562,1036.2970585123699,971.5187783813476,1268.1107957758095,580.8863637342646,1440.7180545952106,True,True,True,True,True,True,True,True,False,72.24218015375867,green,182.95211292195816,False,False,False,False,,Electrical Equipment,Heavy Electrical Equipment,92.4168694241687,True,True,10338.01,23.55,176399.0,0.2278,5
QUESS.NS,2026-08-20,338.25,328.6297607421875,307.875244140625,291.53176849365235,228.14992024739584,222.00590675354005,332.29260415713316,162.53922482226787,350.75,True,True,True,True,True,True,True,True,False,30.8071295811007,noise,29.999933596882332,False,False,False,False,,Commercial Services & Supplies,Diversified Commercial Services,81.75182481751825,True,True,5052.1,38.67,1143229.0,0.7654,20
RRKABEL.NS,2026-08-20,2894.199951171875,2801.875,2530.4833238389756,2467.8689501953127,1874.6550561523438,1761.06232421875,2797.793466388869,1158.7465736666888,2920.89990234375,True,True,True,True,True,True,True,True,False,140.12367703922135,noise,37.64619347928593,False,True,False,False,,Industrial Products,Cables - Electricals,97.68856447688565,True,True,32734.99,190.28,657460.0,0.5813,20
RACLGEAR.NS,2026-08-20,1435.5,1413.6166585286458,1354.699998643663,1344.2240014648437,1282.9627787272136,1228.8737762451171,1402.0734814849307,804.2043907437434,1690.2278315095687,True,True,True,True,True,True,True,True,False,59.4098281943787,noise,49.63935489099603,False,True,False,False,,Auto Components,Auto Components & Equipments,90.38929440389293,True,True,1695.17,5.4,37639.0,0.3187,20
RADICO.NS,2026-08-20,4696.0,4590.875,4253.316304524739,4074.9690673828127,3358.809114583333,3323.5749243164064,4610.008822844539,2494.465428414862,4747.0,True,True,True,True,True,True,True,True,False,64.7732848680225,noise,103.69212437144755,False,True,False,False,,Beverages,Breweries & Distilleries,91.52473641524736,True,True,62918.13,162.7,346468.0,0.2586,No Band
RAMRAT.NS,2026-08-20,486.5,467.04583231608075,434.33490498860675,423.60137145996094,375.39097086588544,358.4285400390625,470.1476946862585,266.4076130636512,516.9102884316486,True,True,True,True,True,True,True,True,False,41.957038081998775,noise,67.14182433856656,False,False,True,False,,Electrical Equipment,Other Electrical Equipment,86.25304136253041,True,True,4541.43,12.81,263352.0,0.2821,20
RKFORGE.NS,2026-08-20,745.4000244140625,736.1833292643229,641.2180582682291,623.1970043945313,573.2699631754557,560.8439476013184,733.8378711350347,459.4101971519111,772.7999877929688,True,True,True,True,True,True,True,True,False,27.68946346861525,noise,32.651533470024546,False,False,False,False,,Auto Components,Auto Components & Equipments,79.84590429845905,True,True,13578.95,90.33,1211877.0,0.6652,20
RPTECH.NS,2026-08-20,856.1500244140625,868.4529062906901,809.027103000217,783.6988549804687,543.1822707112631,493.0896273803711,855.8708536791323,275.91551229187843,965.4798808795799,True,True,True,True,True,True,True,True,False,202.6340421717296,noise,21.294240535530736,False,False,False,False,,IT - Hardware,Computers Hardware & Equipments,98.86455798864559,True,True,5642.0,110.31,1288493.0,1.9552,20
RATEGAIN.NS,2026-08-20,943.75,936.1666666666666,932.0833384195963,904.3810034179687,695.8656671142578,691.4630006408692,934.7596628614812,437.0,1050.0,True,True,True,True,True,True,True,True,False,92.1119592875318,noise,61.99854610151042,False,False,False,False,,IT - Software,Computers - Software & Consulting,95.01216545012166,True,True,11173.56,67.87,719196.0,0.6075,20
RATNAVEER.NS,2026-08-20,269.239990234375,225.4899991353353,196.68444400363498,191.34519927978516,167.3521993001302,164.11289970397948,235.42602691433848,130.5,270.5,True,True,True,True,True,True,True,True,False,93.08662185911227,green,174.3194861232286,False,False,True,False,,Industrial Products,Iron & Steel Products,95.09326845093268,True,True,1923.09,134.3,4988122.0,6.9836,20
RBLBANK.NS,2026-08-20,392.29998779296875,387.1334940592448,373.51018863254126,372.1451049804688,335.4517126464844,329.170177154541,384.86998130356255,241.74279959751107,393.8999938964844,True,True,True,True,True,True,True,True,False,56.73848880931524,noise,51.410677488303634,False,False,True,False,,Banks,Private Sector Bank,89.82157339821573,True,True,60810.74,190.73,4861845.0,0.3136,No Band
RISHABH.NS,2026-08-20,684.2000122070312,666.7708333333334,648.0093265109592,625.4664758300781,500.8799749755859,475.8246273803711,670.978065418866,280.9584278608635,729.8499755859375,True,True,True,True,True,True,True,True,False,130.17142432407013,red,569.0571631281125,False,False,False,False,,Electrical Equipment,Other Electrical Equipment,97.40470397404704,True,True,2647.35,17.55,256511.0,0.6629,20
ROLEXRINGS.NS,2026-08-20,185.82000732421875,169.2883326212565,152.22916751437717,150.1778009033203,139.21333389282228,133.9552004623413,172.413850444754,99.79000091552734,187.3800048828125,True,True,True,True,True,True,True,True,False,28.916336971736946,green,112.65859377021646,False,False,True,False,,Auto Components,Auto Components & Equipments,80.85969180859692,True,True,4874.67,57.83,3112355.0,1.1864,20
ROLLT.NS,2026-08-20,3.4700000286102295,3.12416664759318,2.6336111028989158,2.748999991416931,1.9469333299001057,1.7754499977827072,3.1386041427853346,1.0199999809265137,3.740000009536743,True,True,True,True,True,True,True,True,False,140.97221463366822,noise,69.40448286138054,False,False,False,False,,Industrial Products,Packaging,97.8102189781022,True,True,86.8,0.16,469983.0,0.1879,5
ROSSTECH.NS,2026-08-20,1076.5999755859375,1083.125,1021.0111083984375,1011.4579992675781,876.4453344726562,825.0955007934571,1076.1644993846623,551.9000244140625,1172.0,True,True,True,True,True,True,True,True,False,76.32348972088549,noise,41.79932379813127,False,False,False,False,,Aerospace & Defense,Aerospace & Defense,92.98459042984591,True,True,4073.88,26.82,249109.0,0.6583,20
RUBYMILLS.NS,2026-08-20,403.6000061035156,377.6750005086263,376.10555775960285,364.3330017089844,268.9703335571289,257.4520502471924,387.3678679056068,169.02000427246094,424.8999938964844,True,True,True,True,True,True,True,True,True,73.13446181120344,noise,44.54041942034748,False,False,False,False,,Textiles & Apparels,Other Textile Products,92.53852392538523,True,True,1349.64,2.99,73982.0,0.2212,5
SAIL.NS,2026-08-20,174.89999389648438,173.1591657002767,168.46777767605252,170.8265997314453,169.86893310546876,161.7963499069214,172.24936672207357,116.63813628480024,209.6999969482422,True,True,True,True,True,True,True,True,False,44.63578923300386,noise,88.22954731622494,False,False,False,False,,Ferrous Metals,Iron & Steel,86.98296836982968,True,True,72242.88,297.79,17026511.0,0.4122,No Band
SALSTEEL.NS,2026-08-20,79.12999725341797,66.14999961853027,60.12499978807237,59.452399826049806,52.09366663614909,49.07869997024536,69.7845147903491,14.369999885559082,81.80000305175781,True,True,True,True,True,True,True,True,False,407.24355973357274,red,320.64467585123225,False,False,False,False,,Ferrous Metals,Sponge Iron,99.7161394971614,True,True,1145.54,1.62,204268.0,0.1411,10
SAAKSHI.NS,2026-08-19,301.20001220703125,289.8499984741211,296.50555504692926,289.58299896240237,231.27233266194662,218.2884994506836,292.78535441825403,147.39999389648438,331.0,True,True,True,True,True,True,True,True,False,65.58549879800333,noise,79.51653944020356,False,False,False,False,,Electrical Equipment,Other Electrical Equipment,91.68694241686943,True,True,479.45,0.48,17772.0,0.1007,5
SAHYADRI.NS,2026-08-20,374.8999938964844,355.1099395751953,309.5015224880642,300.5495715332031,270.88049092610675,266.4298466491699,360.9583069163948,199.19635111813503,401.1000061035156,True,True,True,True,True,True,True,True,False,28.159906692059277,noise,99.87728891366066,False,False,False,False,,Other Construction Materials,Other Construction Materials,80.33252230332522,True,True,410.38,0.54,14380.0,0.1314,20
SAILIFE.NS,2026-08-20,1471.5999755859375,1429.883321126302,1321.7416687011719,1290.7200048828124,1095.7723315429687,1045.9994982910157,1427.4177992410935,783.8499755859375,1484.199951171875,True,True,True,True,True,True,True,True,False,65.78605701693527,green,107.99370488956421,False,False,True,False,,Pharmaceuticals & Biotechnology,Pharmaceuticals,91.76804541768045,True,True,31244.07,68.95,468547.0,0.2207,20
SAKAR.NS,2026-08-20,884.6500244140625,906.5291697184244,871.0375027126736,855.9610021972657,665.0129996744791,597.7342495727539,895.166939234608,311.0,980.0,True,True,True,True,True,True,True,False,False,173.67363477619878,noise,24.227183554195253,False,True,False,False,,Pharmaceuticals & Biotechnology,Pharmaceuticals,98.62124898621249,True,True,1941.8,13.7,154906.0,0.7057,20
MOTHERSON.NS,2026-08-20,169.5800018310547,166.5524991353353,152.53912734985352,150.91834014892578,133.09526560465494,128.47749813079835,166.74384935697466,90.66054722372972,173.27000427246094,True,True,True,True,True,True,True,True,False,71.43056569983442,noise,54.30960490374368,False,False,False,False,,Auto Components,Auto Components & Equipments,92.37631792376317,True,True,178588.62,391.34,23077030.0,0.2191,No Band
SANGAMIND.NS,2026-08-20,578.0499877929688,593.4666595458984,593.0791659884983,576.7787280273437,506.13956563313803,491.7164253234863,589.7701638132106,338.59289311880764,650.0,True,True,True,True,True,True,True,False,False,58.106941206117526,dry,16.154459122244276,False,False,False,False,,Textiles & Apparels,Other Textile Products,90.10543390105434,True,True,2850.37,5.85,101136.0,0.2051,20
SANGHVIMOV.NS,2026-08-20,490.70001220703125,496.8232650756836,458.22889200846356,446.98653686523437,348.118881632487,345.02133392333985,493.5256422978914,222.89884643051099,525.873954285097,True,True,True,True,True,True,True,False,False,46.12416838061504,noise,45.226449246276104,False,False,False,False,,Commercial Services & Supplies,Diversified Commercial Services,87.59124087591242,True,True,4248.28,28.65,583919.0,0.6745,20
SANGINITA.NS,2026-08-20,59.380001068115234,58.15833282470703,55.92083295186361,50.91779983520508,29.447733306884764,24.66079998970032,58.73940383910244,9.229999542236328,66.69000244140625,True,True,True,True,True,True,True,True,False,488.5034704670981,red,1559.4793597267885,False,False,False,False,,Chemicals & Petrochemicals,Specialty Chemicals,99.83779399837795,True,True,153.8,0.83,139559.0,0.5388,2
SANSERA.NS,2026-08-20,3900.199951171875,3856.6666870117188,3454.6444430881074,3336.49400390625,2647.982001139323,2408.4459997558592,3843.8352646568164,1238.5663892297234,4040.39990234375,True,True,True,True,True,True,True,True,False,190.53129215544436,noise,32.03059803536258,False,True,False,False,,Auto Components,Auto Components & Equipments,98.74290348742903,True,True,24338.64,129.05,330877.0,0.5302,20
SOTL.NS,2026-08-20,688.5499877929688,707.0333455403646,627.7930603027344,610.9430029296875,454.546000773112,435.0000004577637,693.4008612393991,285.79998779296875,814.7999877929688,True,True,True,True,True,True,True,False,False,70.1043994891984,noise,41.41867628443717,False,False,False,False,,Petroleum Products,Lubricants,92.25466342254663,True,True,4720.73,51.21,743697.0,1.0847,20
SEAMECLTD.NS,2026-08-20,1699.0,1556.6999918619792,1468.9805501302083,1463.3119970703126,1434.6560001627604,1319.0682485961913,1577.113784398834,771.75,1719.9000244140625,True,True,True,True,True,True,True,True,False,98.29598788586055,ppv,677.9865166316478,True,False,True,False,,Transport Services,Shipping,95.62043795620438,True,True,4334.83,13.68,80537.0,0.3157,20
SENORES.NS,2026-08-20,1513.300048828125,1458.433329264323,1409.933342827691,1373.8680029296875,1037.7126664225261,978.8395010375976,1487.3327186462218,662.4500122070312,1577.5,True,True,True,True,True,True,True,True,False,117.1941225444026,noise,45.1832494337252,False,False,False,False,,Pharmaceuticals & Biotechnology,Pharmaceuticals,96.83698296836984,True,True,6969.29,50.12,331195.0,0.7192,20
SERVICE.NS,2026-08-19,62.0,61.708333333333336,58.354166666666664,55.869000091552735,52.768333231608075,50.948749961853025,61.99473737624628,39.20000076293945,63.95000076293945,True,True,True,True,True,True,True,True,False,16.760831980468758,red,206.34920634920638,False,False,False,False,,Commercial Services & Supplies,Diversified Commercial Services,73.39821573398216,True,True,62.21,0.05,9909.0,0.0862,5
SGFIN.NS,2026-08-20,684.6500244140625,675.5625050862631,665.7986094156901,644.4209997558594,522.7540000406901,492.2532504272461,674.9873694564137,323.0,727.4500122070312,True,True,True,True,True,True,True,True,False,77.16392878447571,noise,40.05178702461792,False,False,False,False,,Finance,Non Banking Financial Company (NBFC),93.10624493106245,True,True,4511.5,30.25,441845.0,0.6705,20
SHAILY.NS,2026-08-20,3350.0,3351.933308919271,3036.969428168403,2988.039990234375,2513.1693359375,2492.6570031738283,3334.483892866273,1770.9000244140625,3615.199951171875,True,True,True,True,True,True,True,True,False,85.08501992399451,noise,24.543794051717498,False,False,False,False,,Consumer Durables,Plastic Products - Consumer,94.24168694241686,True,True,15408.41,97.57,291239.0,0.6332,20
SCPL.NS,2026-08-20,670.5499877929688,648.5833333333334,572.198609246148,545.1959985351563,415.46399881998695,375.4702994537354,650.1390876690117,190.02999877929688,689.0,True,True,True,True,True,True,True,True,False,161.4739543282361,noise,34.29770731780204,False,False,False,False,,Food Products,Dairy Products,98.41849148418491,True,True,704.08,3.73,55640.0,0.5299,20
SHEETAL.NS,2026-08-19,323.45001220703125,328.71666717529297,305.98333316379126,302.51200012207033,263.9570003255208,235.12150024414063,323.4093503511281,113.56052623811316,341.0,True,True,True,True,True,True,True,True,False,151.8044048861241,noise,34.48275862068966,False,False,False,False,,Agricultural Food & other Products,Other Agricultural Products,98.09407948094079,True,True,67.53,0.06,10265.0,0.0896,20
SHERA.NS,2026-08-19,179.1999969482422,169.45416641235352,164.7263887193468,163.22600006103517,142.8123332722982,139.51324996948242,172.35667068416794,94.94999694824219,185.85000610351562,True,True,True,True,True,True,True,True,False,27.999997820172993,red,106.38297872340425,False,True,False,False,,Industrial Products,"Aluminium, Copper & Zinc Products",80.12976480129764,True,True,439.59,0.49,25409.0,0.1115,5
SHILPAMED.NS,2026-08-20,820.9500122070312,794.1333312988281,674.2458309597439,642.1469970703125,466.9709989420573,435.28499923706056,790.2409701748368,259.5,834.0999755859375,True,True,True,True,True,True,True,True,False,80.91558415137763,ppv,68.97947193414315,False,False,False,False,,Pharmaceuticals & Biotechnology,Pharmaceuticals,93.71451743714518,True,True,16056.29,149.16,1816862.0,0.929,20
SHIVAUM.NS,2026-08-20,445.0,436.65416717529297,422.71805402967664,409.2099987792969,348.2093328857422,335.0662496948242,439.84309187427345,275.0,474.04998779296875,True,True,True,True,True,True,True,True,False,47.350993377483455,dry,9.896212901766642,False,False,False,False,,Commercial Services & Supplies,Trading & Distributors,87.79399837793999,True,True,605.22,0.67,15047.0,0.1106,20
SBCL.NS,2026-08-20,1025.3499755859375,981.9000040690104,822.5305582682291,800.5910009765626,617.238935953776,574.4104191589355,990.0596475210284,368.6000061035156,1105.050048828125,True,True,True,True,True,True,True,True,False,99.27688093695164,noise,45.32115069153365,False,False,False,False,,Industrial Products,Iron & Steel Products,95.6609894566099,True,True,5906.45,72.33,705396.0,1.2246,10
SHRIRAMFIN.NS,2026-08-20,1128.199951171875,1120.6250101725261,1068.4140184190537,1047.7487744140626,1003.8490840657552,972.1627069091796,1113.6166737566384,559.901669759886,1153.699951171875,True,True,True,True,True,True,True,True,False,82.11479804139499,noise,61.95275378168944,False,False,False,False,,Finance,Non Banking Financial Company (NBFC),93.7956204379562,True,True,265463.59,601.96,5335594.0,0.2268,No Band
SHRIPISTON.NS,2026-08-20,4513.7998046875,4446.75,4325.489529079861,4168.972373046875,3502.853779296875,3352.650771484375,4457.444611748826,2394.1739179437564,4589.0,True,True,True,True,True,True,True,True,False,85.09441519861596,green,102.38750260088325,False,False,False,False,,Auto Components,Auto Components & Equipments,94.28223844282239,True,True,19883.21,26.76,59285.0,0.1346,20
SIEMENS.NS,2026-08-20,3880.0,3951.8583374023438,3724.7569986979165,3696.9467333984376,3474.543279622396,3389.5262622070313,3918.7888080684984,2812.180840788319,4097.89990234375,True,True,True,True,True,True,True,False,False,23.03775152126104,noise,53.441952118858424,False,True,False,False,,Electrical Equipment,Heavy Electrical Equipment,77.53446877534469,True,True,138174.76,161.81,417043.0,0.1171,No Band
SIGMAADV.NS,2026-08-20,664.4500122070312,681.2791646321615,606.3027750651041,586.6939959716797,350.13119923909505,311.3142999267578,666.7538533735586,108.75,721.5,True,True,True,True,True,True,True,False,False,488.37333783003476,red,200.53485182002743,False,False,False,False,,Aerospace & Defense,Aerospace & Defense,99.79724249797243,True,True,11710.25,25.73,387223.0,0.2197,5
SIGNORIA.NS,2026-08-19,165.5,163.45833333333334,142.66111034817166,125.96599937438965,88.79166669209798,88.38700010299682,161.0359492765985,53.099998474121094,171.5,True,True,True,True,True,True,True,True,False,68.87755102040816,dry,15.174506828528072,False,False,False,False,,Textiles & Apparels,Garments & Apparels,92.05190592051906,True,True,67.42,0.15,10833.0,0.2277,5
SJS.NS,2026-08-20,2497.89990234375,2465.3166707356772,2325.580552842882,2279.883173828125,1939.830770670573,1882.5602099609375,2472.1659882016866,1159.1167767917818,2590.0,True,True,True,True,True,True,True,True,False,108.39233836091778,noise,68.22209554082902,False,False,False,False,,Auto Components,Auto Components & Equipments,96.18815896188158,True,True,7999.94,29.29,117246.0,0.3661,20
SKYGOLD.NS,2026-08-20,778.5499877929688,763.9166666666666,667.6833326551649,623.5379986572266,469.70766581217447,436.8372492980957,766.0881466082299,259.0,848.0,True,True,True,True,True,True,True,True,False,185.02654409284585,noise,41.72610941393708,False,True,False,False,,Consumer Durables,"Gems, Jewellery And Watches",98.70235198702352,True,True,12057.71,103.36,1327547.0,0.8572,20
SMARTLINK.NS,2026-08-20,224.4199981689453,221.76666514078775,203.93590460883246,194.0297232055664,152.384781443278,147.2391888809204,221.66605193289183,102.34948836265465,232.0500030517578,True,True,True,True,True,True,True,True,False,55.1744933608508,noise,45.435614966077786,False,False,False,False,,IT - Hardware,Computers Hardware & Equipments,89.4566098945661,True,True,223.86,0.17,7727.0,0.0775,5
SMLMAH.NS,2026-08-20,5159.5,5339.708333333333,4627.008355034723,4453.553647460937,4155.142023111979,3993.105743408203,5220.185126828711,2703.052088847761,5987.89990234375,True,True,True,True,True,True,True,False,False,29.64480803919678,noise,27.166272813428773,False,False,False,False,,"Agricultural, Commercial & Construction Vehicles",Commercial Vehicles,81.14355231143551,True,True,7466.65,75.56,146452.0,1.012,10
SMVD.NS,2026-08-19,15.5,14.866666952768961,14.106944666968452,13.391000213623046,11.309333381652833,10.204250054359436,15.038551832876045,5.599999904632568,15.5,True,True,True,True,True,True,True,True,False,69.39891416618113,dry,0.0,False,False,True,False,,Industrial Products,Plastic Products - Industrial,92.13300892133009,True,True,13.44,0.0,734.0,0.0073,5
SOFTTECH.NS,2026-08-20,424.3999938964844,420.89583079020184,423.4972203572591,423.8039990234375,360.4342665608724,352.9534498596191,421.4036097984524,215.0,489.8999938964844,True,True,True,True,True,True,True,True,False,11.949350320136709,noise,51.31346127671158,False,False,False,False,,IT - Software,Computers - Software & Consulting,70.19464720194647,True,True,587.46,0.11,2708.0,0.0196,5
SOLARINDS.NS,2026-08-20,19760.0,19326.666666666668,18680.663465711805,18388.8596484375,15932.114674479166,15206.556333007813,19550.61624861832,11639.12322904721,20422.0,True,True,True,True,True,True,True,True,False,35.496674062846445,noise,66.66000895240015,False,False,False,False,,Chemicals & Petrochemicals,Explosives,83.86050283860503,True,True,178808.35,276.78,140072.0,0.1548,No Band
SONACOMS.NS,2026-08-20,821.9000244140625,809.0041656494141,736.9319441053602,700.8492541503906,593.6723075358072,566.4274415588379,806.7924345840007,399.8350028638013,844.0,True,True,True,True,True,True,True,True,False,85.85618377472304,red,111.54028247961433,False,False,False,False,,Auto Components,Auto Components & Equipments,94.44444444444444,True,True,51277.57,182.08,2215397.0,0.3551,No Band
SONAMLTD.NS,2026-08-20,67.16000366210938,57.37666765848795,55.310996267530655,54.79234352111816,51.3469770304362,48.994038314819335,59.71057442818001,37.192837659100036,68.98999786376953,True,True,True,True,True,True,True,True,False,41.40302909559639,red,364.56647714138035,False,True,False,False,,Consumer Durables,Consumer Electronics,86.09083536090836,True,True,268.85,0.5,75091.0,0.1876,20
SPECTRUM.NS,2026-08-20,2212.5,2348.800008138021,2189.097239176432,2052.5780078125,1569.3433333333332,1495.6724993896485,2286.6643512321907,1050.0,2637.199951171875,True,True,True,True,True,True,True,False,False,48.68951612903225,dry,16.638777260227755,False,False,False,False,,Industrial Manufacturing,Industrial Products,88.07785888077859,True,True,3476.69,10.32,46649.0,0.2969,5
SPORTKING.NS,2026-08-20,212.33999633789062,207.96000035603842,199.24833297729492,193.62259979248046,149.02546646118165,135.03399978637697,208.69021912165036,78.16999816894531,241.50999450683594,True,True,True,True,True,True,True,True,False,95.44779112855926,noise,80.06669123484848,False,False,False,False,,Textiles & Apparels,Other Textile Products,95.33657745336578,True,True,2702.46,15.71,739923.0,0.5814,20
SRIVASAVI.NS,2026-08-19,83.0,84.625,82.76388910081651,76.65500022888183,59.37166664123535,57.593499984741214,83.78821543543025,39.0,98.0,True,True,True,True,True,True,True,False,False,27.692307692307683,noise,44.19191919191919,False,False,False,False,,Industrial Products,Other Industrial Products,79.88645579886455,True,True,151.66,0.13,12545.0,0.0885,5
SETL.NS,2026-08-20,304.95001220703125,295.24166615804035,284.3541666666667,259.62919982910154,173.31173309326172,169.15709991455077,299.452076001522,104.55999755859375,315.6000061035156,True,True,True,True,True,True,True,True,False,88.21750658283656,noise,36.81166453497542,False,False,False,False,,Industrial Manufacturing,Industrial Products,94.60665044606651,True,True,6157.9,33.05,1083650.0,0.5366,5
SSWL.NS,2026-08-20,304.79998779296875,313.1666666666667,284.1302774217394,269.03019958496094,226.72406707763673,220.42330047607422,310.7274681833211,169.0,328.3999938964844,True,True,True,True,True,True,True,False,False,44.9738239122303,noise,43.42595956530476,False,False,False,False,,Auto Components,Auto Components & Equipments,87.0235198702352,True,True,4793.44,32.94,1080545.0,0.6871,20
STEELCAS.NS,2026-08-20,358.70001220703125,344.0042495727539,320.4247292412652,312.8279632568359,270.01778432210284,255.7021325683594,347.34873191490374,175.13959955663623,363.6499938964844,True,True,True,True,True,True,True,True,False,74.45732932594957,noise,51.67235957772481,False,False,True,False,,Industrial Products,Castings & Forgings,92.66017842660177,True,True,3630.04,7.69,214471.0,0.2119,20
STEL.NS,2026-08-20,584.3499755859375,564.1416676839193,560.4680565728081,568.5849987792968,499.35633260091146,498.38624908447264,572.1258962082528,380.0,657.2999877929688,True,True,True,True,True,True,True,True,False,32.490645450427834,noise,22.560803321089352,False,True,False,False,,Finance,Investment Company,82.64395782643957,True,True,1078.44,0.56,9666.0,0.0524,20
STLTECH.NS,2026-08-20,621.4000244140625,634.370839436849,576.0888917711046,586.4570013427734,368.92953272501626,302.86789947509766,626.794730102227,84.5999984741211,683.5,True,True,True,True,True,True,True,False,False,354.1070162554503,noise,47.38098545618651,False,True,False,False,,Telecom -  Equipment & Accessories,Telecom -  Equipment & Accessories,99.63503649635037,True,True,31934.45,150.72,2425480.0,0.472,5
STYLAMIND.NS,2026-08-20,3617.300048828125,3599.9499715169272,3409.5861002604165,3361.531982421875,2690.284000651042,2548.5525048828126,3606.5749253761237,1594.0999755859375,4150.0,True,True,True,True,True,True,True,True,False,117.79155853190187,noise,29.614861997593415,False,False,False,False,,Consumer Durables,Plywood Boards/ Laminates,96.91808596918085,True,True,6134.48,27.32,75534.0,0.4454,20
SUNFLAG.NS,2026-08-20,358.1499938964844,367.1166636149089,355.2986085679796,354.1689990234375,305.80393310546873,294.08470031738284,360.7900446299596,192.14999389648438,428.0,True,True,True,True,True,True,True,False,False,20.184020166907878,noise,70.15901542597646,False,False,False,False,,Industrial Products,Iron & Steel Products,75.58799675587997,True,True,6454.56,10.2,284835.0,0.158,10
SUPREMEENG.NS,2026-08-20,2.490000009536743,2.356666644414266,1.950555553038915,1.7641999983787537,1.3129333329200745,1.2561999988555907,2.3628725941363045,0.6800000071525574,2.490000009536743,True,True,True,True,True,True,True,True,False,96.06299582147967,noise,56.30732330796394,False,False,True,False,,Industrial Products,Iron & Steel Products,95.4176804541768,True,True,62.24,0.06,221366.0,0.0886,2
SUVEN.NS,2026-08-20,373.6000061035156,331.81666310628253,323.4361114501953,307.0250003051758,222.91806732177736,210.92360061645508,337.449092830479,124.11000061035156,377.45001220703125,True,True,True,True,True,True,True,True,False,60.8611436398345,ppv,218.09522240293254,False,False,True,False,,Healthcare Services,"Healthcare Research, Analytics & Technology",90.75425790754258,True,True,10556.54,54.32,1453889.0,0.5145,20
SWANDEF.NS,2026-08-20,2361.89990234375,2493.1833292643228,2379.9388970269097,2295.31201171875,2019.8980045572916,1812.6332516479492,2426.830388978678,354.5,2750.0,True,True,True,True,True,True,True,False,False,566.2623137782087,dry,14.273166447079491,False,True,False,False,,Industrial Manufacturing,Ship Building & Allied Services,99.87834549878345,True,True,12443.0,4.22,17886.0,0.034,5
SWARAJ.NS,2026-08-20,372.0,366.8874969482422,350.13055589463977,323.1570004272461,291.9606677246094,279.1907508850098,368.28770258410214,158.5,386.75,True,True,True,True,True,True,True,True,False,121.62644413047086,ppv,242.98847851412947,False,False,False,False,,Textiles & Apparels,Other Textile Products,97.16139497161394,True,True,819.08,4.88,131068.0,0.5953,20
SYRMA.NS,2026-08-20,1443.699951171875,1465.6041870117188,1408.1995510525173,1390.7442016601562,1060.0246313476562,989.4380999755859,1461.5617692921237,633.8515990037583,1541.423280918013,True,True,True,True,True,True,True,False,False,102.44012551955693,noise,93.59980699077602,False,False,False,False,,Industrial Manufacturing,Industrial Products,95.78264395782644,True,True,27809.27,196.19,1358918.0,0.7055,20
TBZ.NS,2026-08-20,248.85000610351562,258.4624989827474,249.81083552042642,232.52540130615233,175.95859990437825,175.1508000564575,254.3003895720336,110.5,295.70001220703125,True,True,True,True,True,True,True,False,False,32.13842428381011,dry,12.309802369205705,False,True,False,False,,Consumer Durables,"Gems, Jewellery And Watches",82.52230332522304,True,True,1660.59,48.14,1934496.0,2.899,20
TMB.NS,2026-08-20,869.7000122070312,859.4916687011719,821.8375006781685,804.8516540527344,697.9115743001302,649.8472157287598,854.2248125272544,405.09227596916213,917.0,True,True,True,True,True,True,True,True,False,105.58096292407795,noise,50.22907944324114,False,False,False,False,,Banks,Private Sector Bank,95.98540145985402,True,True,13771.83,34.29,394235.0,0.249,20
TALBROAUTO.NS,2026-08-20,412.0,424.21666717529297,411.72222306993274,402.13199951171873,323.50013244628906,312.5879205322266,419.6919452711729,219.89999389648438,451.6000061035156,True,True,True,True,True,True,True,False,False,51.19411673662819,red,101.05850349668954,False,False,False,False,,Auto Components,Auto Components & Equipments,88.56447688564477,True,True,2543.2,14.52,352481.0,0.571,20
TATATECH.NS,2026-08-20,823.9500122070312,838.7541707356771,767.7444441053602,760.8121166992188,656.8784682210287,656.6250114440918,829.3265229175524,499.7255286427323,891.0,True,True,True,True,True,True,True,False,False,24.54093302948128,noise,59.403620816878245,False,True,False,False,,IT - Services,IT Enabled Services,78.42660178426601,True,True,33456.64,138.24,1677778.0,0.4132,20
TDPOWERSYS.NS,2026-08-20,1507.5,1403.1083272298176,1221.0892605251736,1224.7887670898438,1050.7574837239583,971.8229632568359,1445.3857607590962,491.9184197319878,1597.699951171875,True,True,True,True,True,True,True,True,False,197.08279730210126,noise,80.65645509883765,False,False,False,False,,Electrical Equipment,Heavy Electrical Equipment,98.78345498783455,True,True,23551.44,195.17,1294680.0,0.8287,20
TIIL.NS,2026-08-20,3200.199951171875,2900.066650390625,2659.2610948350693,2633.227978515625,2419.7516463216148,2387.4924200439455,2999.9849770713313,1853.268132631259,3359.89990234375,True,True,True,True,True,True,True,True,False,20.761361137395706,green,118.13042334998684,False,False,False,False,,Industrial Products,Iron & Steel Products,76.03406326034063,True,True,7255.75,9.63,30087.0,0.1327,20
THYROCARE.NS,2026-08-20,566.7000122070312,610.1499938964844,572.1819432576498,560.7345245361328,466.41845377604164,464.0171240234375,600.0558534149139,338.148639887055,662.0,True,True,True,True,True,True,True,False,False,23.71686801209638,noise,79.59039431828245,False,False,False,False,,Healthcare Services,Healthcare Service Provider,78.02108678021087,True,True,9019.69,42.69,753233.0,0.4733,20
TIRUPATIFL.NS,2026-08-20,66.37999725341797,67.46999931335449,69.95499928792317,64.59219947814941,48.68279975891113,45.18254979133606,66.72706628494846,30.110000610351562,83.9000015258789,True,True,True,True,True,True,True,False,False,76.77762610419234,dry,11.643201034958599,False,False,False,False,,Industrial Products,Castings & Forgings,93.06569343065694,True,True,786.76,5.12,771889.0,0.6513,5
TITAN.NS,2026-08-20,5068.0,5045.11669921875,4782.787245008681,4638.137192382813,4339.763385416667,4230.915184326172,5039.432457138724,3292.2971645749917,5168.0,True,True,True,True,True,True,True,True,False,45.71645035669016,noise,68.90547633049202,False,False,False,False,,Consumer Durables,"Gems, Jewellery And Watches",87.34793187347933,True,True,449689.89,440.74,869657.0,0.098,No Band
TORNTPHARM.NS,2026-08-20,5005.0,4934.958333333333,4925.013888888889,4810.366015625,4417.712008463542,4253.466668701172,4951.906971789516,3450.040733610751,5250.0,True,True,True,True,True,True,True,True,False,38.27726613764148,noise,38.394269543688104,False,False,False,False,,Pharmaceuticals & Biotechnology,Pharmaceuticals,84.63098134630981,True,True,190374.11,309.74,618871.0,0.1627,No Band
TFCILTD.NS,2026-08-20,132.75999450683594,118.47880299886067,96.25824038187663,90.43123580932617,76.86125213623046,74.14658098220825,120.56917170166449,50.73462828916926,134.9199981689453,True,True,True,True,True,True,True,True,False,115.87577469922311,ppv,223.49342877872567,False,False,True,False,,Finance,Financial Institution,96.63422546634224,True,True,6146.49,136.66,10293832.0,2.2234,20
TVSMOTOR.NS,2026-08-20,4390.0,4387.9416910807295,3977.5472276475693,3825.077998046875,3673.6102555338543,3651.7689465332032,4346.910993994971,2953.4768978078177,4475.0,True,True,True,True,True,True,True,True,False,45.91097757475939,noise,42.039652870036356,False,False,False,False,,Automobiles,2/3 Wheelers,87.46958637469587,True,True,208624.32,463.88,1056675.0,0.2224,No Band
UYFINCORP.NS,2026-08-20,20.219999313354492,20.204166571299236,18.357222186194527,17.22140001296997,15.01320001602173,14.925600008964539,20.238435948849435,11.15999984741211,22.34000015258789,True,True,True,True,True,True,True,False,False,35.34136466713158,dry,17.07283555426833,False,False,False,False,,Finance,Non Banking Financial Company (NBFC),83.73884833738849,True,True,384.66,0.7,345818.0,0.1818,5
UJJIVANSFB.NS,2026-08-20,71.93000030517578,71.33000055948894,67.80500041113959,64.68420021057129,60.016000239054364,58.512350177764894,71.54430563912041,41.779998779296875,73.94000244140625,True,True,True,True,True,True,True,True,False,66.85223680535965,green,121.93753226658839,False,False,False,False,,Banks,Other Bank,91.8491484184915,True,True,14015.85,119.94,16674923.0,0.8558,20
UNIHEALTH.NS,2026-08-19,753.4500122070312,740.3291676839193,718.8097229003906,667.0790002441406,474.603667195638,422.5047506713867,730.3299966118277,133.64999389648438,820.0,True,True,True,True,True,True,True,True,False,353.885549522308,green,111.155220325526,False,False,False,False,,Healthcare Services,Hospital,99.59448499594485,True,True,189.97,0.34,28318.0,0.1804,20
UNIMECH.NS,2026-08-20,1508.300048828125,1450.4166768391926,1292.8750101725261,1251.26701171875,1027.9850052897136,1008.8292538452148,1459.5087251157704,695.0,1555.0,True,True,True,True,True,True,True,True,False,41.438485961857154,noise,80.78068565596439,False,False,False,False,,Aerospace & Defense,Aerospace & Defense,86.17193836171938,True,True,7677.55,27.22,180483.0,0.3546,10
UNIONBANK.NS,2026-08-20,184.67999267578125,183.2516657511393,173.11455069647894,171.55655456542968,171.46427795410156,165.85617965698242,183.76688756555527,121.06557921577175,199.59697275189,True,True,True,True,True,True,True,True,False,40.12278237404805,noise,62.670827421390854,False,False,False,False,,Banks,Public Sector Bank,85.36090835360909,True,True,140977.42,265.65,14384134.0,0.1884,No Band
UNIPARTS.NS,2026-08-20,810.1500244140625,807.8979288736979,723.2329542371962,704.6147351074219,565.1610164388021,542.4148983764649,803.2440736380272,361.83811710196943,837.7000122070312,True,True,True,True,True,True,True,True,False,117.19361782671682,noise,37.52430311090529,False,False,False,False,,Auto Components,Auto Components & Equipments,96.79643146796431,True,True,3654.21,19.35,238802.0,0.5294,20
UFBL.NS,2026-08-20,807.5,785.2374877929688,728.1972164577908,704.533994140625,432.6836652628581,372.5962989807129,776.2018531062047,172.33999633789062,845.0,True,True,True,True,True,True,True,True,False,209.6242476211383,noise,92.12485742581589,False,False,False,False,,Leisure Services,Restaurants,98.98621248986213,True,True,3158.75,31.5,390065.0,0.9972,5
UNIVASTU.NS,2026-08-20,172.4499969482422,153.31999969482422,125.37666659884982,114.43440002441406,83.14693336486816,79.3006000328064,159.01795863192655,56.02000045776367,177.1300048828125,True,True,True,True,True,True,True,True,False,93.29347576884072,green,126.00863901852767,False,False,False,False,,Construction,Civil Construction,95.17437145174371,True,True,620.59,3.63,210415.0,0.5847,5
UNIVCABLES.NS,2026-08-20,1644.199951171875,1620.7666625976562,1355.305904812283,1321.9801318359375,990.8423559570313,961.2826043701172,1632.2797610201678,573.9009093095138,1774.9000244140625,True,True,True,True,True,True,True,True,False,133.86765462323305,noise,31.65459979405408,False,False,False,False,,Industrial Products,Cables - Electricals,97.52635847526359,True,True,5704.61,46.15,280660.0,0.8089,20
UNIVPHOTO.NS,2026-08-20,451.95001220703125,467.8250045776367,432.238892449273,412.53000305175783,387.33153544108075,351.5599015045166,464.0592307346816,180.60000610351562,515.7999877929688,True,True,True,True,True,True,True,False,False,77.23529890471814,noise,36.22211436480973,False,False,False,False,,Consumer Durables,Consumer Electronics,93.18734793187348,True,True,494.73,0.04,872.0,0.008,5
USHAMART.NS,2026-08-20,495.6499938964844,503.0774180094401,500.03729926215277,494.0350787353516,454.1568973795573,451.4309051513672,499.5428553464362,338.80464431202716,523.5665450542912,True,True,True,True,True,True,True,False,False,41.006270655801714,red,123.72709338700751,False,False,False,False,,Industrial Products,Iron & Steel Products,85.88807785888078,True,True,15087.6,28.82,581514.0,0.191,20
UCL.NS,2026-08-19,260.0,239.6916643778483,206.77360916137695,196.16199768066406,129.1933325703939,108.73174942016601,245.69525508031126,38.0,260.0,True,True,True,True,True,True,True,True,False,420.0,dry,0.0,False,False,True,False,,Chemicals & Petrochemicals,Dyes And Pigments,99.7566909975669,True,True,67.03,0.07,11121.0,0.099,5
WABAG.NS,2026-08-20,2057.89990234375,1956.8499755859375,2021.4918212890625,1984.8785229492187,1543.9575439453124,1488.881821899414,1967.3694993306608,1030.4859602847353,2248.015501662673,True,True,True,True,True,True,True,True,False,28.060122257219035,green,169.01344469163158,False,False,False,False,,Other Utilities,Water Supply & Management,80.21086780210868,True,True,12857.38,145.76,708291.0,1.1337,20
VADILALIND.NS,2026-08-20,7402.0,7404.875,6912.6361083984375,6714.053984375,5343.430670572917,5299.042504882813,7402.550664963736,3996.0,8447.0,True,True,True,True,True,True,True,False,False,50.64423275098087,green,126.24717970698718,False,True,False,False,,Food Products,Dairy Products,88.32116788321169,True,True,5320.43,24.04,32479.0,0.4519,20
VELS.NS,2026-08-19,73.0,73.0,71.9499994913737,71.00199920654296,63.898332799275714,63.001499576568605,72.97375829562692,39.75,73.0,True,True,True,True,True,True,True,True,False,16.799999999999994,dry,0.0,False,False,True,False,,Entertainment,"Film Production, Distribution & Exhibition",73.43876723438767,True,True,74.87,0.0,54.0,0.0004,5
VENUSREM.NS,2026-08-20,1765.5999755859375,1648.0673726399739,1686.7555202907986,1710.64240234375,1172.797938232422,1047.0994355773926,1705.4723512464566,421.286764908789,2031.2182849222206,True,True,True,True,True,True,True,True,False,274.92794543041344,noise,45.9911206476403,False,False,False,False,,Pharmaceuticals & Biotechnology,Pharmaceuticals,99.39172749391727,True,True,2362.85,14.55,82420.0,0.6159,5
VIJAYA.NS,2026-08-20,1498.4000244140625,1449.5666605631511,1389.802781846788,1367.99,1162.4176676432292,1126.5302499389647,1466.4525151880462,848.0,1573.0,True,True,True,True,True,True,True,True,False,41.91095313545012,noise,20.028024585900557,False,False,False,False,,Healthcare Services,Healthcare Service Provider,86.2124898621249,True,True,15433.18,39.25,261966.0,0.2543,20
VIJIFIN.NS,2026-08-20,13.390000343322754,12.0625,9.553888903723823,8.159000024795532,4.779333345095316,4.272300007343293,12.310967969713165,2.009999990463257,13.390000343322754,True,True,True,True,True,True,True,True,False,230.6172768572924,ppv,41.5166994595853,False,False,True,False,,Finance,Non Banking Financial Company (NBFC),99.22952149229522,True,True,256.42,0.24,178408.0,0.0932,2
VINDHYATEL.NS,2026-08-20,2436.0,2415.0249837239585,2109.442413330078,2123.249436035156,1596.246513671875,1557.0264544677734,2403.35688372873,960.833530571369,2600.0,True,True,True,True,True,True,True,True,False,62.01727900734488,noise,24.615848311715894,False,False,False,False,,Construction,Civil Construction,90.99756690997567,True,True,2886.87,24.18,99257.0,0.8376,20
VIPULLTD.NS,2026-08-20,15.460000038146973,13.638333400090536,14.203611082500881,13.279199962615968,11.513666642506918,11.05659998178482,14.24365585731236,7.380000114440918,18.600000381469727,True,True,True,True,True,True,True,True,False,51.12415180780487,dry,3.5152640426301507,False,False,False,False,,Realty,"Residential, Commercial Projects",88.52392538523925,True,True,217.92,1.29,834011.0,0.5917,2
VISHNU.NS,2026-08-20,625.2000122070312,603.5416615804037,610.7708333333334,608.5470031738281,564.8640010579427,552.3937507629395,613.6544567585254,443.70001220703125,670.0,True,True,True,True,True,True,True,True,False,30.549179405955474,noise,40.64244729632762,False,True,False,False,,Chemicals & Petrochemicals,Specialty Chemicals,81.50851581508516,True,True,4208.55,8.25,131899.0,0.1959,20
VIVO.NS,2026-08-19,149.89999389648438,127.92916488647461,95.33472061157227,89.98599884033203,80.68433298746744,79.68799991607666,133.81400158104125,64.0,160.1999969482422,True,True,True,True,True,True,True,True,False,134.21874046325684,green,197.36842105263156,False,True,False,False,,Telecom - Services,Other Telecom Services,97.5669099756691,True,True,16.32,0.02,2278.0,0.1131,5
IDEA.NS,2026-08-20,14.029999732971191,13.418333292007446,13.544722212685478,13.833800010681152,11.93086669286092,11.653250036239625,13.684985125289499,6.179999828338623,15.34000015258789,True,True,True,True,True,True,True,True,False,117.18265712264059,noise,58.3799198217359,False,True,False,False,,Telecom - Services,Telecom - Cellular & Fixed line services,96.7558799675588,True,True,152005.28,636.22,453473805.0,0.4186,No Band
VOLTAMP.NS,2026-08-20,10313.5,10070.666666666666,9699.807183159723,9780.506015625,9117.829329427082,8792.45118408203,10049.57580920443,6594.353209382375,12724.746990128295,True,True,True,True,True,True,True,True,False,30.384630080904085,ppv,163.99159618449028,False,False,False,False,,Electrical Equipment,Heavy Electrical Equipment,81.46796431467965,True,True,10434.29,35.61,34529.0,0.3413,20
WELCORP.NS,2026-08-20,2005.199951171875,1877.9916687011719,1703.1888970269097,1625.5335473632813,1212.8670674641928,1117.0678259277345,1893.6751598160163,707.6502693631002,2017.5,True,True,True,True,True,True,True,True,False,128.88034268658063,noise,75.36215861687563,False,False,True,False,,Industrial Products,Iron & Steel Products,97.32360097323601,True,True,52877.91,196.38,979347.0,0.3714,20
WELINV.NS,2026-08-20,1925.800048828125,1854.058329264323,1841.7888895670574,1820.7140014648437,1564.2333333333333,1492.5394982910157,1871.1480951651138,865.0,1980.0,True,True,True,True,True,True,True,True,False,106.74181951992753,green,603.8616354218452,True,False,False,False,,Finance,Investment Company,96.02595296025953,True,True,706.1,0.53,2777.0,0.0757,5
WELSPUNLIV.NS,2026-08-20,188.69000244140625,167.75499852498373,165.39251115587024,162.39338317871093,140.13318496704102,138.6024577331543,172.26264717111872,107.03568289025932,191.47000122070312,True,True,True,True,True,True,True,True,False,65.68967590593624,ppv,358.6489840167093,True,False,True,False,,Textiles & Apparels,Other Textile Products,91.72749391727494,True,True,17888.94,87.57,4640899.0,0.4895,20
WSTCSTPAPR.NS,2026-08-20,636.25,606.3556060791016,563.9309760199653,547.285405883789,480.5557482910156,465.0283326721191,609.5520408289192,373.1221844471916,645.0,True,True,True,True,True,True,True,True,False,31.344776005064134,noise,87.91819893470063,False,False,True,False,,"Paper, Forest & Jute Products",Paper & Paper Products,82.03568532035686,True,True,4202.36,14.5,227970.0,0.3452,20
WINSOME.NS,2026-08-19,836.6666870117188,836.6666870117188,783.8888990614149,793.8000061035157,679.3777807617188,668.8666662597657,833.8182567777052,530.0,876.6666870117188,True,True,True,True,True,True,True,True,False,30.72916984558105,dry,0.0,False,False,False,False,,Textiles & Apparels,Other Textile Products,81.71127331711273,True,True,1.06,0.0,60.0,0.0283,—
YASHO.NS,2026-08-20,4284.2001953125,4310.191650390625,3521.4530436197915,3318.236748046875,2144.367205403646,1995.6158361816406,4300.80313877709,1129.8189394012777,4994.0,True,True,True,True,True,True,True,False,False,147.050559454633,red,204.9378788035109,False,False,False,False,,Chemicals & Petrochemicals,Specialty Chemicals,97.93187347931874,True,True,5165.5,23.96,55919.0,0.4638,10
YATHARTH.NS,2026-08-20,847.8499755859375,859.73779296875,846.0425126817491,844.4763000488281,759.6480375162761,749.2505075073242,852.3596350218033,537.9315639475303,918.9559612353087,True,True,True,True,True,True,True,False,False,19.63784404815425,noise,65.19969983254498,False,False,False,False,,Healthcare Services,Hospital,75.22303325223034,True,True,8169.4,27.86,328608.0,0.341,20
ZENTEC.NS,2026-08-20,1909.0999755859375,1822.6749979654949,1782.3138766818577,1799.2739892578124,1590.3226635742187,1535.4779962158202,1857.7037001018575,1223.0,2043.699951171875,True,True,True,True,True,True,True,True,False,34.29234724058492,noise,71.7610557656488,False,False,False,False,,Aerospace & Defense,Aerospace & Defense,83.33333333333334,True,True,17170.85,143.04,749247.0,0.833,20
ZIMLAB.NS,2026-08-20,121.0,113.10416666666667,116.39083332485623,116.8404002380371,92.50553375244141,87.32650020599365,114.65832898976738,59.310001373291016,133.89999389648438,True,True,True,True,True,True,True,True,False,57.24497049868182,green,165.68516952627766,False,False,False,False,,Pharmaceuticals & Biotechnology,Pharmaceuticals,89.9837793998378,True,True,649.27,0.62,51197.0,0.0954,5
CUBEINVIT.NS,2026-08-20,157.1199951171875,155.59784189860025,151.4826414320204,149.6251483154297,141.2956069946289,137.72952312469482,155.7972197353061,116.94268035888672,158.01680964876005,True,True,True,True,True,True,True,True,False,33.38171872770592,dry,4.881187018824966,False,False,False,False,BSE,Transport Infrastructure,"Road AssetsToll, Annuity, Hybrid-Annuity",82.88726682887267,True,True,,,,,20
INDUSINVIT.NS,2026-08-20,133.9600067138672,133.14431126912436,128.40582720438638,126.68412704467774,120.64213445027669,117.47227203369141,133.0945445830528,99.0609742421257,136.99000549316406,True,True,True,True,True,True,True,True,False,34.197651801755555,red,1090.3407697965188,False,False,False,False,BSE,Transport Infrastructure,"Road AssetsToll, Annuity, Hybrid-Annuity",83.21167883211679,True,True,,,,,20
