symbol,date,close,MA12,MA36,MA50,MA150,MA200,EMA10,52w_low,52w_high,cond1_price_above_150_200,cond2_ma150_above_ma200,cond3_ma200_trending_up_1m,cond4_ma50_above_150_200,cond5_price_above_ma50,cond6_30pct_above_52w_low,cond7_within_25pct_52w_high,cond9_price_above_ema10,fresh_ma12_cross_today,12m_return_pct,volume_signal,relative_volume,bull_snort,inside_bar,is_52w_high,is_52w_low,data_source,industry_group,industry,rs_percentile,cond8_rs_at_least_70,all_conditions_met,total_market_cap_cr,traded_value_cr,traded_volume,traded_val_pct_mc,price_band
ABB.NS,2026-08-27,7490.0,7569.833333333333,7396.618760850694,7269.6391015625,6655.594931640625,6247.1439282226565,7542.273260391462,4564.870705303207,7832.294844565128,True,True,True,True,True,True,True,False,False,51.51672593520058,noise,57.936863794042715,False,False,False,False,,Electrical Equipment,Heavy Electrical Equipment,89.00565885206144,True,True,158719.37,252.69,337371.0,0.1592,No Band
AARTIIND.NS,2026-08-27,538.9000244140625,533.183339436849,504.0319476657444,495.46800231933594,462.95066833496094,440.1607511901855,531.9336211063047,338.04998779296875,551.75,True,True,True,True,True,True,True,True,False,39.61140528861722,noise,43.07670339426082,False,True,False,False,,Chemicals & Petrochemicals,Specialty Chemicals,85.52950687146321,True,True,19547.34,75.5,1400966.0,0.3862,20
ABSMARINE.NS,2026-08-26,286.3999938964844,244.1791648864746,230.2055549621582,231.97199981689454,213.54066670735676,211.99974975585937,253.30989555229846,143.0500030517578,315.5,True,True,True,True,True,True,True,True,False,39.3334904618651,ppv,307.14130670718475,True,False,False,False,,Transport Services,Shipping,85.36782538399353,True,True,807.7,2.01,61174.0,0.2492,5
ACCENTMIC.NS,2026-08-26,593.75,585.1374918619791,535.2638541327583,518.6201257324219,433.09959920247394,407.6676316833496,585.3072373486267,237.53315895751183,621.0,True,True,True,True,True,True,True,True,False,94.28155567440743,ppv,150.80819863356106,False,False,False,False,,Pharmaceuticals & Biotechnology,Pharmaceuticals,95.14955537590946,True,True,688.24,1.88,65454.0,0.2728,20
ACCORD.NS,2026-08-26,198.35000610351562,198.35000610351562,200.29306030273438,183.4130029296875,87.72900105794271,72.235500831604,198.45043718666358,19.850000381469727,211.0,True,True,True,True,True,True,True,False,False,731.6561967756772,dry,0.0,False,False,False,False,,Telecom - Services,Other Telecom Services,100.0,True,True,10.0,0.02,6878.0,0.1981,5
ACMESOLAR.NS,2026-08-27,386.29998779296875,385.6624984741211,377.1624993218316,374.67099914550784,305.6787181599935,286.8191033172607,389.46397394957364,195.72747422084996,411.5,True,True,True,True,True,True,True,False,False,35.33093717235114,noise,76.94742208679754,False,False,False,False,,Power,Power Generation,84.31689571544058,True,True,27284.04,90.74,2348949.0,0.3326,20
ADANIENSOL.NS,2026-08-27,1617.0,1579.8583272298176,1638.9277784559463,1612.1520068359375,1329.1326688639324,1243.5327508544922,1585.647258660057,744.9000244140625,1789.0,True,True,True,True,True,True,True,True,False,105.0339123746773,ppv,184.49168064865987,False,True,False,False,,Power,Power Distribution,95.91754244139045,True,True,197751.74,414.61,2564065.0,0.2097,No Band
ADANIENT.NS,2026-08-27,3169.0,3030.6083374023438,3064.6916707356772,3068.5580029296875,2579.6326416015627,2499.659678955078,3062.542759805363,1752.216581309528,3245.0,True,True,True,True,True,True,True,True,False,39.54299704588917,ppv,119.25523795746824,False,False,False,False,,Metals & Minerals Trading,Trading - Minerals,85.4890864995958,True,True,428994.69,519.5,1639319.0,0.1211,No Band
ABCAPITAL.NS,2026-08-27,410.0,406.8416697184245,405.5041673448351,401.8329998779297,361.8866662597656,358.9134996032715,408.71671396374967,272.70001220703125,430.70001220703125,True,True,True,True,True,True,True,True,False,45.907473309608534,noise,38.453236128916195,False,False,False,False,,Finance,Investment Company,87.55052546483427,True,True,112232.18,153.68,3748358.0,0.1369,No Band
CPPLUS.NS,2026-08-27,3629.699951171875,3502.3333536783853,3551.6899142795137,3562.47837890625,2607.6600773111977,2335.1952960205076,3504.4871542524384,1200.2551516327533,4094.0,True,True,True,True,True,True,True,True,False,183.03567051640334,green,130.55115723602057,False,False,False,False,,Industrial Manufacturing,Industrial Products,98.74696847210994,True,True,42939.51,106.29,292821.0,0.2475,5
ADOR.NS,2026-08-27,1541.9000244140625,1568.3500061035156,1481.7981804741753,1414.3144018554688,1151.2925703938802,1122.4617163085939,1567.1270116253074,833.6830524113437,1701.9000244140625,True,True,True,True,True,True,True,False,False,72.48204786335197,green,126.21243564465838,False,True,False,False,,Industrial Products,Other Industrial Products,92.84559417946645,True,True,2683.34,7.43,48190.0,0.2769,20
AEGISLOG.NS,2026-08-27,1298.0,1320.2249857584636,1319.8861083984375,1283.855750732422,893.2943566894531,855.189089050293,1329.560893625941,573.0465115667306,1497.800048828125,True,True,True,True,True,True,True,False,False,79.93882745658765,noise,21.371662758576345,False,False,False,False,,Gas,Trading - Gas,93.77526273241715,True,True,45559.8,383.14,2951795.0,0.841,10
AEROFLEX.NS,2026-08-27,522.0999755859375,483.937494913737,444.5520248413086,451.34776916503904,345.7604704793294,305.314065246582,494.61318800960294,157.8500633749001,542.0,True,True,True,True,True,True,True,True,False,196.81142584117555,noise,73.13318676613453,False,True,False,False,,Industrial Products,Iron & Steel Products,98.94907033144705,True,True,6908.99,92.8,1777470.0,1.3432,10
AEROENTER.NS,2026-08-27,142.66000366210938,133.8474998474121,126.74972258673773,129.12360046386718,101.02886662801107,96.86539989471436,136.83632728138343,62.20000076293945,149.5500030517578,True,True,True,True,True,True,True,True,False,59.487048048518055,noise,94.9247025114835,False,False,False,False,,Industrial Products,Iron & Steel Products,90.4607922392886,True,True,1614.4,15.78,1106011.0,0.9774,20
AETHER.NS,2026-08-27,1677.300048828125,1632.6916605631511,1547.227776421441,1484.1119970703126,1218.2010038248698,1137.0127532958984,1638.9472332505115,726.4500122070312,1696.0999755859375,True,True,True,True,True,True,True,True,False,127.89402837338658,noise,47.75763646786224,False,False,True,False,,Chemicals & Petrochemicals,Specialty Chemicals,97.29183508488278,True,True,22262.44,66.11,394168.0,0.297,20
AIMTRON.NS,2026-08-26,1648.8499755859375,1680.1166483561199,1502.5305480957031,1435.5919970703126,1112.9153340657551,1052.3964990234374,1664.6169694457035,646.2999877929688,1780.0,True,True,True,True,True,True,True,False,False,141.74913937340818,noise,92.07295685724307,False,False,False,False,,Industrial Manufacturing,Industrial Products,97.73645917542441,True,True,1123.82,2.4,43930.0,0.2132,20
AJANTPHARM.NS,2026-08-27,3543.60009765625,3623.2916666666665,3485.8059353298613,3418.4876904296875,3077.5667724609375,2965.6098962402343,3585.7506473140324,2283.1397649802702,3796.0,True,True,True,True,True,True,True,False,False,37.91668131548616,noise,43.4249998819759,False,False,False,False,,Pharmaceuticals & Biotechnology,Pharmaceuticals,85.00404203718675,True,True,44280.48,42.66,120394.0,0.0963,20
AKUMS.NS,2026-08-27,761.2000122070312,751.2874959309896,706.2374962700737,682.6694091796875,563.5593408203125,530.6422039794921,750.433307083328,407.37371334346585,783.0,True,True,True,True,True,True,True,True,False,59.31661016845224,red,103.60438985513221,False,False,False,False,,Pharmaceuticals & Biotechnology,Pharmaceuticals,90.42037186742118,True,True,11654.13,27.71,364096.0,0.2378,10
ALIVUS.NS,2026-08-27,1358.199951171875,1369.8999938964844,1251.824998643663,1216.4639990234375,1069.6256689453126,1026.508000793457,1357.442341656718,819.0,1418.0,True,True,True,True,True,True,True,True,False,40.7655625578214,noise,45.6467585710698,False,False,False,False,,Pharmaceuticals & Biotechnology,Pharmaceuticals,85.97413096200485,True,True,16674.82,16.17,119026.0,0.0969,20
ANANDRATHI.NS,2026-08-27,2182.89990234375,2181.3499755859375,2111.8555535210503,2073.713996582031,1792.5784122721354,1719.4303894042969,2170.7871811674563,1351.1991966764108,2230.0,True,True,True,True,True,True,True,True,False,56.43499672998722,noise,33.366827643039684,False,False,False,False,,Capital Markets,Financial Products Distributor,89.97574777687954,True,True,36245.15,111.23,509540.0,0.3069,20
ANDHRSUGAR.NS,2026-08-27,95.44999694824219,99.62083180745442,90.69055514865451,88.43979949951172,83.24659968058268,81.3203498840332,98.00216002675435,66.5,107.2300033569336,True,True,True,True,True,True,True,False,False,26.389123208064458,noise,42.48703059248023,False,False,False,False,,Chemicals & Petrochemicals,Commodity Chemicals,79.87065481002425,True,True,1293.69,8.43,883463.0,0.6518,20
ANTHEM.NS,2026-08-27,924.5999755859375,888.8333333333334,825.3027818467882,809.3906591796875,742.4339562988281,719.0547515869141,890.3612079578523,577.6439689831894,942.5999755859375,True,True,True,True,True,True,True,True,False,10.906340265879798,ppv,163.97527876962536,False,False,True,False,,Pharmaceuticals & Biotechnology,Biotechnology,70.25060630557802,True,True,51936.06,62.99,681293.0,0.1213,20
APARINDS.NS,2026-08-27,17900.0,17048.166666666668,15340.222222222223,15350.74,12602.98,11593.9175,16983.207102198005,6801.0,18465.0,True,True,True,True,True,True,True,True,False,127.11412802131572,ppv,132.51454348178757,False,False,False,False,,Electrical Equipment,Other Electrical Equipment,97.25141471301536,True,True,74951.48,301.82,168614.0,0.4027,20
APCOTEXIND.NS,2026-08-27,611.6500244140625,612.3083343505859,590.1736043294271,570.0459967041015,461.99748779296874,439.81982879638673,614.5483047699498,307.1774227167927,712.0,True,True,True,True,True,True,True,False,False,60.3936090152156,noise,26.10166170603108,False,False,False,False,,Industrial Products,Rubber,90.66289409862571,True,True,3171.1,17.36,283752.0,0.5473,20
APOLLOHOSP.NS,2026-08-27,8800.0,8756.2919921875,8840.842122395834,8787.13716796875,8068.216891276042,7847.668498535157,8783.917217603124,6679.845437739152,9039.4765625,True,True,True,True,True,True,True,True,False,13.196132599461151,noise,82.74097742050161,False,False,False,False,,Healthcare Services,Hospital,72.02910266774454,True,True,126530.5,306.17,347921.0,0.242,No Band
APOLLOPIPE.NS,2026-08-27,638.5499877929688,581.2124964396158,530.7648510403103,516.8404400634765,449.27405843098956,410.6381072998047,603.9742543929203,251.75001240064898,668.7999877929688,True,True,True,True,True,True,True,True,False,60.19604180224323,noise,74.33645343249412,False,False,False,False,,Industrial Products,Plastic Products - Industrial,90.58205335489087,True,True,2804.47,18.02,282234.0,0.6426,20
ARMANFIN.NS,2026-08-27,1967.0999755859375,1964.3333435058594,1956.191674126519,1881.526005859375,1685.4613354492187,1654.4060028076171,1961.3089882372897,1301.0,2158.60009765625,True,True,True,True,True,True,True,True,False,39.48095493724757,noise,50.57412629436045,False,True,False,False,,Finance,Non Banking Financial Company (NBFC),85.44866612772837,True,True,2068.36,9.88,50223.0,0.4776,20
ARVIND.NS,2026-08-27,540.9500122070312,543.2958323160807,536.647220187717,539.2349951171875,445.53033162434895,415.2147485351563,540.1228992123711,274.79998779296875,600.0,True,True,True,True,True,True,True,True,False,91.14841420743154,noise,78.70477054239917,False,True,False,False,,Textiles & Apparels,Garments & Apparels,95.06871463217462,True,True,14716.04,44.08,814868.0,0.2995,20
ASAHISONG.NS,2026-08-27,365.8999938964844,358.4208348592122,337.2611134847005,314.3160021972656,258.3160009765625,258.2200006866455,363.27424532577,179.63999938964844,413.95001220703125,True,True,True,True,True,True,True,True,False,21.267609366093154,dry,10.739016810986671,False,False,False,False,,Chemicals & Petrochemicals,Dyes And Pigments,77.20291026677445,True,True,431.3,1.58,43065.0,0.3654,5
ASIANENE.NS,2026-08-27,492.70001220703125,450.1666615804036,399.8833296034071,386.9389953613281,331.17093190511065,319.9796989440918,460.218304169514,230.0,498.0,True,True,True,True,True,True,True,True,False,34.30192222650723,green,109.69933663744673,False,False,True,False,,Oil,Oil Equipment & Services,83.83185125303153,True,True,2394.1,23.24,471724.0,0.9708,20
ATALREAL.NS,2026-08-27,35.130001068115234,34.56583340962728,32.733333322736954,31.762400016784667,28.136533241271973,27.312899951934813,34.34304059941353,17.75,36.70000076293945,True,True,True,True,True,True,True,True,False,85.38258392484623,green,177.8308171070684,False,False,False,False,,Realty,"Residential, Commercial Projects",94.4624090541633,True,True,435.25,31.19,8878617.0,7.1662,20
ATHERENERG.NS,2026-08-27,1495.300048828125,1482.5499979654949,1362.4027743869358,1281.3369982910156,976.8889978027344,901.7237487792969,1468.7085565177013,413.29998779296875,1580.0,True,True,True,True,True,True,True,True,False,246.53535314672652,noise,62.172404274637884,False,False,False,False,,Automobiles,2/3 Wheelers,99.27243330638642,True,True,59805.94,651.97,4360154.0,1.0901,No Band
AUBANK.NS,2026-08-27,1091.0,1094.7916564941406,1058.0342712402344,1054.3155932617187,1001.0320279947916,992.5709558105468,1097.178824910105,681.4882278715522,1144.0999755859375,True,True,True,True,True,True,True,False,False,46.535993041670466,noise,46.78623569724442,False,False,False,False,,Banks,Other Bank,87.75262732417139,True,True,81716.36,203.99,1869777.0,0.2496,No Band
AUROPHARMA.NS,2026-08-27,1637.0,1630.3583374023438,1592.5416666666667,1581.83599609375,1415.6993310546875,1361.7589965820312,1624.3611798065908,1016.0999755859375,1682.4000244140625,True,True,True,True,True,True,True,True,False,53.363309214707314,noise,63.673630625565316,False,False,False,False,,Pharmaceuticals & Biotechnology,Pharmaceuticals,89.45028294260308,True,True,94189.36,186.01,1136293.0,0.1975,No Band
AURUM.NS,2026-08-27,228.4499969482422,228.78083292643228,227.95861138237848,225.49940032958983,193.50606689453124,189.32144996643066,229.914166405954,151.89999389648438,264.6400146484375,True,True,True,True,True,True,True,False,False,33.784261125106084,noise,32.52303693483803,False,False,False,False,,IT - Services,IT Enabled Services,83.589329021827,True,True,1753.04,6.82,298393.0,0.3889,20
AUSOMENT.NS,2026-08-27,147.25,146.23916498819986,137.47999954223633,131.3297996520996,121.98926635742187,120.06544979095459,146.0067799288813,93.0,178.0,True,True,True,True,True,True,True,True,False,37.02819939213127,green,311.8673718286871,True,False,False,False,,Consumer Durables,"Gems, Jewellery And Watches",84.7210994341148,True,True,200.61,0.06,3874.0,0.0284,5
AVADHSUGAR.NS,2026-08-27,804.5499877929688,750.3208414713541,616.8556137084961,575.0200427246094,471.46813720703125,443.81934799194335,770.3432456260908,300.3047281830496,884.7999877929688,True,True,True,True,True,True,True,True,False,89.42870671685814,noise,47.81777709365902,False,False,False,False,,Agricultural Food & other Products,Sugar,94.86661277283751,True,True,1610.58,17.59,218670.0,1.0923,10
AVALON.NS,2026-08-27,2256.60009765625,2123.383341471354,1886.0638936360676,1846.9300048828125,1381.7060046386719,1265.726252746582,2143.3472967547764,777.2999877929688,2351.0,True,True,True,True,True,True,True,True,False,167.464746356139,noise,65.00393480465476,False,False,True,False,,Electrical Equipment,Other Electrical Equipment,98.42360549717057,True,True,15076.74,93.73,415356.0,0.6217,20
AVTNPL.NS,2026-08-27,85.63999938964844,83.98916562398274,74.73560184902615,73.44330871582031,67.88581878662109,67.58152860641479,84.59927477505424,53.16497337905437,92.44999694824219,True,True,True,True,True,True,True,True,False,18.34214810546182,red,130.7783692117667,False,False,False,False,,Agricultural Food & other Products,Other Agricultural Products,75.70735650767986,True,True,1304.16,1.53,178415.0,0.1172,20
AYMSYNTEX.NS,2026-08-27,250.25,259.45416895548504,248.2569457160102,243.63260009765625,215.23786682128906,202.59065002441406,256.04971120917753,141.52999877929688,281.2200012207031,True,True,True,True,True,True,True,False,False,31.8771117433738,dry,18.142671806998333,False,False,False,False,,Textiles & Apparels,Other Textile Products,82.57881972514147,True,True,1469.82,1.13,45308.0,0.0771,20
AZAD.NS,2026-08-27,2802.39990234375,2773.5499877929688,2522.8139038085938,2403.0560107421875,2011.4753393554688,1913.0150067138673,2768.1380929616166,1360.0,2986.60009765625,True,True,True,True,True,True,True,True,False,82.61435859033843,noise,32.67055315288476,False,False,False,False,,Electrical Equipment,Heavy Electrical Equipment,94.21988682295877,True,True,18098.39,166.63,594605.0,0.9207,20
BHEL.NS,2026-08-27,433.95001220703125,420.5666681925456,413.2220577663845,409.22155517578125,346.921042175293,329.9973494720459,419.3972192894904,204.46044916421653,446.5,True,True,True,True,True,True,True,True,False,105.83917757980706,ppv,158.3335656367493,False,False,False,False,,Electrical Equipment,Heavy Electrical Equipment,96.07922392886015,True,True,151104.14,522.71,12045409.0,0.3459,No Band
BBTCL.NS,2026-08-27,237.00999450683594,237.76083374023438,225.3830557929145,222.87600036621095,201.39473358154297,200.29255020141602,236.6796574542875,156.0,262.0,True,True,True,True,True,True,True,True,False,16.920717604920444,noise,22.98778363498255,False,False,False,False,,Industrial Products,Packaging,74.49474535165723,True,True,486.14,0.35,14961.0,0.0729,20
BAFNAPH.NS,2026-08-27,277.5,257.6333351135254,249.2286114162869,235.15500030517578,163.6957999165853,160.92944969177245,262.96828535506177,91.19999694824219,290.70001220703125,True,True,True,True,True,True,True,True,False,189.78696095392925,red,103.68651941921205,False,False,False,False,,Pharmaceuticals & Biotechnology,Pharmaceuticals,98.82780921584478,True,True,656.46,0.73,26316.0,0.1112,5
BAHETI.NS,2026-08-26,831.9500122070312,801.0624949137369,748.3777770996094,740.4009997558594,634.3880008951822,621.7522500610352,809.0028934777679,478.0,855.0,True,True,True,True,True,True,True,True,False,43.69980044313873,red,189.55349620893008,False,False,False,False,,Industrial Products,"Aluminium, Copper & Zinc Products",86.8229587712207,True,True,294.47,0.75,26454.0,0.2551,20
BAJAJ-AUTO.NS,2026-08-27,11720.0,11720.0,11269.819444444445,10891.44,10086.099095052083,9825.9369921875,11728.828627011713,8373.654962449684,11927.0,True,True,True,True,True,True,True,False,False,36.74208669640262,noise,58.447726797194846,False,False,False,False,,Automobiles,2/3 Wheelers,84.59983831851254,True,True,322070.1,424.78,362438.0,0.1319,No Band
BALAMINES.NS,2026-08-27,2425.800048828125,2185.0333048502603,2212.9527621799043,2176.0295922851565,1624.3990360514324,1506.0800357055664,2249.899511278017,963.3273935013657,2461.0,True,True,True,True,True,True,True,True,False,60.69993530648552,noise,84.66988847712337,False,True,False,False,,Chemicals & Petrochemicals,Specialty Chemicals,90.74373484236055,True,True,7859.83,89.38,368471.0,1.1372,20
BALRAMCHIN.NS,2026-08-27,649.9500122070312,666.1124928792318,629.4249962700737,606.5309973144531,533.0943339029948,509.84664108276365,670.7857141360189,393.54998779296875,780.9500122070312,True,True,True,True,True,True,True,False,False,17.21386306708834,noise,85.75585787459966,False,False,False,False,,Agricultural Food & other Products,Sugar,74.69684721099435,True,True,13752.78,116.8,1797127.0,0.8493,20
MAHABANK.NS,2026-08-27,84.69000244140625,81.52333323160808,80.5174994998508,82.7697996520996,75.72436342875163,71.34833003997802,82.05622599052369,50.17055988911408,94.5,True,True,True,True,True,True,True,True,False,63.983919055186874,red,106.45558012684424,False,True,False,False,,Banks,Public Sector Bank,91.63298302344381,True,True,65139.78,131.68,15548160.0,0.2021,No Band
BEPL.NS,2026-08-27,121.43000030517578,123.69666735331218,118.38745159573025,112.93746398925781,96.58602661132812,94.17381507873534,124.30874810863024,72.86855369334994,137.34641029083173,True,True,True,True,True,True,True,False,False,21.422098308574135,noise,51.78503589918782,False,False,False,False,,Chemicals & Petrochemicals,Petrochemicals,77.36459175424415,True,True,3021.89,51.64,4252562.0,1.7088,20
BIRLACABLE.NS,2026-08-27,281.05999755859375,282.35500081380206,232.24506844414606,223.56419921875,176.07288243611654,166.69600296020508,274.0330644605767,103.34114160024168,308.25,True,True,True,True,True,True,True,True,False,75.47732766812823,noise,84.7763415325415,False,False,False,False,,Telecom -  Equipment & Accessories,Telecom -  Equipment & Accessories,93.33063864187551,True,True,843.18,3.04,108225.0,0.3608,5
BLISSGVS.NS,2026-08-27,560.0999755859375,548.3208312988281,505.1624984741211,503.7599169921875,346.971276957194,300.96877891540527,553.0385145036335,117.5147500933485,602.4500122070312,True,True,True,True,True,True,True,True,False,245.4624185382459,noise,22.175372682520617,False,False,False,False,,Pharmaceuticals & Biotechnology,Pharmaceuticals,99.23201293451899,True,True,5952.47,54.59,974679.0,0.9171,5
BLSE.NS,2026-08-27,314.04998779296875,315.37916564941406,296.01611073811847,280.98659942626955,212.96391001383464,210.63558982849122,314.9031479419341,124.30000305175781,328.1000061035156,True,True,True,True,True,True,True,False,False,74.93834279299159,noise,39.02636119052518,False,False,False,False,,IT - Services,IT Enabled Services,93.20937752627324,True,True,2846.99,25.38,807995.0,0.8913,20
BLUESTONE.NS,2026-08-27,800.5,831.9916737874349,764.9694485134548,704.3590051269531,555.7113356526693,546.9192517089843,817.5546731750412,399.79998779296875,926.0,True,True,True,True,True,True,True,False,False,45.37364287812367,dry,11.935768301135901,False,True,False,False,,Consumer Durables,"Gems, Jewellery And Watches",87.34842360549717,True,True,12227.59,314.06,3923254.0,2.5684,20
BLUSPRING.NS,2026-08-27,131.55999755859375,121.21749941507976,115.26972219679091,114.21580001831055,80.98326688130696,77.87955005645752,124.33575601920427,43.97999954223633,136.6699981689453,True,True,True,True,True,True,True,True,False,62.43980865376273,noise,46.560718944682705,False,False,False,False,,Commercial Services & Supplies,Diversified Commercial Services,91.18835893290218,True,True,1966.85,14.41,1095533.0,0.7328,10
BODALCHEM.NS,2026-08-27,94.47000122070312,76.96666844685872,70.2291677263048,68.6390007019043,62.414466857910156,60.100950183868406,81.76627703653838,42.810001373291016,94.47000122070312,True,True,True,True,True,True,True,True,False,43.26660255229502,ppv,411.76467797054113,True,False,True,False,,Chemicals & Petrochemicals,Dyes And Pigments,86.58043654001617,True,True,1189.79,1.96,207086.0,0.1644,5
BOSCHLTD.NS,2026-08-27,48780.0,47991.25,43731.414713541664,42843.48390625,37802.11315104167,37499.610546875,47885.43997147824,28422.960694251175,49190.0,True,True,True,True,True,True,True,True,False,25.62619795868293,noise,72.11861331793733,False,True,False,False,,Auto Components,Auto Components & Equipments,79.3856103476152,True,True,143881.98,202.28,41468.0,0.1406,No Band
CHENNPETRO.NS,2026-08-27,1352.4000244140625,1382.8833414713542,1255.6236097547744,1204.5698388671874,1040.9613842773438,995.931374206543,1373.2539777587785,608.2468069995422,1489.699951171875,True,True,True,True,True,True,True,False,False,118.8885246957522,noise,29.12291075683288,False,False,False,False,,Petroleum Products,Refineries & Marketing,96.7663702506063,True,True,20138.78,247.76,1832028.0,1.2303,20
CALSOFT.NS,2026-08-27,33.810001373291016,27.71083339055379,23.821111096276177,23.68280002593994,18.51080005645752,17.866700057983397,29.056664647478605,10.899999618530273,33.810001373291016,True,True,True,True,True,True,True,True,False,105.78211044001127,green,591.3253736873847,True,False,True,False,,IT - Software,Computers - Software & Consulting,96.03880355699272,True,True,209.04,0.54,158241.0,0.2559,5
CGCL.NS,2026-08-27,244.8000030517578,232.3900006612142,238.6786126030816,235.00260131835938,199.1715337117513,195.6438503265381,237.14906607990523,151.10000610351562,264.5299987792969,True,True,True,True,True,True,True,True,False,28.46546464476043,noise,76.13264768716043,False,True,False,False,,Finance,Non Banking Financial Company (NBFC),81.04284559417947,True,True,23553.53,116.53,4760036.0,0.4947,20
CHEMBONDCH.NS,2026-08-27,269.8399963378906,271.7666702270508,251.89045249091254,244.1751400756836,186.03066162109374,177.20743476867676,268.7461396261172,104.32122655798874,290.0,True,True,True,True,True,True,True,True,False,33.59328936033881,noise,21.804873185473276,False,False,False,False,,Chemicals & Petrochemicals,Specialty Chemicals,83.50848827809216,True,True,725.78,0.43,16025.0,0.0596,5
COMSYN.NS,2026-08-27,283.75,283.961664835612,229.97527737087674,214.2015997314453,177.7517328898112,169.23094970703124,280.4549307833046,133.22606278240576,298.0,True,True,True,True,True,True,True,True,False,105.99748516070902,dry,4.287817467325969,False,False,False,False,,Industrial Products,Packaging,96.16006467259498,True,True,1144.62,24.21,853064.0,2.1147,10
COMMITTED.NS,2026-08-26,348.79998779296875,345.36666107177734,341.5013877020942,335.7949993896484,273.9343329874674,257.37949951171873,346.99552136026364,174.25,350.0,True,True,True,True,True,True,True,True,False,32.14262343413088,dry,0.0,False,False,False,False,,Transport Services,Logistics Solution Provider,82.78092158447858,True,True,60.85,0.1,19430.0,0.1696,10
CONFIPET.NS,2026-08-27,79.01000213623047,74.18333435058594,76.55500030517578,75.36400039672851,57.340333518981936,52.0958501625061,76.1465610299226,28.059999465942383,86.4000015258789,True,True,True,True,True,True,True,True,False,63.55844522173495,noise,65.95480950830044,False,True,False,False,,Gas,LPG/CNG/PNG/LNG Supplier,91.55214227970897,True,True,2625.04,27.49,3479824.0,1.0474,20
CONSOFINVT.NS,2026-08-27,272.0,273.3249994913737,280.92472161187067,266.03699951171876,236.03893391927085,218.74140014648438,274.4104658393585,152.0,320.0,True,True,True,True,True,True,True,False,False,42.199917260476184,dry,4.72229908504026,False,False,False,False,,Finance,Non Banking Financial Company (NBFC),86.25707356507681,True,True,879.28,0.44,16256.0,0.0503,5
CORDSCABLE.NS,2026-08-27,244.1999969482422,235.7049992879232,217.97750091552734,215.98080078125,192.482599995931,190.16165008544922,239.54556068921548,127.01000213623047,259.79998779296875,True,True,True,True,True,True,True,True,False,33.255800088959916,red,112.24723441506048,False,False,False,False,,Industrial Products,Cables - Electricals,83.34680679062248,True,True,315.7,1.04,42522.0,0.3289,5
CRAFTSMAN.NS,2026-08-27,10898.0,10586.416666666666,9979.751763237848,9793.9880859375,8525.769322916667,8191.269208984375,10589.43395120439,6316.2925601072975,10960.0,True,True,True,True,True,True,True,True,False,59.91937217948977,noise,73.91970495944045,False,False,True,False,,Auto Components,Auto Components & Equipments,90.50121261115602,True,True,28503.1,73.46,67407.0,0.2577,20
CNL.NS,2026-08-27,1207.949951171875,1227.2624918619792,1063.5499996609158,975.8819982910156,752.8973331705729,743.4002484130859,1205.5107958875221,525.0,1275.0,True,True,True,True,True,True,True,True,False,90.10183979790915,dry,6.901791378300559,False,False,False,False,,Commercial Services & Supplies,Trading & Distributors,94.94745351657235,True,True,1813.94,32.51,269142.0,1.7923,20
CUPID.NS,2026-08-27,276.6499938964844,284.1949971516927,246.7430542839898,231.19879852294923,146.57579940795898,129.8686895942688,279.7080641683756,32.86800003051758,299.0,True,True,True,True,True,True,True,False,False,713.8679370952034,noise,53.91555281747489,False,False,False,False,,Personal Products,Personal Care,99.95957962813257,True,True,37200.04,899.97,32530992.0,2.4193,20
CYIENTDLM.NS,2026-08-27,810.4000244140625,738.9833374023438,669.3430582682291,616.9290008544922,450.443667195638,442.8277505493164,752.497105837628,265.20001220703125,814.25,True,True,True,True,True,True,True,True,False,89.21317943296158,noise,69.90311905241313,False,False,True,False,,Aerospace & Defense,Aerospace & Defense,94.82619240097009,True,True,6431.69,59.63,735783.0,0.9271,20
DATAPATTNS.NS,2026-08-27,4666.7001953125,4647.575032552083,4460.065490722656,4490.985541992188,3829.2565869140626,3550.9982104492187,4659.093943993106,2126.3648658097904,5000.0,True,True,True,True,True,True,True,True,False,86.6567974677302,noise,47.086715980786956,False,True,False,False,,Aerospace & Defense,Aerospace & Defense,94.6645109135004,True,True,26126.04,500.46,1072402.0,1.9156,20
DCI.NS,2026-08-27,413.8500061035156,377.9041697184245,326.18611314561633,311.72300109863284,288.02786732991535,277.41965057373045,382.29051990784365,208.97999572753906,475.0,True,True,True,True,True,True,True,True,False,76.73058433597355,ppv,144.9740361991362,False,False,True,False,,IT - Hardware,Computers Hardware & Equipments,93.45189975747778,True,True,678.71,1.12,27064.0,0.165,20
DCBBANK.NS,2026-08-27,217.50999450683594,194.75083287556967,191.28222147623697,189.8757992553711,184.11502868652343,182.14916030883788,201.27871594155704,118.51625759687853,220.5,True,True,True,True,True,True,True,True,False,79.6051221989569,ppv,506.91117922503093,False,False,True,False,,Banks,Private Sector Bank,93.65400161681488,True,True,7005.51,33.51,1540460.0,0.4783,20
DEEPINDS.NS,2026-08-27,667.3499755859375,673.7371317545573,580.3107520209419,547.9906365966797,469.6842930094401,461.32704696655276,664.8874963261981,328.747065369566,717.266283404711,True,True,True,True,True,True,True,True,False,25.848857458889118,noise,36.50663737788589,False,False,False,False,,Oil,Oil Equipment & Services,79.46645109135004,True,True,4271.04,33.51,502078.0,0.7845,20
DBOL.NS,2026-08-27,123.33999633789062,124.93499946594238,113.25267897711859,112.6521110534668,108.00301640828451,99.8629396057129,125.19512536100001,68.04458797402032,139.0,True,True,True,True,True,True,True,False,False,46.33416020938475,red,149.54864252293265,False,False,False,False,,Agricultural Food & other Products,Sugar,87.63136620856912,True,True,811.44,1.99,161330.0,0.2452,20
DIACABS.NS,2026-08-27,338.6000061035156,355.88333384195965,312.28389019436304,283.7828002929688,197.69920013427733,183.50890007019044,347.8777463949494,115.56999969482422,379.0,True,True,True,True,True,True,True,False,False,134.4063781633995,dry,13.180764807767225,False,False,False,False,,Electrical Equipment,Other Electrical Equipment,97.57477768795472,True,True,20250.69,194.81,5753377.0,0.962,5
DIVGIITTS.NS,2026-08-27,1195.5,1235.6458333333333,1057.7652723524307,1019.1789953613281,814.5216646321614,761.8774981689453,1198.773314042668,573.7000122070312,1318.800048828125,True,True,True,True,True,True,True,False,False,79.01895014687415,noise,20.532576690092448,False,False,False,False,,Auto Components,Auto Components & Equipments,93.57316087308003,True,True,3656.19,31.94,267207.0,0.8737,20
DIVISLAB.NS,2026-08-27,9060.0,8641.583333333334,7970.6461995442705,7610.4175390625,6759.227203776041,6668.92205078125,8702.52324298934,5613.352076705792,9150.0,True,True,True,True,True,True,True,True,False,45.59271408701597,green,115.79434353891564,False,False,True,False,,Pharmaceuticals & Biotechnology,Pharmaceuticals,87.38884397736459,True,True,240514.53,383.89,423715.0,0.1596,No Band
DPEL.NS,2026-08-26,566.0999755859375,569.5000050862631,567.763892279731,546.2360021972656,451.07866638183594,408.24924949646,569.5658029087782,130.0,599.0,True,True,True,True,True,True,True,False,False,315.9441221151528,noise,23.379554982263787,False,True,False,False,,Industrial Products,Cables - Electricals,99.59579628132579,True,True,251.91,0.57,54242.0,0.2282,10
DOLPHIN.NS,2026-08-27,628.2000122070312,586.4791641235352,456.374998304579,433.85899841308594,417.6943320719401,414.6572489929199,591.2245594323891,322.0,669.9500122070312,True,True,True,True,True,True,True,True,False,42.5136183311509,noise,79.35939149117483,False,False,False,False,,Oil,Offshore Support Solution Drilling,86.33791430881163,True,True,2513.09,3.19,50849.0,0.1271,10
LALPATHLAB.NS,2026-08-27,1936.4000244140625,1913.2250162760417,1837.7229444715713,1786.570537109375,1565.3849291992187,1539.9971685791015,1912.7249210287584,1266.16157090969,1988.9000244140625,True,True,True,True,True,True,True,True,False,18.210979209071642,noise,24.270306442532682,False,False,False,False,,Healthcare Services,Healthcare Service Provider,75.50525464834277,True,True,32333.58,89.58,462622.0,0.2771,20
DREDGECORP.NS,2026-08-27,1115.800048828125,1121.8083394368489,1078.727783203125,1085.6080078125,1019.497001953125,1001.2605014038086,1118.0325660948288,538.0,1286.0,True,True,True,True,True,True,True,False,False,85.34884532028654,noise,37.32384268094412,False,True,False,False,,Engineering Services,Dredging,94.42198868229588,True,True,3124.24,29.12,260944.0,0.9319,20
DURLAX.NS,2026-08-26,68.05000305175781,62.37499968210856,55.28888871934679,53.377999801635745,50.040662638346355,47.40899694442749,63.41160264290375,30.549999237060547,72.0,True,True,True,True,True,True,True,True,False,64.37198198946959,ppv,150.79073188672305,False,False,True,False,,Consumer Durables,"Furniture, Home Furnishing",91.71382376717865,True,True,140.23,0.81,104454.0,0.578,20
DYNAMATECH.NS,2026-08-27,11497.0,11401.169840494791,10846.017415364584,10750.9758984375,10356.89662109375,10069.254165039063,11451.423931779744,6314.990438468805,12871.42671066004,True,True,True,True,True,True,True,True,False,78.18227690736454,noise,70.46887673670163,False,False,False,False,,Industrial Manufacturing,Industrial Products,93.49232012934519,True,True,7808.12,18.36,15972.0,0.2352,20
E2E.NS,2026-08-27,618.0999755859375,633.4208272298177,540.2444474962023,501.8800018310547,359.496267191569,324.4666003417969,617.9564899364758,183.36000061035156,698.0,True,True,True,True,True,True,True,True,False,161.840202481793,noise,25.784992880685493,False,False,False,False,,IT - Services,IT Enabled Services,98.34276475343573,True,True,12699.35,114.62,1854341.0,0.9025,5
EICHERMOT.NS,2026-08-27,8100.0,8046.958333333333,7785.979180230035,7669.30734375,7340.6593619791665,7286.929592285156,8037.964629432757,5898.234287361811,8165.0,True,True,True,True,True,True,True,True,False,33.06490620050313,noise,66.5440669106342,False,False,False,False,,Automobiles,2/3 Wheelers,83.26596604688763,True,True,222362.58,438.65,541543.0,0.1973,No Band
ELGIEQUIP.NS,2026-08-27,599.25,612.7999979654948,591.0695156521267,592.9026062011719,546.9111678059896,528.7680445861816,612.0069139332629,406.3547440834414,644.0,True,True,True,True,True,True,True,False,False,24.569609802646085,noise,77.85705903483122,False,False,False,False,,Industrial Products,"Compressors, Pumps & Diesel Engines",78.86014551333872,True,True,18890.85,36.85,614962.0,0.1951,20
EMCURE.NS,2026-08-27,1878.4000244140625,1898.0416768391926,1894.8027716742622,1877.9359936523438,1687.558662923177,1623.6169970703124,1883.6521498017182,1260.0,2048.0,True,True,True,True,True,True,True,False,False,27.9041301675512,noise,61.886822567664645,False,False,False,False,,Pharmaceuticals & Biotechnology,Pharmaceuticals,80.67906224737268,True,True,35633.11,32.8,174642.0,0.0921,10
ENGINERSIN.NS,2026-08-27,246.9600067138672,244.16416676839194,235.53972244262695,238.43600067138672,223.7841562906901,216.66343482971192,245.6291158788984,162.352472800208,267.0,True,True,True,True,True,True,True,True,False,29.069986748308207,noise,61.33159532302954,False,False,False,False,,Construction,Civil Construction,81.24494745351657,True,True,13880.2,66.87,2707650.0,0.4818,20
ENTERO.NS,2026-08-27,1753.5,1489.816670735677,1323.6361083984375,1280.1780004882812,1199.0326700846354,1168.0470028686523,1536.303047599533,944.0,1786.4000244140625,True,True,True,True,True,True,True,True,False,43.107804629326886,ppv,563.6188371054511,True,False,True,False,,Retailing,Pharmacy Retail,86.54001616814875,True,True,7631.77,32.49,185273.0,0.4257,20
ESABINDIA.NS,2026-08-27,6095.5,6168.083333333333,5836.974717881944,5807.18994140625,5801.761839192708,5792.187612304688,6118.051401494364,4646.750780288195,7287.879453826482,True,True,True,True,True,True,True,False,False,13.85732920329865,noise,68.47054642252274,False,False,False,False,,Industrial Products,Other Industrial Products,72.55456750202102,True,True,9382.82,3.29,5398.0,0.0351,20
ESAFSFB.NS,2026-08-27,43.970001220703125,41.82249959309896,39.124722162882485,37.62599998474121,30.26753330230713,29.336149940490724,42.651180445992985,19.780000686645508,44.79999923706055,True,True,True,True,True,True,True,True,False,49.863670729479594,dry,17.377244441213854,False,False,False,False,,Banks,Other Bank,88.64187550525465,True,True,2268.93,12.94,2942541.0,0.5702,5
EXIDEIND.NS,2026-08-27,437.75,463.3500010172526,450.8513904147678,435.6866058349609,371.4434875488281,369.4392205810547,454.94223788072406,285.6312149356571,496.3999938964844,True,True,True,True,True,True,True,False,False,10.848734151292906,noise,40.07660442155646,False,False,False,False,,Auto Components,Auto Components & Equipments,70.21018593371059,True,True,37208.75,204.2,4664841.0,0.5488,20
FEDERALBNK.NS,2026-08-27,344.79998779296875,353.3320821126302,350.0034340752496,343.14808471679686,305.49445373535156,293.3707892608643,351.638783597598,187.75854034199187,370.4344787597656,True,True,True,True,True,True,True,False,False,79.76615170187384,noise,70.99958482822696,False,False,False,False,,Banks,Private Sector Bank,93.73484236054972,True,True,85151.93,358.46,10396205.0,0.421,No Band
FILATEX.NS,2026-08-27,78.30999755859375,81.98666699727376,76.09499973720975,70.00659980773926,53.218666585286456,52.60479993820191,80.67608270406856,36.2599983215332,87.2699966430664,True,True,True,True,True,True,True,False,False,47.98563316828086,noise,90.37508957550672,False,True,False,False,,Textiles & Apparels,Other Textile Products,88.11641067097817,True,True,3477.42,33.67,4299041.0,0.9681,20
FINEORG.NS,2026-08-27,5258.2001953125,5165.8166910807295,5016.600504557292,5060.39203125,4706.346031901042,4606.871112060547,5163.848284716659,3847.3028827011017,5394.804360638102,True,True,True,True,True,True,True,True,False,13.079859072225485,noise,89.3407646617138,False,False,False,False,,Chemicals & Petrochemicals,Specialty Chemicals,71.9482619240097,True,True,16121.63,11.79,22418.0,0.0731,20
FCL.NS,2026-08-27,48.4900016784668,45.69333362579346,41.502222273084854,41.12620002746582,31.678866653442384,29.82194999694824,46.82494538837862,19.100000381469727,51.380001068115234,True,True,True,True,True,True,True,True,False,101.80900547961454,noise,70.53308841194111,False,False,False,False,,Chemicals & Petrochemicals,Specialty Chemicals,95.71544058205336,True,True,5646.67,72.42,14934705.0,1.2825,10
FINCABLES.NS,2026-08-27,1291.1500244140625,1285.0624898274739,1110.1777750651042,1114.697998046875,986.7653332519532,930.4595013427735,1264.0767326725108,700.7999877929688,1374.0,True,True,True,True,True,True,True,True,False,58.54492315583677,noise,68.15214308079649,False,False,False,False,,Industrial Products,Cables - Electricals,90.29911075181892,True,True,19746.76,120.9,936350.0,0.6122,20
NYKAA.NS,2026-08-27,338.0,330.9874979654948,329.6638887193468,323.58599975585935,281.5377991739909,275.69414962768553,333.17807807860106,225.25999450683594,348.0,True,True,True,True,True,True,True,True,False,45.909781526279424,noise,22.17560461253434,False,False,False,False,,Retailing,E-Retail/ E-Commerce,87.59094583670169,True,True,96840.04,247.44,7320748.0,0.2555,No Band
GNFC.NS,2026-08-27,577.0,583.4125010172526,538.0624991522895,538.9360003662109,491.1546671549479,490.9352505493164,580.8270153493744,365.0,619.0,True,True,True,True,True,True,True,False,False,13.421533583438405,noise,94.34629239189985,False,False,False,False,,Chemicals & Petrochemicals,Commodity Chemicals,72.27162489894907,True,True,8478.48,28.29,490287.0,0.3337,20
GANDHAR.NS,2026-08-27,254.85000610351562,250.44499969482422,235.56787109375,220.2965985107422,169.31087376912436,162.1808491897583,251.7094230842068,113.93974378848462,300.3749196686875,True,True,True,True,True,True,True,True,False,73.5011086739387,dry,18.48410596758313,False,False,False,False,,Petroleum Products,Lubricants,93.08811641067098,True,True,2494.46,75.82,2975061.0,3.0395,20
GANESHBE.NS,2026-08-27,125.08999633789062,118.41833305358887,113.64000023735895,110.79080047607422,95.94213333129883,92.21055004119873,120.39225721878846,68.4000015258789,129.99000549316406,True,True,True,True,True,True,True,True,False,33.03200889271138,dry,16.422126778027163,False,False,True,False,,Oil,Oil Storage & Transportation,83.22554567502021,True,True,900.52,9.57,765080.0,1.0628,5
GRWRHITECH.NS,2026-08-27,7060.5,7130.833333333333,7063.444444444444,6993.92,5314.0633365885415,4845.5794995117185,7130.7104123094705,2671.6173087131406,7990.0,True,True,True,True,True,True,True,False,False,161.21870898389673,red,423.4721440663574,False,False,False,False,,Industrial Products,Plastic Products - Industrial,98.3023443815683,True,True,16403.23,48.59,68815.0,0.2962,20
GAYAPROJ.NS,2026-08-27,22.020000457763672,21.440833568572998,20.84222231970893,21.187200088500976,17.820466683705646,16.284899988174438,21.633798834195073,8.210000038146973,26.0,True,True,True,True,True,True,True,True,False,159.6698307362951,red,116.38373554529802,False,False,False,False,,Construction,Civil Construction,98.26192400970089,True,True,1022.39,1.22,554701.0,0.1195,5
GRCL.NS,2026-08-26,575.0,522.4291687011719,564.4625023735894,565.7180029296875,475.75133443196614,450.47775115966795,541.8820997248845,306.6499938964844,629.2000122070312,True,True,True,True,True,True,True,True,False,47.435897435897445,red,952.3809523809524,False,False,False,False,,Industrial Products,Rubber,87.9951495553759,True,True,212.28,0.05,1333.0,0.0232,5
GHCLTEXTIL.NS,2026-08-27,125.36000061035156,123.15749994913737,117.57944424947102,112.53619964599609,92.72600489298503,88.00097030639648,123.92384798729552,64.84792129679248,129.44000244140625,True,True,True,True,True,True,True,True,False,58.11080178714856,noise,36.343978685991694,False,True,False,False,,Textiles & Apparels,Other Textile Products,90.21827000808408,True,True,1198.26,11.42,910862.0,0.9529,20
GLAND.NS,2026-08-27,2873.5,2873.441691080729,2623.824462890625,2551.954248046875,2098.6827286783855,2002.6289111328124,2838.112743711913,1561.8007505195303,3039.800048828125,True,True,True,True,True,True,True,True,False,49.16067893905287,dry,17.99436559629792,False,False,False,False,,Pharmaceuticals & Biotechnology,Pharmaceuticals,88.43977364591754,True,True,47403.17,199.09,692861.0,0.42,20
GLENMARK.NS,2026-08-27,2460.0,2345.7249755859375,2279.4583265516494,2257.0819873046876,2203.4759952799477,2144.429996948242,2369.3465470725114,1792.5999755859375,2484.0,True,True,True,True,True,True,True,True,False,26.417905288822887,noise,82.55911513881135,False,False,True,False,,Pharmaceuticals & Biotechnology,Pharmaceuticals,79.99191592562651,True,True,69427.27,144.02,585465.0,0.2074,No Band
GLOBAL.NS,2026-08-27,110.9800033569336,107.12833404541016,103.73044395446777,103.74826507568359,100.58134312947591,96.64789169311524,107.76314614819,54.66141601481325,121.30373994727256,True,True,True,True,True,True,True,True,False,73.02594752068681,noise,90.92166396674362,False,False,False,False,,Other Consumer Services,Education,92.96685529506871,True,True,564.9,0.88,78923.0,0.1551,20
GNA.NS,2026-08-27,546.7999877929688,556.6625010172526,536.1013904147678,509.85119689941405,435.0174971516927,406.2408720397949,552.3584420902214,289.7233688082436,601.6500244140625,True,True,True,True,True,True,True,False,False,81.72553813149159,noise,45.19629779251171,False,False,False,False,,Auto Components,Auto Components & Equipments,94.17946645109136,True,True,2347.46,32.59,595981.0,1.3882,20
EBGNG.NS,2026-08-27,580.25,586.7208353678385,569.776390923394,576.5160009765625,447.6650005086263,412.7275003814697,584.4077634746061,239.0,689.5,True,True,True,True,True,True,True,False,False,53.953305756583724,noise,30.235121484750476,False,False,False,False,,IT - Hardware,Computers Hardware & Equipments,89.57154405820533,True,True,6615.52,41.59,716689.0,0.6286,10
GOKULAGRO.NS,2026-08-27,244.47999572753906,240.70416768391928,226.0311105516222,222.36720001220704,206.86546641031902,201.93619964599608,242.00220978333158,151.0,259.79998779296875,True,True,True,True,True,True,True,True,False,47.99031491758174,red,101.23475082272833,False,False,False,False,,Agricultural Food & other Products,Edible Oil,88.1568310428456,True,True,7214.28,13.03,532943.0,0.1806,20
GULFPETRO.NS,2026-08-27,66.18000030517578,65.13152186075847,51.9076386557685,48.291092987060544,38.0940522257487,37.46784385681153,65.56691876745907,23.06491811108752,71.4000015258789,True,True,True,True,True,True,True,True,False,57.63481224730527,noise,50.283684834520905,False,False,False,False,,Petroleum Products,Lubricants,90.13742926434924,True,True,337.41,1.34,202236.0,0.3967,5
GFSTEELS.NS,2026-08-26,15.0,15.0,14.48972217241923,14.243399868011474,12.952399864196778,12.46319993019104,14.946813008783277,9.729999542236328,15.0,True,True,True,True,True,True,True,True,False,54.162391631032115,dry,0.0,False,False,True,False,,Industrial Products,Iron & Steel Products,89.65238480194017,True,True,45.65,0.0,1756.0,0.0058,5
GRASIM.NS,2026-08-27,3258.0,3279.6833292643228,3199.727491590712,3182.257177734375,2960.81853515625,2914.089552001953,3278.4175162687907,2494.7282248871606,3411.10009765625,True,True,True,True,True,True,True,False,False,16.878248146337448,noise,94.32305119425891,False,False,False,False,,Cement & Cement Products,Cement & Cement Products,74.41390460792239,True,True,220974.75,243.15,746328.0,0.11,No Band
GAEL.NS,2026-08-27,168.5,174.44416681925455,164.2824995252821,163.55779998779298,152.63213322957355,145.05450004577636,174.29751760878693,101.19999694824219,184.99000549316406,True,True,True,True,True,True,True,False,False,64.55077879800233,noise,69.50842541678038,False,False,False,False,,Agricultural Food & other Products,Other Agricultural Products,91.75424413904608,True,True,7728.6,22.27,1321548.0,0.2881,20
GUJALKALI.NS,2026-08-27,710.75,694.1541646321615,662.5611080593533,649.8719995117187,611.7309999593099,586.7719999694824,701.0432167616763,409.1499938964844,815.0,True,True,True,True,True,True,True,True,False,27.857843597433597,noise,57.471378293095654,False,False,False,False,,Chemicals & Petrochemicals,Commodity Chemicals,80.63864187550526,True,True,5219.53,7.52,105782.0,0.144,20
FLUOROCHEM.NS,2026-08-27,4672.10009765625,4668.9416910807295,4463.23336452908,4308.74201171875,3723.828006184896,3667.338005371094,4650.278785083304,2916.60009765625,4958.89990234375,True,True,True,True,True,True,True,True,False,38.31653126716586,noise,30.831528606761825,False,True,False,False,,Chemicals & Petrochemicals,Specialty Chemicals,85.125303152789,True,True,51323.02,82.73,177068.0,0.1612,20
GULPOLY.NS,2026-08-27,193.08999633789062,190.84583155314127,191.92333221435547,192.71979888916016,176.7429998779297,167.7769497680664,192.92226893538623,121.5,227.6300048828125,True,True,True,True,True,True,True,True,False,16.2264132227397,noise,24.69157222334233,False,False,False,False,,Agricultural Food & other Products,Other Agricultural Products,74.09054163298302,True,True,1200.7,12.92,669166.0,1.0761,20
HAPPYFORGE.NS,2026-08-27,2250.800048828125,2185.991689046224,1845.5537719726562,1753.7844409179688,1442.5222501627604,1349.6526165771484,2175.2360380088066,859.888472776414,2340.0,True,True,True,True,True,True,True,True,False,147.9215312533362,noise,64.77518336052212,False,False,False,False,,Industrial Products,Castings & Forgings,97.8981406628941,True,True,21242.77,26.48,117658.0,0.1247,5
HEG.NS,2026-08-27,710.2000122070312,708.2249959309896,654.4799050225151,617.877642211914,579.0146815999349,570.9578916931152,708.9609612054255,457.2157644322142,749.0,True,True,True,True,True,True,True,True,False,49.35468074824199,noise,29.076376997787584,False,True,False,False,,Industrial Products,Electrodes & Refractories,88.52061438965238,True,True,13705.26,122.68,1727382.0,0.8951,20
HFCL.NS,2026-08-27,245.83999633789062,229.84333165486655,214.87055460611978,214.24279907226563,142.2536664835612,123.70004995346069,231.89517995231603,59.81999969482422,247.44000244140625,True,True,True,True,True,True,True,True,False,242.79102206441797,noise,80.97603871164722,False,False,True,False,,Telecom - Services,Telecom - Infrastructure,99.19159256265158,True,True,37620.0,718.49,29226121.0,1.9099,5
HIRECT.NS,2026-08-27,1223.0,1251.308349609375,1254.2888590494792,1216.3641845703125,963.1348864746094,905.2030923461914,1249.2178626633568,564.6092543150997,1397.5377365248423,True,True,True,True,True,True,True,False,False,54.77618988988118,noise,32.59319958918638,False,False,False,False,,Industrial Manufacturing,Industrial Products,89.6928051738076,True,True,4203.72,24.88,203449.0,0.5919,20
HINDALCO.NS,2026-08-27,1024.0,1044.5916646321614,1001.1847245958116,991.0046936035156,990.3723303222656,955.9330328369141,1040.3228635475273,693.3828089038235,1169.8969824893504,True,True,True,True,True,True,True,False,False,45.86112116958647,noise,72.73819419715801,False,False,False,False,,Non - Ferrous Metals,Aluminium,87.51010509296685,True,True,227311.32,562.88,5496891.0,0.2476,No Band
HNDFDS.NS,2026-08-27,635.5499877929688,625.7375030517578,589.6569468180338,578.9860009765625,528.2240008544921,526.6259992980957,628.3589024963428,442.0,677.75,True,True,True,True,True,True,True,True,False,19.983004180971477,noise,27.005965416295,False,True,False,False,,Diversified FMCG,Diversified FMCG,76.59660468876314,True,True,7700.5,5.64,88765.0,0.0733,20
POWERINDIA.NS,2026-08-27,33880.0,34430.961263020836,33104.32302517361,33364.8370703125,29974.1908203125,27352.494838867187,33874.01951933661,16107.154467866794,38775.74235339215,True,True,True,True,True,True,True,True,False,71.32503080017642,noise,61.36132031787085,False,False,False,False,,Electrical Equipment,Heavy Electrical Equipment,92.64349232012935,True,True,151011.17,524.87,154920.0,0.3476,No Band
HITECHCORP.NS,2026-08-27,336.29998779296875,332.1416651407878,324.9027786254883,322.06720153808595,220.04360041300455,208.54870021820068,332.65846691507403,112.0,345.0,True,True,True,True,True,True,True,True,False,65.95114627279688,noise,62.372246862787584,False,False,False,False,,Industrial Products,Packaging,91.87550525464833,True,True,577.62,0.89,26384.0,0.1536,5
HMT.NS,2026-08-27,64.52999877929688,61.3758331934611,61.52611128489176,63.27900016784668,58.46593340555827,56.10200000762939,62.66776266777129,41.0,72.94999694824219,True,True,True,True,True,True,True,True,False,14.822060326110464,red,194.5260280917141,False,False,False,False,,Industrial Manufacturing,Industrial Products,73.4842360549717,True,True,7770.0,0.1,15481.0,0.0013,5
HOACFOODS.NS,2026-08-26,850.0,816.1125030517578,748.8736148410374,729.3200024414062,528.96466796875,480.8160009765625,817.2184038127027,190.1999969482422,870.4500122070312,True,True,True,True,True,True,True,True,False,304.95475212790694,noise,89.28571428571429,False,False,True,False,,Food Products,Other Food Products,99.51495553759095,True,True,56.3,0.05,3528.0,0.0918,5
HONASA.NS,2026-08-27,484.8500061035156,482.0708312988281,468.2486114501953,461.2980010986328,374.2893341064453,350.8862507629394,481.0180175820062,248.39999389648438,509.79998779296875,True,True,True,True,True,True,True,True,False,61.9946628393768,noise,66.15937083690524,False,False,False,False,,Personal Products,Personal Care,91.0266774454325,True,True,15807.28,88.39,1823138.0,0.5592,20
IGPL.NS,2026-08-27,521.9500122070312,482.92916107177734,464.9510845608181,458.1225476074219,413.43425740559894,405.9605564880371,494.4332058406316,311.6019343179066,541.0,True,True,True,True,True,True,True,True,False,13.826333304671422,red,358.3091143218509,False,False,False,False,,Chemicals & Petrochemicals,Commodity Chemicals,72.51414713015359,True,True,1607.34,2.98,57044.0,0.1852,20
IFCI.NS,2026-08-27,84.2699966430664,80.59916814168294,76.12805599636502,76.59740036010743,66.61160011291504,63.00840003967285,81.7645975739478,46.22999954223633,95.80000305175781,True,True,True,True,True,True,True,True,False,62.120041141194804,red,147.10116665280145,False,False,False,False,,Finance,Financial Institution,91.10751818916734,True,True,22704.99,482.26,57228547.0,2.124,20
IMPEXFERRO.NS,2026-08-27,4.21999979019165,3.818333307902018,2.976944453186459,2.79480001449585,2.1190666723251343,2.047450004816055,3.882267429482515,1.2999999523162842,4.21999979019165,True,True,True,True,True,True,True,True,False,110.99998950958252,ppv,43.460859124170156,False,False,True,False,,Ferrous Metals,Ferro & Silica Manganese,96.40258690379952,True,True,37.71,0.01,33079.0,0.037,2
INDSWFTLAB.NS,2026-08-27,358.0400085449219,326.9191665649414,264.8025016784668,247.8078012084961,175.57806666056314,155.70515007019043,329.3257886024602,87.1500015258789,373.7200012207031,True,True,True,True,True,True,True,True,False,269.0373334706865,noise,44.325839687734245,False,True,False,False,,Pharmaceuticals & Biotechnology,Pharmaceuticals,99.35327405012127,True,True,3109.1,57.03,1592899.0,1.8344,20
INDOBORAX.NS,2026-08-27,503.0,467.36666615804035,429.54388258192273,408.4397686767578,302.98179016113284,286.2221147155762,478.78898990921965,204.51708976468473,524.5999755859375,True,True,True,True,True,True,True,True,False,115.11802037645089,dry,18.93055384403606,False,True,False,False,,Chemicals & Petrochemicals,Commodity Chemicals,96.68552950687146,True,True,1614.13,29.91,594651.0,1.8531,20
ICIL.NS,2026-08-27,423.3999938964844,418.4590886433919,410.5244556003147,413.1495489501953,324.8260079956055,314.6038708496094,423.9692445224042,216.04358355223812,462.0,True,True,True,True,True,True,True,False,False,76.49091341489577,noise,20.55123721276912,False,False,False,False,,Textiles & Apparels,Other Textile Products,93.41147938561035,True,True,8385.62,57.0,1346349.0,0.6798,20
INDOTECH.NS,2026-08-27,3712.199951171875,3694.2083333333335,3550.602769639757,3400.4859912109373,2392.887997233073,2193.5239959716796,3729.6425183694837,1100.0,4030.0,True,True,True,True,True,True,True,False,False,103.21892212185166,noise,55.16711207849273,False,False,False,False,,Electrical Equipment,Heavy Electrical Equipment,95.75586095392077,True,True,3942.36,10.72,28883.0,0.272,5
INDUSINDBK.NS,2026-08-27,1002.9000244140625,1013.2666625976562,1016.6958346896702,997.2052880859375,924.2644612630208,909.6759698486328,1010.9127021118005,709.4508644993872,1077.8499755859375,True,True,True,True,True,True,True,False,False,32.80332742306562,noise,59.09553407378605,False,True,False,False,,Banks,Private Sector Bank,83.10428455941795,True,True,78140.01,197.14,1965687.0,0.2523,No Band
INGERRAND.NS,2026-08-27,4609.39990234375,4593.0417073567705,4460.262152777777,4465.027548828125,4102.274856770833,3953.7805908203127,4586.406273307363,3049.5386808320995,4768.7001953125,True,True,True,True,True,True,True,True,False,25.039584616505394,noise,67.53250510335998,False,False,False,False,,Industrial Products,"Compressors, Pumps & Diesel Engines",79.10266774454325,True,True,14550.95,12.05,26138.0,0.0828,20
INOXINDIA.NS,2026-08-27,2177.89990234375,1952.9333190917969,1955.999996609158,1942.8440014648438,1543.7466064453124,1443.7705548095703,1975.3959047282042,1066.9168905614442,2224.0,True,True,True,True,True,True,True,True,False,90.15601733570952,ppv,1241.880421130247,True,False,True,False,,Industrial Products,Other Industrial Products,95.0282942603072,True,True,19767.38,80.47,369471.0,0.4071,20
IOLCP.NS,2026-08-27,193.07000732421875,168.4341672261556,161.0522223578559,155.89800079345704,113.15432444254557,105.62908317565918,173.3968576171523,67.07081715721031,195.63999938964844,True,True,True,True,True,True,True,True,False,113.0740504734666,green,190.39275995495203,False,False,True,False,,Pharmaceuticals & Biotechnology,Pharmaceuticals,96.52384801940178,True,True,5667.14,89.11,4615419.0,1.5724,20
IPCALAB.NS,2026-08-27,1959.800048828125,1878.3249918619792,1811.048577202691,1773.259638671875,1602.8830997721354,1561.648250732422,1899.0770395470831,1247.2697331943216,1992.0,True,True,True,True,True,True,True,True,False,40.48175477306168,noise,28.077763210358007,False,True,True,False,,Pharmaceuticals & Biotechnology,Pharmaceuticals,85.81244947453517,True,True,49720.95,77.53,395579.0,0.1559,20
IRISDOREME.NS,2026-08-27,57.93000030517578,57.89416631062826,52.04277780320909,49.14199996948242,38.98093334197998,37.831149940490725,57.42442913022557,26.350000381469727,60.20000076293945,True,True,True,True,True,True,True,True,False,81.54183823938152,ppv,240.5440739186424,False,False,False,False,,Textiles & Apparels,Garments & Apparels,94.05820533548909,True,True,988.74,5.04,869681.0,0.5095,20
JBCHEPHARM.NS,2026-07-23,2408.89990234375,2435.2332967122397,2310.494425455729,2269.2444677734375,2064.628430989583,1979.3347778320312,2414.337336320388,1615.9959315693322,2525.5,True,True,True,True,True,True,True,False,False,45.102191793170945,dry,0.0,False,False,False,False,,Pharmaceuticals & Biotechnology,Pharmaceuticals,87.18674211802748,True,True,38792.59,62.16,257285.0,0.1602,—
JGCHEM.NS,2026-08-27,585.5,609.3208363850912,536.3111131456163,505.4250018310547,419.0790010579427,406.52750045776367,598.4455275566925,298.3999938964844,663.0999755859375,True,True,True,True,True,True,True,False,False,22.9009251681942,dry,17.03900731259478,False,True,False,False,,Chemicals & Petrochemicals,Commodity Chemicals,78.13257881972514,True,True,2294.34,25.78,440359.0,1.1238,20
JSFB.NS,2026-08-27,544.5499877929688,564.941660563151,543.7777726915148,520.336997680664,449.31799967447915,444.6579995727539,561.180685922066,330.0,606.9500122070312,True,True,True,True,True,True,True,False,False,10.669647658255709,red,117.71969411090284,False,True,False,False,,Banks,Other Bank,70.08892481810832,True,True,5758.75,51.6,947632.0,0.8961,20
JAYNECOIND.NS,2026-08-27,101.08999633789062,95.17583338419597,91.17972204420302,90.11860015869141,88.56499994913737,85.85984992980957,97.69250220284609,57.119998931884766,117.0,True,True,True,True,True,True,True,True,False,71.86330646442676,noise,51.923345399662324,False,True,False,False,,Industrial Products,Iron & Steel Products,92.80517380759903,True,True,9815.82,47.14,4662871.0,0.4802,20
JETFREIGHT.NS,2026-08-27,22.850000381469727,22.43666696548462,22.713611178927952,22.395800094604493,20.249066670735676,19.431900000572206,22.531479289682284,11.899999618530273,25.950000762939453,True,True,True,True,True,True,True,True,False,67.27672501254578,noise,69.20866817081884,False,False,False,False,,Transport Services,Logistics Solution Provider,91.95634599838318,True,True,106.03,0.61,267554.0,0.5766,20
JINDALSAW.NS,2026-08-27,310.25,279.3249994913737,269.0430552164714,266.52139923095706,227.87040069580078,211.99431564331056,286.463054981368,151.60325107352764,316.95001220703125,True,True,True,True,True,True,True,True,False,57.99989851350256,ppv,394.5904170961088,False,False,True,False,,Industrial Products,Iron & Steel Products,90.17784963621665,True,True,19782.19,70.88,2284756.0,0.3583,20
JSWINFRA.NS,2026-08-27,337.95001220703125,337.8041712443034,333.96666717529297,330.7820001220703,287.2485857137044,283.6731336212158,338.10844725038027,232.71809982894663,355.79998779296875,True,True,True,True,True,True,True,False,False,14.284991873899088,noise,65.47100408742844,False,False,False,False,,Transport Infrastructure,Port & Port services,72.95877122069523,True,True,78240.89,133.36,3946092.0,0.1704,20
JSWSTEEL.NS,2026-08-27,1337.5,1297.0416666666667,1275.2472330729167,1263.3506494140624,1241.9547526041667,1215.9127374267578,1311.4570600283027,1016.4615692154861,1351.0,True,True,True,True,True,True,True,True,False,28.46743536704932,red,159.09079411114345,False,False,False,False,,Ferrous Metals,Iron & Steel,81.0832659660469,True,True,326460.61,211.92,1584464.0,0.0649,No Band
JTLIND.NS,2026-08-27,82.56999969482422,77.14000002543132,76.28083335028754,77.22359985351562,69.90259989420574,68.1403498840332,78.56911156963832,40.25,87.19999694824219,True,True,True,True,True,True,True,True,False,11.577249967808157,green,233.38650310191244,False,False,False,False,,Industrial Products,Iron & Steel Products,70.69523039611964,True,True,3245.68,22.41,2714265.0,0.6905,20
KPRMILL.NS,2026-08-27,1126.5,1122.3583170572917,1096.4740804036458,1115.6077392578125,986.1135416666667,980.9809609985351,1123.0426798480814,794.3546009216013,1331.0754095910231,True,True,True,True,True,True,True,True,False,15.52323865576357,noise,21.152524061691114,False,False,False,False,,Textiles & Apparels,Other Textile Products,73.8480194017785,True,True,38585.17,75.82,673023.0,0.1965,20
KABRAEXTRU.NS,2026-08-27,589.5999755859375,544.7749964396158,436.41666497124567,387.49359924316406,284.4550661214193,268.93024948120114,559.8969177199041,180.0,625.1500244140625,True,True,True,True,True,True,True,True,False,119.54943302416882,noise,38.793413173652695,False,False,False,False,,Industrial Manufacturing,Industrial Products,96.84721099434115,True,True,2062.0,15.11,256299.0,0.7329,20
KAMDHENU.NS,2026-08-27,35.630001068115234,34.45249970753988,34.26194413503011,33.08159976959229,26.454133313496907,26.024650011062622,34.91754086923617,16.149999618530273,37.060001373291016,True,True,True,True,True,True,True,True,False,30.487310543180037,noise,53.24357501661301,False,False,False,False,,Industrial Products,Iron & Steel Products,81.89167340339532,True,True,1004.35,4.91,1376896.0,0.4885,5
KANORICHEM.NS,2026-08-27,158.7899932861328,154.51166407267252,149.16388829549155,143.8367999267578,100.89446673075358,94.3541001701355,155.28668681303031,56.0,164.60000610351562,True,True,True,True,True,True,True,True,False,88.2959680283774,noise,61.08678126937313,False,False,False,False,,Industrial Manufacturing,Industrial Products,94.74535165723525,True,True,693.81,0.68,42728.0,0.0978,5
KAPSTON.NS,2026-08-27,501.0,534.0958404541016,489.75694953070746,454.6390051269531,376.4415561930339,359.80391693115234,519.0824833690114,237.1999969482422,600.0,True,True,True,True,True,True,True,False,False,105.9101578344924,noise,47.22794308626103,False,False,False,False,,Commercial Services & Supplies,Diversified Commercial Services,96.11964430072757,True,True,1524.65,2.77,55347.0,0.1819,20
KTKBANK.NS,2026-08-27,327.1499938964844,322.7874984741211,297.602776421441,289.3319995117188,252.9529330444336,239.09329948425292,325.40738801454506,164.46822856250571,341.0,True,True,True,True,True,True,True,True,False,97.66319697495618,noise,54.99405914990657,False,False,False,False,,Banks,Private Sector Bank,95.51333872271624,True,True,12372.21,84.13,2571748.0,0.68,20
KARURVYSYA.NS,2026-08-27,346.29998779296875,338.3208312988281,330.12933349609375,319.8918249511719,302.12449625651044,289.8960888671875,341.31409000377386,200.26247523540303,358.6499938964844,True,True,True,True,True,True,True,True,False,61.4962122411582,noise,42.83599874682751,False,False,False,False,,Banks,Private Sector Bank,90.98625707356508,True,True,33475.69,134.17,3874453.0,0.4008,20
KDDL.NS,2026-08-27,3947.199951171875,3955.383341471354,3550.2333306206597,3442.575986328125,2774.3419970703126,2677.788552246094,3918.0599916138044,1990.0,4155.5,True,True,True,True,True,True,True,True,False,61.031204498191904,green,109.3683423597402,False,False,False,False,,Consumer Durables,"Gems, Jewellery And Watches",90.86499595796282,True,True,4854.77,19.17,48557.0,0.3948,20
KEI.NS,2026-08-27,5536.0,5662.308349609375,5306.091661241319,5318.06599609375,4936.244319661459,4759.58326171875,5582.963271069591,3724.290243524651,5899.0,True,True,True,True,True,True,True,False,False,43.04105539529601,noise,51.448851537161474,False,False,False,False,,Industrial Products,Cables - Electricals,86.4591754244139,True,True,52924.49,204.65,369671.0,0.3867,No Band
KINGFA.NS,2026-08-27,5960.5,5919.625,5425.236111111111,5329.75,4855.521336263021,4687.721007080078,5871.10250023021,3649.89990234375,6200.0,True,True,True,True,True,True,True,True,False,32.1882386930856,noise,48.52112901768934,False,False,False,False,,Industrial Products,Plastic Products - Industrial,82.82134195634599,True,True,8077.3,7.45,12507.0,0.0923,20
KECL.NS,2026-08-27,129.8699951171875,135.01583353678384,132.6505552927653,127.3113998413086,110.68386688232422,108.45925018310547,133.10474896425464,75.47000122070312,155.0,True,True,True,True,True,True,True,False,False,11.333041936030952,noise,29.456774156903272,False,False,False,False,,Electrical Equipment,Other Electrical Equipment,70.57396928051737,True,True,862.52,2.27,174979.0,0.2635,10
KMEW.NS,2026-08-27,2969.0,2734.4583536783853,2558.105563693576,2473.1100048828125,2011.4526627604166,1917.7517449951172,2751.327180888021,851.6500244140625,2999.89990234375,True,True,True,True,True,True,True,True,False,206.41415579709258,ppv,240.58147663745007,False,False,True,False,,Engineering Services,Dredging,99.02991107518189,True,True,7303.74,34.63,116635.0,0.4741,20
KODYTECH.NS,2026-08-26,1403.699951171875,1410.0708312988281,1336.6222161187065,1267.0469946289063,951.8049975585938,936.2272485351563,1416.3019757091156,556.0499877929688,1480.0,True,True,True,True,True,True,True,False,False,94.8230327788862,dry,18.979653811114485,False,True,False,False,,IT - Software,Computers - Software & Consulting,95.18997574777688,True,True,4525.38,7.81,21992.0,0.1725,5
KOPRAN.NS,2026-08-27,192.72000122070312,193.50166702270508,192.57506646050348,191.42372161865234,161.42259908040364,155.52584373474122,193.68519588208235,105.19368133041839,215.30295135170883,True,True,True,True,True,True,True,False,True,27.299491753415438,noise,37.41354431324244,False,False,False,False,,Pharmaceuticals & Biotechnology,Pharmaceuticals,80.43654001616815,True,True,930.56,3.95,204896.0,0.4243,5
KRISHANA.NS,2026-08-27,191.9199981689453,194.25749969482422,171.68916617499457,162.76639923095703,131.17085851033528,123.96513305664062,195.05641887061864,86.13667447448749,206.38999938964844,True,True,True,True,True,True,True,False,False,63.386719900598806,noise,76.34543469471267,False,False,False,False,,Fertilizers & Agrochemicals,Fertilizers,91.47130153597412,True,True,5932.98,28.2,1469435.0,0.4753,20
KRN.NS,2026-08-27,1535.4000244140625,1483.7750040690105,1314.397223578559,1287.587998046875,1098.1899983723958,1013.8834985351563,1479.2444502288085,589.7999877929688,1598.199951171875,True,True,True,True,True,True,True,True,False,69.22738290220455,green,116.06965133231908,False,False,False,False,,Industrial Products,Other Industrial Products,92.40097008892482,True,True,10050.5,21.84,142232.0,0.2173,5
LAURUSLABS.NS,2026-08-27,1929.4000244140625,1835.4249979654949,1735.125006781684,1664.1120068359376,1313.3818558756511,1244.6813861083983,1850.2481864466956,821.6033975811163,1930.0,True,True,True,True,True,True,True,True,False,122.5193640612456,ppv,180.4864439258736,False,False,True,False,,Pharmaceuticals & Biotechnology,Pharmaceuticals,97.08973322554567,True,True,104247.84,415.27,2152327.0,0.3983,No Band
THELEELA.NS,2026-08-27,553.7999877929688,532.1500040690104,505.52222442626953,499.74100219726563,449.7603342692057,442.43675048828123,540.387654726231,384.5,576.0,True,True,True,True,True,True,True,True,False,32.64670366298652,ppv,192.53376177341806,False,False,False,False,,Leisure Services,Hotels & Resorts,83.02344381568311,True,True,18494.59,28.93,522414.0,0.1564,10
LMW.NS,2026-08-27,19132.0,19279.083333333332,17264.810655381945,16905.65470703125,15417.78498046875,15306.951186523438,19123.58439322224,11893.875786654997,20151.0,True,True,True,True,True,True,True,True,False,26.70337978415791,noise,34.72724641875271,False,False,False,False,,Industrial Manufacturing,Industrial Products,80.19401778496362,True,True,20438.72,9.27,4843.0,0.0453,20
LUMAXTECH.NS,2026-08-27,1930.5999755859375,1990.8833312988281,1699.2154574924045,1653.3559716796874,1629.3353393554687,1597.1373901367188,1944.3743525462087,1021.2810346738605,2110.0,True,True,True,True,True,True,True,False,False,70.05040501747064,noise,36.0172661930165,False,False,False,False,,Auto Components,Auto Components & Equipments,92.52223120452709,True,True,13158.53,49.4,255887.0,0.3754,20
MBAPL.NS,2026-08-27,162.77999877929688,166.11666870117188,154.67972310384116,143.7454005432129,114.41323369344076,106.20253353118896,165.50384493221563,74.56403046577304,174.94000244140625,True,True,True,True,True,True,True,False,False,91.2927328683447,noise,77.85279614808445,False,False,False,False,,Fertilizers & Agrochemicals,Fertilizers,95.10913500404203,True,True,7131.96,20.95,1287016.0,0.2937,20
MMFL.NS,2026-08-27,625.7999877929688,635.8416595458984,582.3652742173937,550.9739971923829,481.5928639729818,450.79511627197263,631.7439876269145,285.5132388663281,687.9500122070312,True,True,True,True,True,True,True,False,False,95.83492699433005,noise,47.354973361607996,False,False,False,False,,Auto Components,Auto Components & Equipments,95.31123686337915,True,True,3021.46,9.57,152919.0,0.3167,20
MACPOWER.NS,2026-08-27,1868.800048828125,1861.3833516438801,1576.3277893066406,1495.1630126953125,1156.994004313151,1108.7052532958985,1857.5642237025818,761.0,2050.0,True,True,True,True,True,True,True,True,False,129.29357907404645,noise,56.429440170866776,False,True,False,False,,Industrial Manufacturing,Industrial Products,97.37267582861763,True,True,1869.58,11.1,59423.0,0.594,20
MAGSON.NS,2026-08-26,189.89999389648438,186.38749821980795,182.93611017862955,179.0929995727539,164.44999989827474,153.26099987030028,186.4815387971092,100.5,213.89999389648438,True,True,True,True,True,True,True,True,False,69.17594111045378,dry,16.350555918901243,False,False,False,False,,Food Products,Packaged Foods,92.3605497170574,True,True,73.0,0.22,23969.0,0.3053,20
MAHASTEEL.NS,2026-08-27,1270.699951171875,1136.3249816894531,981.4958275689019,931.4479943847656,877.6053324381511,863.3264993286133,1167.9928953229871,331.0,1284.0,True,True,True,True,True,True,True,True,False,269.5506554068033,ppv,360.9386631699005,True,False,True,False,,Industrial Products,Iron & Steel Products,99.39369442198868,True,True,2088.32,1.4,11012.0,0.067,5
MAHICKRA.NS,2026-08-26,294.0,278.12916564941406,264.7277789645725,261.223000793457,227.23282725016276,208.51155075073243,279.05933146308996,130.91812553661782,308.79998779296875,True,True,True,True,True,True,True,True,False,97.43883470452859,dry,18.404907975460123,False,False,False,False,,Chemicals & Petrochemicals,Dyes And Pigments,95.47291835084883,True,True,88.41,0.11,9954.0,0.1226,20
MANINDS.NS,2026-08-27,767.4500122070312,665.4375050862631,583.1097208658854,582.1969995117188,499.2906652832031,476.7859992980957,685.6411464854742,302.04998779296875,783.4000244140625,True,True,True,True,True,True,True,True,False,96.40435373180583,ppv,350.194809636214,True,False,True,False,,Industrial Products,Iron & Steel Products,95.39207760711399,True,True,5756.61,56.53,736558.0,0.982,20
MANAKSTEEL.NS,2026-08-27,90.27999877929688,86.09666633605957,79.24333318074544,78.12060012817383,67.42206675211588,66.47365001678467,86.36900572291634,45.11000061035156,91.37000274658203,True,True,True,True,True,True,True,True,False,51.731090385372895,green,125.48502293337455,False,False,True,False,,Ferrous Metals,Iron & Steel,89.16734033953112,True,True,591.64,0.51,56529.0,0.0863,5
MANAPPURAM.NS,2026-08-27,348.0,352.90345255533856,351.23821343315973,343.60783752441404,307.99810506184895,303.6292190551758,356.304038126861,244.06078978586396,380.45671483079525,True,True,True,True,True,True,True,False,False,31.430185021478074,red,186.38940177653376,False,False,False,False,,Finance,Non Banking Financial Company (NBFC),82.33629749393695,True,True,32688.9,164.28,4720611.0,0.5025,No Band
MANGLMCEM.NS,2026-08-27,1058.199951171875,961.912353515625,959.0722028944227,945.0733837890625,878.3120471191406,845.4667791748047,999.2927455967113,678.2213010338754,1089.4000244140625,True,True,True,True,True,True,True,True,True,44.961842636966296,ppv,130.47796014773584,False,False,True,False,,Cement & Cement Products,Cement & Cement Products,87.14632174616005,True,True,2909.76,11.61,109702.0,0.399,20
MWL.NS,2026-08-27,40.0099983215332,40.87499968210856,38.88494565751817,38.46370735168457,33.188001823425296,31.44533962249756,40.54856659434404,18.244740193825397,43.939998626708984,True,True,True,True,True,True,True,False,False,110.69962873775859,dry,17.700645265337897,False,False,False,False,,Metals & Minerals Trading,Trading - Metals,96.36216653193209,True,True,1188.32,3.62,906014.0,0.305,20
MANORAMA.NS,2026-08-27,1887.199951171875,1854.2249959309895,1693.2305569118923,1658.3380029296875,1480.0706640625,1439.6724981689454,1867.5076107970342,1060.5999755859375,2043.0,True,True,True,True,True,True,True,True,False,37.561040716352245,dry,19.41309000429413,False,True,False,False,,Food Products,Other Food Products,84.84236054971706,True,True,11912.46,76.81,407004.0,0.6448,20
MARINE.NS,2026-08-27,374.1000061035156,371.6000010172526,308.1763899061415,297.9970007324219,237.4832669067383,231.70845024108885,368.8142727937159,150.86000061035156,395.0,True,True,True,True,True,True,True,True,False,122.44497854669146,noise,31.531217924312966,False,False,False,False,,Industrial Manufacturing,Industrial Products,97.04931285367825,True,True,4963.01,39.29,1050199.0,0.7916,20
MARKSANS.NS,2026-08-27,326.1499938964844,322.5314305623372,283.7047576904297,277.6237710571289,220.47670094807944,211.30581291198732,319.2040972453559,154.57339337516265,344.5490677430362,True,True,True,True,True,True,True,True,False,88.7517397523827,noise,40.36284656961605,False,False,False,False,,Pharmaceuticals & Biotechnology,Pharmaceuticals,94.78577202910266,True,True,14779.94,116.34,3566935.0,0.7871,20
MASTER.NS,2026-08-26,449.0,467.5833333333333,454.6847220526801,425.6674963378906,357.2619598388672,354.6321260070801,459.54744469456574,281.8980771263174,502.0,True,True,True,True,True,True,True,False,False,20.165226009661197,noise,52.910052910052904,False,False,False,False,,Industrial Products,Plastic Products - Industrial,76.7178658043654,True,True,124.8,0.05,1560.0,0.039,5
MAWANASUG.NS,2026-08-27,141.6699981689453,132.7358315785726,119.06638844807942,115.44277297973633,98.2966530863444,93.99645778656006,136.92981054537128,72.43959449258234,164.0,True,True,True,True,True,True,True,True,False,65.89520077068268,noise,88.9646571076441,False,False,False,False,,Agricultural Food & other Products,Sugar,91.83508488278093,True,True,554.17,3.27,230527.0,0.5893,20
MENONBE.NS,2026-08-27,283.3500061035156,258.3091672261556,226.46623526679144,209.0830712890625,154.8482605489095,143.96122215270995,264.46677620385054,100.57782056732867,291.8999938964844,True,True,True,True,True,True,True,True,False,128.41121242424575,green,105.65279722475248,False,False,True,False,,Auto Components,Auto Components & Equipments,97.3322554567502,True,True,1587.89,5.55,195964.0,0.3497,5
MMP.NS,2026-08-27,403.45001220703125,377.9458363850911,322.76388973659937,309.7509991455078,270.4253325398763,266.8867495727539,384.2826434446769,185.1999969482422,429.95001220703125,True,True,True,True,True,True,True,True,False,44.68820991782807,noise,34.817443607237976,False,False,False,False,,Non - Ferrous Metals,Aluminium,87.06548100242523,True,True,1024.87,2.74,67921.0,0.2674,20
MODISONLTD.NS,2026-08-27,404.95001220703125,376.21666717529297,315.3564698961046,313.23241455078124,219.95689259847006,201.15459297180175,384.50525623373164,112.84731995786822,423.95001220703125,True,True,True,True,True,True,True,True,False,154.65159759818368,noise,75.10498991435469,False,False,False,False,,Electrical Equipment,Other Electrical Equipment,98.18108326596605,True,True,1314.06,7.5,185105.0,0.5704,5
MONARCH.NS,2026-08-27,374.70001220703125,383.4881286621094,376.56659444173175,367.55224609375,319.5465815226237,315.60612693786624,382.37133769374293,234.84913080056816,405.91149198853304,True,True,True,True,True,True,True,False,False,14.19717835123806,noise,81.82253080608575,False,False,False,False,,Capital Markets,Stockbroking & Allied,72.83751010509296,True,True,2971.68,8.2,218787.0,0.2759,20
MOREPENLAB.NS,2026-08-27,96.69999694824219,90.04166730244954,71.82694477505154,67.44780014038086,50.01726676940918,47.91140005111694,91.60556580961214,33.04999923706055,99.75,True,True,True,True,True,True,True,True,False,105.31434099385484,noise,71.91509193178884,False,False,False,False,,Pharmaceuticals & Biotechnology,Pharmaceuticals,95.95796281325788,True,True,5298.71,182.16,18837662.0,3.4378,10
MSTCLTD.NS,2026-08-27,722.25,680.2958323160807,636.2763892279731,650.0720007324219,519.9527262369792,510.8183033752441,697.3929272751225,362.1499938964844,753.5,True,True,True,True,True,True,True,True,False,67.38831949799393,noise,41.18229227309217,False,False,False,False,,Commercial Services & Supplies,Trading & Distributors,91.99676637025061,True,True,5084.64,97.4,1348607.0,1.9156,10
MTARTECH.NS,2026-08-27,7081.5,7046.333333333333,6503.708333333333,6819.14,5623.153334960937,4840.529998779297,6981.225962972703,1390.5,8714.0,True,True,True,True,True,True,True,True,False,385.7662068054239,noise,35.911685847599884,False,True,False,False,,Electrical Equipment,Other Electrical Equipment,99.71705739692806,True,True,21782.4,548.22,774156.0,2.5168,5
MUFIN.NS,2026-08-27,135.9499969482422,136.8783327738444,132.36166678534613,132.02320053100587,119.81360010782878,118.18705001831054,136.8514492892424,82.98999786376953,141.5,True,True,True,True,True,True,True,False,False,60.39404615603552,noise,36.64854363897278,False,False,False,False,,Finance,Non Banking Financial Company (NBFC),90.70331447049313,True,True,2694.01,15.91,1170512.0,0.5907,20
MCX.NS,2026-08-27,3273.0,3106.6416829427085,2868.852789984809,2856.9420068359377,2765.4313330078126,2603.4429998779297,3155.2186526974947,1460.800048828125,3480.0,True,True,True,True,True,True,True,True,False,112.75350676405526,noise,77.45795199540966,False,False,False,False,,Capital Markets,Exchange and Data Platform,96.48342764753436,True,True,83302.46,986.96,3015466.0,1.1848,No Band
MUNJALAU.NS,2026-08-27,111.41999816894531,114.0207290649414,106.04788525899251,103.64100723266601,88.71508529663086,86.48385543823242,112.68267230244021,66.61489043568629,129.46286953315382,True,True,True,True,True,True,True,False,False,27.018487033610228,dry,14.982613552024876,False,False,False,False,,Auto Components,Auto Components & Equipments,80.27485852869847,True,True,1114.2,27.72,2487716.0,2.4877,20
NAHARSPING.NS,2026-08-27,291.25,298.3999989827474,291.38055419921875,282.2599987792969,244.30039947509766,232.12114974975586,297.0464435070547,149.1999969482422,349.0,True,True,True,True,True,True,True,False,False,35.48615521862071,noise,43.838902244037044,False,False,False,False,,Textiles & Apparels,Other Textile Products,84.35731608730799,True,True,1050.4,0.86,29540.0,0.0819,20
NGIL.NS,2026-08-27,41.959999084472656,40.53333282470703,39.85916656917996,39.69980003356934,34.330733350118,32.98705004692078,40.23504731052702,22.010000228881836,43.88999938964844,True,True,True,True,True,True,True,True,False,53.30653196153832,ppv,400.48595366794365,True,False,False,False,,Food Products,Packaged Foods,89.40986257073565,True,True,74.75,0.12,27481.0,0.1543,10
NAVINFLUOR.NS,2026-08-27,8567.5,8295.666666666666,7932.888888888889,7833.26,6976.737623697917,6706.994350585937,8314.36046710785,4488.291781017636,8775.5,True,True,True,True,True,True,True,True,False,71.77406722847029,noise,75.74192973278566,False,False,False,False,,Chemicals & Petrochemicals,Specialty Chemicals,92.72433306386418,True,True,43958.23,165.35,193002.0,0.3762,20
NAZARA.NS,2026-08-27,354.5,354.5791702270508,331.60694291856555,322.7609979248047,285.60673258463544,278.0827993774414,353.6671480382422,215.6999969482422,365.0,True,True,True,True,True,True,True,True,False,25.143414575288283,noise,33.30559676683104,False,False,False,False,,Entertainment,Digital Entertainment,79.14308811641068,True,True,13637.47,81.51,2299174.0,0.5977,20
NEOGEN.NS,2026-08-27,2230.199951171875,2208.0750122070312,2135.625739203559,2082.3530346679686,1703.977159016927,1568.3733963012696,2193.3383408497507,966.2326038611084,2483.89990234375,True,True,True,True,True,True,True,True,False,55.404676294944835,noise,74.21737528118496,False,False,False,False,,Chemicals & Petrochemicals,Specialty Chemicals,89.81406628940987,True,True,6106.66,36.64,164277.0,0.6,20
NETWEB.NS,2026-08-27,5272.2001953125,5245.8666585286455,4720.2078857421875,4702.450927734375,4030.630323893229,3834.1881018066406,5249.011346151783,2189.335235128007,5813.0,True,True,True,True,True,True,True,True,False,130.25997760835955,green,138.28672352336145,False,True,False,False,,IT - Services,IT Enabled Services,97.45351657235246,True,True,31341.07,1009.28,1914352.0,3.2203,20
NEULANDLAB.NS,2026-08-27,23496.0,23260.083333333332,20824.14187282986,20119.8079296875,16400.1545703125,16239.201049804688,23103.62498835018,11478.786028437366,23881.0,True,True,True,True,True,True,True,True,False,78.72161390272514,noise,52.64922683149006,False,False,False,False,,Pharmaceuticals & Biotechnology,Pharmaceuticals,93.5327405012126,True,True,30145.11,146.74,62453.0,0.4868,20
NILKAMAL.NS,2026-08-27,2081.60009765625,1971.7083536783855,1738.3472323947483,1604.8979467773438,1395.3964119466145,1395.142984008789,1999.0235515454806,1034.4655321576956,2118.60009765625,True,True,True,True,True,True,True,True,False,33.586031602585734,dry,14.417298450533758,False,False,False,False,,Consumer Durables,Plastic Products - Consumer,83.46806790622475,True,True,3116.63,24.27,116579.0,0.7786,20
NAM-INDIA.NS,2026-08-27,1204.0,1208.3500061035156,1185.3777838812935,1182.5465161132813,1035.2028568522135,990.9039642333985,1213.9327457039885,763.9435329333959,1269.5,True,True,True,True,True,True,True,False,False,48.92813732018475,red,113.61943980335214,False,False,False,False,,Capital Markets,Asset Management Company,88.3589329021827,True,True,77029.7,117.16,973108.0,0.1521,No Band
NITINSPIN.NS,2026-08-27,620.4500122070312,582.7166748046875,561.901390923394,560.40400390625,467.27700052897137,431.00700088500975,596.7201559882644,302.20001220703125,647.8499755859375,True,True,True,True,True,True,True,True,False,83.46467663738761,noise,39.97380759120991,False,False,False,False,,Textiles & Apparels,Other Textile Products,94.34114793856104,True,True,3488.17,11.88,191456.0,0.3405,20
NRBBEARING.NS,2026-08-27,466.6000061035156,475.09583536783856,441.7236116197374,438.1470007324219,344.7237579345703,326.86225776672364,472.38435264064736,211.10343900049978,503.8999938964844,True,True,True,True,True,True,True,False,False,65.1675192651611,noise,47.50618043214314,False,False,False,False,,Auto Components,Auto Components & Equipments,91.7946645109135,True,True,4522.41,40.43,866438.0,0.8939,20
NRL.NS,2026-08-27,125.0,118.11166763305664,111.38833342658148,104.57740005493164,72.16786677042643,68.85910007476807,119.54424661378889,45.099998474121094,125.0,True,True,True,True,True,True,True,True,False,75.43859649122805,green,105.16666223762054,False,False,True,False,,Metals & Minerals Trading,Trading - Metals,93.29021827000808,True,True,863.36,1.63,130531.0,0.189,2
OBEROIRLTY.NS,2026-08-27,1872.9000244140625,1869.5166625976562,1852.2550354003906,1836.8274658203125,1665.4678694661459,1664.8785296630858,1868.4133662864715,1387.9800889099738,1983.9545449282684,True,True,True,True,True,True,True,True,False,12.512587526022045,noise,49.83483902659576,False,False,False,False,,Realty,"Residential, Commercial Projects",71.38237671786581,True,True,68099.06,97.52,520672.0,0.1432,No Band
OCCLLTD.NS,2026-08-27,160.19000244140625,157.51535415649414,149.89796596103244,142.96936477661131,112.51999471028645,109.06577018737794,159.31827335321987,74.8847757046385,181.03500175688677,True,True,True,True,True,True,True,True,False,18.68980765923847,noise,32.75220540465081,False,False,False,False,,Chemicals & Petrochemicals,Commodity Chemicals,75.90945836701698,True,True,800.16,3.14,195971.0,0.3923,5
OMAXE.NS,2026-08-27,113.37999725341797,100.96000099182129,92.98916668362088,89.585400390625,81.2424001566569,79.19580020904542,102.77228628769261,62.5,115.0,True,True,True,True,True,True,True,True,False,26.61082455562507,ppv,157.77487222752723,False,False,True,False,,Realty,"Residential, Commercial Projects",80.11317704122878,True,True,2082.27,27.57,2431710.0,1.3241,20
ONDOOR.NS,2026-08-26,300.04998779296875,256.18333435058594,241.62083350287543,229.81799987792968,178.43633310953777,164.60124992370606,268.75556939076824,100.0,317.0,True,True,True,True,True,True,True,True,False,80.75300469455948,ppv,184.08941485864563,False,False,True,False,,Retailing,Diversified Retail,93.85610347615197,True,True,270.79,1.15,23972.0,0.4244,20
OFSS.NS,2026-08-27,11855.0,11713.75,11544.611111111111,11303.46,9079.435120442708,8736.142595214844,11733.673441053455,6060.863819699785,12060.0,True,True,True,True,True,True,True,True,False,45.16963036485178,noise,54.02952330834307,False,True,False,False,,IT - Software,Software Products,87.22716248989491,True,True,103237.05,386.88,326345.0,0.3748,No Band
ORIENTBELL.NS,2026-08-27,377.20001220703125,360.19583892822266,332.8200386895074,328.98784301757814,309.2634924316406,301.6182614135742,363.10514410516384,237.99469112562807,388.0,True,True,True,True,True,True,True,True,False,34.82882427285141,red,207.50366448693836,False,False,False,False,,Consumer Durables,Ceramics,84.03395311236864,True,True,554.88,0.59,15730.0,0.1069,20
ORTEL.NS,2026-08-26,2.0,2.1049999793370566,1.916388879219691,1.8217999935150146,1.6797333319981893,1.625100000500679,2.0575705286193235,1.149999976158142,2.3299999237060547,True,True,True,True,True,True,True,False,False,26.582275042834237,dry,0.0,False,False,False,False,,Entertainment,TV Broadcasting & Software Production,80.03233629749393,True,True,6.6,0.0,9072.0,0.0275,5
PANAMAPET.NS,2026-08-27,470.75,483.6939926147461,466.33257378472223,456.6919909667969,347.8833437093099,333.38492584228516,481.8895720322341,227.57646060004578,595.8726432274872,True,True,True,True,True,True,True,False,False,42.93515315351713,noise,30.15673509616008,False,False,False,False,,Petroleum Products,Lubricants,86.41875505254649,True,True,2847.74,49.48,1051170.0,1.7377,20
PARAS.NS,2026-08-27,1454.800048828125,1443.9083251953125,1305.0194464789497,1303.4820043945313,938.5783349609375,875.5825033569336,1450.5095009264937,580.5,1585.0,True,True,True,True,True,True,True,True,False,123.19731145656499,noise,27.003953856554958,False,True,False,False,,Aerospace & Defense,Aerospace & Defense,97.17057396928051,True,True,11723.85,469.06,3224239.0,4.0009,10
PARIN.NS,2026-08-26,716.5,707.7166697184244,714.9472266303169,715.5440026855468,679.0870011393229,656.5187518310547,710.8653217611419,406.04998779296875,748.0,True,True,True,True,True,True,True,True,False,68.56840855833393,noise,44.534412955465584,False,False,False,False,,Consumer Durables,"Furniture, Home Furnishing",92.27970897332256,True,True,257.33,0.31,13261.0,0.1193,20
PASUPTAC.NS,2026-08-27,62.150001525878906,61.27750047047933,60.30555566151937,61.25720001220703,55.298333231608076,54.699249839782716,61.628721806624895,40.40999984741211,78.94999694824219,True,True,True,True,True,True,True,True,False,43.467225216311476,noise,54.08674296992865,False,False,False,False,,Chemicals & Petrochemicals,Petrochemicals,86.70169765561843,True,True,553.96,1.86,299032.0,0.3355,5
PGIL.NS,2026-08-27,2294.800048828125,2384.9500122070312,2191.2972242567275,2135.330002441406,1753.9807893880209,1716.0519525146485,2340.276034327198,1167.6434241636657,2539.60009765625,True,True,True,True,True,True,True,False,False,71.05132085017019,noise,30.230881777458002,False,False,False,False,,Textiles & Apparels,Garments & Apparels,92.60307194826193,True,True,10599.81,36.7,159948.0,0.3463,20
PCCL.NS,2026-08-26,358.3500061035156,328.2250035603841,290.1277792188856,276.71200073242187,261.1103340657552,244.738250579834,336.07072473265634,168.39999389648438,362.0,True,True,True,True,True,True,True,True,False,98.20243365866006,green,138.57466063348417,False,False,True,False,,Minerals & Mining,Industrial Minerals,95.55375909458367,True,True,770.02,0.44,14224.0,0.0576,20
PIXTRANS.NS,2026-08-27,1863.5999755859375,1857.7250061035156,1814.333543565538,1794.384580078125,1584.740557454427,1540.9727545166015,1832.53353431138,1245.9203610210297,2089.0,True,True,True,True,True,True,True,True,False,35.76145960582375,noise,20.648237636674857,False,False,False,False,,Industrial Products,Rubber,84.47857720291026,True,True,2539.19,20.03,107483.0,0.7889,20
PNBHOUSING.NS,2026-08-27,1178.0,1166.6083475748699,1115.1675686306423,1094.399920654297,969.5216727701822,957.9242047119141,1167.5486110200718,723.9501950006703,1211.5,True,True,True,True,True,True,True,True,False,51.64046058260616,noise,40.79735694856251,False,True,False,False,,Finance,Housing Finance Company,89.1269199676637,True,True,30722.7,107.84,915473.0,0.351,No Band
POLYPLEX.NS,2026-08-27,1149.199951171875,1178.2249959309895,1131.4458312988281,1091.1680004882812,944.0680013020833,917.1203775024414,1170.6240438052625,740.0,1264.0,True,True,True,True,True,True,True,False,False,14.564121922538709,noise,28.468164481267017,False,False,False,False,,Industrial Products,Packaging,73.24171382376717,True,True,3745.03,14.63,127317.0,0.3907,20
PONNIERODE.NS,2026-08-27,382.0,378.5208282470703,339.52638668484155,333.127998046875,300.1135078938802,292.9058532714844,384.86384982841685,248.27783069557003,455.0,True,True,True,True,True,True,True,False,False,34.07297433731627,red,105.71746282913463,False,False,False,False,,Agricultural Food & other Products,Sugar,83.75101050929669,True,True,328.46,1.68,44059.0,0.5124,20
PRECWIRE.NS,2026-08-27,422.79998779296875,438.75,401.0222379896376,402.13170959472654,363.78469635009765,333.03324821472165,429.11508744869684,169.45766701904824,474.8999938964844,True,True,True,True,True,True,True,False,False,145.03743528978336,noise,68.3886994673521,False,True,False,False,,Industrial Products,"Aluminium, Copper & Zinc Products",97.81729991915927,True,True,7729.12,20.86,493350.0,0.2699,20
PREMIERPOL.NS,2026-08-27,95.20999908447266,85.1825008392334,76.4005561404758,73.0820004272461,61.10213348388672,56.66045013427734,87.49844934500825,38.0,95.9000015258789,True,True,True,True,True,True,True,True,False,90.07096724619686,green,133.1339949939118,False,False,True,False,,Industrial Products,Plastic Products - Industrial,94.90703314470494,True,True,997.25,4.68,491133.0,0.4689,20
PRIZOR.NS,2026-08-26,1045.199951171875,918.4333292643229,872.562498304579,871.5449987792969,619.2613330078125,537.7389995574952,961.2628825392859,216.64999389648438,1071.300048828125,True,True,True,True,True,True,True,True,False,271.9572779971085,noise,44.37869822485207,False,True,False,False,,Industrial Manufacturing,Industrial Products,99.4341147938561,True,True,194.79,0.38,20909.0,0.1956,2
PROV.NS,2026-08-26,1875.0,1871.5833333333333,1733.1041666666667,1682.535,1433.8270003255209,1394.1475,1852.2457624254807,815.0999755859375,1940.0,True,True,True,True,True,True,True,True,False,98.83351007423119,noise,95.54140127388536,False,False,False,False,,Food Products,Other Food Products,95.5941794664511,True,True,375.69,0.05,455.0,0.0132,20
PRUDENT.NS,2026-08-27,3473.5,3353.36669921875,3174.651760525174,3124.66470703125,2748.9555712890624,2695.142561035156,3363.006741129377,2118.407683707669,3509.89990234375,True,True,True,True,True,True,True,True,False,19.95552673560017,green,160.06282637205211,False,False,True,False,,Capital Markets,Financial Products Distributor,76.55618431689571,True,True,14382.61,12.06,34715.0,0.0838,20
QMSMEDI.NS,2026-08-27,151.8800048828125,140.49250157674155,120.90861172146268,116.00340042114257,95.64846689860026,94.76010013580323,142.76403901669613,68.94999694824219,155.5,True,True,True,True,True,True,True,True,False,82.73548015895345,red,103.55113952504954,False,False,False,False,,Healthcare Equipment & Supplies,Medical Equipment & Supplies,94.26030719482618,True,True,274.22,0.41,26820.0,0.1485,5
QPOWER.NS,2026-08-27,1363.0999755859375,1305.7080586751301,1201.4833238389756,1204.997490234375,1064.0938818359375,982.4885775756836,1302.4251850564694,580.8863637342646,1440.7180545952106,True,True,True,True,True,True,True,True,False,75.28220491265138,green,141.2639114815702,False,False,False,False,,Electrical Equipment,Heavy Electrical Equipment,93.24979789814066,True,True,10556.41,23.9,175365.0,0.2264,5
QUESS.NS,2026-08-27,356.95001220703125,342.4916687011719,316.35501861572266,301.97750579833985,233.32842295328777,225.39390838623046,345.1973089937685,162.53922482226787,376.5,True,True,True,True,True,True,True,True,False,40.213828240446546,noise,58.657287942169155,False,True,False,False,,Commercial Services & Supplies,Diversified Commercial Services,85.6911883589329,True,True,5331.4,44.71,1252468.0,0.8386,20
RRKABEL.NS,2026-08-27,2830.10009765625,2830.5833536783853,2613.2305501302085,2544.4739990234375,1934.284178873698,1808.5900122070314,2823.590215291896,1158.746695475609,2983.800048828125,True,True,True,True,True,True,True,True,False,138.28600676700694,ppv,126.71385018826398,False,False,False,False,,Industrial Products,Cables - Electricals,97.65561843168958,True,True,32009.99,183.39,647987.0,0.5729,20
RACLGEAR.NS,2026-08-27,1528.800048828125,1448.3333333333333,1374.161112467448,1366.89,1302.9586865234376,1242.164894104004,1474.2284965313456,884.3250822559211,1690.2278315095687,True,True,True,True,True,True,True,True,False,67.5677632020393,noise,69.09539657846399,False,True,False,False,,Auto Components,Auto Components & Equipments,92.03718674211802,True,True,1805.35,5.74,37533.0,0.3178,20
RADICO.NS,2026-08-27,4606.0,4647.191650390625,4383.0085042317705,4245.480322265625,3454.7620768229167,3381.713322753906,4619.0858744143225,2494.465428414862,4747.0,True,True,True,True,True,True,True,False,False,58.485928309685974,noise,53.20066968341462,False,False,False,False,,Beverages,Breweries & Distilleries,90.2586903799515,True,True,61712.29,172.24,373953.0,0.2791,No Band
RPEL.NS,2026-08-27,1745.4000244140625,1560.566670735677,1373.6722242567275,1332.8729956054688,966.1153763834635,964.2047177124024,1607.5217879519416,560.8282002900473,1765.9000244140625,True,True,True,True,True,True,True,True,False,193.39405047895033,green,111.6554962536354,False,False,True,False,,Industrial Products,Electrodes & Refractories,98.86822958771221,True,True,8015.22,18.23,104423.0,0.2274,10
RAMRAT.NS,2026-08-27,569.5999755859375,489.8083318074544,450.7478900485569,438.46252685546875,384.6420033772786,364.71819107055666,500.780624340356,266.4076130636512,580.5,True,True,True,True,True,True,True,True,False,68.09816503449746,ppv,1250.438449835624,True,False,True,False,,Electrical Equipment,Other Electrical Equipment,92.11802748585288,True,True,5317.16,15.54,272827.0,0.2923,20
RKFORGE.NS,2026-08-27,716.6500244140625,737.3708292643229,662.8027801513672,637.1450036621094,581.0328220621744,565.6547203063965,728.6191897523152,459.4101971519111,772.7999877929688,True,True,True,True,True,True,True,False,False,27.022485444972165,noise,37.59801011898239,False,False,False,False,,Auto Components,Auto Components & Equipments,80.31527890056589,True,True,13029.29,89.06,1242685.0,0.6835,20
RATNAVEER.NS,2026-08-27,294.8900146484375,253.8809560139974,210.12031894259982,201.89622924804686,171.77554260253908,167.35420722961425,261.90604082762064,130.5,296.8999938964844,True,True,True,True,True,True,True,True,False,94.83977717632061,green,105.5513470819646,False,False,True,False,,Industrial Products,Iron & Steel Products,95.2303961196443,True,True,2115.12,162.04,5494960.0,7.6611,20
RBLBANK.NS,2026-08-27,385.3999938964844,385.8952814737956,377.1231392754449,374.5120361328125,338.99588989257813,331.18572372436523,385.47479860950216,241.74279959751107,394.5,True,True,True,True,True,True,True,False,False,51.841376769669026,noise,32.03456100522866,False,False,False,False,,Banks,Private Sector Bank,89.20776071139855,True,True,59741.17,192.71,5000160.0,0.3226,No Band
RISHABH.NS,2026-08-27,690.5,679.3916625976562,654.8650614420573,639.7100695800781,513.7165051269532,484.2687799072266,681.8089045314237,314.00355666259446,729.8499755859375,True,True,True,True,True,True,True,True,False,61.316063587305635,noise,45.264501382862285,False,False,False,False,,Electrical Equipment,Other Electrical Equipment,90.90541632983023,True,True,2671.72,19.25,278829.0,0.7206,20
ROLEXRINGS.NS,2026-08-27,180.42999267578125,179.70583216349283,157.82499991522894,154.35500091552734,141.295933787028,135.66500038146972,178.64634598059718,99.79000091552734,189.39999389648438,True,True,True,True,True,True,True,True,False,31.107396510325238,noise,28.447750249957025,False,False,False,False,,Auto Components,Auto Components & Equipments,82.09377526273242,True,True,4733.28,58.43,3238301.0,1.2344,20
ROLLT.NS,2026-08-27,4.159999847412109,3.5158333579699197,2.7977777785725064,2.835,2.037666664123535,1.8545999974012375,3.681209637577198,1.0199999809265137,4.289999961853027,True,True,True,True,True,True,True,True,False,182.9931813909599,green,200.2470758403944,False,False,True,False,,Industrial Products,Packaging,98.70654810024251,True,True,104.05,0.21,506154.0,0.2024,5
ROSSTECH.NS,2026-08-27,1103.4000244140625,1080.8666585286458,1034.4763827853733,1016.8929956054687,896.5536673990886,838.6619998168945,1079.0701345200282,551.9000244140625,1172.0,True,True,True,True,True,True,True,True,False,69.4745803213211,noise,90.23619367904732,False,False,False,False,,Aerospace & Defense,Aerospace & Defense,92.44139046079223,True,True,4175.29,27.3,247431.0,0.6539,20
RUBYMILLS.NS,2026-08-27,390.3999938964844,388.19583384195965,386.64722442626953,372.1480017089844,277.59166697184247,263.1554002380371,389.87644369616083,169.02000427246094,424.8999938964844,True,True,True,True,True,True,True,True,False,68.47586726511827,noise,33.72677805161888,False,False,False,False,,Textiles & Apparels,Other Textile Products,92.19886822958772,True,True,1305.5,2.36,60404.0,0.1806,5
SALSTEEL.NS,2026-08-27,71.58999633789062,72.89749876658122,62.75805505116781,61.11179962158203,53.58246658325195,50.269899921417235,72.56283897133223,16.5,81.80000305175781,True,True,True,True,True,True,True,False,False,301.73960473570486,red,178.6502339545136,False,False,False,False,,Ferrous Metals,Sponge Iron,99.47453516572352,True,True,1036.38,2.07,288455.0,0.1993,5
SABAR.NS,2026-08-26,7.550000190734863,7.083333293596904,6.018055544959174,5.993000011444092,5.571333316167196,5.559249973297119,7.122541967590874,3.950000047683716,9.550000190734863,True,True,True,True,True,True,True,True,False,71.59090970665953,dry,0.0,False,True,False,False,,Industrial Products,Packaging,92.68391269199677,True,True,51.22,0.05,19393.0,0.1009,5
SAHYADRI.NS,2026-08-27,348.1499938964844,360.91519419352215,318.3242535061306,307.3894012451172,273.27040110270184,267.4584764099121,352.85918679487605,197.86802644015765,398.4253015541934,True,True,True,True,True,True,True,False,False,21.385003718208615,noise,39.0969957883296,False,True,False,False,,Other Construction Materials,Other Construction Materials,77.28375101050929,True,True,381.1,0.55,15726.0,0.1437,20
SAILIFE.NS,2026-08-27,1488.199951171875,1451.0833231608074,1357.4972195095486,1320.48400390625,1121.3766650390626,1063.7197482299805,1450.3230432574296,783.8499755859375,1498.0999755859375,True,True,True,True,True,True,True,True,False,72.82545504187546,noise,92.36370563192983,False,False,True,False,,Pharmaceuticals & Biotechnology,Pharmaceuticals,92.88601455133387,True,True,31596.51,67.35,452542.0,0.2131,20
SAKAR.NS,2026-08-27,892.5999755859375,897.9749959309896,883.1500006781685,865.925,684.6349991861979,613.1642492675782,896.2456566875383,321.04998779296875,980.0,True,True,True,True,True,True,True,False,False,168.89590081690943,noise,55.598417891498606,False,False,False,False,,Pharmaceuticals & Biotechnology,Pharmaceuticals,98.464025869038,True,True,1959.25,13.02,145911.0,0.6647,20
MOTHERSON.NS,2026-08-27,166.0,168.27999877929688,155.7014914618598,153.08223907470702,134.96388412475585,130.06809535980224,166.75288464481253,90.66054722372972,173.27000427246094,True,True,True,True,True,True,True,False,False,79.43699313143561,noise,61.833117544953595,False,False,False,False,,Auto Components,Auto Components & Equipments,93.61358124494745,True,True,174818.44,347.16,20913454.0,0.1986,No Band
SANDHAR.NS,2026-08-27,651.75,647.5541636149088,632.9430525037977,650.0729992675781,576.4130000813802,570.0697500610352,654.9417693717639,417.27133386211534,763.2000122070312,True,True,True,True,True,True,True,False,False,52.47616817358822,noise,45.569436032662445,False,False,False,False,,Auto Components,Auto Components & Equipments,89.28860145513339,True,True,3932.36,23.29,357289.0,0.5922,20
SANSERA.NS,2026-08-27,3842.800048828125,3881.6416829427085,3545.7833319769966,3431.132001953125,2716.584002278646,2466.1479998779296,3838.8194448579275,1238.5663892297234,4040.39990234375,True,True,True,True,True,True,True,True,False,207.46300727016057,noise,29.636119088298372,False,True,False,False,,Auto Components,Auto Components & Equipments,99.07033144704931,True,True,23980.44,101.71,264677.0,0.4241,20
SOTL.NS,2026-08-27,679.4500122070312,687.3077341715494,646.9199591742622,617.9344171142578,465.3962266031901,441.183962097168,684.3588499667692,283.7246181088854,808.8832211470552,True,True,True,True,True,True,True,False,False,71.81601358339532,noise,35.77409007098656,False,False,False,False,,Petroleum Products,Lubricants,92.7647534357316,True,True,4658.34,51.57,759062.0,1.1071,20
SBC.NS,2026-08-27,41.45000076293945,39.57499980926514,41.141111056009926,41.4173999786377,35.9276000213623,33.83035001754761,40.15001303285964,18.6299991607666,45.0,True,True,True,True,True,True,True,True,False,120.12746113055432,noise,85.24785217765255,False,False,False,False,,Textiles & Apparels,Garments & Apparels,96.88763136620857,True,True,1973.81,45.85,11062003.0,2.323,20
SEAMECLTD.NS,2026-08-27,1624.4000244140625,1609.5727132161458,1496.3985087076824,1478.2265258789062,1452.551630045573,1337.1906970214843,1621.5752655752772,770.8415212003184,1717.8754216778482,True,True,True,True,True,True,True,True,False,81.144412366284,noise,92.22745367362512,False,False,False,False,,Transport Services,Shipping,93.93694421988683,True,True,4144.5,13.93,85776.0,0.3362,20
SENORES.NS,2026-08-27,1474.5999755859375,1507.2999979654949,1427.1444464789497,1398.0300024414062,1064.1296655273438,999.1557504272461,1489.9898685355179,662.4500122070312,1599.0,True,True,True,True,True,True,True,False,False,108.4976989163574,noise,63.209126540943714,False,False,False,False,,Pharmaceuticals & Biotechnology,Pharmaceuticals,96.32174616006466,True,True,6791.06,47.74,323717.0,0.7029,20
SERVICE.NS,2026-08-26,67.3499984741211,62.958333015441895,60.77083312140571,57.89699996948242,53.5803332010905,51.60399993896485,63.63820022090696,39.20000076293945,68.69999694824219,True,True,True,True,True,True,True,True,False,22.45454268022018,ppv,189.73214285714286,False,False,True,False,,Commercial Services & Supplies,Diversified Commercial Services,77.97089733225546,True,True,62.21,0.08,14060.0,0.1223,5
SETCO.NS,2026-08-27,17.860000610351562,17.423333485921223,17.8500001695421,17.52880018234253,13.763903690973917,12.4503750872612,17.54550447155077,6.30912658406512,19.770000457763672,True,True,True,True,True,True,True,True,False,120.81159565879673,noise,46.5844144630059,False,False,False,False,,Auto Components,Auto Components & Equipments,96.928051738076,True,True,239.52,0.24,132506.0,0.0988,5
SGFIN.NS,2026-08-27,687.4500122070312,677.8291727701823,670.7180582682291,658.1530004882812,536.6556669108073,502.7312504577637,685.4289538900362,323.0,727.4500122070312,True,True,True,True,True,True,True,True,False,81.19399664370985,noise,30.64988080055478,False,False,False,False,,Finance,Non Banking Financial Company (NBFC),93.97736459175424,True,True,4529.95,32.9,478559.0,0.7262,20
SHAILY.NS,2026-08-27,3289.0,3336.4833374023438,3098.8638780381943,3028.25798828125,2559.069335123698,2517.4580029296876,3291.6651526988408,1770.9000244140625,3615.199951171875,True,True,True,True,True,True,True,False,False,53.383524734303414,noise,55.48852638219809,False,False,False,False,,Consumer Durables,Plastic Products - Consumer,89.4907033144705,True,True,15127.84,89.64,272541.0,0.5925,20
SCPL.NS,2026-08-27,658.1500244140625,659.2166697184244,595.8874994913737,569.6979986572265,432.5593318684896,390.9953993988037,656.761032049928,190.02999877929688,690.0,True,True,True,True,True,True,True,True,False,165.27610166178727,dry,6.207717688865271,False,True,False,False,,Food Products,Dairy Products,98.38318512530316,True,True,691.06,4.56,69297.0,0.66,5
SHEETAL.NS,2026-08-26,332.5,328.3666687011719,310.9625006781684,306.38300048828125,269.4796671549479,241.3612503051758,328.4469743840047,113.56052623811316,348.5,True,True,True,True,True,True,True,True,False,150.0275376899183,noise,43.31683168316832,False,False,False,False,,Agricultural Food & other Products,Other Agricultural Products,98.05982215036379,True,True,67.53,0.06,9893.0,0.0864,20
SHEMAROO.NS,2026-08-27,128.6300048828125,129.345001856486,124.23916668362088,125.13800033569336,109.60380004882812,109.22715007781983,128.35923896308725,73.0,143.0,True,True,True,True,True,True,True,True,False,12.962151383344466,dry,17.625290416717093,False,True,False,False,,Entertainment,Media & Entertainment,71.86742118027486,True,True,369.56,0.23,18088.0,0.063,5
SHERA.NS,2026-08-26,173.89999389648438,173.5666643778483,168.0430547926161,165.8529995727539,144.96266642252604,141.12974983215332,174.74052958743272,94.94999694824219,188.89999389648438,True,True,True,True,True,True,True,False,False,20.596392216916914,red,137.03703703703704,False,False,False,False,,Industrial Products,"Aluminium, Copper & Zinc Products",76.91996766370251,True,True,439.59,0.52,27121.0,0.119,20
SHILPAMED.NS,2026-08-27,901.8499755859375,831.4124959309896,712.0458306206597,675.8269970703125,490.40699890136716,449.9884989929199,838.2472538288357,259.5,919.0,True,True,True,True,True,True,True,True,False,121.10627583669728,ppv,118.00605714057035,False,False,True,False,,Pharmaceuticals & Biotechnology,Pharmaceuticals,96.96847210994342,True,True,17638.55,157.73,1748941.0,0.8942,20
SHIVAUM.NS,2026-08-27,445.0,444.8958333333333,427.02916632758246,419.6939990234375,354.75133321126305,339.88524978637696,442.36489903453196,275.0,474.04998779296875,True,True,True,True,True,True,True,True,False,43.5483870967742,dry,5.124924078953024,False,True,False,False,,Commercial Services & Supplies,Trading & Distributors,86.78253839935327,True,True,605.22,0.83,18672.0,0.1373,20
SBCL.NS,2026-08-27,1044.199951171875,1022.4860382080078,859.7098473442925,828.6785070800781,635.6827711995443,586.7483586120605,1013.0380538144395,367.86391220435536,1102.84326171875,True,True,True,True,True,True,True,True,False,100.34921402252395,noise,46.98669889631898,False,False,False,False,,Industrial Products,Iron & Steel Products,95.63459983831851,True,True,6015.03,67.72,648494.0,1.1258,10
SHRIRAMFIN.NS,2026-08-27,1101.0,1120.1749979654949,1080.0250006781685,1065.8117553710938,1009.3152168782552,981.7350897216797,1117.164991031482,559.901669759886,1153.699951171875,True,True,True,True,True,True,True,False,False,87.31715097575554,noise,88.16725358277205,False,False,False,False,,Finance,Non Banking Financial Company (NBFC),94.70493128536782,True,True,259063.49,572.79,5202456.0,0.2211,No Band
SHRIPISTON.NS,2026-08-27,4498.39990234375,4538.125,4383.122368706598,4295.879482421875,3577.4180029296876,3418.581904296875,4549.5430333781715,2477.934776842253,4785.7998046875,True,True,True,True,True,True,True,False,False,73.08263370814718,red,109.82530255507446,False,False,False,False,,Auto Components,Auto Components & Equipments,93.00727566693614,True,True,20866.4,30.75,68347.0,0.1473,20
SHYAMMETL.NS,2026-08-27,1042.4000244140625,1000.3416697184244,1012.8337894015842,995.2705541992187,908.4563562011718,885.6844610595704,1011.8442701973436,742.7285204868352,1085.2199244205422,True,True,True,True,True,True,True,True,False,11.210520962521887,ppv,405.9113041082541,False,False,False,False,,Industrial Products,Iron & Steel Products,70.49312853678254,True,True,29012.76,54.83,525984.0,0.189,20
SIEMENS.NS,2026-08-27,4095.0,3990.616658528646,3806.3130764431426,3743.4909521484374,3518.4418717447916,3417.517943115234,4010.2051786937936,2812.180840788319,4149.39990234375,True,True,True,True,True,True,True,True,False,30.03611106351847,green,116.75654210864698,False,False,False,False,,Electrical Equipment,Heavy Electrical Equipment,81.72999191592562,True,True,145831.35,176.19,430264.0,0.1208,No Band
SIGMAADV.NS,2026-08-27,763.6500244140625,683.6708323160807,627.4694451226128,610.4869970703126,369.68153299967446,325.21365020751955,697.5665928608455,126.7300033569336,763.6500244140625,True,True,True,True,True,True,True,True,False,447.9693032932859,ppv,262.29283762677255,False,False,True,False,,Aerospace & Defense,Aerospace & Defense,99.83831851253031,True,True,13458.55,30.98,405684.0,0.2302,5
SIGNORIA.NS,2026-08-26,163.0,163.29166666666666,150.70972145928278,137.70499938964844,92.00333335876465,91.12300008773803,161.84454447286552,53.099998474121094,171.5,True,True,True,True,True,True,True,True,False,62.999999999999986,noise,81.84523809523809,False,False,False,False,,Textiles & Apparels,Garments & Apparels,91.35004042037187,True,True,67.42,0.16,11348.0,0.2385,5
SILKFLEX.NS,2026-08-26,243.0500030517578,211.54999923706055,206.37361017862955,208.77699951171874,170.69466654459634,150.27074993133544,217.63760397221535,76.0,243.0500030517578,True,True,True,True,True,True,True,True,False,185.10264287596226,green,106.06060606060606,False,False,True,False,,Chemicals & Petrochemicals,Specialty Chemicals,98.78738884397737,True,True,85.37,0.1,13742.0,0.1184,5
SJS.NS,2026-08-27,2502.5,2501.141642252604,2372.3083292643228,2321.269677734375,1976.6022786458334,1909.943657836914,2500.6739076489193,1283.8141993111165,2590.0,True,True,True,True,True,True,True,True,False,86.18181818181819,noise,76.30603002696736,False,True,False,False,,Auto Components,Auto Components & Equipments,94.624090541633,True,True,8014.67,31.15,124487.0,0.3887,20
SKYGOLD.NS,2026-08-27,843.0499877929688,803.5958302815756,710.9749976264106,660.6009973144531,491.00699849446613,451.809748840332,807.8743989057417,259.0,868.7999877929688,True,True,True,True,True,True,True,True,False,176.59121442143854,noise,34.21966038088286,False,False,False,False,,Consumer Durables,"Gems, Jewellery And Watches",98.58528698464026,True,True,13056.64,117.05,1388397.0,0.8965,20
SMARTLINK.NS,2026-08-27,220.27000427246094,223.54916508992514,212.53805499606662,201.96054290771485,156.87555735270183,150.152829246521,222.75773035502976,102.34948836265465,232.0500030517578,True,True,True,True,True,True,True,False,False,49.815750563614294,noise,32.02618843694335,False,False,False,False,,IT - Hardware,Computers Hardware & Equipments,88.60145513338723,True,True,219.72,0.16,7150.0,0.0717,5
SMLMAH.NS,2026-08-27,5194.0,5216.791666666667,4809.1722412109375,4581.099428710938,4191.326637369792,4046.187637939453,5214.424514930726,2703.052088847761,5987.89990234375,True,True,True,True,True,True,True,False,False,16.950445777351874,dry,16.681295361636263,False,False,False,False,,"Agricultural, Commercial & Construction Vehicles",Commercial Vehicles,74.53516572352466,True,True,7516.57,75.19,144764.0,1.0003,10
SMVD.NS,2026-08-26,17.0,15.679166793823242,14.779166883892483,14.013000202178954,11.659000047047932,10.548750054836272,16.085617729243104,5.599999904632568,17.049999237060547,True,True,True,True,True,True,True,True,False,104.81927240166553,dry,0.0,False,False,True,False,,Industrial Products,Plastic Products - Industrial,95.87712206952304,True,True,13.44,0.0,1713.0,0.0171,5
SOLARINDS.NS,2026-08-27,20580.0,19923.833333333332,18946.954155815973,18728.70140625,16291.556484375,15440.253901367187,19916.445251146095,11639.12322904721,20649.0,True,True,True,True,True,True,True,True,False,40.52245023700001,green,136.18556015887228,False,False,True,False,,Chemicals & Petrochemicals,Explosives,85.8528698464026,True,True,186228.53,289.11,140483.0,0.1552,No Band
SOMANYCERA.NS,2026-08-27,556.5999755859375,527.341667175293,512.4614232381185,514.7375561523437,458.27775797526044,447.43435760498045,534.4902014170962,327.89613047910154,565.0,True,True,True,True,True,True,True,True,False,14.928971040258144,red,116.64338368384716,False,False,False,False,,Consumer Durables,Ceramics,73.64591754244138,True,True,2282.77,9.37,168370.0,0.4105,20
SONACOMS.NS,2026-08-27,819.0,810.3999989827474,760.205554538303,725.0757250976562,607.5098077392578,575.8459825134278,809.087066231021,399.8350028638013,844.0,True,True,True,True,True,True,True,True,False,81.6286402807736,noise,74.64764963445222,False,False,False,False,,Auto Components,Auto Components & Equipments,94.13904607922393,True,True,51096.64,185.94,2270381.0,0.3639,No Band
SONAMLTD.NS,2026-08-27,63.2400016784668,61.49000199635824,56.93731562296549,55.81730659484863,52.32170519510905,49.75367515563965,62.5835879390282,37.192837659100036,68.98999786376953,True,True,True,True,True,True,True,True,False,25.850482100795258,noise,68.74398048782486,False,False,False,False,,Consumer Durables,Consumer Electronics,79.50687146321746,True,True,253.16,0.48,76487.0,0.1911,20
SPORTKING.NS,2026-08-27,227.25999450683594,212.8191655476888,207.13555526733398,199.19719970703125,155.97433298746745,139.61219974517823,217.73382619318485,78.16999816894531,241.50999450683594,True,True,True,True,True,True,True,True,False,103.63799069364256,noise,35.511548945290535,False,False,False,False,,Textiles & Apparels,Other Textile Products,95.83670169765561,True,True,2892.35,16.92,744605.0,0.5851,20
SETL.NS,2026-08-27,346.8999938964844,310.8625005086263,290.5249998304579,277.02819976806643,180.393266398112,173.31779983520508,315.69079595633644,104.55999755859375,346.8999938964844,True,True,True,True,True,True,True,True,False,90.10302609522245,noise,35.761028950780485,False,False,True,False,,Industrial Manufacturing,Industrial Products,94.98787388843978,True,True,6920.37,42.12,1214235.0,0.6087,5
STARHEALTH.NS,2026-08-27,586.0999755859375,581.9708302815756,587.0583326551649,585.8589978027344,520.7120009358724,507.5370008850098,582.023514143365,416.54998779296875,624.9000244140625,True,True,True,True,True,True,True,True,False,34.7201452778457,noise,33.98501536497733,False,False,False,False,,Insurance,General Insurance,83.99353274050121,True,True,34486.33,37.06,632379.0,0.1075,20
SSWL.NS,2026-08-27,292.45001220703125,303.75,292.904722849528,277.25019989013674,231.06913380940756,222.68625053405762,299.1497687128095,169.0,328.3999938964844,True,True,True,True,True,True,True,False,False,39.317272815888195,noise,37.64991868501533,False,False,False,False,,Auto Components,Auto Components & Equipments,85.3274050121261,True,True,4599.22,33.05,1130235.0,0.7187,20
STEELCAS.NS,2026-08-27,339.8500061035156,348.8875020345052,325.6655688815647,319.3519000244141,276.21096466064455,259.92964401245115,345.0453231682742,175.13959955663623,364.0,True,True,True,True,True,True,True,False,False,55.64970711040927,noise,25.239094298730002,False,False,False,False,,Industrial Products,Castings & Forgings,89.85448666127729,True,True,3439.28,7.5,220827.0,0.2182,20
STEL.NS,2026-08-27,622.5999755859375,592.3125,567.7486131456163,571.7599987792969,507.60933247884117,504.9069987487793,601.1780193381769,380.0,657.2999877929688,True,True,True,True,True,True,True,True,False,38.4324570507921,noise,88.93116829295859,False,False,True,False,,Finance,Investment Company,85.16572352465643,True,True,1149.03,0.62,9966.0,0.054,20
STLTECH.NS,2026-08-27,695.8499755859375,648.8500010172526,591.2000011867947,592.3370001220703,391.49673263549806,319.0930493545532,651.6387989414886,84.5999984741211,695.8499755859375,True,True,True,True,True,True,True,True,False,453.3598215395129,noise,98.0657590251027,False,False,True,False,,Telecom -  Equipment & Accessories,Telecom -  Equipment & Accessories,99.87873888439773,True,True,35760.51,166.1,2387055.0,0.4645,5
STYLAMIND.NS,2026-08-27,3471.0,3596.25830078125,3470.9888712565103,3403.525986328125,2751.841334635417,2599.8125036621095,3566.825156736851,1594.0999755859375,4150.0,True,True,True,True,True,True,True,False,False,107.7323567708476,noise,30.23811699331388,False,False,False,False,,Consumer Durables,Plywood Boards/ Laminates,96.28132578819725,True,True,5886.38,26.87,77414.0,0.4565,20
SUPREMEENG.NS,2026-08-27,2.7300000190734863,2.4983333349227905,2.1352777745988636,1.934799997806549,1.3588666653633117,1.3157999980449677,2.545408267494822,0.6800000071525574,2.7300000190734863,True,True,True,True,True,True,True,True,False,139.47368888863792,noise,71.94445324108433,False,False,True,False,,Industrial Products,Iron & Steel Products,97.696038803557,True,True,68.24,0.06,226599.0,0.0907,2
SUVEN.NS,2026-08-27,368.1000061035156,351.8083318074544,335.1916664971246,321.11300018310544,233.82260060628255,217.3579006958008,357.5687539579004,124.11000061035156,393.5,True,True,True,True,True,True,True,True,False,67.85225762930745,noise,22.267025784533264,False,True,False,False,,Healthcare Services,"Healthcare Research, Analytics & Technology",92.07760711398545,True,True,10401.13,54.11,1469976.0,0.5202,20
SWANDEF.NS,2026-08-27,2372.10009765625,2384.7750040690103,2395.505560980903,2345.230009765625,2045.4106705729166,1866.5385009765625,2387.047687628862,390.79998779296875,2750.0,True,True,True,True,True,True,True,False,False,506.98571436826654,noise,86.73759610258077,False,False,False,False,,Industrial Manufacturing,Ship Building & Allied Services,99.91915925626516,True,True,12496.73,4.79,20175.0,0.0383,5
SWARAJ.NS,2026-08-27,368.6000061035156,371.2208302815755,362.23333316379126,339.78199981689454,297.97066772460937,285.0860009002686,370.550050119595,158.5,386.75,True,True,True,True,True,True,True,False,False,101.25581129522003,noise,28.479459961599318,False,False,False,False,,Textiles & Apparels,Other Textile Products,95.67502021018593,True,True,973.78,5.28,143306.0,0.5425,5
SYRMA.NS,2026-08-27,1493.5,1469.2997945149739,1418.3001302083333,1409.23314453125,1090.5293794759114,1008.7742849731445,1466.7933772683823,633.8515990037583,1541.423280918013,True,True,True,True,True,True,True,True,False,105.76934445536241,noise,69.90824667176706,False,False,False,False,,Industrial Manufacturing,Industrial Products,95.9983831851253,True,True,28768.54,199.58,1336346.0,0.6938,20
TBZ.NS,2026-08-27,306.1000061035156,265.4416681925456,265.3127797444661,244.62100158691408,180.78820002237956,178.13940013885497,279.8006128058333,110.5,312.70001220703125,True,True,True,True,True,True,True,True,False,63.39517711216271,noise,78.54470321679925,False,False,True,False,,Consumer Durables,"Gems, Jewellery And Watches",91.51172190784155,True,True,2042.62,66.24,2164047.0,3.243,20
TMB.NS,2026-08-27,893.8499755859375,864.1041564941406,844.272220187717,818.682998046875,712.7372900390625,663.0436088562012,874.1100779416445,405.09227596916213,917.0,True,True,True,True,True,True,True,True,False,113.54895235545497,noise,29.571031370330097,False,True,False,False,,Banks,Private Sector Bank,96.56426839126921,True,True,14154.24,36.24,405424.0,0.256,20
TALBROAUTO.NS,2026-08-27,408.6499938964844,416.74166615804035,411.07361094156903,408.4029998779297,329.5487991333008,316.2330874633789,413.9545066097532,219.89999389648438,451.6000061035156,True,True,True,True,True,True,True,False,False,57.15662047102001,noise,63.37883260172058,False,False,False,False,,Auto Components,Auto Components & Equipments,90.09700889248181,True,True,2522.52,10.71,262138.0,0.4247,20
TATATECH.NS,2026-08-27,799.3499755859375,825.1625010172526,781.1597205268013,765.1739965820312,662.7753623453776,660.061822052002,810.8974901544752,499.7255286427323,891.0,True,True,True,True,True,True,True,False,False,19.506128994404005,noise,36.853724075826875,False,False,False,False,,IT - Services,IT Enabled Services,76.35408245755862,True,True,32457.75,130.36,1630882.0,0.4016,20
TDPOWERSYS.NS,2026-08-27,740.5999755859375,755.2249959309896,634.1370764838325,626.899365234375,542.5067319742839,496.50265213012693,736.9467075047988,245.9592098659939,798.8499755859375,True,True,True,True,True,True,True,True,False,197.54594889716458,noise,93.38729613403926,False,False,False,False,,Electrical Equipment,Heavy Electrical Equipment,98.98949070331447,True,True,23140.55,195.56,2640581.0,0.8451,20
TIIL.NS,2026-08-27,3328.10009765625,3207.4500122070312,2780.3138766818574,2719.5339892578127,2466.8336458333333,2412.580941772461,3242.448152572005,1853.268132631259,3565.300048828125,True,True,True,True,True,True,True,True,False,21.42042653875622,noise,60.83769521068795,False,False,False,False,,Industrial Products,Iron & Steel Products,77.32417138237672,True,True,7545.73,11.29,33922.0,0.1496,20
THYROCARE.NS,2026-08-27,581.4500122070312,598.4416656494141,578.6444422403971,567.600092163086,471.20315226236977,467.97237487792967,592.5581618135097,338.148639887055,662.0,True,True,True,True,True,True,True,False,False,40.262895099988995,noise,45.26916095425235,False,False,False,False,,Healthcare Services,Healthcare Service Provider,85.73160873080032,True,True,9254.46,45.18,776960.0,0.4882,20
TIRUPATIFL.NS,2026-08-27,68.12000274658203,67.28000005086263,70.09972190856934,66.89179969787598,49.843999837239586,45.96814984321594,68.63040691409238,30.110000610351562,83.9000015258789,True,True,True,True,True,True,True,False,False,62.22910222343514,dry,15.679919188764424,False,False,False,False,,Industrial Products,Castings & Forgings,91.14793856103476,True,True,807.38,5.45,799529.0,0.6746,5
TITAN.NS,2026-08-27,5139.2998046875,5083.433349609375,4881.875013563368,4744.9360546875,4378.4415706380205,4273.549615478516,5084.907487824316,3292.2971645749917,5186.7001953125,True,True,True,True,True,True,True,True,False,43.46586947700377,green,128.85484526013104,False,False,True,False,,Consumer Durables,"Gems, Jewellery And Watches",86.66127728375102,True,True,456016.41,441.5,859072.0,0.0968,No Band
TORNTPHARM.NS,2026-08-27,4999.0,4927.791666666667,4952.600002712674,4862.506005859375,4456.044939778646,4292.578580322265,4937.8988144563555,3450.040733610751,5250.0,True,True,True,True,True,True,True,True,False,39.90455070450021,noise,50.768746832869084,False,False,False,False,,Pharmaceuticals & Biotechnology,Pharmaceuticals,85.56992724333064,True,True,190145.89,307.69,615505.0,0.1618,No Band
TFCILTD.NS,2026-08-27,141.83999633789062,127.93591181437175,105.14063856336806,97.24955001831054,79.55926592508952,76.06071340560914,131.26219889649013,50.73462828916926,146.0,True,True,True,True,True,True,True,True,False,133.77913735271824,noise,78.52689215433296,False,False,True,False,,Finance,Financial Institution,97.53435731608731,True,True,6566.87,162.82,11479025.0,2.4794,20
TVSMOTOR.NS,2026-08-27,4409.7998046875,4380.441650390625,4120.191670735677,3960.3539990234376,3703.493434244792,3682.2820166015626,4391.680215283619,3226.7216075697747,4484.5,True,True,True,True,True,True,True,True,False,35.23250130871081,noise,51.184147864347054,False,False,False,False,,Automobiles,2/3 Wheelers,84.19563459983831,True,True,209565.26,502.15,1138723.0,0.2396,No Band
UYFINCORP.NS,2026-08-27,20.100000381469727,20.246666590372723,19.00194443596734,17.777800025939943,15.232266686757406,15.041700019836426,20.126784819854844,11.15999984741211,22.34000015258789,True,True,True,True,True,True,True,False,False,34.899334872952025,dry,13.741532760152653,False,False,False,False,,Finance,Non Banking Financial Company (NBFC),84.07437348423605,True,True,382.38,0.7,346632.0,0.1822,5
UJJIVANSFB.NS,2026-08-27,68.56999969482422,71.14083353678386,69.23972256978352,66.22940025329589,60.42093355814616,59.03240016937256,70.28897167143575,41.95000076293945,73.94000244140625,True,True,True,True,True,True,True,False,False,60.24771728841447,noise,74.23295318807061,False,False,False,False,,Banks,Other Bank,90.62247372675829,True,True,13361.14,117.1,17077124.0,0.8764,20
UNIHEALTH.NS,2026-08-26,707.5,721.1166687011719,737.7986111111111,700.8059997558594,495.0416668701172,442.32500038146975,727.2133267446426,133.64999389648438,820.0,True,True,True,True,True,True,True,False,False,341.3599416910564,noise,42.959427207637226,False,False,False,False,,Healthcare Services,Hospital,99.67663702506063,True,True,189.97,0.34,28507.0,0.1816,20
UNIMECH.NS,2026-08-27,1485.4000244140625,1487.7750142415364,1339.7861226399739,1288.6810107421875,1049.818672281901,1022.3507540893555,1478.6596667797132,695.0,1555.0,True,True,True,True,True,True,True,True,False,38.91330371133461,noise,61.47790880903267,False,False,False,False,,Aerospace & Defense,Aerospace & Defense,85.20614389652384,True,True,7560.98,28.5,191893.0,0.377,10
UNIONBANK.NS,2026-08-27,184.5,186.07583236694336,176.98722203572592,174.1804360961914,172.16225423177085,167.2867308807373,185.01070918005036,121.06557921577175,199.59697275189,True,True,True,True,True,True,True,False,False,46.485151792452626,noise,46.76784957626076,False,False,False,False,,Banks,Public Sector Bank,87.71220695230396,True,True,140840.02,270.67,14670355.0,0.1922,No Band
UNIPARTS.NS,2026-08-27,808.2999877929688,814.5499979654948,747.620849609375,721.4116235351562,580.1156960042317,551.733486328125,808.8072244307499,366.23139064169806,844.9000244140625,True,True,True,True,True,True,True,False,False,112.0220216093546,noise,65.94575266760528,False,False,False,False,,Auto Components,Auto Components & Equipments,96.44300727566694,True,True,3645.86,14.96,185130.0,0.4104,20
UFBL.NS,2026-08-27,740.25,781.9291585286459,742.8124932183159,725.5919946289063,455.97099833170574,389.84169883728026,779.1067968480925,172.33999633789062,850.0,True,True,True,True,True,True,True,False,False,179.07634307257302,noise,98.41990567711775,False,False,False,False,,Leisure Services,Restaurants,98.6661277283751,True,True,2895.68,13.33,180095.0,0.4604,5
UNIVASTU.NS,2026-08-27,156.8800048828125,163.1724993387858,137.26833301120334,124.01780014038086,87.24620002746582,82.18720003128051,160.41501567763464,56.02000045776367,178.97999572753906,True,True,True,True,True,True,True,False,False,69.56945968215977,noise,27.248579240487125,False,False,False,False,,Construction,Civil Construction,92.48181083265966,True,True,564.56,3.47,221388.0,0.6152,5
UNIVCABLES.NS,2026-08-27,1607.300048828125,1652.6166585286458,1419.0660637749565,1361.4689233398437,1020.1558801269531,983.3422250366211,1611.3103933778725,573.9009093095138,1774.9000244140625,True,True,True,True,True,True,True,False,False,121.51669176891575,noise,45.81886048836441,False,False,False,False,,Industrial Products,Cables - Electricals,97.00889248181083,True,True,5576.59,38.3,238298.0,0.6868,20
UNIVPHOTO.NS,2026-08-27,460.6499938964844,460.67916615804035,451.30694664849176,425.33900268554686,399.2912019856771,357.83915184021,457.93178282252813,180.60000610351562,515.7999877929688,True,True,True,True,True,True,True,True,False,83.12462266267715,green,100.2980676990544,False,False,False,False,,Consumer Durables,Consumer Electronics,94.30072756669361,True,True,504.26,0.04,940.0,0.0086,5
UCL.NS,2026-08-26,254.8000030517578,255.54166666666666,215.17638736300998,206.34499816894532,136.1559992980957,114.12249946594238,252.4032818146639,38.0,260.0,True,True,True,True,True,True,True,True,False,409.6000061035157,dry,0.0,False,False,False,False,,Chemicals & Petrochemicals,Dyes And Pigments,99.75747776879548,True,True,67.03,0.07,11181.0,0.0995,2
WABAG.NS,2026-08-27,2133.89990234375,1993.5249837239583,2015.0777757432725,2032.5408520507813,1580.4813077799479,1509.5350866699218,2038.502121733305,1030.4859602847353,2248.015501662673,True,True,True,True,True,True,True,True,False,40.52726983765362,red,137.94807173567568,False,False,False,False,,Other Utilities,Water Supply & Management,85.89329021827001,True,True,13332.21,162.68,762364.0,1.2202,20
VADILALIND.NS,2026-08-27,7444.5,7454.0089111328125,7093.670952690973,6873.747099609375,5462.582047526042,5355.459450683594,7416.220324129956,3986.8225125401154,8427.599793806126,True,True,True,True,True,True,True,True,False,51.59672699081164,noise,27.280903770685526,False,True,False,False,,Food Products,Dairy Products,89.08649959579628,True,True,5350.98,25.31,34003.0,0.4731,20
VELS.NS,2026-08-26,73.0,73.0,72.56249978807237,71.65299942016601,64.64999946594239,63.539999599456785,72.9935591852443,39.75,73.0,True,True,True,True,True,True,True,True,False,29.089303244691813,dry,0.0,False,False,True,False,,Entertainment,"Film Production, Distribution & Exhibition",81.28536782538399,True,True,74.87,0.0,54.0,0.0004,5
VIJAYA.NS,2026-08-27,1472.4000244140625,1489.9083455403645,1406.3638949924045,1389.4200073242187,1183.754335123698,1141.5595007324218,1475.162664433482,848.0,1573.0,True,True,True,True,True,True,True,False,False,44.445419104422676,dry,19.850847980470977,False,False,False,False,,Healthcare Services,Healthcare Service Provider,87.0250606305578,True,True,15165.38,39.15,265882.0,0.2581,20
VIJIFIN.NS,2026-08-27,14.75,13.289166688919067,10.726666675673592,9.395200004577637,5.238533341089885,4.6200500059127805,13.57839240019928,2.009999990463257,14.75,True,True,True,True,True,True,True,True,False,306.3360753439467,ppv,47.639746108085085,False,False,True,False,,Finance,Non Banking Financial Company (NBFC),99.55537590945836,True,True,325.98,0.26,179609.0,0.0813,2
VINDHYATEL.NS,2026-08-27,2530.5,2453.574991861979,2171.031487358941,2150.7792333984376,1650.520516764323,1594.4379705810547,2427.634398933932,960.833530571369,2600.0,True,True,True,True,True,True,True,True,False,73.3401354269979,green,205.83884211772445,False,False,False,False,,Construction,Civil Construction,93.04769603880356,True,True,2998.86,22.47,88797.0,0.7493,20
VINSYS.NS,2026-08-26,599.9000244140625,585.9375050862631,546.6180555555555,520.2460009765625,391.1763333129883,390.37750022888184,588.4809110653289,215.0,610.0,True,True,True,True,True,True,True,True,False,60.7664569815003,ppv,48.665620094191524,False,False,False,False,,Other Consumer Services,Education,90.78415521422797,True,True,594.02,0.67,16560.0,0.1128,5
VIPULLTD.NS,2026-08-27,15.75,15.181666612625122,14.244166612625122,14.076999931335449,11.654399979909261,11.29514997959137,15.35018669301428,7.380000114440918,18.600000381469727,True,True,True,True,True,True,True,True,False,54.86725547537523,dry,2.209588338815926,False,False,False,False,,Realty,"Residential, Commercial Projects",89.77364591754244,True,True,222.01,1.34,849305.0,0.6025,2
VISHNU.NS,2026-08-27,647.8499755859375,624.6905263264974,615.5388132731119,614.210849609375,570.1865163167317,556.4977792358399,630.8641392779209,443.48710665681693,669.6785087923693,True,True,True,True,True,True,True,True,False,29.438036893906315,noise,94.29682831129006,False,False,True,False,,Chemicals & Petrochemicals,Specialty Chemicals,81.52789005658853,True,True,4361.02,8.78,135489.0,0.2013,20
VIVO.NS,2026-08-26,160.0,148.71666463216147,106.98472086588542,98.48299880981445,83.5823329671224,81.83049980163574,149.89664592251057,64.0,164.0,True,True,True,True,True,True,True,True,False,150.0,dry,0.0,False,False,True,False,,Telecom - Services,Other Telecom Services,98.01940177849636,True,True,16.32,0.02,2133.0,0.1059,5
IDEA.NS,2026-08-27,14.970000267028809,14.18999989827474,13.58722217877706,13.797800006866455,12.083866691589355,11.799250035285949,14.36521829217638,6.460000038146973,15.369999885559082,True,True,True,True,True,True,True,True,False,123.09985367992499,red,117.490106329701,False,False,False,False,,Telecom - Services,Telecom - Cellular & Fixed line services,97.1301535974131,True,True,162189.53,633.34,423075900.0,0.3905,No Band
VOLTAMP.NS,2026-08-27,11228.5,10494.833333333334,9865.015055338541,9898.011328125,9304.468854166667,8915.608596191407,10707.445363587194,6594.353209382375,12724.746990128295,True,True,True,True,True,True,True,True,False,43.77726072800814,green,111.92306328085799,False,False,False,False,,Electrical Equipment,Heavy Electrical Equipment,86.86337914308811,True,True,11360.01,53.87,47979.0,0.4742,20
WELCORP.NS,2026-08-27,2405.800048828125,2098.5083211263022,1820.6111145019531,1722.6253930664063,1266.3296272786458,1153.2435159301758,2188.6369492110325,707.6502693631002,2437.300048828125,True,True,True,True,True,True,True,True,False,176.066631460841,green,236.7618666968766,False,False,False,False,,Industrial Products,Iron & Steel Products,98.54486661277284,True,True,63441.89,343.85,1429235.0,0.542,20
WELINV.NS,2026-08-27,2293.800048828125,2007.7666829427083,1900.8444485134548,1862.966005859375,1595.910000813802,1518.0194995117188,2098.790537469003,865.0,2340.60009765625,True,True,True,True,True,True,True,True,False,149.40741746035485,noise,21.418984758507843,False,True,False,False,,Finance,Investment Company,97.97898140662895,True,True,841.03,0.71,3101.0,0.0846,2
WELSPUNLIV.NS,2026-08-27,192.2899932861328,179.82166544596353,168.6444435119629,167.7371697998047,143.05602783203125,140.44200187683106,184.019960245467,107.03568289025932,195.0,True,True,True,True,True,True,True,True,False,68.36326303299158,ppv,44.160544586030305,False,False,True,False,,Textiles & Apparels,Other Textile Products,92.15844785772029,True,True,18230.25,97.61,5076291.0,0.5354,20
WSTCSTPAPR.NS,2026-08-27,606.8499755859375,615.7916615804037,575.4966040717231,558.4971405029297,488.2762799072266,469.5045948791504,611.0232967447457,373.1221844471916,655.0,True,True,True,True,True,True,True,False,False,10.841265566068436,red,162.76068465415335,False,False,False,False,,"Paper, Forest & Jute Products",Paper & Paper Products,70.16976556184316,True,True,4008.18,14.43,237703.0,0.3599,20
WHEELS.NS,2026-08-27,1516.300048828125,1461.3416748046875,1448.6277770996094,1490.4438061523438,1248.4313895670573,1145.2660244750978,1483.3360084086498,697.4556123989075,1808.0,True,True,True,True,True,True,True,True,False,107.31556903367294,noise,22.50344438261972,False,False,False,False,,Auto Components,Auto Components & Equipments,96.20048504446241,True,True,3704.78,20.56,135611.0,0.555,20
WINSOME.NS,2026-08-26,836.6666870117188,836.6666870117188,796.2963070339626,792.4666748046875,687.5555598958333,673.9333334350586,835.6223162416628,530.0,876.6666870117188,True,True,True,True,True,True,True,True,False,22.43903101297611,dry,0.0,False,False,False,False,,Textiles & Apparels,Other Textile Products,77.89005658852062,True,True,1.06,0.0,56.0,0.0264,—
WOCKPHARMA.NS,2026-08-27,1962.0,1886.6083374023438,1901.7527703179253,1914.7379931640626,1626.4099918619793,1564.4584930419921,1901.9945309638763,1086.699951171875,2422.300048828125,True,True,True,True,True,True,True,True,False,33.45123555718514,green,183.8573278610919,False,False,False,False,,Pharmaceuticals & Biotechnology,Pharmaceuticals,83.42764753435732,True,True,31880.96,292.15,1489018.0,0.9164,20
YASHO.NS,2026-08-27,4341.7001953125,4363.3166910807295,3743.519782172309,3507.79205078125,2273.9056705729167,2081.8369372558595,4318.296245231229,1129.8189394012777,4994.0,True,True,True,True,True,True,True,True,False,155.44609366263686,noise,39.77795317708299,False,True,False,False,,Chemicals & Petrochemicals,Specialty Chemicals,98.22150363783346,True,True,5232.7,25.36,58399.0,0.4846,20
YATHARTH.NS,2026-08-27,973.0499877929688,881.5654856363932,857.6089274088541,854.1912951660156,771.6571785481771,752.7803549194336,905.4368408123167,537.9315639475303,982.0,True,True,True,True,True,True,True,True,False,37.69283533846848,green,204.21002569294023,False,False,True,False,,Healthcare Services,Hospital,84.88278092158448,True,True,9375.76,30.65,315022.0,0.3269,20
ZENTEC.NS,2026-08-27,1825.5999755859375,1883.4403991699219,1791.2787068684895,1801.4664721679687,1608.8690177408855,1547.2792462158204,1866.408356043365,1222.3593609523095,2042.629425992547,True,True,True,True,True,True,True,False,False,21.438517959976554,noise,47.95889506575611,False,False,False,False,,Aerospace & Defense,Aerospace & Defense,77.44543249797898,True,True,16419.84,138.59,759136.0,0.844,20
ZIMLAB.NS,2026-08-27,125.20999908447266,118.27916653951009,116.60777770148383,118.35480010986328,94.66666697184245,89.09795021057128,121.31541155348225,59.310001373291016,133.89999389648438,True,True,True,True,True,True,True,True,False,63.56628882145743,noise,71.5185597049591,False,False,False,False,,Pharmaceuticals & Biotechnology,Pharmaceuticals,91.59256265157639,True,True,671.86,0.68,54590.0,0.1017,20
ZYDUSLIFE.NS,2026-08-27,1189.199951171875,1137.8583272298176,1133.0394965277778,1127.5682641601563,1007.8811319986979,985.3179458618164,1138.9276508639512,834.749872350541,1205.0,True,True,True,True,True,True,True,True,False,20.490825120437627,ppv,221.96947347978494,False,False,False,False,,Pharmaceuticals & Biotechnology,Pharmaceuticals,76.83912691996765,True,True,118623.15,166.72,1401990.0,0.1405,No Band
CUBEINVIT.NS,2026-08-27,156.8300018310547,156.34954071044922,152.5782945421007,150.80905975341796,142.2286922200521,138.51481731414796,156.2099155427512,116.94267272949219,159.5,True,True,True,True,True,True,True,True,False,32.07650045708854,dry,5.535274109048312,False,True,False,False,BSE,Transport Infrastructure,"Road AssetsToll, Annuity, Hybrid-Annuity",82.74050121261115,True,True,,,,,20
INDUSINVIT.NS,2026-08-27,135.19000244140625,133.8900006612142,130.0079222785102,128.11835418701173,121.74829223632813,118.31159523010254,133.9820329067746,99.06098182133456,136.99000549316406,True,True,True,True,True,True,True,True,False,31.486195066432355,noise,93.30359583649907,False,False,True,False,BSE,Transport Infrastructure,"Road AssetsToll, Annuity, Hybrid-Annuity",82.37671786580437,True,True,,,,,20
