rank,symbol,date,close,MA12,MA36,MA50,MA150,MA200,EMA10,52w_low,52w_high,cond1_price_above_150_200,cond2_ma150_above_ma200,cond3_ma200_trending_up_1m,cond4_ma50_above_150_200,cond5_price_above_ma50,cond6_30pct_above_52w_low,cond7_within_25pct_52w_high,cond9_price_above_ema10,fresh_ma12_cross_today,12m_return_pct,volume_signal,relative_volume,bull_snort,inside_bar,is_52w_high,is_52w_low,data_source,industry_group,industry,rs_percentile,cond8_rs_at_least_70,all_conditions_met,total_market_cap_cr,traded_value_cr,traded_volume,traded_val_pct_mc,price_band,rs_score,vcp_score,volume_score,newhigh_score,entry_score,group_score,entry_status,market_state,market_multiplier,minervini_score,grade
1,MBECL.NS,2026-10-01,494.0,438.4408315022786,249.71555667453342,198.10720123291014,109.635734761556,98.57680145263672,444.5580065477156,65.4000015258789,494.0,True,True,True,True,True,True,True,True,False,655.351664333713,ppv,217.42336354877403,False,False,True,False,,Construction,Civil Construction,99.91840065279479,True,True,1646.67,0.07,1474.0,0.0044,2,79.8,30.0,100.0,100.0,100.0,43.47826086956522,actionable,correction,0.585,43.0,C
2,EBGNG.NS,2026-10-01,704.7000122070312,682.683339436849,641.4027811686198,615.9120031738281,506.2466670735677,455.90650062561036,683.278970827032,239.0,730.0,True,True,True,True,True,True,True,True,False,102.52909541147903,green,116.18387974925535,False,False,False,False,,IT - Hardware,Computers Hardware & Equipments,95.18563851489188,True,True,8034.39,50.86,721699.0,0.633,10,68.8,55.4,84.0,87.1,50.0,89.13043478260869,actionable,correction,0.585,41.7,C
3,SIGMAADV.NS,2026-10-01,1076.9000244140625,936.6458384195963,803.1777818467882,758.3950036621094,482.65446706136066,408.1478504943848,960.7843742053765,140.10000610351562,1076.9000244140625,True,True,True,True,True,True,True,True,False,603.3964607982688,ppv,173.6232406034468,False,False,True,False,,Aerospace & Defense,Aerospace & Defense,99.79600163198694,True,True,20453.45,36.05,334727.0,0.1762,5,79.5,63.8,98.8,100.0,0.0,69.56521739130434,extended,correction,0.585,40.3,C
4,ICIL.NS,2026-10-01,443.6499938964844,446.0250015258789,437.3987681070964,430.08860900878904,352.7363052368164,332.2549530029297,446.51174468542047,216.04358355223812,485.95001220703125,True,True,True,True,True,True,True,False,False,65.18029820010287,noise,37.907184910267574,False,False,False,False,,Textiles & Apparels,Other Textile Products,91.51366789065688,True,True,8786.68,42.93,967695.0,0.4886,20,70.2,37.6,74.5,76.6,96.9,58.69565217391305,actionable,correction,0.585,39.5,D
5,EMCURE.NS,2026-10-01,1944.5999755859375,1957.3916727701824,1919.1436598036025,1926.685703125,1760.8410864257812,1688.6820281982423,1951.6641869063517,1257.554251234414,2100.699951171875,True,True,True,True,True,True,True,False,False,49.38141909208158,noise,41.64439244774895,False,False,False,False,,Pharmaceuticals & Biotechnology,Pharmaceuticals,88.45369237046103,True,True,36891.13,31.41,161508.0,0.0851,10,54.9,54.8,94.0,79.1,82.2,45.65217391304348,actionable,correction,0.585,39.5,D
6,PIXTRANS.NS,2026-10-01,1809.300048828125,1740.2000020345051,1782.302781846788,1780.0660009765625,1642.1757080078125,1579.290834350586,1748.223009968285,1245.9203610210297,2089.0,True,True,True,True,True,True,True,True,False,26.425751989046464,ppv,1980.5128207922085,False,False,False,False,,Industrial Products,Rubber,80.6609547123623,True,True,2465.21,7.53,41631.0,0.3055,20,44.9,55.4,90.0,67.2,100.0,41.30434782608695,actionable,correction,0.585,38.3,D
7,GALAPREC.NS,2026-10-01,1157.800048828125,1099.4333241780598,1057.6583268907334,1064.4359924316407,952.3783317057291,905.2934982299805,1127.081766660275,671.2000122070312,1260.0,True,True,True,True,True,True,True,True,False,54.03445901976398,red,134.8440963912416,False,False,False,False,,Industrial Manufacturing,Industrial Products,89.51448388412892,True,True,1483.86,5.76,49773.0,0.3884,20,65.5,47.4,72.5,77.8,50.0,84.78260869565217,watch — approaching pivot,correction,0.585,38.1,D
8,SHREEJISPG.NS,2026-10-01,775.3499755859375,731.7499949137369,682.6138831244575,672.5789953613281,515.9753310139974,478.2734190368652,744.0587147438443,221.4449392882965,780.0,True,True,True,True,True,True,True,True,False,219.70279972938096,green,101.30333131237983,False,False,True,False,,Transport Services,Shipping,98.98000815993471,True,True,12631.87,81.17,1046896.0,0.6426,10,77.6,45.0,63.0,98.8,50.0,65.21739130434783,actionable,correction,0.585,38.0,D
9,RAMRAT.NS,2026-10-01,616.5499877929688,564.9166666666666,533.6069446139866,507.8120001220703,424.78697896321614,394.63283203125,573.6483671390473,266.4076130636512,620.0,True,True,True,True,True,True,True,True,False,98.33247696997766,ppv,248.23023712557165,False,False,True,False,,Electrical Equipment,Other Electrical Equipment,94.73684210526315,True,True,5755.44,20.12,326304.0,0.3496,20,81.5,43.3,87.5,98.9,0.0,82.6086956521739,extended,correction,0.585,38.0,D
10,RPTECH.NS,2026-10-01,953.1500244140625,873.8250020345052,841.9458346896702,842.5315539550782,638.543315633138,569.3250700378418,898.2237848936355,312.33178320165,1004.7000122070312,True,True,True,True,True,True,True,True,False,198.07855469290564,noise,68.04144118772409,False,False,False,False,,IT - Hardware,Computers Hardware & Equipments,98.65361077111383,True,True,6329.46,52.67,552588.0,0.8321,20,73.2,45.4,96.5,83.7,0.0,89.13043478260869,extended,correction,0.585,37.7,D
11,SPECTRUM.NS,2026-10-01,3853.39990234375,3402.125,2724.5027940538193,2640.236015625,1897.5206697591145,1728.7725024414062,3510.2336120847945,1050.0,3980.0,True,True,True,True,True,True,True,True,False,186.1364848933564,noise,40.19162142219555,False,False,True,False,,Industrial Manufacturing,Industrial Products,98.36801305589556,True,True,6584.48,15.01,38951.0,0.228,5,96.2,45.4,68.0,93.6,0.0,84.78260869565217,extended,correction,0.585,37.7,D
12,LLOYDSENT.NS,2026-10-01,77.94999694824219,73.81166648864746,73.56833330790202,75.5102003479004,68.56967432657878,66.40683460235596,75.86784074018323,40.66239061884169,84.69999694824219,True,True,True,True,True,True,True,True,True,25.004681376721784,noise,97.55201204156873,False,False,False,False,,Metals & Minerals Trading,Trading - Metals,80.21215830273358,True,True,11900.56,33.06,4240692.0,0.2778,20,23.8,55.4,70.0,78.1,100.0,73.91304347826086,actionable,correction,0.585,37.4,D
13,STLTECH.NS,2026-10-01,955.3499755859375,850.2291615804037,767.7597232394749,718.0400024414063,505.3987995402018,408.4315995788574,869.4625421775766,84.5999984741211,955.3499755859375,True,True,True,True,True,True,True,True,False,685.8435288180815,ppv,279.2637121552423,False,False,True,False,,Telecom -  Equipment & Accessories,Telecom -  Equipment & Accessories,99.9592003263974,True,True,49110.48,192.93,2019486.0,0.3929,5,69.9,35.4,90.0,100.0,0.0,95.65217391304348,extended,correction,0.585,37.2,D
14,WELSPUNLIV.NS,2026-10-01,239.1699981689453,221.4616673787435,202.83249961005316,191.09539947509765,156.0291672261556,149.8741355895996,224.56244029924005,107.03568289025932,244.88999938964844,True,True,True,True,True,True,True,True,False,104.78667321318778,ppv,334.9448307333435,True,False,True,False,,Textiles & Apparels,Other Textile Products,95.34883720930233,True,True,22516.54,127.05,5312237.0,0.5643,20,89.1,45.4,90.0,95.3,0.0,58.69565217391305,extended,correction,0.585,37.1,D
15,PGIL.NS,2026-10-01,1263.0,1236.4583333333333,1197.540279812283,1167.2089990234374,945.1653568522136,905.1894613647461,1256.357982190637,594.6745299041222,1357.9000244140625,True,True,True,True,True,True,True,True,False,102.23942154401398,noise,39.24936151864887,False,False,False,False,,Textiles & Apparels,Garments & Apparels,95.14483884128927,True,True,11667.73,33.43,264676.0,0.2865,20,73.2,45.4,77.0,80.0,50.0,58.69565217391305,watch — approaching pivot,correction,0.585,37.1,D
16,NINSYS.NS,2026-10-01,804.6500244140625,724.6750030517578,719.3944481743706,738.1000036621094,634.4400010172526,567.3335005187988,738.8095178665593,281.04998779296875,935.0,True,True,True,True,True,True,True,True,True,82.7089090748704,ppv,364.293659621802,True,False,False,False,,IT - Software,Computers - Software & Consulting,93.30885352917177,True,True,1494.72,0.38,4667.0,0.0251,5,54.9,47.1,83.6,66.1,77.3,54.347826086956516,actionable,correction,0.585,36.9,D
17,CPPLUS.NS,2026-10-01,3799.60009765625,3659.9666748046875,3626.8500094943574,3609.83400390625,2973.1632446289063,2600.5446588134764,3741.551609625035,1299.4100806498966,4094.0,True,True,True,True,True,True,True,True,False,185.70650722244508,noise,47.59437490972304,False,False,False,False,,Industrial Manufacturing,Industrial Products,98.32721338229294,True,True,46593.33,90.56,238330.0,0.1944,5,66.1,63.5,40.3,79.6,50.0,84.78260869565217,actionable,correction,0.585,36.8,D
18,MTARTECH.NS,2026-10-01,7797.0,7214.541666666667,7154.319444444444,6897.94,6269.966669921875,5429.220001220703,7365.146287208176,1835.0,8714.0,True,True,True,True,True,True,True,True,False,310.67102603294427,noise,194.24912732226102,False,False,False,False,,Electrical Equipment,Other Electrical Equipment,99.38800489596083,True,True,23983.25,120.19,154153.0,0.5012,5,68.6,60.4,45.9,73.0,50.0,82.6086956521739,watch — approaching pivot,correction,0.585,36.7,D
19,VENUSREM.NS,2026-10-01,1796.699951171875,1645.1083170572917,1666.236107720269,1637.220771484375,1365.2585913085939,1212.4317620849608,1690.4720219209598,425.2611612644438,2031.2182849222206,True,True,True,True,True,True,True,True,False,311.53195813652366,ppv,306.52822239790635,False,False,False,False,,Pharmaceuticals & Biotechnology,Pharmaceuticals,99.42880456956344,True,True,2404.47,7.39,41133.0,0.3074,5,68.7,47.1,92.9,70.9,50.0,45.65217391304348,watch — approaching pivot,correction,0.585,36.7,D
20,TDPOWERSYS.NS,2026-10-01,792.1500244140625,751.8458302815756,755.1763865152994,708.8068127441406,601.5095892333984,544.2548765563965,763.7770041739036,290.7108095718568,817.5499877929688,True,True,True,True,True,True,True,True,False,165.36034360752322,green,179.35106895957702,False,False,False,False,,Electrical Equipment,Heavy Electrical Equipment,98.00081599347206,True,True,24850.29,211.75,2673125.0,0.8521,20,65.3,45.4,52.5,87.8,50.0,82.6086956521739,watch — approaching pivot,correction,0.585,36.3,D
21,ONEPOINT.NS,2026-10-01,74.37000274658203,66.20166683197021,59.63111103905572,58.980400009155275,55.855866775512695,54.887700119018554,68.55019194211638,40.58000183105469,74.5,True,True,True,True,True,True,True,True,False,65.00999167994799,ppv,274.99866407051627,False,False,True,False,,Commercial Services & Supplies,Business Process Outsourcing (BPO)/ Knowledge Process Outsourcing (KPO),91.47286821705426,True,True,1955.46,14.11,1897880.0,0.7218,20,80.1,55.4,85.0,99.7,0.0,50.0,extended,correction,0.585,36.2,D
22,GCSL.NS,2026-10-01,679.9000244140625,641.7291615804037,580.036109076606,562.4299969482422,451.2433614095052,421.79166442871093,651.9063146102998,212.85925329857284,684.0,True,True,True,True,True,True,True,True,False,162.8682095907466,noise,49.780173599953024,False,False,True,False,,Capital Markets,Other Capital Market related Services,97.87841697266421,True,True,1596.77,46.05,677370.0,2.8842,20,75.0,30.0,52.5,98.8,50.0,78.26086956521739,actionable,correction,0.585,36.0,D
23,HFCL.NS,2026-10-01,238.36000061035156,216.62371190388998,228.00237358940973,220.66612854003907,168.4690502421061,143.1233713722229,221.56139832028788,59.764173305578176,256.46045809851773,True,True,True,True,True,True,True,True,False,224.9559589466759,ppv,144.91370675892202,False,False,False,False,,Telecom - Services,Telecom - Infrastructure,99.02080783353733,True,True,36475.36,418.86,17572474.0,1.1483,5,71.2,41.3,91.0,79.9,0.0,86.95652173913044,extended,correction,0.585,36.0,D
24,AEROFLEX.NS,2026-10-01,521.3499755859375,517.2041651407877,519.4319458007812,496.06500061035155,402.25507619222003,349.49599937438967,525.738455343584,157.8500633749001,584.1500244140625,True,True,True,True,True,True,True,False,False,198.8632815103624,noise,78.88137365469106,False,False,False,False,,Industrial Products,Iron & Steel Products,98.69441044471644,True,True,6899.06,76.57,1468675.0,1.1099,10,68.2,36.5,59.5,72.5,99.4,41.30434782608695,actionable,correction,0.585,36.0,D
25,MOREPENLAB.NS,2026-10-01,133.72000122070312,121.31163914998372,109.01326285468207,97.05929229736329,62.952384872436525,56.9991792678833,122.45448272503545,32.995170514607494,135.2899932861328,True,True,True,True,True,True,True,True,False,174.41547584500202,ppv,153.89677980239088,False,False,True,False,,Pharmaceuticals & Biotechnology,Pharmaceuticals,98.2048143614851,True,True,7327.24,281.08,21020143.0,3.8361,10,95.8,35.4,87.5,97.7,0.0,45.65217391304348,extended,correction,0.585,35.4,D
26,MARINE.NS,2026-10-01,436.54998779296875,410.54166412353516,401.3402820163303,372.6945166015625,274.94862955729167,255.131049118042,421.1002042049501,150.74930410802895,449.66979114957604,True,True,True,True,True,True,True,True,False,97.45562211854346,noise,92.52778410803006,False,True,False,False,,Industrial Manufacturing,Industrial Products,94.69604243166054,True,True,6109.27,59.0,1351599.0,0.9658,20,76.3,37.1,77.0,88.2,0.0,84.78260869565217,extended,correction,0.585,35.0,D
27,APARINDS.NS,2026-10-01,17648.0,17872.166666666668,17398.306098090277,16774.9514453125,13958.22322265625,12634.179147949219,17688.37853260462,6777.469795325622,19265.0,True,True,True,True,True,True,True,False,False,115.54613770199605,noise,86.31572826950055,False,False,False,False,,Electrical Equipment,Other Electrical Equipment,96.24643002855977,True,True,73896.3,266.48,151000.0,0.3606,20,64.0,31.3,62.5,77.2,51.3,82.6086956521739,actionable,correction,0.585,34.9,D
28,ROLEXRINGS.NS,2026-10-01,196.36000061035156,182.2025006612142,178.84138827853732,170.13279937744142,148.90626693725585,143.9205002975464,186.67264215544944,99.79000091552734,198.4499969482422,True,True,True,True,True,True,True,True,False,51.18570467218746,ppv,127.9931379652374,False,False,True,False,,Auto Components,Auto Components & Equipments,88.90248878008975,True,True,5151.17,68.61,3493897.0,1.3319,20,74.1,34.0,97.5,97.9,0.0,56.52173913043478,extended,correction,0.585,34.7,D
29,SCHNEIDER.NS,2026-10-01,1275.4000244140625,1216.2333272298176,1219.1944444444443,1256.9100024414063,1201.0683353678385,1083.5680023193358,1219.6932612880235,571.8499755859375,1548.0,True,True,True,True,True,True,True,True,False,54.04311922337952,ppv,392.7213603812129,True,False,False,False,,Electrical Equipment,Heavy Electrical Equipment,89.55528355773154,True,True,30495.33,44.18,346366.0,0.1449,20,45.6,44.8,79.2,58.8,50.0,82.6086956521739,watch — approaching pivot,correction,0.585,34.7,D
30,SETL.NS,2026-10-01,416.95001220703125,411.77083079020184,380.8902774386936,352.2859991455078,228.10333282470702,204.7351495361328,416.21417410108984,104.55999755859375,468.1499938964844,True,True,True,True,True,True,True,True,False,141.1788526322999,noise,72.8600176111307,False,False,False,False,,Industrial Manufacturing,Industrial Products,97.30722154222767,True,True,8317.81,45.4,1088950.0,0.5459,5,83.7,27.1,87.0,72.1,0.0,84.78260869565217,extended,correction,0.585,34.6,D
31,KODYTECH.NS,2026-09-30,1536.8499755859375,1495.4708353678386,1468.2374945746528,1436.34599609375,1065.0943302408855,1012.8839974975585,1505.7355100078673,556.0499877929688,1596.0,True,True,True,True,True,True,True,True,False,119.11176533958572,ppv,74.78632478632478,False,False,False,False,,IT - Software,Computers - Software & Consulting,96.53202774377804,True,True,5074.18,7.64,21528.0,0.1506,5,91.9,27.1,93.8,86.6,0.0,54.347826086956516,extended,correction,0.585,34.6,D
32,MACPOWER.NS,2026-10-01,2144.800048828125,2059.5083618164062,1942.1929829915364,1825.8879907226562,1337.7561474609374,1235.71451171875,2077.9241316281195,760.3935313115157,2234.699951171875,True,True,True,True,True,True,True,True,False,159.33437292208325,green,145.10341097414786,False,False,False,False,,Industrial Manufacturing,Industrial Products,97.75601795185639,True,True,2145.69,11.87,55351.0,0.5533,20,94.8,27.1,64.0,86.0,0.0,84.78260869565217,extended,correction,0.585,34.5,D
33,GNFC.NS,2026-10-01,589.1500244140625,600.5208384195963,576.3607855902778,557.4599346923828,495.5812109375,486.05472381591795,601.7312371485057,351.9886096859767,636.0,True,True,True,True,True,True,True,False,False,23.12135240917177,noise,72.6006438595635,False,False,False,False,,Chemicals & Petrochemicals,Commodity Chemicals,79.47776417788658,True,True,8657.01,42.93,728675.0,0.4959,20,42.1,42.1,72.5,79.3,100.0,30.434782608695656,actionable,correction,0.585,34.5,D
34,MWL.NS,2026-10-01,43.130001068115234,42.663333892822266,40.793611102634,40.33400001525879,35.45868811289469,33.428480024337766,42.82164964823797,19.98028894668577,48.0,True,True,True,True,True,True,True,True,False,87.1659017261858,noise,27.344798608526226,False,False,False,False,,Metals & Minerals Trading,Trading - Metals,93.88004895960832,True,True,1280.99,6.03,1398319.0,0.4708,20,55.7,57.1,50.0,73.7,50.0,73.91304347826086,watch — approaching pivot,correction,0.585,34.5,D
35,KIRLOSENG.NS,2026-10-01,2242.699951171875,2185.824991861979,2150.802781846788,2160.0870263671877,1920.7596590169271,1750.461968383789,2221.3587240768807,862.2056409078928,2714.2611782271474,True,True,True,True,True,True,True,True,False,145.03690251725624,red,128.21794003351278,False,False,False,False,,Industrial Products,"Compressors, Pumps & Diesel Engines",97.42962056303548,True,True,32646.14,131.56,586635.0,0.403,20,64.6,57.7,74.5,59.3,50.0,41.30434782608695,watch — approaching pivot,correction,0.585,34.3,D
36,SHILPAMED.NS,2026-10-01,1064.0999755859375,1021.8499908447266,934.7511291503906,864.3356848144531,601.4721301269532,528.6341653442382,1028.0629923276483,259.33715759272434,1095.0,True,True,True,True,True,True,True,True,False,173.45571139216722,ppv,86.26636239184091,False,False,False,False,,Pharmaceuticals & Biotechnology,Pharmaceuticals,98.1640146878825,True,True,20811.86,176.92,1662649.0,0.8501,20,95.7,27.1,90.0,88.4,0.0,45.65217391304348,extended,correction,0.585,34.1,D
37,AIMTRON.NS,2026-09-30,1950.25,1772.5458272298176,1703.9277648925781,1641.275986328125,1263.7843318684895,1152.0119985961915,1820.9127051230253,675.0,2010.0,True,True,True,True,True,True,True,True,False,176.1025083043589,green,173.30010125399173,False,False,True,False,,Industrial Manufacturing,Industrial Products,98.24561403508771,True,True,1123.82,2.71,49672.0,0.241,20,79.2,43.8,53.1,94.1,0.0,84.78260869565217,extended,correction,0.585,34.0,D
38,DEEDEV.NS,2026-10-01,663.2000122070312,667.9416707356771,649.5737508138021,650.9129614257813,549.3647850545248,465.6463614654541,665.9746633215783,182.69871604200983,758.7487929742209,True,True,True,True,True,True,True,False,False,149.03228955933403,noise,67.85765508796416,False,False,False,False,,Industrial Manufacturing,Industrial Products,97.51121991024073,True,True,4989.88,11.7,176351.0,0.2344,5,64.2,45.5,42.8,68.8,50.0,84.78260869565217,watch — approaching pivot,correction,0.585,34.0,D
39,MOTILALOFS.NS,2026-10-01,989.9000244140625,1005.2000020345052,1002.6833343505859,965.242001953125,876.8866682942709,858.8935488891601,1005.4913574813017,614.9000244140625,1088.3156211947492,True,True,True,True,True,True,True,False,False,10.864357333484275,red,126.22489701955266,False,False,False,False,,Capital Markets,Stockbroking & Allied,72.58261933904528,True,True,59688.72,110.72,1118449.0,0.1855,No Band,6.0,54.8,75.6,75.9,77.2,78.26086956521739,actionable,correction,0.585,34.0,D
40,SALSTEEL.NS,2026-10-01,98.91999816894531,87.87083307902019,79.83861086103651,74.0889998626709,59.90333323160807,55.53739994049072,91.4024081154777,26.100000381469727,102.4000015258789,True,True,True,True,True,True,True,True,False,255.69938895571735,red,187.78426955385055,False,False,False,False,,Ferrous Metals,Sponge Iron,99.14320685434517,True,True,1432.03,4.69,474521.0,0.3278,5,68.0,53.8,45.4,87.2,0.0,97.82608695652173,extended,correction,0.585,33.7,D
41,SAMBHV.NS,2026-10-01,161.4499969482422,152.0349998474121,135.72000058492026,131.1040003967285,116.5300668334961,110.94420017242432,154.97992237011803,81.41999816894531,167.30999755859375,True,True,True,True,True,True,True,True,False,48.17364014758845,noise,90.77379361507934,False,False,False,False,,Industrial Products,Iron & Steel Products,88.00489596083231,True,True,4757.47,53.62,3321414.0,1.1272,20,42.0,55.4,77.0,87.0,50.0,41.30434782608695,actionable,correction,0.585,33.6,D
42,DYNAMATECH.NS,2026-10-01,13756.0,12706.5,11967.865125868055,11615.185703125,10869.857063802083,10437.050251464843,12973.710023041538,6756.698232049184,13996.0,True,True,True,True,True,True,True,True,False,101.15236593305448,green,200.1312181765373,False,False,True,False,,Industrial Manufacturing,Industrial Products,95.02243982048144,True,True,9342.31,25.2,18316.0,0.2697,20,71.3,52.1,46.6,96.6,0.0,84.78260869565217,extended,correction,0.585,33.6,D
43,GANDHAR.NS,2026-10-01,282.6000061035156,269.25416564941406,262.47083367241754,255.54576965332032,189.28084345499676,179.2435446548462,271.434353110331,113.93974378848462,300.3749196686875,True,True,True,True,True,True,True,True,False,102.00543066575554,noise,33.13014055955069,False,False,True,False,,Petroleum Products,Lubricants,95.10403916768666,True,True,2766.08,78.24,2768596.0,2.8286,20,88.6,35.4,68.5,88.2,0.0,63.04347826086957,extended,correction,0.585,33.4,D
44,SYRMA.NS,2026-10-01,1717.9000244140625,1700.2750040690105,1567.997314453125,1519.3986840820312,1223.5407295735677,1108.8414825439454,1706.9460179813905,633.8515990037583,1822.5999755859375,True,True,True,True,True,True,True,True,False,113.8611214785115,noise,91.95517604582213,False,False,False,False,,Industrial Manufacturing,Industrial Products,96.08323133414932,True,True,33091.05,303.26,1765292.0,0.9164,20,61.1,27.1,94.0,82.5,0.0,84.78260869565217,extended,correction,0.585,33.4,D
45,KMEW.NS,2026-10-01,2950.10009765625,2913.6333618164062,2875.5750122070312,2780.00201171875,2216.3613313802084,2100.212996826172,2945.1152638388953,1084.5999755859375,3175.0,True,True,True,True,True,True,True,True,False,152.45817246892796,red,113.32561066023936,False,False,False,False,,Engineering Services,Dredging,97.59281925744594,True,True,7482.73,34.62,117366.0,0.4627,20,64.4,35.4,75.0,79.8,0.0,93.47826086956522,extended,correction,0.585,33.4,D
46,PANAMAPET.NS,2026-10-01,487.1000061035156,474.3166681925456,480.097644382053,478.88600830078127,379.44022989908854,356.856815032959,478.74354318674415,227.57646060004578,595.8726432274872,True,True,True,True,True,True,True,True,False,73.74935094199135,noise,26.059166204134392,False,False,False,False,,Petroleum Products,Lubricants,92.49286005711954,True,True,2946.64,26.88,551737.0,0.9121,20,72.5,27.2,72.5,57.5,50.0,63.04347826086957,watch — approaching pivot,correction,0.585,33.3,D
47,SWANDEF.NS,2026-10-01,2718.199951171875,2714.3999837239585,2543.544440375434,2533.0619970703124,2177.7000048828127,2049.9199993896486,2700.5914028354946,605.9500122070312,2804.89990234375,True,True,True,True,True,True,True,True,False,348.584849643202,noise,99.03752576075742,False,False,False,False,,Industrial Manufacturing,Ship Building & Allied Services,99.59200326397388,True,True,14320.06,5.92,21769.0,0.0413,5,69.0,36.3,70.0,87.8,0.0,84.78260869565217,extended,correction,0.585,33.3,D
48,GNA.NS,2026-10-01,580.7000122070312,579.4750010172526,559.3375006781685,550.6690008544922,461.14959126790365,437.7113525390625,585.4222019572379,292.9006085948861,648.0,True,True,True,True,True,True,True,False,False,86.67803769844326,noise,57.85469871410771,False,False,False,False,,Auto Components,Auto Components & Equipments,93.7576499388005,True,True,2492.99,40.82,702882.0,1.6372,20,75.4,35.4,94.0,73.2,0.0,56.52173913043478,extended,correction,0.585,33.0,D
49,SONACOMS.NS,2026-10-01,805.0,807.5416717529297,805.0277794731987,796.0030017089844,655.1678442382813,614.6078900146484,811.8061768123915,401.87242738536247,844.0,True,True,True,True,True,True,True,False,False,95.76141577452479,red,145.54008623642116,False,False,False,False,,Auto Components,Auto Components & Equipments,94.5328437372501,True,True,50242.34,197.58,2454402.0,0.3933,No Band,77.2,43.3,75.5,84.8,0.0,56.52173913043478,extended,correction,0.585,33.0,D
50,RAYMOND.NS,2026-10-01,1197.199951171875,1120.2583262125652,854.7833302815756,784.6499975585938,588.6336649576823,543.2162495422364,1139.0557698794346,320.0,1241.0,True,True,True,True,True,True,True,True,False,105.51025255490099,noise,38.83552268749084,False,False,False,False,,Industrial Manufacturing,Industrial Products,95.47123623011015,True,True,7967.54,294.03,2455968.0,3.6903,10,79.4,35.4,55.0,86.9,0.0,84.78260869565217,extended,correction,0.585,32.8,D
51,SBC.NS,2026-10-01,58.540000915527344,51.538333574930824,45.718611293368866,44.564800033569334,38.93166678110759,36.572200050354006,53.27759222810629,21.43000030517578,59.5,True,True,True,True,True,True,True,True,False,164.28894773683825,ppv,293.774462557269,False,False,True,False,,Textiles & Apparels,Garments & Apparels,97.96001631986944,True,True,2787.62,56.69,9684491.0,2.0337,20,65.2,29.5,92.5,96.8,0.0,58.69565217391305,extended,correction,0.585,32.8,D
52,AEGISLOG.NS,2026-10-01,1401.0999755859375,1382.4666646321614,1331.772213406033,1329.5319970703124,999.9532771809896,926.6430349731445,1366.7655964201472,573.0465115667306,1528.699951171875,True,True,True,True,True,True,True,True,False,83.94589677144634,green,108.87226329227269,False,False,False,False,,Gas,Trading - Gas,93.47205222358221,True,True,49178.61,199.15,1421355.0,0.4049,10,74.8,18.8,96.5,77.3,0.0,71.73913043478261,extended,correction,0.585,32.8,D
53,TEXINFRA.NS,2026-10-01,119.38999938964844,117.1266663869222,113.85099834865994,113.66453414916992,104.80705907185872,103.15778247833252,117.60665599829574,82.39240445413874,126.58999633789062,True,True,True,True,True,True,True,True,False,24.682836799010488,red,145.2031913735347,False,True,False,False,,Commercial Services & Supplies,Diversified Commercial Services,79.96736026111792,True,True,1521.35,2.47,206655.0,0.1622,20,43.3,60.8,78.5,82.6,21.1,50.0,actionable,correction,0.585,32.5,D
54,LLOYDSENGG.NS,2026-10-01,98.30999755859375,90.79083315531413,87.90083334181044,88.85049850463867,73.09505691528321,67.66367298126221,94.014870679458,37.297425311917706,104.19999694824219,True,True,True,True,True,True,True,True,False,67.45435536764242,red,137.54770931277184,False,False,False,False,,Industrial Manufacturing,Industrial Products,91.84006527947777,True,True,15233.7,114.46,11642327.0,0.7513,20,57.5,42.4,59.5,82.7,14.0,84.78260869565217,actionable,correction,0.585,32.4,D
55,MBAPL.NS,2026-10-01,165.8300018310547,165.01166661580405,164.12222247653537,163.2313998413086,126.81919316609701,116.51276336669922,165.9840648111659,74.98366092800605,174.94000244140625,True,True,True,True,True,True,True,False,False,113.72226735472593,noise,87.1417144348571,False,False,False,False,,Fertilizers & Agrochemicals,Fertilizers,96.04243166054671,True,True,7265.59,21.73,1310571.0,0.2991,20,64.2,47.1,55.0,83.6,50.0,36.95652173913043,watch — approaching pivot,correction,0.585,32.3,D
56,HARSHA.NS,2026-10-01,474.5,458.06666310628253,446.3694424099392,436.49199829101565,405.3335852050781,398.80288970947265,462.8702637807688,312.17531583398915,484.79998779296875,True,True,True,True,True,True,True,True,False,21.559541863820364,ppv,214.07663458150617,False,False,True,False,,Industrial Products,Other Industrial Products,78.70257037943696,True,True,4320.04,8.39,176781.0,0.1942,20,49.6,46.5,84.3,95.8,20.4,41.30434782608695,actionable,correction,0.585,32.3,D
57,KABRAEXTRU.NS,2026-10-01,765.2999877929688,744.4958241780599,645.0569424099392,585.5849987792968,359.2379993693034,326.11034927368166,770.5541009482884,180.0,888.7000122070312,True,True,True,True,True,True,True,False,False,195.65384189595915,noise,29.230232967521484,False,False,False,False,,Industrial Manufacturing,Industrial Products,98.61281109751123,True,True,2676.47,28.1,367122.0,1.0497,5,86.8,35.4,55.0,66.2,0.0,84.78260869565217,extended,correction,0.585,32.2,D
58,ZYDUSLIFE.NS,2026-10-01,1145.699951171875,1166.9500020345051,1146.522223578559,1141.29599609375,1049.856435546875,1013.0575360107422,1169.0460627170532,834.749872350541,1232.0999755859375,True,True,True,True,True,True,True,False,False,15.69686735219289,red,169.71229832024508,False,False,False,False,,Pharmaceuticals & Biotechnology,Pharmaceuticals,75.84659322725417,True,True,114284.01,164.54,1436180.0,0.144,No Band,13.6,65.4,53.6,80.0,87.3,45.65217391304348,actionable,correction,0.585,32.2,D
59,RATNAVEER.NS,2026-10-01,345.45001220703125,323.6916681925456,293.6425412495931,266.8356298828125,198.05587615966797,186.66360710144042,327.6224021420766,130.5,354.5,True,True,True,True,True,True,True,True,False,118.65307943291276,green,123.3614969281049,False,False,True,False,,Industrial Products,Iron & Steel Products,96.49122807017544,True,True,2899.24,250.28,7244973.0,8.6325,20,81.8,35.4,77.0,94.9,0.0,41.30434782608695,extended,correction,0.585,32.1,D
60,SHANTIGOLD.NS,2026-10-01,303.54998779296875,281.6274998982747,263.2775005764431,251.22942321777344,222.0670746866862,217.42505584716798,292.5852130937845,155.0,333.0899963378906,True,True,True,True,True,True,True,True,False,44.0879054593901,noise,70.6960608938569,False,False,False,False,,Consumer Durables,"Gems, Jewellery And Watches",86.57690738474092,True,True,2329.43,77.51,2553404.0,3.3274,20,38.7,57.5,84.0,76.3,50.0,26.08695652173913,actionable,correction,0.585,32.1,D
61,CYIENTDLM.NS,2026-10-01,893.9000244140625,915.4916788736979,850.9541727701823,802.4650036621093,541.2290016682942,501.08500122070313,912.7027361358773,265.20001220703125,1009.0,True,True,True,True,True,True,True,False,False,107.20909528537365,noise,63.11277770872829,False,False,False,False,,Aerospace & Defense,Aerospace & Defense,95.593635250918,True,True,7094.38,80.12,896310.0,1.1294,20,79.7,37.1,70.0,71.2,0.0,69.56521739130434,extended,correction,0.585,32.1,D
62,EDELWEISS.NS,2026-10-01,137.89999389648438,136.9774990081787,130.58749198913574,126.51402420043945,118.03247111002604,116.02809909820557,137.63846410984982,96.92496747850444,146.0,True,True,True,True,True,True,True,True,False,28.305416790359228,noise,89.22981493651967,False,False,False,False,,Finance,Holding Company,81.51774785801713,True,True,13052.67,80.53,5840012.0,0.617,20,35.6,41.1,70.0,82.9,51.9,60.86956521739131,actionable,correction,0.585,32.1,D
63,SANGAMIND.NS,2026-10-01,634.5499877929688,598.7041625976562,586.6013861762153,592.4669970703125,533.0003184000651,514.2556069946289,611.4685190001763,389.75381058185866,672.5,True,True,True,True,True,True,True,True,False,46.39800825416178,green,133.05961709855887,False,False,False,False,,Textiles & Apparels,Other Textile Products,87.31130150958792,True,True,3128.97,7.19,113268.0,0.2297,20,49.6,60.3,77.0,82.7,0.0,58.69565217391305,extended,correction,0.585,31.9,D
64,VISHNU.NS,2026-10-01,658.25,698.000010172526,675.0227576361763,655.1881750488282,600.3373758951823,580.8435917663575,686.598217869637,449.6841383966798,744.0,True,True,True,True,True,True,True,False,False,37.84740354005116,noise,73.75000387163516,False,False,False,False,,Chemicals & Petrochemicals,Specialty Chemicals,84.90412076703386,True,True,4431.03,8.68,131798.0,0.1958,20,50.5,42.3,67.5,70.9,71.8,30.434782608695656,actionable,correction,0.585,31.9,D
65,NRL.NS,2026-10-01,156.61000061035156,154.31499989827475,133.50055609809027,126.66980026245118,86.27733350118001,78.39700012207031,155.3351517057725,45.099998474121094,167.25999450683594,True,True,True,True,True,True,True,True,False,117.36293404158396,noise,65.60807101740669,False,False,False,False,,Metals & Minerals Trading,Trading - Metals,96.3688290493676,True,True,1081.69,1.57,100388.0,0.1453,2,81.5,27.1,65.5,81.3,0.0,73.91304347826086,extended,correction,0.585,31.8,D
66,EIMCOELECO.NS,2026-10-01,2268.800048828125,2275.5,2213.844441731771,2100.444001464844,1788.3945703125,1744.0443005371094,2274.1552250582545,1401.8188379398755,2373.76648551747,True,True,True,True,True,True,True,False,False,28.706454432011917,noise,55.01554950965032,False,False,False,False,,Industrial Manufacturing,Industrial Products,81.64014687882496,True,True,1308.73,11.11,48980.0,0.8491,20,47.2,37.9,79.5,85.2,0.0,84.78260869565217,extended,correction,0.585,31.7,D
67,KAPSTON.NS,2026-10-01,542.3499755859375,564.4291636149088,557.8000013563368,541.5080023193359,403.55322306315105,390.8089167785645,556.7715687249153,244.17999267578125,616.2000122070312,True,True,True,True,True,True,True,False,False,120.02027407137423,noise,77.93577529377377,False,False,False,False,,Commercial Services & Supplies,Diversified Commercial Services,96.61362709098327,True,True,1650.49,6.4,117976.0,0.3877,20,73.3,45.4,79.5,70.0,0.0,50.0,extended,correction,0.585,31.6,D
68,VENUSPIPES.NS,2026-10-01,2204.89990234375,2174.383331298828,1854.9783867730034,1792.7290771484375,1507.8148946126303,1412.704278869629,2153.589761635896,889.7209805823545,2347.89990234375,True,True,True,True,True,True,True,True,False,69.2324196598682,noise,76.96154330827372,False,False,False,False,,Industrial Products,Iron & Steel Products,91.92166462668298,True,True,4567.69,41.22,186939.0,0.9024,20,71.2,35.4,91.5,81.8,0.0,41.30434782608695,extended,correction,0.585,31.5,D
69,FINCABLES.NS,2026-10-01,1458.800048828125,1433.433329264323,1337.897928873698,1251.5557934570313,1078.2939534505208,1000.58845703125,1434.404832398095,695.8450204922062,1498.0,True,True,True,True,True,True,True,True,False,79.01643415832058,noise,42.45084996723804,False,False,False,False,,Industrial Products,Cables - Electricals,93.06405548755609,True,True,22310.79,163.26,1119116.0,0.7317,20,83.8,47.2,60.0,88.8,0.0,41.30434782608695,extended,correction,0.585,31.5,D
70,VALIANTORG.NS,2026-10-01,477.1499938964844,420.2166697184245,354.6416659884983,333.0429998779297,289.27346791585285,281.37020080566407,423.4472340602913,195.0,480.6000061035156,True,True,True,True,True,True,True,True,False,43.266780178683376,ppv,730.4584294706777,True,False,True,False,,Chemicals & Petrochemicals,Specialty Chemicals,86.41370869033048,True,True,1337.67,2.44,51098.0,0.1823,20,68.3,40.1,87.5,98.6,0.0,30.434782608695656,extended,correction,0.585,31.5,D
71,ROSSTECH.NS,2026-10-01,1522.300048828125,1426.0249938964844,1227.75633070204,1170.1679321289062,996.1712312825521,911.5431213378906,1432.882563211484,551.7773507625232,1536.800048828125,True,True,True,True,True,True,True,True,False,106.6836545704505,noise,64.73568109284875,False,False,True,False,,Aerospace & Defense,Aerospace & Defense,95.55283557731539,True,True,5760.42,49.11,322610.0,0.8526,20,59.6,32.4,72.5,98.1,0.0,69.56521739130434,extended,correction,0.585,31.4,D
72,INDSWFTLAB.NS,2026-10-01,395.1499938964844,393.0083312988281,366.75194464789496,330.8104006958008,217.94166676839194,191.4892000579834,395.7762023067635,87.1500015258789,424.75,True,True,True,True,True,True,True,False,False,314.9427490991618,noise,59.12939493840559,False,False,False,False,,Pharmaceuticals & Biotechnology,Pharmaceuticals,99.46960424316606,True,True,3436.29,48.28,1221872.0,1.4051,20,73.1,27.1,94.0,80.1,0.0,45.65217391304348,extended,correction,0.585,31.3,D
73,REDINGTON.NS,2026-10-01,397.95001220703125,401.6791687011719,374.7722227308485,360.50300048828126,276.95748443603514,272.92088317871094,400.9327763605037,187.19874597305954,419.5,True,True,True,True,True,True,True,False,False,45.766937687552996,noise,33.77913021981785,False,False,False,False,,Commercial Services & Supplies,Trading & Distributors,87.18890248878009,True,True,31110.71,268.42,6745182.0,0.8628,20,60.1,35.4,94.0,83.7,0.0,50.0,extended,correction,0.585,31.3,D
74,PRIVISCL.NS,2026-10-01,3573.0,3536.9500122070312,3483.0833536783853,3521.410546875,3338.928097330729,3217.77380859375,3555.042059918651,2332.9521093636263,3774.7057070510364,True,True,True,True,True,True,True,True,False,44.95038113956391,red,155.46104574377853,False,False,False,False,,Chemicals & Petrochemicals,Specialty Chemicals,86.82170542635659,True,True,13957.1,27.73,77610.0,0.1987,20,39.3,55.4,67.2,83.3,50.0,30.434782608695656,watch — approaching pivot,correction,0.585,31.1,D
75,SHRIPISTON.NS,2026-10-01,4490.5,4549.5500081380205,4526.0527750651045,4481.08599609375,3840.102228190104,3637.3694360351565,4577.576492665326,2518.619011912407,4843.0,True,True,True,True,True,True,True,False,False,67.07985721294546,red,245.86041203248837,False,False,False,False,,Auto Components,Auto Components & Equipments,91.79926560587516,True,True,20829.76,31.25,69598.0,0.15,20,55.8,33.5,96.5,79.4,0.0,56.52173913043478,extended,correction,0.585,31.1,D
76,UNIMECH.NS,2026-10-01,1773.0,1664.191670735677,1564.763892279731,1491.3480029296875,1163.158672281901,1100.27775390625,1681.1418738402795,695.0,1868.199951171875,True,True,True,True,True,True,True,True,False,72.97560975609755,green,147.46738196459367,False,False,True,False,,Aerospace & Defense,Aerospace & Defense,92.3296613627091,True,True,9024.92,42.93,242135.0,0.4757,10,82.1,18.8,64.0,89.8,0.0,69.56521739130434,extended,correction,0.585,31.0,D
77,INOXINDIA.NS,2026-10-01,2168.300048828125,2087.3500061035156,2081.5694376627603,2040.2299951171874,1710.868517252604,1564.9380102539062,2105.2864631998855,1066.9168905614442,2339.5,True,True,True,True,True,True,True,True,True,84.27193053345732,green,185.99350085318878,False,False,False,False,,Industrial Products,Other Industrial Products,93.55365157078744,True,True,19714.72,75.32,347383.0,0.3821,20,70.3,29.0,57.5,79.4,47.0,41.30434782608695,actionable,correction,0.585,31.0,D
78,RUBYMILLS.NS,2026-10-01,499.6499938964844,482.08333587646484,432.8543065388997,416.73054260253906,318.3247880045573,290.7036040496826,486.60218091000473,168.1055909008604,522.0,True,True,True,True,True,True,True,True,False,126.46524012393492,red,102.68485620433063,False,False,False,False,,Textiles & Apparels,Other Textile Products,96.85842513259894,True,True,1670.83,1.34,26887.0,0.0804,20,92.7,27.1,55.0,85.4,0.0,58.69565217391305,extended,correction,0.585,31.0,D
79,STLNETWORK.NS,2026-10-01,47.18000030517578,47.43750031789144,34.97666682137383,32.13600009918213,27.296266695658367,25.79620005607605,47.51149173033497,15.75,56.5,True,True,True,True,True,True,True,False,False,57.951118110469515,red,289.51695967310644,False,False,False,False,,Telecom - Services,Other Telecom Services,90.37127702978376,True,True,2303.67,16.39,3474967.0,0.7117,5,47.5,30.0,52.5,61.0,50.0,86.95652173913044,actionable,correction,0.585,30.9,D
80,MMP.NS,2026-10-01,449.6000061035156,460.9291687011719,421.05931599934894,387.7403259277344,300.19722849527994,287.9170067596435,457.0046557847835,184.26453135354302,498.0,True,True,True,True,True,True,True,False,False,61.70423669143042,noise,93.41964288932103,False,False,False,False,,Non - Ferrous Metals,Aluminium,90.94247246022032,True,True,1142.1,4.36,97057.0,0.3821,20,68.9,27.1,70.0,74.6,0.0,80.43478260869566,extended,correction,0.585,30.9,D
81,LUMAXTECH.NS,2026-10-01,1978.9000244140625,2040.625,2005.2749972873264,1908.2474389648437,1705.8306803385417,1665.3651129150392,2029.599536109331,1116.3719883205647,2190.0,True,True,True,True,True,True,True,False,False,58.85189673457554,noise,84.69286047599479,False,False,False,False,,Auto Components,Auto Components & Equipments,90.53447572419421,True,True,13487.73,47.55,240285.0,0.3525,20,47.9,53.6,84.0,74.7,0.0,56.52173913043478,extended,correction,0.585,30.9,D
82,JTLIND.NS,2026-10-01,86.2300033569336,88.46249961853027,85.19864061143663,82.43954803466796,73.24418075561523,71.2176350593567,88.31043047603033,40.19384819281051,93.86886160930845,True,True,True,True,True,True,True,False,False,21.32987596855953,noise,79.05669559642944,False,False,False,False,,Industrial Products,Iron & Steel Products,78.66177070583436,True,True,3389.54,27.2,3153896.0,0.8024,20,40.2,45.2,72.5,77.7,46.9,41.30434782608695,actionable,correction,0.585,30.8,D
83,SOUTHBANK.NS,2026-10-01,47.439998626708984,47.3208335240682,46.33694468604194,46.337236328125,42.88939219156901,42.30799043655396,47.76435782592564,28.648336372737898,50.68000030517578,True,True,True,True,True,True,True,False,False,63.11343732662138,red,123.07608497594968,False,False,False,False,,Banks,Private Sector Bank,91.22807017543859,True,True,12426.93,64.13,13518936.0,0.5161,20,52.1,36.7,55.0,81.2,50.0,52.17391304347826,watch — approaching pivot,correction,0.585,30.8,D
84,MODISONLTD.NS,2026-10-01,486.04998779296875,457.27916463216144,439.29861026340063,394.3549993896484,271.73477630615236,240.6105919647217,461.6055782621942,112.84731995786822,546.0,True,True,True,True,True,True,True,True,False,207.48682789746192,noise,58.53720296752441,False,False,False,False,,Electrical Equipment,Other Electrical Equipment,98.8984088127295,True,True,1577.23,6.67,137136.0,0.4226,5,71.2,37.1,55.0,72.0,0.0,82.6086956521739,extended,correction,0.585,30.8,D
85,FILATEX.NS,2026-10-01,106.0999984741211,102.68833351135254,87.3361004723443,84.54737823486329,60.23852762858073,57.01597990036011,103.88041446052252,36.135550735753014,113.94000244140625,True,True,True,True,True,True,True,True,False,108.30639394448673,noise,64.80744025007267,False,False,False,False,,Textiles & Apparels,Other Textile Products,95.67523459812321,True,True,4711.46,63.04,5941122.0,1.3379,20,79.9,35.4,60.0,80.2,0.0,58.69565217391305,extended,correction,0.585,30.6,D
86,MIDHANI.NS,2026-10-01,433.6000061035156,415.5378138224284,423.7526643541124,419.47754272460935,395.66175842285156,383.1982881164551,422.36837485806154,265.84722513732504,480.94770175684044,True,True,True,True,True,True,True,True,False,13.884900320889804,noise,40.2947076856796,False,False,False,False,,Aerospace & Defense,Aerospace & Defense,74.66340269277846,True,True,8123.06,73.38,1692320.0,0.9033,20,25.8,54.1,52.5,74.3,50.0,69.56521739130434,watch — approaching pivot,correction,0.585,30.6,D
87,MSTCLTD.NS,2026-10-01,705.7999877929688,723.8874918619791,714.104237874349,680.0715966796874,559.3865700276692,536.4425765991211,721.1608946003963,357.9805560549056,795.731978165477,True,True,True,True,True,True,True,False,False,47.363192879564984,noise,65.24963517619196,False,False,False,False,,Commercial Services & Supplies,Trading & Distributors,87.71929824561403,True,True,4968.83,27.83,394359.0,0.5602,10,61.3,27.1,61.0,71.4,50.0,50.0,watch — approaching pivot,correction,0.585,30.6,D
88,PHOENIXLTD.NS,2026-10-01,1930.0,1930.0249938964844,1914.9389784071182,1920.7821508789064,1829.8471118164061,1820.234656982422,1934.5841374717236,1463.661338687736,2166.9299087704976,True,True,True,True,True,True,True,False,False,24.77765149628832,red,121.34973000576375,False,False,False,False,,Realty,"Residential, Commercial Projects",80.13055895552836,True,True,69031.83,112.74,584150.0,0.1633,No Band,33.8,55.4,50.0,72.1,100.0,10.869565217391305,actionable,correction,0.585,30.5,D
89,SANSERA.NS,2026-10-01,4276.60009765625,4387.583353678386,4075.7096489800347,3917.1441796875,3071.8120190429686,2777.9265216064455,4391.477909577807,1362.8258521500732,4743.5,True,True,True,True,True,True,True,False,False,205.27789519601262,red,168.286751989085,False,False,False,False,,Auto Components,Auto Components & Equipments,98.77600979192167,True,True,26693.58,111.67,261118.0,0.4183,20,69.4,27.1,84.5,74.3,0.0,56.52173913043478,extended,correction,0.585,30.4,D
90,MCX.NS,2026-10-01,3204.0,3277.8749796549478,3232.6260579427085,3087.7938330078123,2904.692664388021,2758.6355627441408,3273.231766108306,1547.5083151286738,3481.39990234375,True,True,True,True,True,True,True,False,False,100.7783083401752,noise,90.33223922036643,False,False,False,False,,Capital Markets,Exchange and Data Platform,94.94084047327621,True,True,81546.31,759.78,2371359.0,0.9317,No Band,58.2,55.4,44.7,78.1,0.0,78.26086956521739,extended,correction,0.585,30.3,D
91,IPCALAB.NS,2026-10-01,1943.199951171875,1965.7749938964844,1941.2083299424912,1885.7869970703125,1686.876834309896,1629.295401611328,1953.152806185086,1247.2697331943216,2038.0,True,True,True,True,True,True,True,False,False,45.62706514427548,ppv,78.04428956338425,False,False,False,False,,Pharmaceuticals & Biotechnology,Pharmaceuticals,87.10730314157486,True,True,49299.8,74.38,382770.0,0.1509,20,59.9,37.1,85.0,84.7,0.0,45.65217391304348,extended,correction,0.585,30.3,D
92,EMIL.NS,2026-10-01,204.0500030517578,193.40666834513345,187.29944610595703,176.0868014526367,133.26406717936197,124.64595035552979,195.72889162200718,84.9000015258789,208.97999572753906,True,True,True,True,True,True,True,True,False,42.82215302407486,noise,50.53425186659717,False,True,False,False,,Retailing,Diversified Retail,86.25050999592003,True,True,7850.8,131.32,6435590.0,1.6727,20,57.9,45.4,79.5,89.3,0.0,39.130434782608695,extended,correction,0.585,30.2,D
93,ADFFOODS.NS,2026-10-01,281.3999938964844,268.9249979654948,269.11666700575086,271.3338543701172,258.47026000976564,244.9168724822998,271.2110169018771,152.76382902708204,346.1881784193172,True,True,True,True,True,True,True,True,False,28.22231766096197,ppv,176.85988618592043,False,False,False,False,,Food Products,Packaged Foods,81.43614851081192,True,True,3091.56,11.25,399815.0,0.3639,20,32.9,47.1,90.0,56.6,50.0,34.78260869565217,watch — approaching pivot,correction,0.585,30.2,D
94,FINEORG.NS,2026-10-01,5131.0,5138.708333333333,5163.877780490451,5092.56349609375,4826.12931640625,4693.4619104003905,5130.310330505465,3847.3028827011017,5394.804360638102,True,True,True,True,True,True,True,True,False,15.134527194965685,noise,61.84953769340035,False,False,False,False,,Chemicals & Petrochemicals,Specialty Chemicals,75.39779681762546,True,True,15731.63,12.46,24291.0,0.0792,20,30.5,57.1,66.0,84.2,50.0,30.434782608695656,watch — approaching pivot,correction,0.585,30.2,D
95,VINYAS.NS,2026-09-30,1455.949951171875,1498.0250040690105,1507.6458435058594,1438.8560083007812,1241.251670328776,1205.927251586914,1505.8786070426331,809.0,1730.0,True,True,True,True,True,True,True,False,False,15.64336387385823,noise,84.7328244274809,False,False,False,False,,Industrial Manufacturing,Industrial Products,75.76499388004896,True,True,1440.64,1.44,12566.0,0.0999,20,13.5,41.3,71.2,62.3,50.0,84.78260869565217,watch — approaching pivot,correction,0.585,30.1,D
96,WELCORP.NS,2026-10-01,2605.800048828125,2688.75,2472.3027852376304,2265.954006347656,1572.775196126302,1375.4450366210938,2701.1219080518745,707.6502693631002,2900.0,True,True,True,True,True,True,True,False,False,205.65880148270915,red,108.24977396473128,False,False,False,False,,Industrial Products,Iron & Steel Products,98.81680946552429,True,True,68715.97,515.3,1977495.0,0.7499,20,72.8,27.1,89.0,73.7,0.0,41.30434782608695,extended,correction,0.585,29.9,D
97,AETHER.NS,2026-10-01,1670.0,1671.6083272298176,1652.3194410536025,1621.4899951171874,1330.619336344401,1236.5332525634765,1687.3283642022643,728.0,1798.0,True,True,True,True,True,True,True,False,False,121.95639896483601,red,116.16759588962422,False,False,False,False,,Chemicals & Petrochemicals,Specialty Chemicals,96.65442676458589,True,True,22165.55,56.7,339522.0,0.2558,20,71.6,37.1,84.5,79.8,0.0,30.434782608695656,extended,correction,0.585,29.9,D
98,STOVEKRAFT.NS,2026-10-01,809.1500244140625,817.5958353678385,810.2790679931641,802.9181726074219,669.9117372639975,636.0206939697266,812.363173120904,445.1867339957378,873.3447454599583,True,True,True,True,True,True,True,False,False,19.896204802698424,noise,75.45705155629531,False,False,False,False,,Consumer Durables,Household Appliances,77.96817625458996,True,True,2678.88,16.51,203992.0,0.6162,20,29.4,25.9,82.5,79.3,77.0,26.08695652173913,actionable,correction,0.585,29.8,D
99,IBULLSLTD.NS,2026-10-01,29.43000030517578,29.388333479563396,27.311944484710693,27.69740001678467,22.265733280181884,19.855049967765808,29.127742912453165,8.899999618530273,32.5,True,True,True,True,True,True,True,True,False,65.24425147487531,red,108.67663546948239,False,False,False,False,,Commercial Services & Supplies,Diversified Commercial Services,91.55446756425948,True,True,6595.86,36.37,12358750.0,0.5514,5,60.1,40.7,56.9,75.1,27.0,50.0,actionable,correction,0.585,29.8,D
100,IOLCP.NS,2026-10-01,209.38999938964844,202.2300008138021,190.73083284166125,180.7913998413086,134.25513326009116,119.66223407745362,203.1026838794965,67.07081715721031,219.0399932861328,True,True,True,True,True,True,True,True,False,98.36284605777459,green,102.81881404749046,False,False,False,False,,Pharmaceuticals & Biotechnology,Pharmaceuticals,94.77764177886577,True,True,6146.17,105.52,5039166.0,1.7168,20,63.6,27.1,86.5,85.2,0.0,45.65217391304348,extended,correction,0.585,29.7,D
101,GHCLTEXTIL.NS,2026-10-01,129.22000122070312,130.6875,129.52722210354275,125.9531999206543,101.84987050374349,95.16483016967773,131.48828112689878,64.84792129679248,144.58999633789062,True,True,True,True,True,True,True,False,False,69.70005081846587,noise,47.67780252256721,False,False,False,False,,Textiles & Apparels,Other Textile Products,92.04406364749082,True,True,1235.16,12.24,947564.0,0.9913,20,71.4,31.0,71.3,72.7,0.0,58.69565217391305,extended,correction,0.585,29.7,D
102,SKYGOLD.NS,2026-10-01,810.6500244140625,798.0333302815756,799.294445461697,771.2630004882812,567.4576658121745,509.284499206543,803.5905882436757,260.8500061035156,868.7999877929688,True,True,True,True,True,True,True,True,False,192.97072231696237,red,109.94594181426656,False,False,False,False,,Consumer Durables,"Gems, Jewellery And Watches",98.531211750306,True,True,12554.85,89.9,1108941.0,0.716,20,80.0,45.4,67.4,80.6,0.0,26.08695652173913,extended,correction,0.585,29.7,D
103,MAHLOG.NS,2026-10-01,416.3999938964844,410.44166056315106,403.3111114501953,405.6340008544922,385.4062489827474,374.5811517333984,416.51668976613223,273.2820886223393,447.10758500270833,True,True,True,True,True,True,True,False,False,20.360067675327787,red,105.41967347791955,False,False,False,False,,Transport Services,Logistics Solution Provider,78.17217462260302,True,True,4133.91,12.24,293846.0,0.296,20,31.8,40.6,78.5,80.3,18.1,65.21739130434783,actionable,correction,0.585,29.7,D
104,ALIVUS.NS,2026-10-01,1374.199951171875,1378.191670735677,1378.5518391927083,1338.900986328125,1144.2907405598958,1084.0561392211914,1372.9098374786176,816.0868402393627,1488.4866814641196,True,True,True,True,True,True,True,True,False,48.426552335591836,noise,66.09638783848555,False,False,False,False,,Pharmaceuticals & Biotechnology,Pharmaceuticals,88.12729498164015,True,True,16871.25,21.59,157085.0,0.1279,20,62.3,44.2,73.5,78.6,0.0,45.65217391304348,extended,correction,0.585,29.7,D
105,ENGINERSIN.NS,2026-10-01,312.75,294.1453908284505,269.58529959784613,258.55564178466796,237.44161814371745,225.8952843475342,301.16872058605736,161.02693362262252,321.3999938964844,True,True,True,True,True,True,True,True,False,58.31574238117834,green,152.94391108481142,False,False,False,False,,Construction,Civil Construction,90.41207670338636,True,True,17577.88,134.19,4290748.0,0.7634,20,63.4,34.1,77.2,88.6,0.0,43.47826086956522,extended,correction,0.585,29.6,D
106,LOTUSDEV.NS,2026-10-01,230.07000732421875,217.33484013875326,195.51189295450845,193.05819244384764,155.58977259318033,154.38185901641845,217.87414544513285,101.81956678755641,235.75,True,True,True,True,True,True,True,True,False,20.690723910548158,noise,68.11087797646385,False,False,True,False,,Realty,"Residential, Commercial Projects",78.33537331701346,True,True,11244.07,58.92,2560857.0,0.524,5,29.4,45.0,84.0,95.2,50.0,10.869565217391305,actionable,correction,0.585,29.6,D
107,RML.NS,2026-10-01,1343.199951171875,1334.3000081380208,1242.4805535210503,1207.2462719726564,1002.8167781575521,947.0450030517578,1341.2632751715291,599.8542523291803,1440.0,True,True,True,True,True,True,True,True,False,65.93309575740503,noise,48.539644042610355,False,False,False,False,,Auto Components,Auto Components & Equipments,91.67686658506732,True,True,3712.22,14.27,106251.0,0.3845,20,70.6,28.0,70.0,80.6,0.0,56.52173913043478,extended,correction,0.585,29.5,D
108,LAURUSLABS.NS,2026-10-01,1984.0,1987.7083231608074,1913.4916619194878,1881.4139990234376,1470.9729353841146,1362.6968728637696,1986.3835539795325,841.4672483994065,2055.300048828125,True,True,True,True,True,True,True,False,False,127.93738194532436,noise,54.94428253147592,False,False,False,False,,Pharmaceuticals & Biotechnology,Pharmaceuticals,96.98082415340677,True,True,107197.94,486.37,2451453.0,0.4537,No Band,63.0,37.4,71.9,87.1,0.0,45.65217391304348,extended,correction,0.585,29.4,D
109,PRECWIRE.NS,2026-10-01,501.3999938964844,483.0875015258789,467.7513893975152,446.17426147460935,399.5547735595703,362.1713599395752,488.82381777780665,181.25944979076462,524.9000244140625,True,True,True,True,True,True,True,True,False,163.020999256876,noise,77.03480664012197,False,False,False,False,,Industrial Products,"Aluminium, Copper & Zinc Products",97.91921664626683,True,True,9165.99,36.92,736366.0,0.4028,20,65.8,54.1,55.0,85.0,0.0,41.30434782608695,extended,correction,0.585,29.4,D
110,QPOWER.NS,2026-10-01,1564.5999755859375,1529.3922526041667,1433.787865532769,1352.8787036132812,1182.0132861328125,1074.5625479125977,1543.8676283193236,580.4955789253012,1675.0,True,True,True,True,True,True,True,True,False,49.62350736367836,red,115.03726410381532,False,False,False,False,,Electrical Equipment,Heavy Electrical Equipment,88.61689106487148,True,True,12116.9,36.31,232096.0,0.2997,5,43.4,37.9,65.5,80.8,0.0,82.6086956521739,extended,correction,0.585,29.3,D
111,AKUMS.NS,2026-10-01,813.0999755859375,805.2749989827474,774.2791629367405,749.96599609375,618.56669921875,575.5765780639648,807.4584117081513,407.37371334346585,838.7999877929688,True,True,True,True,True,True,True,True,False,84.12096080524441,noise,56.030894704555834,False,False,False,False,,Pharmaceuticals & Biotechnology,Pharmaceuticals,93.51285189718482,True,True,12448.73,28.76,353686.0,0.231,10,84.9,27.1,57.5,87.9,0.0,45.65217391304348,extended,correction,0.585,29.3,D
112,SMSPHARMA.NS,2026-10-01,471.29998779296875,460.7891565958659,407.22594197591144,398.0337109375,394.4895477294922,377.7906031799316,464.8016838401779,242.0422764136492,494.45001220703125,True,True,True,True,True,True,True,True,False,92.0151657032996,noise,53.17294140023636,False,False,False,False,,Pharmaceuticals & Biotechnology,Pharmaceuticals,94.24724602203183,True,True,4413.82,30.01,636685.0,0.6798,20,74.9,46.8,47.5,84.6,0.0,45.65217391304348,extended,correction,0.585,29.2,D
113,IRISDOREME.NS,2026-10-01,60.459999084472656,63.51749960581461,60.578888681199814,58.09859992980957,43.539933331807454,41.31119998931885,62.81101115589518,26.350000381469727,68.0,True,True,True,True,True,True,True,False,False,89.47038349602481,dry,15.599137650146272,False,False,False,False,,Textiles & Apparels,Garments & Apparels,94.1656466748266,True,True,1150.74,6.32,1045709.0,0.5494,20,76.4,27.1,65.5,71.8,0.0,58.69565217391305,extended,correction,0.585,29.2,D
114,SAKAR.NS,2026-10-01,1075.0,1130.683349609375,1030.8583407931858,990.7520068359376,791.6380019124349,700.6890008544922,1113.1944826115632,345.5,1229.8499755859375,True,True,True,True,True,True,True,False,False,193.07525511880806,noise,60.500063504581334,False,False,False,False,,Pharmaceuticals & Biotechnology,Pharmaceuticals,98.5720114239086,True,True,2359.62,17.88,166329.0,0.7578,20,66.9,37.4,77.0,68.8,0.0,45.65217391304348,extended,correction,0.585,29.1,D
115,NRBBEARING.NS,2026-10-01,542.5999755859375,523.4958292643229,493.27916717529297,477.48799987792967,384.0873823038737,354.21213424682617,529.4664484465791,211.10343900049978,559.9000244140625,True,True,True,True,True,True,True,True,False,96.49034319443972,noise,93.70775542297959,False,False,True,False,,Auto Components,Auto Components & Equipments,94.61444308445533,True,True,5259.02,34.19,630204.0,0.6502,20,75.3,27.9,52.5,93.8,0.0,56.52173913043478,extended,correction,0.585,29.1,D
116,RBLBANK.NS,2026-10-01,411.3999938964844,410.7666651407878,400.4124984741211,394.1818621826172,355.1596260579427,343.5197283935547,409.51215371077626,260.9244632419414,429.6000061035156,True,True,True,True,True,True,True,True,False,49.878308520115766,green,148.18080101093307,False,False,False,False,,Banks,Private Sector Bank,88.73929008567931,True,True,63834.57,183.26,4454593.0,0.2871,No Band,43.7,34.2,74.6,85.5,17.6,52.17391304347826,actionable,correction,0.585,29.1,D
117,SSWL.NS,2026-10-01,390.79998779296875,375.4049987792969,344.5900234646267,333.8709069824219,255.40700602213542,242.6421770477295,383.24455306635366,168.30510470665126,419.79998779296875,True,True,True,True,True,True,True,True,False,74.22791051416398,red,199.64576488342638,False,False,False,False,,Auto Components,Auto Components & Equipments,92.57445940432476,True,True,6145.92,71.03,1817503.0,1.1557,20,72.7,35.4,55.0,80.2,0.0,56.52173913043478,extended,correction,0.585,29.0,D
118,ENTERO.NS,2026-10-01,1680.800048828125,1769.1000162760417,1694.2333441840278,1571.95400390625,1306.9753393554688,1256.0375042724609,1761.7668820765264,944.0,1920.0,True,True,True,True,True,True,True,False,False,56.61574033736996,noise,66.61509137344102,False,False,False,False,,Retailing,Pharmacy Retail,90.24887800897594,True,True,7315.36,41.3,245688.0,0.5645,20,67.2,45.4,72.0,69.1,0.0,39.130434782608695,extended,correction,0.585,29.0,D
119,GAYAPROJ.NS,2026-10-01,22.440000534057617,23.422500133514404,22.808888965182835,21.976000022888183,19.634666678110758,17.758800024986268,23.041918133074446,10.989999771118164,27.329999923706055,True,True,True,True,True,True,True,False,False,104.1856324058366,noise,54.12330492505434,False,False,False,False,,Construction,Civil Construction,95.30803753569973,True,True,1041.89,1.66,740044.0,0.1594,5,59.1,25.3,64.5,58.2,50.0,43.47826086956522,watch — approaching pivot,correction,0.585,29.0,D
120,APOLLO.NS,2026-10-01,394.0,393.1604309082031,393.71832444932727,392.9358752441406,346.668237508138,321.4451384735107,398.52122559284214,179.38966604060064,466.21327810672074,True,True,True,True,True,True,True,False,False,19.648651303656383,noise,68.97752954540724,False,False,False,False,,Aerospace & Defense,Aerospace & Defense,77.7233782129743,True,True,14641.02,310.01,7868309.0,2.1174,20,18.0,55.4,51.5,63.0,50.0,69.56521739130434,watch — approaching pivot,correction,0.585,28.9,D
121,WSTCSTPAPR.NS,2026-10-01,727.6500244140625,734.4083353678385,674.423607720269,647.757802734375,535.7005688476562,504.8922203063965,726.6268224650032,373.1221844471916,777.0,True,True,True,True,True,True,True,True,False,56.597873063152115,noise,48.75106722443531,False,True,False,False,,"Paper, Forest & Jute Products",Paper & Paper Products,90.16727866177071,True,True,4806.05,20.67,284062.0,0.4301,20,67.1,45.4,55.0,81.3,0.0,47.82608695652174,extended,correction,0.585,28.9,D
122,MAHSEAMLES.NS,2026-10-01,698.75,711.2124989827474,671.9887474907769,644.6508740234375,614.3011690266927,592.8774829101562,711.9069549113991,493.1502386104819,768.0,True,True,True,True,True,True,True,False,False,19.596650468083276,red,138.5347752369614,False,False,False,False,,Industrial Products,Iron & Steel Products,77.68257853937169,True,True,9363.2,18.35,262545.0,0.1959,20,37.9,46.4,71.0,76.0,29.4,41.30434782608695,actionable,correction,0.585,28.9,D
123,SHAREINDIA.NS,2026-10-01,205.08999633789062,213.03333282470703,188.93892923990884,185.0763525390625,155.9071701558431,154.69648685455323,207.71853652710408,114.693516995367,233.35000610351562,True,True,True,True,True,True,True,False,False,53.844581327164654,noise,29.764181845556003,False,False,False,False,,Capital Markets,Stockbroking & Allied,89.3920848633211,True,True,4487.89,113.96,5556401.0,2.5392,20,65.2,35.4,50.0,69.8,0.0,78.26086956521739,extended,correction,0.585,28.8,D
124,MARKSANS.NS,2026-10-01,325.6000061035156,330.95833587646484,327.734376695421,310.7723028564453,246.20084513346353,228.74957496643066,331.0574263409603,154.57339337516265,350.95001220703125,True,True,True,True,True,True,True,False,False,95.89526019979029,noise,66.9380946078486,False,False,False,False,,Pharmaceuticals & Biotechnology,Pharmaceuticals,94.57364341085271,True,True,14755.01,105.59,3242821.0,0.7156,20,77.3,41.2,50.0,79.6,0.0,45.65217391304348,extended,correction,0.585,28.7,D
125,SUBEXLTD.NS,2026-10-01,19.34000015258789,20.21083339055379,18.54555548561944,17.001999969482423,12.49219999631246,11.986849973201751,20.08046619966866,6.610000133514404,22.799999237060547,True,True,True,True,True,True,True,False,False,55.09221923373686,red,109.70376209970564,False,False,False,False,,IT - Software,Software Products,89.84088127294982,True,True,1073.09,14.52,7510170.0,1.3535,20,66.3,45.4,59.5,63.6,0.0,54.347826086956516,extended,correction,0.585,28.6,D
126,E2E.NS,2026-10-01,648.0,626.6500091552734,622.4152781168619,604.7450036621094,421.31973459879555,372.4572509765625,635.1836245542437,183.36000061035156,698.0,True,True,True,True,True,True,True,True,True,92.59919051548718,noise,37.97442501490414,False,False,False,False,,IT - Services,IT Enabled Services,94.32884536923704,True,True,13313.67,83.73,1292166.0,0.6289,5,67.0,35.4,48.8,79.7,0.0,67.3913043478261,extended,correction,0.585,28.6,D
127,RPEL.NS,2026-10-01,1818.9000244140625,1703.9750061035156,1686.1055501302083,1570.9999975585938,1132.940322672526,1055.4396804809571,1740.108792693935,560.8282002900473,1943.699951171875,True,True,True,True,True,True,True,True,False,183.18115793432702,green,167.2779218636365,False,False,False,False,,Industrial Products,Electrodes & Refractories,98.28641370869033,True,True,8352.74,18.29,100580.0,0.219,20,81.1,27.1,62.5,81.2,0.0,41.30434782608695,extended,correction,0.585,28.6,D
128,STAR.NS,2026-10-01,1084.800048828125,1183.0166829427083,1097.183337741428,1074.535791015625,1046.9892106119792,1006.3366180419922,1156.4223823572834,765.0675335548549,1260.9000244140625,True,True,True,True,True,True,True,False,False,33.0500659397684,noise,81.33711853217622,False,False,False,False,,Pharmaceuticals & Biotechnology,Pharmaceuticals,83.31293349653203,True,True,9998.9,38.07,350936.0,0.3807,20,31.1,47.1,60.0,66.1,50.0,45.65217391304348,watch — approaching pivot,correction,0.585,28.5,D
129,JSWINFRA.NS,2026-10-01,357.45001220703125,351.4000015258789,341.6569468180339,337.93400146484373,301.30296875,292.69824226379393,353.1038247996235,232.71809982894663,375.5,True,True,True,True,True,True,True,True,False,13.10034809029279,noise,97.87448147160343,False,False,False,False,,Transport Infrastructure,Port & Port services,74.25540595675234,True,True,82755.46,130.1,3639614.0,0.1572,20,29.9,45.1,82.0,84.4,54.6,4.3478260869565215,actionable,correction,0.585,28.5,D
130,KOPRAN.NS,2026-10-01,282.04998779296875,277.5391667683919,235.46416600545248,221.5941909790039,181.7369529724121,170.52099102020264,276.01804372828406,105.19368133041839,295.8299865722656,True,True,True,True,True,True,True,True,False,63.36019293095549,noise,65.38361634969355,False,False,False,False,,Pharmaceuticals & Biotechnology,Pharmaceuticals,91.30966952264382,True,True,1363.04,23.96,849651.0,1.7582,20,69.7,41.3,50.0,84.7,0.0,45.65217391304348,extended,correction,0.585,28.2,D
131,DIFFNKG.NS,2026-10-01,464.3999938964844,440.7041651407878,430.25808291965063,422.15459594726565,354.63192281087237,338.162437210083,444.43367002602804,215.99034037428646,519.9000244140625,True,True,True,True,True,True,True,True,False,33.01207273006976,green,119.79933731155312,False,False,False,False,,Industrial Products,Other Industrial Products,83.27213382292942,True,True,1724.14,15.46,332823.0,0.8965,20,34.1,53.8,87.0,72.6,0.0,41.30434782608695,extended,correction,0.585,28.2,D
132,DIVISLAB.NS,2026-10-01,9249.0,9415.458333333334,9144.0,8848.01,7297.389951171875,7037.3890771484375,9398.439239215606,5624.307044364768,9740.0,True,True,True,True,True,True,True,False,False,63.23296890344601,red,111.1261636280062,False,False,False,False,,Pharmaceuticals & Biotechnology,Pharmaceuticals,91.26886984904121,True,True,245531.89,451.89,488586.0,0.184,No Band,69.6,39.7,52.5,83.9,0.0,45.65217391304348,extended,correction,0.585,28.2,D
133,NEOGEN.NS,2026-10-01,2407.10009765625,2393.2583618164062,2284.6000094943574,2220.031796875,1874.0506770833333,1713.7544104003907,2393.989145099914,966.2326038611084,2499.699951171875,True,True,True,True,True,True,True,True,False,59.31890015706502,noise,48.70997250797989,False,False,False,False,,Chemicals & Petrochemicals,Specialty Chemicals,90.65687474500204,True,True,7231.51,45.16,187598.0,0.6244,20,68.2,37.9,65.0,86.6,0.0,30.434782608695656,extended,correction,0.585,28.0,D
134,WELENT.NS,2026-10-01,724.4500122070312,764.7583363850912,715.8902774386936,680.3449987792969,572.1122491455078,551.2481385803222,752.1079639152983,409.9812045484441,841.9000244140625,True,True,True,True,True,True,True,False,False,42.636615538361376,noise,55.69494252234119,False,False,False,False,,Construction,Civil Construction,86.20971032231742,True,True,9824.54,45.11,622673.0,0.4592,20,57.8,45.4,70.5,66.1,0.0,43.47826086956522,extended,correction,0.585,28.0,D
135,AJANTPHARM.NS,2026-10-01,3581.0,3547.858357747396,3565.794447157118,3530.1190283203123,3193.9334065755206,3089.3820263671873,3559.6181711594213,2283.1397649802702,3796.0,True,True,True,True,True,True,True,True,False,51.86556358483991,noise,81.37016674293744,False,False,False,False,,Pharmaceuticals & Biotechnology,Pharmaceuticals,88.98408812729498,True,True,44747.83,33.72,94150.0,0.0753,20,61.5,50.8,47.9,82.7,0.1,45.65217391304348,actionable,correction,0.585,28.0,D
136,INDORAMA.NS,2026-10-01,95.80999755859375,98.12083435058594,78.06305578019884,72.11200019836426,50.830800170898435,48.81620014190674,97.54032614520582,29.0,112.30000305175781,True,True,True,True,True,True,True,False,False,61.35061609158512,red,103.75352458450695,False,False,False,False,,Textiles & Apparels,Other Textile Products,90.86087311301509,True,True,2501.73,11.97,1249106.0,0.4784,10,68.7,35.4,57.5,64.6,0.0,58.69565217391305,extended,correction,0.585,27.9,D
137,KDDL.NS,2026-10-01,3911.199951171875,3970.316650390625,3937.7825453016494,3811.17556640625,3032.839329427083,2859.8612866210938,3960.5908061606883,1986.0118447969367,4270.0,True,True,True,True,True,True,True,False,False,47.962848847368875,noise,68.13976877881423,False,False,False,False,,Consumer Durables,"Gems, Jewellery And Watches",87.88249694002448,True,True,4810.49,17.27,44165.0,0.3591,20,61.7,37.4,82.0,77.2,0.0,26.08695652173913,extended,correction,0.585,27.9,D
138,MENONBE.NS,2026-10-01,288.3999938964844,299.16666920979816,287.6350000169542,270.6088006591797,185.09989985148113,167.76428451538087,295.71850358065075,100.57782056732867,330.0,True,True,True,True,True,True,True,False,False,126.95280571672912,noise,85.67386047899353,False,False,False,False,,Auto Components,Auto Components & Equipments,96.94002447980417,True,True,1616.19,2.49,86227.0,0.1539,20,81.6,27.1,50.0,68.8,0.0,56.52173913043478,extended,correction,0.585,27.8,D
139,STEELCAS.NS,2026-10-01,356.45001220703125,346.7000020345052,341.55416700575086,336.1089581298828,295.9135870361328,275.0547241210937,356.7431572357728,175.13959955663623,390.8999938964844,True,True,True,True,True,True,True,False,False,67.7942203410746,red,198.27506273536045,False,False,False,False,,Industrial Products,Castings & Forgings,91.88086495308038,True,True,3607.27,5.42,151984.0,0.1502,20,54.6,34.7,79.5,76.4,0.0,41.30434782608695,extended,correction,0.585,27.8,D
140,SOMANYCERA.NS,2026-10-01,614.2000122070312,596.6541595458984,563.2847213745117,544.6147711181641,488.6895009358724,466.5311235046387,603.3536516997794,327.89613047910154,627.2999877929688,True,True,True,True,True,True,True,True,False,36.69352028855044,noise,49.94816454121138,False,False,False,False,,Consumer Durables,Ceramics,84.49612403100775,True,True,2519.01,10.2,166044.0,0.4049,20,63.8,50.2,55.0,89.8,0.0,26.08695652173913,extended,correction,0.585,27.7,D
141,SOTL.NS,2026-10-01,729.5,713.5666656494141,705.5012783474392,692.4385131835937,524.7368566894531,484.1114770507813,716.2281268137397,283.7246181088854,860.4000244140625,True,True,True,True,True,True,True,True,False,81.98022265236685,noise,34.78083896951155,False,False,False,False,,Petroleum Products,Lubricants,93.22725418196654,True,True,5001.48,59.37,813819.0,1.187,20,74.2,27.1,55.0,63.6,0.0,63.04347826086957,extended,correction,0.585,27.6,D
142,NAZARA.NS,2026-10-01,384.70001220703125,374.1708348592122,366.4986106024848,357.1899987792969,301.50973225911457,293.3650491333008,379.324931969595,215.6999969482422,401.8999938964844,True,True,True,True,True,True,True,True,False,38.755640110741666,noise,56.69592055988113,False,False,False,False,,Entertainment,Digital Entertainment,85.43451652386781,True,True,14799.26,89.45,2325235.0,0.6044,20,56.0,41.1,89.0,85.4,0.0,8.695652173913043,extended,correction,0.585,27.5,D
143,NRAIL.NS,2026-10-01,659.5,647.0250040690104,576.786597357856,553.7783917236328,482.34915649414063,475.1249060058594,650.1576621257026,383.5158073125121,706.4000244140625,True,True,True,True,True,True,True,True,False,52.828309008778064,noise,70.70910658795076,False,False,False,False,,"Paper, Forest & Jute Products",Paper & Paper Products,89.14728682170544,True,True,1122.41,1.65,25046.0,0.1472,20,44.7,36.7,77.0,80.7,0.0,47.82608695652174,extended,correction,0.585,27.5,D
144,ESAFSFB.NS,2026-10-01,43.400001525878906,41.2699998219808,41.51527743869357,41.00679977416992,32.45866661071777,31.18954993247986,42.38823762988872,19.780000686645508,46.0,True,True,True,True,True,True,True,True,False,49.44903635548248,dry,17.357323250363287,False,False,False,False,,Banks,Other Bank,88.49449204406365,True,True,2239.96,9.83,2264215.0,0.4387,5,63.2,27.1,61.5,82.7,0.0,52.17391304347826,extended,correction,0.585,27.4,D
145,TBZ.NS,2026-10-01,623.4500122070312,630.2416585286459,457.9198481241862,405.8844906616211,243.7111559041341,223.0150765991211,622.637149919728,109.74685890423396,698.5999755859375,True,True,True,True,True,True,True,True,False,238.8547675831663,dry,4.93198179772382,False,False,False,False,,Consumer Durables,"Gems, Jewellery And Watches",99.10240718074256,True,True,4160.32,178.99,2870892.0,4.3022,5,87.9,35.4,51.0,72.5,0.0,26.08695652173913,extended,correction,0.585,27.2,D
146,SBCL.NS,2026-10-01,1066.4000244140625,1110.7749938964844,1075.2647908528645,1006.2323388671875,740.447636311849,667.949312286377,1102.145909918887,367.86391220435536,1215.699951171875,True,True,True,True,True,True,True,False,False,114.52731150475728,noise,44.89327506360855,False,False,False,False,,Industrial Products,Iron & Steel Products,96.16483068135454,True,True,6142.91,65.25,611913.0,1.0623,10,68.5,27.1,71.0,69.4,0.0,41.30434782608695,extended,correction,0.585,27.2,D
147,KTKBANK.NS,2026-10-01,321.6000061035156,325.4458312988281,323.7219763861762,314.2184197998047,271.0243153889974,251.75909561157226,326.3184340228335,167.6434307691943,345.3999938964844,True,True,True,True,True,True,True,False,False,88.7101326104529,red,118.47410677864212,False,False,False,False,,Banks,Private Sector Bank,94.04324765401877,True,True,12162.32,82.58,2567894.0,0.679,20,64.2,40.6,45.0,80.2,0.0,52.17391304347826,extended,correction,0.585,27.2,D
148,QUADFUTURE.NS,2026-10-01,531.4000244140625,527.2500076293945,450.9861136542426,424.812001953125,367.6676670328776,353.1740005493164,525.432369332018,248.5500030517578,567.2000122070312,True,True,True,True,True,True,True,True,False,29.894895254438335,noise,26.192627384556825,False,False,False,False,,Industrial Products,Cables - Electricals,82.17054263565892,True,True,2125.6,66.75,1256049.0,3.1401,20,48.4,27.1,84.5,81.4,0.0,41.30434782608695,extended,correction,0.585,27.1,D
149,ORIENTHOT.NS,2026-10-01,140.0,141.21999867757162,138.4580544365777,136.59519912719728,116.65225662231445,113.76562606811524,140.74079088995177,79.61620663529307,148.08615521805814,True,True,True,True,True,True,True,False,False,9.559878690577083,noise,33.33644429452372,False,True,False,False,,Leisure Services,Hotels & Resorts,71.8890248878009,True,True,2500.39,24.78,1769648.0,0.9908,20,24.4,46.7,79.8,83.1,50.0,2.1739130434782608,watch — approaching pivot,correction,0.585,27.1,D
150,INDOBORAX.NS,2026-10-01,469.5,468.3333333333333,479.78055572509766,459.82599975585936,346.3367333984375,317.92613136291504,472.7407128428756,207.20777524225286,542.7999877929688,True,True,True,True,True,True,True,False,False,121.97763208916865,dry,11.86898396998203,False,False,False,False,,Chemicals & Petrochemicals,Commodity Chemicals,96.6952264381885,True,True,1506.63,32.08,683272.0,2.1292,20,63.9,32.4,79.5,67.0,0.0,30.434782608695656,extended,correction,0.585,27.0,D
151,PAISALO.NS,2026-10-01,79.9000015258789,86.03916613260905,77.05737156338162,75.1296208190918,58.659814478556314,52.67135112762451,82.77221100951061,29.963878249866504,94.87999725341797,True,True,True,True,True,True,True,False,False,109.57905893022884,green,115.31498113145292,False,False,False,False,,Finance,Non Banking Financial Company (NBFC),95.75683394532844,True,True,7304.05,137.14,17164285.0,1.8776,20,64.6,27.1,62.5,62.4,0.0,60.86956521739131,extended,correction,0.585,27.0,D
152,WHEELS.NS,2026-10-01,2241.300048828125,2205.6083374023438,1871.322238498264,1743.5420092773438,1449.3927197265625,1295.3599188232422,2211.301419135743,697.4556123989075,2498.0,True,True,True,True,True,True,True,True,False,158.77309503853323,noise,43.97645194686449,False,False,False,False,,Auto Components,Auto Components & Equipments,97.71521827825379,True,True,6020.66,79.67,355444.0,1.3232,10,66.3,30.7,52.5,73.4,0.0,56.52173913043478,extended,correction,0.585,27.0,D
153,GLAND.NS,2026-10-01,2874.39990234375,2911.4499715169272,2903.6611056857637,2810.04765625,2283.850236002604,2148.1503326416014,2912.438491117395,1561.8007505195303,3042.0,True,True,True,True,True,True,True,False,False,45.416533171550014,noise,48.647840670360296,False,False,False,False,,Pharmaceuticals & Biotechnology,Pharmaceuticals,87.06650346797225,True,True,47430.72,183.83,639531.0,0.3876,20,39.8,37.3,77.0,83.0,0.0,45.65217391304348,extended,correction,0.585,27.0,D
154,MANORAMA.NS,2026-10-01,1880.300048828125,1900.2500101725261,1922.5702107747395,1839.7917065429688,1575.3506266276042,1515.740186767578,1894.4502980829589,1060.1930872125888,2148.6752714346185,True,True,True,True,True,True,True,False,False,32.46631866714791,ppv,93.51681853323126,False,False,False,False,,Food Products,Other Food Products,83.10893512851897,True,True,11868.9,80.69,429122.0,0.6798,20,50.6,29.0,92.5,69.0,0.0,34.78260869565217,extended,correction,0.585,26.9,D
155,SMLMAH.NS,2026-10-01,6251.0,6487.625,5925.166666666667,5684.610004882812,4519.634054361979,4425.135183105469,6489.357680948398,2703.052088847761,6898.5,True,True,True,True,True,True,True,False,False,100.3913737487815,noise,39.78268518077741,False,False,False,False,,"Agricultural, Commercial & Construction Vehicles",Commercial Vehicles,94.9000407996736,True,True,9046.23,98.88,158177.0,1.093,5,58.1,27.1,90.2,75.2,0.0,21.73913043478261,extended,correction,0.585,26.7,D
156,MANINDS.NS,2026-10-01,921.5499877929688,907.187489827474,798.1680535210503,726.8859985351562,577.7519980875651,527.9909985351562,919.4870860315212,302.04998779296875,1039.699951171875,True,True,True,True,True,True,True,True,False,151.5834066349533,noise,70.3700345780994,False,False,False,False,,Industrial Products,Iron & Steel Products,97.55201958384333,True,True,6912.51,102.25,1109521.0,1.4792,20,79.1,27.1,52.5,71.3,0.0,41.30434782608695,extended,correction,0.585,26.6,D
157,SHANTIGEAR.NS,2026-10-01,573.6500244140625,651.9666646321615,584.5361116197374,535.8720013427734,476.37381856282553,469.41911697387695,628.1465318355002,384.0,743.0,True,True,True,True,True,True,True,False,False,11.71081288857636,noise,31.147226784956906,False,False,False,False,,Industrial Manufacturing,Industrial Products,73.3170134638923,True,True,4402.21,20.97,365517.0,0.4763,5,27.7,35.4,76.0,54.0,0.0,84.78260869565217,extended,correction,0.585,26.6,D
158,VARROC.NS,2026-10-01,830.5999755859375,848.3291676839193,841.9611172146267,808.21658203125,644.1514754231771,627.9370904541015,845.3887448924792,461.0607825414901,912.2000122070312,True,True,True,True,True,True,True,False,False,40.97085922347547,noise,38.99026445416446,False,False,False,False,,Auto Components,Auto Components & Equipments,85.92411260709915,True,True,12691.51,44.91,540672.0,0.3538,20,54.4,35.4,55.0,76.1,0.0,56.52173913043478,extended,correction,0.585,26.6,D
159,RATNAMANI.NS,2026-10-01,2619.39990234375,2762.0999959309897,2653.5888943142363,2563.07171875,2527.76646484375,2448.8588079833985,2744.9539410115067,1927.9657490362597,3330.2583637320286,True,True,True,True,True,True,True,False,False,9.147269630041821,noise,48.23003115024383,False,False,False,False,,Industrial Products,Iron & Steel Products,71.56262749898,True,True,18359.9,20.88,79722.0,0.1137,20,23.6,47.1,62.0,54.0,50.0,41.30434782608695,watch — approaching pivot,correction,0.585,26.6,D
160,MAHASTEEL.NS,2026-10-01,1182.5,1186.0416768391926,1212.33054945204,1139.117996826172,957.9919991048178,923.285749206543,1199.601089327451,405.5,1421.0,True,True,True,True,True,True,True,False,False,188.41463414634148,noise,24.95288523134747,False,False,False,False,,Industrial Products,Iron & Steel Products,98.40881272949817,True,True,1943.37,1.54,13040.0,0.0793,5,66.3,38.9,61.5,60.4,0.0,41.30434782608695,extended,correction,0.585,26.6,D
161,SHYAMMETL.NS,2026-10-01,1047.800048828125,1080.1166687011719,1055.2388966878254,1044.1890588378906,945.8509688313802,918.3966180419922,1073.1962390200224,742.7285204868352,1148.0,True,True,True,True,True,True,True,False,False,13.854630307088357,noise,92.38198165643175,False,False,False,False,,Industrial Products,Iron & Steel Products,74.62260301917584,True,True,29163.06,59.14,564443.0,0.2028,20,12.6,55.4,54.5,76.5,43.6,41.30434782608695,actionable,correction,0.585,26.5,D
162,LALPATHLAB.NS,2026-10-01,2005.0999755859375,1939.1666768391926,1920.5416700575088,1911.4395947265625,1651.8392220052083,1591.8344952392579,1954.5984135086312,1266.16157090969,2038.5999755859375,True,True,True,True,True,True,True,True,False,27.805272439129446,green,144.4060066013658,False,False,True,False,,Healthcare Services,Healthcare Service Provider,81.06895144838842,True,True,33480.71,70.58,351996.0,0.2108,20,44.5,51.3,67.0,96.7,0.0,15.217391304347828,extended,correction,0.585,26.4,D
163,TFCILTD.NS,2026-10-01,138.7899932861328,140.08083216349283,137.4199996524387,128.44130340576172,91.50156880696615,85.3862117767334,140.1118785193246,50.73462828916926,148.5,True,True,True,True,True,True,True,False,False,89.45675228636611,noise,39.225805880653745,False,False,False,False,,Finance,Financial Institution,94.12484700122398,True,True,6425.66,190.41,13719446.0,2.9633,20,56.6,27.1,52.5,80.9,0.0,60.86956521739131,extended,correction,0.585,26.3,D
164,SUNFLAG.NS,2026-10-01,433.5,394.72916412353516,362.0577443440755,363.3165661621094,328.9436471557617,309.9712940979004,413.7998997807965,191.59368881133625,471.0,True,True,True,True,True,True,True,True,False,63.504598698057094,red,103.00518856255998,False,False,False,False,,Industrial Products,Iron & Steel Products,91.35046919624644,True,True,7812.51,15.39,355051.0,0.197,5,55.3,44.5,52.5,78.1,0.0,41.30434782608695,extended,correction,0.585,26.3,D
165,KINGFA.NS,2026-10-01,6586.5,6202.2246500651045,6039.632432725694,5832.495263671875,5151.100476888021,4919.153562011718,6326.596099483195,3637.3743038122066,6628.0,True,True,True,True,True,True,True,True,False,47.892789954148164,noise,89.94150841186675,False,False,True,False,,Industrial Products,Plastic Products - Industrial,87.84169726642187,True,True,8925.62,9.94,15085.0,0.1113,20,41.6,46.0,52.5,98.7,0.0,41.30434782608695,extended,correction,0.585,26.3,D
166,OAL.NS,2026-10-01,532.2000122070312,535.5833358764648,470.67916700575086,444.74812377929686,349.3308984375,333.4848768615723,535.2814888291907,227.70043330477768,570.0,True,True,True,True,True,True,True,False,False,63.066159540519486,noise,77.15367378200315,False,False,False,False,,Chemicals & Petrochemicals,Specialty Chemicals,91.18727050183598,True,True,1791.04,3.81,71630.0,0.2128,10,69.4,35.4,52.5,80.7,0.0,30.434782608695656,extended,correction,0.585,26.1,D
167,PITTIENG.NS,2026-10-01,1123.800048828125,1138.0750122070312,1112.6156446668838,1062.6697937011718,957.6007796223959,922.3277536010742,1137.9694296437785,673.5594125870612,1225.3791940785206,True,True,True,True,True,True,True,False,False,11.499786748181373,noise,41.94204840575856,False,False,False,False,,Industrial Manufacturing,Industrial Products,73.23541411668707,True,True,4148.35,14.03,124849.0,0.3382,20,27.5,42.1,47.5,77.4,0.0,84.78260869565217,extended,correction,0.585,26.0,D
168,WINDLAS.NS,2026-10-01,1082.4000244140625,1098.3416849772136,1058.4972279866536,1005.34900390625,872.7163879394532,852.3825036621093,1095.8235256987311,692.1704627016716,1181.9000244140625,True,True,True,True,True,True,True,False,False,20.392772513255974,noise,37.002882018276146,False,False,False,False,,Pharmaceuticals & Biotechnology,Pharmaceuticals,78.21297429620563,True,True,2233.67,15.4,142247.0,0.6893,20,39.2,54.2,52.5,77.2,0.0,45.65217391304348,extended,correction,0.585,25.9,D
169,IGPL.NS,2026-10-01,569.5499877929688,571.8166707356771,537.265276590983,520.7736889648437,447.5183522542318,427.9859565734863,574.2091071367615,311.6019343179066,609.9000244140625,True,True,True,True,True,True,True,False,False,38.354206667506844,noise,58.748802170408965,False,False,False,False,,Chemicals & Petrochemicals,Commodity Chemicals,85.18971848225215,True,True,1753.92,4.82,84691.0,0.275,20,55.4,42.1,57.5,80.8,0.0,30.434782608695656,extended,correction,0.585,25.8,D
170,KSL.NS,2026-10-01,913.0,959.4541676839193,919.9263899061415,906.2586267089844,823.8533797200521,798.1308340454102,952.6709638030234,567.4828239516848,1032.9000244140625,True,True,True,True,True,True,True,False,False,19.855317169343856,red,228.82260279326889,False,False,False,False,,Industrial Products,Iron & Steel Products,77.84577723378213,True,True,3995.23,9.06,99189.0,0.2267,20,34.5,63.2,55.0,70.8,0.0,41.30434782608695,extended,correction,0.585,25.8,D
171,TATVA.NS,2026-10-01,1743.199951171875,1752.1583048502605,1675.0791456434463,1694.5594409179687,1389.5192366536457,1359.6028009033203,1751.612159019341,1001.7909973587646,1880.0,True,True,True,True,True,True,True,False,False,69.76011653768295,noise,87.40079802088209,False,False,False,False,,Chemicals & Petrochemicals,Specialty Chemicals,92.08486332109344,True,True,4077.7,26.7,153156.0,0.6547,20,64.7,35.4,55.0,79.4,0.0,30.434782608695656,extended,correction,0.585,25.7,D
172,RPGLIFE.NS,2026-10-01,2930.699951171875,2905.0916544596353,2753.552781846788,2754.4560009765623,2377.2272143554687,2316.0141064453123,2936.533140326389,1716.0396604625457,3127.800048828125,True,True,True,True,True,True,True,False,False,30.68109337498297,red,143.92101578396225,False,False,False,False,,Pharmaceuticals & Biotechnology,Pharmaceuticals,82.53773969808242,True,True,4847.09,9.4,32089.0,0.194,20,49.3,42.4,50.0,81.4,0.0,45.65217391304348,extended,correction,0.585,25.7,D
173,GUFICBIO.NS,2026-10-01,418.3999938964844,429.1374994913737,426.1493954128689,417.87861877441406,355.5234045410156,345.8483348083496,427.877082981591,267.9349768924993,467.79998779296875,True,True,True,True,True,True,True,False,False,18.070678103308712,red,198.22776073174836,False,False,False,False,,Pharmaceuticals & Biotechnology,Pharmaceuticals,76.94818441452468,True,True,4195.82,5.01,119700.0,0.1194,20,36.2,37.6,55.0,72.9,22.9,45.65217391304348,actionable,correction,0.585,25.6,D
174,SUPRIYA.NS,2026-10-01,931.0,948.375,871.7311842176649,871.3988549804687,796.2397184244792,774.9548278808594,950.3357942093166,544.8526903164613,1083.7124081428149,True,True,True,True,True,True,True,False,False,27.852147351415656,noise,63.676178638662925,False,False,False,False,,Pharmaceuticals & Biotechnology,Pharmaceuticals,81.15055079559363,True,True,7492.95,33.08,355325.0,0.4415,20,26.0,55.4,28.2,65.8,50.0,45.65217391304348,watch — approaching pivot,correction,0.585,25.5,D
175,GALAXYSURF.NS,2026-10-01,2376.89990234375,2244.7083333333335,2258.4944356282554,2179.478740234375,1938.8371435546876,1932.910089111328,2273.804209583961,1492.9641285266785,2648.0,True,True,True,True,True,True,True,True,False,10.069231207541684,ppv,350.75926236606915,False,False,False,False,,Chemicals & Petrochemicals,Specialty Chemicals,72.13382292941657,True,True,8693.46,10.91,45904.0,0.1255,20,25.0,47.4,87.5,73.5,0.0,30.434782608695656,extended,correction,0.585,25.5,D
176,GOODLUCK.NS,2026-10-01,499.3500061035156,520.4682566324869,488.0241054958767,489.55273376464845,448.8141632080078,428.4974084472656,516.3767391245746,304.4331190765815,556.330723956048,True,True,True,True,True,True,True,False,False,15.141046312977412,noise,96.21939574206648,False,False,False,False,,Industrial Products,Iron & Steel Products,75.43859649122807,True,True,4979.29,35.11,703062.0,0.7051,20,12.7,47.1,48.3,73.5,50.0,41.30434782608695,watch — approaching pivot,correction,0.585,25.3,D
177,VINDHYATEL.NS,2026-10-01,2617.0,2706.7583211263022,2632.8638780381943,2506.333986816406,1912.1992041015626,1746.9665509033202,2689.2928600266973,960.833530571369,2952.60009765625,True,True,True,True,True,True,True,False,False,85.6553475472037,noise,33.812631112891495,False,False,False,False,,Construction,Civil Construction,93.67605059159527,True,True,3101.37,20.06,76652.0,0.6468,20,64.6,39.2,40.8,71.3,0.0,43.47826086956522,extended,correction,0.585,25.3,D
178,SAILIFE.NS,2026-10-01,1541.199951171875,1574.9083251953125,1535.0527716742622,1484.7099951171874,1235.3413305664062,1150.3712475585937,1566.3752679638692,783.8499755859375,1697.0,True,True,True,True,True,True,True,False,False,73.72483895153967,noise,89.31485757475737,False,False,False,False,,Pharmaceuticals & Biotechnology,Pharmaceuticals,92.45206038351694,True,True,32737.89,89.46,580484.0,0.2733,20,52.7,34.2,55.0,75.6,0.0,45.65217391304348,extended,correction,0.585,25.3,D
179,PREMEXPLN.NS,2026-10-01,682.0499877929688,675.4719187418619,668.7045372856987,665.6735693359375,615.0757442220053,586.0007752990723,677.3513314480253,378.11939472936064,829.1846454746575,True,True,True,True,True,True,True,True,False,19.275870280380893,noise,67.91865343143905,False,False,False,False,,Chemicals & Petrochemicals,Explosives,77.47858017135863,True,True,3668.35,26.74,392086.0,0.729,20,17.5,47.1,61.2,58.5,50.0,30.434782608695656,watch — approaching pivot,correction,0.585,25.2,D
180,JGCHEM.NS,2026-10-01,610.2999877929688,615.3851572672526,609.510765923394,589.0375799560547,461.8182118733724,433.1861491394043,620.8330654325405,297.86220044828514,688.0,True,True,True,True,True,True,True,False,False,49.48701438590255,red,104.59315627156262,False,False,False,False,,Chemicals & Petrochemicals,Commodity Chemicals,88.53529171766625,True,True,2391.53,39.26,643274.0,1.6416,20,51.5,36.6,67.5,71.4,0.0,30.434782608695656,extended,correction,0.585,25.1,D
181,ARROWGREEN.NS,2026-10-01,865.2000122070312,889.6374969482422,797.7440490722656,780.51509765625,614.3642447916667,576.5735961914063,873.1985638592975,339.84701118518905,952.75,True,True,True,True,True,True,True,False,False,55.0545797171454,noise,98.44630290270386,False,False,False,False,,Industrial Products,Packaging,89.80008159934721,True,True,1305.41,3.2,36987.0,0.2451,20,66.2,27.1,50.0,75.6,0.0,41.30434782608695,extended,correction,0.585,25.1,D
182,REMUS.NS,2026-09-30,903.2000122070312,937.7564748128256,911.2964647081163,867.7154077148438,759.2063590494791,744.4144747924805,930.0702193842224,579.7067024217403,1006.4907481599214,True,True,True,True,True,True,True,False,False,18.980074695669934,noise,50.76142131979695,False,False,False,False,,Pharmaceuticals & Biotechnology,Pharmaceuticals,77.27458180334558,True,True,2252.28,1.78,9306.0,0.079,20,37.0,42.5,53.8,73.5,10.6,45.65217391304348,actionable,correction,0.585,25.1,D
183,SYNCOMF.NS,2026-10-01,23.959999084472656,21.209346771240234,19.161052650875515,17.572156028747557,14.836752166748047,14.48681613445282,22.33098130777374,10.159950837625136,27.489999771118164,True,True,True,True,True,True,True,True,False,46.72777510946817,red,243.83610017809096,False,False,False,False,,Pharmaceuticals & Biotechnology,Pharmaceuticals,87.39290085679315,True,True,2252.24,32.31,13484603.0,1.4345,20,60.6,35.4,45.0,68.3,0.0,45.65217391304348,extended,correction,0.585,24.8,D
184,INNOVACAP.NS,2026-10-01,1168.0,1219.316670735677,1136.1930525037978,1088.6519995117187,915.6286649576823,860.3776629638672,1214.8222726569459,622.0,1353.5,True,True,True,True,True,True,True,False,False,37.33401730580488,green,247.6421847703652,False,False,False,False,,Pharmaceuticals & Biotechnology,Pharmaceuticals,84.7001223990208,True,True,6683.87,10.62,90926.0,0.1589,20,54.3,36.0,53.0,66.6,0.0,45.65217391304348,extended,correction,0.585,24.8,D
185,VSSL.NS,2026-10-01,383.29998779296875,405.27083079020184,375.36693996853296,357.73570739746094,294.58507466634114,287.36209815979004,399.74428951378195,204.38240429135575,428.25,True,True,True,True,True,True,True,False,False,30.815743040687018,noise,46.32467364672648,False,False,False,False,,Industrial Products,Iron & Steel Products,82.57853937168503,True,True,3705.96,12.48,325631.0,0.3368,20,49.3,35.4,57.0,73.0,0.0,41.30434782608695,extended,correction,0.585,24.7,D
186,TCPLPACK.NS,2026-10-01,3927.10009765625,3965.75,3975.672214084201,3765.05603515625,3031.4790462239584,2979.528388671875,3992.446586655081,2183.081091821615,4410.89990234375,True,True,True,True,True,True,True,False,False,20.94786469005374,dry,17.699889803911866,False,False,False,False,,Industrial Products,Packaging,78.41697266421869,True,True,3566.16,7.1,18071.0,0.199,20,39.6,35.4,69.0,72.1,0.0,41.30434782608695,extended,correction,0.585,24.7,D
187,ANTELOPUS.NS,2026-10-01,1106.5,1143.8374837239583,986.7999945746528,943.2959973144531,788.3843306477864,713.4092472839355,1135.4085670794414,357.0,1290.9000244140625,True,True,True,True,True,True,True,False,False,103.10206035108882,noise,26.191449485599,False,False,False,False,,Oil,Oil Exploration & Production,95.22643818849448,True,True,3890.71,161.04,1455408.0,4.1391,20,58.9,37.1,55.8,65.4,0.0,32.608695652173914,extended,correction,0.585,24.6,D
188,KAMDHENU.NS,2026-10-01,37.59000015258789,39.72723197937012,37.282036463419594,36.58322242736816,28.93283686319987,27.30755750656128,39.01536385638579,15.9864550705264,43.70000076293945,True,True,True,True,True,True,True,False,False,35.38164971463908,red,131.06109407487182,False,False,False,False,,Industrial Products,Iron & Steel Products,84.08812729498165,True,True,1059.6,3.38,898719.0,0.3188,20,52.9,35.4,55.0,66.0,0.0,41.30434782608695,extended,correction,0.585,24.4,D
189,PTCIL.NS,2026-10-01,22025.0,22235.416666666668,21924.63888888889,20899.18,18325.826666666668,18238.265,22208.99412121236,14499.0,24125.0,True,True,True,True,True,True,True,False,False,41.840546110252454,noise,42.87562030042561,False,False,False,False,,Industrial Products,Castings & Forgings,85.96491228070175,True,True,33021.09,62.95,28583.0,0.1906,20,57.3,33.1,45.0,76.6,0.0,41.30434782608695,extended,correction,0.585,24.3,D
190,FCL.NS,2026-10-01,55.720001220703125,56.507500330607094,52.31395456526015,48.951379470825195,36.91463073730469,33.60070779800415,56.81565373389641,19.080274212500033,62.400001525878906,True,True,True,True,True,True,True,False,False,123.84465525452053,red,170.85210642984907,False,False,False,False,,Chemicals & Petrochemicals,Specialty Chemicals,96.7360261117911,True,True,6488.6,95.17,17079371.0,1.4667,10,66.7,28.2,49.3,72.6,0.0,30.434782608695656,extended,correction,0.585,24.1,D
191,STEELXIND.NS,2026-10-01,11.220000267028809,11.339166720708212,11.173888921737671,11.180799980163574,10.663733345667522,10.094500010013581,11.342166205658447,7.0,13.949999809265137,True,True,True,True,True,True,True,False,False,9.250241157944439,noise,77.43810335607924,False,False,False,False,,Industrial Products,Iron & Steel Products,71.76662586699307,True,True,1431.13,5.48,4880300.0,0.3826,20,4.1,47.1,59.2,54.9,50.0,41.30434782608695,watch — approaching pivot,correction,0.585,24.1,D
192,RAYMONDREL.NS,2026-10-01,648.4500122070312,639.0083312988281,589.7874993218315,607.417998046875,557.7855800374349,535.4094157409668,650.4630872877142,347.8966973806635,741.9500122070312,True,True,True,True,True,True,True,False,False,9.393163841726459,noise,67.14340740072144,False,False,False,False,,Realty,"Residential, Commercial Projects",71.80742554059567,True,True,4315.53,78.24,1206566.0,1.813,20,4.2,44.5,73.5,68.8,50.0,10.869565217391305,actionable,correction,0.585,23.6,D
193,AEGISVOPAK.NS,2026-10-01,290.75,300.17083231608075,285.8263880411784,286.8531982421875,237.59620005289713,235.46849906921386,295.96934820407114,157.88530940558778,320.95001220703125,True,True,True,True,True,True,True,False,False,11.330087368091025,red,124.40596156570885,False,False,False,False,,Oil,Oil Storage & Transportation,73.03141574867401,True,True,32214.85,59.5,2046332.0,0.1847,10,7.1,55.4,77.5,75.2,0.0,32.608695652173914,extended,correction,0.585,23.6,D
194,DOLPHIN.NS,2026-10-01,628.0999755859375,670.2624969482422,637.7472195095486,572.2759979248046,456.87966491699217,451.1064990234375,658.7707763628201,322.0,749.5,True,True,True,True,True,True,True,False,False,61.34086701280954,noise,52.15753552771025,False,False,False,False,,Oil,Offshore Support Solution Drilling,90.82007343941248,True,True,2512.69,4.89,77883.0,0.1947,10,68.6,27.1,48.8,61.6,0.0,32.608695652173914,extended,correction,0.585,23.5,D
195,RACLGEAR.NS,2026-10-01,1538.199951171875,1692.2999979654949,1587.347215440538,1522.2139965820313,1377.412001139323,1316.3896435546876,1636.301783408835,920.8888972758508,1927.699951171875,True,True,True,True,True,True,True,False,False,43.87906194151088,noise,43.81626486673349,False,False,False,False,,Auto Components,Auto Components & Equipments,86.49530803753571,True,True,1816.45,10.11,65758.0,0.5569,20,38.5,41.7,50.0,54.0,0.0,56.52173913043478,extended,correction,0.585,23.4,D
196,ACMESOLAR.NS,2026-10-01,432.54998779296875,439.2124964396159,410.91666497124567,399.05199951171875,338.55586608886716,310.50191940307616,436.52206627846317,195.72747422084996,476.8999938964844,True,True,True,True,True,True,True,False,False,50.16694046867076,noise,45.85429131058945,False,False,False,False,,Power,Power Generation,88.78008975928192,True,True,30550.64,96.07,2221048.0,0.3145,20,52.0,38.0,57.5,75.4,0.0,17.391304347826086,extended,correction,0.585,23.4,D
197,INDNIPPON.NS,2026-10-01,1224.4000244140625,1261.433329264323,1185.375,1179.3459985351562,972.1906652832031,923.7269747924805,1257.7557138937696,675.0,1564.0,True,True,True,True,True,True,True,False,False,38.06396598464823,noise,62.584429397769924,False,False,False,False,,Auto Components,Auto Components & Equipments,85.10811913504692,True,True,2769.77,15.55,126980.0,0.5613,20,35.3,40.3,54.4,54.0,0.0,56.52173913043478,extended,correction,0.585,23.3,D
198,DEEPINDS.NS,2026-10-01,749.0,756.3791656494141,727.244128757053,691.3475012207032,532.1453157552083,498.3554800415039,760.5565073515886,328.747065369566,825.0,True,True,True,True,True,True,True,False,False,47.88643937614121,noise,63.27811231196308,False,False,False,False,,Oil,Oil Equipment & Services,87.80089759281925,True,True,4793.6,41.75,557405.0,0.8709,20,60.6,18.8,52.5,75.6,0.0,32.608695652173914,extended,correction,0.585,23.0,D
199,SURAKSHA.NS,2026-10-01,350.1499938964844,346.3041636149089,331.60833231608075,309.53199981689454,285.3702662150065,282.65294914245607,348.1899568034493,224.10000610351562,360.0,True,True,True,True,True,True,True,True,False,17.322827801926664,noise,45.27479007860223,False,False,False,False,,Healthcare Services,Healthcare Service Provider,76.49938800489596,True,True,1823.61,5.74,163800.0,0.3145,20,35.2,50.7,51.2,88.5,0.0,15.217391304347828,extended,correction,0.585,23.0,D
200,VENKEYS.NS,2026-10-01,1613.0,1647.1000061035156,1624.1790466308594,1597.2194873046874,1486.9453108723958,1484.656537475586,1639.5788553640116,1158.1739984615053,1814.9000244140625,True,True,True,True,True,True,True,False,False,8.922305466914349,noise,56.839461523798775,False,False,False,False,,Food Products,Meat Products including Poultry,71.31782945736434,True,True,2272.29,13.85,85856.0,0.6095,20,23.1,47.1,61.5,71.8,1.4,34.78260869565217,actionable,correction,0.585,22.9,D
201,THELEELA.NS,2026-10-01,568.9500122070312,543.1500040690104,542.5263926188151,528.3910034179687,468.3890014648438,458.55325119018556,550.1741698244849,384.5,586.9500122070312,True,True,True,True,True,True,True,True,True,37.129433737466286,noise,40.41797674133102,False,True,False,False,,Leisure Services,Hotels & Resorts,84.61852305181559,True,True,19000.53,28.28,497055.0,0.1488,10,34.1,42.8,71.2,87.9,0.0,2.1739130434782608,extended,correction,0.585,22.9,D
202,UFLEX.NS,2026-10-01,649.8499755859375,654.6416727701823,640.2402759128147,595.8599993896485,478.58171142578124,477.1537419128418,654.1667757367727,327.7149659167901,723.5,True,True,True,True,True,True,True,False,False,20.689992499342267,noise,35.317625642384805,False,False,False,False,,Industrial Products,Packaging,78.29457364341084,True,True,4692.66,35.83,551304.0,0.7635,20,39.4,35.4,50.0,73.6,0.0,41.30434782608695,extended,correction,0.585,22.8,D
203,DHAMPURSUG.NS,2026-10-01,171.05999755859375,165.125,169.8252762688531,163.4053988647461,147.0770125834147,139.6877967453003,168.72853870936157,108.4862046974501,199.9199981689453,True,True,True,True,True,True,True,True,False,29.081594056800974,noise,59.8835311326385,False,False,False,False,,Agricultural Food & other Products,Sugar,81.72174622603019,True,True,1100.03,14.58,852583.0,1.3258,20,47.4,50.4,52.5,65.1,0.0,13.043478260869565,extended,correction,0.585,22.7,D
204,ACE.NS,2026-10-01,1212.300048828125,1220.1083374023438,1161.0181816948784,1139.1841162109374,983.6185477701823,961.0285025024414,1213.1901200272064,743.7339869667156,1268.0,True,True,True,True,True,True,True,False,False,13.549617949671045,red,113.0720294111208,False,False,False,False,,"Agricultural, Commercial & Construction Vehicles",Construction Vehicles,74.54100367197063,True,True,14429.75,57.84,477141.0,0.4009,20,30.6,32.7,70.0,85.2,0.0,21.73913043478261,extended,correction,0.585,22.7,D
205,PGINVIT.NS,2026-09-30,102.41000366210938,101.64916801452637,100.9711119333903,100.3050212097168,92.68348424275716,90.44126621246338,101.84041834345723,78.50849455041794,104.5,True,True,True,True,True,True,True,True,False,21.859095345089763,noise,74.2968794229395,False,False,False,False,,Power,Power - Transmission,78.78416972664219,True,True,8732.35,13.65,1422108.0,0.1563,20,20.5,47.1,55.0,90.0,11.7,17.391304347826086,actionable,correction,0.585,22.6,D
206,HATSUN.NS,2026-10-01,1118.0999755859375,1143.7499898274739,1120.362501356337,1060.2790002441407,968.845351969401,957.1271536254883,1134.2109312656128,846.1695010496207,1349.699951171875,True,True,True,True,True,True,True,False,False,23.812963041063927,noise,26.32042815899931,False,False,False,False,,Food Products,Dairy Products,79.68176254589963,True,True,24905.48,8.37,74901.0,0.0336,20,42.5,40.9,52.5,59.7,0.0,34.78260869565217,extended,correction,0.585,22.5,D
207,ADANIPORTS.NS,2026-10-01,1737.800048828125,1779.2166849772136,1726.8083394368489,1721.3840014648438,1680.8840364583334,1629.048486328125,1774.5783573600893,1286.5777387006826,1891.0999755859375,True,True,True,True,True,True,True,False,False,22.66282009945677,noise,94.51713729987159,False,False,False,False,,Transport Infrastructure,Port & Port services,79.31456548347613,True,True,400382.02,369.87,2128386.0,0.0924,No Band,21.7,47.1,39.5,77.8,50.0,4.3478260869565215,watch — approaching pivot,correction,0.585,22.4,D
208,GRAPHITE.NS,2026-10-01,786.1500244140625,808.2041625976562,761.9208272298177,741.8199975585937,688.7486075846355,673.6398315429688,797.467645540116,510.5948183076055,874.3499755859375,True,True,True,True,True,True,True,False,False,44.86105957921707,noise,64.59763155233482,False,False,False,False,,Industrial Products,Electrodes & Refractories,86.78090575275398,True,True,15359.45,168.86,2147957.0,1.0994,20,39.2,38.8,40.0,73.8,0.0,41.30434782608695,extended,correction,0.585,22.1,D
209,FOSECOIND.NS,2026-10-01,6382.5,6539.375,6148.041666666667,5896.04,5274.959541015625,5136.937751464844,6428.000192852116,4278.613157691368,7389.5,True,True,True,True,True,True,True,False,False,19.7163704124528,noise,64.83468807923545,False,False,False,False,,Chemicals & Petrochemicals,Specialty Chemicals,77.76417788657692,True,True,4834.52,11.09,17369.0,0.2293,20,28.2,43.2,58.2,66.7,0.0,30.434782608695656,extended,correction,0.585,21.8,D
210,MAXESTATES.NS,2026-10-01,566.25,587.1458282470703,540.8666670057509,500.9670013427734,438.41099955240884,433.4899998474121,579.8434297269968,305.45001220703125,652.7999877929688,True,True,True,True,True,True,True,False,False,21.984055387627798,noise,42.27921995663634,False,False,False,False,,Realty,"Residential, Commercial Projects",78.94736842105263,True,True,9262.71,12.97,229002.0,0.14,20,40.9,44.1,57.5,67.5,0.0,10.869565217391305,extended,correction,0.585,21.7,D
211,SHREEPUSHK.NS,2026-10-01,491.5,500.4727249145508,465.22565290662976,447.5173699951172,389.80372701009117,379.19922073364256,494.75050031763516,271.33362959787917,542.9660166810689,True,True,True,True,True,True,True,False,False,10.829160874771194,noise,45.81434678973733,False,False,False,False,,Chemicals & Petrochemicals,Dyes And Pigments,72.54181966544267,True,True,1589.4,4.06,82638.0,0.2555,20,5.9,33.0,86.5,75.0,0.0,30.434782608695656,extended,correction,0.585,21.6,D
212,PAYTM.NS,2026-10-01,1656.0,1738.7166748046875,1691.2694464789497,1613.6419995117187,1288.2213338216145,1275.3095013427735,1703.8182140120275,930.5999755859375,1855.5,True,True,True,True,True,True,True,False,False,44.17552108646194,noise,44.075801967421555,False,False,False,False,,Financial Technology (Fintech),Financial Technology (Fintech),86.61770705834353,True,True,105885.9,705.57,4260699.0,0.6664,No Band,42.4,35.4,45.2,72.5,0.0,28.26086956521739,extended,correction,0.585,21.4,D
213,TNPETRO.NS,2026-10-01,123.18000030517578,127.12083307902019,123.04051950242784,115.74189086914062,97.53007420857747,97.3444002532959,126.33508847296618,77.74606367099086,145.26368311165538,True,True,True,True,True,True,True,False,False,16.131433966460417,noise,49.48332241470452,False,False,False,False,,Chemicals & Petrochemicals,Petrochemicals,76.09139126886984,True,True,1108.27,17.69,1436515.0,1.5966,20,19.0,37.4,71.0,63.6,0.0,30.434782608695656,extended,correction,0.585,21.2,D
214,SOLARA.NS,2026-10-01,714.8499755859375,734.0708312988281,666.9791641235352,622.7259997558593,554.2429992675782,547.5270002746582,728.6021613252053,422.0,774.0,True,True,True,True,True,True,True,False,False,18.08870974084231,noise,46.19485321935408,False,False,False,False,,Pharmaceuticals & Biotechnology,Pharmaceuticals,77.0297837617299,True,True,3449.19,34.2,478484.0,0.9917,20,22.8,32.1,47.5,78.7,0.0,45.65217391304348,extended,correction,0.585,21.0,D
215,OMAXE.NS,2026-10-01,108.77999877929688,115.10499954223633,115.50972281561957,107.24660034179688,88.50846694946289,85.59875019073486,113.78920528800711,62.5,138.88999938964844,True,True,True,True,True,True,True,False,False,37.43524533443014,dry,8.574355786556264,False,False,False,False,,Realty,"Residential, Commercial Projects",84.74092207262342,True,True,1997.79,41.84,3846052.0,2.0942,10,54.4,35.4,52.3,54.0,0.0,10.869565217391305,extended,correction,0.585,20.8,D
216,PVRINOX.NS,2026-10-01,1215.300048828125,1269.8333231608074,1232.911109076606,1207.6729956054687,1062.3360026041667,1050.817752380371,1244.8145088822062,907.4000244140625,1357.800048828125,True,True,True,True,True,True,True,False,False,10.582352031676523,noise,52.79884231991237,False,True,False,False,,Entertainment,"Film Production, Distribution & Exhibition",72.41942064463484,True,True,11431.36,64.67,532142.0,0.5657,20,23.8,43.4,67.4,73.0,0.0,8.695652173913043,extended,correction,0.585,20.8,D
217,YATHARTH.NS,2026-10-01,1033.699951171875,1096.9833323160808,988.4513854980469,949.686103515625,836.0741573079428,790.8126751708984,1076.6483305072863,537.9315639475303,1184.0,True,True,True,True,True,True,True,False,False,37.91744907597456,noise,85.957215676867,False,False,False,False,,Healthcare Services,Hospital,84.94492044063648,True,True,9960.15,52.33,506270.0,0.5254,20,34.9,39.3,55.0,68.6,0.0,15.217391304347828,extended,correction,0.585,20.6,D
218,MANALIPETC.NS,2026-10-01,78.1500015258789,82.88558896382649,79.93068440755208,75.85544342041015,62.921560490926105,61.78762115478516,81.96027831032964,38.89405126649905,92.43921791593199,True,True,True,True,True,True,True,False,False,21.071897600269306,noise,26.593168610533642,False,False,False,False,,Chemicals & Petrochemicals,Petrochemicals,78.4985720114239,True,True,1344.17,31.01,3968119.0,2.3071,20,31.9,30.0,50.0,63.1,0.0,30.434782608695656,extended,correction,0.585,19.6,D
219,TI.NS,2026-10-01,542.5499877929688,563.3125,556.245849609375,534.6832592773437,472.5048201497396,464.42972213745117,556.7556321538983,380.8184953584051,607.7999877929688,True,True,True,True,True,True,True,False,False,20.117591513066113,noise,53.440840740057396,False,False,False,False,,Beverages,Breweries & Distilleries,78.00897592819257,True,True,13449.7,47.42,873986.0,0.3526,20,18.7,55.4,50.0,72.5,0.0,6.521739130434782,extended,correction,0.585,19.6,D
220,UTTAMSUGAR.NS,2026-10-01,276.1000061035156,270.59999720255536,284.94561216566296,271.9158001708984,246.0387983194987,240.9949574279785,278.60252359368155,179.49677310650335,356.11921220364263,True,True,True,True,True,True,True,False,False,10.061665466365621,noise,46.24259921952392,False,False,False,False,,Agricultural Food & other Products,Sugar,72.09302325581395,True,True,1052.99,9.09,329220.0,0.8632,20,24.9,45.0,47.5,54.0,0.0,13.043478260869565,extended,correction,0.585,18.1,D
