symbol,date,close,MA12,MA36,MA50,MA150,MA200,EMA10,52w_low,52w_high,cond1_price_above_150_200,cond2_ma150_above_ma200,cond3_ma200_trending_up_1m,cond4_ma50_above_150_200,cond5_price_above_ma50,cond6_30pct_above_52w_low,cond7_within_25pct_52w_high,cond9_price_above_ema10,fresh_ma12_cross_today,12m_return_pct,volume_signal,relative_volume,bull_snort,inside_bar,is_52w_high,is_52w_low,data_source,industry_group,industry,rs_percentile,cond8_rs_at_least_70,all_conditions_met,total_market_cap_cr,traded_value_cr,traded_volume,traded_val_pct_mc,price_band
ABB.NS,2026-08-07,7600.0,7394.36474609375,7149.526529947917,7088.985029296875,6407.839599609375,6073.565222167968,7465.587228668876,4564.870705303207,7832.294844565128,True,True,True,True,True,True,True,True,False,52.157462170568515,noise,48.54166567411636,False,False,False,False,,Electrical Equipment,Heavy Electrical Equipment,89.96778647031753,True,True,161050.36,317.72,418050.0,0.1973,No Band
AARTIIND.NS,2026-08-07,502.1000061035156,485.9541702270508,482.48194630940753,476.5500012207031,447.38800150553385,430.0320008850098,490.52679564598736,338.04998779296875,523.0999755859375,True,True,True,True,True,True,True,True,False,31.240499652850453,ppv,102.46231167580578,False,False,False,False,,Chemicals & Petrochemicals,Specialty Chemicals,83.34100322135298,True,True,18212.51,61.6,1226823.0,0.3382,20
AARVI.NS,2026-08-07,153.7100067138672,153.0052350362142,148.07334306504993,144.281983795166,132.1922201538086,130.09368339538574,153.24110784632438,95.74549973358182,166.2392228417855,True,True,True,True,True,True,True,True,False,50.70453931056625,noise,38.0211751257292,False,False,False,False,,Commercial Services & Supplies,Diversified Commercial Services,89.78370915784629,True,True,227.66,0.72,47063.0,0.3178,20
ACMESOLAR.NS,2026-08-07,368.6000061035156,368.5666681925456,370.5736100938585,361.01999938964843,289.9551374308268,278.8973555755615,372.13995130206706,195.72747422084996,398.6499938964844,True,True,True,True,True,True,True,False,False,33.40261755869693,noise,50.601103531210434,False,False,False,False,,Power,Power Generation,83.9852738150023,True,True,26033.9,87.26,2367320.0,0.3352,20
ADANIENSOL.NS,2026-08-07,1630.0999755859375,1658.0083414713542,1622.0916781955295,1593.066005859375,1270.8226692708333,1199.8597515869142,1648.4739454285882,744.9000244140625,1789.0,True,True,True,True,True,True,True,False,False,103.24169321061211,noise,56.504906447901874,False,False,False,False,,Power,Power Distribution,96.50253106304648,True,True,199353.8,457.97,2809451.0,0.2297,No Band
ABCAPITAL.NS,2026-08-07,408.04998779296875,406.0375010172526,399.8513878716363,387.48399963378904,357.2846661376953,352.91799942016604,411.04110639937414,267.0,430.70001220703125,True,True,True,True,True,True,True,False,False,44.698577231549194,red,121.37302474084501,False,False,False,False,,Finance,Investment Company,87.94293603313392,True,True,111649.04,162.13,3973240.0,0.1452,No Band
AVL.NS,2026-08-07,618.4500122070312,624.9083353678385,636.2222256130642,612.0090026855469,536.5346661376954,534.5859999084473,626.9261033112471,379.0,705.0,True,True,True,True,True,True,True,False,False,46.725981543779646,noise,30.952026316180486,False,False,False,False,,Retailing,Speciality Retail,88.63322595490106,True,True,7986.54,16.93,273816.0,0.212,20
ADOR.NS,2026-08-07,1483.4000244140625,1481.191670735677,1357.5422227647568,1291.1567407226562,1100.1938708496093,1088.6167724609375,1477.2819014877477,833.6830524113437,1597.0,True,True,True,True,True,True,True,True,False,53.85690500175577,noise,49.30665540940096,False,False,False,False,,Industrial Products,Other Industrial Products,90.42797975149563,True,True,2581.53,6.43,43373.0,0.2492,20
AEGISLOG.NS,2026-08-07,1371.0,1333.8250223795574,1269.966327243381,1153.5304321289063,836.9443644205729,817.1791836547851,1349.970401471547,573.0465115667306,1497.800048828125,True,True,True,True,True,True,True,True,False,88.30594128936187,noise,47.33874782075597,False,True,False,False,,Gas,Trading - Gas,95.44408651633685,True,True,48122.1,394.42,2876857.0,0.8196,10
AEROENTER.NS,2026-08-07,126.38999938964844,124.94583384195964,127.59694502088759,121.31920043945313,96.32453333536783,93.50139987945556,126.1057334652776,62.20000076293945,149.5500030517578,True,True,True,True,True,True,True,True,False,25.028641691011465,noise,21.690016644972495,False,False,False,False,,Industrial Products,Iron & Steel Products,80.16566958122412,True,True,1430.28,13.07,1034043.0,0.9138,20
AETHER.NS,2026-08-07,1591.5999755859375,1515.1749979654949,1427.2666659884983,1346.9139965820314,1157.4500044759116,1075.5315042114257,1540.8102388209657,726.4500122070312,1619.9000244140625,True,True,True,True,True,True,True,True,False,107.3340617426262,noise,36.19852315669697,False,True,True,False,,Chemicals & Petrochemicals,Specialty Chemicals,96.73262770363553,True,True,21122.53,68.01,427287.0,0.322,20
AIAENG.NS,2026-08-07,4776.0,4644.1750081380205,4738.119439019098,4670.33400390625,4143.491342773437,4020.1175085449217,4685.375125856317,2985.486170743132,5180.0,True,True,True,True,True,True,True,True,False,55.130488458328955,noise,51.66763798472851,False,True,False,False,,Industrial Products,Castings & Forgings,90.70409572020249,True,True,44569.81,46.1,96519.0,0.1034,20
AJANTPHARM.NS,2026-08-07,3489.199951171875,3415.985392252604,3345.3245713975693,3247.33046875,2998.800623372396,2883.117108154297,3442.9498821626357,2283.1397649802702,3566.1311560436325,True,True,True,True,True,True,True,True,False,35.0628219809032,noise,27.05996423475862,False,False,False,False,,Pharmaceuticals & Biotechnology,Pharmaceuticals,84.81362172112287,True,True,43592.54,44.77,128297.0,0.1027,20
AKUMS.NS,2026-08-07,697.4500122070312,673.2624969482422,656.3047366672092,632.4512634277344,534.8216931152343,510.42067123413085,674.0849354363825,407.37371334346585,714.7000122070312,True,True,True,True,True,True,True,True,False,36.358801865726754,ppv,191.49905608392118,False,False,False,False,,Pharmaceuticals & Biotechnology,Pharmaceuticals,85.08973768982972,True,True,10678.1,22.63,324454.0,0.2119,10
ALIVUS.NS,2026-08-07,1329.800048828125,1196.058329264323,1156.0083346896702,1123.1320007324218,1024.654668782552,994.3935015869141,1246.085139268769,819.0,1377.9000244140625,True,True,True,True,True,True,True,True,False,38.435842200715875,noise,66.81652349399923,False,True,False,False,,Pharmaceuticals & Biotechnology,Pharmaceuticals,85.96410492406811,True,True,16326.15,15.47,116331.0,0.0948,20
AMBIKCO.NS,2026-08-07,1904.300048828125,1750.1083475748699,1733.7666659884983,1707.0019970703124,1484.322001139323,1436.9909997558593,1785.5054639956934,1101.0,1931.0,True,True,True,True,True,True,True,True,False,30.859845899366768,ppv,498.3914784100659,True,False,True,False,,Textiles & Apparels,Other Textile Products,83.11090658076392,True,True,1090.21,3.32,17415.0,0.3042,20
ANANDRATHI.NS,2026-08-07,2101.5,2052.7083435058594,2033.888892279731,1958.1650024414062,1734.4183935546876,1676.358052368164,2062.2452288824848,1265.0626422868197,2176.199951171875,True,True,True,True,True,True,True,True,False,59.96527044747006,noise,40.36509309327976,False,False,False,False,,Capital Markets,Financial Products Distributor,91.67050161067648,True,True,34893.57,121.32,577321.0,0.3477,20
ANDHRSUGAR.NS,2026-08-07,87.9800033569336,85.47416750590007,84.09333313835992,83.40799987792968,80.66306660970052,80.0083500289917,85.91246362229563,66.5,107.2300033569336,True,True,True,True,True,True,True,True,False,16.543643651423224,ppv,116.7194851973434,False,False,False,False,,Chemicals & Petrochemicals,Commodity Chemicals,74.41325356649793,True,True,1192.44,4.41,500710.0,0.3694,20
APARINDS.NS,2026-08-07,16631.0,14614.416666666666,14715.638888888889,14635.4,11740.136666666667,11014.13,15168.401633868049,6801.0,17157.0,True,True,True,True,True,True,True,True,False,85.83161070450862,ppv,106.89663855148652,False,False,False,False,,Electrical Equipment,Other Electrical Equipment,95.21398987574781,True,True,66829.54,248.46,149393.0,0.3718,20
APCOTEXIND.NS,2026-08-07,614.7999877929688,611.6958211263021,553.1972173055013,543.1901300048828,437.52308471679686,421.86865921020507,611.7696779720371,307.1774227167927,712.0,True,True,True,True,True,True,True,True,False,46.80576430281573,noise,39.55662010266488,False,False,False,False,,Industrial Products,Rubber,88.67924528301887,True,True,3187.43,17.96,292166.0,0.5635,20
APOLLOHOSP.NS,2026-08-07,8945.0,8916.125,8805.777777777777,8682.2,7930.05892578125,7786.595166015625,8931.968246787472,6687.621668232306,9050.0,True,True,True,True,True,True,True,True,False,23.29309319863406,noise,88.77010456610316,False,True,False,False,,Healthcare Services,Hospital,79.06120570639669,True,True,128615.38,317.96,355458.0,0.2472,No Band
APOLLOPIPE.NS,2026-08-07,517.3499755859375,509.03332773844403,495.89366828070746,493.9760711669922,422.7741815185547,392.25187973022463,515.1667450705999,251.75001240064898,553.2308861624971,True,True,True,True,True,True,True,True,False,28.711660550040087,noise,90.69768975184964,False,False,False,False,,Industrial Products,Plastic Products - Industrial,81.77634606534745,True,True,2272.17,13.64,263590.0,0.6002,20
ARMANFIN.NS,2026-08-07,2032.0,1968.3750101725261,1847.6972249348958,1782.9960009765625,1645.4280021158854,1632.3865014648438,1988.3464350729807,1270.0,2090.0,True,True,True,True,True,True,True,True,False,24.930833077159555,green,145.83594936574062,False,False,False,False,,Finance,Non Banking Financial Company (NBFC),79.98159226875288,True,True,2136.6,9.68,47649.0,0.4532,20
ARVIND.NS,2026-08-07,560.5499877929688,528.3916625976562,536.7749922010634,525.2259936523437,422.9483312988281,399.5272485351563,537.5300903078345,274.79998779296875,600.0,True,True,True,True,True,True,True,True,False,78.68982020409516,noise,75.6638496861629,False,False,False,False,,Textiles & Apparels,Garments & Apparels,94.52369995398067,True,True,15249.24,50.26,896673.0,0.3296,20
ASTERDM.NS,2026-08-07,869.7000122070312,820.4625040690104,803.2750040690104,794.1530041503906,700.7165246582031,688.2700933837891,832.757832727643,516.8361420654307,875.3499755859375,True,True,True,True,True,True,True,True,False,45.74255426696814,ppv,150.38687200346646,False,False,True,False,,Healthcare Services,Hospital,88.21905200184077,True,True,75809.35,59.17,680359.0,0.0781,20
ASTRAMICRO.NS,2026-08-07,1840.0,1799.9666748046875,1766.8333265516494,1673.6759936523438,1236.2319962565105,1171.169246520996,1807.1608558192165,851.0,1960.0,True,True,True,True,True,True,True,True,False,94.33375431966529,noise,26.18238104507134,False,False,False,False,,Aerospace & Defense,Aerospace & Defense,95.85826046939715,True,True,17469.88,185.17,1006369.0,1.0599,20
ATALREAL.NS,2026-08-07,35.29999923706055,32.99583339691162,30.659444438086616,30.323799934387207,27.349733212788898,26.604899950027466,33.519887904393755,17.75,35.5,True,True,True,True,True,True,True,True,False,84.33420334328841,ppv,116.14441158139806,False,False,True,False,,Realty,"Residential, Commercial Projects",95.16797054763,True,True,437.35,26.1,7394991.0,5.9687,20
ATHERENERG.NS,2026-08-07,1481.5,1311.2249959309895,1202.3513878716362,1146.8859997558593,899.4723315429687,846.3852490234375,1366.5996347720425,380.0,1508.0,True,True,True,True,True,True,True,True,False,278.174856413529,noise,96.52214492183734,False,False,True,False,,Automobiles,2/3 Wheelers,99.63184537505752,True,True,58389.66,698.93,4717709.0,1.197,20
AUBANK.NS,2026-08-07,1067.0,1043.4856516520183,1039.9827711317275,1025.0383203125,992.3915169270833,977.7094619750976,1053.399789931203,681.4882278715522,1105.9000244140625,True,True,True,True,True,True,True,True,True,43.81420251924744,noise,39.80827246102105,False,True,False,False,,Banks,Other Bank,87.66682006442707,True,True,79882.28,194.5,1822831.0,0.2435,No Band
AUROPHARMA.NS,2026-08-07,1658.0,1575.1749979654949,1561.7083265516494,1528.2619946289062,1373.9753295898438,1325.6979962158202,1591.7273451003784,1016.0999755859375,1662.4000244140625,True,True,True,True,True,True,True,True,False,52.625059106755344,green,162.75789645688297,False,False,True,False,,Pharmaceuticals & Biotechnology,Pharmaceuticals,90.10584445467096,True,True,95397.65,208.41,1257026.0,0.2185,No Band
AURUM.NS,2026-08-07,226.00999450683594,221.67333348592123,224.1602783203125,213.96600006103515,189.55540018717448,185.3656499481201,222.66152855823333,151.89999389648438,264.6400146484375,True,True,True,True,True,True,True,True,False,21.029232011621325,noise,66.5903289533864,False,True,False,False,,IT - Services,IT Enabled Services,77.68062586286241,True,True,1734.31,6.46,285896.0,0.3726,20
AUSOMENT.NS,2026-08-07,140.8800048828125,137.6791674296061,125.82305590311687,123.99660003662109,120.45879979451497,117.10354991912841,138.313269789252,93.0,178.0,True,True,True,True,True,True,True,True,False,36.26203269800452,noise,78.78728354214368,False,False,False,False,,Consumer Durables,"Gems, Jewellery And Watches",85.04371836171191,True,True,191.93,0.07,4739.0,0.0348,5
AUTOIND.NS,2026-08-07,93.83000183105469,89.52833429972331,88.54388893975153,85.36540008544922,76.33993324279785,75.19254987716675,91.3184569881368,48.349998474121094,103.5,True,True,True,True,True,True,True,True,False,29.742812813880427,noise,69.73102921356929,False,False,False,False,,Auto Components,Auto Components & Equipments,82.42061665899678,True,True,425.76,1.85,197682.0,0.4357,5
AVADHSUGAR.NS,2026-08-07,601.0499877929688,553.5249964396158,513.2570020887587,495.6798999023438,434.7224570719401,421.48291732788084,570.7923156108321,300.3047281830496,645.9000244140625,True,True,True,True,True,True,True,True,False,36.806018873962444,noise,45.29365156830434,False,True,False,False,,Agricultural Food & other Products,Sugar,85.27381500230096,True,True,1203.21,6.59,109692.0,0.548,20
AVALON.NS,2026-08-07,1965.300048828125,1767.9500122070312,1750.1083374023438,1715.126005859375,1270.216669921875,1198.3857525634767,1801.8682921658733,777.2999877929688,1998.0,True,True,True,True,True,True,True,True,False,129.72531254566042,ppv,477.73381518511053,True,False,True,False,,Electrical Equipment,Other Electrical Equipment,97.97514956281638,True,True,13130.51,103.7,527630.0,0.7897,20
AYMSYNTEX.NS,2026-08-07,247.9499969482422,245.54916763305664,237.6591657002767,232.82979949951172,206.14406646728514,196.7007498931885,248.0672040311076,141.52999877929688,281.2200012207031,True,True,True,True,True,True,True,False,False,19.22392436066356,noise,65.77585522281642,False,False,False,False,,Textiles & Apparels,Other Textile Products,76.2080073630925,True,True,1456.31,1.03,41358.0,0.0704,20
AZAD.NS,2026-08-07,2489.0,2390.316691080729,2267.3222384982637,2228.4800146484376,1898.0506746419271,1834.4010070800782,2405.0262135109037,1360.0,2530.0,True,True,True,True,True,True,True,True,False,65.9112172384573,noise,94.86919104973073,False,False,True,False,,Electrical Equipment,Heavy Electrical Equipment,92.7289461573861,True,True,16074.4,131.54,528498.0,0.8183,20
BHEL.NS,2026-08-07,405.20001220703125,409.38333384195965,405.6188261244032,401.14860900878904,333.415944925944,318.44407135009766,408.96980957084287,204.46044916421653,446.5,True,True,True,True,True,True,True,False,False,63.74908822526288,noise,73.26178345698649,False,False,False,False,,Electrical Equipment,Heavy Electrical Equipment,92.49884951679705,True,True,141093.21,539.62,13317390.0,0.3825,No Band
BAJAJ-AUTO.NS,2026-08-07,11662.0,11483.291666666666,10570.5,10457.9,9868.577018229167,9622.223911132813,11489.500160694946,7749.439654454236,11856.0,True,True,True,True,True,True,True,True,False,43.68656350784279,noise,51.03496938727313,False,True,False,False,,Automobiles,2/3 Wheelers,87.57478140819144,True,True,320476.24,459.74,394222.0,0.1435,No Band
BALRAMCHIN.NS,2026-08-07,633.4500122070312,619.3708343505859,584.7263878716362,572.7700012207031,510.90033426920576,495.42501861572265,624.4419941378612,393.54998779296875,665.5,True,True,True,True,True,True,True,True,False,12.160422080325596,noise,56.912580463932414,False,True,False,False,,Agricultural Food & other Products,Sugar,71.42199723884032,True,True,13395.38,44.43,701423.0,0.3317,20
BELRISE.NS,2026-08-07,248.2100067138672,236.31333287556967,235.84555604722766,233.09940002441405,206.45966735839843,195.02605056762695,239.73935460502287,131.99648627773448,252.0,True,True,True,True,True,True,True,True,True,82.7198877981751,ppv,126.54482498801536,False,False,True,False,,Auto Components,Auto Components & Equipments,94.79981592268753,True,True,24005.68,114.09,4596575.0,0.4753,20
BHAGYANGR.NS,2026-08-07,393.20001220703125,392.5125020345052,389.8625013563368,371.43700134277344,255.3358004760742,225.8252503967285,387.38414068913545,85.62000274658203,432.29998779296875,True,True,True,True,True,True,True,True,False,322.8866401495027,noise,82.66144436487392,False,False,False,False,,Non - Ferrous Metals,Copper,99.67786470317533,True,True,1258.04,5.34,135741.0,0.4243,5
BEPL.NS,2026-08-07,123.56999969482422,118.37166659037273,108.71786626180013,105.09602935791015,92.86356755574545,92.15501235961914,119.51377893943318,72.86855369334994,137.34641029083173,True,True,True,True,True,True,True,True,False,14.19339041110861,noise,49.57576479406873,False,False,False,False,,Chemicals & Petrochemicals,Petrochemicals,72.57248044178554,True,True,3075.14,50.07,4052337.0,1.6284,20
BHARATFORG.NS,2026-08-07,2265.199951171875,2190.433349609375,2152.686703152127,2095.724501953125,1850.6056013997395,1733.3028454589844,2202.9741421039625,1095.9181470372112,2270.0,True,True,True,True,True,True,True,True,False,93.19436761896253,ppv,108.3331947894146,False,False,True,False,,Auto Components,Auto Components & Equipments,95.81224114127934,True,True,108296.63,245.14,1082210.0,0.2264,No Band
BIRLACABLE.NS,2026-08-07,254.2100067138672,213.40664545694986,201.18805355495877,203.049775390625,162.21138580322267,158.00615188598633,223.2761462353935,103.34114160024168,258.0,True,True,True,True,True,True,True,True,False,49.91547185798228,ppv,687.4165462381941,True,False,True,False,,Telecom -  Equipment & Accessories,Telecom -  Equipment & Accessories,89.55361251725725,True,True,762.63,2.26,88925.0,0.2964,5
BLISSGVS.NS,2026-08-07,477.54998779296875,468.3000005086263,490.295896742079,474.83355529785155,310.2575178019206,272.22719032287597,478.4168848826726,117.5147500933485,551.9194964802983,True,True,True,True,True,True,True,False,False,166.72708569655885,noise,21.5422756773918,False,False,False,False,,Pharmaceuticals & Biotechnology,Pharmaceuticals,98.71145881270134,True,True,5064.71,80.18,1678987.0,1.5831,5
BLUSPRING.NS,2026-08-07,112.2300033569336,111.96333312988281,111.83250024583604,105.8784001159668,75.80733357747395,74.98280010223388,113.15682407462256,43.97999954223633,131.82000732421875,True,True,True,True,True,True,True,False,True,24.478703192532535,noise,34.85795079485923,False,False,False,False,,Commercial Services & Supplies,Diversified Commercial Services,79.75149562816382,True,True,1677.18,11.19,996847.0,0.6671,10
CHENNPETRO.NS,2026-08-07,1275.4000244140625,1207.6066385904949,1137.9914415147568,1132.8546459960937,985.8156648763021,959.2653665161133,1227.1065799765015,590.2313656612589,1297.4218764888017,True,True,True,True,True,True,True,True,False,109.96357014214637,noise,94.08172260874784,False,False,True,False,,Petroleum Products,Refineries & Marketing,96.87068568798895,True,True,18992.16,172.95,1356068.0,0.9107,20
CAPLIPOINT.NS,2026-08-07,2574.10009765625,2555.7833658854165,2567.4361097547744,2465.8299951171875,1997.840751139323,1983.951702270508,2566.052203293435,1497.3339696999908,2699.0,True,True,True,True,True,True,True,True,False,28.58019952922892,noise,28.150731607305907,False,True,False,False,,Pharmaceuticals & Biotechnology,Pharmaceuticals,81.73032673722965,True,True,19566.17,46.82,181881.0,0.2393,20
CGCL.NS,2026-08-07,230.25,233.32750193277994,235.9333347744412,227.57040069580077,194.39446706136067,193.4514003753662,234.4114163736882,151.10000610351562,264.5299987792969,True,True,True,True,True,True,True,False,False,23.424484903966004,noise,61.1273539393142,False,False,False,False,,Finance,Non Banking Financial Company (NBFC),79.19926369075012,True,True,22153.59,96.72,4200819.0,0.4366,20
CARBORUNIV.NS,2026-08-07,1097.0,1069.3722127278645,1106.0118476019966,1090.618829345703,944.4207141113282,925.8615167236328,1076.9723449998285,733.4511840295453,1303.7913206843634,True,True,True,True,True,True,True,True,False,20.075861938113793,ppv,186.19267038148305,False,False,False,False,,Industrial Products,Abrasives & Bearings,76.94431661297745,True,True,20897.69,32.97,300553.0,0.1578,20
CARYSIL.NS,2026-08-07,1183.9000244140625,1170.5499979654949,1172.963887532552,1164.5239990234375,976.3933329264323,969.6504998779296,1182.690371890596,732.0999755859375,1280.9000244140625,True,True,True,True,True,True,True,True,False,46.1676339327429,noise,39.53325181478963,False,False,False,False,,Consumer Durables,Household Appliances,88.3571099861942,True,True,3367.32,18.53,156486.0,0.5502,20
CENTUM.NS,2026-08-07,3851.800048828125,3622.3268229166665,3636.3887329101562,3595.524130859375,2978.809119466146,2832.0786706542967,3695.6347074403798,2041.2345828168375,3910.319509107013,True,True,True,True,True,True,True,True,False,83.4147426318346,noise,55.75321069073238,False,False,True,False,,Aerospace & Defense,Aerospace & Defense,94.98389323515877,True,True,5677.93,22.73,59007.0,0.4003,20
CENTENKA.NS,2026-08-07,610.25,601.0958353678385,553.959726969401,539.1920050048828,470.33900268554686,465.54000183105467,601.9176939585839,371.20001220703125,671.6500244140625,True,True,True,True,True,True,True,True,False,24.974404107242385,noise,43.58198148930082,False,False,False,False,,Textiles & Apparels,Other Textile Products,80.1196502531063,True,True,1333.43,11.37,186271.0,0.8525,20
CHEMBONDCH.NS,2026-08-07,237.4199981689453,232.62333297729492,234.34769354926215,218.55081329345703,174.4909503173828,169.2141483306885,232.82580357952662,104.32122655798874,278.38890702386794,True,True,True,True,True,True,True,True,False,33.96851082097741,ppv,294.2938869471083,False,False,False,False,,Chemicals & Petrochemicals,Specialty Chemicals,84.35342843994478,True,True,638.58,0.38,15913.0,0.0592,5
CUB.NS,2026-08-07,212.0,214.0557950337728,213.83815807766385,207.42808868408204,201.227802734375,200.3084875488281,211.48379713039367,143.77801388003246,243.10249441139,True,True,True,True,True,True,True,True,False,31.33624604900822,noise,99.83176803535109,False,False,False,False,,Banks,Private Sector Bank,83.38702254947079,True,True,21004.69,67.92,3203904.0,0.3234,20
COMSYN.NS,2026-08-07,224.8300018310547,201.05083465576172,187.9433339436849,180.33440002441407,165.4546664428711,160.31334983825684,207.67263208101008,126.90239250105125,228.0,True,True,True,True,True,True,True,True,False,68.5437536661185,green,151.00873383546218,False,False,True,False,,Industrial Products,Packaging,93.235158766682,True,True,906.95,15.06,670030.0,1.661,20
CONFIPET.NS,2026-08-07,81.27999877929688,79.65083312988281,75.46777809990778,74.52900024414062,53.56113344828288,49.73330011367798,79.98906695233762,28.059999465942383,84.79000091552734,True,True,True,True,True,True,True,True,False,61.87100347261527,noise,40.59111182855503,False,True,False,False,,Gas,LPG/CNG/PNG/LNG Supplier,92.08467556373677,True,True,2700.46,26.74,3290379.0,0.9904,20
CONSOFINVT.NS,2026-08-07,296.25,295.12916564941406,262.9333326551649,253.91920013427733,225.51726725260417,212.27615020751952,296.2240033016296,152.0,320.0,True,True,True,True,True,True,True,True,False,51.10940851237278,dry,13.284916757952628,False,False,False,False,,Finance,Non Banking Financial Company (NBFC),89.8297284859641,True,True,957.67,0.5,16992.0,0.0526,5
CORDSCABLE.NS,2026-08-07,218.6300048828125,210.1591682434082,208.90305667453342,211.01240020751953,186.81340006510416,186.6058501434326,214.11391615874808,127.01000213623047,259.3999938964844,True,True,True,True,True,True,True,True,False,19.796752124160697,noise,55.12771465306325,False,False,False,False,,Industrial Products,Cables - Electricals,76.85227795674183,True,True,282.64,1.43,65428.0,0.5061,5
CRAFTSMAN.NS,2026-08-07,10483.0,9917.166666666666,9502.38623046875,9385.5838671875,8263.178889973959,7918.850986328125,10113.578059110614,6247.376410803959,10762.0,True,True,True,True,True,True,True,True,False,62.347904592669344,noise,48.494343230549184,False,False,False,False,,Auto Components,Auto Components & Equipments,92.22273354809019,True,True,27417.69,120.65,115087.0,0.44,20
CNL.NS,2026-08-07,1116.8499755859375,1025.8500061035156,885.2138892279731,827.9530017089844,706.8753332519532,705.4659991455078,1046.0332586421034,525.0,1145.0,True,True,True,True,True,True,True,True,False,77.12983279384883,noise,24.526070424627665,False,True,False,False,,Commercial Services & Supplies,Trading & Distributors,94.24758398527382,True,True,1677.14,29.01,259714.0,1.7295,20
CREDITACC.NS,2026-08-07,1523.5999755859375,1558.3333231608074,1515.5777791341145,1459.8460034179689,1337.0173364257812,1336.589501953125,1547.919848363867,1113.0,1634.0,True,True,True,True,True,True,True,False,False,22.61387457918602,noise,59.76896478018187,False,False,False,False,,Finance,Microfinance Institutions,78.6470317533364,True,True,24417.14,54.83,359885.0,0.2246,20
CUPID.NS,2026-08-07,262.1300048828125,234.53000005086264,211.39555486043295,193.69459930419922,128.19066645304363,113.54507982254029,241.5111161239445,30.211999893188477,267.0,True,True,True,True,True,True,True,True,False,708.0954655105523,red,135.23638739612264,False,False,False,False,,Personal Products,Personal Care,99.90796134376438,True,True,35247.59,765.42,29199998.0,2.1716,20
DCBBANK.NS,2026-08-07,192.6199951171875,190.58999888102213,188.45361031426324,185.3011315917969,182.96666798909504,179.8133038330078,191.06716839350554,118.51625759687853,204.74000549316406,True,True,True,True,True,True,True,True,False,47.57262667371045,red,110.9600599667974,False,False,False,False,,Banks,Private Sector Bank,88.95536125172573,True,True,6203.86,22.86,1186753.0,0.3685,20
DBOL.NS,2026-08-07,113.69999694824219,104.09833272298177,108.38987668355306,108.87062896728516,103.66986521402995,96.62998882293701,107.32125266624014,68.04458797402032,128.91983548065969,True,True,True,True,True,True,True,True,False,45.282829413276325,ppv,205.5452342842504,False,False,False,False,,Agricultural Food & other Products,Sugar,88.12701334560515,True,True,748.02,0.78,68792.0,0.1046,20
DIACABS.NS,2026-08-07,364.04998779296875,322.6550013224284,255.4455557929145,239.6140002441406,176.98433329264324,169.04385002136232,326.1986873110374,115.56999969482422,366.20001220703125,True,True,True,True,True,True,True,True,False,118.25538437190826,noise,32.51648662907949,False,False,True,False,,Electrical Equipment,Other Electrical Equipment,97.33087896916705,True,True,19184.38,262.99,7223999.0,1.3709,5
DIVGIITTS.NS,2026-08-07,1047.25,970.9083201090494,944.4055497911241,907.0379956054687,757.5663309733073,721.0127478027343,983.8902451192625,573.7000122070312,1065.0,True,True,True,True,True,True,True,True,False,68.95416888303502,ppv,78.93400695338421,False,False,True,False,,Auto Components,Auto Components & Equipments,93.37321675103544,True,True,3202.8,20.77,198370.0,0.6486,20
DIVISLAB.NS,2026-08-07,8275.0,7917.75,7220.649359809027,7048.042099609375,6550.41677734375,6529.239436035156,8072.253480781315,5613.352076705792,8585.0,True,True,True,True,True,True,True,True,False,28.039504635682544,noise,57.718190172437865,False,False,False,False,,Pharmaceuticals & Biotechnology,Pharmaceuticals,81.45421076852278,True,True,219675.25,352.03,425417.0,0.1603,No Band
LALPATHLAB.NS,2026-08-07,1931.5999755859375,1854.8248799641926,1735.1646287706162,1692.3477294921875,1518.4993025716146,1513.6048388671875,1873.1651522533598,1266.16157090969,1955.0999755859375,True,True,True,True,True,True,True,True,False,22.359665805089257,noise,29.072103439887016,False,True,True,False,,Healthcare Services,Healthcare Service Provider,78.50897376898297,True,True,32253.43,97.75,506045.0,0.3031,20
DYNAMATECH.NS,2026-08-07,11401.0,10648.5,10530.5,10485.94,10145.250384114583,9846.626667480468,10850.063292078707,6316.743428028843,12875.0,True,True,True,True,True,True,True,True,False,73.0543543063684,red,200.49968196496724,False,False,False,False,,Industrial Manufacturing,Industrial Products,93.83341003221352,True,True,7742.92,19.29,16921.0,0.2492,20
E2E.NS,2026-08-07,575.4500122070312,538.4000116984049,451.7430597941081,438.6704022216797,319.95173421223956,301.97570037841797,547.4582059595325,183.36000061035156,627.7000122070312,True,True,True,True,True,True,True,True,False,169.26676062365758,red,101.42414069465472,False,False,False,False,,IT - Services,IT Enabled Services,98.75747814081915,True,True,11823.07,112.36,1952531.0,0.9503,5
EICHERMOT.NS,2026-08-07,8020.0,7829.6322021484375,7525.746310763889,7433.655283203125,7273.172828776042,7203.644311523438,7873.474978068832,5526.626036985263,8144.709619405779,True,True,True,True,True,True,True,True,False,42.650663351083715,noise,56.809358554160525,False,False,False,False,,Automobiles,2/3 Wheelers,87.11458812701335,True,True,220166.41,460.79,574552.0,0.2093,No Band
EMCURE.NS,2026-08-07,1978.4000244140625,1930.3416544596355,1864.6222127278645,1825.4619873046875,1651.9599959309896,1584.6399969482422,1939.5540842089358,1260.0,2009.199951171875,True,True,True,True,True,True,True,True,False,38.25866818104926,noise,77.18100309873188,False,False,True,False,,Pharmaceuticals & Biotechnology,Pharmaceuticals,85.78002761159686,True,True,37526.32,35.06,177206.0,0.0934,10
ENGINERSIN.NS,2026-08-07,240.60000610351562,228.61166763305664,236.1355561150445,235.8079998779297,219.02768697102866,213.3045475769043,232.59384146753916,162.352472800208,267.0,True,True,True,True,True,True,True,True,False,17.08771092156671,noise,45.460695023257166,False,True,False,False,,Construction,Civil Construction,75.01150483202946,True,True,13522.74,79.05,3285508.0,0.5846,20
ESAFSFB.NS,2026-08-07,40.27000045776367,39.430833180745445,36.141388999091255,34.00480010986328,28.915533332824708,28.42574996948242,40.045311801738386,19.780000686645508,44.25,True,True,True,True,True,True,True,True,False,30.155138211571565,red,134.802417986731,False,False,False,False,,Banks,Other Bank,82.74275195582145,True,True,2078.01,12.12,3010345.0,0.5834,20
FEDERALBNK.NS,2026-08-07,356.25,357.9166666666667,340.2402750651042,331.4459991455078,297.7703338623047,285.9463507080078,356.5812345932377,188.39999389648438,371.70001220703125,True,True,True,True,True,True,True,False,False,82.82319284224397,noise,64.43465392684384,False,False,False,False,,Banks,Private Sector Bank,94.84583525080535,True,True,87916.9,397.07,11145788.0,0.4516,No Band
FIEMIND.NS,2026-08-07,2580.300048828125,2381.2500203450522,2274.794141981337,2271.06841796875,2194.6889485677084,2192.9851806640627,2413.317821145235,1763.517098255898,2604.89990234375,True,True,True,True,True,True,True,True,False,39.89028531100311,ppv,329.44504262287796,True,False,True,False,,Auto Components,Auto Components & Equipments,86.51633686148182,True,True,6791.26,14.7,56980.0,0.2165,20
FCL.NS,2026-08-07,41.63999938964844,39.8841667175293,39.51361105177138,39.928399887084964,29.627733294169108,28.498129978179932,39.93595712391668,19.100000381469727,47.18000030517578,True,True,True,True,True,True,True,True,False,68.21440792387965,noise,86.89412681038786,False,False,False,False,,Chemicals & Petrochemicals,Specialty Chemicals,93.1891394385642,True,True,4848.98,98.02,23539371.0,2.0214,10
NYKAA.NS,2026-08-07,332.0,332.10833231608075,321.0763888888889,306.8349987792969,274.6354659016927,270.3498994445801,333.13496029617266,200.13999938964844,348.0,True,True,True,True,True,True,True,False,False,57.05567953005903,noise,58.46553033552926,False,False,False,False,,Retailing,E-Retail/ E-Commerce,91.02623101702714,True,True,95113.47,250.37,7541259.0,0.2632,No Band
FUSION.NS,2026-08-07,204.99000549316406,210.84000142415366,211.44972271389432,200.50600067138672,184.76446695963543,180.7377502441406,210.78460352671198,136.5,243.0,True,True,True,True,True,True,True,False,False,27.83910052415628,noise,91.22721952064116,False,False,False,False,,Finance,Microfinance Institutions,81.36217211228715,True,True,3315.02,16.47,803348.0,0.4968,20
GANDHAR.NS,2026-08-07,242.7100067138672,240.93158467610678,209.14610883924695,194.72585235595704,160.50445266723634,154.05772853851317,235.11916545485144,113.93974378848462,300.3749196686875,True,True,True,True,True,True,True,True,False,53.96284195615968,noise,43.468606545755556,False,True,False,False,,Petroleum Products,Lubricants,90.52001840773126,True,True,2375.63,69.58,2866967.0,2.9291,20
GANESHBE.NS,2026-08-07,120.41000366210938,117.26416778564453,107.8172230190701,106.70140060424805,92.20533335367838,89.94650009155274,117.18403485403385,68.4000015258789,129.99000549316406,True,True,True,True,True,True,True,True,False,30.257464822582737,dry,18.02004550675082,False,False,False,False,,Oil,Oil Storage & Transportation,82.83479061205706,True,True,866.82,9.91,823165.0,1.1435,5
GRWRHITECH.NS,2026-08-07,6973.0,7106.208333333333,6947.347222222223,6713.81,4928.020670572917,4590.1325012207035,7139.849213379439,2671.6173087131406,7990.0,True,True,True,True,True,True,True,False,False,109.61862812985879,red,230.31210094879788,False,False,False,False,,Industrial Products,Plastic Products - Industrial,96.82466635987115,True,True,16199.95,55.94,80230.0,0.3453,20
GHCLTEXTIL.NS,2026-08-07,121.58999633789062,116.13333384195964,108.57749960157606,104.66487228393555,88.10452377319336,84.86958240509033,116.63921806278627,64.84792129679248,124.9000015258789,True,True,True,True,True,True,True,True,False,41.377984890685404,green,119.02210494465702,False,False,True,False,,Textiles & Apparels,Other Textile Products,86.9305108145421,True,True,1162.23,10.44,858362.0,0.898,20
GLAND.NS,2026-08-07,2601.0,2507.7666829427085,2450.169447157118,2393.29400390625,2004.3580021158855,1950.0155029296875,2544.3598764836233,1573.5999755859375,2634.300048828125,True,True,True,True,True,True,True,True,False,32.4001593967431,noise,52.004775919748205,False,True,False,False,,Pharmaceuticals & Biotechnology,Pharmaceuticals,83.84721583064886,True,True,42907.83,180.77,695010.0,0.4213,20
GNA.NS,2026-08-07,527.2000122070312,522.4500045776367,492.68221791585285,458.58878540039063,416.05678670247397,389.36412796020505,525.8183812703816,289.7233688082436,601.6500244140625,True,True,True,True,True,True,True,True,False,75.41419648192553,noise,72.71132277406981,False,False,False,False,,Auto Components,Auto Components & Equipments,94.15554532903819,True,True,2263.31,27.87,528704.0,1.2315,20
GOCLCORP.NS,2026-08-07,438.25,402.7999979654948,406.42361026340063,405.4570007324219,324.1270007324219,322.5825006103516,410.51337559456687,223.35000610351562,459.8999938964844,True,True,True,True,True,True,True,True,False,24.502840909090917,ppv,1184.956750822631,True,False,False,False,,Chemicals & Petrochemicals,Explosives,79.84353428439944,True,True,2172.51,6.98,159166.0,0.3211,20
GODREJIND.NS,2026-08-07,1311.5,1318.566670735677,1270.8583340115017,1210.0679992675782,1058.535664876302,1055.2847482299806,1316.6839816320787,744.2000122070312,1443.0,True,True,True,True,True,True,True,False,False,15.25617118035736,noise,23.685727243937553,False,False,False,False,,Diversified,Diversified,73.44684767602394,True,True,44178.02,42.73,325835.0,0.0967,20
GOKULAGRO.NS,2026-08-07,228.8000030517578,221.53333155314127,216.02277755737305,219.99179962158203,200.11706634521485,197.2327995300293,224.30950029732904,142.5,249.9199981689453,True,True,True,True,True,True,True,True,False,52.35558408672174,noise,80.22530120239809,False,False,False,False,,Agricultural Food & other Products,Edible Oil,90.05982512655315,True,True,6751.58,11.03,482179.0,0.1634,20
GOLDIAM.NS,2026-08-07,372.8999938964844,361.3541666666667,351.7951388888889,346.83550048828124,292.4373372395833,288.33777099609375,364.3330986831608,198.75,398.0,True,True,True,True,True,True,True,True,False,43.37502867398022,red,454.23371622683914,False,False,False,False,,Consumer Durables,"Gems, Jewellery And Watches",87.48274275195583,True,True,5614.28,54.52,1462136.0,0.9712,20
GOODLUCK.NS,2026-08-07,1508.800048828125,1514.5666605631511,1507.088887532552,1456.4739965820313,1259.4040258789062,1230.905445251465,1515.9484800060568,915.0,1672.0999755859375,True,True,True,True,True,True,True,False,False,40.61051137827671,red,245.89456050822162,False,False,False,False,,Industrial Products,Iron & Steel Products,86.70041417395305,True,True,5015.03,33.77,223811.0,0.6733,20
GFSTEELS.NS,2026-08-07,14.289999961853027,14.289999961853027,13.987777603997124,13.817999839782715,12.627399864196777,12.154399933815002,14.277633316789323,9.729999542236328,14.289999961853027,True,True,True,True,True,True,True,True,False,46.86537136844136,dry,0.0,False,False,True,False,,Industrial Products,Iron & Steel Products,88.77128393925449,True,True,43.48,0.0,643.0,0.0021,—
GRANULES.NS,2026-08-07,873.8499755859375,841.0404612223307,839.214586046007,819.2605773925782,694.16337890625,662.1070571899414,846.9833471212477,431.7007381167665,908.1083439738012,True,True,True,True,True,True,True,True,False,92.8789167699005,green,106.07337713850899,False,False,False,False,,Pharmaceuticals & Biotechnology,Pharmaceuticals,95.72020248504371,True,True,21653.73,102.9,1177496.0,0.4752,20
GRASIM.NS,2026-08-07,3323.0,3150.5977172851562,3140.387749565972,3128.479013671875,2914.2005289713543,2883.0717541503905,3188.093358859239,2494.7282248871606,3349.60009765625,True,True,True,True,True,True,True,True,False,19.600961306110975,ppv,183.27284376239646,False,False,True,False,,Cement & Cement Products,Cement & Cement Products,76.57616198803497,True,True,225383.39,236.45,711550.0,0.1049,No Band
GRINDWELL.NS,2026-08-07,2133.800048828125,2078.2166748046875,2092.5836825900606,2047.6175170898437,1745.7717000325522,1702.7192364501952,2098.4795445903073,1316.5038257707065,2455.0,True,True,True,True,True,True,True,True,False,43.60359368607496,noise,47.89371525229306,False,False,False,False,,Industrial Products,Abrasives & Bearings,87.52876208007363,True,True,23625.43,23.35,109443.0,0.0988,20
GAEL.NS,2026-08-07,169.22000122070312,166.0183334350586,159.52333323160806,158.67080017089845,149.20546676635743,140.38700000762938,169.2422866171098,101.19999694824219,184.02999877929688,True,True,True,True,True,True,True,False,False,60.81117841946275,red,140.19321005230591,False,False,False,False,,Agricultural Food & other Products,Other Agricultural Products,91.76254026691211,True,True,7761.62,22.91,1353887.0,0.2952,20
GUJALKALI.NS,2026-08-07,674.0,679.0416615804037,633.4375,637.0409997558594,592.3456667073568,577.6027500915527,673.0726638225226,409.1499938964844,815.0,True,True,True,True,True,True,True,True,False,19.302203902672076,red,136.06420116058098,False,False,False,False,,Chemicals & Petrochemicals,Commodity Chemicals,76.39208467556374,True,True,4949.65,7.57,112285.0,0.1529,20
FLUOROCHEM.NS,2026-08-07,4518.10009765625,4517.1916910807295,4180.8222249348955,4029.796005859375,3611.92400390625,3598.4250036621092,4490.7249285856005,2916.60009765625,4653.2001953125,True,True,True,True,True,True,True,True,False,29.33834626928469,noise,95.71565390954531,False,False,False,False,,Chemicals & Petrochemicals,Specialty Chemicals,82.0524620340543,True,True,49631.33,59.15,130914.0,0.1192,20
GULPOLY.NS,2026-08-07,204.8699951171875,198.11833318074545,192.9569435119629,195.4043994140625,172.10186655680337,164.95345001220704,200.08375265757172,121.5,227.6300048828125,True,True,True,True,True,True,True,True,False,25.228209374161146,red,597.1036290217189,False,False,False,False,,Agricultural Food & other Products,Other Agricultural Products,80.34974689369535,True,True,1273.95,15.38,750716.0,1.2073,20
HAPPYFORGE.NS,2026-08-07,1906.199951171875,1703.1999816894531,1600.6533813476562,1538.2447119140625,1345.348671875,1269.948088684082,1751.0705748334246,859.888472776414,1934.0999755859375,True,True,True,True,True,True,True,True,False,96.3414723847006,green,109.22034110293887,False,False,True,False,,Industrial Products,Castings & Forgings,96.18039576622182,True,True,17990.47,22.41,117550.0,0.1246,10
HEG.NS,2026-08-07,674.0,662.4333343505859,584.2592273288303,570.364541015625,567.5509259033203,559.8552323913574,663.106157311655,457.2157644322142,698.0,True,True,True,True,True,True,True,True,False,28.989203296469036,noise,33.3837094250094,False,False,False,False,,Industrial Products,Electrodes & Refractories,82.0064427059365,True,True,13006.69,111.56,1655238.0,0.8577,20
HESTERBIO.NS,2026-08-07,2417.89990234375,2455.6666056315103,2322.1695963541665,2226.81951171875,1776.0595719401042,1738.2349377441406,2447.1051390986186,1233.9436104429194,2683.60009765625,True,True,True,True,True,True,True,False,False,15.041928075838772,dry,16.375419191947095,False,False,False,False,,Pharmaceuticals & Biotechnology,Pharmaceuticals,73.30878969167051,True,True,2056.87,8.49,35096.0,0.4126,20
HFCL.NS,2026-08-07,207.97999572753906,198.84499867757162,209.0780546400282,202.04939910888672,127.15119995117188,113.10365007400513,203.29825812971413,59.81999969482422,229.5,True,True,True,True,True,True,True,True,False,181.38099503533113,noise,65.12510219766216,False,False,False,False,,Telecom - Services,Telecom - Infrastructure,99.12563276576162,True,True,31826.42,806.03,38755022.0,2.5326,5
HSCL.NS,2026-08-07,752.6500244140625,762.7708485921224,710.5388929578993,697.3750024414062,565.4569061279296,539.8089566040039,754.5728327890217,417.9330556788151,819.5,True,True,True,True,True,True,True,False,False,59.89626220957058,noise,36.382578951643794,False,False,False,False,,Chemicals & Petrochemicals,Carbon Black,91.62448228255867,True,True,37975.75,852.11,11321412.0,2.2438,20
HIRECT.NS,2026-08-07,1310.199951171875,1314.9243062337239,1202.4224717881943,1179.0024145507812,911.3294689941406,877.9176748657227,1306.882470670592,564.6092543150997,1397.5377365248423,True,True,True,True,True,True,True,True,False,32.18814654453104,noise,26.11655714912698,False,True,False,False,,Industrial Manufacturing,Industrial Products,83.75517717441325,True,True,4503.45,31.76,242420.0,0.7053,20
HINDALCO.NS,2026-08-07,1059.5999755859375,985.7416737874349,969.777352227105,994.32908203125,979.3460929361979,939.9105493164062,1006.0492794585696,654.0878297790263,1169.8969824893504,True,True,True,True,True,True,True,True,False,56.15466938862301,ppv,160.2752290502458,False,False,False,False,,Non - Ferrous Metals,Aluminium,90.93419236079153,True,True,235213.93,608.98,5747249.0,0.2589,No Band
HMVL.NS,2026-08-07,98.66999816894531,96.81916618347168,91.41361045837402,88.36159957885742,74.05793281555175,73.4514494895935,98.38042875539054,55.20000076293945,108.16000366210938,True,True,True,True,True,True,True,True,False,10.964912506492963,dry,14.471543185302444,False,False,False,False,,Media,Print Media,70.54763000460194,True,True,725.37,0.78,79340.0,0.1079,5
HITECHCORP.NS,2026-08-07,322.29998779296875,320.43750254313153,318.6530583699544,314.56640197753904,204.5380670674642,198.70325031280518,320.73581515009226,112.0,333.8999938964844,True,True,True,True,True,True,True,True,False,73.10273568227497,dry,15.198744720159096,False,False,False,False,,Industrial Products,Packaging,93.87942936033133,True,True,553.57,1.04,32238.0,0.1877,5
HONASA.NS,2026-08-07,477.6000061035156,455.35416920979816,453.76805792914496,441.3010015869141,356.362334391276,336.63175079345706,460.9048366242113,248.39999389648438,491.3500061035156,True,True,True,True,True,True,True,True,False,79.95479166808006,noise,63.70984463649273,False,False,True,False,,Personal Products,Personal Care,94.6617579383341,True,True,15570.92,123.33,2582307.0,0.7921,20
IDEAFORGE.NS,2026-08-07,911.6500244140625,873.6708323160807,862.5861121283638,871.4370007324219,634.4410005696615,591.6897497558593,883.6688731643397,366.0,992.25,True,True,True,True,True,True,True,True,False,107.38171332040203,red,104.80020808569923,False,False,False,False,,Aerospace & Defense,Aerospace & Defense,96.77864703175334,True,True,4530.39,42.67,468035.0,0.9418,5
IMPEXFERRO.NS,2026-08-07,3.1700000762939453,2.643333355585734,2.4227778050634594,2.4174000215530396,1.9356666747728983,1.9182000058889388,2.7591657839393875,1.2999999523162842,3.1700000762939453,True,True,True,True,True,True,True,True,False,58.500003814697266,ppv,70.35397562223939,False,False,True,False,,Ferrous Metals,Ferro & Silica Manganese,91.2563276576162,True,True,28.32,0.01,28346.0,0.0317,5
INDSWFTLAB.NS,2026-08-07,228.41000366210938,228.46000289916992,220.7066684299045,204.04600128173828,155.05726669311522,140.6850500869751,228.37256454238056,87.1500015258789,248.4499969482422,True,True,True,True,True,True,True,True,False,120.51554317855687,noise,24.116419216023274,False,False,False,False,,Pharmaceuticals & Biotechnology,Pharmaceuticals,97.51495628163829,True,True,1986.29,24.64,1078732.0,1.2405,20
INDNIPPON.NS,2026-08-07,1166.0,1173.4666646321614,1101.5736083984375,1044.882998046875,866.7023718261719,865.8823391723632,1166.6482223861722,675.0,1278.199951171875,True,True,True,True,True,True,True,False,False,47.956627618677274,noise,55.52685243753852,False,False,False,False,,Auto Components,Auto Components & Equipments,89.09341923607916,True,True,2637.66,8.24,70703.0,0.3125,20
IMFA.NS,2026-08-07,1472.199951171875,1415.3419087727864,1376.2396375868057,1392.08255859375,1351.9709195963542,1340.39130859375,1445.1604129451239,693.6204867039439,1670.7880501060147,True,True,True,True,True,True,True,True,False,107.23101985087422,red,128.32025565344668,False,False,False,False,,Ferrous Metals,Ferro & Silica Manganese,96.68660837551771,True,True,7943.12,26.45,179661.0,0.333,20
INDOBORAX.NS,2026-08-07,400.3999938964844,398.3958333333333,387.5191235012478,371.5962188720703,281.9712919108073,270.0987390136719,402.8341642743424,204.51708976468473,457.507428607726,True,True,True,True,True,True,True,False,False,49.596890281799965,noise,24.885594563934983,False,False,False,False,,Chemicals & Petrochemicals,Commodity Chemicals,89.46157386102162,True,True,1284.88,18.84,470474.0,1.4661,20
ICIL.NS,2026-08-07,426.6000061035156,410.5749994913737,412.4930538601345,392.6239996337891,310.94953379313154,305.9939000701904,414.4741323720262,216.89999389648438,463.79998779296875,True,True,True,True,True,True,True,True,False,65.94183500747218,noise,28.233120250083875,False,False,False,False,,Textiles & Apparels,Other Textile Products,92.77496548550391,True,True,8449.0,37.65,882570.0,0.4456,20
INDOTECH.NS,2026-08-07,3792.60009765625,3517.1666666666665,3282.338880750868,3100.7679931640623,2185.398662923177,2051.78649597168,3581.047953713155,1100.0,3976.800048828125,True,True,True,True,True,True,True,True,False,130.66538196605225,ppv,135.8793413587934,False,False,True,False,,Electrical Equipment,Heavy Electrical Equipment,98.02116889093419,True,True,4027.74,12.5,32949.0,0.3103,5
INDUSINDBK.NS,2026-08-07,1022.0,1012.370839436849,990.690677218967,968.1614868164063,914.8314591471354,893.8201901245117,1018.0831981405131,709.4508644993872,1077.8499755859375,True,True,True,True,True,True,True,True,False,24.96555217899865,noise,76.45756124241045,False,False,False,False,,Banks,Private Sector Bank,80.07363092498849,True,True,79627.37,215.25,2106141.0,0.2703,No Band
INOXINDIA.NS,2026-08-07,1954.699951171875,1937.8000081380208,1938.4694519042969,1869.7448071289064,1466.1792244466146,1390.8407104492187,1939.0047018726386,1063.7207176384813,2119.800048828125,True,True,True,True,True,True,True,True,False,66.57167941647025,noise,28.14699229764247,False,False,False,False,,Industrial Products,Other Industrial Products,92.95904279797514,True,True,17741.54,76.91,393469.0,0.4335,20
IOLCP.NS,2026-08-07,167.85000610351562,152.75250116984049,151.24694527520074,145.3070004272461,104.60938385009766,100.27325553894043,157.08605537313463,67.07081715721031,179.60000610351562,True,True,True,True,True,True,True,True,False,74.20162995651222,noise,97.21713154853332,False,False,False,False,,Pharmaceuticals & Biotechnology,Pharmaceuticals,94.01748734468477,True,True,4926.86,91.07,5425766.0,1.8485,20
IPCALAB.NS,2026-08-07,1735.800048828125,1747.5101521809895,1741.3578321668838,1694.7885205078126,1568.097352701823,1521.985068359375,1744.8313200740997,1247.2697331943216,1938.1710717957815,True,True,True,True,True,True,True,False,False,20.859451090025093,noise,33.00535666738883,False,False,False,False,,Pharmaceuticals & Biotechnology,Pharmaceuticals,77.40450989415555,True,True,44037.98,47.54,273860.0,0.1079,20
IRISDOREME.NS,2026-08-07,54.52000045776367,51.00000031789144,45.841111183166504,43.32380012512207,36.84380004882812,36.103799972534176,51.96815765937448,26.350000381469727,54.79999923706055,True,True,True,True,True,True,True,True,False,73.90749535680774,green,108.59870730803878,False,False,True,False,,Textiles & Apparels,Garments & Apparels,93.97146801656696,True,True,930.54,3.0,550715.0,0.3227,20
JBCHEPHARM.NS,2026-07-23,2408.89990234375,2435.2332967122397,2310.494425455729,2269.2444677734375,2064.628430989583,1979.3347778320312,2414.337336320388,1615.9959315693322,2525.5,True,True,True,True,True,True,True,False,False,45.102191793170945,dry,0.0,False,False,False,False,,Pharmaceuticals & Biotechnology,Pharmaceuticals,88.08099401748734,True,True,38792.59,77.92,322501.0,0.2009,—
JAMNAAUTO.NS,2026-08-07,144.6999969482422,136.5808334350586,134.75638834635416,131.44759979248047,127.80779968261719,123.76081783294677,139.28540247474277,86.07049078991362,152.60000610351562,True,True,True,True,True,True,True,True,False,63.352422864993855,ppv,299.3097667249402,False,False,False,False,,Auto Components,Auto Components & Equipments,92.36079153244363,True,True,5787.78,33.1,2287361.0,0.5719,20
JAYNECOIND.NS,2026-08-07,92.37000274658203,88.45833333333333,88.31472248501248,89.61800003051758,87.69126663208007,84.53624996185303,89.68813810781265,50.709999084472656,117.0,True,True,True,True,True,True,True,True,True,68.77398779310803,noise,79.69314053961747,False,False,False,False,,Industrial Products,Iron & Steel Products,93.28117809479981,True,True,8969.11,42.97,4651852.0,0.4791,20
JETFREIGHT.NS,2026-08-07,23.049999237060547,22.72083330154419,22.379722277323406,22.285400047302247,19.689199981689452,18.74194999217987,22.736491944422536,11.899999618530273,25.950000762939453,True,True,True,True,True,True,True,True,False,68.98825994784016,noise,21.92431174671042,False,False,False,False,,Transport Services,Logistics Solution Provider,93.41923607915325,True,True,106.96,0.62,268460.0,0.5785,20
JINDALSAW.NS,2026-08-07,271.3999938964844,259.9250017801921,261.71027755737305,256.8966003417969,217.48004272460938,204.69133460998535,263.2298745001155,151.60325107352764,278.95001220703125,True,True,True,True,True,True,True,True,False,29.54664025595164,noise,80.16759824291351,False,False,False,False,,Industrial Products,Iron & Steel Products,82.23653934652553,True,True,17305.04,53.81,1982672.0,0.3109,20
JTLIND.NS,2026-08-07,77.30999755859375,74.88083330790202,77.25444412231445,75.7793995666504,68.69793314615886,67.30469989776611,76.20460269906593,40.25,87.19999694824219,True,True,True,True,True,True,True,True,False,14.766121511574838,noise,90.5684234144419,False,False,False,False,,Industrial Products,Iron & Steel Products,73.07869305108146,True,True,3038.91,22.98,2972823.0,0.7563,20
KABRAEXTRU.NS,2026-08-07,448.6000061035156,407.8249994913737,328.2758331298828,302.4521990966797,253.56813293457031,248.08629959106446,419.1157958315537,180.0,485.45001220703125,True,True,True,True,True,True,True,True,False,71.84448461238291,red,386.9992893157153,False,False,False,False,,Industrial Manufacturing,Industrial Products,93.6953520478601,True,True,1568.88,7.27,162091.0,0.4635,20
KANORICHEM.NS,2026-08-07,149.69000244140625,150.83500035603842,139.52638965182834,127.78640060424804,93.21860028584798,89.02410028457642,148.12755044252853,56.0,164.60000610351562,True,True,True,True,True,True,True,True,False,66.63698028519649,noise,36.79450343084797,False,True,False,False,,Industrial Manufacturing,Industrial Products,93.00506212609297,True,True,654.05,0.61,40522.0,0.0927,5
KAPSTON.NS,2026-08-07,525.9000244140625,488.7625045776367,422.0375044080946,398.7930035400391,355.80055541992186,342.3638665771484,499.5920463989743,237.1999969482422,539.9000244140625,True,True,True,True,True,True,True,True,False,101.74933721705503,noise,78.56519157848759,False,True,False,False,,Commercial Services & Supplies,Diversified Commercial Services,96.41049240681086,True,True,1600.43,2.12,40303.0,0.1324,20
KTKBANK.NS,2026-08-07,310.0,290.02083079020184,277.3624996609158,274.9429998779297,240.93699961344402,229.32229949951173,294.66125446451224,164.46822856250571,316.79998779296875,True,True,True,True,True,True,True,True,False,78.40159889285803,ppv,209.7866414227225,False,True,True,False,,Banks,Private Sector Bank,94.38564196962724,True,True,11723.63,82.72,2668473.0,0.7056,20
KARURVYSYA.NS,2026-08-07,335.54998779296875,339.52916463216144,313.0372568766276,305.03833862304685,295.38590321858726,283.4444640350342,336.8366485422958,200.26247523540303,351.79998779296875,True,True,True,True,True,True,True,False,False,57.48784354717911,dry,17.746760716367397,False,True,False,False,,Banks,Private Sector Bank,91.11826967326277,True,True,32436.52,139.36,4153139.0,0.4296,20
KDDL.NS,2026-08-07,3843.89990234375,3371.9083048502603,3249.616644965278,3143.2059912109376,2624.3026627604168,2577.7753649902343,3513.3176303283653,1990.0,4155.5,True,True,True,True,True,True,True,True,False,47.93362338868663,ppv,124.91806972266602,False,False,True,False,,Consumer Durables,"Gems, Jewellery And Watches",89.04739990796135,True,True,4727.72,21.69,56440.0,0.4589,20
KEI.NS,2026-08-07,5600.0,5119.066650390625,5184.744439019098,5224.14599609375,4814.0927115885415,4646.296716308594,5290.370257747952,3707.809889433448,5708.0,True,True,True,True,True,True,True,True,False,46.89733370093529,noise,70.35138219326008,False,False,False,False,,Industrial Products,Cables - Electricals,88.8173032673723,True,True,53536.33,211.07,376912.0,0.3943,No Band
KERNEX.NS,2026-08-07,2451.800048828125,2321.8916625976562,2202.866661919488,2128.2179931640626,1507.3316654459636,1430.175249633789,2360.5100219128844,850.0,2580.0,True,True,True,True,True,True,True,True,False,132.95012340409738,noise,51.896520704101654,False,True,False,False,,Transport Services,Transport Related Services,98.11320754716981,True,True,4119.91,72.46,295520.0,1.7587,20
KESORAMIND.NS,2026-08-07,12.739999771118164,12.302500089009603,11.534444464577568,11.551399993896485,10.583800007502237,9.70739999294281,12.567830540867941,4.550000190734863,14.260000228881836,True,True,True,True,True,True,True,True,False,141.28786486507724,red,145.59947981139098,False,False,False,False,,Cement & Cement Products,Cement & Cement Products,98.25126553152323,True,True,395.79,1.44,1133538.0,0.3649,2
KINGFA.NS,2026-08-07,5549.5,5183.208333333333,5114.486111111111,5136.45,4714.5760107421875,4597.273507080078,5244.019392018302,3184.89990234375,5699.39990234375,True,True,True,True,True,True,True,True,False,73.01636788776304,ppv,587.4974129619441,True,False,True,False,,Industrial Products,Plastic Products - Industrial,93.78739070409571,True,True,7520.34,4.72,8514.0,0.0628,20
KMEW.NS,2026-08-07,2528.39990234375,2500.2750040690103,2378.447218153212,2245.709997558594,1925.9299918619793,1815.4472424316407,2507.2986731053015,797.5,2737.0,True,True,True,True,True,True,True,True,False,197.5288230952208,noise,30.611686294367612,False,False,False,False,,Engineering Services,Dredging,99.35572940635066,True,True,6219.86,30.39,120203.0,0.4886,20
KOTYARK.NS,2026-08-07,40.68000030517578,35.14499966303507,36.89464616775513,36.98196323394775,31.66668430328369,29.60458125114441,36.8720022699058,17.381818771362305,45.5,True,True,True,True,True,True,True,True,False,95.83595864606768,ppv,237.1221169478546,False,False,False,False,,Petroleum Products,Refineries & Marketing,96.04233778186838,True,True,459.97,1.36,333482.0,0.2949,5
KRISHANA.NS,2026-08-07,178.6699981689453,173.02333450317383,151.03444374932184,146.5879931640625,122.4690175374349,117.68177368164062,173.8371495033304,86.13667447448749,193.89999389648438,True,True,True,True,True,True,True,True,False,62.34382420756932,dry,17.5770265903314,False,False,False,False,,Fertilizers & Agrochemicals,Fertilizers,92.17671421997238,True,True,5523.37,29.39,1645101.0,0.5322,20
LAURUSLABS.NS,2026-08-07,1844.300048828125,1765.9416809082031,1596.3472323947483,1540.2360107421875,1242.2571744791667,1183.2888638305665,1786.0411532438166,808.577124737889,1856.5999755859375,True,True,True,True,True,True,True,True,False,115.47050054782125,noise,67.40520136511128,False,False,False,False,,Pharmaceuticals & Biotechnology,Pharmaceuticals,97.14680165669581,True,True,99649.79,409.2,2218726.0,0.4106,No Band
THELEELA.NS,2026-08-07,518.0,489.1125030517578,488.3888905843099,471.2130017089844,440.9106673177083,435.78850036621094,498.29431170669693,384.5,527.0,True,True,True,True,True,True,True,True,False,21.782060083933928,noise,94.5883190972916,False,False,True,False,,Leisure Services,Hotels & Resorts,78.14081914404049,True,True,17299.02,23.5,453683.0,0.1359,10
LLOYDSENGG.NS,2026-08-07,96.87999725341797,90.68249956766765,88.35777727762859,84.2363998413086,63.32046674092611,61.42465007781983,91.49977683104248,37.400001525878906,97.5999984741211,True,True,True,True,True,True,True,True,False,39.007977198683164,ppv,334.4201518039632,True,False,True,False,,Industrial Manufacturing,Industrial Products,86.10216290842155,True,True,14325.11,175.35,18099822.0,1.2241,20
LLOYDSME.NS,2026-08-07,2101.199951171875,2027.4500122070312,1875.8805609809028,1842.4033422851562,1547.2734195963542,1482.39416015625,2037.3817402949794,1042.2770517704853,2109.89990234375,True,True,True,True,True,True,True,True,False,44.88703199773136,ppv,119.927044929002,False,False,True,False,,Minerals & Mining,Industrial Minerals,87.98895536125173,True,True,118229.92,107.73,512685.0,0.0911,20
LOKESHMACH.NS,2026-08-07,344.3999938964844,337.72083536783856,319.24305725097656,302.7840020751953,241.78193369547526,224.20295043945313,338.30224269536666,138.9600067138672,349.8500061035156,True,True,True,True,True,True,True,True,False,61.58393304059042,noise,77.05913288394495,False,False,False,False,,Industrial Manufacturing,Industrial Products,91.94661757938334,True,True,750.68,0.78,22738.0,0.1043,2
MBAPL.NS,2026-08-07,158.08999633789062,158.69083150227866,135.10944430033365,128.2729750061035,106.59331522623698,100.38220508575439,157.00147318323576,74.56403046577304,167.9499969482422,True,True,True,True,True,True,True,True,False,78.41279112918404,noise,20.40571604533672,False,False,False,False,,Fertilizers & Agrochemicals,Fertilizers,94.43166129774505,True,True,6926.47,20.42,1291559.0,0.2948,20
MMFL.NS,2026-08-07,629.0999755859375,562.8083292643229,517.1444422403971,498.67689819335936,460.092197672526,427.40270431518553,572.8661773223386,285.5132388663281,644.7000122070312,True,True,True,True,True,True,True,True,False,86.84316071222533,ppv,514.4043961801696,True,False,True,False,,Auto Components,Auto Components & Equipments,95.35204786010124,True,True,3037.4,8.07,128234.0,0.2656,20
MACPOWER.NS,2026-08-07,1681.0999755859375,1453.4000040690105,1356.7486199273003,1251.4770080566407,1073.0800028483072,1037.0327514648438,1506.1428859073496,761.0,1708.0,True,True,True,True,True,True,True,True,False,67.53916389489108,ppv,259.46688610347815,False,False,True,False,,Industrial Manufacturing,Industrial Products,93.09710078232858,True,True,1681.8,8.37,49802.0,0.4978,20
MAHASTEEL.NS,2026-08-07,1046.300048828125,937.6000010172526,857.6583302815756,864.8769982910156,857.0293334960937,826.5687503051757,985.2743494952051,312.20001220703125,1103.699951171875,True,True,True,True,True,True,True,True,False,192.83517620336033,ppv,139.47933402527974,False,False,False,False,,Industrial Products,Iron & Steel Products,99.26369075011505,True,True,1719.53,0.77,7341.0,0.0447,10
MAHESHWARI.NS,2026-08-07,72.86000061035156,73.04166666666667,72.98555607265897,71.54520057678222,54.98446695963542,54.22015027999878,72.99565856732899,39.040000915527344,75.5,True,True,True,True,True,True,True,False,False,19.796121302105085,noise,49.750789674700236,False,False,False,False,,Diversified,Diversified,76.80625862862402,True,True,215.65,0.21,29458.0,0.0995,5
MAHLOG.NS,2026-08-07,402.70001220703125,410.55833435058594,391.32006496853296,377.6540301513672,371.1443845621745,360.4735710144043,409.15554302533803,273.2820886223393,447.10758500270833,True,True,True,True,True,True,True,False,False,28.7295921094888,red,232.5090677852279,False,False,False,False,,Transport Services,Logistics Solution Provider,81.82236539346526,True,True,3995.69,11.21,278432.0,0.2806,20
MANINDS.NS,2026-08-07,555.0499877929688,536.3583323160807,555.999998304579,549.2169964599609,471.98166524251303,459.2882490539551,541.873954345845,302.04998779296875,623.7000122070312,True,True,True,True,True,True,True,True,False,24.380949645483184,ppv,74.82664861790605,False,False,False,False,,Industrial Products,Iron & Steel Products,79.70547630004602,True,True,4163.41,35.14,633139.0,0.8441,20
MANAKSTEEL.NS,2026-08-07,84.43000030517578,74.66333325703938,75.22916709052191,72.98660034179687,65.51040008544922,64.52295007705689,78.32920317563612,45.11000061035156,89.9000015258789,True,True,True,True,True,True,True,True,False,30.1124997677908,red,367.30527998730986,False,False,False,False,,Ferrous Metals,Iron & Steel,82.69673262770364,True,True,553.3,0.37,43860.0,0.0669,5
MANAPPURAM.NS,2026-08-07,366.75,362.73333740234375,340.37361484103735,331.63100280761716,304.2197058105469,298.79698715209963,361.6909278963604,244.76210652386578,381.54998779296875,True,True,True,True,True,True,True,True,False,42.66114999640309,noise,61.91478069032881,False,False,False,False,,Finance,Non Banking Financial Company (NBFC),87.16060745513116,True,True,34450.15,150.68,4108594.0,0.4374,No Band
MANCREDIT.NS,2026-08-07,240.08999633789062,234.32499821980795,233.0563875834147,227.0207992553711,188.38473266601562,184.98504959106447,240.15583334464623,152.05999755859375,287.2699890136719,True,True,True,True,True,True,True,False,True,30.796806618787052,red,235.9873950430094,False,False,False,False,,Finance,Non Banking Financial Company (NBFC),83.06488725264612,True,True,506.93,9.38,390805.0,1.8509,20
MANGLMCEM.NS,2026-08-07,938.1500244140625,956.4125061035156,943.4027777777778,915.042001953125,860.955331624349,833.9507489013672,949.9812052766348,679.3499755859375,1023.4500122070312,True,True,True,True,True,True,True,False,False,36.41727471999252,noise,60.340279263284934,False,False,False,False,,Cement & Cement Products,Cement & Cement Products,85.18177634606535,True,True,2579.66,6.77,72189.0,0.2625,20
MWL.NS,2026-08-07,42.29999923706055,38.28000036875407,37.53330898284912,37.57605712890625,31.897183888753254,30.123392086029053,39.839678511843346,16.99578575515613,43.939998626708984,True,True,True,True,True,True,True,True,False,128.8398688173825,red,391.3627275089531,False,False,False,False,,Metals & Minerals Trading,Trading - Metals,97.83709157846296,True,True,1256.34,4.34,1026057.0,0.3455,20
MANORAMA.NS,2026-08-07,1636.199951171875,1622.3250122070312,1594.2888929578994,1568.9480004882812,1429.9873299153646,1408.5879986572265,1621.3075515160158,1060.5999755859375,1706.9000244140625,True,True,True,True,True,True,True,True,False,15.128565635715386,ppv,282.5696214180231,False,False,False,False,,Food Products,Other Food Products,73.35480901978832,True,True,10328.09,29.11,177916.0,0.2819,20
MARKSANS.NS,2026-08-07,273.8500061035156,261.1333351135254,263.5566698710124,258.6726022338867,207.90486694335937,202.5903500366211,265.63344056281613,155.0,281.6000061035156,True,True,True,True,True,True,True,True,False,21.31750821191636,noise,48.5593864469049,False,False,False,False,,Pharmaceuticals & Biotechnology,Pharmaceuticals,77.72664519098022,True,True,12409.89,79.79,2913658.0,0.643,20
MAWANASUG.NS,2026-08-07,115.83000183105469,110.82999992370605,109.71607420179579,106.86590530395507,93.7076247660319,90.74437244415283,112.5042805196789,72.43959449258234,121.11000061035156,True,True,True,True,True,True,True,True,False,34.512028458084785,noise,98.49707019803789,False,False,False,False,,Agricultural Food & other Products,Sugar,84.4914864242982,True,True,453.09,0.77,66279.0,0.1694,5
MENONBE.NS,2026-08-07,237.35000610351562,222.72416814168295,190.85204315185547,181.13856201171876,142.18928619384766,134.28842853546143,224.110886139747,100.57782056732867,241.0,True,True,True,True,True,True,True,True,False,82.91427988843326,noise,23.622883746681953,False,False,True,False,,Auto Components,Auto Components & Equipments,94.89185457892316,True,True,1330.11,5.73,241616.0,0.4311,5
METROPOLIS.NS,2026-08-07,563.2000122070312,578.7749989827474,563.2374979654948,555.2210009765626,504.92997111002603,499.33033126831054,575.290098887158,411.4375158286193,609.0499877929688,True,True,True,True,True,True,True,False,False,11.490764298791412,noise,50.45034160610932,False,True,False,False,,Healthcare Services,Healthcare Service Provider,70.9157846295444,True,True,11680.07,25.64,455176.0,0.2195,20
MINDACORP.NS,2026-08-07,721.6500244140625,701.8166707356771,689.3430582682291,675.872001953125,589.1142020670572,588.2463876342773,709.8541142167613,443.7837866650364,735.9000244140625,True,True,True,True,True,True,True,True,False,45.806185721603796,noise,54.674646716064004,False,False,False,False,,Auto Components,Auto Components & Equipments,88.3110906580764,True,True,16984.82,37.41,518423.0,0.2203,20
MONARCH.NS,2026-08-07,390.6499938964844,384.71666717529297,362.26666853162976,355.68800048828126,312.46093322753904,311.2031997680664,385.5631004231401,235.4499969482422,403.79998779296875,True,True,True,True,True,True,True,True,False,13.854483711845633,noise,34.736212459410325,False,True,False,False,,Capital Markets,Stockbroking & Allied,72.38840312931431,True,True,3098.18,8.75,223926.0,0.2823,20
MORARJEE.NS,2026-08-07,11.239999771118164,11.679166475931803,10.552222119437324,9.700799922943116,8.057866617838542,8.022799968719482,11.441943291250052,5.579999923706055,12.40999984741211,True,True,True,True,True,True,True,False,False,34.610769552321315,dry,0.0,False,False,False,False,,Textiles & Apparels,Other Textile Products,84.58352508053383,True,True,39.14,0.01,8739.0,0.0251,—
MOREPENLAB.NS,2026-08-07,80.25,62.74749946594238,59.32888878716363,56.154599838256836,45.39653333028158,45.08905002593994,68.13018783770707,33.04999923706055,83.5,True,True,True,True,True,True,True,True,False,42.51691642909394,ppv,203.58266808582405,False,True,True,False,,Pharmaceuticals & Biotechnology,Pharmaceuticals,87.06856879889554,True,True,4397.33,117.03,14583013.0,2.6614,20
MTARTECH.NS,2026-08-07,7085.5,6033.166666666667,6809.652777777777,6970.3,5184.954002278646,4497.766998291016,6355.011257890689,1390.5,8714.0,True,True,True,True,True,True,True,True,False,389.4991364421416,noise,33.029406488847776,False,False,False,False,,Electrical Equipment,Other Electrical Equipment,99.72388403129314,True,True,21794.71,880.99,1243372.0,4.0422,5
MUFIN.NS,2026-08-07,137.19000244140625,130.0858357747396,130.13472345140246,128.00020126342773,118.03586690266927,116.1521000289917,132.29481145978522,82.98999786376953,138.39999389648438,True,True,True,True,True,True,True,True,False,56.932058241727354,ppv,194.6769231643069,False,False,True,False,,Finance,Non Banking Financial Company (NBFC),90.98021168890934,True,True,2718.59,19.71,1436746.0,0.725,20
NAHARSPING.NS,2026-08-07,316.25,294.9125010172526,275.4708319769965,272.7459985351563,233.5303330485026,225.52209991455078,303.2122144753496,149.1999969482422,349.0,True,True,True,True,True,True,True,True,False,35.593983236814886,green,234.56378310543028,False,True,False,False,,Textiles & Apparels,Other Textile Products,84.9516797054763,True,True,1140.57,0.74,23394.0,0.0649,20
NAVINFLUOR.NS,2026-08-07,8271.0,7723.333333333333,7660.069444444444,7506.88341796875,6754.3988671875,6507.387814941406,7874.111603879638,4488.291781017636,8775.5,True,True,True,True,True,True,True,True,False,62.52938941405395,red,280.1122136120213,False,True,False,False,,Chemicals & Petrochemicals,Specialty Chemicals,92.268752876208,True,True,42430.25,162.65,196649.0,0.3833,20
NDLVENTURE.NS,2026-08-07,129.7899932861328,126.85583114624023,129.47833167182074,129.4985986328125,117.08466639200846,110.14699977874756,127.9274839835627,61.861444746250015,140.0,True,True,True,True,True,True,True,True,False,98.78356637930874,noise,60.71207947338488,False,False,False,False,,Finance,Other Financial Services,96.31845375057524,True,True,437.02,0.25,19613.0,0.0582,20
NEOGEN.NS,2026-08-07,2031.9000244140625,2049.608357747396,2035.8111300998264,2010.160009765625,1607.137334798177,1513.1840005493164,2049.5390735165042,966.7000122070312,2374.0,True,True,True,True,True,True,True,False,False,40.59838755507683,noise,38.14523225484438,False,False,False,False,,Chemicals & Petrochemicals,Specialty Chemicals,86.65439484583524,True,True,5563.68,26.46,130236.0,0.4756,20
NESTLEIND.NS,2026-08-07,1540.0,1500.6583353678386,1452.4967244466145,1435.3450732421875,1351.9192521158855,1326.1038299560546,1512.224953402983,1073.713620089896,1553.0,True,True,True,True,True,True,True,True,False,37.23437225158519,noise,73.85922097666163,False,False,True,False,,Food Products,Packaged Foods,85.54993097100783,True,True,296960.41,323.44,2100280.0,0.1089,No Band
NGLFINE.NS,2026-08-07,3403.60009765625,3287.0833536783853,3173.594441731771,3074.522001953125,2452.6739998372395,2186.0845001220705,3320.240222616092,1173.8127642927202,3529.0,True,True,True,True,True,True,True,True,False,170.3865356246676,noise,30.35143560122903,False,False,False,False,,Pharmaceuticals & Biotechnology,Pharmaceuticals,98.80349746893695,True,True,2102.75,5.97,17538.0,0.2839,20
NAM-INDIA.NS,2026-08-07,1176.0,1163.0750122070312,1174.4951578776042,1151.0737548828124,1003.9281864420573,967.9810275268554,1178.60466840075,763.9435329333959,1233.5,True,True,True,True,True,True,True,False,False,47.184845714210645,noise,72.04021960441128,False,False,False,False,,Capital Markets,Asset Management Company,88.8633225954901,True,True,75181.2,113.42,964482.0,0.1509,No Band
NITINSPIN.NS,2026-08-07,577.4000244140625,551.3416646321615,552.9083353678385,547.7640002441407,442.7909999593099,413.1942500305176,561.5775534783551,302.20001220703125,590.0,True,True,True,True,True,True,True,True,False,60.94700267294477,noise,59.377579434332795,False,False,False,False,,Textiles & Apparels,Other Textile Products,91.85457892314773,True,True,3246.14,8.6,149000.0,0.265,20
NRBBEARING.NS,2026-08-07,461.5,426.1833318074544,424.24166700575086,419.30400146484374,324.53510782877606,312.1187339782715,435.7501116704758,211.10343900049978,468.0,True,True,True,True,True,True,True,True,True,68.92421627356586,noise,67.67715745247125,False,False,True,False,,Auto Components,Auto Components & Equipments,93.32719742291764,True,True,4472.98,48.96,1060984.0,1.0947,20
NIBL.NS,2026-08-07,34.720001220703125,35.77250003814697,33.00111124250624,32.304600143432616,31.306866760253907,31.013900051116945,35.171286761732304,21.75,40.79999923706055,True,True,True,True,True,True,True,False,False,55.69507806530181,noise,36.0380335875049,False,True,False,False,,Industrial Products,Abrasives & Bearings,90.7961343764381,True,True,84.13,0.15,41944.0,0.1731,20
NRL.NS,2026-08-07,116.9000015258789,107.92749977111816,99.42194430033366,92.2234001159668,66.35340006510417,65.34229999542237,110.48302520994929,45.099998474121094,117.66000366210938,True,True,True,True,True,True,True,True,False,60.26871073905755,green,110.26910765882516,False,False,True,False,,Metals & Minerals Trading,Trading - Metals,91.71652093879429,True,True,807.42,1.55,132848.0,0.1923,2
ONEPOINT.NS,2026-08-07,60.33000183105469,56.55833339691162,56.48555564880371,56.84280014038086,53.632333475748695,53.223900127410886,57.22140799617783,40.58000183105469,65.8499984741211,True,True,True,True,True,True,True,True,True,24.263651450280356,ppv,461.54778294088504,True,False,False,False,,Commercial Services & Supplies,Business Process Outsourcing (BPO)/ Knowledge Process Outsourcing (KPO),79.6134376438104,True,True,1583.65,9.27,1536254.0,0.5852,20
OFSS.NS,2026-08-07,11805.0,11324.833333333334,11133.944444444445,10731.31,8682.516650390626,8484.021284179687,11512.33829884564,6060.863819699785,11979.0,True,True,True,True,True,True,True,True,False,43.80717025364138,noise,51.91612529877078,False,False,True,False,,IT - Software,Software Products,87.62080073630925,True,True,102792.64,395.17,334748.0,0.3844,No Band
ORTEL.NS,2026-08-07,2.2200000286102295,1.8808333377043407,1.719722221295039,1.6966000008583069,1.623866668542226,1.6076500022411346,1.9581130219336644,1.149999976158142,2.2300000190734863,True,True,True,True,True,True,True,True,False,25.42373178152022,ppv,220.25309186962104,False,False,True,False,,Entertainment,TV Broadcasting & Software Production,80.39576622181316,True,True,7.32,0.0,11218.0,0.034,5
PAISALO.NS,2026-08-07,68.68000030517578,70.67416636149089,68.72527768876817,65.55979972839356,47.782199745178225,44.96099980354309,70.26905859045628,29.783536082586807,77.38999938964844,True,True,True,True,True,True,True,False,False,119.35752936171085,noise,67.86644526154805,False,True,False,False,,Finance,Non Banking Financial Company (NBFC),97.46893695352048,True,True,6246.6,106.56,15514880.0,1.7058,20
PANAMAPET.NS,2026-08-07,504.79998779296875,470.6916681925456,446.17916700575086,421.6210003662109,331.7538665771484,319.9564001464844,470.6102598529213,229.0,518.5,True,True,True,True,True,True,True,True,False,45.64257898690658,noise,39.56424219762671,False,False,True,False,,Petroleum Products,Lubricants,88.17303267372296,True,True,3053.72,37.39,740766.0,1.2245,20
PANSARI.NS,2026-08-07,322.75,336.4500045776367,331.99444580078125,318.24699951171874,300.0396668497721,297.23524948120115,333.58501359287936,230.7899932861328,388.8999938964844,True,True,True,True,True,True,True,False,False,37.04883227176221,dry,6.28509945289375,False,False,False,False,,Realty,"Residential, Commercial Projects",85.50391164289002,True,True,563.1,1.13,34903.0,0.2001,20
PARACABLES.NS,2026-08-07,68.91999816894531,64.2241662343343,66.88055494096544,66.38999969482421,48.617999928792315,46.34629997253418,65.44584309619725,28.299999237060547,75.69999694824219,True,True,True,True,True,True,True,True,False,28.151728771471674,ppv,118.32884470238685,False,False,False,False,,Industrial Products,Cables - Electricals,81.5462494247584,True,True,2255.33,25.84,3749503.0,1.1458,10
PARAS.NS,2026-08-07,1277.0999755859375,1246.9250081380208,1258.2138977050781,1191.6260083007812,868.8016695149739,825.3787536621094,1267.4191988513746,580.5,1443.0,True,True,True,True,True,True,True,True,False,96.1604904348351,noise,34.02101053790806,False,False,False,False,,Aerospace & Defense,Aerospace & Defense,96.08835710998619,True,True,10291.81,418.39,3276109.0,4.0653,10
PGIL.NS,2026-08-07,2464.10009765625,2091.9666748046875,2035.6472269694011,1930.192001953125,1672.3346427408853,1641.626196899414,2160.4146871238854,1167.6433047093678,2539.60009765625,True,True,True,True,True,True,True,True,False,77.92649026895617,ppv,1155.5996363353054,True,False,True,False,,Textiles & Apparels,Garments & Apparels,94.33962264150944,True,True,11381.81,46.09,187036.0,0.4049,20
PIDILITIND.NS,2026-08-07,1660.0,1625.8916727701824,1591.7437608506943,1565.2887817382812,1466.4446728515625,1465.2224908447265,1637.8489949292443,1249.9992446237347,1686.4000244140625,True,True,True,True,True,True,True,True,False,11.552770411320656,noise,92.7564407058608,False,False,False,False,,Chemicals & Petrochemicals,Specialty Chemicals,70.96180395766221,True,True,168953.2,174.35,1050308.0,0.1032,No Band
PIXTRANS.NS,2026-08-07,1717.199951171875,1726.1583251953125,1762.6952480740017,1716.3364306640624,1533.4816837565104,1511.457030029297,1722.5281389012966,1214.1752865512433,1937.9000244140625,True,True,True,True,True,True,True,False,False,14.208695327424525,dry,11.883163935655947,False,False,False,False,,Industrial Products,Rubber,72.61849976990335,True,True,2339.72,14.75,85898.0,0.6304,20
PNBHOUSING.NS,2026-08-07,1143.0,1079.211181640625,1067.4804399278428,1044.5046240234376,951.3201578776042,939.980071105957,1099.6657517346148,723.9501950006703,1167.0,True,True,True,True,True,True,True,True,False,50.0286607601867,red,155.82052190960218,False,False,False,False,,Finance,Housing Finance Company,89.64565117349287,True,True,29785.43,109.11,954608.0,0.3663,No Band
PRECWIRE.NS,2026-08-07,413.79998779296875,380.59100850423175,388.72459665934247,395.88535278320313,344.7879362996419,317.8631604766846,391.0608318553235,167.8243305359414,466.7742735923595,True,True,True,True,True,True,True,True,False,135.95353736331793,red,116.65977006768796,False,False,False,False,,Industrial Products,"Aluminium, Copper & Zinc Products",98.20524620340542,True,True,7564.59,18.75,453152.0,0.2479,20
PRECOT.NS,2026-08-07,813.25,815.6333312988281,789.0111083984375,769.912998046875,593.9693343098959,556.679001159668,818.4714635096389,300.04998779296875,876.75,True,True,True,True,True,True,True,False,False,40.020693694854394,red,167.97322398210187,False,False,False,False,,Textiles & Apparels,Other Textile Products,86.56235618959963,True,True,975.9,0.65,8000.0,0.0667,20
PREMIERPOL.NS,2026-08-07,71.66000366210938,74.76000086466472,68.97833347320557,65.30240005493164,57.4556667582194,53.70940006256104,73.00192537101356,38.0,85.44999694824219,True,True,True,True,True,True,True,False,False,43.17127837171102,noise,24.41192631507461,False,False,False,False,,Industrial Products,Plastic Products - Industrial,87.3446847676024,True,True,750.58,2.23,310613.0,0.2965,20
PRIVISCL.NS,2026-08-07,3644.10009765625,3623.3438924153647,3627.9719984266494,3538.3921728515625,3156.4613134765623,3143.9079516601564,3637.432622859752,2167.1176677727804,3774.7057070510364,True,True,True,True,True,True,True,True,False,60.89146226876257,noise,38.69158346523257,False,True,False,False,,Chemicals & Petrochemicals,Specialty Chemicals,91.80855959502992,True,True,14234.84,32.38,88853.0,0.2275,20
PRUDENT.NS,2026-08-07,3371.800048828125,3166.2999877929688,3033.6593085394966,2966.65724609375,2667.3045572916667,2644.701584472656,3231.3993942374746,2118.407683707669,3412.60009765625,True,True,True,True,True,True,True,True,False,29.778414631292915,green,112.79139437530972,False,False,True,False,,Capital Markets,Financial Products Distributor,82.5126553152324,True,True,13961.5,10.58,31372.0,0.0758,20
PTC.NS,2026-08-07,203.3000030517578,178.57166798909506,177.09777874416775,180.0478009033203,177.47995056152342,172.85007957458495,186.07065281088268,146.97219033618913,229.50999450683594,True,True,True,True,True,True,True,True,True,15.59837732418481,ppv,777.4381405616524,True,False,False,False,,Power,Power Trading,73.72296364473078,True,True,6017.85,33.24,1634804.0,0.5523,20
QUESS.NS,2026-08-07,311.04998779296875,309.8223648071289,287.25070148044165,271.6676742553711,220.41263997395833,217.32411003112793,311.7612782613142,162.53922482226787,346.17408339803006,True,True,True,True,True,True,True,False,False,16.99158635069884,noise,27.82602928581409,False,False,False,False,,Commercial Services & Supplies,Diversified Commercial Services,74.87344684767604,True,True,4645.84,34.71,1115950.0,0.7472,20
RRKABEL.NS,2026-08-07,2759.5,2607.324991861979,2435.749993218316,2359.4293432617187,1809.6359684244792,1705.6104333496094,2646.7059647107235,1158.7465736666888,2815.0,True,True,True,True,True,True,True,True,False,118.93876727197323,noise,39.80635509302947,False,False,False,False,,Industrial Products,Cables - Electricals,97.42291762540268,True,True,31211.46,194.83,706045.0,0.6242,20
RACLGEAR.NS,2026-08-07,1482.699951171875,1339.4000040690105,1337.6972215440537,1318.7240014648437,1266.7400366210939,1217.2676654052734,1374.4038587213274,804.2043907437434,1690.2278315095687,True,True,True,True,True,True,True,True,True,58.751395136784666,ppv,250.9928051965706,False,False,False,False,,Auto Components,Auto Components & Equipments,91.302346985734,True,True,1750.91,5.0,33743.0,0.2857,20
RADICO.NS,2026-08-07,4499.0,4341.3416748046875,4094.7976752387153,3932.8297998046874,3300.372556966146,3282.1696313476564,4394.474914788892,2494.465428414862,4590.2998046875,True,True,True,True,True,True,True,True,False,61.13290981074391,noise,75.38824369798586,False,True,False,False,,Beverages,Breweries & Distilleries,91.90059825126554,True,True,60278.68,176.28,391810.0,0.2924,No Band
RAIN.NS,2026-08-07,222.8800048828125,228.1700007120768,208.4372240702311,205.2058010864258,161.52966669718424,151.36915019989013,229.24766275089132,99.9000015258789,252.0,True,True,True,True,True,True,True,False,False,44.56577260538812,red,434.99069283317243,False,False,False,False,,Chemicals & Petrochemicals,Petrochemicals,87.8508973768983,True,True,7496.47,169.83,7619936.0,2.2655,20
RAMRAT.NS,2026-08-07,461.6000061035156,439.45416768391925,420.5035103691949,410.56019287109376,367.14654032389325,352.5315057373047,444.04266454360777,266.4076130636512,516.9102884316486,True,True,True,True,True,True,True,True,False,33.62940688021809,noise,91.14857768651854,False,False,False,False,,Electrical Equipment,Other Electrical Equipment,84.07731247123792,True,True,4308.99,11.55,250284.0,0.2681,20
RPTECH.NS,2026-08-07,894.6500244140625,830.4874979654948,785.9625040690104,727.76400390625,515.0823345947266,470.2867506408691,849.3340364549329,274.03069500955513,967.7000122070312,True,True,True,True,True,True,True,True,False,214.8425346571317,noise,31.763426857060246,False,False,False,False,,IT - Hardware,Computers Hardware & Equipments,99.44776806258628,True,True,5895.71,116.18,1298630.0,1.9706,20
RATEGAIN.NS,2026-08-07,949.1500244140625,928.1875152587891,919.0777876112196,884.2690063476563,686.0893345133463,682.8897514343262,942.7258342317693,417.6000061035156,1050.0,True,True,True,True,True,True,True,True,False,115.74042461156075,green,161.86748229311658,False,True,False,False,,IT - Software,Computers - Software & Consulting,97.19282098481362,True,True,11237.5,68.93,726189.0,0.6134,20
RATNAVEER.NS,2026-08-07,206.10000610351562,193.6716677347819,184.28305519951715,179.92679962158203,162.68013285319012,160.6301998901367,197.5432006662113,130.5,218.49000549316406,True,True,True,True,True,True,True,True,False,44.58085001140528,green,134.43838661594447,False,False,False,False,,Industrial Products,Iron & Steel Products,87.89691670501611,True,True,1472.1,83.75,4063530.0,5.6891,20
RBLBANK.NS,2026-08-07,389.79998779296875,374.2749964396159,370.85138617621527,367.11099914550783,332.6819999186198,327.58300018310547,380.56297471010356,242.36866167193014,392.70001220703125,True,True,True,True,True,True,True,True,False,47.24027779875142,noise,28.69830926470694,False,False,False,False,,Banks,Private Sector Bank,88.90934192360793,True,True,60362.79,207.91,5333728.0,0.3444,No Band
RICOAUTO.NS,2026-08-07,151.52999877929688,144.10083389282227,137.7997226715088,135.73719985961915,124.36953308105468,120.17834972381591,146.07312299767193,65.40713375710308,157.99000549316406,True,True,True,True,True,True,True,True,False,116.51926144659339,noise,47.7204940250013,False,False,False,False,,Auto Components,Auto Components & Equipments,97.23884031293143,True,True,2049.97,51.0,3365783.0,2.4879,20
RISHABH.NS,2026-08-07,639.2000122070312,628.8416697184244,624.5014868842231,598.5634924316406,485.7960565185547,464.02448440551757,637.0948428900593,277.12061275848885,690.6084995263309,True,True,True,True,True,True,True,True,False,124.16654501523819,noise,58.40473895659603,False,False,False,False,,Electrical Equipment,Other Electrical Equipment,97.65301426599171,True,True,2469.13,16.63,260120.0,0.6734,20
ROLEXRINGS.NS,2026-08-07,156.67999267578125,141.6533342997233,145.2425020005968,143.56240112304687,136.2142672220866,131.66155055999755,145.78701375387897,99.79000091552734,176.0,True,True,True,True,True,True,True,True,False,11.898291597607802,ppv,313.6844332662874,False,False,False,False,,Auto Components,Auto Components & Equipments,71.23791992636907,True,True,4110.24,30.3,1933795.0,0.7372,20
ROLLT.NS,2026-08-07,3.109999895095825,2.5041666626930237,2.595833328035143,2.5825999927520753,1.8543999965985616,1.6981499987840651,2.670171770508927,1.0199999809265137,3.740000009536743,True,True,True,True,True,True,True,True,False,110.13512533890074,ppv,212.2532384651965,False,False,False,False,,Industrial Products,Packaging,96.91670501610676,True,True,77.79,0.14,460503.0,0.1841,5
ROSSTECH.NS,2026-08-07,1092.6500244140625,1003.0124918619791,992.0305514865452,1001.2759985351563,852.7163334147135,809.1607507324219,1034.825364139277,548.899205167992,1122.0,True,True,True,True,True,True,True,True,False,84.13785484792717,noise,38.3623051815649,False,True,True,False,,Aerospace & Defense,Aerospace & Defense,95.07593189139439,True,True,4134.62,25.8,236152.0,0.6241,20
RSWM.NS,2026-08-07,207.6300048828125,216.61833318074545,205.42388788859049,202.51519958496092,167.42973342895507,163.95745014190675,216.42125944899564,120.0,238.0,True,True,True,True,True,True,True,False,False,38.13452748003292,noise,51.85272225116873,False,False,False,False,,Textiles & Apparels,Other Textile Products,85.68798895536125,True,True,977.97,3.5,168465.0,0.3577,5
RUBYMILLS.NS,2026-08-07,378.5,381.9583333333333,366.85694630940753,354.0740014648438,261.4685999552409,251.79495018005372,374.47702769668876,169.02000427246094,424.8999938964844,True,True,True,True,True,True,True,True,False,57.53941204172239,dry,7.852478111217264,False,False,False,False,,Textiles & Apparels,Other Textile Products,91.16428900138058,True,True,1265.7,2.82,74574.0,0.223,5
SAIL.NS,2026-08-07,176.5800018310547,168.9366683959961,168.43138885498047,174.13980010986327,168.51646657307944,160.1871000289917,171.48801974908667,116.63813628480024,209.6999969482422,True,True,True,True,True,True,True,True,True,42.851647913835336,noise,58.288529081107,False,False,False,False,,Ferrous Metals,Iron & Steel,87.20662678324896,True,True,72936.82,374.29,21196560.0,0.5132,No Band
SCI.NS,2026-08-07,304.75,288.54166920979816,293.4972203572591,295.3419982910156,271.65153330485026,262.5955029296875,294.9201148484137,188.13907265787077,368.75,True,True,True,True,True,True,True,True,False,53.27571937631541,red,306.869858059187,False,False,False,False,,Transport Services,Shipping,90.33594109526001,True,True,14195.22,191.13,6271853.0,1.3465,20
SPAL.NS,2026-08-07,1036.5999755859375,1007.6999969482422,1056.8111046685112,992.1849963378907,817.4923315429687,796.8354986572266,1020.3102400563237,600.0,1221.9000244140625,True,True,True,True,True,True,True,True,False,33.089983089924324,dry,11.705139186539732,False,True,False,False,,Textiles & Apparels,Garments & Apparels,83.9392544868845,True,True,2605.9,28.31,273089.0,1.0863,20
SALSTEEL.NS,2026-08-07,61.75,59.3633337020874,57.3033332824707,57.97779991149903,50.86439999898275,47.895399990081785,59.59899483765672,14.369999885559082,67.58999633789062,True,True,True,True,True,True,True,True,False,275.83687676833154,red,889.2917997217337,False,False,False,False,,Ferrous Metals,Sponge Iron,99.58582604693972,True,True,893.93,0.8,128990.0,0.0891,10
SAHYADRI.NS,2026-08-07,335.45001220703125,306.64405568440753,289.5053176879883,285.14288513183595,264.85496592203776,261.8962683105469,314.26521274077766,199.19635111813503,336.95001220703125,True,True,True,True,True,True,True,True,False,13.690651282885092,green,156.0793727311185,False,False,True,False,,Other Construction Materials,Other Construction Materials,72.29636447307868,True,True,367.19,0.32,9487.0,0.0867,20
SAILIFE.NS,2026-08-07,1365.199951171875,1323.3083394368489,1270.5722317165798,1246.8740063476562,1070.5846655273438,1025.5419989013672,1345.917525497019,778.5,1449.800048828125,True,True,True,True,True,True,True,True,False,71.79889375558872,red,210.9587693159678,False,False,False,False,,Pharmaceuticals & Biotechnology,Pharmaceuticals,93.60331339162448,True,True,28985.05,80.19,587397.0,0.2767,20
SAKAR.NS,2026-08-07,924.6500244140625,871.6625061035156,851.7222239176432,840.8990002441407,637.5806660970052,575.8807496643067,892.568815550705,311.0,960.0,True,True,True,True,True,True,True,True,False,172.75811929618362,noise,52.572016722688865,False,False,True,False,,Pharmaceuticals & Biotechnology,Pharmaceuticals,98.84951679705476,True,True,2029.6,19.04,205948.0,0.9383,20
MOTHERSON.NS,2026-08-07,168.5,151.27333450317383,147.15283245510525,146.18130096435547,129.99760411580402,125.64253242492676,153.9754480020671,89.26729985800641,169.8000030517578,True,True,True,True,True,True,True,True,False,73.872207073078,ppv,534.2198007374176,True,False,True,False,,Auto Components,Auto Components & Equipments,93.92544868844915,True,True,177451.25,393.12,23330631.0,0.2215,No Band
SANDHAR.NS,2026-08-07,666.6500244140625,621.0541636149088,651.5819447835287,666.1630004882812,568.0213342285156,562.3165002441406,638.3215603858638,402.13661244010495,763.2000122070312,True,True,True,True,True,True,True,True,False,39.870567406198255,noise,54.58012899159949,False,False,False,False,,Auto Components,Auto Components & Equipments,86.47031753336401,True,True,4022.25,41.49,622325.0,1.0314,20
SANGAMIND.NS,2026-08-07,611.7999877929688,611.4499969482422,585.5263875325521,569.3666198730468,501.6171427408854,486.69440719604495,611.6532082684023,338.5928651443625,672.5,True,True,True,True,True,True,True,True,False,48.15584331892184,dry,12.670894759668764,False,False,False,False,,Textiles & Apparels,Other Textile Products,89.18545789231477,True,True,3016.79,6.85,112028.0,0.2272,20
SANGINITA.NS,2026-08-07,59.099998474121094,62.853333155314125,52.844166331821015,47.36259990692139,27.316199995676676,23.05050000190735,61.4249727547342,9.09000015258789,68.0199966430664,True,True,True,True,True,True,True,False,False,489.8203171071652,dry,16.30473924586312,False,False,False,False,,Chemicals & Petrochemicals,Specialty Chemicals,99.81592268752875,True,True,153.08,0.72,122459.0,0.4728,2
SANSERA.NS,2026-08-07,3863.800048828125,3416.1749877929688,3263.316663953993,3161.8800048828125,2527.532000325521,2301.3624981689454,3543.928130845494,1213.621511341324,3880.10009765625,True,True,True,True,True,True,True,True,False,202.2186427480559,noise,73.55392526375124,False,False,True,False,,Auto Components,Auto Components & Equipments,99.40174873446847,True,True,24111.49,115.73,299524.0,0.48,20
SAREGAMA.NS,2026-08-07,519.2000122070312,521.6875,497.24583435058594,485.9679998779297,393.91966532389324,393.6013020324707,524.571805344069,307.04998779296875,574.5,True,True,True,True,True,True,True,False,False,11.394958951575074,noise,34.80364712969086,False,False,False,False,,Entertainment,Media & Entertainment,70.82374597330879,True,True,9966.54,189.33,3646534.0,1.8996,20
SOTL.NS,2026-08-07,756.4500122070312,654.1249949137369,595.1013912624783,581.6070001220703,438.0880000813802,423.5420001220703,674.6731445794716,285.79998779296875,814.7999877929688,True,True,True,True,True,True,True,True,False,87.93628105591887,red,157.49172426895893,False,False,False,False,,Petroleum Products,Lubricants,95.39806718821904,True,True,5186.25,54.52,720688.0,1.0512,20
SBC.NS,2026-08-07,41.15999984741211,41.81000010172526,42.0377779006958,40.69500015258789,34.893666699727376,32.727250051498416,41.62113789873537,15.550000190734863,45.0,True,True,True,True,True,True,True,False,False,129.55939289934432,noise,45.4724624367292,False,True,False,False,,Textiles & Apparels,Garments & Apparels,97.92913023469858,True,True,1960.0,49.17,11946370.0,2.5087,20
SCHNEIDER.NS,2026-08-07,1354.800048828125,1336.316670735677,1374.9083387586807,1316.1900073242186,1070.8973352050782,995.5705026245117,1341.6568782600525,571.8499755859375,1548.0,True,True,True,True,True,True,True,True,False,31.228207747964774,noise,36.25711808573824,False,False,False,False,,Electrical Equipment,Heavy Electrical Equipment,83.29498389323517,True,True,32393.82,57.21,422258.0,0.1766,20
SEAMECLTD.NS,2026-08-07,1527.699951171875,1454.058329264323,1432.772220187717,1470.1939990234375,1405.679667154948,1287.0019985961915,1472.4419390425462,752.5499877929688,1709.199951171875,True,True,True,True,True,True,True,True,False,92.92795330850869,noise,65.39978631991448,False,False,False,False,,Transport Services,Shipping,95.76622181316152,True,True,3897.78,14.4,94231.0,0.3693,20
SENCO.NS,2026-08-07,388.79998779296875,398.5500005086263,364.10416497124567,358.1129992675781,334.4336334228516,330.5509684753418,393.1856669674889,276.0,430.0,True,True,True,True,True,True,True,False,False,15.391250870628848,noise,95.91253166165473,False,True,False,False,,Consumer Durables,"Gems, Jewellery And Watches",73.63092498849517,True,True,6372.47,65.15,1675550.0,1.0223,20
SENORES.NS,2026-08-07,1342.5999755859375,1345.4666748046875,1358.777784559462,1298.6380029296874,1000.9200004069011,948.5417514038086,1343.9208400562773,632.0499877929688,1509.800048828125,True,True,True,True,True,True,True,False,False,98.52136623088906,noise,61.887748653271125,False,False,False,False,,Pharmaceuticals & Biotechnology,Pharmaceuticals,96.27243442245744,True,True,6183.15,59.29,441574.0,0.9588,20
SETCO.NS,2026-08-07,17.75,17.860833326975506,17.55722239282396,17.48088747024536,12.813174028396606,11.905234653949737,17.816450116617467,6.30912658406512,19.770000457763672,True,True,True,True,True,True,True,False,False,106.36247822698049,noise,23.29806077736012,False,False,False,False,,Auto Components,Auto Components & Equipments,96.59456971928209,True,True,238.04,0.25,140465.0,0.1047,2
SCPL.NS,2026-08-07,639.9000244140625,603.7499949137369,533.390274895562,513.0049969482421,398.44266540527343,359.6859493255615,610.0264282229546,190.02999877929688,665.0,True,True,True,True,True,True,True,True,False,114.83968819919039,red,114.52285822310652,False,False,False,False,,Food Products,Dairy Products,97.100782328578,True,True,671.9,3.43,53566.0,0.5102,20
SHILPAMED.NS,2026-08-07,759.75,645.2416636149088,616.3097195095486,594.6449975585938,441.00866556803385,417.6672494506836,675.0450650559252,259.5,786.1500244140625,True,True,True,True,True,True,True,True,False,76.51016570856505,ppv,341.9301645410161,True,True,True,False,,Pharmaceuticals & Biotechnology,Pharmaceuticals,94.201564657156,True,True,14859.33,131.84,1735312.0,0.8873,20
SHIVAUM.NS,2026-08-07,421.0,419.71666717529297,410.90416463216144,392.8579986572266,342.2673327636719,329.92449966430667,421.86357675982856,275.0,474.0,True,True,True,True,True,True,True,False,False,39.40397350993376,noise,26.48941058205625,False,False,False,False,,Commercial Services & Supplies,Trading & Distributors,86.24022089277497,True,True,572.58,0.5,11944.0,0.0878,20
SBCL.NS,2026-08-07,920.9000244140625,767.2958424886068,752.1722242567274,743.6609997558594,580.6687349446614,549.4206578063964,787.2824286129305,368.6000061035156,920.9000244140625,True,True,True,True,True,True,True,True,False,74.51354779370516,ppv,1160.3978988580945,True,False,True,False,,Industrial Products,Iron & Steel Products,94.06350667280257,True,True,5304.77,49.37,536124.0,0.9307,20
SHRIRAMFIN.NS,2026-08-07,1115.0,1065.3749898274739,1043.9107699924045,1013.0628405761719,996.5552958170573,955.8628036499024,1086.493178337701,559.901669759886,1153.699951171875,True,True,True,True,True,True,True,True,False,79.04145447659991,noise,55.93972839773611,False,False,False,False,,Finance,Non Banking Financial Company (NBFC),94.6157386102163,True,True,262353.75,650.97,5838300.0,0.2481,No Band
SHRIPISTON.NS,2026-08-07,4392.7998046875,4340.491617838542,4208.521497938368,4010.1249853515624,3445.14484375,3289.008623046875,4365.519602367525,2294.657559959507,4549.0,True,True,True,True,True,True,True,True,False,82.96055340944102,noise,84.55962706698483,False,False,False,False,,Auto Components,Auto Components & Equipments,94.93787390704097,True,True,19350.21,27.4,62374.0,0.1416,20
SIEMENS.NS,2026-08-07,3940.10009765625,3795.4208780924478,3648.9402126736113,3645.5668798828124,3425.6169270833334,3355.1973681640625,3848.90616788535,2812.180840788319,4073.800048828125,True,True,True,True,True,True,True,True,False,32.264220125741836,noise,59.83565171249887,False,False,False,False,,Electrical Equipment,Heavy Electrical Equipment,83.80119650253106,True,True,140315.04,170.64,433080.0,0.1216,No Band
SIGMAADV.NS,2026-08-07,700.9500122070312,617.9916687011719,580.9694400363499,545.5509967041015,323.7955995686849,290.8131001281738,648.5550496767036,108.75,721.5,True,True,True,True,True,True,True,True,False,492.91998390224876,noise,43.993507683063555,False,True,False,False,,Aerospace & Defense,Aerospace & Defense,99.86194201564658,True,True,12353.52,28.6,408039.0,0.2315,5
SIS.NS,2026-08-07,434.95001220703125,431.31666564941406,432.09444342719183,428.6129992675781,362.14892618815105,353.18017028808595,431.7316717252161,257.04998779296875,480.95001220703125,True,True,True,True,True,True,True,True,False,17.316543836026653,noise,28.47730525230302,False,True,False,False,,Other Consumer Services,Other Consumer Services,75.10354348826507,True,True,6146.18,11.94,274542.0,0.1943,20
SJS.NS,2026-08-07,2446.10009765625,2399.5,2257.6384480794272,2209.5567578125,1905.2667057291667,1847.767071533203,2408.6104562538294,1129.4649379983273,2590.0,True,True,True,True,True,True,True,True,False,106.98440400775073,green,182.6392163199771,False,False,False,False,,Auto Components,Auto Components & Equipments,96.6405890473999,True,True,7834.04,25.63,104760.0,0.3271,20
SKYGOLD.NS,2026-08-07,719.4000244140625,669.5833384195963,606.0347205268013,583.5749993896484,447.0836657714844,420.65999923706056,676.9738924806682,246.0500030517578,728.4000244140625,True,True,True,True,True,True,True,True,False,177.97529302418602,ppv,162.20377697580543,False,False,True,False,,Consumer Durables,"Gems, Jewellery And Watches",99.07961343764381,True,True,11141.63,103.61,1440228.0,0.9299,20
SMARTLINK.NS,2026-08-07,215.19000244140625,211.40166473388672,193.98297670152454,184.2893524169922,147.86358352661134,143.95993526458741,214.0488777286052,102.34948836265465,231.97999572753906,True,True,True,True,True,True,True,True,False,53.90689558984854,noise,74.24213745629153,False,False,False,False,,IT - Hardware,Computers Hardware & Equipments,90.47399907961345,True,True,214.65,0.44,20424.0,0.2048,5
SMCGLOBAL.NS,2026-08-07,79.54000091552734,79.27083396911621,76.013611263699,73.27529663085937,71.75503089904785,71.29668046951294,79.63903291570686,53.98783826986195,93.45573319525865,True,True,True,True,True,True,True,False,False,14.867686065746977,noise,47.0628074034977,False,False,False,False,,Capital Markets,Stockbroking & Allied,73.17073170731707,True,True,1665.57,5.09,640491.0,0.3059,20
SMLMAH.NS,2026-08-07,5554.0,4934.6916910807295,4333.832539876302,4184.5288916015625,4097.531261393229,3893.112203369141,5232.240932960326,2703.052088847761,5987.89990234375,True,True,True,True,True,True,True,True,False,56.08114287603989,noise,60.60794029117575,False,False,False,False,,"Agricultural, Commercial & Construction Vehicles",Commercial Vehicles,90.88817303267372,True,True,8037.55,73.97,133187.0,0.9203,10
SOLARINDS.NS,2026-08-07,18650.0,18448.59033203125,18326.64084201389,18185.4129296875,15643.4629296875,15026.211162109375,18498.84158574872,11639.12322904721,19175.669773650465,True,True,True,True,True,True,True,True,False,29.897116037256446,noise,38.85261252203803,False,True,False,False,,Chemicals & Petrochemicals,Explosives,82.60469397146801,True,True,168763.95,283.77,152155.0,0.1681,No Band
SONACOMS.NS,2026-08-07,818.0499877929688,760.1583353678385,692.1246185302734,665.3891638183594,574.8356125895182,552.6544845581054,775.300672503968,399.8350028638013,824.5999755859375,True,True,True,True,True,True,True,True,False,84.09601666940804,green,153.84857295487117,False,True,True,False,,Auto Components,Auto Components & Equipments,95.02991256327658,True,True,50939.74,189.98,2322356.0,0.373,No Band
SONAMLTD.NS,2026-08-07,54.41999816894531,54.36329714457194,53.99931399027506,54.40940498352051,50.51531883239746,48.34936122894287,54.4705096151458,37.192837659100036,62.65103392112679,True,True,True,True,True,True,True,False,False,18.73099713265396,noise,64.60461735211067,False,False,False,False,,Consumer Durables,Consumer Electronics,75.83985273815003,True,True,217.85,0.31,56678.0,0.1416,20
SOUTHBANK.NS,2026-08-07,47.16999816894531,47.048333485921226,46.30750009748671,46.00240020751953,41.98466679890951,41.18410015106201,46.9890874592113,27.970228553484873,49.900001525878906,True,True,True,True,True,True,True,True,False,65.72083242562346,noise,21.398082111788028,False,True,False,False,,Banks,Private Sector Bank,92.6829268292683,True,True,12349.98,80.21,17003697.0,0.6494,20
SPECTRUM.NS,2026-08-07,2440.699951171875,2401.2250162760415,2063.41945054796,1933.6800024414063,1507.6439990234376,1455.705498046875,2421.3121653405524,1050.0,2637.199951171875,True,True,True,True,True,True,True,True,False,49.05947934410655,noise,25.18865014590903,False,False,False,False,,Industrial Manufacturing,Industrial Products,89.3235158766682,True,True,3835.28,12.31,50442.0,0.321,20
SPORTKING.NS,2026-08-07,214.33999633789062,211.72833251953125,193.59277767605252,189.59719970703125,143.30173314412434,131.18949977874755,210.7295476528689,78.16999816894531,241.50999450683594,True,True,True,True,True,True,True,True,False,95.04677614309091,noise,89.26059143601027,False,False,False,False,,Textiles & Apparels,Other Textile Products,95.95029912563277,True,True,2727.92,15.99,746077.0,0.5862,20
SETL.NS,2026-08-07,281.0,275.6750005086263,265.0002776251899,234.42920013427735,164.72666646321613,164.1971499633789,276.7466857980161,104.55999755859375,305.29998779296875,True,True,True,True,True,True,True,True,False,50.06675567423231,noise,45.51436702417771,False,True,False,False,,Industrial Manufacturing,Industrial Products,89.69167050161067,True,True,5674.27,27.53,979768.0,0.4852,5
SSWL.NS,2026-08-07,308.5,303.4366709391276,266.06972206963434,254.4531997680664,221.41280049641927,216.9567505645752,304.81495912964215,169.0,328.3999938964844,True,True,True,True,True,True,True,True,False,39.3989763913624,noise,49.495647845084804,False,True,False,False,,Auto Components,Auto Components & Equipments,86.19420156465716,True,True,4851.63,34.07,1104402.0,0.7023,20
STEELCAS.NS,2026-08-07,331.6000061035156,319.0245869954427,308.8887490166558,301.86922424316407,263.08529022216794,250.93189079284667,324.5663671730132,175.13958500232704,345.03966981791604,True,True,True,True,True,True,True,True,False,62.20302911016697,noise,20.997726803840774,False,False,False,False,,Industrial Products,Castings & Forgings,92.13069489185457,True,True,3355.79,6.77,204309.0,0.2019,20
STLTECH.NS,2026-08-07,638.9000244140625,575.2291717529297,571.4694442749023,581.0269989013672,340.1278658548991,282.11269931793214,593.9987973915953,84.5999984741211,679.9000244140625,True,True,True,True,True,True,True,True,True,406.2198154255949,noise,61.041999314134934,False,False,False,False,,Telecom -  Equipment & Accessories,Telecom -  Equipment & Accessories,99.76990335941095,True,True,32833.79,187.5,2934743.0,0.5711,5
STYLAMIND.NS,2026-08-07,3536.5,3442.8499959309897,3327.8138834635415,3269.469990234375,2620.608671875,2488.9890063476564,3471.3023539744227,1594.0999755859375,4150.0,True,True,True,True,True,True,True,True,False,95.50555322401195,dry,19.77251384448801,False,True,False,False,,Consumer Durables,Plywood Boards/ Laminates,95.99631845375058,True,True,5997.46,27.85,78753.0,0.4644,20
SUNFLAG.NS,2026-08-07,389.3999938964844,365.56666564941406,352.3277757432726,355.71,300.499600016276,290.27945053100586,371.47061006051354,192.14999389648438,428.0,True,True,True,True,True,True,True,True,False,32.15193788044593,ppv,102.5222035890882,False,False,False,False,,Industrial Products,Iron & Steel Products,83.70915784629544,True,True,7017.75,13.39,343907.0,0.1908,10
SUPREMEENG.NS,2026-08-07,2.2899999618530273,2.078333338101705,1.7238888906108008,1.5494000005722046,1.2627333331108093,1.1939999997615813,2.121438515303548,0.6800000071525574,2.2899999618530273,True,True,True,True,True,True,True,True,False,70.8955152843653,ppv,85.23587703260246,False,False,True,False,,Industrial Products,Iron & Steel Products,93.46525540727106,True,True,57.24,0.03,143654.0,0.0575,2
SUVEN.NS,2026-08-07,318.3999938964844,311.5249989827474,310.0236117045085,297.00600158691407,215.791000773112,206.4832508087158,315.6179944268106,124.11000061035156,371.0,True,True,True,True,True,True,True,True,False,18.783812123283504,noise,30.09324618374344,False,True,False,False,,Healthcare Services,"Healthcare Research, Analytics & Technology",75.93189139438564,True,True,8996.8,62.04,1948412.0,0.6896,20
SWANDEF.NS,2026-08-07,2694.89990234375,2484.5916748046875,2305.813900417752,2223.80201171875,1975.904003092448,1742.2435015869141,2520.684509431246,321.55999755859375,2735.0,True,True,True,True,True,True,True,True,False,738.0706315475989,ppv,99.76778488708166,False,False,True,False,,Industrial Manufacturing,Ship Building & Allied Services,99.95398067188219,True,True,14197.31,4.94,18326.0,0.0348,5
SGIL.NS,2026-08-07,603.2999877929688,597.9125010172526,590.1833343505859,583.3250024414062,540.0190026855469,539.6447526550293,598.0307058296939,420.0,632.1411998016907,True,True,True,True,True,True,True,True,False,14.48346641040754,noise,58.969028520207964,False,False,False,False,,Industrial Products,Castings & Forgings,72.8485964104924,True,True,937.23,1.01,16824.0,0.1083,20
SYRMA.NS,2026-08-07,1424.699951171875,1369.7916666666667,1385.3583340115017,1344.446005859375,1020.1930029296875,962.2592523193359,1393.7199653426233,634.5,1517.699951171875,True,True,True,True,True,True,True,True,False,98.97360465085552,noise,36.468166720264854,False,True,False,False,,Industrial Manufacturing,Industrial Products,96.36447307869305,True,True,27443.28,215.81,1514792.0,0.7864,20
TMB.NS,2026-08-07,875.9500122070312,855.7791748046875,800.2138892279731,786.5464733886719,682.6862532552084,635.4249546813965,856.8937999449863,405.09227596916213,917.0,True,True,True,True,True,True,True,True,False,103.30008594335331,noise,29.272671256704726,False,False,False,False,,Banks,Private Sector Bank,96.54855039116428,True,True,13870.8,36.85,420686.0,0.2657,20
TALBROAUTO.NS,2026-08-07,439.3500061035156,410.0625,403.709721883138,389.88199951171873,314.61113220214844,307.0307028198242,419.70922766815886,219.89999389648438,449.8500061035156,True,True,True,True,True,True,True,True,False,53.076903365281815,noise,42.57825143428735,False,False,True,False,,Auto Components,Auto Components & Equipments,90.2899217671422,True,True,2712.03,15.02,341822.0,0.5538,20
TDPOWERSYS.NS,2026-08-07,1260.9000244140625,1137.8474934895833,1168.1260172526042,1184.4114282226562,1010.2361315917968,940.4239614868164,1167.597678664515,465.2271257895378,1378.2539747853812,True,True,True,True,True,True,True,True,False,150.20739203920263,green,107.84326343972435,False,False,False,False,,Electrical Equipment,Heavy Electrical Equipment,98.52738150023009,True,True,19698.84,166.56,1320986.0,0.8455,20
THYROCARE.NS,2026-08-07,603.25,585.1833343505859,553.5348519219292,544.9485089111328,457.5030021158854,456.4285578918457,589.0123825774597,338.148639887055,617.4500122070312,True,True,True,True,True,True,True,True,False,39.58314503154432,noise,28.22259108916072,False,False,False,False,,Healthcare Services,Healthcare Service Provider,86.4242982052462,True,True,9601.43,49.05,813143.0,0.5109,20
TIRUPATIFL.NS,2026-08-07,72.06999969482422,72.69333330790202,66.62555514441596,60.63419975280762,46.9211331431071,44.029999837875366,71.89309633593463,30.110000610351562,83.9000015258789,True,True,True,True,True,True,True,True,False,86.27552921408459,noise,21.127352752254037,False,False,False,False,,Industrial Products,Castings & Forgings,95.26000920386562,True,True,854.2,6.07,842668.0,0.711,5
TITAN.NS,2026-08-07,4941.0,4860.49169921875,4611.877848307292,4489.141567382812,4291.552071940104,4179.672194824218,4887.212175381971,3292.2971645749917,5005.0,True,True,True,True,True,True,True,True,False,45.02407568930078,red,134.47358375400145,False,True,False,False,,Consumer Durables,"Gems, Jewellery And Watches",88.03497468936953,True,True,438289.06,515.77,1043856.0,0.1177,No Band
TORNTPHARM.NS,2026-08-07,4924.0,4981.4916585286455,4838.3833414713545,4726.576005859375,4364.724627278646,4199.14082397461,4974.44395469477,3450.040733610751,5250.0,True,True,True,True,True,True,True,False,False,38.40452085523707,noise,59.09147711555358,False,False,False,False,,Pharmaceuticals & Biotechnology,Pharmaceuticals,85.9180855959503,True,True,187293.13,308.58,626676.0,0.1648,No Band
TFCILTD.NS,2026-08-07,117.4800033569336,101.56666692097981,86.49527782864041,83.26460006713867,74.23779983520508,72.48044984817506,105.11751896215273,51.0,118.0,True,True,True,True,True,True,True,True,False,114.13881669422724,ppv,232.15908530771264,False,False,True,False,,Finance,Financial Institution,97.0547630004602,True,True,5439.06,108.52,9237292.0,1.9952,20
TVSMOTOR.NS,2026-08-07,4440.89990234375,4189.7583414713545,3794.0611097547744,3675.4559912109376,3642.449326171875,3621.307532958984,4257.719511898541,2902.8536463186956,4458.0,True,True,True,True,True,True,True,True,False,49.383959070435445,noise,68.2193668403362,False,False,False,False,,Automobiles,2/3 Wheelers,89.369535204786,True,True,211043.22,534.51,1203607.0,0.2533,No Band
UJJIVANSFB.NS,2026-08-07,70.11000061035156,70.57333374023438,64.38555579715305,61.646400146484375,59.2502001953125,57.712150173187254,70.10548770940574,41.31999969482422,73.29000091552734,True,True,True,True,True,True,True,True,False,59.377126472515144,noise,45.47467915232872,False,False,False,False,,Banks,Other Bank,91.44040497008744,True,True,13661.22,125.95,17964649.0,0.922,20
UNIMECH.NS,2026-08-07,1446.699951171875,1263.25,1214.0847303602432,1180.4210107421875,995.5983378092448,989.2957528686524,1305.4703970548956,695.0,1459.9000244140625,True,True,True,True,True,True,True,True,False,29.377572379227136,ppv,324.3500607237281,True,False,True,False,,Aerospace & Defense,Aerospace & Defense,82.09848136217211,True,True,7363.99,22.81,157697.0,0.3098,10
UNIPARTS.NS,2026-08-07,814.5999755859375,734.6666666666666,693.3847198486328,678.1130017089844,551.6314975992839,534.3179147338867,754.1026255123767,310.005232163007,820.3499755859375,True,True,True,True,True,True,True,True,False,151.75998379247733,green,141.3031655972121,False,True,True,False,,Auto Components,Auto Components & Equipments,98.61942015646572,True,True,3674.28,19.21,235787.0,0.5227,20
UNIDT.NS,2026-08-07,234.97999572753906,228.44916661580405,223.4438887702094,227.12940032958986,204.47611501057943,203.3183130645752,231.3833767872286,146.0,254.97000122070312,True,True,True,True,True,True,True,True,False,14.84499338619456,noise,61.26117820595557,False,True,False,False,,Industrial Manufacturing,Industrial Products,73.12471237919927,True,True,477.08,0.4,17136.0,0.0844,5
UFBL.NS,2026-08-07,807.5999755859375,719.6999918619791,702.4249962700737,658.9749975585937,402.0341326904297,349.3823496246338,744.1585423899019,172.33999633789062,829.0,True,True,True,True,True,True,True,True,False,196.85719971453358,ppv,156.53667330574183,False,False,True,False,,Leisure Services,Restaurants,99.30971007823285,True,True,3156.62,32.92,407611.0,1.0428,5
UNIVASTU.NS,2026-08-07,134.75,133.80666542053223,110.32750002543132,102.30119964599609,78.5257332611084,76.02569997787475,135.35754850797653,56.02000045776367,150.5,True,True,True,True,True,True,True,False,False,55.90049951496117,red,149.32181704442124,False,False,False,False,,Construction,Civil Construction,90.84215370455591,True,True,484.92,2.64,195787.0,0.5441,5
UNIVCABLES.NS,2026-08-07,1411.199951171875,1346.1842753092449,1246.645728217231,1231.3162646484375,941.7059171549479,917.3088226318359,1369.2466101874695,573.9009093095138,1475.0,True,True,True,True,True,True,True,True,False,97.26492229181243,noise,73.7521738192799,False,False,False,False,,Industrial Products,Cables - Electricals,96.22641509433963,True,True,4896.21,37.96,268992.0,0.7753,20
UNIVPHOTO.NS,2026-08-07,471.70001220703125,475.72083536783856,411.5875032212999,401.4960028076172,375.78986877441406,344.79765144348147,470.4541926517868,180.60000610351562,515.7999877929688,True,True,True,True,True,True,True,True,False,78.84360652399289,red,115.46627143086043,False,False,False,False,,Consumer Durables,Consumer Electronics,94.56971928209849,True,True,516.35,0.04,775.0,0.0071,5
USHAMART.NS,2026-08-07,515.0499877929688,506.2333348592122,498.1458324856228,497.27599853515625,455.0189990234375,453.2279991149902,508.9292966860559,333.6000061035156,527.5,True,True,True,True,True,True,True,True,False,40.532056696580845,noise,37.219066208430455,False,False,False,False,,Industrial Products,Iron & Steel Products,86.60837551771743,True,True,15678.14,33.45,649479.0,0.2134,20
WABAG.NS,2026-08-07,1957.699951171875,1968.9583231608074,2049.4706353081597,1926.135732421875,1506.4962353515625,1468.2057385253906,1979.8192637484217,1030.4859602847353,2248.015501662673,True,True,True,True,True,True,True,False,False,27.326034488233987,noise,21.817716816724257,False,False,False,False,,Other Utilities,Water Supply & Management,81.0860561435803,True,True,12219.47,137.12,700407.0,1.1221,20
VIJAYA.NS,2026-08-07,1351.0999755859375,1355.7333374023438,1354.7583414713542,1339.3440014648438,1139.999667561849,1108.4542504882813,1361.8495738042877,848.0,1440.0,True,True,True,True,True,True,True,False,True,24.603890904100624,red,210.94957642911695,False,False,False,False,,Healthcare Services,Healthcare Service Provider,79.93557294063507,True,True,13916.02,40.89,302643.0,0.2938,20
VIJIFIN.NS,2026-08-07,11.25,10.133333285649618,7.975833336512248,6.850000014305115,4.299400006930034,3.9115500044822693,10.35076438551071,2.009999990463257,11.25,True,True,True,True,True,True,True,True,False,175.0611144325195,ppv,595.9932365025766,False,False,True,False,,Finance,Non Banking Financial Company (NBFC),98.94155545329039,True,True,215.44,0.22,198911.0,0.1039,2
VINDHYATEL.NS,2026-08-07,2241.699951171875,2077.450724283854,2034.1294962565105,2054.0519140625,1544.9760221354168,1519.3102349853516,2163.1596955910095,960.833530571369,2476.994519629281,True,True,True,True,True,True,True,True,False,46.3203169326988,noise,61.079204412578136,False,False,False,False,,Construction,Civil Construction,88.44914864242982,True,True,2656.61,22.7,101255.0,0.8544,20
VIYASH.NS,2026-08-07,277.0,260.9583320617676,270.2444424099392,264.7539984130859,227.97913269042968,225.08249923706055,266.78175947152374,167.10000610351562,298.0,True,True,True,True,True,True,True,True,False,54.826445883453246,ppv,97.00614426146986,False,False,False,False,,Pharmaceuticals & Biotechnology,Pharmaceuticals,90.61205706396687,True,True,12090.03,67.9,2451408.0,0.5617,20
VOLTAMP.NS,2026-08-07,9965.0,9604.958333333334,9685.168511284723,9656.17251953125,9005.34335611979,8694.477072753907,9767.929753725726,6594.353209382375,12724.746990128295,True,True,True,True,True,True,True,True,False,18.795550289288943,noise,58.16720976295445,False,False,False,False,,Electrical Equipment,Heavy Electrical Equipment,75.97791072250345,True,True,10081.71,51.75,51936.0,0.5133,20
WELCORP.NS,2026-08-07,1839.800048828125,1696.2166748046875,1590.6602715386284,1532.68900390625,1144.980206298828,1071.6915386962892,1735.5358901091477,707.6502693631002,1865.0,True,True,True,True,True,True,True,True,False,110.75630827897487,noise,70.19058782161605,False,False,True,False,,Industrial Products,Iron & Steel Products,96.96272434422457,True,True,48516.25,182.94,994364.0,0.3771,20
WELINV.NS,2026-08-07,1851.0,1875.9833374023438,1817.9861145019531,1812.3620043945311,1530.3140006510416,1464.9454986572266,1865.988575360678,865.0,1980.0,True,True,True,True,True,True,True,False,False,74.52385843940826,dry,13.48447178795668,False,False,False,False,,Finance,Investment Company,94.10952600092038,True,True,678.68,0.17,930.0,0.0254,5
WELSPUNLIV.NS,2026-08-07,164.08999633789062,160.71750005086264,164.02912521362305,158.5016943359375,138.0926020304362,137.10689960479738,160.9532057867553,107.03568289025932,174.97000122070312,True,True,True,True,True,True,True,True,False,34.59184995923934,ppv,210.53932533920081,False,False,False,False,,Textiles & Apparels,Other Textile Products,84.53750575241602,True,True,15502.44,45.03,2744313.0,0.2905,20
WSTCSTPAPR.NS,2026-08-07,599.0999755859375,574.4291636149088,540.2611134847006,531.4520007324219,471.51233459472655,460.56200134277344,577.192601969577,375.0,601.7999877929688,True,True,True,True,True,True,True,True,False,16.822135480606846,noise,67.10020360087165,False,False,True,False,,"Paper, Forest & Jute Products",Paper & Paper Products,74.7814081914404,True,True,3956.99,10.62,177247.0,0.2684,20
WOCKPHARMA.NS,2026-08-07,2021.0,1940.624979654948,1923.8055453830295,1935.1579858398438,1582.1439908854168,1525.5469940185546,1968.6251858150213,1086.699951171875,2422.300048828125,True,True,True,True,True,True,True,True,False,30.758283638936934,noise,36.259432276086976,False,False,False,False,,Pharmaceuticals & Biotechnology,Pharmaceuticals,83.01886792452831,True,True,32839.67,330.57,1635655.0,1.0066,20
YASHO.NS,2026-08-07,4152.7001953125,3612.7339477539062,3181.1695149739585,3003.1258447265627,1992.1531282552082,1889.6199713134765,3824.6169397697367,1129.8189394012777,4490.0,True,True,True,True,True,True,True,True,False,126.67625817979449,noise,55.46156758696094,False,False,False,False,,Chemicals & Petrochemicals,Specialty Chemicals,97.79107225034515,True,True,5006.95,23.39,56319.0,0.4671,10
YATHARTH.NS,2026-08-07,870.5,842.9500020345052,844.0374993218315,837.8820007324218,750.0989990234375,747.3487487792969,850.4638533587276,538.25,889.9000244140625,True,True,True,True,True,True,True,True,False,27.09884201635411,noise,63.222087517155614,False,False,False,False,,Healthcare Services,Hospital,80.90197883110906,True,True,8387.65,28.92,332199.0,0.3448,20
ZYDUSLIFE.NS,2026-08-07,1114.199951171875,1115.6499837239583,1122.6142578125,1112.496884765625,985.1239420572916,973.999137878418,1118.8727129263402,834.749872350541,1180.4391594331853,True,True,True,True,True,True,True,False,False,16.13654667069502,noise,55.208253357525315,False,False,False,False,,Pharmaceuticals & Biotechnology,Pharmaceuticals,74.2291762540267,True,True,111141.87,177.0,1588580.0,0.1593,No Band
CUBEINVIT.NS,2026-08-07,158.7899932861328,155.2133331298828,152.48083326551648,151.4361999511719,143.16346354166666,139.63710567474365,156.35411833397248,118.82070842744285,159.4499969482422,True,True,True,True,True,True,True,True,False,31.18445834318444,dry,6.115462105031295,False,False,True,False,BSE,Transport Infrastructure,"Road AssetsToll, Annuity, Hybrid-Annuity",83.20294523699954,True,True,,,,,20
INDUSINVIT.NS,2026-08-07,136.75999450683594,132.19083404541016,129.20749939812555,128.11059982299804,122.51423044840494,119.59666954040527,133.04980089248681,101.3235977939169,138.99000549316406,True,True,True,True,True,True,True,True,False,33.65033405862006,green,101.24112582448015,False,False,True,False,BSE,Transport Infrastructure,"Road AssetsToll, Annuity, Hybrid-Annuity",84.16935112747353,True,True,,,,,20
