symbol,date,close,MA12,MA36,MA50,MA150,MA200,EMA10,52w_low,52w_high,cond1_price_above_150_200,cond2_ma150_above_ma200,cond3_ma200_trending_up_1m,cond4_ma50_above_150_200,cond5_price_above_ma50,cond6_30pct_above_52w_low,cond7_within_25pct_52w_high,cond9_price_above_ema10,fresh_ma12_cross_today,12m_return_pct,volume_signal,relative_volume,bull_snort,inside_bar,is_52w_high,is_52w_low,data_source,industry_group,industry,rs_percentile,cond8_rs_at_least_70,all_conditions_met
20MICRONS.NS,2026-09-15,201.2899932861328,214.95249938964844,203.61305618286133,203.10830352783202,184.5447154744466,185.9357231903076,211.58748688115864,128.8197409252814,236.00219585750858,True,False,False,True,False,True,True,False,False,-10.648179851026352,noise,54.62122460913205,False,False,False,False,,Minerals & Mining,Industrial Minerals,52.36030828516378,False,False
21STCENMGM.NS,2026-09-15,39.0,39.32749970753988,41.21027755737305,38.883399925231934,35.37700005849202,37.51700005531311,39.30751414009961,28.25,55.060001373291016,True,False,False,True,True,True,False,False,False,-27.089177834705445,noise,22.72054551234967,False,False,False,False,,Capital Markets,Other Capital Market related Services,30.8766859344894,False,False
360ONE.NS,2026-09-15,1052.0999755859375,1137.7750040690105,1158.0194498697917,1144.5280004882814,1095.8459802246093,1108.1949630737304,1115.1447004036238,900.8207868154223,1229.0652744329707,False,False,False,True,False,False,True,False,False,-1.3367747388896345,noise,79.6298217135088,False,False,False,False,,Capital Markets,Stockbroking & Allied,62.76493256262042,False,False
3BBLACKBIO.NS,2026-09-15,,,,,,,,,,False,False,False,False,False,False,False,False,False,,noise,,False,False,False,False,,Healthcare Services,Healthcare Service Provider,,False,False
3IINFOLTD.NS,2026-09-15,23.989999771118164,22.799166838328045,23.81000010172526,22.33840003967285,18.16939997990926,17.6241500043869,22.97896299306757,12.680000305175781,27.799999237060547,True,True,True,True,True,True,True,True,False,-1.8010664288219291,ppv,78.44108133497056,False,False,False,False,,IT - Software,Computers - Software & Consulting,62.23506743737958,False,False
3MINDIA.NS,2026-09-15,31590.0,33093.75,34404.583333333336,34588.86875,33257.84705729166,33527.12256835937,32854.318711654516,28319.862583025053,37487.09942436396,False,False,False,True,False,False,True,False,False,3.9490681649037684,noise,57.05803851077158,False,False,False,False,,Diversified,Diversified,67.63005780346822,False,False
3PLAND.NS,2026-09-15,30.799999237060547,31.93166669209798,31.958333174387615,32.025399894714354,32.67453333536784,33.766850032806396,31.775759135698983,28.510000228881836,47.5,False,False,False,False,False,False,False,False,False,-33.08711698051662,red,160.97631784550885,False,False,False,False,,Finance,Investment Company,23.65125240847784,False,False
5PAISA.NS,2026-09-15,313.20001220703125,339.55833435058594,361.75416480170355,365.2479992675781,334.2878000895182,335.839100189209,336.2146054670713,245.5,416.95001220703125,False,False,False,True,False,False,True,False,False,-14.868165968179925,noise,61.35321704429779,False,False,False,False,,Capital Markets,Stockbroking & Allied,46.96531791907515,False,False
63MOONS.NS,2026-09-15,864.0,833.4708302815756,819.9874996609158,788.3370007324219,685.7863362630209,693.047502746582,854.6476317993793,467.0,966.0,True,False,False,True,True,True,True,True,False,-7.41980283559136,noise,32.621367648436596,False,False,False,False,,IT - Software,Computers - Software & Consulting,56.45472061657033,False,False
ABB.NS,2026-09-15,7005.0,7393.291666666667,7461.679673936632,7361.75994140625,6811.716959635417,6379.8495190429685,7329.709684062665,4564.870705303207,7832.294844565128,True,True,True,True,False,True,True,False,False,36.380151458718466,noise,64.05140481336505,False,False,False,False,,Electrical Equipment,Heavy Electrical Equipment,85.11560693641619,True,False
ABINFRA.NS,2026-09-15,11.109999656677246,11.383333365122477,11.178333361943563,10.925000019073487,13.648400026957194,14.923900003433227,11.411499149924905,8.819999694824219,23.559999465942383,False,False,False,False,True,False,False,False,False,-46.31709948411385,dry,2.5732103751542663,False,False,False,False,,Construction,Civil Construction,10.69364161849711,False,False
ABLBL.NS,2026-09-15,82.94999694824219,84.48916625976562,88.58003044128418,90.31769165039063,97.51322479248047,102.94019981384277,84.35536340686178,82.5999984741211,149.99351685072722,False,False,False,False,False,False,False,False,False,-42.6790816398081,noise,79.02815880408986,False,False,False,False,,Retailing,Speciality Retail,13.872832369942195,False,False
ABMINTLLTD.NS,2026-09-15,52.0,54.87166659037272,51.9327777226766,48.963399963378905,45.81086675008138,44.63335008621216,54.08859684280712,34.0,72.80000305175781,True,True,False,True,True,True,False,False,False,21.552130630646694,dry,1.5599478793885002,False,False,False,False,,Commercial Services & Supplies,Trading & Distributors,79.43159922928709,True,False
ABREL.NS,2026-09-15,1232.5,1343.3666687011719,1383.1805589463975,1393.0866381835938,1331.7827482096354,1389.9088256835937,1327.1336517836548,1078.220335805519,1961.880003431885,False,False,False,True,False,False,False,False,False,-31.29772654526768,red,120.03033690409804,False,False,False,False,,Realty,"Residential, Commercial Projects",25.385356454720615,False,False
AEROPLANE.NS,2026-09-15,,,,,,,,,,False,False,False,False,False,False,False,False,False,,red,126.62264318755115,False,False,False,False,,Agricultural Food & other Products,Other Agricultural Products,,False,False
AGUL.NS,2026-09-14,45.75,46.26250076293945,53.418056064181854,53.75000053405762,63.163000462849936,63.8067502784729,46.72048153925805,45.75,86.0,False,False,False,False,False,False,False,False,False,-31.868951659861942,dry,0.0,False,False,False,True,,Industrial Products,Iron & Steel Products,24.66281310211946,False,False
AKCAPIT.NS,2026-09-15,,,,,,,,,,False,False,False,False,False,False,False,False,False,,noise,,False,False,False,False,,Finance,Non Banking Financial Company (NBFC),,False,False
A2ZINFRA.NS,2026-09-15,15.109999656677246,15.904166460037231,15.440833250681559,14.822999954223633,15.289866600036621,15.214599962234496,15.533890515444616,12.0,19.8700008392334,False,True,False,False,True,False,True,False,False,-22.473063960378038,noise,23.52094708568862,False,False,False,False,,Construction,Civil Construction,37.62042389210019,False,False
AAATECH.NS,2026-09-15,91.9800033569336,92.88833300272624,92.5369447072347,92.81340042114257,95.68166651407877,96.68584991455079,92.53168031498346,76.11000061035156,136.0,False,False,False,False,False,False,False,False,False,15.727226311081344,ppv,820.3571271046966,False,False,False,False,,Commercial Services & Supplies,Consulting Services,76.20423892100193,True,False
AADHARHFC.NS,2026-09-15,448.3500061035156,470.96666717529297,484.1125005086263,493.9220001220703,484.4243330891927,483.811749420166,466.8336489931027,430.1499938964844,563.0,False,True,False,True,False,False,True,False,False,-11.506955194966462,noise,70.25663907153744,False,False,False,False,,Finance,Housing Finance Company,51.252408477842,False,False
AAKASH.NS,2026-09-15,8.829999923706055,8.75333340962728,8.834166632758247,8.883599948883056,8.821599960327148,8.7460999751091,8.810031072070759,7.210000038146973,13.399999618530273,True,True,False,True,False,False,False,True,False,-12.919135850713669,noise,96.15238109610944,False,False,False,False,,Oil,Offshore Support Solution Drilling,49.470134874759154,False,False
AAREYDRUGS.NS,2026-09-15,98.81999969482422,93.98916689554851,85.29805564880371,83.91239990234375,79.5256000773112,77.2179001045227,95.0480158535999,50.310001373291016,101.29000091552734,True,True,False,True,True,True,True,True,False,36.9267038963933,red,177.61394605189886,False,False,False,False,,Pharmaceuticals & Biotechnology,Pharmaceuticals,85.40462427745665,True,False
AARNAV.NS,2026-09-15,,,,,,,,,,False,False,False,False,False,False,False,False,False,,dry,7.461216369993673,False,False,False,False,,Textiles & Apparels,Trading - Textile Products,,False,False
AARON.NS,2026-09-15,123.18000030517578,129.85833358764648,134.5908292134603,129.59860916137694,133.51880025227865,142.78478179931642,129.7112762441677,106.42114596713844,227.19119369856435,False,False,False,False,False,False,False,False,False,-39.23588226668959,noise,43.12312066405512,False,False,False,False,,Industrial Manufacturing,Industrial Products,17.29287090558767,False,False
AARTECH.NS,2026-09-15,50.83000183105469,50.166666984558105,48.747777726915146,48.88599998474121,46.25706667582194,46.99575004577637,50.654255954379,33.5099983215332,64.75,True,False,False,True,True,True,True,True,False,-11.965078265824136,noise,36.14312792036207,False,False,False,False,,Electrical Equipment,Heavy Electrical Equipment,50.72254335260116,False,False
AARTIDRUGS.NS,2026-09-15,426.3500061035156,423.94583384195965,418.93055555555554,415.23000061035157,384.02766743977867,386.1030955505371,425.71420582017674,318.95001220703125,531.6963704720772,True,False,False,True,True,True,True,True,False,-16.17518383768032,noise,68.55178667607026,False,False,False,False,,Pharmaceuticals & Biotechnology,Pharmaceuticals,45.3757225433526,False,False
AARTIIND.NS,2026-09-15,468.70001220703125,506.90160369873047,507.693852742513,501.6749536132813,470.57495971679685,445.71078521728515,498.9029926855543,337.3793264159987,550.655353408149,False,True,True,True,False,True,True,False,False,19.880472042234885,noise,64.4361149669492,False,False,False,False,,Chemicals & Petrochemicals,Specialty Chemicals,78.51637764932563,True,False
AARTIPHARM.NS,2026-09-15,789.4500122070312,841.4791717529297,795.4041714138455,768.83900390625,714.1964192708333,722.602055053711,831.9755939284657,585.0,944.0989338759356,True,False,False,True,True,True,True,False,False,-13.062179432158239,noise,56.09472066049531,False,False,False,False,,Pharmaceuticals & Biotechnology,Pharmaceuticals,49.27745664739884,False,False
AARTISURF.NS,2026-09-15,513.2000122070312,525.6083323160807,524.6402774386936,485.69999938964844,420.827666422526,416.3234996032715,523.2437406996413,316.0,677.7000122070312,True,True,True,True,True,True,True,False,False,5.64884067048681,noise,30.013994771704024,False,False,False,False,,Chemicals & Petrochemicals,Specialty Chemicals,69.02697495183044,False,False
AARVI.NS,2026-09-15,141.38999938964844,142.96083450317383,149.6634046766493,149.48804077148438,136.04814280192056,133.25393787384033,143.2927369882291,114.50170544065007,166.2392228417855,True,True,True,True,False,False,True,False,False,14.922399055085233,dry,11.496011009446905,False,False,False,False,,Commercial Services & Supplies,Diversified Commercial Services,75.81888246628131,True,False
AASTHA.NS,2026-09-15,,,,,,,,,,False,False,False,False,False,False,False,False,False,,noise,26.957605388081046,False,False,False,False,,Textiles & Apparels,Other Textile Products,,False,False
AATMAJ.NS,2026-09-11,18.600000381469727,18.53750006357829,18.62222221162584,18.725,19.63333340962728,20.257500038146972,18.66301633171396,16.700000762939453,25.5,False,False,False,False,False,False,False,False,False,-11.428569612048921,green,126.58227848101266,False,True,False,False,,Healthcare Services,Hospital,51.445086705202314,False,False
AAVAS.NS,2026-09-15,1270.300048828125,1277.5416666666667,1344.2666761610244,1384.4560107421876,1339.6473380533855,1372.1810034179687,1286.1793487393195,1060.4000244140625,1771.9000244140625,False,False,False,True,False,False,False,False,False,-21.576737218451893,red,114.54761276707994,False,False,False,False,,Finance,Housing Finance Company,38.53564547206166,False,False
ABCOTS.NS,2026-09-15,206.0399932861328,207.46333440144858,204.5588896009657,205.34460083007812,278.1652001953125,312.0046502685547,206.52264427546132,196.80999755859375,504.0,False,False,False,False,True,False,False,False,False,-50.53061385687088,noise,39.7812595042579,False,False,False,False,,Textiles & Apparels,Other Textile Products,7.996146435452794,False,False
ABAN.NS,2026-09-15,14.359999656677246,14.74833337465922,16.401110940509373,15.932399940490722,17.911933256785076,19.478249917030336,14.802588185803277,12.890000343322754,45.619998931884766,False,False,False,False,False,False,False,False,False,-67.40808168612038,noise,29.88527908994505,False,False,False,False,,Oil,Offshore Support Solution Drilling,1.7341040462427744,False,False
ABANSENT.NS,2026-09-15,,,,,,,,,,False,False,False,False,False,False,False,False,False,,noise,,False,False,False,False,,Metals & Minerals Trading,Trading - Metals,,False,False
AFSL.NS,2026-09-15,201.02999877929688,205.06416829427084,203.63055589463977,202.9966000366211,202.26446685791015,202.0923501586914,202.98190117340354,194.41000366210938,227.0,False,True,False,True,False,False,True,False,False,-7.1583614683334185,noise,55.354638201636334,False,False,False,False,,Finance,Holding Company,56.551059730250486,False,False
ABBOTINDIA.NS,2026-09-15,26125.0,25856.666666666668,26841.38888888889,26886.6742578125,26154.3919140625,26492.13642578125,25828.627129669254,24574.941813474234,30774.864060608354,False,False,False,True,False,False,True,True,False,-13.6841694985822,green,103.99545680084353,False,False,False,False,,Pharmaceuticals & Biotechnology,Pharmaceuticals,48.747591522158,False,False
AILIMITED.NS,2026-09-14,20.100000381469727,19.799999872843426,25.129860877990723,28.619499893188475,34.789166603088375,34.98737497329712,20.180580342916574,16.350000381469727,47.5,False,False,False,False,False,False,False,False,False,-50.91575089868956,dry,0.0,False,False,False,False,,Construction,Civil Construction,7.755298651252408,False,False
ABMKNO.NS,2026-09-15,,,,,,,,,,False,False,False,False,False,False,False,False,False,,noise,,False,False,False,True,,IT - Software,Software Products,,False,False
ABSMARINE.NS,2026-09-11,316.0,307.9125010172526,257.5152778625488,249.035,223.86933339436848,216.78674987792968,310.7633456164585,143.0500030517578,347.75,True,True,True,True,True,True,True,True,False,67.41721854304636,red,174.92940069030436,False,False,False,False,,Transport Services,Shipping,92.1965317919075,True,True
ACC.NS,2026-09-15,1225.199951171875,1269.5583394368489,1316.9583401150173,1332.216005859375,1387.7437556966145,1474.322933959961,1261.738004492311,1219.5999755859375,1975.569036609613,False,False,False,False,False,False,False,False,False,-33.18391283372218,red,132.48833173209024,False,False,False,True,,Cement & Cement Products,Cement & Cement Products,23.50674373795761,False,False
ACCELYA.NS,2026-09-15,1112.199951171875,1126.4916687011719,1137.066670735677,1133.1840087890625,1146.3420035807292,1178.334008178711,1123.188783036405,1012.4000244140625,1437.279399793039,False,False,False,False,False,False,True,False,False,-16.716389860307658,noise,78.69705812761258,False,False,False,False,,IT - Software,Computers - Software & Consulting,44.60500963391137,False,False
ACCENTMIC.NS,2026-09-11,725.75,635.0874989827474,577.1749988132053,557.9294342041015,457.8950545247396,427.41571090698244,656.8752631387284,237.53315895751183,730.0,True,True,True,True,True,True,True,True,False,173.40571612517533,green,120.24520591009116,False,False,True,False,,Pharmaceuticals & Biotechnology,Pharmaceuticals,98.55491329479769,True,True
ACCORD.NS,2026-09-14,188.4499969482422,193.4000015258789,197.4777823554145,197.93900390625,100.97966782887777,82.50650093078613,191.42888500322704,19.850000381469727,211.0,True,True,True,True,False,True,True,False,False,762.4713668566363,dry,0.0,False,False,False,False,,Telecom - Services,Other Telecom Services,100.0,True,False
ACCURACY.NS,2026-09-15,4.380000114440918,4.328333338101705,4.61277777618832,4.75520001411438,4.959999993642171,5.0969999980926515,4.320798471237761,3.4000000953674316,7.510000228881836,False,False,False,False,False,False,False,True,False,-38.3966240198096,green,190.1310579061196,False,False,False,False,,Transport Services,Logistics Solution Provider,18.11175337186898,False,False
ACEINTEG.NS,2026-09-15,17.75,17.482500076293945,18.195000012715656,18.83599998474121,19.07500001271566,19.620249996185304,17.611072904104905,14.199999809265137,29.940000534057617,False,False,False,False,False,False,False,True,False,-34.47766740486949,green,119.40239827010026,False,True,False,False,,Commercial Services & Supplies,Diversified Commercial Services,22.254335260115607,False,False
ACMESOLAR.NS,2026-09-15,420.3999938964844,405.4000015258789,386.4972229003906,383.50099975585937,320.7256666056315,296.5701985168457,405.8658186538843,195.72747422084996,430.5,True,True,True,True,True,True,True,True,False,31.985751402813655,ppv,254.72228442884153,False,False,True,False,,Power,Power Generation,83.62235067437379,True,True
ACSTECH.NS,2026-09-15,,,,,,,,,,False,False,False,False,False,False,False,False,False,,noise,,False,False,False,False,,IT - Services,IT Enabled Services,,False,False
ACE.NS,2026-09-15,1132.0999755859375,1121.9154256184895,1113.2140502929688,1078.9685205078124,954.4863224283854,943.8420205688476,1126.567341220067,743.7339869667156,1193.8073393073244,True,True,True,True,True,True,True,True,False,1.9303784008114722,noise,63.81981866520137,False,False,False,False,,"Agricultural, Commercial & Construction Vehicles",Construction Vehicles,66.08863198458575,False,False
ACUTAAS.NS,2026-09-15,3266.199951171875,3247.9416707356772,3241.5833265516494,3321.47599609375,2862.1559985351564,2580.5339990234374,3273.776260230508,1302.0,3740.0,True,True,True,True,False,True,True,False,False,121.99384945008282,noise,76.99521158544546,False,False,False,False,,Pharmaceuticals & Biotechnology,Pharmaceuticals,96.96531791907515,True,False
ADANIENSOL.NS,2026-09-15,1347.5,1408.875,1545.2472229003906,1584.2880004882813,1367.2673356119792,1268.129250793457,1407.7428945563533,803.0999755859375,1789.0,False,True,True,True,False,True,True,False,False,62.36895533909408,noise,26.980617713662497,False,False,False,False,,Power,Power Distribution,91.76300578034682,True,False
ADANIENT.NS,2026-09-15,2928.60009765625,2974.6583455403647,3011.2416788736978,3043.5780029296875,2650.455378417969,2534.3866638183595,2998.3500673442813,1752.216581309528,3245.0,True,True,True,True,False,True,True,False,False,22.487859754057204,red,108.795718269124,False,False,False,False,,Metals & Minerals Trading,Trading - Minerals,80.10597302504817,True,False
ADANIGREEN.NS,2026-09-15,1255.0,1283.5000101725261,1326.4333360460068,1377.632001953125,1259.030000406901,1186.7997494506835,1287.3088120752266,765.0,1631.5,False,True,True,True,False,True,True,False,False,27.839460567851383,noise,48.23169192774155,False,False,False,False,,Power,Power Generation,82.22543352601156,True,False
ADANIPORTS.NS,2026-09-15,1713.800048828125,1706.6666666666667,1701.6583285861545,1735.827998046875,1658.916229654948,1610.0656945800781,1722.8254494114394,1286.5777387006826,1891.0999755859375,True,True,True,True,False,True,True,False,False,23.539075602892545,noise,73.83700297069204,False,False,False,False,,Transport Infrastructure,Port & Port services,80.6840077071291,True,False
ADANIPOWER.NS,2026-09-15,202.0,207.61999893188477,207.94555536905924,210.6032000732422,199.00346720377604,185.01120040893554,208.0218521432937,125.19999694824219,254.1999969482422,True,True,True,True,False,True,True,False,False,55.7320095168913,noise,65.29498040521128,False,False,False,False,,Power,Integrated Power Utilities,90.7514450867052,True,False
ATGL.NS,2026-09-15,580.1500244140625,613.1166687011719,640.7763875325521,659.1270007324218,630.5674717203776,614.281238861084,607.5380818732461,462.63840779150803,859.5498025483846,False,True,False,True,False,False,False,False,False,-4.271727443497708,noise,45.21961305251242,False,False,False,False,,Gas,LPG/CNG/PNG/LNG Supplier,59.97109826589595,False,False
ADDIND.NS,2026-09-15,,,,,,,,,,False,False,False,False,False,False,False,False,False,,noise,,False,False,False,False,,Textiles & Apparels,Garments & Apparels,,False,False
ADFFOODS.NS,2026-09-15,261.29998779296875,270.03333282470703,272.33035447862414,281.9359149169922,253.95366312662762,240.59942138671875,269.52167805566665,152.76382902708204,346.1881784193172,True,True,True,True,False,True,True,False,False,14.524956554625469,noise,37.081791721439544,False,False,False,False,,Food Products,Packaged Foods,75.57803468208093,True,False
BIRLAMONEY.NS,2026-09-15,118.22000122070312,125.33333396911621,129.1355563269721,132.6974006652832,133.20220026652018,134.82385002136232,123.70399156739609,95.0,192.8800048828125,False,False,False,False,False,False,False,False,False,-36.48183735107678,noise,39.36706797671958,False,False,False,False,,Capital Markets,Stockbroking & Allied,20.134874759152215,False,False
ABSLAMC.NS,2026-09-15,1037.9000244140625,1053.7833455403645,1026.3888939751519,1044.8465905761718,1004.6099690755208,944.3018640136719,1057.1660354893938,690.6919781874805,1194.9557175378152,True,True,True,True,False,True,True,False,False,24.44832577578793,noise,47.86180199444257,False,False,False,False,,Capital Markets,Asset Management Company,80.97302504816956,True,False
ABFRL.NS,2026-09-15,49.02000045776367,51.389166831970215,55.54777791765001,56.309599990844724,60.75373336791992,63.86794994354248,51.30949411539402,48.709999084472656,94.94999694824219,False,False,False,False,False,False,False,False,False,-44.53496041960118,red,161.57308386857227,False,False,False,True,,Retailing,Speciality Retail,12.138728323699421,False,False
ABCAPITAL.NS,2026-09-15,378.79998779296875,399.5083312988281,404.4805560641819,403.6629998779297,365.7756663004557,362.47424957275393,396.62979567632874,277.70001220703125,430.70001220703125,True,True,True,True,False,True,True,False,False,30.620685445851304,noise,73.90362674162176,False,False,False,False,,Finance,Investment Company,83.38150289017341,True,False
CPPLUS.NS,2026-09-15,3663.39990234375,3724.383341471354,3588.977783203125,3593.1482421875,2789.730018717448,2460.820213012695,3727.127422456924,1226.4431802909007,4094.0,True,True,True,True,True,True,True,False,False,155.40508039617413,noise,81.73171769707027,False,False,False,False,,Industrial Manufacturing,Industrial Products,98.3140655105973,True,True
AVL.NS,2026-09-15,611.2000122070312,605.3208262125651,610.7733205159506,616.9346508789063,555.7163901774088,540.7663917541504,608.0869889917434,435.6227250181752,703.5025243881884,True,True,True,True,False,True,True,True,False,23.600246388307443,red,198.99098346756497,False,False,False,False,,Retailing,Speciality Retail,80.73217726396918,True,False
ADOR.NS,2026-09-15,1548.199951171875,1644.3749898274739,1565.1777784559463,1507.5647924804687,1197.9872725423177,1155.1385012817382,1620.0259045718003,833.6830524113437,1766.4000244140625,True,True,True,True,True,True,True,False,False,61.44213799051042,noise,47.33376252992617,False,False,False,False,,Industrial Products,Other Industrial Products,91.61849710982659,True,True
ADROITINFO.NS,2026-09-15,11.039999961853027,10.585000038146973,10.132222228580051,9.823199996948242,9.547866655985514,9.660499992370605,10.69823220490427,7.550000190734863,12.199999809265137,True,False,False,True,True,True,True,True,False,4.942960850401867,green,120.27230257263535,False,True,False,False,,IT - Services,IT Enabled Services,68.40077071290945,False,False
ADVAIT.NS,2026-09-15,,,,,,,,,,False,False,False,False,False,False,False,False,False,,noise,62.936722552731204,False,False,False,False,,Electrical Equipment,Other Electrical Equipment,,False,False
ADVANCE.NS,2026-09-15,,,,,,,,,,False,False,False,False,False,False,False,False,False,,dry,17.271417738381547,False,False,False,False,,Fertilizers & Agrochemicals,Pesticides & Agrochemicals,,False,False
ADVENZYMES.NS,2026-09-15,287.70001220703125,295.97916920979816,304.9361122979058,309.40733032226564,320.01372802734375,313.83552841186525,295.8824781900174,250.86763242464252,417.20001286678644,False,True,False,False,False,False,False,False,False,-15.09218281181578,noise,93.5813417982802,False,False,False,False,,Pharmaceuticals & Biotechnology,Biotechnology,46.772639691714836,False,False
ADVANIHOTR.NS,2026-09-15,47.97999954223633,49.17249997456869,50.15416664547391,50.70979995727539,51.96744379679362,52.85681272506714,48.97098080774832,46.30266926768015,63.40849582323182,False,False,False,False,False,False,True,False,False,-17.54682838000362,red,125.77407859416338,False,False,False,False,,Leisure Services,Hotels & Resorts,43.4971098265896,False,False
ADVENTHTL.NS,2026-09-15,,,,,,,,,,False,False,False,False,False,False,False,False,False,,red,192.62157553643593,False,False,False,False,,Leisure Services,Hotels & Resorts,,False,False
ADVIKCA.NS,2026-09-15,,,,,,,,,,False,False,False,False,False,False,False,False,False,,noise,,False,True,False,True,,Finance,Non Banking Financial Company (NBFC),,False,False
RAMBHAJO.NS,2026-09-15,,,,,,,,,,False,False,False,False,False,False,False,False,False,,noise,37.28276465305435,False,False,False,False,,Consumer Durables,"Gems, Jewellery And Watches",,False,False
AEGISLOG.NS,2026-09-15,1323.5,1285.1999918619792,1310.661109076606,1311.0692993164062,940.9688419596354,885.6362405395507,1306.658186644096,573.0465115667306,1497.800048828125,True,True,True,True,True,True,True,True,False,86.13027869038908,noise,52.49258609542471,False,False,False,False,,Gas,Trading - Gas,94.65317919075144,True,True
AEGISVOPAK.NS,2026-09-15,302.0,285.75,282.0241639879015,282.81751037597655,230.71252787272135,232.61017120361328,289.7551146989086,157.88530940558778,311.489990234375,True,False,False,True,True,True,True,True,False,22.311454240190788,ppv,244.91814176277683,False,False,False,False,,Oil,Oil Storage & Transportation,80.00963391136801,True,False
AEQUS.NS,2026-09-15,,,,,,,,,,False,False,False,False,False,False,False,False,False,,noise,45.01169449601329,False,False,False,False,,Aerospace & Defense,Aerospace & Defense,,False,False
AEROFLEX.NS,2026-09-15,507.6000061035156,544.3666712443033,485.40833367241754,465.7272918701172,372.95083709716795,325.3217060089111,540.4968951555136,157.8500633749001,584.1500244140625,True,True,True,True,True,True,True,False,False,186.1145148737331,red,123.13849152573377,False,False,False,False,,Industrial Products,Iron & Steel Products,98.84393063583815,True,True
AEROENTER.NS,2026-09-15,116.93000030517578,140.98310915629068,133.16524378458658,129.58650680541993,105.616302541097,99.85237159729004,137.1654333582248,62.02029581540144,159.60000610351562,True,True,True,True,False,True,False,False,False,35.94807517205012,red,232.42083482190458,False,False,False,False,,Industrial Products,Iron & Steel Products,84.97109826589595,True,False
AERONEU.NS,2026-09-15,67.94000244140625,76.00583330790202,81.67944441901312,83.5047998046875,81.9293332417806,80.02620002746582,73.78018693895888,63.209999084472656,125.37000274658203,False,True,False,True,False,False,False,False,False,-37.62966836402543,noise,44.87890266508462,False,False,False,False,,Industrial Products,Packaging,18.930635838150287,False,False
AETHER.NS,2026-09-15,1583.0999755859375,1652.3083394368489,1603.361107720269,1559.1019995117188,1265.671337890625,1180.2877532958985,1636.7194729656114,726.4500122070312,1717.0,True,True,True,True,True,True,True,False,False,115.09510537852412,red,115.29886100765114,False,False,False,False,,Chemicals & Petrochemicals,Specialty Chemicals,96.6281310211946,True,True
AFCONS.NS,2026-09-15,262.25,279.55416742960614,277.6680564880371,281.98118560791016,301.2117959594727,318.3167627716064,272.86982390074576,249.0,476.09320955207187,False,False,False,False,False,False,False,False,False,-41.15398318903972,ppv,1373.621205798574,False,False,False,False,,Construction,Civil Construction,15.606936416184972,False,False
AFFLE.NS,2026-09-15,1536.4000244140625,1581.816670735677,1630.8111233181423,1593.450009765625,1496.1453304036459,1544.4014990234375,1584.376560451082,1251.300048828125,2185.89990234375,False,False,False,True,False,False,False,False,False,-26.82415922302912,noise,32.23249129206873,False,False,False,False,,IT - Services,IT Enabled Services,31.406551059730248,False,False
AFFORDABLE.NS,2026-09-15,158.92999267578125,160.5991668701172,172.4444457160102,176.5226010131836,174.682933400472,180.52795009613038,161.33804265422214,119.70999908447266,297.0,False,False,False,False,False,True,False,False,False,-38.099321255781405,noise,86.63896626672269,False,False,False,False,,Industrial Manufacturing,Industrial Products,18.545279383429673,False,False
AGARWALFT.NS,2026-09-14,26.700000762939453,28.950000286102295,34.41388898425632,36.11900005340576,33.80799996693929,34.9914999294281,28.730083819842196,21.850000381469727,68.8499984741211,False,False,False,True,False,False,False,False,False,-59.32977891491069,dry,0.0,False,False,False,False,,Industrial Products,Glass - Industrial,3.94990366088632,False,False
AGARIND.NS,2026-09-15,421.0,445.6999969482422,482.20972018771704,490.7639990234375,484.1876668294271,542.2650006103515,442.649449427404,360.0,1006.0,False,False,False,False,False,False,False,False,False,-51.09640702022658,noise,42.6778404531672,False,False,False,False,,Chemicals & Petrochemicals,Petrochemicals,7.7071290944123305,False,False
AGI.NS,2026-09-15,736.6500244140625,762.9208374023438,730.0083380805122,719.8780029296875,633.2143336995442,651.2987504577636,759.0604801275713,465.0,939.0,True,False,False,True,True,True,True,False,False,-14.606155037853608,noise,60.04751158685846,False,False,False,False,,Industrial Products,Packaging,47.35067437379576,False,False
AGIIL.NS,2026-09-15,264.1499938964844,279.06250254313153,292.6125013563368,304.1750018310547,328.81100087483725,313.204750289917,276.81270753989264,224.6999969482422,434.3999938964844,False,True,False,False,False,False,False,False,False,13.44700139625392,noise,23.03374408768284,False,False,False,False,,Realty,"Residential, Commercial Projects",74.90366088631984,True,False
AGNI.NS,2026-09-11,16.450000762939453,15.75000007947286,16.21250009536743,16.63300006866455,18.00233331044515,19.11650002479553,15.97174821474132,13.600000381469727,31.75,False,False,False,False,False,False,False,True,False,-44.047615726595716,noise,29.411764705882355,False,False,False,False,,Construction,Civil Construction,12.764932562620423,False,False
AGRITECH.NS,2026-09-15,97.56999969482422,100.36833381652832,104.94333351982965,106.95560012817383,112.50579986572265,120.1379500579834,99.9071316330079,92.5199966430664,187.19000244140625,False,False,False,False,False,False,False,False,False,-30.757222937280538,noise,97.25505146778498,False,False,False,False,,Agricultural Food & other Products,Other Agricultural Products,26.011560693641616,False,False
AGROPHOS.NS,2026-09-15,23.469999313354492,24.81500021616618,26.758888880411785,27.605799980163575,30.419466654459637,32.40109998703003,24.246317819629496,21.0,47.470001220703125,False,False,False,False,False,False,False,False,False,-41.62602481462467,red,100.61710771933679,False,False,False,False,,Fertilizers & Agrochemicals,Fertilizers,15.028901734104046,False,False
AGSTRA.NS,2026-09-15,1.9199999570846558,1.9608333309491475,2.0233333110809326,2.109599986076355,2.6267999839782714,2.997849991321564,1.9407241060840676,1.8600000143051147,5.440000057220459,False,False,False,False,False,False,False,False,False,-61.21212058451182,green,134.97241037881744,False,False,False,False,,Financial Technology (Fintech),Financial Technology (Fintech),3.3236994219653178,False,False
AHIMSA.NS,2026-09-14,25.75,25.774999618530273,25.447222179836697,25.23800018310547,24.903000348409016,24.877000274658204,25.759313734111636,23.299999237060547,28.5,True,True,True,True,True,False,True,False,False,0.7827818744094106,dry,0.0,False,False,False,False,,Industrial Products,Plastic Products - Industrial,64.98073217726397,False,False
AHLADA.NS,2026-09-15,34.9900016784668,36.8091672261556,37.59833367665609,37.811800231933596,40.957333450317385,43.41445013046265,36.204191131774934,31.219999313354492,72.0,False,False,False,False,False,False,False,False,False,-37.49976832634042,noise,68.15607009339374,False,False,False,False,,Consumer Durables,"Furniture, Home Furnishing",19.123314065510595,False,False
AHLUCONT.NS,2026-09-15,585.8499755859375,607.3791656494141,723.4916653103298,757.1129992675782,788.3233337402344,824.5232495117187,608.7529353282041,580.2999877929688,1077.949951171875,False,False,False,False,False,False,False,False,False,-37.07536900976186,noise,89.80614098253761,False,False,False,True,,Construction,Civil Construction,19.508670520231213,False,False
AIAENG.NS,2026-09-15,3899.300048828125,4173.223409016927,4403.713711208768,4483.787817382812,4189.422661132812,4109.830638427735,4141.26679576914,2990.7577241624354,5160.600958593338,False,True,True,True,False,True,True,False,False,29.03298855667229,noise,75.39684309053486,False,False,False,False,,Industrial Products,Castings & Forgings,82.65895953757226,True,False
AIMTRON.NS,2026-09-11,1772.949951171875,1649.820821126302,1603.1263732910156,1530.2959936523437,1183.3543322753906,1094.429998779297,1678.5476583820557,675.0,1800.0,True,True,True,True,True,True,True,True,False,143.8888398652298,green,114.2189045777498,False,False,True,False,,Industrial Manufacturing,Industrial Products,97.97687861271676,True,True
GOLDTECH.NS,2026-09-15,42.75,47.36333338419596,50.88444455464681,53.059000167846676,45.7264001083374,46.64335005760193,46.55724243780251,29.68000030517578,72.0199966430664,False,False,False,True,False,True,False,False,False,-36.61032257947738,red,139.672765939864,False,False,False,False,,IT - Software,Software Products,19.942196531791907,False,False
AIRAN.NS,2026-09-15,16.450000762939453,15.850000063578287,15.319999986224705,15.380200004577636,16.106600030263266,16.367250032424927,16.275047981868834,12.630000114440918,27.489999771118164,True,False,False,False,True,True,False,True,False,-37.093686413353744,red,213.53172641260252,False,False,False,False,,IT - Services,IT Enabled Services,19.412331406551058,False,False
AIROLAM.NS,2026-09-15,84.20999908447266,86.74416605631511,87.9983327653673,88.22139953613281,87.62813329060873,90.4146499633789,86.26154040702579,78.0,123.30000305175781,False,False,False,False,False,False,False,False,False,-22.207853039748127,noise,91.25777447934796,False,False,False,False,,Consumer Durables,Plywood Boards/ Laminates,37.957610789980734,False,False
AJANTPHARM.NS,2026-09-15,3510.39990234375,3529.366658528646,3524.5736423068574,3483.4827490234375,3135.016634114583,3022.3204931640626,3531.2123572120554,2283.1397649802702,3796.0,True,True,True,True,True,True,True,False,False,38.10992451143653,noise,85.20398981277984,False,True,False,False,,Pharmaceuticals & Biotechnology,Pharmaceuticals,85.83815028901735,True,True
AJAXENGG.NS,2026-09-15,581.5999755859375,581.8708292643229,576.8555569118923,576.3369995117188,537.2213317871094,546.5502487182617,583.756597491064,394.79998779296875,697.5499877929688,True,False,False,True,True,True,True,False,False,-14.413952463622536,noise,91.78443829399386,False,False,False,False,,"Agricultural, Commercial & Construction Vehicles",Construction Vehicles,47.687861271676304,False,False
AJMERA.NS,2026-09-15,114.37000274658203,116.7450008392334,120.04305627610948,122.79420074462891,124.05893391927083,138.3789503479004,116.80435514185768,98.02999877929688,221.39999389648438,False,False,False,False,False,False,False,False,False,-41.88516210718601,red,118.3178540220525,False,False,False,False,,Realty,"Residential, Commercial Projects",14.691714836223507,False,False
AJOONI.NS,2026-09-15,3.430000066757202,3.615000009536743,3.7766666611035666,3.825399990081787,4.079333349863688,4.138550008535385,3.5540606038316365,3.359999895095825,5.940000057220459,False,False,False,False,False,False,False,False,False,-33.52712852351251,noise,86.51204360665227,False,False,False,True,,Food Products,Animal Feed,23.265895953757227,False,False
AKASH.NS,2026-09-15,24.559999465942383,24.865833441416424,25.580277760823567,25.98700008392334,26.165066680908204,26.033200006484986,24.933393646005044,22.799999237060547,36.0,False,True,False,False,False,False,False,False,False,-19.5281812006172,noise,23.60678550129216,False,False,False,False,,Construction,Civil Construction,41.32947976878613,False,False
AKG.NS,2026-09-15,10.479999542236328,9.743333260218302,9.406111028459337,9.653799915313721,10.898733285268149,11.341199975013733,10.02711580886061,8.0600004196167,15.069999694824219,False,False,False,False,True,True,False,True,False,-14.657982327979635,red,108.21746557367662,False,True,False,False,,Commercial Services & Supplies,Trading & Distributors,47.30250481695568,False,False
AKI.NS,2026-09-15,5.840000152587891,5.725833376248677,4.720555543899536,4.690999984741211,4.933599999745687,5.392650003433228,5.958718705835547,3.799999952316284,10.479999542236328,True,False,False,False,True,True,False,False,False,-38.52631418328536,noise,86.57550020928039,False,False,False,False,,Consumer Durables,Leather And Leather Products,18.015414258188827,False,False
AKIKO.NS,2026-09-11,432.5,411.4166666666667,374.3763893975152,355.03199951171877,277.3953331502279,270.89024993896487,417.20891689108066,185.35000610351562,438.95001220703125,True,True,True,True,True,True,True,True,False,111.13008890097245,noise,80.64516129032258,False,False,True,False,,Finance,Other Financial Services,96.48362235067437,True,True
AFIL.NS,2026-09-15,8.539999961853027,9.15333342552185,9.358333375718859,9.401400032043457,8.94006669362386,8.253700025081635,9.035403607888277,3.9200000762939453,11.100000381469727,False,True,True,True,False,True,True,False,False,8.375632459732984,noise,98.9827101711722,False,False,False,False,,Finance,Non Banking Financial Company (NBFC),70.85741811175336,True,False
AKSHOPTFBR.NS,2026-09-15,8.350000381469727,7.802499969800313,6.949444439676073,6.681799993515015,6.1064666573206585,6.112099994421005,8.088953116484452,3.819999933242798,9.010000228881836,True,False,False,True,True,True,True,True,False,7.464612637927592,red,138.78475684837707,False,False,False,False,,Telecom -  Equipment & Accessories,Telecom -  Equipment & Accessories,70.23121387283237,True,False
AKSHAR.NS,2026-09-15,0.4099999964237213,0.41583332419395447,0.41138888398806256,0.4161999958753586,0.44039999663829804,0.4580999962985516,0.41454060273388127,0.36000001430511475,0.7599999904632568,False,False,False,False,False,False,False,False,False,-26.78571523604344,noise,42.1837700299634,False,False,False,False,,Textiles & Apparels,Other Textile Products,31.502890173410403,False,False
AKSHARCHEM.NS,2026-09-15,401.79998779296875,404.5258331298828,322.79527791341144,298.11640014648435,235.06133290608724,236.08249984741212,405.2475976480287,141.3000030517578,472.0,True,False,True,True,True,True,True,False,False,44.50638569786312,noise,73.8042158302068,False,True,False,False,,Chemicals & Petrochemicals,Dyes And Pigments,87.76493256262043,True,False
AKUMS.NS,2026-09-15,765.6500244140625,764.0749969482422,732.5374959309896,717.8129956054687,589.9738079833984,550.7603518676758,760.0276908714144,407.37371334346585,796.5499877929688,True,True,True,True,True,True,True,True,False,64.12851900179524,noise,88.52761883034358,False,False,False,False,,Pharmaceuticals & Biotechnology,Pharmaceuticals,91.90751445086705,True,True
ALANKIT.NS,2026-09-15,7.769999980926514,8.00166674455007,8.03277783923679,8.025200052261352,8.40153331120809,8.902199988365174,7.973122055669535,6.800000190734863,14.170000076293945,False,False,False,False,False,False,False,False,False,-44.42059917490114,noise,75.44354728521773,False,True,False,False,,Commercial Services & Supplies,Diversified Commercial Services,12.283236994219653,False,False
ALBERTDAVD.NS,2026-09-15,851.9000244140625,866.7833353678385,804.7049475775825,773.20822265625,725.4296667480469,727.0663305664062,855.4802094684005,575.6902111808453,931.8499755859375,True,False,False,True,True,True,True,False,False,7.487903545649233,noise,46.421846784610345,False,False,False,False,,Pharmaceuticals & Biotechnology,Pharmaceuticals,70.27938342967245,True,False
ALEMBICLTD.NS,2026-09-15,100.51000213623047,104.56333414713542,94.35937839084201,92.26631256103515,88.20089838663738,90.10078144073486,103.9909410705195,68.6152946732243,117.72000122070312,True,False,False,True,True,True,True,False,False,0.050587109696631494,noise,63.99148179907029,False,False,False,False,,Realty,"Residential, Commercial Projects",64.40269749518305,False,False
APLLTD.NS,2026-09-15,824.75,819.4125111897787,818.2590535481771,817.4411730957031,760.5642907714844,775.1806832885742,817.6939365657508,626.4825498908483,983.3745824758901,True,False,False,True,True,True,True,True,False,-11.627916406404859,green,142.09318609104068,False,False,False,False,,Pharmaceuticals & Biotechnology,Pharmaceuticals,51.10789980732178,False,False
ALFREDHE.NS,2026-09-15,,,,,,,,,,False,False,False,False,False,False,False,False,False,,noise,,False,False,False,True,,Finance,Non Banking Financial Company (NBFC),,False,False
ALGOQUANT.NS,2026-09-15,,,,,,,,,,False,False,False,False,False,False,False,False,False,,red,102.22893696670849,False,False,False,False,,Finance,Other Financial Services,,False,False
ALICON.NS,2026-09-15,697.2000122070312,694.3583424886068,707.6888885498047,687.9649987792968,688.2071138509115,716.2119647216797,708.1115122203657,578.2026889823056,1018.832993642693,False,False,False,False,True,False,False,False,False,-16.751855131097926,noise,30.896117665754026,False,False,False,False,,Auto Components,Auto Components & Equipments,44.41233140655106,False,False
ALIVUS.NS,2026-09-15,1347.800048828125,1386.9221903483074,1323.084699842665,1272.1643212890624,1100.4366536458333,1049.4514428710938,1379.7288891341932,816.0868402393627,1488.4866814641196,True,True,True,True,True,True,True,False,False,41.68660419090953,noise,48.65515039583986,False,False,False,False,,Pharmaceuticals & Biotechnology,Pharmaceuticals,86.80154142581888,True,True
ALKALI.NS,2026-09-15,73.44999694824219,72.23666636149089,69.36218749152289,72.80172058105468,70.65605707804362,72.01151870727539,74.5328124852375,46.13075799853828,105.84446550225782,True,False,False,True,True,True,False,False,False,-20.5082425555832,noise,63.49109767285118,False,False,False,False,,Chemicals & Petrochemicals,Specialty Chemicals,40.26974951830443,False,False
ALKEM.NS,2026-09-15,5161.0,5217.0,5426.2949625651045,5480.34638671875,5445.23359375,5485.482893066406,5192.070361355629,5051.0,5875.533923201399,False,False,False,False,False,False,True,False,False,-2.0408465890523475,green,193.44691568385028,False,False,False,False,,Pharmaceuticals & Biotechnology,Pharmaceuticals,61.946050096339114,False,False
ALKYLAMINE.NS,2026-09-15,1775.699951171875,1965.4916687011719,1929.8638949924045,1910.5100024414062,1676.9972477213541,1655.125756225586,1925.1664187417603,1205.1967651271746,2115.0,True,True,True,True,False,True,True,False,False,-12.891526865174797,noise,61.116362728610085,False,False,False,False,,Chemicals & Petrochemicals,Specialty Chemicals,49.51830443159923,False,False
ALLETEC.NS,2026-09-11,132.0,128.625,131.0499996609158,133.87499938964845,149.04966649373372,165.47925006866456,130.84129127160054,115.80000305175781,297.0,False,False,False,False,False,False,False,True,False,-53.09797031083095,red,109.60105217010083,False,False,False,False,,IT - Software,Computers - Software & Consulting,6.358381502890173,False,False
ALLTIME.NS,2026-09-15,213.3800048828125,207.82416661580405,213.21472125583225,219.82019927978516,227.9311330159505,234.6596997833252,211.22434706274188,186.0,314.70001220703125,False,False,False,False,False,False,False,True,False,-21.896048554671033,red,117.21163931546063,False,True,False,False,,Consumer Durables,Houseware,38.15028901734104,False,False
AGL.NS,2026-09-15,,,,,,,,,,False,False,False,False,False,False,False,False,False,,noise,53.225798138130386,False,False,False,False,,Transport Services,Logistics Solution Provider,,False,False
ALLCARGO.NS,2026-09-15,11.600000381469727,12.31166672706604,10.732222278912863,9.969200048446655,9.112600005467733,9.577699997425078,12.2161238248211,7.110000133514404,36.54999923706055,True,False,False,True,True,True,False,False,False,-63.069084884362205,noise,47.72314672092781,False,False,False,False,,Transport Services,Logistics Solution Provider,2.7938342967244703,False,False
ATL.NS,2026-09-15,24.329999923706055,25.22499990463257,24.59777768452962,24.26079990386963,24.441999994913736,24.90834997177124,24.994431030951283,18.200000762939453,40.5099983215332,False,False,False,False,True,True,False,False,False,-13.539444024806645,noise,74.75653213827437,False,False,False,False,,Transport Infrastructure,Port & Port services,48.94026974951831,False,False
ALLDIGI.NS,2026-09-15,799.5,803.6083374023438,811.2828928629557,805.6636657714844,790.3861787923178,789.0861996459961,802.9514731836929,675.4414915283778,935.3887118048539,True,True,False,True,False,False,True,False,False,-7.682139489601436,noise,26.98781518210522,False,False,False,False,,Commercial Services & Supplies,Business Process Outsourcing (BPO)/ Knowledge Process Outsourcing (KPO),56.117533718689785,False,False
ABDL.NS,2026-09-15,631.5999755859375,611.9625091552734,614.562503390842,619.9890014648438,558.8435817464193,556.7067210388184,615.2374596390055,378.81990505354565,711.7000122070312,True,True,False,True,True,True,True,True,False,20.394742582782822,red,140.83095034763556,False,False,False,False,,Beverages,Breweries & Distilleries,79.09441233140655,True,False
ADSL.NS,2026-09-15,97.0199966430664,102.1966667175293,108.1929914686415,110.86971878051757,114.13296508789062,121.06928890228272,101.16305992008328,85.06657071182701,206.60714465148004,False,False,False,False,False,False,False,False,False,-40.69881139323277,noise,89.04248161141179,False,False,False,False,,IT - Services,IT Enabled Services,16.040462427745663,False,False
ALMONDZ.NS,2026-09-15,16.84000015258789,18.19000005722046,15.572777801089817,14.895800037384033,14.638200003306071,15.058200016021729,18.067950324487313,10.680000305175781,22.100000381469727,True,False,False,False,True,True,True,False,False,-17.085176782861545,red,209.82396781806295,False,False,False,False,,Capital Markets,Stockbroking & Allied,43.97880539499037,False,False
ALOKINDS.NS,2026-09-15,7.380000114440918,7.996666709582011,10.502499964502123,11.051000013351441,12.618666658401489,13.430050022602082,7.96452250293914,7.059999942779541,19.34000015258789,False,False,False,False,False,False,False,False,False,-60.66098068016499,green,109.71692230837529,False,False,False,False,,Textiles & Apparels,Other Textile Products,3.5645472061657033,False,False
ALPA.NS,2026-09-15,60.38999938964844,62.47166633605957,64.48916647169325,65.63920028686523,66.33393348693848,68.51355010986327,62.24998093117621,46.099998474121094,97.51000213623047,False,False,False,False,False,True,False,False,False,-36.69147732880491,noise,64.93129580833688,False,False,False,False,,Pharmaceuticals & Biotechnology,Pharmaceuticals,19.797687861271676,False,False
ALPEXSOLAR.NS,2026-09-11,934.2000122070312,886.4750061035156,843.705556233724,840.8330017089844,885.4960005696614,878.1187481689453,898.984702487877,660.0,1374.8499755859375,True,True,False,False,True,True,False,True,False,-29.943756114958287,noise,75.84401637693804,False,False,False,False,,Electrical Equipment,Other Electrical Equipment,26.926782273603084,False,False
ALPHAGEO.NS,2026-09-15,298.8500061035156,305.4559834798177,280.7064158121745,256.97447967529297,223.08234792073569,221.76070114135743,308.461126798765,162.23939856576865,362.2821402259545,True,True,True,True,True,True,True,False,False,18.98465839675294,dry,17.222236636215367,False,False,False,False,,Oil,Offshore Support Solution Drilling,77.79383429672447,True,True
ALPINETEX.NS,2026-09-15,,,,,,,,,,False,False,False,False,False,False,False,False,False,,noise,,False,False,False,False,,Textiles & Apparels,Other Textile Products,,False,False
ALUFLUOR.NS,2026-09-15,,,,,,,,,,False,False,False,False,False,False,False,False,False,,noise,,False,True,False,False,,Chemicals & Petrochemicals,Commodity Chemicals,,False,False
ALUWIND.NS,2026-09-14,47.75,47.850000063578285,49.03750038146973,48.05300018310547,52.48700004577637,56.64650003433228,47.99319344095261,40.0,95.80000305175781,False,False,False,False,False,False,False,False,False,-41.768292682926834,dry,0.0,False,False,False,False,,Industrial Products,"Aluminium, Copper & Zinc Products",14.78805394990366,False,False
AMAGI.NS,2026-09-15,,,,,,,,,,False,False,False,False,False,False,False,False,False,,noise,32.71557333184818,False,False,False,False,,IT - Services,IT Enabled Services,,False,False
AMAL.NS,2026-09-15,,,,,,,,,,False,False,False,False,False,False,False,False,False,,noise,,False,False,False,True,,Chemicals & Petrochemicals,Specialty Chemicals,,False,False
AMANTA.NS,2026-09-15,193.8000030517578,194.4708340962728,179.5161107381185,177.3797998046875,142.09539962768554,133.04644962310792,195.86257952164485,92.0,209.9499969482422,True,True,True,True,True,True,True,False,False,,noise,22.39120858869509,False,False,False,False,,Pharmaceuticals & Biotechnology,Pharmaceuticals,,False,False
ARE&M.NS,2026-09-15,799.5499877929688,852.9416758219401,899.7694464789497,894.7274133300781,845.1347090657553,857.5511862182617,840.550770424959,666.0087356197063,1045.6584377625288,False,False,False,True,False,False,True,False,False,-21.4267660197345,noise,43.21708820906204,False,False,False,False,,Auto Components,Auto Components & Equipments,38.824662813102115,False,False
AMARJOTHI.NS,2026-09-15,,,,,,,,,,False,False,False,False,False,False,False,False,False,,noise,,False,False,False,False,,Textiles & Apparels,Other Textile Products,,False,False
AMBALALSA.NS,2026-09-15,,,,,,,,,,False,False,False,False,False,False,False,False,False,,noise,22.45008473591553,False,False,False,False,,Pharmaceuticals & Biotechnology,Pharmaceuticals,,False,False
AMBER.NS,2026-09-15,7000.0,7403.833333333333,7342.958333333333,7440.17,7514.216666666666,7238.32,7287.93624520361,5400.5,8974.0,False,True,False,False,False,False,True,False,False,-11.364355808800253,noise,53.584704929903026,False,False,False,False,,Consumer Durables,Household Appliances,51.49325626204239,False,False
AMBICAAGAR.NS,2026-09-15,24.940000534057617,25.28666655222575,24.91555553012424,24.912399940490722,24.334800046284993,24.50925006866455,25.257101727117607,20.0,29.68000030517578,True,False,False,True,True,False,True,False,False,-6.661672249397266,noise,43.499103957067156,False,True,False,False,,Household Products,Household Products,56.88824662813102,False,False
AMBIKCO.NS,2026-09-15,1579.5999755859375,1622.624979654948,1665.9444342719185,1683.18798828125,1550.0353287760418,1473.8019970703126,1614.4754624210184,1101.0,1931.0,True,True,True,True,False,True,True,False,False,8.634534781045723,noise,59.22869000005788,False,False,False,False,,Textiles & Apparels,Other Textile Products,71.24277456647398,True,False
AMBUJACEM.NS,2026-09-15,381.75,399.26666768391925,415.8583340115017,420.39899963378906,437.89583190917966,463.2820848083496,396.69592552169286,380.1000061035156,597.8407381419596,False,False,False,False,False,False,False,False,False,-31.560142097197506,noise,61.70822388076682,False,False,False,True,,Cement & Cement Products,Cement & Cement Products,25.096339113680155,False,False
AMDIND.NS,2026-09-15,69.63999938964844,59.040833155314125,53.26138877868652,51.26739990234375,46.128199895222984,46.578899993896485,60.4291218527178,33.77000045776367,74.38999938964844,True,False,False,True,True,True,True,True,False,36.49548954296682,ppv,1890.3475750519792,False,False,True,False,,Industrial Products,Packaging,85.21194605009634,True,False
AMEYA.NS,2026-09-11,121.0,111.49583307902019,109.41805585225423,110.56000015258789,106.45800013224284,104.35525005340577,113.01319583341181,86.0,128.4499969482422,True,True,False,True,True,True,True,True,False,18.569325214651002,ppv,271.7391304347826,False,False,False,False,,Industrial Products,Other Industrial Products,77.504816955684,True,False
AMIABLE.NS,2026-09-14,73.94999694824219,70.7291653951009,69.5638879140218,70.51199844360352,73.01599950154622,73.12424961090088,72.21336664630702,52.5,97.5,True,False,False,False,True,True,True,True,False,8.749995512120856,dry,0.0,False,False,False,False,,Transport Services,Logistics Solution Provider,71.4354527938343,True,False
AMNPLST.NS,2026-09-15,165.52000427246094,172.78463490804037,186.19387181599936,189.49502990722655,177.63680623372395,179.54467872619628,170.78047118861716,126.62184308118806,249.2555891812046,False,False,False,True,False,True,False,False,False,-26.018565198484733,dry,11.935570964789243,False,False,False,False,,Chemicals & Petrochemicals,Commodity Chemicals,32.5626204238921,False,False
AMJLAND.NS,2026-09-15,37.209999084472656,38.80499998728434,38.67042011684842,38.34365127563476,38.720114644368486,41.24813301086426,38.53263918440734,30.143694033373624,60.68532654621125,False,False,False,False,False,False,False,False,False,-34.080112604159055,red,175.67493593625446,False,False,False,False,,Realty,"Residential, Commercial Projects",22.6878612716763,False,False
AMRUTANJAN.NS,2026-09-15,489.6000061035156,500.05090586344403,507.2403742472331,514.3053216552735,541.6734743245443,566.2027696228027,497.64568524569023,479.961433043739,765.1663079554738,False,False,False,False,False,False,False,False,False,-33.911038674979025,noise,25.445648137116866,False,False,False,False,,Pharmaceuticals & Biotechnology,Pharmaceuticals,22.784200385356453,False,False
ARSSBL.NS,2026-09-15,,,,,,,,,,False,False,False,False,False,False,False,False,False,,noise,74.9664826188187,False,False,False,False,,Capital Markets,Stockbroking & Allied,,False,False
ANANDRATHI.NS,2026-09-15,2183.89990234375,2202.0416463216147,2146.963877360026,2129.5139965820313,1846.9484635416666,1759.5691796875,2197.8885550834384,1351.1991966764108,2242.0,True,True,True,True,True,True,True,False,False,48.74475957742723,noise,48.19404716022325,False,False,False,False,,Capital Markets,Financial Products Distributor,89.0655105973025,True,True
ANANTRAJ.NS,2026-09-15,585.9000244140625,609.2708282470703,615.7258673773872,605.8535620117187,540.3504858398437,541.0994166564941,607.8282951461449,402.3389018697037,742.4300925158334,True,False,False,True,False,True,True,False,False,10.043637385773696,noise,62.581750630516595,False,False,False,False,,Realty,"Residential, Commercial Projects",72.39884393063583,True,False
ACL.NS,2026-09-15,42.54999923706055,43.34583346048991,45.658611403571236,46.64880012512207,51.55366673787435,55.40554998397827,43.22124581270816,40.5,100.01000213623047,False,False,False,False,False,False,False,False,False,-56.367923808695274,noise,30.130165451266365,False,False,False,False,,Cement & Cement Products,Cement & Cement Products,5.105973025048169,False,False
ANDHRAPAP.NS,2026-09-15,71.63999938964844,66.75749937693278,62.74762047661675,62.204440155029296,63.30909121195475,63.83023292541504,68.75360076144224,57.5321815380666,86.18916380875459,True,False,False,False,True,False,True,True,False,-9.33651598598394,noise,97.48435747652272,False,False,False,False,,"Paper, Forest & Jute Products",Paper & Paper Products,53.80539499036608,False,False
ANDHRSUGAR.NS,2026-09-15,94.66000366210938,98.13583310445149,95.17222192552354,92.25759963989258,85.44633305867514,82.46419982910156,97.37052904113072,66.5,107.2300033569336,True,True,True,True,True,True,True,False,False,26.553874010755663,noise,40.71853265812002,False,False,False,False,,Chemicals & Petrochemicals,Commodity Chemicals,81.74373795761079,True,True
ANDREWYU.NS,2026-09-15,,,,,,,,,,False,False,False,False,False,False,False,False,False,,noise,,False,False,False,True,,Agricultural Food & other Products,Tea & Coffee,,False,False
ANGELONE.NS,2026-09-15,297.5,293.3541615804036,294.77916547987195,304.9275152587891,295.80162434895834,284.3663841247559,296.1297176581884,206.12108714450565,359.3387168134344,True,True,False,True,False,True,True,True,False,36.84245545715243,noise,85.93171552470635,False,False,False,False,,Capital Markets,Stockbroking & Allied,85.35645472061657,True,False
AISL.NS,2026-09-11,54.650001525878906,57.04999955495199,57.93749978807237,58.00999977111817,60.02499979654948,65.67499992370605,57.11316995979814,49.0,105.0999984741211,False,False,False,False,False,False,False,False,False,-42.473682604337995,dry,13.262599469496022,False,False,False,False,,Commercial Services & Supplies,Diversified Commercial Services,14.017341040462428,False,False
ANIKINDS.NS,2026-09-15,40.58000183105469,44.91166687011719,43.70555559794108,43.685000076293946,43.67113339742025,45.73495006561279,44.160990737259404,32.5,83.4000015258789,False,False,False,False,False,False,False,False,False,-46.912610498461746,red,255.24189828542814,False,False,False,False,,Commercial Services & Supplies,Trading & Distributors,10.067437379576107,False,False
APCL.NS,2026-09-15,99.4000015258789,100.07750066121419,102.18277825249567,102.69700027465821,112.53986648559571,116.33499980926514,99.93510602758019,97.25,148.77999877929688,False,False,False,False,False,False,False,False,False,-28.617593159153387,noise,54.87896355511739,False,False,False,False,,Cement & Cement Products,Cement & Cement Products,28.80539499036609,False,False
ANKITMETAL.NS,2026-09-15,1.6399999856948853,1.685833344856898,1.6188888880941603,1.5770000052452087,1.5776666720708212,1.618150007724762,1.6529065584303748,1.2899999618530273,2.119999885559082,True,False,False,False,True,False,True,False,False,-16.75127097069884,green,131.51933959889837,False,False,False,False,,Ferrous Metals,Iron & Steel,44.460500963391134,False,False
AHCL.NS,2026-09-15,20.18000030517578,16.56333343187968,15.36000002755059,15.313400020599365,14.018259995778402,13.991469984054566,17.271762562451833,10.371000289916992,22.940000534057617,True,True,False,True,True,True,True,True,False,84.41013068292686,ppv,1556.0293508305008,False,False,True,False,,Pharmaceuticals & Biotechnology,Pharmaceuticals,94.46050096339114,True,False
ANLON.NS,2026-09-11,691.6500244140625,652.8041687011719,641.1708340115017,639.9560009765624,544.4133335367839,506.3454998779297,662.6156974781288,335.0,748.0,True,True,True,True,True,True,True,True,False,46.2262208063557,noise,61.224489795918366,False,False,False,False,,Commercial Services & Supplies,Diversified Commercial Services,88.19845857418112,True,True
ANMOL.NS,2026-09-15,15.270000457763672,11.894166866938273,10.70000007417467,10.720000057220458,11.217066688537598,11.772150011062623,13.121277427002365,8.399999618530273,18.549999237060547,True,False,False,False,True,True,True,True,False,-5.096331181154968,red,612.6166641863061,False,False,False,False,,Consumable Fuels,Trading - Coal,58.95953757225434,False,False
ANNAPURNA.NS,2026-09-15,137.38999938964844,142.08082962036133,143.84222178988986,140.47239944458008,152.71946650187175,166.9348497390747,140.64429384084175,120.75,287.0,False,False,False,False,False,False,False,False,False,-44.02525927974661,noise,23.53203773508225,False,True,False,False,,Food Products,Packaged Foods,12.8131021194605,False,False
ANNU.NS,2026-09-15,,,,,,,,,,False,False,False,False,False,False,False,False,False,,noise,,False,False,False,True,,Construction,Civil Construction,,False,False
ANSALBU.NS,2026-09-15,,,,,,,,,,False,False,False,False,False,False,False,False,False,,noise,,False,False,False,False,,Realty,"Residential, Commercial Projects",,False,False
ANSALAPI.NS,2026-09-15,3.4000000953674316,3.3241666754086814,3.3622222211625843,3.184200005531311,3.4332000080744427,3.403200008869171,3.3595014735021187,2.509999990463257,5.21999979019165,False,True,False,False,True,True,False,True,False,-33.33333021675055,green,114.9292845135005,False,True,False,False,,Realty,"Residential, Commercial Projects",23.314065510597302,False,False
ANTGRAPHIC.NS,2026-09-15,0.7400000095367432,0.7366666793823242,0.7383333444595337,0.7464000034332275,0.8016000028451283,0.8429000017046928,0.7350083621028091,0.6399999856948853,1.1699999570846558,False,False,False,False,False,False,False,True,False,-32.72727331839316,noise,42.33840068926612,False,True,False,False,,Industrial Products,Packaging,24.03660886319846,False,False
ANTELOPUS.NS,2026-09-15,1057.800048828125,988.4125061035156,872.3597242567274,864.2570007324218,739.5083315022787,664.6212483215332,1032.881227651655,357.0,1218.300048828125,True,True,True,True,True,True,True,True,False,91.78679580085199,noise,74.3392412673322,False,False,False,False,,Oil,Oil Exploration & Production,95.08670520231213,True,True
ANTHEM.NS,2026-09-15,942.8499755859375,933.0999959309896,880.7583346896702,848.4640026855469,768.0876928710937,735.9379507446289,935.3193719989109,577.6439689831894,977.5499877929688,True,True,True,True,True,True,True,True,False,13.414302151630864,noise,71.65931909965022,False,False,False,False,,Pharmaceuticals & Biotechnology,Biotechnology,74.85549132947978,True,True
AWHCL.NS,2026-09-15,354.1000061035156,373.9958318074544,395.5001339382595,411.20966552734376,454.81790954589843,463.31892013549805,370.5036148896694,351.75,615.2145880235402,False,False,False,False,False,False,False,False,False,-40.09426500432753,noise,77.599137795713,False,False,False,True,,Other Utilities,Waste Management,16.522157996146436,False,False
ANUHPHR.NS,2026-09-15,90.33000183105469,87.1433334350586,81.01576826307509,80.15186141967773,77.8628143310547,77.40028736114502,89.10821295941045,65.74983978271484,99.5,True,True,False,True,True,True,True,True,False,6.204595730389628,red,156.16851926038265,False,False,False,False,,Pharmaceuticals & Biotechnology,Pharmaceuticals,69.36416184971098,False,False
ANURAS.NS,2026-09-15,1170.4000244140625,1234.9750061035156,1227.0305718315972,1237.0380102539064,1277.3406697591147,1279.9850042724609,1223.0963158876534,1045.199951171875,1415.0,False,False,False,False,False,False,True,False,False,6.846813796641826,red,152.77199080742082,False,False,False,False,,Chemicals & Petrochemicals,Specialty Chemicals,69.89402697495183,False,False
APARINDS.NS,2026-09-15,16550.0,17384.329264322918,16364.303005642361,15657.72337890625,13226.770416666666,12008.489704589843,17201.776982095205,6777.469795325622,18401.11382486979,True,True,True,True,True,True,True,False,False,96.03916942930914,noise,67.71105484551057,False,False,False,False,,Electrical Equipment,Other Electrical Equipment,95.42389210019267,True,True
APCOTEXIND.NS,2026-09-15,576.7000122070312,620.5166778564453,616.7083333333334,591.9299975585938,481.46299255371093,452.27134979248046,610.3514875604487,307.1774227167927,712.0,True,True,True,True,False,True,True,False,False,43.359625494310365,noise,34.32952286677907,False,False,False,False,,Industrial Products,Rubber,87.52408477842005,True,False
PARKHOTELS.NS,2026-09-15,106.83000183105469,111.77416674296062,116.57944424947102,119.47699981689453,119.45366643269857,122.0921499633789,111.32726476076061,95.0999984741211,163.38629614722876,False,False,False,False,False,False,False,False,False,-31.663134099126957,noise,97.43474385231472,False,False,False,False,,Leisure Services,Hotels & Resorts,24.903660886319845,False,False
APEX.NS,2026-09-15,358.95001220703125,373.5910186767578,380.09862942165796,384.22691833496094,405.3126348876953,375.2063934326172,372.79995055834434,218.41563847380195,511.1200184186195,False,True,True,False,False,True,False,False,False,46.53995272303519,noise,23.224479494308927,False,False,False,False,,Food Products,Seafood,88.39113680154142,True,False
APLAPOLLO.NS,2026-09-15,2119.300048828125,2193.1915893554688,2070.6202324761284,1996.7875634765626,1970.6192431640625,1952.6274102783202,2168.5860374036542,1646.9555379628491,2292.568366695916,True,True,True,True,True,False,True,False,False,24.902488422928304,noise,68.2474949785709,False,False,False,False,,Industrial Products,Iron & Steel Products,81.0693641618497,True,False
APOLLOHOSP.NS,2026-09-15,8714.0,8800.625,8820.621120876736,8830.520546875,8205.234384765625,7924.805515136719,8802.54293111629,6679.845437739152,9039.4765625,True,True,True,True,False,True,True,False,False,10.866510518273476,noise,75.97016245859845,False,False,False,False,,Healthcare Services,Hospital,73.02504816955684,True,False
APOLLO.NS,2026-09-15,386.6000061035156,397.8500035603841,392.2638914320204,394.22300048828123,333.09693328857423,312.2081999206543,402.14517050753284,179.5,466.5,True,True,True,True,False,True,True,False,False,19.931750824713035,red,141.31470217446514,False,False,False,False,,Aerospace & Defense,Aerospace & Defense,78.61271676300578,True,False
APOLLOPIPE.NS,2026-09-15,520.2000122070312,591.7374928792318,561.7069388495552,542.9655578613281,474.49181091308594,428.1328944396973,574.9960856905685,251.75001240064898,668.7999877929688,True,True,True,True,False,True,True,False,False,33.604310724155326,red,114.98093958041717,False,False,False,False,,Industrial Products,Plastic Products - Industrial,84.20038535645472,True,False
APOLSINHOT.NS,2026-09-15,1214.5,1222.9166564941406,1213.0305514865452,1217.2419921875,1195.2663317871093,1210.6887478637695,1220.0366548632678,950.0,1450.0999755859375,True,False,False,True,False,False,True,False,False,-11.688352726652685,noise,26.40757349277529,False,True,False,False,,Leisure Services,Hotels & Resorts,50.96339113680154,False,False
APOLLOTYRE.NS,2026-09-15,406.20001220703125,426.72083282470703,433.8416680230035,433.3663409423828,425.0447957356771,444.46387145996096,421.76824919302095,363.2227809620478,533.7088183031568,False,False,False,False,False,False,True,False,False,-13.478027591893127,noise,43.426958446444466,False,False,False,False,,Auto Components,Tyres & Rubber Products,49.08477842003854,False,False
APOORVA.NS,2026-09-15,,,,,,,,,,False,False,False,False,False,False,False,False,False,,noise,,False,False,False,False,,Finance,Other Financial Services,,False,False
APTECHT.NS,2026-09-15,86.37999725341797,89.66249910990398,92.111388736301,93.30759963989257,93.2777934773763,91.87413856506348,88.95494024342369,66.31145685193937,128.59240912467249,False,True,False,True,False,True,False,False,False,-31.30916599236756,noise,78.15493407926371,False,False,False,False,,Other Consumer Services,Education,25.337186897880535,False,False
APTUS.NS,2026-09-15,244.8300018310547,253.88583374023438,259.08000013563367,268.13960021972656,254.26999135335288,259.56171669006346,252.70912814981455,191.24135126964168,338.0578572219359,False,False,False,True,False,False,False,False,False,-26.399186542334284,noise,93.65998301858507,False,False,False,False,,Finance,Housing Finance Company,32.177263969171484,False,False
AQYLON.NS,2026-09-15,20.709999084472656,21.856666723887127,23.985833485921223,27.368800048828124,59.35986668904622,257.8545010757446,21.96392254296934,19.65999984741211,1714.9000244140625,False,False,False,False,False,False,False,False,False,-97.9358118871276,red,107.63901903059447,False,False,False,False,,Entertainment,TV Broadcasting & Software Production,0.04816955684007707,False,False
ARABIAN.NS,2026-09-11,78.0999984741211,84.72916666666667,81.34722222222223,78.20299987792968,72.61866653442382,72.19075000762939,83.59089678638522,63.20000076293945,94.30000305175781,True,True,True,True,False,False,True,False,False,3.306878373622957,noise,54.151624548736464,False,False,False,False,,Petroleum Products,Lubricants,67.05202312138728,False,False
ACI.NS,2026-09-15,455.25,484.33750406901044,509.9138887193468,519.3430023193359,549.2547833251953,544.4017715454102,480.79028899945183,453.04998779296875,722.5861228075659,False,True,False,False,False,False,False,False,False,-34.295652544655,noise,76.84075067904071,False,False,False,True,,Chemicals & Petrochemicals,Specialty Chemicals,22.398843930635838,False,False
ADL.NS,2026-09-15,71.16000366210938,73.23083368937175,72.2483336130778,71.76400024414062,71.27926645914714,72.3900499343872,72.46892508534992,50.2599983215332,109.9000015258789,False,False,False,False,False,True,False,False,False,-17.22693654566011,red,291.90587113222426,False,False,False,False,,Consumer Durables,Plywood Boards/ Laminates,43.834296724470136,False,False
ARCHIDPLY.NS,2026-09-15,100.20999908447266,103.52499961853027,95.44111103481717,91.3070001220703,83.64980008443196,84.99055006027221,102.54707873478628,60.0,124.77999877929688,True,False,False,True,True,True,True,False,False,-2.4720203557443754,noise,39.42114866057049,False,False,False,False,,Consumer Durables,Plywood Boards/ Laminates,61.60886319845857,False,False
ARCHIES.NS,2026-09-15,12.289999961853027,12.936666488647461,13.523611068725586,13.660599994659425,14.291466681162516,15.1851500082016,12.78484943384315,10.859999656677246,24.3799991607666,False,False,False,False,False,False,False,False,False,-31.49387070239228,noise,71.43959285894208,False,True,False,False,,Consumer Durables,Leisure Products,25.19267822736031,False,False
ARCL.NS,2026-09-15,,,,,,,,,,False,False,False,False,False,False,False,False,False,,noise,,False,False,True,False,,Chemicals & Petrochemicals,Commodity Chemicals,,False,False
ARDEE.NS,2026-09-15,,,,,,,,,,False,False,False,False,False,False,False,False,False,,noise,,False,False,False,True,,Diversified Metals,Diversified Metals,,False,False
ARFIN.NS,2026-09-15,82.72000122070312,87.9058329264323,86.48499976264105,86.93559967041016,86.20086649576822,82.27584999084473,87.13828991325673,39.09565971616703,106.19999694824219,False,True,True,True,False,True,True,False,False,98.6036187361863,noise,68.06606289913414,False,False,False,False,,Non - Ferrous Metals,Aluminium,95.8092485549133,True,False
ARIES.NS,2026-09-15,473.29998779296875,482.25833384195965,418.0666673448351,396.9620001220703,364.7043320719401,354.0782489013672,476.4492420831727,285.3500061035156,517.9000244140625,True,True,True,True,True,True,True,False,False,13.10124370504857,noise,32.29511414353819,False,True,False,False,,Fertilizers & Agrochemicals,Fertilizers,74.61464354527938,True,True
ARIHANT.NS,2026-09-15,,,,,,,,,,False,False,False,False,False,False,False,False,False,,red,113.55136093159288,False,False,False,False,,Realty,"Residential, Commercial Projects",,False,False
ARIHANTACA.NS,2026-09-14,500.0,484.0697835286458,474.2569046020508,471.24376953125,467.8857061767578,469.7022183227539,490.7035666134027,383.4599833428105,552.7799769827852,True,False,False,True,True,True,True,True,False,26.053497646037105,dry,0.0,False,False,False,False,,Other Consumer Services,Education,81.5028901734104,True,False
ARIHANTCAP.NS,2026-09-15,81.44999694824219,78.75,77.36777750651042,76.51379943847657,72.62279998779297,76.80369995117188,78.71210873560206,56.970001220703125,120.0,True,False,False,False,True,True,False,True,False,-28.89111298603715,ppv,346.4155206613039,False,False,False,False,,Capital Markets,Stockbroking & Allied,28.468208092485547,False,False
ARIHANTSUP.NS,2026-09-15,213.9499969482422,236.34258778889975,250.19388029310437,253.57791412353515,252.91137176513672,268.43704399108884,229.22986203859065,188.58512711443598,464.470773664448,False,False,False,False,False,False,False,False,False,-45.74736274667154,noise,22.658653515836725,False,False,False,False,,Realty,"Residential, Commercial Projects",11.271676300578035,False,False
ARIS.NS,2026-09-15,120.62999725341797,130.50166511535645,133.54888894822864,127.82740020751953,120.56526672363282,120.47275001525878,128.19884939148727,82.18000030517578,178.3000030517578,True,True,False,True,False,True,False,False,False,-25.952983523580365,noise,83.93900084818743,False,False,False,False,,Other Construction Materials,Other Construction Materials,32.65895953757225,False,False
ARISTO.NS,2026-09-14,103.0,104.0,107.16250059339735,106.22500030517578,100.73000035603842,103.62775039672852,103.76170796982598,74.30000305175781,140.0,False,False,False,True,False,True,False,False,False,-20.769230769230774,dry,0.0,False,False,False,False,,Fertilizers & Agrochemicals,Pesticides & Agrochemicals,39.83622350674374,False,False
ARKADE.NS,2026-09-15,116.41999816894531,122.58499908447266,130.25527699788412,131.95879959106446,120.71440007527669,124.30605007171631,122.41242010674318,92.62000274658203,185.3000030517578,False,False,False,True,False,False,False,False,False,-34.833472070308126,noise,36.518435013951866,False,False,False,False,,Realty,"Residential, Commercial Projects",21.772639691714836,False,False
ARMANFIN.NS,2026-09-15,1918.0999755859375,1998.5999959309895,1979.7166748046875,1952.2500048828124,1715.4713354492187,1672.060502319336,1994.0664333887403,1301.0,2158.60009765625,True,True,True,True,False,True,True,False,False,32.63034437469561,noise,75.0489789588292,False,False,False,False,,Finance,Non Banking Financial Company (NBFC),83.86319845857419,True,False
AROGRANITE.NS,2026-09-15,22.979999542236328,24.393333435058594,24.906111187405056,25.008200073242186,25.473866755167645,26.65360004425049,24.064343481694614,18.670000076293945,45.630001068115234,False,False,False,False,False,False,False,False,False,-38.801597845158234,red,106.58979842942252,False,False,False,False,,Consumer Durables,Granites & Marbles,17.726396917148364,False,False
ARROWGREEN.NS,2026-09-15,838.5499877929688,768.9208323160807,747.2847205268013,729.4169982910156,575.9689998372396,555.3299998474121,789.2852144281671,341.95001220703125,883.8499755859375,True,True,True,True,True,True,True,True,False,48.62365104713078,ppv,772.4906599053024,False,False,True,False,,Industrial Products,Packaging,88.96917148362236,True,True
ARSHIYA.NS,2026-09-15,0.7799999713897705,0.7566666652758917,0.8772222267256843,0.9188000011444092,1.1654000027974447,1.1950500041246415,0.7664542570569394,0.6800000071525574,2.190000057220459,False,False,False,False,False,False,False,True,False,-58.288771689795496,green,172.25241661518845,False,False,False,False,,Transport Services,Logistics Solution Provider,4.2870905587668595,False,False
ARTNIRMAN.NS,2026-09-15,39.779998779296875,40.17083326975504,40.52111106448703,40.384199905395505,40.57433345794678,42.082150106430056,40.19691448229789,29.389999389648438,66.97000122070312,False,False,False,False,False,True,False,False,False,-19.652595176931154,noise,55.9851780248107,False,False,False,False,,Realty,"Residential, Commercial Projects",41.18497109826589,False,False
AEPL.NS,2026-09-15,,,,,,,,,,False,False,False,False,False,False,False,False,False,,noise,60.52432066299923,False,False,False,False,,Electrical Equipment,Other Electrical Equipment,,False,False
ARTEMISMED.NS,2026-09-15,330.54998779296875,333.4874979654948,318.6111111111111,305.76698303222656,266.2832142130534,265.54563209533694,336.70883918324085,203.00855548512436,362.0,True,True,True,True,True,True,True,False,False,40.896150268941334,noise,95.4167509931291,False,False,False,False,,Healthcare Services,Hospital,86.51252408477842,True,True
ARVEE.NS,2026-09-15,168.60000610351562,176.39666748046875,167.99055608113608,165.52779998779297,161.78686655680337,168.93564994812013,179.3403717303075,129.11000061035156,290.7799987792969,False,False,False,False,True,True,False,False,False,8.690053771691053,noise,61.653196403854636,False,False,False,False,,Chemicals & Petrochemicals,Specialty Chemicals,71.38728323699422,True,False
ARVINDFASN.NS,2026-09-15,428.5,449.0083287556966,448.2604810926649,453.94810302734373,449.67317850748697,458.0712258911133,445.00753864721753,364.92489307412075,576.9839137121372,False,False,False,False,False,False,False,False,False,-21.932229972053463,noise,74.97383026480226,False,False,False,False,,Retailing,Speciality Retail,38.102119460500965,False,False
ARVIND.NS,2026-09-15,550.5999755859375,561.6708526611328,543.757443745931,539.2434503173828,460.5077280680338,424.83441467285155,561.8921256770386,275.6944407527197,607.1500244140625,True,True,True,True,True,True,True,False,False,69.83011303237991,red,233.29487758242792,False,False,False,False,,Textiles & Apparels,Garments & Apparels,92.77456647398844,True,True
ARVSMART.NS,2026-09-15,564.1500244140625,629.2833404541016,633.2059665256077,624.2519262695313,591.8789400227864,588.4207815551758,614.9658465295993,485.12175511902797,705.4097122162362,False,True,False,True,False,False,True,False,False,-9.351216795824936,red,105.02607077475759,False,False,False,False,,Realty,"Residential, Commercial Projects",53.75722543352601,False,False
ARYAMAN.NS,2026-09-15,,,,,,,,,,False,False,False,False,False,False,False,False,False,,noise,,False,True,False,False,,Finance,Non Banking Financial Company (NBFC),,False,False
ASAHIINDIA.NS,2026-09-15,958.7999877929688,958.4941202799479,928.5213673909506,918.2627111816406,883.3731079101562,908.8701095581055,962.0378327693447,773.5120327669628,1071.7996569938532,True,False,False,True,True,False,True,False,False,11.438647263967926,red,102.96330601679193,False,False,False,False,,Auto Components,Auto Components & Equipments,73.50674373795762,True,False
ASAHISONG.NS,2026-09-15,354.54998779296875,372.0541636149089,365.39305708143445,340.3030010986328,268.9944006347656,264.54250045776365,369.8355696019918,179.63999938964844,413.95001220703125,True,True,True,True,True,True,True,False,False,23.34318063538985,dry,17.1840535158256,False,False,False,False,,Chemicals & Petrochemicals,Dyes And Pigments,80.53949903660886,True,True
ASCOM.NS,2026-09-14,221.9499969482422,221.9499969482422,236.14027743869357,242.76500061035156,239.03233388264974,211.91100044250487,222.47170424567275,90.0,285.0,False,True,True,True,False,True,True,False,False,146.6111077202691,dry,0.0,False,False,False,False,,Finance,Non Banking Financial Company (NBFC),98.07321772639692,True,False
ASHAPURMIN.NS,2026-09-15,518.4000244140625,549.4125010172526,616.768056233724,633.4069995117187,614.5309987386067,653.6434996032715,546.9548723952495,455.1000061035156,924.9000244140625,False,False,False,False,False,False,False,False,False,-14.564044531287323,noise,61.3603329504452,False,False,False,False,,Minerals & Mining,Industrial Minerals,47.398843930635834,False,False
ASHIANA.NS,2026-09-15,341.8999938964844,357.60415903727215,370.18471866183813,372.44299682617185,352.2895397949219,336.94639541625975,353.1648702812431,268.63644581896057,435.8999938964844,False,True,True,True,False,False,True,False,False,10.694726957468204,dry,13.257831586179195,False,True,False,False,,Realty,"Residential, Commercial Projects",72.88053949903662,True,False
ASHIKAG.NS,2026-09-15,,,,,,,,,,False,False,False,False,False,False,False,False,False,,noise,,False,True,False,True,,Finance,Non Banking Financial Company (NBFC),,False,False
ASHIMASYN.NS,2026-09-15,16.780000686645508,17.711666742960613,17.79222223493788,17.185200004577638,16.00259999593099,16.46405002117157,17.343644827950726,11.5,26.0,True,False,False,True,False,True,False,False,False,-29.40681378420048,dry,13.59089916812453,False,False,False,False,,Textiles & Apparels,Other Textile Products,27.74566473988439,False,False
ASHOKLEY.NS,2026-09-15,156.64999389648438,168.3924992879232,170.7030554877387,166.44700042724608,167.51183044433594,169.88022445678712,166.3701906271681,129.66369525307985,211.80679384961218,False,False,False,False,False,False,False,False,False,19.62324473792789,red,110.24761934656154,False,False,False,False,,"Agricultural, Commercial & Construction Vehicles",Commercial Vehicles,78.22736030828517,True,False
ASHOKA.NS,2026-09-15,111.37000274658203,115.38416735331218,116.60583390129938,119.46060043334961,125.88933380126953,134.7792003631592,114.2789881947457,101.0,214.5,False,False,False,False,False,False,False,False,False,-40.84244874311942,dry,19.457677499984978,False,False,False,False,,Construction,Civil Construction,15.847784200385357,False,False
ASHOKAMET.NS,2026-09-15,15.140000343322754,14.230833371480307,14.058055586285061,14.190800018310547,14.877266635894776,14.913999981880188,14.675099487057912,12.130000114440918,21.0,True,False,False,False,True,False,False,True,False,-8.298000403188777,red,1491.6977068909962,False,False,False,False,,Metals & Minerals Trading,Trading - Metals,55.346820809248555,False,False
ASIANENE.NS,2026-09-15,485.25,510.10833231608075,449.18333011203345,419.9429962158203,350.22626505533856,330.7459489440918,511.051106470761,230.0,565.7000122070312,True,True,True,True,True,True,True,False,False,38.54110876820987,red,146.8741877274578,False,False,False,False,,Oil,Oil Equipment & Services,86.03082851637764,True,True
ASIANTILES.NS,2026-09-15,50.029998779296875,49.93749968210856,51.096666442023384,50.25839988708496,59.09880007425944,61.906950035095214,49.901584761641445,42.5,79.05999755859375,False,False,False,False,False,False,False,True,False,-15.404126994201716,dry,19.896904884005192,False,True,False,False,,Consumer Durables,Ceramics,46.33911368015414,False,False
AHLEAST.NS,2026-09-15,133.55999755859375,137.20833333333334,140.32277721828885,141.7201998901367,151.6536001586914,147.9103002166748,136.39441226251682,127.25,175.3000030517578,False,True,False,False,False,False,True,False,False,-11.748380606274234,noise,31.81955216926577,False,False,False,False,,Leisure Services,Hotels & Resorts,50.86705202312138,False,False
ASIANHOTNR.NS,2026-09-15,385.45001220703125,372.3958333333333,327.7777786254883,323.4130004882812,305.5126674397786,308.7495004272461,375.423646501269,247.5,423.79998779296875,True,False,False,True,True,True,True,True,False,14.666077407613631,ppv,129.3880604616366,False,False,False,False,,Leisure Services,Hotels & Resorts,75.626204238921,True,False
AHLWEST.NS,2026-09-15,506.3999938964844,521.8791631062826,537.2555550469292,547.5009991455078,419.29173065185546,350.5062964630127,519.2192417675983,137.0,751.4000244140625,True,True,True,True,False,True,False,False,False,251.30073904833841,green,145.82851096193906,False,False,False,False,,Leisure Services,Hotels & Resorts,99.373795761079,True,False
ASIANPAINT.NS,2026-09-15,2402.800048828125,2523.2583618164062,2645.5472276475693,2653.9739990234375,2526.93681640625,2573.3133203125,2501.680735585243,2096.8080953222207,2960.0187763517797,False,False,False,True,False,False,True,False,False,-4.6683767565196765,noise,67.24524107578912,False,False,False,False,,Consumer Durables,Paints,59.53757225433526,False,False
ASTAR.NS,2026-09-15,,,,,,,,,,False,False,False,False,False,False,False,False,False,,noise,,False,False,False,True,,Consumer Durables,"Gems, Jewellery And Watches",,False,False
ASIANTNE.NS,2026-09-15,,,,,,,,,,False,False,False,False,False,False,False,False,False,,noise,,False,False,False,True,,Commercial Services & Supplies,Trading & Distributors,,False,False
ASKAUTOLTD.NS,2026-09-15,604.7000122070312,625.3416697184244,612.7785585191515,575.1360241699218,482.12453898111977,477.8332920837402,619.9134646027807,373.9332517882958,687.7000122070312,True,True,True,True,True,True,True,False,False,17.675274890058823,noise,52.19364669784427,False,False,False,False,,Auto Components,Auto Components & Equipments,77.11946050096338,True,True
ASPINWALL.NS,2026-09-15,250.85000610351562,257.57833099365234,247.80499903361002,247.86035888671876,231.2671890258789,229.41967094421386,254.90135350454074,195.3813837893318,292.5110543346773,True,True,False,True,True,False,True,False,False,-3.671482944274007,noise,97.39254202442062,False,False,False,False,,Transport Services,Logistics Solution Provider,60.54913294797688,False,False
ASPIRE.NS,2026-09-11,13.100000381469727,13.316666603088379,14.044444428549873,13.923999977111816,14.212333348592123,14.923750004768372,13.320804367491423,10.199999809265137,26.299999237060547,False,False,False,False,False,False,False,False,False,-43.29004257515842,red,275.22935779816515,False,False,False,False,,Consumer Durables,Household Appliances,13.48747591522158,False,False
ASSAMENT.NS,2026-09-14,,,,,,,,,,False,False,False,False,False,False,False,False,False,,noise,,False,False,False,False,,Finance,Non Banking Financial Company (NBFC),,False,False
ASALCBR.NS,2026-09-15,661.9000244140625,694.5943196614584,727.7212541368273,753.2047973632813,801.889560953776,829.256962890625,690.217083931343,658.7520035646587,1273.3313070480908,False,False,False,False,False,False,False,False,False,-35.18141466000512,red,116.43827415482797,False,False,False,True,,Beverages,Breweries & Distilleries,21.435452793834298,False,False
ASTEC.NS,2026-09-15,673.7000122070312,622.5208333333334,616.669442070855,634.76,666.0563346354166,670.3590026855469,652.9248887610253,513.4000244140625,941.75,True,False,False,False,True,True,False,True,True,-20.79242585668983,noise,26.378031930604845,False,False,False,False,,Fertilizers & Agrochemicals,Pesticides & Agrochemicals,39.78805394990366,False,False
ASTERDM.NS,2026-09-15,741.25,765.9291636149088,797.0125020345052,799.3180029296875,735.3839306640625,701.3310760498047,767.0964574640916,516.8361420654307,891.2999877929688,True,True,True,True,False,True,True,False,False,16.692286243084965,noise,37.51655350833184,False,False,False,False,,Healthcare Services,Hospital,76.63776493256262,True,False
ASTRAMICRO.NS,2026-09-15,1593.800048828125,1684.7585144042969,1721.8372090657551,1733.2856958007812,1363.3907779947917,1256.6527346801759,1678.7977097010862,849.7963206864241,1957.2277658555508,True,True,True,True,False,True,True,False,False,46.98015143568508,red,103.03919612829,False,False,False,False,,Aerospace & Defense,Aerospace & Defense,88.53564547206165,True,False
ASTRAL.NS,2026-09-15,1379.5999755859375,1482.6166687011719,1486.1158820258247,1453.296591796875,1528.1279842122397,1504.6490521240235,1460.5131154927808,1309.540253350694,1765.9224658214252,False,True,False,False,False,False,True,False,False,-3.9785695090356676,noise,61.08571187797175,False,False,False,False,,Industrial Products,Plastic Products - Industrial,60.211946050096344,False,False
ASTRAZEN.NS,2026-09-15,6695.5,6911.333333333333,7527.590874565973,7683.483125,8193.821409505208,8324.18009765625,6898.727115752086,6600.0,9805.695125484928,False,False,False,False,False,False,False,False,False,-25.239981009567835,red,124.7357045134442,False,False,False,True,,Pharmaceuticals & Biotechnology,Pharmaceuticals,33.42967244701349,False,False
ASTRON.NS,2026-09-15,2.990000009536743,3.0266666611035666,3.376111110051473,3.4996000003814696,3.8848666747411094,4.3546500074863435,3.0182813846032683,2.859999895095825,17.5,False,False,False,False,False,False,False,False,False,-82.58590567122397,noise,46.57139026245593,False,False,False,False,,"Paper, Forest & Jute Products",Paper & Paper Products,0.4335260115606936,False,False
ATALREAL.NS,2026-09-15,14.399999618530273,24.15249999364217,30.66777780320909,30.36340000152588,27.860666580200196,27.261899938583372,20.851718270891563,12.380000114440918,36.70000076293945,False,True,False,True,False,False,False,False,False,-24.130664036709526,green,130.09358158744604,False,False,False,False,,Realty,"Residential, Commercial Projects",35.308285163776496,False,False
ATAM.NS,2026-09-15,54.66999816894531,55.1258331934611,59.562499576144745,61.970200042724606,65.72480003356934,69.41815000534058,55.129293796106644,48.5,111.0,False,False,False,False,False,False,False,False,False,-41.083449599493264,noise,73.33413341051725,False,False,False,False,,Industrial Manufacturing,Industrial Products,15.65510597302505,False,False
ATHERENERG.NS,2026-09-15,1568.5,1634.0583394368489,1491.213890923394,1419.9159985351562,1055.4333321126303,959.4034988403321,1605.0151710316209,534.5,1744.0,True,True,True,True,True,True,True,False,False,189.09778551106018,noise,71.77958397039795,False,False,False,False,,Automobiles,2/3 Wheelers,98.94026974951831,True,True
ATLANTAELE.NS,2026-09-15,,,,,,,,,,False,False,False,False,False,False,False,False,False,,noise,71.70314993284421,False,False,False,False,,Electrical Equipment,Heavy Electrical Equipment,,False,False
ATLANTAA.NS,2026-09-15,36.7400016784668,38.34583346048991,38.45361116197374,38.4107999420166,39.709066772460936,40.75365009307861,38.00282629061262,31.520000457763672,73.38999938964844,False,False,False,False,False,False,False,False,False,-15.811177377830909,noise,34.561300482516074,False,False,False,False,,Construction,Civil Construction,45.95375722543353,False,False
ATLASCYCLE.NS,2026-09-15,91.0199966430664,97.85666720072429,97.58305592007108,97.59700012207031,96.0900668334961,96.28550014495849,97.74566718150459,76.1500015258789,130.0,False,False,False,True,False,False,False,False,False,-26.602697302531354,noise,79.61787280437268,False,False,False,False,,Consumer Durables,Cycles,31.695568400770714,False,False
ATMASTCO.NS,2026-09-11,130.1999969482422,137.5083325703939,144.9791670905219,148.7140005493164,154.37366643269857,152.42549949645996,135.16337961820037,98.0,229.89999389648438,False,True,False,False,False,True,False,False,False,-40.247819827799056,green,224.71910112359552,False,False,False,False,,Construction,Civil Construction,16.42581888246628,False,False
ATUL.NS,2026-09-15,6081.5,6370.583333333333,6588.569444444444,6475.816953125,6539.274723307291,6396.307270507812,6318.181895546773,5533.215936920114,7144.769440445724,False,True,True,False,False,False,True,False,False,-4.879571187509235,noise,64.71022553652041,False,False,False,False,,Chemicals & Petrochemicals,Specialty Chemicals,59.104046242774565,False,False
ATULAUTO.NS,2026-09-15,438.45001220703125,461.4620056152344,491.23216501871747,488.419208984375,471.9672086588542,461.8550651550293,456.17858042010306,377.51434467774817,592.5698687930867,False,True,False,True,False,False,False,False,False,-8.915614284986118,noise,54.59385465880735,False,False,False,False,,"Agricultural, Commercial & Construction Vehicles",Commercial Vehicles,54.47976878612717,False,False
AUBANK.NS,2026-09-15,1028.0,1068.6833190917969,1070.9354739718967,1059.7292211914062,1007.5343420410156,1000.9088305664062,1062.3166780448155,697.6225042186402,1144.0999755859375,True,True,True,True,False,True,True,False,False,44.735678836914005,noise,51.82229985391882,False,False,False,False,,Banks,Other Bank,87.90944123314065,True,False
AUGMONT.NS,2026-09-15,,,,,,,,,,False,False,False,False,False,False,False,False,False,,noise,,False,False,False,True,,Non - Ferrous Metals,Precious Metals,,False,False
AURIONPRO.NS,2026-09-15,698.6500244140625,686.4208374023438,712.0027821858724,748.7920031738281,815.9416674804687,872.045249633789,684.8628911410319,663.0,1292.4982061202147,False,False,False,False,False,False,False,True,False,-41.56104102756586,ppv,163.66387346989276,False,False,False,False,,IT - Software,Computers - Software & Consulting,15.077071290944124,False,False
AUROIMPEX.NS,2026-09-11,27.850000381469727,26.154166380564373,25.925000031789143,25.904999961853026,28.699666659037273,31.134250040054322,26.538413958061728,21.25,53.95000076293945,False,False,False,False,True,True,False,True,False,-39.45652090984842,noise,48.309178743961354,False,False,False,False,,Industrial Products,Electrodes & Refractories,17.100192678227362,False,False
AUROPHARMA.NS,2026-09-15,1660.0,1668.3583475748699,1628.6750047471787,1608.9980029296876,1452.3339998372396,1387.1149975585938,1666.4985996280761,1048.0,1717.0,True,True,True,True,True,True,True,False,False,58.05007358155885,noise,49.01892760671483,False,False,False,False,,Pharmaceuticals & Biotechnology,Pharmaceuticals,91.04046242774567,True,True
AURUM.NS,2026-09-15,221.36000061035156,225.38916524251303,225.42527728610568,227.05579986572266,196.79906697591147,192.652149810791,224.21176918150078,151.89999389648438,264.6400146484375,True,True,True,True,False,True,True,False,False,28.20571986292011,noise,38.47472154605264,False,False,False,False,,IT - Services,IT Enabled Services,82.46628131021194,True,False
AURUS.NS,2026-09-15,4.849999904632568,4.744166652361552,4.69833328988817,4.685999965667724,4.936733322143555,4.9621999955177305,4.789400814544077,4.099999904632568,7.489999771118164,False,False,False,False,True,False,False,True,False,-25.26964444257661,noise,61.84557160769559,False,False,False,False,,Consumer Durables,"Gems, Jewellery And Watches",33.38150289017341,False,False
AUSOMENT.NS,2026-09-15,151.72999572753906,153.37916564941406,145.9283324347602,139.86139938354492,124.3207996114095,122.87529972076416,153.07748831318222,93.0,178.0,True,True,True,True,True,True,True,False,False,46.15432723297302,noise,85.85231428717233,False,False,False,False,,Consumer Durables,"Gems, Jewellery And Watches",88.15028901734104,True,True
AUSTENG.NS,2026-09-15,,,,,,,,,,False,False,False,False,False,False,False,False,False,,noise,,False,False,False,False,,Industrial Manufacturing,Industrial Products,,False,False
APS.NS,2026-09-11,239.3000030517578,247.75416819254556,253.81111272176108,264.4400015258789,309.57266794840496,323.2395009613037,245.344412006722,228.0,543.8331494744521,False,False,False,False,False,False,False,False,False,-50.52166775175898,noise,78.94032646507894,False,False,False,False,,Electrical Equipment,Heavy Electrical Equipment,8.044315992292871,False,False
AIIL.NS,2026-09-15,529.8499755859375,527.8416697184244,549.6000027126736,543.4840020751953,504.22733540852863,519.1265007019043,528.9843687075592,400.0,683.0,True,False,False,True,False,True,True,True,False,-15.489033269007068,noise,47.8271592279397,False,True,False,False,,Finance,Non Banking Financial Company (NBFC),46.19460500963391,False,False
ACGL.NS,2026-09-15,,,,,,,,,,False,False,False,False,False,False,False,False,False,,noise,,False,True,False,True,,Auto Components,Auto Components & Equipments,,False,False
AUTOIND.NS,2026-09-15,79.11000061035156,86.16916592915852,89.77194425794814,90.13399963378906,78.73566658020019,77.75799982070923,85.09183956752528,48.349998474121094,104.0,True,True,True,True,False,True,True,False,False,5.480000813802088,noise,72.37992364827575,False,False,False,False,,Auto Components,Auto Components & Equipments,68.78612716763006,False,False
AUTOAXLES.NS,2026-09-15,1661.5999755859375,1694.1916605631511,1758.041720920139,1762.1894995117189,1767.4853767903646,1787.354287109375,1686.0595111282996,1513.8492510872597,2078.8153236463377,False,False,True,False,False,False,True,False,False,-0.7326782812562271,noise,38.87021067123114,False,False,False,False,,Auto Components,Auto Components & Equipments,63.39113680154143,False,False
ASAL.NS,2026-09-15,447.8500061035156,471.2458318074544,491.2277772691515,500.4429992675781,485.4479988606771,481.73999908447263,468.1127238265517,374.5,654.6500244140625,False,True,False,True,False,False,False,False,False,-7.459449363144599,noise,63.13788673688491,False,False,False,False,,Auto Components,Auto Components & Equipments,56.358381502890175,False,False
AVADHSUGAR.NS,2026-09-15,732.7000122070312,810.066660563151,702.7111095852322,653.0321704101563,506.9642492675781,467.84731185913085,790.5670778354151,300.3047281830496,884.7999877929688,True,True,True,True,True,True,True,False,False,68.71161686644378,noise,62.370218511848485,False,False,False,False,,Agricultural Food & other Products,Sugar,92.53371868978806,True,True
AVALON.NS,2026-09-15,2160.699951171875,2254.2583821614585,2044.7694634331597,1954.0200122070312,1481.3140075683593,1334.4117553710937,2228.4253257435093,777.2999877929688,2400.0,True,True,True,True,True,True,True,False,False,124.65169251353475,noise,78.64191078571919,False,False,False,False,,Electrical Equipment,Other Electrical Equipment,97.25433526011561,True,True
AVANCE.NS,2026-09-15,,,,,,,,,,False,False,False,False,False,False,False,False,False,,noise,,False,False,False,True,,IT - Software,Software Products,,False,False
AVANTEL.NS,2026-09-15,144.5,156.30750147501627,159.48138978746204,163.63980072021485,157.64346455891928,156.04726573944092,155.33605028715147,116.90105303611325,214.72640412746412,False,True,False,True,False,False,False,False,False,-16.824306045946237,red,103.25339303282747,False,False,False,False,,Aerospace & Defense,Aerospace & Defense,44.36416184971098,False,False
AVANTIFEED.NS,2026-09-15,771.9500122070312,808.1291656494141,857.1061062282986,886.2199951171875,1108.3196105957031,1039.0668783569336,806.2719321869308,624.5679941941372,1575.9303166617983,False,True,False,False,False,False,False,False,False,6.82858045670558,noise,62.38809450206172,False,False,False,False,,Food Products,Animal Feed,69.84585741811176,False,False
DMART.NS,2026-09-15,3680.0,3760.3499959309897,3890.7388848198784,3921.6819970703127,4081.5020052083332,4011.8370068359377,3740.8359827580275,3600.0,4818.0,False,True,False,False,False,False,True,False,False,-20.28765926968078,noise,94.4865861778607,False,False,False,False,,Retailing,Diversified Retail,40.55876685934489,False,False
CCAVENUE.NS,2026-09-15,15.6899995803833,15.461666663487753,15.871111075083414,16.240799980163573,15.46099998474121,15.758449988365173,15.577174083743953,12.920000076293945,20.5,False,False,False,True,False,False,True,True,False,-2.4860196918037536,red,109.21586855448177,False,False,False,False,,Financial Technology (Fintech),Financial Technology (Fintech),61.5606936416185,False,False
AVG.NS,2026-09-15,169.2100067138672,173.75250244140625,190.70916748046875,195.15180053710938,171.31733896891276,171.10520416259766,174.9450761609104,116.66000366210938,264.42999267578125,False,True,False,True,False,True,False,False,False,-24.06705335634144,noise,30.853501110633,False,False,False,False,,Transport Services,Logistics Solution Provider,35.45279383429673,False,False
ASMS.NS,2026-09-15,6.820000171661377,7.001666744550069,7.064166691568163,7.08040002822876,7.946199998855591,8.911899993419647,6.950844448221639,6.659999847412109,17.200000762939453,False,False,False,False,False,False,False,False,False,-57.07992432783517,noise,41.84766222599413,False,False,False,True,,IT - Services,IT Enabled Services,4.865125240847784,False,False
AVONMORE.NS,2026-09-15,13.789999961853027,13.700000047683716,12.517499976687962,11.766399993896485,11.977133344014486,13.242450013160706,13.76815134312809,9.050000190734863,23.899999618530273,True,False,False,False,True,True,False,True,False,-36.00927865399775,red,107.5629130587587,False,False,False,False,,Finance,Non Banking Financial Company (NBFC),20.3757225433526,False,False
AVPINFRA.NS,2026-09-11,58.79999923706055,58.84583377838135,62.00000031789144,61.826000442504885,79.7266668955485,88.85325029373169,59.30221449767429,54.5,189.4499969482422,False,False,False,False,False,False,False,False,False,-66.48617825031565,noise,91.14583333333334,False,False,False,False,,Construction,Civil Construction,1.9267822736030826,False,False
AVROIND.NS,2026-09-15,7.659999847412109,8.671666741371155,8.781388958295187,8.997400064468383,10.86211340268453,11.278080055713653,8.409098421034404,7.510000228881836,15.989999771118164,False,False,False,False,False,False,False,False,False,-45.5617952283481,noise,45.8336968561344,False,False,False,True,,Consumer Durables,Plastic Products - Consumer,11.368015414258188,False,False
AVSL.NS,2026-09-14,119.69999694824219,119.69999694824219,119.69999694824219,119.69999694824219,119.69999694824219,120.65549751281738,119.6999969482422,119.69999694824219,126.0,False,False,False,False,False,False,True,False,False,-0.25000254313151116,dry,0.0,False,False,False,True,,Industrial Products,Plastic Products - Industrial,63.8728323699422,False,False
AVTNPL.NS,2026-09-15,86.23999786376953,89.23833274841309,80.79680887858073,77.70482437133789,69.6827027130127,68.69452701568603,89.00084776666904,53.16497337905437,97.0,True,True,True,True,True,True,True,False,False,12.429483220094717,noise,97.88721437022075,False,False,False,False,,Agricultural Food & other Products,Other Agricultural Products,74.03660886319847,True,True
AWFIS.NS,2026-09-15,275.1499938964844,260.72499720255536,268.36110983954535,274.87399993896486,300.51786580403643,341.38464950561524,265.3195408747284,229.0500030517578,639.4000244140625,False,False,False,False,True,False,False,True,False,-51.37833857113243,red,475.283876308709,False,False,False,False,,Commercial Services & Supplies,Diversified Commercial Services,7.5626204238921,False,False
AWL.NS,2026-09-15,183.13999938964844,190.09750111897787,191.4488894144694,190.64260009765624,189.9348637898763,199.9934065246582,187.95309071714865,170.3003850027749,281.42985528309595,False,False,False,False,False,False,False,False,False,-28.865260408369174,noise,38.943424154640574,False,False,False,False,,Agricultural Food & other Products,Edible Oil,28.516377649325626,False,False
AXISBANK.NS,2026-09-15,1222.9000244140625,1255.9333394368489,1244.4277920193142,1259.3545092773438,1289.6046809895834,1287.2606744384766,1246.5505132303128,1068.176167416612,1417.2070248903838,False,True,False,False,False,False,True,False,False,12.54765132821547,noise,91.90900866198048,False,False,False,False,,Banks,Private Sector Bank,74.18111753371869,True,False
AXISCADES.NS,2026-09-15,1717.699951171875,1733.1833089192708,1622.9666612413193,1610.72,1683.5093375651043,1587.1180041503906,1757.3502269802707,1063.300048828125,2211.0,True,True,False,False,True,True,True,False,False,12.843253598155302,red,100.09412902830228,False,False,False,False,,Aerospace & Defense,Aerospace & Defense,74.42196531791907,True,False
AXITA.NS,2026-09-15,8.0,7.945072770118713,7.561071025000678,7.514349822998047,8.063922980626424,8.488321044445037,7.927577586439016,6.528937554653533,12.123749859719394,False,False,False,False,True,False,False,True,False,0.7434152232587588,noise,58.10962372142492,False,True,False,False,,Textiles & Apparels,Other Textile Products,64.83622350674374,False,False
AXTEL.NS,2026-09-15,,,,,,,,,,False,False,False,False,False,False,False,False,False,,noise,,False,False,False,False,,Industrial Manufacturing,Industrial Products,,False,False
AYE.NS,2026-09-15,,,,,,,,,,False,False,False,False,False,False,False,False,False,,noise,64.4098432013242,False,False,False,False,,Finance,Non Banking Financial Company (NBFC),,False,False
AYMSYNTEX.NS,2026-09-15,269.1000061035156,291.25000254313153,266.11833572387695,258.0500012207031,225.09586690266926,209.31315017700194,289.04283038962296,141.52999877929688,330.0,True,True,True,True,True,True,True,False,False,39.973995372439866,noise,66.28465591351593,False,False,False,False,,Textiles & Apparels,Other Textile Products,86.22350674373796,True,True
AZAD.NS,2026-09-15,2704.89990234375,2809.1000162760415,2663.233344184028,2580.704013671875,2118.1840079752606,1982.2290069580079,2791.362324099093,1360.0,2986.60009765625,True,True,True,True,True,True,True,False,False,68.91899206043672,noise,70.38469574249746,False,False,False,False,,Electrical Equipment,Heavy Electrical Equipment,92.58188824662813,True,True
AZADIND.NS,2026-09-15,,,,,,,,,,False,False,False,False,False,False,False,False,False,,noise,,False,False,False,True,,Industrial Products,Iron & Steel Products,,False,False
BNALTD.NS,2026-09-15,,,,,,,,,,False,False,False,False,False,False,False,False,False,,noise,,False,False,False,False,,Agricultural Food & other Products,Tea & Coffee,,False,False
BHEL.NS,2026-09-15,412.8500061035156,428.4250005086263,419.044445461697,415.3783770751953,360.3715481567383,338.6426323699951,425.4466312982614,226.07074877055834,446.5,True,True,True,True,False,True,True,False,False,81.08681653819303,noise,71.06757068396688,False,False,False,False,,Electrical Equipment,Heavy Electrical Equipment,94.17148362235068,True,False
BPCL.NS,2026-09-15,298.6499938964844,311.89583079020184,315.6749988132053,314.4149993896484,314.1916670735677,324.6638380432129,307.66573575331876,266.6000061035156,391.6499938964844,False,False,False,False,False,False,True,False,False,-1.4264421934537808,noise,60.16747336682913,False,False,False,False,,Petroleum Products,Refineries & Marketing,62.66859344894027,False,False
BLKASHYAP.NS,2026-09-15,51.5,56.03499984741211,54.48083337148031,55.043999938964845,53.3989998626709,52.50284984588623,54.93596409422054,40.31999969482422,71.30999755859375,False,True,False,True,False,False,False,False,False,-25.674701516046227,noise,93.07528783967904,False,False,False,False,,Construction,Civil Construction,32.99614643545279,False,False
BBTCL.NS,2026-09-15,224.9199981689453,229.03166580200195,229.6022220187717,225.4948001098633,204.27113342285156,201.63570014953612,229.3699668168037,156.0,262.0,True,True,True,True,False,True,True,False,False,10.26030301101326,noise,35.253860644066684,False,False,False,False,,Industrial Products,Packaging,72.59152215799615,True,False
STYLEBAAZA.NS,2026-09-15,376.04998779296875,394.82916768391925,360.7083324856228,342.8009979248047,331.94633188883466,320.89424865722657,390.4997359418486,229.9499969482422,447.1000061035156,True,True,True,True,True,True,True,False,False,1.5802202574390911,noise,48.03319258363595,False,False,False,False,,Retailing,Speciality Retail,65.65510597302506,False,False
BABAFP.NS,2026-09-11,22.049999237060547,22.89999993642171,23.462500042385525,23.571000022888185,24.724333254496255,26.310249910354614,22.80010270031785,17.649999618530273,38.5,False,False,False,False,False,False,False,False,False,-41.20000203450521,noise,38.46153846153847,False,False,False,False,,Food Products,Other Food Products,15.558766859344894,False,False
BAFNAPH.NS,2026-09-15,307.29998779296875,301.4041697184245,274.34722349378796,258.7130010986328,177.40320017496745,167.8898999786377,299.7364468002694,94.7699966430664,318.5,True,True,True,True,True,True,True,True,False,203.7161364559208,noise,57.64424078317016,False,False,False,False,,Pharmaceuticals & Biotechnology,Pharmaceuticals,99.03660886319847,True,True
BAGFILMS.NS,2026-09-15,4.349999904632568,4.471666733423869,4.446111122767131,4.460200004577636,4.802400013605753,5.133999998569489,4.475054748378051,3.609999895095825,8.0,False,False,False,False,False,False,False,False,False,-31.711146267143498,noise,94.40144735349676,False,False,False,False,,Entertainment,TV Broadcasting & Software Production,24.85549132947977,False,False
BAHETI.NS,2026-09-11,820.8499755859375,838.4291687011719,788.1236097547743,766.8290002441406,652.0290006510417,637.2434997558594,830.9212393919354,478.0,881.0,True,True,True,True,True,True,True,False,False,48.516366465803905,noise,77.7027027027027,False,False,False,False,,Industrial Products,"Aluminium, Copper & Zinc Products",88.8728323699422,True,True
BAIDFIN.NS,2026-09-15,10.079999923706055,10.649166584014893,10.13499993748135,10.148799953460694,10.549866631825765,10.630049982070922,10.867704735179062,8.800000190734863,12.979999542236328,False,False,False,False,False,False,True,False,False,-9.677418803518133,red,565.7924531933129,False,False,False,False,,Finance,Non Banking Financial Company (NBFC),53.227360308285164,False,False
BAJAJ-AUTO.NS,2026-09-15,11424.0,11892.5,11725.833333333334,11373.94,10286.04125,10009.727456054687,11759.62964305616,8373.654962449684,12470.0,True,True,True,True,True,True,True,False,False,28.726849212927164,noise,69.86087617399858,False,False,False,False,,Automobiles,2/3 Wheelers,82.5626204238921,True,True
BAJAJCON.NS,2026-09-15,503.79998779296875,497.4499994913737,509.05138821072046,530.8390014648437,490.36466817220054,438.10925140380857,506.1417410294697,222.77999877929688,692.0,True,True,True,True,False,True,False,False,False,120.49103929320069,noise,81.56510656538597,False,False,False,False,,Personal Products,Personal Care,96.86897880539499,True,False
BAJAJELEC.NS,2026-09-15,328.3999938964844,332.97083282470703,343.5347213745117,339.3742614746094,349.56469380696615,374.1462060546875,335.2667573114819,298.3117066005431,647.9607286405871,False,False,False,False,False,False,False,False,False,-43.61758647468966,noise,27.235982541509347,False,False,False,False,,Consumer Durables,Household Appliances,13.150289017341041,False,False
BAJFINANCE.NS,2026-09-15,1009.2000122070312,1049.7333424886067,1079.9972313774956,1066.9520068359375,973.021171875,973.430520324707,1044.4592613631792,783.0862114062364,1176.4000244140625,True,False,False,True,False,False,True,False,False,1.2114412460391577,noise,77.70320526719918,False,False,False,False,,Finance,Non Banking Financial Company (NBFC),65.46242774566474,False,False
BAJAJFINSV.NS,2026-09-15,1855.5,1955.0249938964844,1993.236111111111,1960.6359985351562,1858.0904801432291,1898.4280541992186,1935.6672705440183,1595.6384533474438,2193.128599829014,False,False,False,True,False,False,True,False,False,-10.781488174931075,noise,44.889786680107925,False,False,False,False,,Finance,Holding Company,52.16763005780347,False,False
BAJAJHCARE.NS,2026-09-15,320.8999938964844,327.7483952840169,326.2586924235026,332.2033978271484,322.3932659912109,340.35438217163085,327.81418736118917,271.12431103671,513.5782431574246,False,False,False,False,False,False,False,False,False,-24.07290098353393,noise,39.27465938001313,False,False,False,False,,Pharmaceuticals & Biotechnology,Pharmaceuticals,35.40462427745665,False,False
BAJAJHIND.NS,2026-09-15,19.709999084472656,21.72250000635783,19.874722215864395,19.149200019836425,18.29486661275228,18.22439995765686,21.313562734553127,14.850000381469727,26.0,True,True,False,True,True,True,True,False,False,-5.738884608781902,noise,59.14008898133937,False,False,False,False,,Agricultural Food & other Products,Sugar,58.092485549132945,False,False
BAJAJHLDNG.NS,2026-09-15,11100.0,11168.916666666666,11271.527777777777,11063.48,10495.48822265625,10586.812309570312,11129.98547976236,8482.595476264942,13642.165482850582,True,False,False,True,True,True,True,False,False,-14.514307030698859,red,116.28406254868852,False,False,False,False,,Finance,Holding Company,47.49518304431599,False,False
BAJAJHFL.NS,2026-09-15,84.0,83.6649996439616,84.81638887193468,85.32579971313477,85.44793309529622,87.60504970550537,83.84754820003533,72.6500015258789,117.0,False,False,False,False,False,False,False,True,False,-25.020083089099177,red,134.43331178316276,False,True,False,False,,Finance,Housing Finance Company,33.959537572254334,False,False
BAJAJST.NS,2026-09-15,,,,,,,,,,False,False,False,False,False,False,False,False,False,,noise,,False,True,False,False,,Industrial Manufacturing,Industrial Products,,False,False
BAJEL.NS,2026-09-15,168.8699951171875,184.09333165486655,184.9549992879232,184.15056854248047,178.0479736328125,175.20984931945802,181.07941994953924,134.63935702783903,225.91705733944445,False,True,False,True,False,False,False,False,False,-16.53642417019382,red,103.58288036820188,False,False,False,False,,Electrical Equipment,Heavy Electrical Equipment,44.89402697495183,False,False
BALPHARMA.NS,2026-09-15,107.44000244140625,94.99416669209798,89.80638885498047,88.43039993286133,81.44906646728515,79.09504997253418,99.64277418878596,60.0,124.5999984741211,True,True,True,True,True,True,True,True,False,23.22843940537609,green,137.27797095896238,False,False,False,False,,Pharmaceuticals & Biotechnology,Pharmaceuticals,80.49132947976878,True,True
BALAMINES.NS,2026-09-15,2105.699951171875,2381.933349609375,2230.4666578504775,2250.279992675781,1723.8490596516926,1577.581839904785,2326.3288462468176,963.3273935013657,2629.800048828125,True,True,True,True,False,True,True,False,False,40.625473340099695,noise,87.36491954294893,False,False,False,False,,Chemicals & Petrochemicals,Specialty Chemicals,86.46435452793835,True,False
BALAJITELE.NS,2026-09-15,95.4800033569336,92.48166592915852,90.41083335876465,90.02360000610352,92.4191335550944,94.93905002593993,92.77882769752087,69.5199966430664,141.32000732421875,True,False,False,False,True,True,False,True,False,-16.465441113157333,ppv,572.5829566523184,True,False,False,False,,Entertainment,Media & Entertainment,45.03853564547206,False,False
BALAXI.NS,2026-09-15,23.1200008392334,23.58666690190633,23.721388869815403,23.796000022888183,23.287866706848146,24.62810004234314,23.561918187634163,15.199999809265137,47.709999084472656,False,False,False,False,False,True,False,False,False,-49.750050678847835,noise,65.76726456923917,False,False,False,False,,Pharmaceuticals & Biotechnology,Pharmaceuticals,8.526011560693641,False,False
BALKRISIND.NS,2026-09-15,2129.0,2266.4500528971353,2325.8548041449653,2271.4975048828123,2254.1845190429685,2283.2163104248048,2233.830567868665,1963.1702396041112,2765.3795041598637,False,False,False,False,False,False,True,False,False,-10.057380245695501,noise,29.06690219441719,False,False,False,False,,Auto Components,Tyres & Rubber Products,52.89017341040463,False,False
BALKRISHNA.NS,2026-09-15,16.729999542236328,16.84250005086263,17.258888986375595,17.48160011291504,17.353800067901613,17.683800044059755,16.735616086008296,12.0,25.969999313354492,False,False,False,False,False,True,False,False,False,-23.50251988914529,noise,73.76337167216279,False,False,False,False,,"Paper, Forest & Jute Products",Paper & Paper Products,36.03082851637765,False,False
BLIL.NS,2026-09-15,,,,,,,,,,False,False,False,False,False,False,False,False,False,,noise,,False,False,False,True,,Finance,Holding Company,,False,False
BALMLAWRIE.NS,2026-09-15,164.24000549316406,170.9122772216797,170.7517204284668,171.63390350341797,172.18290323893228,171.43645904541015,169.76460119750993,144.737930327438,218.66320956534778,False,True,False,False,False,False,True,False,False,-22.36645695374747,red,150.5207754831536,False,False,False,False,,Diversified,Diversified,37.76493256262042,False,False
BALRAMCHIN.NS,2026-09-15,677.0999755859375,689.8833262125651,660.1249949137369,641.4079956054687,554.2483331298828,523.884249420166,690.8472773545947,393.54998779296875,780.9500122070312,True,True,True,True,True,True,True,False,False,32.20221388775546,noise,30.082048669918233,False,False,False,False,,Agricultural Food & other Products,Sugar,83.76685934489403,True,True
BALUFORGE.NS,2026-09-15,498.20001220703125,568.6000010172526,522.5986124674479,501.3390008544922,482.35966735839844,495.3999998474121,547.0467601186116,341.04998779296875,696.8433940665321,True,False,False,True,False,True,False,False,False,-27.205903926881547,noise,54.30713479887466,False,False,False,False,,Industrial Products,Castings & Forgings,30.684007707129098,False,False
BANARBEADS.NS,2026-09-15,110.91999816894531,113.2624994913737,113.99861102634006,113.96659973144531,111.87893320719401,114.62949981689454,111.61493905868389,96.05000305175781,164.6999969482422,False,False,False,False,False,False,False,False,False,10.138019240680162,noise,39.83224576704184,False,False,False,False,,Consumer Durables,"Gems, Jewellery And Watches",72.54335260115607,True,False
BANCOINDIA.NS,2026-09-15,587.6500244140625,613.7435557047526,623.0988125271267,629.8440246582031,616.2685766601562,623.4247094726562,612.1617391620287,495.5999980879241,848.8263047717415,False,False,False,True,False,False,False,False,False,-1.608368511433922,red,111.61335988967951,False,False,False,False,,Auto Components,Auto Components & Equipments,62.52408477842004,False,False
BANDHANBNK.NS,2026-09-15,172.4499969482422,168.0249989827474,170.747930738661,178.48998962402345,182.16682607014974,173.1631586456299,170.83919597829694,133.09632102479327,218.86288600994448,False,True,True,False,False,False,True,True,False,5.504212631958638,noise,77.54033272161992,False,False,False,False,,Banks,Private Sector Bank,68.9306358381503,False,False
BANG.NS,2026-09-15,32.290000915527344,34.23499997456869,31.43666670057509,30.739399986267088,34.74999997456869,38.039649925231934,33.8888765672465,25.84000015258789,62.06999969482422,False,False,False,False,True,False,False,False,False,-38.60049282783965,noise,62.07226367845531,False,False,False,False,,Textiles & Apparels,Garments & Apparels,17.87090558766859,False,False
BANKBARODA.NS,2026-09-15,232.6999969482422,237.91583379109701,242.7672225104438,244.03740020751954,261.47962972005206,267.5771795654297,237.3146777241017,228.13131672697202,315.30188105660324,False,False,False,False,False,False,False,False,False,1.1564967207541743,noise,81.05824309811133,False,False,False,False,,Banks,Public Sector Bank,65.36608863198458,False,False
BANKINDIA.NS,2026-09-15,137.61000061035156,141.9658342997233,141.8958337571886,142.22480010986328,144.40248006184896,144.5776754760742,141.12319222753067,112.33061399933865,172.71800537071604,False,False,False,False,False,False,True,False,False,21.10547986172202,noise,60.70773022688408,False,False,False,False,,Banks,Public Sector Bank,79.28709055876686,True,False
MAHABANK.NS,2026-09-15,79.55999755859375,83.8083324432373,81.54444376627605,81.36239944458008,77.30666803995769,72.93397102355956,83.33841554378444,51.92667471478926,94.5,True,True,True,True,False,True,True,False,False,51.7136529351063,noise,93.03323118385045,False,False,False,False,,Banks,Public Sector Bank,89.59537572254335,True,False
BANKA.NS,2026-09-15,77.86000061035156,78.48666572570801,82.52000003390842,84.82639999389649,76.40573328653971,73.73564994812011,78.78438000630459,41.0,97.87999725341797,True,True,False,True,False,True,True,False,False,-7.210109388291885,noise,71.25677282939078,False,False,False,False,,Construction,Civil Construction,56.5028901734104,False,False
BASML.NS,2026-09-15,23.510000228881836,24.94000005722046,25.69025468826294,25.860033912658693,24.175588938395183,24.606186981201173,24.68030303402047,16.89136536629068,31.603201317390436,False,False,False,True,False,True,False,False,False,-17.31431139338141,red,117.73561102399897,False,False,False,False,,Textiles & Apparels,Other Textile Products,43.73795761078998,False,False
BANARISUG.NS,2026-09-15,3411.10009765625,3737.1083374023438,3643.677781846788,3598.2840087890627,3598.354002278646,3599.9410009765625,3654.4471504248686,3105.199951171875,4338.0,False,False,False,False,False,False,True,False,False,-6.491400834089712,noise,32.82421443884865,False,False,False,False,,Agricultural Food & other Products,Sugar,57.129094412331405,False,False
BANSALWIRE.NS,2026-09-15,303.70001220703125,314.1041666666667,318.2541664971246,319.81300048828126,300.01679951985676,300.1415997314453,311.842817738991,222.5,370.0,True,False,False,True,False,True,True,False,False,-14.858423937826615,noise,52.665577142087685,False,False,False,False,,Industrial Products,Iron & Steel Products,47.0616570327553,False,False
BANSWRAS.NS,2026-09-15,110.02999877929688,115.39916610717773,119.90472178988986,121.62022369384766,119.10887975056966,117.24478145599365,114.37518527765866,93.01181916052685,142.89663102886368,False,True,False,True,False,False,True,False,False,-11.040125065716676,noise,20.53004430381751,False,False,False,False,,Textiles & Apparels,Other Textile Products,51.83044315992292,False,False
BVCL.NS,2026-09-15,40.79999923706055,43.19583320617676,42.00611114501953,42.04119987487793,41.97073333740234,42.31330005645752,42.624497900418135,31.200000762939453,69.98999786376953,False,False,False,False,False,True,False,False,False,-38.022181221004416,noise,39.43929643481471,False,False,False,False,,Cement & Cement Products,Cement & Cement Products,18.641618497109828,False,False
BASF.NS,2026-09-15,3539.39990234375,3759.7999877929688,3860.1412828233506,3792.884140625,3616.8913069661457,3663.1444885253904,3726.1977692144806,3101.333455736671,4797.620574444326,False,False,False,True,False,False,False,False,False,-22.809001052223444,noise,38.85793791993902,False,False,False,False,,Chemicals & Petrochemicals,Specialty Chemicals,37.283236994219656,False,False
BASILIC.NS,2026-09-11,191.10000610351562,190.10416666666666,193.00555504692926,195.29399963378907,212.60833363850912,236.40375030517578,190.7704711180372,164.0,509.79998779296875,False,False,False,False,False,False,False,True,False,-61.264821376445134,noise,26.563631972953395,False,False,False,False,,Entertainment,Media & Entertainment,3.275529865125241,False,False
BATAINDIA.NS,2026-09-15,640.1500244140625,666.5041707356771,684.4188741048177,676.17798828125,682.5742610677083,732.0769509887696,661.4355198236675,577.3964738257137,1223.9851643268328,False,False,False,False,False,False,False,False,False,-46.73176619225674,noise,41.7272481355577,False,False,False,False,,Consumer Durables,Footwear,10.260115606936417,False,False
BATLIBOI.NS,2026-09-15,,,,,,,,,,False,False,False,False,False,False,False,False,False,,noise,31.73561273508762,False,False,False,False,,Industrial Manufacturing,Industrial Products,,False,False
BAWEJA.NS,2026-09-11,24.149999618530273,24.6875,25.11527771419949,26.115000076293946,28.903000005086263,31.141999969482423,24.57019143453131,21.100000381469727,53.54999923706055,False,False,False,False,False,False,False,False,False,-53.55769304128793,dry,12.547051442910917,False,False,False,False,,Entertainment,"Film Production, Distribution & Exhibition",6.165703275529865,False,False
BAYERCROP.NS,2026-09-15,3941.10009765625,3986.241658528646,4089.783738878038,4100.942338867188,4348.962534179687,4359.809227294922,3982.2870726692145,3926.60009765625,5305.222747660049,False,False,False,False,False,False,False,False,False,-20.27328671052372,noise,31.33256872129355,False,False,False,True,,Fertilizers & Agrochemicals,Pesticides & Agrochemicals,40.60693641618497,False,False
BCLIND.NS,2026-09-15,32.95000076293945,35.767500241597496,36.2827778922187,36.03600021362305,33.55940012613932,32.8582001209259,35.2344698153927,25.530000686645508,44.900001525878906,False,True,False,True,False,False,False,False,False,-18.023833855820794,noise,28.294578098237714,False,False,False,False,,Beverages,Breweries & Distilleries,42.919075144508675,False,False
BCPL.NS,2026-09-15,,,,,,,,,,False,False,False,False,False,False,False,False,False,,noise,72.83581517468714,False,False,False,False,,Construction,Civil Construction,,False,False
BEACON.NS,2026-09-11,81.69999694824219,83.97083346048991,86.24305534362793,88.48699981689452,88.27433344523112,87.78325000762939,83.94851149598512,50.0,124.80000305175781,False,True,True,True,False,True,False,False,False,42.086951214334235,red,110.35653650254669,False,False,False,False,,Capital Markets,"Depositories, Clearing Houses and Other Intermediaries",87.04238921001927,True,False
BEARDSELL.NS,2026-09-15,24.270000457763672,25.086666584014893,25.955833382076687,26.522600059509276,26.496133371988932,27.16900001525879,24.92477958970961,20.020000457763672,38.599998474121094,False,False,False,False,False,False,False,False,False,-17.888018985467923,noise,89.5603753747907,False,False,False,False,,Industrial Products,Other Industrial Products,43.15992292870906,False,False
BEDMUTHA.NS,2026-09-15,104.41999816894531,107.2358341217041,109.85944535997179,109.39280105590821,114.24713404337565,113.53570053100586,106.93929850902569,94.55000305175781,154.89999389648438,False,True,False,False,False,False,False,False,False,-25.964263230568385,noise,97.5258611496214,False,False,False,False,,Industrial Products,Iron & Steel Products,32.61078998073218,False,False
BEEKAY.NS,2026-09-15,,,,,,,,,,False,False,False,False,False,False,False,False,False,,noise,,False,True,False,False,,Industrial Products,Iron & Steel Products,,False,False
BLEL.NS,2026-09-15,,,,,,,,,,False,False,False,False,False,False,False,False,False,,noise,,False,False,False,False,,Industrial Products,Iron & Steel Products,,False,False
BELLACASA.NS,2026-09-15,252.6699981689453,246.5541623433431,239.29444334242078,241.7309991455078,255.4857997639974,281.89159957885744,248.2612623920874,214.67999267578125,497.3500061035156,False,False,False,False,True,False,False,True,False,-36.658309843315294,noise,65.01904914603327,False,False,False,False,,Textiles & Apparels,Garments & Apparels,19.89402697495183,False,False
BELRISE.NS,2026-09-15,226.66000366210938,230.93999735514322,236.52888827853732,235.06859924316407,217.30140045166016,205.51295036315918,229.85980439955392,139.80999755859375,268.20001220703125,True,True,True,True,False,True,True,False,False,57.10819778867609,noise,61.04262417234116,False,False,False,False,,Auto Components,Auto Components & Equipments,90.89595375722543,True,False
BLAL.NS,2026-09-15,161.00999450683594,163.04249954223633,168.96444363064236,172.64100006103516,180.18599975585937,185.53769958496093,162.593396495495,155.5,229.8800048828125,False,False,False,False,False,False,False,False,False,-29.185909326404,red,265.5680945559383,False,False,False,False,,Finance,Investment Company,28.179190751445088,False,False
BEML.NS,2026-09-15,1939.300048828125,2029.4250081380208,1908.5305582682292,1879.0239990234375,1771.5496183268228,1768.9722045898438,2018.497645630087,1353.2059555406986,2269.4720026583113,True,True,False,True,True,True,True,False,False,-11.989838145577902,noise,59.16349892091557,False,False,False,False,,"Agricultural, Commercial & Construction Vehicles",Construction Vehicles,50.67437379576107,False,False
BENARAS.NS,2026-09-15,,,,,,,,,,False,False,False,False,False,False,False,False,False,,noise,,False,False,False,False,,Leisure Services,Hotels & Resorts,,False,False
BENGALASM.NS,2026-09-15,,,,,,,,,,False,False,False,False,False,False,False,False,False,,noise,,False,False,False,False,,Finance,Non Banking Financial Company (NBFC),,False,False
BERGEPAINT.NS,2026-09-15,447.1000061035156,480.6583302815755,511.40557437472876,506.6825598144531,483.58228983561196,492.8020930480957,474.740972003695,388.1693207725482,590.094751424942,False,False,False,True,False,False,True,False,False,-18.29588159311111,noise,60.78395711993352,False,False,False,False,,Consumer Durables,Paints,42.678227360308284,False,False
BESTAGRO.NS,2026-09-15,18.389999389648438,18.62333329518636,18.5147221883138,17.648199977874757,16.952466691335044,18.99291663646698,18.838882395741038,12.300000190734863,34.400001525878906,False,False,False,False,True,True,False,False,False,-26.754856196390286,noise,29.77928941574943,False,False,False,False,,Fertilizers & Agrochemicals,Pesticides & Agrochemicals,31.59922928709056,False,False
BETA.NS,2026-09-15,2105.199951171875,2169.4333292643228,2302.1527574327256,2292.351982421875,1698.233994140625,1669.1744958496095,2159.5309545889318,990.0999755859375,2807.89990234375,True,True,True,True,False,True,False,False,False,13.76692192289064,noise,76.34548677854252,False,False,False,False,,Pharmaceuticals & Biotechnology,Pharmaceuticals,75.14450867052022,True,False
BEWLTD.NS,2026-09-11,48.79999923706055,49.65833314259847,52.79027779897054,55.05700004577637,72.55533353169758,82.82450017929077,49.41448192741824,47.95000076293945,159.3000030517578,False,False,False,False,False,False,False,False,False,-68.54656709195892,noise,79.06976744186046,False,False,False,False,,Industrial Manufacturing,Industrial Products,1.5414258188824663,False,False
BFINVEST.NS,2026-09-15,435.5,449.70833587646484,457.06805589463977,460.13000061035154,420.1603592936198,414.3999775695801,449.0546119243236,308.1633365653596,584.7000122070312,True,True,False,True,False,True,False,False,False,-4.2354151152402375,dry,13.371862746289551,False,False,False,False,,Finance,Holding Company,60.01926782273603,False,False
BFUTILITIE.NS,2026-09-15,528.2000122070312,523.1208343505859,542.3958333333334,557.7790002441407,540.5696669514974,557.201000213623,530.6608272935945,368.70001220703125,898.7000122070312,False,False,False,True,False,True,False,False,False,-34.16837685807879,dry,15.21350442091708,False,False,False,False,,Transport Infrastructure,"Road AssetsToll, Annuity, Hybrid-Annuity",22.495183044315993,False,False
BGRENERGY.NS,2026-09-15,221.14999389648438,244.6474978129069,257.0797225104438,267.5154006958008,296.71659962972006,310.8417000579834,240.3987895677539,212.10000610351562,490.79998779296875,False,False,False,False,False,False,False,False,False,-2.154681127297875,red,146.65333515912326,False,False,False,False,,Construction,Civil Construction,61.80154142581888,False,False
BHAGERIA.NS,2026-09-15,306.5,286.05583063761395,235.53777737087674,227.95623748779298,187.64726755777994,184.07438041687013,294.07833422279884,126.11259857623196,342.0,True,True,False,True,True,True,True,True,False,54.22324951811915,red,212.46102567541425,False,False,False,False,,Chemicals & Petrochemicals,Dyes And Pigments,90.36608863198458,True,False
BHAGCHEM.NS,2026-09-15,250.0,266.4874979654948,276.2541673448351,277.53221923828124,248.42291829427083,242.4251728820801,263.0295198378829,170.50301233152598,316.8999938964844,True,True,True,True,False,True,True,False,False,-6.383904613975311,noise,42.064146145118876,False,False,False,False,,Fertilizers & Agrochemicals,Pesticides & Agrochemicals,57.36994219653179,False,False
BHAGYANGR.NS,2026-09-15,405.0,393.86666615804035,389.3097212049696,387.66100036621094,291.89726674397787,257.40905002593996,401.34348730060015,89.0,432.29998779296875,True,True,True,True,True,True,True,True,False,348.90267625829193,red,133.30917336523612,False,False,False,False,,Non - Ferrous Metals,Copper,99.66281310211946,True,True
BHANDARI.NS,2026-09-15,3.0,3.002499997615814,2.949722190697988,2.9437999963760375,3.0564967091878255,3.30077253818512,3.00157244770565,2.0,5.130000114440918,False,False,False,False,True,True,False,False,False,-39.14807090346329,noise,121.48632206444555,False,False,False,False,,Textiles & Apparels,Other Textile Products,17.4373795761079,False,False
BEPL.NS,2026-09-15,120.69000244140625,127.46666590372722,123.44583320617676,119.65430557250977,100.30230529785156,96.37945529937744,127.32241079346689,72.86855369334994,137.34641029083173,True,True,True,True,True,True,True,False,False,19.405423027369206,noise,31.697241319612495,False,False,False,False,,Chemicals & Petrochemicals,Petrochemicals,78.03468208092485,True,True
BBL.NS,2026-09-15,2180.10009765625,2285.925008138021,2356.941643608941,2440.147509765625,2544.983505859375,2586.718884277344,2260.2436476811563,2025.253688537204,3367.0326028562217,False,False,False,False,False,False,False,False,False,-28.10649689442294,noise,98.01113320133501,False,False,False,False,,Electrical Equipment,Heavy Electrical Equipment,29.672447013487474,False,False
BHARATCOAL.NS,2026-09-15,,,,,,,,,,False,False,False,False,False,False,False,False,False,,noise,45.51867773304708,False,False,False,False,,Consumable Fuels,Coal,,False,False
BDL.NS,2026-09-15,1135.0,1243.883321126302,1290.022220187717,1292.8760009765624,1299.652000325521,1337.2926568603516,1223.9392469169702,1086.0,1648.1319119869795,False,False,False,False,False,False,False,False,False,-23.089833386065806,noise,95.16218492864051,False,False,False,False,,Aerospace & Defense,Aerospace & Defense,36.65703275529865,False,False
BEL.NS,2026-09-15,382.8999938964844,405.8375015258789,403.5492579142253,405.0300622558594,420.8983860270182,417.6541079711914,402.5227243901518,378.3236519637461,472.8081629796919,False,True,False,False,False,False,True,False,False,-3.5682211533768826,red,152.97557439838653,False,False,False,False,,Aerospace & Defense,Aerospace & Defense,60.74181117533719,False,False
BHARATFORG.NS,2026-09-15,1877.199951171875,1989.9083150227864,2076.3944396972656,2095.8800024414063,1949.056092936198,1822.0867321777343,1967.5528510330512,1174.091384580817,2295.0,False,True,True,True,False,True,True,False,False,55.544860892337475,noise,28.46585926156264,False,False,False,False,,Auto Components,Auto Components & Equipments,90.70327552986512,True,False
BHARATGEAR.NS,2026-09-15,100.29000091552734,102.23249944051106,107.60096020168729,111.36287551879883,110.32763387044271,109.56369449615478,102.0269992685253,83.04863752030126,152.81740445892444,False,True,False,True,False,False,False,False,False,4.856856535229315,noise,72.94675589524613,False,False,False,False,,Auto Components,Auto Components & Equipments,68.30443159922929,False,False
BPLPHARMA.NS,2026-09-15,,,,,,,,,,False,False,False,False,False,False,False,False,False,,noise,,False,True,False,False,,Pharmaceuticals & Biotechnology,Pharmaceuticals,,False,False
BHARATRAS.NS,2026-09-15,1128.9000244140625,1195.7999979654949,1273.852783203125,1289.23400390625,1392.697333984375,1595.6680010986329,1181.8508071638894,1125.0999755859375,2987.5,False,False,False,False,False,False,False,False,False,-55.7878084209391,red,108.76551692391104,False,False,False,True,,Fertilizers & Agrochemicals,Pesticides & Agrochemicals,5.394990366088632,False,False
BRNL.NS,2026-09-15,16.309999465942383,17.004167079925537,17.332777976989746,17.509400177001954,18.967933413187662,19.703150081634522,16.861767433527465,16.059999465942383,26.5,False,False,False,False,False,False,False,False,False,-20.24450436451716,red,135.552667625561,False,True,False,True,,Construction,Civil Construction,40.703275529865124,False,False
BHARATSE.NS,2026-09-15,208.6199951171875,219.08166631062826,224.82138951619467,226.56229431152343,196.6503187052409,188.64098686218261,218.4111635767156,132.74393148352638,261.4935961713362,True,True,True,True,False,True,True,False,False,24.416574923291368,noise,30.35758496035305,False,False,False,False,,Auto Components,Auto Components & Equipments,80.92485549132948,True,False
BHARATWIRE.NS,2026-09-15,168.0800018310547,177.48416646321616,188.5738877190484,193.74659973144531,196.387599995931,191.19544990539552,175.66567663223515,148.00999450683594,262.0,False,True,False,False,False,False,False,False,False,-0.2847625382601304,noise,83.95656841817276,False,False,False,False,,Industrial Products,Iron & Steel Products,63.824662813102115,False,False
BHARTIARTL.NS,2026-09-15,1830.4000244140625,1846.375,1910.5305548773872,1907.7483520507812,1863.258390299479,1905.452875366211,1846.6742862616331,1718.8676127570984,2147.4734560986562,False,False,False,True,False,False,True,False,False,-2.5840380000964114,noise,64.44668466788339,False,False,False,False,,Telecom - Services,Telecom - Cellular & Fixed line services,61.368015414258196,False,False
BHARTIHEXA.NS,2026-09-15,1505.5,1529.3249918619792,1565.3628946940105,1570.1422973632812,1538.8230509440104,1576.594989013672,1533.9229571006276,1414.4376742506906,1934.317756973946,False,False,False,False,False,False,True,False,False,-10.79215454811111,noise,30.108243155878604,False,False,False,False,,Telecom - Services,Telecom - Cellular & Fixed line services,52.119460500963385,False,False
BIL.NS,2026-09-15,1027.550048828125,950.5583292643229,855.4680531819662,821.1409985351562,777.8479996744792,770.9565002441407,986.3394751803755,602.0,1150.0,True,True,False,True,True,True,True,True,False,19.28144805472185,noise,78.60617887787662,False,False,False,False,,Consumer Durables,Leather And Leather Products,77.9383429672447,True,False
BTTL.NS,2026-09-15,,,,,,,,,,False,False,False,False,False,False,False,False,False,,noise,81.5609903801442,False,False,False,False,,Textiles & Apparels,Trading - Textile Products,,False,False
BIGBLOC.NS,2026-09-15,39.13999938964844,41.266666412353516,43.971944385104706,44.904600067138674,49.04746673583984,53.30299995422363,41.02638244842099,38.0,80.0,False,False,False,False,False,False,False,False,False,-32.89902595406667,red,117.30432947752627,False,False,False,False,,Cement & Cement Products,Cement & Cement Products,23.843930635838152,False,False
BIKAJI.NS,2026-09-15,541.5999755859375,585.6375071207682,611.0750037299263,619.2311804199219,637.5921341959636,654.9869616699219,573.5394343763334,535.3499755859375,799.7353085989655,False,False,False,False,False,False,False,False,False,-29.91610142323585,noise,75.45670091330697,False,False,False,True,,Food Products,Packaged Foods,26.97495183044316,False,False
BILVYAPAR.NS,2026-09-15,4.130000114440918,4.03083336353302,4.066944440205892,4.090399985313415,5.007266664505005,5.583249995708465,4.045508624532136,3.799999952316284,14.699999809265137,False,False,False,False,True,False,False,True,False,-68.42507539349639,noise,70.69558953013689,False,True,False,False,,Finance,Holding Company,1.5895953757225432,False,False
BI.NS,2026-09-15,,,,,,,,,,False,False,False,False,False,False,False,False,False,,noise,,False,False,False,False,,Healthcare Services,"Healthcare Research, Analytics & Technology",,False,False
GROWW.NS,2026-09-15,,,,,,,,,,False,False,False,False,False,False,False,False,False,,noise,81.44974994606319,False,False,False,False,,Capital Markets,Stockbroking & Allied,,False,False
BIMETAL.NS,2026-09-15,,,,,,,,,,False,False,False,False,False,False,False,False,False,,noise,21.765117170760313,False,False,False,False,,Auto Components,Auto Components & Equipments,,False,False
BIOCON.NS,2026-09-15,382.0,397.2958297729492,414.0236112806532,417.5040002441406,399.8030908203125,395.43226348876954,394.68637057962513,336.647387893357,447.1499938964844,False,True,False,True,False,False,True,False,False,4.725306168208032,noise,54.51021610114232,False,False,False,False,,Pharmaceuticals & Biotechnology,Pharmaceuticals,68.15992292870907,False,False
BIOFILCHEM.NS,2026-09-15,33.650001525878906,32.860000133514404,32.399166636996796,32.71279998779297,33.09573329925537,33.307899990081786,33.21077325999514,25.600000381469727,46.34000015258789,True,False,False,False,True,True,False,True,False,-23.644198414117724,noise,66.51888699544236,False,True,False,False,,Pharmaceuticals & Biotechnology,Pharmaceuticals,35.83815028901734,False,False
BIRLACABLE.NS,2026-09-15,377.95001220703125,344.1566645304362,281.9177775912815,255.1458169555664,192.1986609395345,177.75742225646974,354.31185142203196,103.34114160024168,411.95001220703125,True,True,True,True,True,True,True,True,False,138.3205768571875,red,522.800200368689,False,False,False,False,,Telecom -  Equipment & Accessories,Telecom -  Equipment & Accessories,97.6878612716763,True,True
BIRLACORPN.NS,2026-09-15,810.25,858.3791758219401,883.4402804904514,908.2218786621094,932.3557364908854,963.6232180786133,847.5451308416516,759.7237180556469,1328.8254130627743,False,False,False,False,False,False,False,False,False,-35.55915007491567,noise,36.711364499649065,False,False,False,False,,Cement & Cement Products,Cement & Cement Products,20.953757225433524,False,False
BIRLAPREC.NS,2026-09-15,,,,,,,,,,False,False,False,False,False,False,False,False,False,,noise,,False,False,False,False,,Industrial Manufacturing,Industrial Products,,False,False
BIRLANU.NS,2026-09-15,1395.5,1432.0500081380208,1470.4399278428818,1421.7863940429688,1413.5880517578125,1464.702219848633,1435.623793547815,1177.1622610624586,2064.213032390843,False,False,False,False,False,False,False,False,False,-30.575858020276193,noise,33.73957675661706,False,False,False,False,,Other Construction Materials,Other Construction Materials,26.156069364161848,False,False
BSOFT.NS,2026-09-15,286.45001220703125,287.5124994913737,301.4277750651042,296.6167895507813,329.5396974690755,352.2100360107422,285.49538306749776,266.2676853930341,467.1017114386881,False,False,False,False,False,False,False,True,False,-21.700314820592304,ppv,439.55487751148394,False,False,False,False,,IT - Software,Computers - Software & Consulting,38.29479768786127,False,False
BBOX.NS,2026-09-15,745.7999877929688,747.6291707356771,754.583255343967,784.4262109375,740.1474517822265,685.7710389709473,756.195222151553,442.4504515852411,1101.5073628455477,True,True,True,True,False,True,False,False,False,66.29048539434868,red,356.1230813345319,False,False,False,False,,IT - Services,IT Enabled Services,92.10019267822736,True,False
BLACKROSE.NS,2026-09-15,,,,,,,,,,False,False,False,False,False,False,False,False,False,,noise,,False,False,False,True,,Chemicals & Petrochemicals,Specialty Chemicals,,False,False
BLACKBUCK.NS,2026-09-15,611.9000244140625,589.6166737874349,579.6902787950304,576.6029992675781,570.2159989420572,585.8047488403321,596.0050159578335,496.0,748.0,True,False,False,False,True,False,True,True,False,-2.041142960325637,red,304.6407814258046,False,False,False,False,,Transport Services,Transport Related Services,61.89788053949904,False,False
BLBLIMITED.NS,2026-09-15,16.100000381469727,16.383333206176758,16.06694444020589,16.034800071716308,16.37800006866455,15.836900038719177,16.312432681201606,12.0,22.469999313354492,False,True,False,False,True,True,False,False,False,4.342190946484958,red,152.12979014805737,False,True,False,False,,Finance,Investment Company,67.91907514450867,False,False
BLISSGVS.NS,2026-09-15,684.9500122070312,656.3208312988281,556.7986094156901,540.2958349609376,383.00885935465493,328.53484519958494,670.0797213097287,117.5147500933485,728.0,True,True,True,True,True,True,True,True,False,348.1808487132876,noise,59.48616251753891,False,False,False,False,,Pharmaceuticals & Biotechnology,Pharmaceuticals,99.61464354527938,True,True
BLSE.NS,2026-09-15,310.1000061035156,320.5375264485677,312.92388916015625,300.2810626220703,225.05108571370442,216.59516052246093,317.08017313528217,124.10545376214952,330.7814213322901,True,True,True,True,True,True,True,False,False,63.62319325988235,noise,45.00385422874393,False,True,False,False,,IT - Services,IT Enabled Services,91.8111753371869,True,True
BLS.NS,2026-09-15,228.50999450683594,236.74833170572916,248.54583231608072,245.1789993286133,260.1402818806966,270.87076568603516,236.3370337653022,218.89999389648438,369.44639993044865,False,False,False,False,False,False,False,False,False,-37.61146767472844,noise,54.99735500433154,False,False,False,False,,Leisure Services,"Tour, Travel Related Services",18.978805394990367,False,False
BLUECOAST.NS,2026-09-15,21.09000015258789,22.522500038146973,23.904722107781303,25.0607999420166,26.026599973042806,27.896449995040893,22.327224818496543,18.56999969482422,71.47000122070312,False,False,False,False,False,False,False,False,False,-66.10959294917907,noise,98.63147045350435,False,True,False,False,,Leisure Services,Hotels & Resorts,2.071290944123314,False,False
BLUECHIP.NS,2026-09-15,2.059999942779541,2.1200000047683716,1.928055551317003,1.98599999666214,2.2293999989827475,2.4155999970436097,2.0899044765198447,1.649999976158142,4.320000171661377,False,False,False,False,True,False,False,False,False,-52.31481803420137,dry,7.972476707067037,False,False,False,False,,Finance,Investment Company,6.74373795761079,False,False
BLUECLOUDS.NS,2026-09-15,,,,,,,,,,False,False,False,False,False,False,False,False,False,,noise,,False,False,False,False,,IT - Software,Software Products,,False,False
BLUEDART.NS,2026-09-15,4843.5,4961.2166748046875,5064.3638916015625,5013.53599609375,5122.504658203125,5214.675993652344,4932.747085585809,4628.5,7036.0,False,False,False,False,False,False,False,False,False,-15.677228412256273,noise,31.962422720247297,False,False,False,False,,Transport Services,Logistics Solution Provider,46.00192678227361,False,False
BLUEJET.NS,2026-09-15,550.6500244140625,573.3506774902344,585.3179287380642,585.7105249023438,483.2944014485677,487.7813737487793,571.0087423417357,324.3221064393442,718.2325039813717,True,False,False,True,False,True,True,False,False,-22.8995350222849,noise,40.61695978194546,False,False,False,False,,Pharmaceuticals & Biotechnology,Pharmaceuticals,37.1868978805395,False,False
BLUEPEBBLE.NS,2026-09-11,79.0,72.14999993642171,71.04027758704291,71.15799980163574,99.2726663462321,104.91124963760376,75.25717381697608,59.20000076293945,195.0,False,False,False,False,True,True,False,True,False,-54.73440777400847,dry,19.379844961240313,False,True,False,False,,Other Consumer Services,Other Consumer Services,5.732177263969172,False,False
BLUESTARCO.NS,2026-09-15,1483.0,1484.9583435058594,1541.6888868543838,1576.7925903320313,1684.7029931640625,1705.9460131835938,1494.5811185998032,1432.300048828125,2022.9788267608074,False,False,False,False,False,False,False,False,False,-21.015850939908397,noise,99.28487196571642,False,False,False,False,,Consumer Durables,Household Appliances,39.40269749518304,False,False
BLUESTONE.NS,2026-09-15,828.5499877929688,839.4625091552734,827.745839436849,775.1520056152344,587.2903363037109,562.9965017700196,848.3513077681671,399.79998779296875,926.0,True,True,True,True,True,True,True,False,False,29.73458954348782,dry,18.898262693751374,False,False,False,False,,Consumer Durables,"Gems, Jewellery And Watches",82.94797687861272,True,True
BLUSPRING.NS,2026-09-15,125.2699966430664,130.5391674041748,121.7255556318495,118.57320022583008,86.65566688537598,81.21485012054444,130.1408940014929,43.97999954223633,139.8000030517578,True,True,True,True,True,True,True,False,False,58.129253613705714,noise,36.69295400313945,False,False,False,False,,Commercial Services & Supplies,Diversified Commercial Services,91.13680154142581,True,True
BMWVENTLTD.NS,2026-09-15,,,,,,,,,,False,False,False,False,False,False,False,False,False,,red,181.94341810256566,False,False,False,False,,Metals & Minerals Trading,Trading - Metals,,False,False
BNAGROCHEM.NS,2026-09-15,,,,,,,,,,False,False,False,False,False,False,False,False,False,,noise,,False,False,False,True,,Commercial Services & Supplies,Trading & Distributors,,False,False
BODALCHEM.NS,2026-09-15,176.66000366210938,147.0916665395101,97.51305622524686,87.65060073852538,69.97733345031739,65.34235019683838,155.07487654627383,42.810001373291016,189.67999267578125,True,True,True,True,True,True,True,True,False,168.88890695273608,green,145.8331468309192,False,False,False,False,,Chemicals & Petrochemicals,Dyes And Pigments,98.50674373795762,True,True
BTML.NS,2026-09-15,7.619999885559082,8.162499944368998,7.8850000037087336,7.396600008010864,6.891600023905436,7.207800009250641,7.967924990590635,5.059999942779541,10.5,True,False,False,True,True,True,False,False,False,-14.092446630524524,green,115.94257931646517,False,False,False,False,,Entertainment,Digital Entertainment,47.97687861271676,False,False
BOHRAIND.NS,2026-09-15,13.710000038146973,12.854166746139526,13.920833349227905,13.86200002670288,16.53686668395996,16.905150003433228,13.208570499933618,11.600000381469727,26.65999984741211,False,False,False,False,False,False,False,True,False,-45.76740638543788,green,111.59055495625074,False,True,False,False,,Fertilizers & Agrochemicals,Fertilizers,11.223506743737957,False,False
BOMDYEING.NS,2026-09-15,107.58000183105469,113.11333338419597,115.57171524895563,117.9486329650879,117.85924509684244,119.97554313659668,112.0044941503169,91.69168753139996,190.35992536811756,False,False,False,False,False,False,False,False,False,-41.21780923634943,red,105.04195127515968,False,False,False,False,,Textiles & Apparels,Other Textile Products,15.462427745664739,False,False
BMETRICS.NS,2026-09-11,34.45000076293945,34.483333587646484,35.91805574629042,35.95300003051758,37.79699996948242,38.739499950408934,34.82672593451163,31.049999237060547,56.900001525878906,False,False,False,False,False,False,False,False,False,-31.64411490747403,noise,92.5925925925926,False,False,False,False,,Commercial Services & Supplies,Trading & Distributors,24.951830443159924,False,False
BSHSL.NS,2026-09-15,85.41999816894531,89.53666687011719,88.52972178988986,88.36359954833985,90.84786654154459,93.19544984817504,88.8149777066665,59.15999984741211,139.0,False,False,False,False,False,True,False,False,False,-35.73094890125471,noise,54.72639983699874,False,False,False,False,,Agricultural Food & other Products,Other Agricultural Products,20.664739884393065,False,False
BONLON.NS,2026-09-15,,,,,,,,,,False,False,False,False,False,False,False,False,False,,noise,63.747568948641785,False,False,False,False,,Diversified Metals,Diversified Metals,,False,False
BORANA.NS,2026-09-15,303.5,312.01666768391925,318.45972442626953,317.6810009765625,335.24866678873695,328.6486503601074,312.3657393565284,215.35000610351562,420.0,False,True,True,False,False,True,False,False,False,38.23100900654968,red,161.5304806475189,False,False,False,False,,Textiles & Apparels,Other Textile Products,85.98265895953757,True,False
BOROLTD.NS,2026-09-15,248.3300018310547,250.80750147501627,245.92805608113608,243.97840026855468,239.83173329671223,250.15379989624023,253.3994341375152,213.72999572753906,397.95001220703125,False,False,False,False,True,False,False,False,False,-29.291004214241035,noise,23.31757142137545,False,False,False,False,,Consumer Durables,Houseware,27.9383429672447,False,False
BORORENEW.NS,2026-09-15,461.29998779296875,497.70833587646484,536.8250028822157,557.661001586914,519.3843349202474,521.7497511291504,497.3240282865301,374.3999938964844,721.0,False,False,False,True,False,False,False,False,False,-18.956433959951635,red,113.34212613461298,False,False,False,False,,Industrial Products,Glass - Industrial,42.14836223506744,False,False
BOROSCI.NS,2026-09-15,120.0199966430664,127.62166659037273,134.99527804056802,141.70900039672853,131.28199996948243,127.56204998016358,126.60927164289502,96.63999938964844,180.8000030517578,False,True,False,True,False,False,False,False,False,-15.478875603474362,noise,72.74812840029944,False,False,False,False,,Industrial Products,Glass - Industrial,46.24277456647399,False,False
BOSCHLTD.NS,2026-09-15,47070.0,48200.0,46055.460069444445,44714.595,38784.920390625,38197.82193359375,48089.11081189977,28422.960694251175,50000.0,True,True,True,True,True,True,True,False,False,16.541012698799264,noise,82.21008567041753,False,False,False,False,,Auto Components,Auto Components & Equipments,76.49325626204238,True,True
BOSCH-HCIL.NS,2026-09-15,1667.4000244140625,1749.0166727701824,1645.1805623372395,1557.5980029296875,1418.8713354492188,1422.8410009765626,1731.0238364351956,1021.2999877929688,1891.300048828125,True,False,False,True,True,True,True,False,False,-3.9017896446579603,noise,48.631781103509574,False,True,False,False,,Consumer Durables,Household Appliances,60.40462427745664,False,False
BPL.NS,2026-09-15,46.58000183105469,49.05833371480306,50.99388896094428,52.47080001831055,53.06333335876465,54.69745000839234,48.2483444229009,37.61000061035156,89.31999969482422,False,False,False,False,False,False,False,False,False,-44.06148227588137,noise,50.17700957327018,False,True,False,False,,Consumer Durables,Consumer Electronics,12.716763005780345,False,False
BRAHMINFRA.NS,2026-09-15,,,,,,,,,,False,False,False,False,False,False,False,False,False,,noise,,False,False,False,True,,Construction,Civil Construction,,False,False
FIRSTCRY.NS,2026-09-15,171.52999877929688,176.0616683959961,196.68666627671985,200.56399963378905,219.67366607666017,235.49849952697753,175.73561241425506,166.9499969482422,406.0,False,False,False,False,False,False,False,False,False,-56.20883496714433,ppv,2259.519573770848,False,False,False,False,,Retailing,E-Retail/ E-Commerce,5.250481695568401,False,False
BCONCEPTS.NS,2026-09-15,154.24000549316406,161.79333368937174,169.26583438449435,177.68380096435547,210.9886664835612,236.3305001068115,159.9646847361947,150.3000030517578,449.0,False,False,False,False,False,False,False,False,False,-43.408544340010735,noise,72.40311732678552,False,False,False,True,,Retailing,Speciality Retail,13.391136801541425,False,False
BRIGADE.NS,2026-09-15,612.25,658.3583323160807,613.9966532389323,595.0952941894532,551.1898297119141,571.2878309631348,649.795485246354,449.19622544946475,799.2478861619728,True,False,False,True,True,True,True,False,False,-12.3192876949075,noise,27.008650444293387,False,False,False,False,,Realty,"Residential, Commercial Projects",50.337186897880535,False,False
BRIGHOTEL.NS,2026-09-15,56.13999938964844,57.7608331044515,59.34250005086263,60.21660011291504,61.56966684977213,63.25085018157959,57.3157087620645,54.36000061035156,88.2699966430664,False,False,False,False,False,False,False,False,False,-31.811006752009373,noise,56.78453373501095,False,False,False,False,,Leisure Services,Hotels & Resorts,24.759152215799617,False,False
BRIGHTBR.NS,2026-09-15,,,,,,,,,,False,False,False,False,False,False,False,False,False,,noise,,False,False,False,False,,Industrial Products,Plastic Products - Industrial,,False,False
BCG.NS,2026-09-15,9.850000381469727,9.52916661898295,9.442777766121758,9.482599983215332,9.874533322652182,10.024999985694885,9.745506622150085,7.699999809265137,16.149999618530273,False,False,False,False,True,False,False,True,False,-37.02045930149212,red,156.14861420866842,False,False,False,False,,IT - Services,IT Enabled Services,19.556840077071293,False,False
BRITANNIA.NS,2026-09-15,4947.5,5103.833333333333,5341.5322672526045,5328.2654296875,5430.834267578125,5533.617109375,5073.612203312722,4945.0,6182.533861683296,False,False,False,False,False,False,True,False,False,-19.482992779956376,noise,74.58163953837897,False,False,False,True,,Food Products,Packaged Foods,41.42581888246628,False,False
BIRET.NS,2026-09-11,335.4100036621094,340.8625030517578,340.10320451524524,338.3758447265625,328.0134151204427,326.5345230102539,340.0195436110306,297.3551493236578,363.3815591077404,True,True,True,True,False,False,True,False,False,11.95638854020098,red,107.76936044091954,False,False,False,False,,Realty,Real Estate Investment Trusts (REITs),73.84393063583815,True,False
BROOKS.NS,2026-09-15,63.09000015258789,65.21000003814697,62.538610988193085,64.52440010070801,63.42126698811849,67.87265005111695,64.2012599817054,36.29999923706055,163.89999389648438,False,False,False,False,False,True,False,False,False,-58.30965480128536,red,101.30532000947309,False,False,False,False,,Pharmaceuticals & Biotechnology,Pharmaceuticals,4.238921001926782,False,False
BSE.NS,2026-09-15,3310.0,3318.7250162760415,3412.4972398546006,3495.882099609375,3472.027542317708,3287.8735192871095,3328.493688016849,2016.1882450384737,4435.115403617064,False,True,True,True,False,True,False,False,False,53.445551952560734,red,101.88031084369551,False,False,False,False,,Capital Markets,Exchange and Data Platform,90.22157996146436,True,False
BSL.NS,2026-09-15,119.3499984741211,122.50499979654948,123.2405554453532,124.34899978637695,125.44919982910156,132.05120002746582,121.8753880142656,98.0,205.0,False,False,False,False,False,False,False,False,False,-27.74548748867923,noise,69.53814478326488,False,True,False,False,,Textiles & Apparels,Other Textile Products,30.009633911368017,False,False
BURNPUR.NS,2026-09-15,15.880000114440918,18.087499777475994,22.502777735392254,25.44199996948242,30.48066665649414,31.110499992370606,17.745494836679363,11.130000114440918,33.0,False,False,False,False,False,True,False,False,False,-51.87878753199722,noise,22.944932551962548,False,False,False,False,,Cement & Cement Products,Cement & Cement Products,7.032755298651253,False,False
BUTTERFLY.NS,2026-09-15,580.25,614.5541585286459,661.9277784559462,686.8900036621094,651.3693339029948,649.4154989624024,609.3230176817838,565.7999877929688,823.8499755859375,False,True,False,True,False,False,False,False,False,-17.66583894998226,red,225.74229693282822,False,False,False,True,,Consumer Durables,Household Appliances,43.40077071290944,False,False
CCCL.NS,2026-09-15,13.989999771118164,14.31333327293396,15.088333341810438,15.439199905395508,15.758933289845784,16.287349972724915,14.249864125948621,12.760000228881836,28.8700008392334,False,False,False,False,False,False,False,False,False,-29.200406836686465,noise,68.84498869915355,False,True,False,False,,Realty,"Residential, Commercial Projects",28.082851637764932,False,False
CDSL.NS,2026-09-15,1311.0,1380.6166585286458,1359.1583319769966,1363.5963720703126,1290.9921110026041,1327.394483642578,1365.2094427652532,1106.2094182590258,1658.570789743815,False,False,False,True,False,False,True,False,False,-13.639356806635504,noise,86.02184446127998,False,False,False,False,,Capital Markets,"Depositories, Clearing Houses and Other Intermediaries",48.84393063583815,False,False
CHENNPETRO.NS,2026-09-15,1471.800048828125,1463.7666727701824,1359.3525763617622,1297.437763671875,1092.1018131510416,1025.5080908203124,1493.781893350807,681.4494121069772,1677.5,True,True,True,True,True,True,True,False,False,110.67573486068905,noise,86.24536860689986,False,False,False,False,,Petroleum Products,Refineries & Marketing,96.4354527938343,True,True
CPS.NS,2026-09-11,1224.5,1164.6291605631511,1093.356940375434,1071.4419958496094,1053.545996907552,1055.9199975585936,1176.8652199318867,679.25,1349.25,True,False,True,True,True,True,True,True,False,71.25874125874125,green,383.23353293413174,False,False,False,False,,Textiles & Apparels,Garments & Apparels,93.11175337186897,True,False
MAPMYINDIA.NS,2026-09-15,887.7999877929688,963.0749969482422,1023.0698411729601,1039.1553137207031,976.8902416992188,1123.4891229248046,948.809164721507,792.673490779813,1992.1530909053106,False,False,False,False,False,False,False,False,False,-46.00329302470341,noise,30.584170223166453,False,False,False,False,,IT - Software,Software Products,11.078998073217726,False,False
CADSYS.NS,2026-09-11,44.099998474121094,47.12083371480306,51.812500105963814,55.698000259399414,57.578666076660156,54.419749660491945,46.692700863402905,35.599998474121094,74.4000015258789,False,True,False,False,False,False,False,False,False,-31.147546646509028,red,147.05882352941177,False,False,False,False,,Commercial Services & Supplies,Business Process Outsourcing (BPO)/ Knowledge Process Outsourcing (KPO),25.529865125240846,False,False
CMLL.NS,2026-09-15,,,,,,,,,,False,False,False,False,False,False,False,False,False,,noise,,False,False,False,False,,Consumable Fuels,Coal,,False,False
CALSOFT.NS,2026-09-15,37.86000061035156,38.04583422342936,28.77305581834581,26.864000129699708,20.294133447011312,19.05855010032654,37.17604283282736,10.899999618530273,43.130001068115234,True,True,True,True,True,True,True,True,False,153.75335399968577,red,200.61906493771232,False,False,False,False,,IT - Software,Computers - Software & Consulting,98.21772639691714,True,True
CTE.NS,2026-09-15,39.959999084472656,42.95333290100098,40.65611092249552,37.85739986419678,32.798933283487955,34.341499977111816,42.282864184739786,20.510000228881836,59.93000030517578,True,False,False,True,True,True,False,False,False,-4.766444336601772,dry,12.716003200432265,False,False,False,False,,IT - Software,Computers - Software & Consulting,59.2485549132948,False,False
CAMLINFINE.NS,2026-09-15,99.20999908447266,102.54916636149089,112.48666614956326,116.15579971313477,124.33753341674804,131.38275005340577,102.70293451539851,96.20999908447266,235.0,False,False,False,False,False,False,False,False,False,-56.11536432509136,noise,59.8818864943976,False,False,False,False,,Chemicals & Petrochemicals,Specialty Chemicals,5.298651252408478,False,False
CAMPUS.NS,2026-09-15,212.89999389648438,220.16083272298178,221.0052409701877,222.43762084960937,235.91742808024088,241.8456951904297,217.73306949188714,207.9199981689453,287.0823175835567,False,False,False,False,False,False,False,False,False,-20.607699917595422,noise,25.70077857525495,False,False,False,True,,Consumer Durables,Footwear,40.07707129094412,False,False
CAMS.NS,2026-09-15,717.3499755859375,738.3166656494141,763.5460052490234,764.1450122070313,741.6909114583333,738.6806594848633,729.7542989646588,606.3175046422562,837.8765073351432,False,True,False,True,False,False,True,False,False,-5.247555076533173,ppv,155.71870826347185,False,False,False,False,,Capital Markets,"Depositories, Clearing Houses and Other Intermediaries",58.71868978805394,False,False
CANFINHOME.NS,2026-09-15,784.7999877929688,795.5750020345052,810.169445461697,831.6530004882812,844.3371736653646,859.5276034545899,792.6554030625199,720.8492890775893,962.6932158005569,False,False,False,False,False,False,True,False,False,7.717990871313396,noise,85.20417390856045,False,False,False,False,,Finance,Housing Finance Company,70.52023121387283,True,False
CANBK.NS,2026-09-15,122.37000274658203,125.18166796366374,127.56139013502333,127.16180114746093,131.0431325785319,134.72150341033935,124.75088103854017,107.25199555149004,157.68821233301085,False,False,False,False,False,False,True,False,False,13.920979332501094,noise,70.06562423126357,False,False,False,False,,Banks,Public Sector Bank,75.1926782273603,True,False
CANHLIFE.NS,2026-09-15,,,,,,,,,,False,False,False,False,False,False,False,False,False,,noise,25.22328928838399,False,True,False,False,,Insurance,Life Insurance,,False,False
CRAMC.NS,2026-09-15,,,,,,,,,,False,False,False,False,False,False,False,False,False,,noise,33.366675224381744,False,False,False,False,,Capital Markets,Asset Management Company,,False,False
CANARYS.NS,2026-09-11,23.700000762939453,24.924999872843426,22.81388881471422,21.72199993133545,21.4453333346049,23.44199999332428,24.25483553789403,14.600000381469727,35.20000076293945,True,False,False,False,True,True,False,False,False,-21.262456934951622,ppv,195.83333333333331,False,False,False,False,,IT - Software,Computers - Software & Consulting,39.017341040462426,False,False
CANTABIL.NS,2026-09-15,240.3000030517578,240.61000188191733,238.5731061299642,242.89599395751952,242.31026936848957,249.51892578125,240.02145155133866,207.86566631610577,319.6677867610962,False,False,False,False,False,False,True,True,False,-5.019721540853672,noise,87.50155522705079,False,False,False,False,,Textiles & Apparels,Garments & Apparels,59.00770712909441,False,False
CAPACITE.NS,2026-09-15,189.57000732421875,205.86333465576172,211.86888885498047,216.88260009765625,229.32260080973307,233.90835060119628,201.3235028028174,180.0,334.0,False,False,False,False,False,False,False,False,False,-38.59086497311745,noise,63.85249484036907,False,False,False,False,,Construction,Civil Construction,17.91907514450867,False,False
CAPILLARY.NS,2026-09-15,,,,,,,,,,False,False,False,False,False,False,False,False,False,,noise,55.78553578902724,False,False,False,False,,IT - Software,Software Products,,False,False
CIFL.NS,2026-09-15,19.530000686645508,20.178333282470703,20.723888927035862,20.97720001220703,24.852666702270508,27.265000019073486,20.11535977878362,19.450000762939453,39.689998626708984,False,False,False,False,False,False,False,False,False,-43.25946987433718,noise,20.549597000056785,False,False,False,True,,Finance,Non Banking Financial Company (NBFC),13.583815028901732,False,False
CAPITALSFB.NS,2026-09-15,269.70001220703125,278.5666681925456,286.8722229003906,289.7330004882813,271.1961993408203,268.3661583709717,276.5096922301816,203.0873051295081,318.27334486330085,False,True,False,True,False,True,True,False,False,-6.653573389424439,noise,73.72968605424002,False,False,False,False,,Banks,Other Bank,56.936416184971094,False,False
CAPTRUST.NS,2026-09-15,17.899999618530273,19.236666838328045,19.16166679064433,17.523200073242187,14.519933382670084,14.248250017166137,18.91637860818329,10.979999542236328,45.650001525878906,True,True,False,True,True,True,False,False,False,-58.20686702480702,noise,20.043758486201554,False,False,False,False,,Finance,Non Banking Financial Company (NBFC),4.335260115606936,False,False
CAPLIPOINT.NS,2026-09-15,2570.60009765625,2689.741658528646,2593.4194539388022,2594.4040087890626,2131.3949609375,2064.0436236572264,2691.7718103266157,1497.3339696999908,2877.300048828125,True,True,True,True,False,True,True,False,False,16.193636307155202,red,128.1125238414516,False,False,False,False,,Pharmaceuticals & Biotechnology,Pharmaceuticals,76.34874759152216,True,False
CGCL.NS,2026-09-15,255.10000610351562,265.3989791870117,243.20011859469943,244.90146850585938,206.4873817952474,199.80373207092285,263.6327435215246,150.98878430750037,287.45001220703125,True,True,True,True,True,True,True,False,False,37.222069281154546,noise,49.06720291183113,False,False,False,False,,Finance,Non Banking Financial Company (NBFC),85.54913294797689,True,True
CPL.NS,2026-09-15,,,,,,,,,,False,False,False,False,False,False,False,False,False,,noise,,False,False,False,False,,Industrial Products,Plastic Products - Industrial,,False,False
CARBORUNIV.NS,2026-09-15,1031.800048828125,1091.2666625976562,1102.18361070421,1094.7420971679687,997.3191434733072,956.0212979125977,1083.9078555191684,733.4511840295453,1303.7913206843634,True,True,True,True,False,True,True,False,False,5.0876693492339475,noise,97.17669036970182,False,False,False,False,,Industrial Products,Abrasives & Bearings,68.59344894026975,False,False
CARERATING.NS,2026-09-15,1635.699951171875,1692.0249837239583,1697.508321126302,1688.4459887695311,1634.0788224283854,1618.9929699707031,1683.4773267601258,1381.0837272376718,1822.6696635954045,True,True,True,True,False,False,True,False,False,1.8668959085777148,noise,53.782684982442596,False,False,False,False,,Capital Markets,Ratings,66.04046242774567,False,False
CPEDU.NS,2026-09-15,176.33999633789062,186.41999944051108,197.95083236694336,196.2059991455078,192.22006673177083,206.31800033569337,185.62151220893634,141.0,335.8089521141641,False,False,False,False,False,False,False,False,False,-26.029440577313313,dry,13.1164187945588,False,False,False,False,,Other Consumer Services,Education,32.51445086705203,False,False
CARRARO.NS,2026-09-15,521.0,539.2652893066406,526.6608623928494,532.0373516845704,527.9819462076823,526.7590480041504,535.7731583291142,410.819196371416,659.2363858620107,False,True,False,True,False,False,True,False,False,16.577238191760735,noise,60.79701467030395,False,False,False,False,,Auto Components,Auto Components & Equipments,76.54142581888247,True,False
CARTRADE.NS,2026-09-15,3017.10009765625,3027.050008138021,2913.699998643663,2875.735986328125,2259.918660481771,2376.8124926757814,3033.240683289918,1600.0,3290.5,True,False,False,True,True,True,True,False,False,27.675509837634248,noise,59.2411935207526,False,False,False,False,,Retailing,E-Retail/ E-Commerce,82.17726396917149,True,False
CARYSIL.NS,2026-09-15,1126.800048828125,1145.9500122070312,1165.638895670573,1164.6800048828125,1033.4756689453125,993.9192510986328,1152.0959569614251,732.0999755859375,1280.9000244140625,True,True,True,True,False,True,True,False,False,19.81196104388152,noise,62.54583981973022,False,False,False,False,,Consumer Durables,Household Appliances,78.3718689788054,True,False
CASTROLIND.NS,2026-09-15,187.82000732421875,187.505002339681,185.7065781487359,183.64069213867188,178.81991658528645,178.15520683288574,187.9433049089178,164.60383017436243,198.22517212749622,True,True,True,True,True,False,True,False,False,1.1895242420941754,noise,94.40613587757801,False,True,False,False,,Petroleum Products,Lubricants,65.41425818882466,False,False
CCL.NS,2026-09-15,1060.9000244140625,1098.2409769694011,1121.32618882921,1143.6299780273437,1105.3235896809895,1068.4432690429687,1093.3083474761697,811.0436585583728,1238.748718225596,False,True,True,True,False,True,True,False,False,18.190594096938838,noise,69.59965790475093,False,False,False,False,,Agricultural Food & other Products,Tea & Coffee,77.36030828516378,True,False
CEATLTD.NS,2026-09-15,3282.5,3343.9083251953125,3504.708055284288,3535.8297509765625,3474.8276057942708,3549.882658691406,3335.0368968762587,3030.269696896854,4393.1588210528225,False,False,False,False,False,False,False,False,False,1.0853819136295684,noise,47.18113581454917,False,False,False,False,,Auto Components,Tyres & Rubber Products,65.22157996146436,False,False
CEIGALL.NS,2026-09-15,382.25,360.7990976969401,338.1660893758138,342.3979443359375,328.86405802408854,311.37990409851074,366.8024828236053,222.3163870325336,405.164930099543,True,True,True,True,True,True,True,True,False,40.12624102589459,noise,64.17092337853852,False,False,False,False,,Construction,Civil Construction,86.31984585741812,True,True
CEINSYS.NS,2026-09-15,,,,,,,,,,False,False,False,False,False,False,False,False,False,,noise,78.25365760519344,False,False,False,True,,IT - Software,Computers - Software & Consulting,,False,False
CELEBRITY.NS,2026-09-15,6.699999809265137,6.754166603088379,6.861666626400417,6.993799962997437,7.467799987792969,7.73099999666214,6.754957236224071,5.650000095367432,13.25,False,False,False,False,False,False,False,False,False,-46.52833238587475,noise,98.4645397112577,False,False,False,False,,Textiles & Apparels,Garments & Apparels,10.500963391136802,False,False
CELLPOINT.NS,2026-09-14,14.949999809265137,15.654166380564371,16.70416651831733,16.524999923706055,15.914999968210855,16.113499960899354,15.379164471852699,11.699999809265137,21.100000381469727,False,False,False,True,False,False,False,False,False,-17.857147348544476,dry,0.0,False,False,False,False,,Retailing,Speciality Retail,43.25626204238921,False,False
CELLECOR.NS,2026-09-11,30.600000381469727,32.22083330154419,32.14166678322686,33.556000022888185,32.85900011698405,31.90625008583069,31.75930336158066,21.799999237060547,43.849998474121094,False,True,False,True,False,True,False,False,False,-8.245871719560371,noise,64.00179654165731,False,False,False,False,,Consumer Durables,Consumer Electronics,55.44315992292871,False,False
CELLO.NS,2026-09-15,327.54998779296875,342.09166463216144,354.2802675035265,355.52409423828124,389.8420615641276,425.75405227661133,339.56346469828594,325.04998779296875,670.829945323981,False,False,False,False,False,False,False,False,False,-46.512729115304765,noise,36.001999206551,False,False,False,True,,Consumer Durables,Houseware,10.54913294797688,False,False
CEMPRO.NS,2026-09-15,1207.0999755859375,1261.8583374023438,1284.5916714138455,1363.422001953125,1002.8332641601562,937.1594262695312,1257.0563084367288,502.01526853255285,1649.199951171875,True,True,True,True,False,True,False,False,False,54.587612403011086,noise,54.36659456091435,False,False,False,False,,Construction,Civil Construction,90.51059730250482,True,False
CENTRALBK.NS,2026-09-15,30.459999084472656,30.650833129882812,30.97805553012424,31.24020004272461,33.24065291086833,34.04012898445129,30.714210752396596,29.31999969482422,40.260706628503506,False,False,False,False,False,False,True,False,False,-13.764335295555297,noise,71.33861519151937,False,False,False,False,,Banks,Public Sector Bank,48.69942196531792,False,False
CMPDI.NS,2026-09-15,,,,,,,,,,False,False,False,False,False,False,False,False,False,,noise,72.66322220772709,False,False,False,False,,Construction,Civil Construction,,False,False
CENTRUM.NS,2026-09-15,21.649999618530273,22.517499764760334,23.609444353315567,23.804799995422364,24.043066622416177,24.944500007629394,22.412384225222834,19.65999984741211,38.5,False,False,False,False,False,False,False,False,False,-40.83082938440753,noise,37.2057011275155,False,False,False,False,,Finance,Other Financial Services,15.94412331406551,False,False
CENTUM.NS,2026-09-15,4010.60009765625,3894.5750122070312,3674.2420722113716,3662.542763671875,3225.4175374348956,2990.2164392089844,3997.199371939598,2041.2345828168375,4450.0,True,True,True,True,True,True,True,True,False,51.90720201396064,noise,64.52318791647296,False,False,False,False,,Aerospace & Defense,Aerospace & Defense,89.73988439306359,True,True
CENTENKA.NS,2026-09-15,550.4000244140625,571.5333353678385,578.8731469048394,564.2369952392578,485.29497823079424,472.3069708251953,570.906246536495,364.44087184079007,659.4200186323656,True,True,True,True,False,True,True,False,False,10.628135423425466,dry,9.804858970665904,False,False,False,False,,Textiles & Apparels,Other Textile Products,72.83236994219652,True,False
CENTEXT.NS,2026-09-15,19.979999542236328,20.694861729939777,21.222731749216717,20.575166816711427,20.252855593363446,20.716891717910766,20.48679194100806,15.670000076293945,34.75,False,False,False,False,False,False,False,False,False,-25.807652002156512,red,227.01117062655828,False,False,False,False,,Industrial Products,"Aluminium, Copper & Zinc Products",32.89980732177264,False,False
CENTURYPLY.NS,2026-09-15,711.0499877929688,741.7687632242838,760.3255343967014,766.7672229003906,753.1398453776042,764.5264340209961,734.9195803473408,617.6687891415212,857.8455599050699,False,False,False,True,False,False,True,False,False,-9.77547498624929,noise,53.679083697191366,False,False,False,False,,Consumer Durables,Plywood Boards/ Laminates,53.082851637764925,False,False
CERA.NS,2026-09-15,5572.0,5677.625,5896.958333333333,5983.73,5555.740250651042,5455.293332519531,5669.517542545773,4410.181828561342,6663.070811519553,True,True,False,True,False,False,True,False,False,-11.573080018786575,noise,41.99810926480752,False,True,False,False,,Consumer Durables,Sanitary Ware,51.15606936416185,False,False
CEREBRAINT.NS,2026-09-15,2.809999942779541,2.719166616598765,2.7708333200878568,2.855999984741211,3.7369333410263064,4.3914000046253205,2.785534454912461,2.4000000953674316,10.079999923706055,False,False,False,False,False,False,False,True,False,-61.187844867216654,noise,46.985419336315495,False,False,False,False,,IT - Hardware,Computers Hardware & Equipments,3.371868978805395,False,False
CESC.NS,2026-09-15,141.6999969482422,146.90166727701822,154.29127417670355,155.4472412109375,159.7950821940104,158.93230293273925,146.94163805178164,133.1865507427978,197.1955548334318,False,True,False,False,False,False,False,False,False,-5.720610924324621,red,112.21280164721976,False,False,False,False,,Power,Integrated Power Utilities,58.140655105973025,False,False
CGPOWER.NS,2026-09-15,858.0,897.3708343505859,880.8055538601345,888.4439978027344,833.5423323567709,783.1657885742187,895.0906138072777,524.3427016609982,980.9000244140625,True,True,True,True,False,True,True,False,False,9.484810923658005,red,108.53219124709439,False,False,False,False,,Electrical Equipment,Heavy Electrical Equipment,72.15799614643545,True,False
CGVAK.NS,2026-09-15,,,,,,,,,,False,False,False,False,False,False,False,False,False,,noise,,False,True,False,False,,IT - Software,Computers - Software & Consulting,,False,False
CHALET.NS,2026-09-15,845.1500244140625,889.4637349446615,857.379896375868,851.8193798828125,806.1643229166667,822.4641531372071,878.2199642727517,690.5603579956495,1067.6950334997905,True,False,False,True,False,False,True,False,False,-16.743294804913454,noise,33.22385031591818,False,False,False,False,,Leisure Services,Hotels & Resorts,44.50867052023121,False,False
CMNL.NS,2026-09-11,113.69999694824219,117.5749994913737,108.28472222222223,106.02499969482422,108.95733317057292,111.90574989318847,115.96765628389835,90.0,183.89999389648438,True,False,False,False,True,False,False,False,False,-24.70198877599855,noise,91.54929577464789,False,False,False,False,,Ferrous Metals,Sponge Iron,34.344894026974956,False,False
CLSEL.NS,2026-09-15,281.6000061035156,299.2416636149089,290.86944410536023,288.42100036621093,276.021467590332,271.11855072021484,297.4370162357543,203.75,324.79998779296875,True,True,False,True,False,True,True,False,False,1.134496673483154,noise,55.164832317762226,False,False,False,False,,Agricultural Food & other Products,Other Agricultural Products,65.3179190751445,False,False
CHAMBLFERT.NS,2026-09-15,416.6499938964844,417.03332773844403,431.68533494737414,435.59901916503907,443.1102001953125,442.260558013916,418.6093970365363,394.4382907843191,545.6900936155047,False,True,False,False,False,False,True,False,False,-21.43349819915149,noise,90.27621787190965,False,False,False,False,,Fertilizers & Agrochemicals,Fertilizers,38.72832369942196,False,False
CHAVDA.NS,2026-09-11,125.30000305175781,128.7083339691162,130.92222340901694,122.77900100708008,105.9296669514974,107.68875019073486,126.83050283906438,80.5999984741211,148.0,True,False,True,True,True,True,True,False,False,11.27886745092237,dry,12.7000254000508,False,False,False,False,,Construction,Civil Construction,73.36223506743738,True,False
CHEMBONDCH.NS,2026-09-15,264.75,260.16833368937176,255.32472313774957,253.48583923339845,195.2341094970703,183.76710884094237,260.3772189269517,104.32122655798874,290.0,True,True,True,True,True,True,True,True,False,37.09719246627654,noise,97.19565610183113,False,False,False,False,,Chemicals & Petrochemicals,Specialty Chemicals,85.50096339113679,True,True
CHEMBOND.NS,2026-09-15,195.52000427246094,188.30500030517578,178.71694564819336,179.69340087890626,163.1706846110026,161.3173070526123,196.34022185937923,104.02647994423943,236.8000030517578,True,True,False,True,True,True,True,False,False,9.18274913110768,red,212.82486392111198,False,False,False,False,,Chemicals & Petrochemicals,Specialty Chemicals,71.86897880539499,True,False
CHEMCON.NS,2026-09-15,213.8800048828125,206.15249888102213,193.7374988132053,190.47799926757813,174.72115071614584,178.43686859130858,208.8021001808553,120.99596136492002,285.55046959192583,True,False,False,True,True,True,False,True,False,-2.5845245442263076,red,289.0583097080684,False,False,False,False,,Chemicals & Petrochemicals,Specialty Chemicals,61.31984585741811,False,False
CHEMCRUX.NS,2026-09-15,,,,,,,,,,False,False,False,False,False,False,False,False,False,,noise,,False,False,False,True,,Chemicals & Petrochemicals,Specialty Chemicals,,False,False
CHEMFAB.NS,2026-09-15,372.1499938964844,365.3666076660156,368.7627707587348,368.7861267089844,380.20421529134114,394.7310610961914,369.4590074939301,289.34960628553364,700.5778674882454,False,False,False,False,True,False,False,True,False,-41.89113114582241,noise,58.80227324989323,False,False,False,False,,Chemicals & Petrochemicals,Commodity Chemicals,14.64354527938343,False,False
CHEMPLASTS.NS,2026-09-15,165.1199951171875,173.80083211263022,182.87083307902017,187.6313998413086,222.92313283284506,232.56209976196288,173.02329885258504,164.2899932861328,451.29998779296875,False,False,False,False,False,False,False,False,False,-61.99332708534905,noise,56.66424797831934,False,False,False,True,,Chemicals & Petrochemicals,Specialty Chemicals,3.0828516377649327,False,False
CHEVIOT.NS,2026-09-15,1172.300048828125,1163.741678873698,1156.761766221788,1142.0259790039063,1090.5426147460937,1073.8348449707032,1176.2064378569862,878.760956532361,1341.137994623551,True,True,True,True,True,True,True,False,False,-1.8060923587849609,noise,30.583047985365162,False,False,False,False,,"Paper, Forest & Jute Products",Jute & Jute Products,62.186897880539505,False,False
CHOICEIN.NS,2026-09-15,740.4000244140625,763.745849609375,794.45972527398,798.4160034179688,728.9873323567708,744.4869989013672,761.1657535685794,568.7000122070312,860.5,False,False,False,True,False,True,True,False,False,-9.275818335556806,noise,24.974671759677662,False,False,False,False,,Finance,Holding Company,53.90173410404624,False,False
CHOLAHLDNG.NS,2026-09-15,1510.800048828125,1510.183329264323,1546.6217922634548,1562.5952124023438,1580.4825756835937,1636.6981317138673,1521.4190160153987,1303.9706528841405,2062.371871375786,False,False,False,False,False,False,False,False,False,-19.621881416291853,noise,46.464266265832954,False,False,False,False,,Finance,Investment Company,41.23314065510597,False,False
CHOLAFIN.NS,2026-09-15,1791.5999755859375,1839.4583435058594,1854.227779812283,1835.6922509765625,1675.4210327148437,1681.1128430175781,1835.5870331884212,1298.889892127893,1952.5,True,False,True,True,False,True,True,False,False,19.920049416569086,red,125.97714594409781,False,False,False,False,,Finance,Non Banking Financial Company (NBFC),78.5645472061657,True,False
CIEINDIA.NS,2026-09-15,375.0,385.17916615804035,400.9527765909831,418.4179992675781,446.0725850423177,435.39962097167967,383.8409101393679,368.0,518.5450350593709,False,True,False,False,False,False,False,False,False,-5.936877275794794,noise,45.94771904062588,False,False,False,True,,Auto Components,Auto Components & Equipments,57.947976878612714,False,False
CINELINE.NS,2026-09-15,91.80999755859375,92.33583323160808,89.24222225613065,86.35440002441406,84.37326690673828,84.813800239563,93.10861819341835,73.3499984741211,104.4000015258789,True,False,False,True,True,False,True,False,False,7.669756271837658,noise,34.62848130180113,False,False,False,False,,Entertainment,"Film Production, Distribution & Exhibition",70.47206165703275,True,False
CINEVISTA.NS,2026-09-15,14.079999923706055,14.278333187103271,14.6038888030582,14.823599891662598,15.294066626230876,15.401899952888488,14.258595317101948,12.15999984741211,22.799999237060547,False,False,False,False,False,False,False,False,False,-18.091916891973835,noise,53.43318816394643,False,False,False,False,,Realty,"Residential, Commercial Projects",42.822736030828516,False,False
CIPLA.NS,2026-09-15,1351.0,1392.1333312988281,1428.8333333333333,1430.1560009765626,1360.6755021158854,1379.9480187988281,1381.97270548653,1154.8655900414417,1657.4505258313652,False,False,False,True,False,False,True,False,False,-12.629779693060117,red,116.8532658591508,False,False,False,False,,Pharmaceuticals & Biotechnology,Pharmaceuticals,49.71098265895954,False,False
CUB.NS,2026-09-15,225.77999877929688,230.83916727701822,220.92194747924805,221.21355133056642,203.3997425333659,204.84759094238282,229.03977415322544,149.4251067529439,248.85000610351562,True,False,True,True,True,True,True,False,False,48.68146060489196,noise,40.73116586600929,False,False,False,False,,Banks,Private Sector Bank,89.01734104046243,True,False
CLEDUCATE.NS,2026-09-15,57.13999938964844,60.65249983469645,59.72805542416043,59.229399795532224,51.82706649780273,59.15004981994629,59.59194693981954,35.47999954223633,109.69999694824219,False,False,False,True,False,True,False,False,False,-45.27868186973214,red,100.64780513710608,False,False,False,False,,Other Consumer Services,Education,11.608863198458575,False,False
CLCIND.NS,2026-09-15,47.66999816894531,47.97666645050049,51.14055569966634,51.29740005493164,34.44453324635823,86.41054992675781,48.33286469286425,8.539999961853027,280.0,False,False,False,False,False,True,False,False,False,-82.9750006539481,dry,3.9785583041015595,False,False,False,False,,Textiles & Apparels,Other Textile Products,0.3853564547206166,False,False
CLEANMAX.NS,2026-09-15,,,,,,,,,,False,False,False,False,False,False,False,False,False,,red,190.20533028800085,False,False,False,False,,Power,Power Generation,,False,False
CLEAN.NS,2026-09-15,820.2999877929688,834.3207651774088,802.3465694851345,789.9942065429688,768.4816015625,792.8203802490234,832.9254667965965,648.9423872407145,1203.3363646220066,True,False,False,False,True,False,False,False,False,-28.603010533979003,noise,68.93047522055005,False,False,False,False,,Chemicals & Petrochemicals,Specialty Chemicals,28.901734104046245,False,False
CMRGREEN.NS,2026-09-15,,,,,,,,,,False,False,False,False,False,False,False,False,False,,noise,36.50554075441444,False,False,False,False,,Industrial Products,"Aluminium, Copper & Zinc Products",,False,False
CMSINFO.NS,2026-09-15,222.91000366210938,235.64771143595377,252.28573905097113,256.2910403442383,282.32059295654295,295.0317079925537,232.56487052537935,220.99000549316406,421.27675880330224,False,False,False,False,False,False,False,False,False,-46.29962751016726,red,169.6886328099759,False,False,False,True,,Commercial Services & Supplies,Diversified Commercial Services,10.741811175337187,False,False
COALINDIA.NS,2026-09-15,419.25,414.9854100545247,407.8341301812066,410.65748291015626,428.8500024414063,419.9740510559082,418.9942351331174,355.1755291130353,478.7148709533388,False,True,True,False,True,False,True,True,False,13.535321980614356,noise,74.66842241349416,False,False,False,False,,Consumable Fuels,Coal,74.95183044315993,True,False
COASTCORP.NS,2026-09-15,37.31999969482422,40.19416650136312,43.05683422088623,45.24799392700195,48.901045608520505,47.84871971130371,39.80706002000408,32.28353764249399,66.25575218949841,False,True,False,False,False,False,False,False,False,0.6058741315696059,noise,91.99986456629716,False,False,False,False,,Food Products,Seafood,64.6917148362235,False,False
COCHINSHIP.NS,2026-09-15,1325.0,1482.2249959309895,1475.9527757432725,1456.0079956054688,1481.6026635742187,1504.8911712646484,1460.395759551908,1187.0,1970.7277578579542,False,False,False,False,False,False,False,False,False,-23.74594664998234,red,151.10489923486284,False,False,False,False,,Industrial Manufacturing,Ship Building & Allied Services,35.74181117533718,False,False
COFFEEDAY.NS,2026-09-15,30.3700008392334,31.214166800181072,30.799722247653538,31.019200019836425,29.657133331298827,30.652399988174437,31.43131028576917,21.0,46.56999969482422,False,False,False,True,False,True,False,False,False,-32.883976045893036,red,132.26492054665903,False,False,False,False,,Leisure Services,Restaurants,23.892100192678228,False,False
COFORGE.NS,2026-09-15,1775.5,1923.6833394368489,1835.4231058756511,1739.1628735351562,1445.9556225585939,1517.5231610107421,1875.0106741555542,1003.4540055816377,2021.199951171875,True,False,False,True,True,True,True,False,False,1.5843358557904086,red,156.88799548247874,False,False,False,False,,IT - Software,Computers - Software & Consulting,65.70327552986512,False,False
COHANCE.NS,2026-09-15,423.6000061035156,449.97083536783856,444.4027786254883,443.6030004882812,402.34800008138023,421.6455003356934,444.92769028608245,266.70001220703125,1008.7000122070312,True,False,False,True,False,True,False,False,False,-57.486953460020686,noise,38.13008868210943,False,False,False,False,,Pharmaceuticals & Biotechnology,Pharmaceuticals,4.672447013487476,False,False
COLPAL.NS,2026-09-15,1820.300048828125,1832.0500081380208,1938.5388997395833,1971.4820092773436,2021.7901456705729,2040.034132080078,1826.6361624918452,1761.237851420491,2326.3191128118538,False,False,False,False,False,False,True,False,False,-20.90417458231475,green,182.7930850134503,False,False,False,False,,Personal Products,Personal Care,39.54720616570327,False,False
COMFINTE.NS,2026-09-15,,,,,,,,,,False,False,False,False,False,False,False,False,False,,noise,,False,False,False,False,,Beverages,Breweries & Distilleries,,False,False
COMSYN.NS,2026-09-15,289.79998779296875,297.9375,265.92888810899524,244.7565997314453,188.7583329264323,178.70309967041015,296.0042813485794,136.44000244140625,314.8500061035156,True,True,True,True,True,True,True,False,False,87.20886632187927,noise,21.77246312151329,False,False,False,False,,Industrial Products,Packaging,94.79768786127167,True,True
COMMITTED.NS,2026-09-11,362.0,346.6083348592122,345.36805470784503,342.5579992675781,285.93033315022785,265.4762496948242,349.0551990930799,174.25,362.0,True,True,True,True,True,True,True,True,False,47.45707130413683,dry,3.50385423966363,False,False,True,False,,Transport Services,Logistics Solution Provider,88.6319845857418,True,True
COMPEAU.NS,2026-09-15,,,,,,,,,,False,False,False,False,False,False,False,False,False,,noise,,False,False,False,False,,Automobiles,Auto Dealer,,False,False
COMPUSOFT.NS,2026-09-15,12.90999984741211,13.11123522122701,13.074545648362902,13.043089809417724,13.312690137227376,13.835252451896668,13.071922056525356,11.77744777373263,20.16018701900506,False,False,False,False,False,False,False,False,False,-33.85913332705985,noise,42.19069080608682,False,False,False,False,,Other Consumer Services,Education,22.880539499036608,False,False
CONCORDBIO.NS,2026-09-15,1473.0,1464.125,1444.8666653103298,1405.1077026367188,1239.8545682779948,1258.3800680541992,1472.7105906967342,981.1254498447715,1693.8579163761817,True,False,False,True,True,True,True,True,False,-9.57898171956918,noise,60.59195902302507,False,True,False,False,,Pharmaceuticals & Biotechnology,Pharmaceuticals,53.32369942196532,False,False
CEWATER.NS,2026-09-15,276.1499938964844,270.35416412353516,273.20416683620874,284.95900085449216,298.3263340250651,329.20825042724607,273.64583140503754,235.0,539.9000244140625,False,False,False,False,False,False,False,True,False,-46.23247526804488,noise,83.88226290159173,False,False,False,False,,Other Utilities,Waste Management,10.83815028901734,False,False
CFEL.NS,2026-09-15,,,,,,,,,,False,False,False,False,False,False,False,False,False,,noise,,False,False,False,False,,Commercial Services & Supplies,Trading & Distributors,,False,False
CONFIPET.NS,2026-09-15,86.0999984741211,84.11500040690105,79.55000029669867,78.100400390625,61.50693354288737,54.7478501701355,84.95829266305579,28.059999465942383,91.6500015258789,True,True,True,True,True,True,True,True,False,75.73071324769704,red,135.70586629912668,False,False,False,False,,Gas,LPG/CNG/PNG/LNG Supplier,93.4971098265896,True,True
CONSOFINVT.NS,2026-09-15,302.0,284.5266342163086,283.29859415690106,278.26222930908204,243.0612584431966,223.82979667663574,292.37682542796864,151.2637974296401,318.4500850081756,True,True,True,True,True,True,True,True,True,54.681606814037686,noise,42.93567427431546,False,False,False,False,,Finance,Non Banking Financial Company (NBFC),90.5587668593449,True,True
CONCOR.NS,2026-09-15,483.70001220703125,505.9791666666667,512.9263170030382,502.94442260742187,488.3005857340495,492.63865478515623,502.20424574321635,420.16557890015895,561.4378970396333,False,False,False,True,False,False,True,False,False,-10.752797033795048,noise,28.197491886973864,False,False,False,False,,Transport Services,Logistics Solution Provider,52.215799614643544,False,False
CONTI.NS,2026-09-14,11.649999618530273,11.295833190282186,11.222222301695082,11.223000049591064,13.240666688283284,15.462250018119812,11.459063175815059,10.149999618530273,28.5,False,False,False,False,True,False,False,True,False,-56.44859955689617,dry,0.0,False,False,False,False,,Commercial Services & Supplies,Trading & Distributors,5.009633911368015,False,False
CONTROLPR.NS,2026-09-15,574.7999877929688,592.3374989827474,583.4777781168619,600.3851000976563,618.2945642089844,635.0611444091796,586.987204468915,512.2003645119609,885.1828036505703,False,False,False,False,False,False,False,False,False,-25.5487402174011,noise,45.767148018168086,False,False,False,False,,IT - Hardware,Computers Hardware & Equipments,33.09248554913295,False,False
COOLCAPS.NS,2026-09-11,25.399999618530273,22.770833333333332,21.562499947018093,21.875999946594238,25.06199993133545,35.82825001716614,23.76661109765938,19.0,99.5,False,False,False,False,True,True,False,True,False,-69.080950521311,ppv,119.00655398413247,False,False,False,False,,Industrial Products,Packaging,1.4932562620423893,False,False
CORALFINAC.NS,2026-09-15,32.77000045776367,32.82749970753988,33.16467020246718,33.02511905670166,32.69455588022868,34.0369739818573,32.80657801035324,24.86201257565247,50.59881938431747,False,False,False,False,False,True,False,False,False,-24.30605401139737,dry,13.415079795528333,False,False,False,False,,Commercial Services & Supplies,Diversified Commercial Services,34.77842003853564,False,False
CORDSCABLE.NS,2026-09-15,354.25,326.7974993387858,258.7508332994249,243.57720031738282,205.53119974772136,198.96174995422362,336.6848785310783,127.01000213623047,394.8999938964844,True,True,True,True,True,True,True,True,False,101.68056948385487,red,103.94922856393502,False,False,False,False,,Industrial Products,Cables - Electricals,95.90558766859345,True,True
COROMANDEL.NS,2026-09-15,1939.0999755859375,1937.1333312988281,2007.500003390842,2015.6707836914063,2008.2744482421874,2079.206441650391,1947.0055843658938,1704.8401341065546,2486.7668094210435,False,False,False,False,False,False,True,False,False,-12.570042564920636,noise,70.53032018409287,False,True,False,False,,Fertilizers & Agrochemicals,Fertilizers,49.85549132947977,False,False
CORONA.NS,2026-09-15,,,,,,,,,,False,False,False,False,False,False,False,False,False,,red,200.98869513199625,False,False,False,False,,Pharmaceuticals & Biotechnology,Pharmaceuticals,,False,False
COSMOFIRST.NS,2026-09-15,861.3499755859375,917.0750020345052,915.6027764214409,892.8586474609375,769.3167028808593,743.2897601318359,900.9766623687676,558.0950701442713,996.0,True,True,True,True,False,True,True,False,False,-8.76249012863245,noise,44.58404731151676,False,False,False,False,,Industrial Products,Packaging,54.81695568400771,False,False
CCHHL.NS,2026-09-15,12.180000305175781,12.598333358764648,12.648055500454372,12.677399921417237,12.985799973805745,13.447549982070923,12.506887384327364,10.029999732971191,19.5,False,False,False,False,False,False,False,False,False,-30.12048140034186,noise,80.86922730040376,False,False,False,False,,Leisure Services,Hotels & Resorts,26.637764932562618,False,False
COUNCODOS.NS,2026-09-15,6.440000057220459,6.594999988873799,6.4511111047532825,6.364600000381469,5.389799995422363,5.46539999961853,6.517498881054142,3.7100000381469727,7.96999979019165,True,False,False,True,True,True,True,False,False,-13.788484095054654,noise,26.767002226530696,False,False,False,False,,Realty,"Residential, Commercial Projects",48.65125240847784,False,False
CPCAP.NS,2026-09-15,140.1699981689453,125.36500231424968,120.86027823554144,118.02860031127929,102.12193349202474,104.1072501373291,130.3487543158134,73.51000213623047,154.66000366210938,True,False,False,True,True,True,True,True,False,-6.171766020732705,ppv,234.09170100876503,False,False,False,False,,Finance,Non Banking Financial Company (NBFC),57.70712909441234,False,False
CRAFTSMAN.NS,2026-09-15,11099.0,11326.291666666666,10620.152777777777,10232.65392578125,8805.977766927082,8441.539096679688,11345.82307112649,6316.2925601072975,11999.0,True,True,True,True,True,True,True,False,False,64.05910811527293,red,127.44896771175705,False,False,False,False,,Auto Components,Auto Components & Equipments,91.85934489402698,True,True
CRAVATEX.NS,2026-09-15,,,,,,,,,,False,False,False,False,False,False,False,False,False,,noise,,False,False,False,False,,Commercial Services & Supplies,Trading & Distributors,,False,False
CRAYONS.NS,2026-09-11,23.950000762939453,25.46250009536743,26.144444518619114,26.60300006866455,31.69333334604899,33.80825003623963,25.220765682396113,23.5,59.5,False,False,False,False,False,False,False,False,False,-58.01927943343219,noise,54.347826086956516,False,False,False,True,,Media,Advertising & Media Agencies,4.527938342967245,False,False
CREATIVEYE.NS,2026-09-15,5.739999771118164,6.050833344459534,6.148888866106669,6.138799991607666,6.491199998855591,6.620350003242493,5.995906119883562,5.159999847412109,8.829999923706055,False,False,False,False,False,False,False,False,False,-24.174377266118153,dry,18.28139492816374,False,True,False,False,,Entertainment,Media & Entertainment,35.115606936416185,False,False
CGRAPHICS.NS,2026-09-11,144.64999389648438,146.64166768391928,144.1805559794108,141.79800048828125,149.37966654459635,157.96624977111816,146.39966964747688,122.0,246.0,False,False,False,False,True,False,False,False,False,-38.26291420724795,noise,53.55612682090831,False,False,False,False,,Industrial Products,Other Industrial Products,18.352601156069365,False,False
CNL.NS,2026-09-15,1068.5999755859375,1188.0083312988281,1150.1583336724175,1073.727999267578,789.3693339029948,770.6302490234375,1151.6694194813576,525.0,1328.0,True,True,True,True,False,True,True,False,False,70.31421559333562,dry,5.9258701092529975,False,False,False,False,,Commercial Services & Supplies,Trading & Distributors,92.82273603082851,True,False
CREDITACC.NS,2026-09-15,1409.5999755859375,1409.0499877929688,1492.3416612413193,1499.8299926757813,1361.8186702473959,1346.8075024414063,1418.4733265325413,1113.0,1634.0,True,True,True,True,False,False,True,False,False,8.572743015628337,noise,54.163460242564355,False,True,False,False,,Finance,Microfinance Institutions,70.95375722543352,True,False
MUFTI.NS,2026-09-15,72.48999786376953,73.77500025431316,76.93588701883952,78.61990219116211,80.01916910807292,83.42283443450928,73.76854411024178,61.44120935254668,118.86818112833097,False,False,False,False,False,False,False,False,False,-37.19938498893948,noise,60.38478067957206,False,False,False,False,,Retailing,Speciality Retail,19.36416184971098,False,False
CRSL.NS,2026-09-15,,,,,,,,,,False,False,False,False,False,False,False,False,False,,noise,,False,False,False,False,,IT - Services,IT Enabled Services,,False,False
CREST.NS,2026-09-15,354.6499938964844,362.7166697184245,367.28145684136285,368.31952697753906,359.89137980143227,363.5005177307129,359.99208416971095,297.3310024635267,416.8518141052093,False,False,False,True,False,False,True,False,False,-5.719813077940361,red,122.67250391027203,False,False,False,False,,Finance,Non Banking Financial Company (NBFC),58.1888246628131,False,False
CRISIL.NS,2026-09-15,4596.89990234375,4741.300048828125,4574.058336046007,4461.534541015625,4235.480314127604,4295.177703857422,4693.212222624261,3669.9050085491053,5038.988033260187,True,False,False,True,True,False,True,False,False,-6.697516919060553,noise,70.69616039517759,False,False,False,False,,Finance,Other Financial Services,56.84007707129094,False,False
CRIZAC.NS,2026-09-15,179.88999938964844,170.60416539510092,178.92861090766058,182.55039978027344,203.53200052897137,217.10448333740234,175.05082453130174,159.9499969482422,348.244603368797,False,False,False,False,False,False,False,True,False,-47.07094781276808,noise,92.00575228934815,False,False,False,False,,Retailing,Internet & Catalogue Retail,9.971098265895954,False,False
CROMPTON.NS,2026-09-15,226.14999389648438,231.37833150227866,245.24138810899524,248.67072631835939,256.8958339436849,254.21804206848145,231.68880225739133,214.8165151621269,316.3454734899983,False,True,False,False,False,False,False,False,False,-27.38903175518471,noise,41.90169389488118,False,False,False,False,,Consumer Durables,Household Appliances,30.346820809248555,False,False
CLSL.NS,2026-09-14,83.0,85.91250038146973,77.31388918558757,70.68500030517578,53.46166681925456,52.54550012588501,84.09412608082098,39.04999923706055,92.25,True,True,True,True,True,True,True,False,False,38.218153296454325,dry,0.0,False,False,False,False,,Fertilizers & Agrochemicals,Pesticides & Agrochemicals,85.9344894026975,True,True
CROWN.NS,2026-09-15,106.83000183105469,110.26916694641113,109.82472207811144,111.08719970703125,118.56766662597656,121.12895011901855,110.89954454802674,100.11000061035156,191.0,False,False,False,False,False,False,False,False,True,-33.19367182506793,noise,61.93007820949216,False,False,False,False,,Industrial Manufacturing,Industrial Products,23.410404624277454,False,False
CSBBANK.NS,2026-09-15,296.3500061035156,323.8625005086263,326.4138895670573,335.00800048828125,359.23466654459634,380.46775024414063,315.2451450919286,295.0,574.4000244140625,False,False,False,False,False,False,False,False,False,-19.655686268215298,noise,96.6521311897062,False,False,False,True,,Banks,Private Sector Bank,41.13680154142582,False,False
CSLFINANCE.NS,2026-09-15,215.3699951171875,227.69608688354492,216.38130145602756,214.44614440917968,223.7088142903646,237.5829290008545,225.68129565779327,201.00019533971565,311.22919637663324,False,False,False,False,True,False,False,False,False,-22.684512995553284,red,188.57397040923107,False,False,False,False,,Finance,Non Banking Financial Company (NBFC),37.47591522157997,False,False
CSM.NS,2026-09-15,,,,,,,,,,False,False,False,False,False,False,False,False,False,,green,316.14832383530495,False,True,False,False,,IT - Software,Computers - Software & Consulting,,False,False
CUBEXTUB.NS,2026-09-15,75.08000183105469,77.09833335876465,78.42527770996094,78.68600006103516,88.55653361002604,92.50585029602051,77.25342513608999,73.0999984741211,143.69000244140625,False,False,False,False,False,False,False,False,False,-7.933784155221635,red,108.31730497072978,False,False,False,False,,Industrial Products,"Aluminium, Copper & Zinc Products",55.82851637764933,False,False
CUMMINSIND.NS,2026-09-15,4874.0,5091.416666666667,5286.583333333333,5350.619990234375,5185.914837239583,4948.940084228516,5075.563713113415,3784.261865546783,6049.821052103703,False,True,True,True,False,False,True,False,False,22.20643044955215,noise,67.46227690603477,False,False,False,False,,Industrial Products,"Compressors, Pumps & Diesel Engines",79.91329479768787,True,False
CUPID.NS,2026-09-15,284.3999938964844,279.9116668701172,269.4736099243164,253.19559906005858,162.42566599527996,142.8407495880127,280.1782359769232,38.20199966430664,299.0,True,True,True,True,True,True,True,True,False,617.0229512737457,noise,32.54448249115621,False,False,False,False,,Personal Products,Personal Care,99.95183044315993,True,True
CURAA.NS,2026-09-15,75.5,71.74749946594238,72.529999838935,73.27660003662109,86.93453318277994,92.42384998321533,74.109063775485,60.0,258.8500061035156,False,False,False,False,True,False,False,True,False,-70.83252917915439,noise,64.78847105393369,False,False,False,False,,IT - Software,Computers - Software & Consulting,1.348747591522158,False,False
CYBERMEDIA.NS,2026-09-15,23.25,21.612500031789143,18.146666712231106,17.49020008087158,16.347333323160807,16.36074999809265,22.097653725223715,11.300000190734863,28.450000762939453,True,False,False,True,True,True,True,True,False,29.38230878351593,noise,44.014407477304154,False,False,False,False,,Media,Electronic Media,82.8034682080925,True,False
CMRSL.NS,2026-09-14,78.0,72.44166692097981,67.31395350562201,66.11578895568847,66.51555961608886,67.77415456771851,74.61255801816596,50.948211669921875,93.9797784582361,True,False,False,False,True,True,True,True,False,-3.833304800802173,dry,0.0,False,False,False,False,,Media,Advertising & Media Agencies,60.45279383429673,False,False
CYBERTECH.NS,2026-09-15,140.42999267578125,136.4033342997233,136.72583474053278,138.21680114746093,132.10053334554036,134.25650005340577,138.0507864893151,95.30000305175781,254.51131173013155,True,False,False,True,True,True,False,True,False,0.5366780233364565,red,122.73463635645234,False,False,False,False,,IT - Software,Computers - Software & Consulting,64.59537572254335,False,False
CYIENT.NS,2026-09-15,1078.9000244140625,1105.304178873698,958.1569468180338,926.6340026855469,906.2300008138021,965.256000366211,1075.8193265493946,750.2999877929688,1267.736092444419,True,False,False,False,True,True,True,True,False,-10.893472907210977,noise,86.07481017287061,False,False,False,False,,IT - Services,IT Enabled Services,51.97495183044316,False,False
CYIENTDLM.NS,2026-09-15,882.7000122070312,875.8541717529297,760.2111121283638,707.122001953125,488.5120007324219,467.1772505187988,881.2872266586417,265.20001220703125,1009.0,True,True,True,True,True,True,True,True,False,93.51091176542803,noise,45.91358540760403,False,False,False,False,,Aerospace & Defense,Aerospace & Defense,95.37572254335261,True,True
DBCORP.NS,2026-09-15,184.72999572753906,194.9533322652181,204.52055486043295,203.87746032714844,205.8195790608724,215.50687042236328,193.09183740392558,180.2044446273266,279.00130663488244,False,False,False,False,False,False,False,False,False,-30.758468206912237,noise,23.968077355756368,False,False,False,False,,Media,Print Media,25.96339113680154,False,False
DPWIRES.NS,2026-09-15,145.38999938964844,153.61166636149088,160.10333251953125,164.80519927978514,168.30353286743164,174.38284961700438,152.465318936373,125.0199966430664,297.70001220703125,False,False,False,False,False,False,False,False,False,-47.64871138175334,red,123.2833493067916,False,False,False,False,,Industrial Products,Iron & Steel Products,9.68208092485549,False,False
DSKULKARNI.NS,2026-09-15,21.420000076293945,19.543333371480305,15.38777780532837,14.873200073242188,13.991066818237305,13.880800161361694,19.81744721782962,8.600000381469727,21.420000076293945,True,True,False,True,True,True,True,True,False,58.081179149653316,ppv,38.22937625754527,False,False,True,False,,Realty,"Residential, Commercial Projects",91.08863198458575,True,False
DLINKINDIA.NS,2026-09-15,417.04998779296875,439.5374984741211,439.94444359673395,450.0909356689453,433.2662674967448,423.5053009033203,435.73326023830305,349.1345095601163,521.5413716552077,False,True,False,True,False,False,True,False,False,-9.42491866671068,noise,52.52613958361033,False,False,False,False,,IT - Hardware,Computers Hardware & Equipments,53.5645472061657,False,False
DKEGL.NS,2026-09-11,69.0,68.3916670481364,67.37222290039062,67.25699989318848,69.80666646321615,71.1319998550415,68.84730602423977,60.0,89.5999984741211,False,False,False,False,True,False,True,True,False,-1.2875558029075251,red,460.5263157894737,False,False,False,False,,Industrial Products,Packaging,62.813102119460495,False,False
DPABHUSHAN.NS,2026-09-15,1337.5,1407.9999898274739,1425.3208312988281,1371.9429992675782,1146.0313350423178,1215.909002380371,1387.7458484461533,866.0999755859375,1670.0,True,False,False,True,False,True,True,False,False,-13.86527833964255,dry,18.028272037462653,False,True,False,False,,Consumer Durables,"Gems, Jewellery And Watches",48.36223506743738,False,False
DABUR.NS,2026-09-15,384.8999938964844,379.25,399.74305640326605,408.1847399902344,434.311650390625,450.9522508239746,380.25226059840236,368.04998779296875,534.3111263790557,False,False,False,False,False,False,False,True,False,-27.261469130654692,ppv,492.953959150891,False,False,False,False,,Personal Products,Personal Care,30.539499036608863,False,False
DAICHI.NS,2026-09-15,,,,,,,,,,False,False,False,False,False,False,False,False,False,,noise,,False,False,False,False,,Chemicals & Petrochemicals,Specialty Chemicals,,False,False
DALMIASUG.NS,2026-09-15,398.20001220703125,447.0249989827474,431.7277772691515,412.36699951171875,362.65374755859375,343.37305572509763,435.2373280355487,256.4493957198617,520.0,True,True,True,True,False,True,True,False,False,7.334930059069422,noise,28.36716066826781,False,False,False,False,,Agricultural Food & other Products,Sugar,70.08670520231213,True,False
DALBHARAT.NS,2026-09-15,1687.4000244140625,1774.2749938964844,1817.3055487738716,1813.1919921875,1844.691485188802,1902.400432739258,1753.9614761153034,1600.3099946947705,2484.339731207416,False,False,False,False,False,False,False,False,False,-29.397308215046557,noise,22.620516881025026,False,False,False,False,,Cement & Cement Products,Cement & Cement Products,27.79383429672447,False,False
DAMCAPITAL.NS,2026-09-15,138.92999267578125,143.7499974568685,147.28607432047525,150.23941192626953,149.02612380981446,161.87943744659424,143.23901904380594,118.42050979450424,284.0820688881976,False,False,False,False,False,False,False,False,False,-37.00493151117119,noise,49.54894018726872,False,False,False,False,,Capital Markets,Stockbroking & Allied,19.60500963391137,False,False
DAMODARIND.NS,2026-09-15,28.530000686645508,28.413333415985107,28.19027778837416,28.780000076293945,28.047400029500327,28.371400022506712,28.617602811935292,20.0,38.79999923706055,True,False,False,True,False,True,False,False,False,-19.475019924067826,noise,30.937663966419677,False,False,False,False,,Textiles & Apparels,Other Textile Products,41.52215799614643,False,False
DANGEE.NS,2026-09-15,2.7799999713897705,2.8391666412353516,2.8994444476233587,2.965800013542175,3.138133341471354,3.2309500014781953,2.8281851452976405,2.5399999618530273,5.079999923706055,False,False,False,False,False,False,False,False,False,-35.79676627314202,green,172.77184419929011,False,False,False,False,,Food Products,Packaged Foods,20.56840077071291,False,False
DATAPATTNS.NS,2026-09-15,4358.7998046875,4649.825032552083,4573.652818467882,4499.346459960938,3986.2108365885415,3641.4433471679686,4663.340368964566,2126.3648658097904,5000.0,True,True,True,True,False,True,True,False,False,69.51769194601152,red,118.27035157485588,False,False,False,False,,Aerospace & Defense,Aerospace & Defense,92.67822736030828,True,False
DATAMATICS.NS,2026-09-15,766.25,764.544687906901,809.8543582492405,820.1466650390626,771.6749662272135,771.2912857055665,767.3040560547718,627.9510538752943,1003.5294156461148,False,True,False,True,False,False,True,False,False,-16.065444702566534,ppv,908.3153482181211,False,False,False,False,,IT - Services,IT Enabled Services,45.472061657032754,False,False
DAVANGERE.NS,2026-09-15,2.240000009536743,2.019166628519694,2.6933333145247564,2.908199987411499,3.5306666723887123,3.69850000500679,2.0942991918079836,1.7400000095367432,5.5,False,False,False,False,False,False,False,True,False,-43.99999976158142,green,216.32394024134186,False,False,False,False,,Diversified FMCG,Diversified FMCG,12.861271676300579,False,False
DBSTOCKBRO.NS,2026-09-15,27.799999237060547,28.794166405995686,31.30500004026625,33.41359996795654,29.792799987792968,28.584949998855592,28.550224152004013,23.149999618530273,48.5,False,True,True,True,False,False,False,False,False,6.5950894109898295,dry,14.545434351976505,False,False,False,False,,Capital Markets,Stockbroking & Allied,69.55684007707129,False,False
DCI.NS,2026-09-15,264.70001220703125,334.1862030029297,341.8892076280382,324.07484375,295.4298067220052,281.63452301025393,308.75655295562507,208.90389285934754,474.82702083380383,False,True,True,True,False,False,False,False,False,4.732998286043721,red,1738.5562050139483,False,False,False,False,,IT - Hardware,Computers Hardware & Equipments,68.20809248554913,False,False
DCBBANK.NS,2026-09-15,221.88999938964844,222.93250020345053,202.66027704874674,198.5257995605469,186.59854563395183,184.72531494140625,222.31691352707406,121.38222908441647,234.8000030517578,True,True,True,True,True,True,True,False,False,76.09832250584556,noise,38.0762788169261,False,False,False,False,,Banks,Private Sector Bank,93.54527938342967,True,True
DCG.NS,2026-09-11,89.0999984741211,70.49166742960612,59.60972256130643,57.435000305175784,59.462000045776364,60.92900001525879,75.86002725252058,47.0,93.80000305175781,True,False,False,False,True,True,True,True,False,27.376701016939986,red,188.8341543513957,False,True,False,False,,Industrial Products,Cables - Electricals,82.03275529865125,True,False
DCM.NS,2026-09-15,76.41999816894531,77.2641658782959,81.42999988132053,85.64559982299805,82.16066668192546,84.32824991226197,76.79766337176319,55.0,104.30000305175781,False,False,False,True,False,True,False,False,False,-23.51116468037183,green,154.86121394606513,False,False,False,False,,IT - Services,IT Enabled Services,35.982658959537574,False,False
DCMFINSERV.NS,2026-09-15,5.0,5.195833325386047,5.265555580457051,5.256400032043457,5.251133335431417,5.207350009679795,5.151208012607514,3.700000047683716,8.550000190734863,False,True,False,True,False,True,False,False,False,-15.824916635780628,red,133.43091639316626,False,False,False,False,,Finance,Investment Company,45.90558766859345,False,False
DCMNVL.NS,2026-09-15,172.60000610351562,183.47666803995767,169.4686105516222,163.46679962158203,145.9527998860677,142.25295013427734,179.19967597178044,95.5999984741211,198.5800018310547,True,True,True,True,True,True,True,False,False,8.847826279411453,noise,62.978196829190246,False,True,False,False,,Textiles & Apparels,Other Textile Products,71.53179190751445,True,True
DCMSHRIRAM.NS,2026-09-15,994.0999755859375,1013.0083363850912,1026.9979943169487,1026.6284765625,1070.2530041503906,1100.9451205444336,1009.9080079162421,941.5197177909594,1400.4767744012483,False,False,False,False,False,False,False,False,False,-18.705822434436914,noise,38.63481688660671,False,False,False,False,,Diversified,Diversified,42.34104046242775,False,False
DSFCL.NS,2026-09-15,,,,,,,,,,False,False,False,False,False,False,False,False,False,,red,199.49974956911478,False,False,False,False,,Chemicals & Petrochemicals,Specialty Chemicals,,False,False
DCMSRIND.NS,2026-09-15,38.560001373291016,44.50333340962728,44.411666764153374,43.45720001220703,39.93149518330892,53.364638023376465,43.13400231163084,31.557174545273405,179.94513189465283,False,False,False,False,False,False,False,False,False,-76.5413438597071,noise,82.11846733510232,False,False,False,False,,Agricultural Food & other Products,Sugar,0.8188824662813102,False,False
DCMSIL.NS,2026-09-15,,,,,,,,,,False,False,False,False,False,False,False,False,False,,red,181.46187164830894,False,False,False,False,,Textiles & Apparels,Other Textile Products,,False,False
DCW.NS,2026-09-15,44.720001220703125,46.55166753133138,46.02055549621582,46.37080001831055,46.59125602722168,48.47688789367676,46.43945486264913,37.11000061035156,76.0975903455407,False,False,False,False,False,False,False,False,False,-39.00444359715964,noise,77.21946027862371,False,False,False,False,,Chemicals & Petrochemicals,Petrochemicals,17.58188824662813,False,False
DCXINDIA.NS,2026-09-15,161.6199951171875,170.7650006612142,175.44888899061414,180.24519989013672,185.5645330810547,183.44079971313477,169.09659309230463,153.3000030517578,286.0,False,True,False,False,False,False,False,False,False,-39.862327398255815,noise,84.29959976412775,False,False,False,False,,Aerospace & Defense,Aerospace & Defense,16.859344894026975,False,False
DDEVPLSTIK.NS,2026-09-15,250.64999389648438,268.9208297729492,276.55138821072046,278.49999938964845,260.2445545450846,267.6008180999756,264.39983323462275,185.14999389648438,359.34947541878313,False,False,False,True,False,True,False,False,False,-24.020217490569706,noise,49.70879718671527,False,True,False,False,,Chemicals & Petrochemicals,Specialty Chemicals,35.5009633911368,False,False
DENEERS.NS,2026-09-11,168.0,171.32916768391928,175.95416683620877,178.50099975585937,179.2379995727539,173.51174964904786,170.595842862964,132.0,295.0,False,True,False,False,False,False,False,False,False,-37.52324142310201,noise,79.734219269103,False,False,False,False,,Industrial Products,Iron & Steel Products,19.07514450867052,False,False
DENORA.NS,2026-09-15,812.9500122070312,815.1208343505859,842.8694407145182,854.7559985351562,779.3999979654948,750.5412481689453,812.0535937470556,560.25,960.3499755859375,True,True,True,True,False,True,True,True,False,-3.598953637526725,noise,42.591816785365175,False,False,False,False,,Industrial Products,Electrodes & Refractories,60.64547206165704,False,False
DIL.NS,2026-09-14,0.6499999761581421,0.6549999813238779,0.7180555462837219,0.7479999959468842,0.9687333297729492,1.1377999985218048,0.6563533810000504,0.6499999761581421,2.440000057220459,False,False,False,False,False,False,False,False,False,-65.78947450975963,dry,0.0,False,False,False,True,,Leisure Services,Hotels & Resorts,2.312138728323699,False,False
DECNGOLD.NS,2026-09-15,,,,,,,,,,False,False,False,False,False,False,False,False,False,,noise,,False,False,False,False,,Non - Ferrous Metals,Precious Metals,,False,False
DECCANCE.NS,2026-09-15,566.0499877929688,570.1958363850912,561.2416670057509,563.9529992675781,612.8503336588542,639.4620007324219,568.4686259430935,525.0,1164.2527336094727,False,False,False,False,True,False,False,False,False,-47.617029035154715,red,327.77162249064435,False,False,False,False,,Cement & Cement Products,Cement & Cement Products,9.730250481695569,False,False
DEEDEV.NS,2026-09-15,607.4000244140625,643.1541646321615,646.6111111111111,655.9789990234375,512.8202008056641,436.81160041809085,645.4779198745657,183.0,760.0,True,True,True,True,False,True,True,False,False,112.15509965487315,red,123.42835580509524,False,False,False,False,,Industrial Manufacturing,Industrial Products,96.53179190751445,True,False
DEEM.NS,2026-09-11,41.95000076293945,41.40000057220459,43.89722262488471,46.611000518798825,42.752333399454756,43.87775003433227,41.94667465044101,29.350000381469727,64.44999694824219,False,False,False,True,False,True,False,True,False,-28.83799793042161,noise,53.76344086021505,False,True,False,False,,Industrial Products,Iron & Steel Products,28.564547206165702,False,False
DEEPINDS.NS,2026-09-15,730.4000244140625,735.0500030517578,664.7562510172526,607.8131256103516,496.5361159261068,475.9608952331543,747.4339139342001,328.747065369566,825.0,True,True,True,True,True,True,True,False,False,36.00145378868105,noise,76.18863168685888,False,False,False,False,,Oil,Oil Equipment & Services,85.0674373795761,True,True
DEEP.NS,2026-09-15,,,,,,,,,,False,False,False,False,False,False,False,False,False,,noise,,False,True,False,False,,Chemicals & Petrochemicals,Specialty Chemicals,,False,False
DBEIL.NS,2026-09-15,6.789999961853027,6.726666649182637,6.941388885180156,7.195,7.621100018819173,8.478515014648437,6.882159144186242,5.151000022888184,18.559999465942383,False,False,False,False,False,True,False,False,False,-52.74896708913987,noise,91.53170947147004,False,False,False,False,,Construction,Civil Construction,6.551059730250482,False,False
DEEPAKFERT.NS,2026-09-15,1284.800048828125,1375.4416809082031,1470.1812845865886,1494.85642578125,1310.9577266438803,1283.507578125,1356.3626105785559,860.5304973022847,1669.6119086916185,False,True,False,True,False,True,True,False,False,-9.591599445717069,noise,64.40482399155583,False,False,False,False,,Chemicals & Petrochemicals,Commodity Chemicals,53.275529865125236,False,False
DEEPAKNTR.NS,2026-09-15,1561.300048828125,1692.0250345865886,1715.419457329644,1698.6428540039062,1634.4705249023436,1625.506537475586,1656.9310997331916,1274.1803312746065,1895.7415042243763,False,True,False,True,False,False,True,False,False,-9.746175606768958,noise,55.500754756063166,False,False,False,False,,Chemicals & Petrochemicals,Specialty Chemicals,53.179190751445084,False,False
DELAPLEX.NS,2026-09-11,101.5,103.85833358764648,94.3972225189209,95.8800001525879,103.49666651407878,109.49049980163574,102.6457022032632,80.0,194.85000610351562,False,False,False,False,True,False,False,False,False,-21.317829457364347,noise,28.6697247706422,False,False,False,False,,IT - Software,Computers - Software & Consulting,38.921001926782274,False,False
DELHIVERY.NS,2026-09-15,420.5,453.6291681925456,460.4652794731988,471.3650018310547,455.70833374023437,444.10550079345705,446.45452937244613,374.45001220703125,524.0,False,True,False,True,False,False,True,False,False,-10.588983433036203,red,129.23115695344472,False,False,False,False,,Transport Services,Logistics Solution Provider,52.45664739884393,False,False
DELPHIFX.NS,2026-09-15,5.539999961853027,6.074999968210856,6.496111088328892,6.889400014877319,9.583733345667522,11.174269964694977,5.962517275278744,5.46999979019165,18.25,False,False,False,False,False,False,False,False,False,-60.24491647314749,noise,74.19359081344436,False,False,False,True,,Finance,Other Financial Services,3.7090558766859343,False,False
DELTACORP.NS,2026-09-15,53.790000915527344,56.15000025431315,59.60075590345595,60.73512176513672,63.13962387084961,64.31071199417114,55.62447260083675,47.901091163726164,85.68642021255008,False,False,False,False,False,False,False,False,False,-33.775393480715735,noise,96.51282660888958,False,False,False,False,,Leisure Services,Amusement Parks/ Other Recreation,22.976878612716764,False,False
DELTAMAGNT.NS,2026-09-15,55.650001525878906,57.306666692097984,57.794444719950356,58.12960021972656,59.189999949137366,61.470799922943115,56.98221257324862,45.5099983215332,92.80000305175781,False,False,False,False,False,False,False,False,False,-36.450837364604816,noise,25.557481915466013,False,False,False,False,,Industrial Products,Other Industrial Products,20.183044315992294,False,False
DEN.NS,2026-09-15,26.6200008392334,27.60000006357829,27.5477778116862,27.775799980163573,27.780600039164224,28.473550033569335,27.309483596572687,22.520000457763672,37.349998474121094,False,False,False,False,False,False,False,False,False,-25.203706869616994,noise,68.27150338856211,False,False,False,False,,Entertainment,TV Broadcasting & Software Production,33.52601156069364,False,False
DENTA.NS,2026-09-15,276.29998779296875,278.1875,304.772221883138,313.72100036621094,284.7174669392904,292.00510032653807,281.4224358143329,222.0,479.6000061035156,False,False,False,True,False,False,False,False,False,-28.825353141510213,noise,33.057939203384606,False,False,False,False,,Other Utilities,Water Supply & Management,28.61271676300578,False,False
DESTINY.NS,2026-09-14,100.6500015258789,100.6500015258789,102.4000015258789,103.38000152587891,109.91100056966145,111.93575046539307,100.69251780030628,100.0,143.0,False,False,False,False,False,False,False,False,False,-13.900769707349092,dry,0.0,False,False,False,False,,Transport Services,Logistics Solution Provider,48.26589595375722,False,False
DEVX.NS,2026-09-15,,,,,,,,,,False,False,False,False,False,False,False,False,False,,noise,48.473162369589204,False,False,False,False,,Commercial Services & Supplies,Diversified Commercial Services,,False,False
DEVIT.NS,2026-09-15,23.799999237060547,24.38249985376994,25.693333201938206,26.232199935913087,27.565933252970378,29.521299991607666,24.2838394185751,22.25,45.40286755164209,False,False,False,False,False,False,False,False,False,-45.133033569925395,noise,44.73636552209742,False,False,False,False,,IT - Services,IT Enabled Services,11.753371868978805,False,False
DEVYANI.NS,2026-09-15,136.22000122070312,138.68166859944662,134.59888797336154,128.28159942626954,119.49340001424153,122.70414993286133,138.2707275019899,91.55000305175781,191.0,True,False,False,True,True,True,False,False,False,-27.887768331347562,noise,44.652545172973234,False,False,False,False,,Leisure Services,Restaurants,29.91329479768786,False,False
DHABRIYA.NS,2026-09-15,,,,,,,,,,False,False,False,False,False,False,False,False,False,,noise,,False,False,False,False,,Industrial Products,Plastic Products - Industrial,,False,False
DBOL.NS,2026-09-15,113.26000213623047,123.91666603088379,117.83361053466797,115.44089645385742,110.06589920043945,102.79308319091797,121.80490096888978,68.04458797402032,139.0,True,True,True,True,False,True,True,False,False,35.08620732015595,red,104.69243594574003,False,False,False,False,,Agricultural Food & other Products,Sugar,84.58574181117534,True,False
DHAMPURSUG.NS,2026-09-15,156.61000061035156,170.01416651407877,163.41833199395074,157.7389990234375,142.7892291768392,136.93484996795655,167.3088334452017,108.4862046974501,199.9199981689453,True,True,True,True,False,True,True,False,False,17.58259433645055,noise,56.52627785847499,False,False,False,False,,Agricultural Food & other Products,Sugar,77.02312138728324,True,False
DHANBANK.NS,2026-09-15,29.790000915527344,31.360833485921223,32.34861130184598,32.88960014343262,29.88620004018148,28.67550003051758,31.12875498964151,19.450000762939453,36.849998474121094,False,True,True,True,False,True,True,False,False,15.152686312823892,noise,38.0423234326762,False,False,False,False,,Banks,Private Sector Bank,75.91522157996147,True,False
DHANLAXMI.NS,2026-09-11,23.600000381469727,24.31250015894572,25.17361111111111,24.992000007629393,27.305000012715656,28.02149998664856,24.128783519143905,20.049999237060547,45.45000076293945,False,False,False,False,False,False,False,False,False,-46.485258054331325,noise,46.728971962616825,False,False,False,False,,Agricultural Food & other Products,Other Agricultural Products,10.597302504816955,False,False
DHANUKA.NS,2026-09-15,956.5,985.875,1000.8388858371311,1010.0596862792969,1040.1627762858072,1070.0422457885743,982.4042574809577,887.8900230030476,1617.2853743124303,False,False,False,False,False,False,False,False,False,-38.65432578850465,noise,31.393509517966763,False,False,False,False,,Fertilizers & Agrochemicals,Pesticides & Agrochemicals,17.82273603082852,False,False
DHARAN.NS,2026-09-15,0.12999999523162842,0.13666666423281035,0.14777777840693793,0.14880000174045563,0.148466667085886,0.17500000070780516,0.13450017068952985,0.10999999940395355,0.6100000143051147,False,False,False,False,False,False,False,False,False,-73.46938924459752,noise,59.54785490354577,False,False,False,False,,Realty,"Residential, Commercial Projects",1.0597302504816954,False,False
DHARMAJ.NS,2026-09-15,268.25,269.80416615804035,269.24444410536023,266.3769998168945,260.91453369140623,255.2867002105713,269.49216323729956,210.64999389648438,368.29998779296875,True,True,False,True,True,False,False,False,False,-22.437474261685953,noise,70.13355613860031,False,False,False,False,,Fertilizers & Agrochemicals,Pesticides & Agrochemicals,37.66859344894027,False,False
DHATRE.NS,2026-09-15,,,,,,,,,,False,False,False,False,False,False,False,False,False,,noise,,False,False,False,False,,Industrial Products,Iron & Steel Products,,False,False
DHOOTTRANS.NS,2026-09-15,,,,,,,,,,False,False,False,False,False,False,False,False,False,,noise,,False,False,False,False,,Auto Components,Auto Components & Equipments,,False,False
DHRUV.NS,2026-09-15,22.139999389648438,23.06333335240682,23.96916659673055,24.52759998321533,28.52986665089925,32.68394997596741,22.854797889528395,21.5,59.66999816894531,False,False,False,False,False,False,False,False,False,-61.984892253472744,noise,61.18728263051884,False,False,False,False,,Commercial Services & Supplies,Consulting Services,3.1310211946050095,False,False
DHUNINV.NS,2026-09-15,978.4500122070312,1009.1875,963.2281731499565,956.0327307128906,896.4019852701823,959.4172711181641,1000.4107800286739,665.0414392053011,1568.2457463691665,True,False,False,False,True,True,False,False,False,-30.539373323649556,dry,14.266620613014162,False,False,False,False,,Finance,Non Banking Financial Company (NBFC),26.252408477842003,False,False
DTIL.NS,2026-09-15,138.3000030517578,151.76333363850912,140.9495733049181,139.36658889770507,135.94843658447266,140.2728897857666,146.16959934459035,100.5264407641267,196.026549254595,False,False,False,False,False,True,False,False,False,-26.32578973589429,noise,40.20154152117833,False,False,False,False,,Agricultural Food & other Products,Tea & Coffee,32.22543352601156,False,False
DVL.NS,2026-09-15,282.70001220703125,285.46416727701825,269.95121002197266,261.3006753540039,244.0891874186198,251.06857734680176,284.92061163410455,185.99911365423574,373.3187679942109,True,False,False,True,True,True,True,False,False,-17.334338747099764,noise,42.79835188154441,False,False,False,False,,Industrial Products,Packaging,43.641618497109825,False,False
DIAMINESQ.NS,2026-09-15,251.8000030517578,247.25833384195963,245.32000096638998,249.98300079345702,248.1403340657552,250.96950050354005,249.809966340019,208.00999450683594,377.1000061035156,True,False,False,False,True,False,False,True,False,-29.635322409658038,noise,89.37822875497727,False,False,False,False,,Chemicals & Petrochemicals,Specialty Chemicals,27.45664739884393,False,False
DIACABS.NS,2026-09-15,387.5,345.0499954223633,344.2508324517144,314.3853997802734,213.8928663635254,194.43939971923828,352.9849606696543,115.56999969482422,387.5,True,True,True,True,True,True,True,True,True,162.8366134780767,noise,28.175503119331154,False,False,True,False,,Electrical Equipment,Other Electrical Equipment,98.41040462427746,True,True
DICIND.NS,2026-09-15,593.1500244140625,596.1166534423828,560.9222183227539,548.1609973144531,529.2273872884115,521.8312338256836,598.2090360974462,447.9634122961736,638.9500122070312,True,True,True,True,True,True,True,False,False,3.121914116376945,noise,54.52931783445338,False,False,False,False,,Chemicals & Petrochemicals,Printing Inks,66.76300578034682,False,False
DTL.NS,2026-09-14,128.0,127.25,122.37916670905219,122.86600021362305,119.33333323160808,124.65874992370605,127.31137618775782,82.05000305175781,178.0,True,False,False,False,True,True,False,True,False,-5.185185185185182,dry,0.0,False,False,False,False,,Commercial Services & Supplies,Diversified Commercial Services,58.76685934489403,False,False
DIFFNKG.NS,2026-09-15,427.25,455.5874964396159,417.8262354532878,410.18199157714844,341.19386861165367,329.1040224456787,444.21311323908617,215.99034037428646,519.9000244140625,True,True,True,True,True,True,True,False,False,11.927858997130759,noise,56.93502679474823,False,False,False,False,,Industrial Products,Other Industrial Products,73.74759152215799,True,True
DGCONTENT.NS,2026-09-15,23.739999771118164,24.391666889190674,24.599166764153374,24.838600082397463,26.419600054423015,27.618850021362306,24.307909935758044,21.610000610351562,39.56999969482422,False,False,False,False,False,False,False,False,False,-36.50708703223281,dry,13.456459886715535,False,False,False,False,,Media,Advertising & Media Agencies,19.990366088631983,False,False
DIGIDRIVE.NS,2026-09-15,17.579999923706055,17.624999523162842,17.662222067515057,17.888999938964844,19.764599990844726,21.171999950408935,17.555486171361967,16.100000381469727,34.290000915527344,False,False,False,False,False,False,False,True,False,-46.63023480076428,noise,79.43509870515814,False,False,False,False,,Retailing,E-Retail/ E-Commerce,10.35645472061657,False,False
DIGIKORE.NS,2026-09-11,38.04999923706055,38.712499936421715,40.0236111746894,43.22000022888184,59.83666659037272,62.8927499961853,38.752007851353966,30.25,190.60000610351562,False,False,False,False,False,False,False,False,False,-78.00578078782627,dry,6.029651698943037,False,True,False,False,,Entertainment,Media & Entertainment,0.7707129094412332,False,False
DIGISPICE.NS,2026-09-15,16.329999923706055,16.825833161671955,17.22222227520413,17.869600028991698,18.726666685740152,19.860300021171568,16.723079880347793,14.819999694824219,35.5,False,False,False,False,False,False,False,False,False,-38.585935201219904,red,201.71796692948573,False,False,False,False,,IT - Services,IT Enabled Services,17.967244701348747,False,False
DIGITIDE.NS,2026-09-15,85.05999755859375,93.84583282470703,97.97555626763238,99.44600051879883,93.76940007527669,102.17970020294189,91.95051150238386,69.9000015258789,201.25,False,False,False,False,False,False,False,False,False,-56.7542851681376,noise,41.03148596132022,False,False,False,False,,IT - Services,IT Enabled Services,4.961464354527938,False,False
DIGJAMLMTD.NS,2026-09-15,65.0,54.22249984741211,50.51416693793403,48.72920013427734,46.26059997558594,46.844999923706055,57.27551152255646,36.029998779296875,73.19000244140625,True,False,True,True,True,True,True,True,False,20.303537791132786,red,193.92526142357346,False,True,False,False,,Textiles & Apparels,Other Textile Products,78.9980732177264,True,False
DNAMEDIA.NS,2026-09-15,2.5,2.5674999952316284,2.666388862662845,2.708399968147278,2.967000002861023,3.1897000074386597,2.5462844768946726,2.2799999713897705,5.440000057220459,False,False,False,False,False,False,False,False,False,-51.92307515962583,noise,30.724568102814754,False,False,False,False,,Media,Electronic Media,6.984585741811175,False,False
DBL.NS,2026-09-15,399.6000061035156,400.5083312988281,419.41111246744794,417.73500061035156,432.9126672363281,439.95600021362304,401.79755475306274,381.54998779296875,585.0,False,False,False,False,False,False,False,False,False,-13.026445644438645,noise,29.557535259096845,False,False,False,False,,Construction,Civil Construction,49.373795761078995,False,False
DISAQ.NS,2026-09-15,,,,,,,,,,False,False,False,False,False,False,False,False,False,,noise,63.96634719632248,False,False,False,False,,Industrial Manufacturing,Industrial Products,,False,False
DISHTV.NS,2026-09-15,2.619999885559082,2.611666659514109,2.743055522441864,2.796399989128113,3.0117333197593688,3.2152999967336653,2.5797377148360563,1.8200000524520874,5.989999771118164,False,False,False,False,False,True,False,True,False,-53.38078400515052,green,133.73719727854072,False,False,False,False,,Entertainment,TV Broadcasting & Software Production,6.310211946050097,False,False
DCAL.NS,2026-09-15,163.16000366210938,173.0966682434082,180.2261119418674,183.32520111083986,179.5888003540039,193.74325035095214,170.61138979863543,128.5,321.95001220703125,False,False,False,False,False,False,False,False,False,-39.028400620067906,red,279.2222592265604,False,False,False,False,,Pharmaceuticals & Biotechnology,Pharmaceuticals,17.485549132947977,False,False
DIVGIITTS.NS,2026-09-15,1106.300048828125,1192.9501139322917,1131.2268964979385,1079.8374267578124,855.5048592122396,790.8587060546874,1177.6248811344085,572.068130803166,1326.0175300078042,True,True,True,True,True,True,True,False,False,67.76892091018816,noise,65.19156237743276,False,False,False,False,,Auto Components,Auto Components & Equipments,92.29287090558766,True,True
DIVISLAB.NS,2026-09-15,9198.0,9314.791666666666,8690.125,8243.8342578125,7021.000641276041,6840.770578613281,9272.713242438998,5613.352076705792,9615.0,True,True,True,True,True,True,True,False,False,53.535526095939815,noise,76.34989036301312,False,False,False,False,,Pharmaceuticals & Biotechnology,Pharmaceuticals,90.26974951830444,True,True
DPEL.NS,2026-09-11,634.9500122070312,597.1875,573.8513912624783,573.9950024414062,476.1153330485026,427.3177495574951,610.126559472433,157.0,655.0,True,True,True,True,True,True,True,True,False,297.96302103551466,red,139.84461709211985,False,False,False,False,,Industrial Products,Cables - Electricals,99.51830443159922,True,True
DIXON.NS,2026-09-15,13180.0,14122.166666666666,14218.805555555555,14091.14,12125.086666666666,12124.98,13863.73450432555,9600.0,18471.0,True,True,False,True,False,True,False,False,False,-27.16198723033547,noise,92.91158846740382,False,False,False,False,,Consumer Durables,Consumer Electronics,30.78034682080925,False,False
DJML.NS,2026-09-15,78.66000366210938,75.69166692097981,95.86194462246365,99.70980026245117,97.13472178141276,90.15172073364258,79.41001515290888,51.935996330415506,124.64639518710236,False,True,False,True,False,True,False,False,False,-23.588881107878233,noise,23.039098162235216,False,False,False,False,,Transport Services,Logistics Solution Provider,35.886319845857415,False,False
DLF.NS,2026-09-15,620.8499755859375,667.5541636149088,663.8180541992188,660.9938793945313,609.4700160725912,623.6381690979003,657.5355111430146,483.3317854758361,784.9450504063134,False,False,False,True,False,False,True,False,False,-16.88441596792257,noise,89.58936736241529,False,False,False,False,,Realty,"Residential, Commercial Projects",44.26782273603082,False,False
DMCC.NS,2026-09-15,265.5,289.9291636149089,285.2857945760091,278.5655685424805,259.8018539428711,255.58189453125,285.815631908772,189.6849424177935,330.00320506586485,True,True,False,True,False,True,True,False,False,-12.473666355592627,red,114.22023788630979,False,False,False,False,,Chemicals & Petrochemicals,Specialty Chemicals,50.04816955684007,False,False
DHTL.NS,2026-09-11,32.5,32.995833237965904,33.45416683620877,34.43,40.914666417439776,48.558749485015866,33.26618479096976,29.899999618530273,125.19999694824219,False,False,False,False,False,False,False,False,False,-20.731707317073166,red,286.88524590163934,False,False,False,False,,Other Consumer Services,E-Learning,39.932562620423894,False,False
DODLA.NS,2026-09-15,1080.300048828125,1081.0416768391926,1076.5861172146267,1081.88400390625,1085.390020345052,1116.9765576171876,1085.0797856367587,959.925286216164,1480.959306464207,False,False,False,False,False,False,False,False,False,-23.402876008517083,noise,83.0473502843286,False,False,False,False,,Food Products,Dairy Products,36.22350674373796,False,False
DOLATALGO.NS,2026-09-15,68.25,70.6558329264323,70.68444400363498,70.67259979248047,73.92646667480469,76.10894737243652,70.16901497691148,64.95999908447266,95.63547251598347,False,False,False,False,False,False,False,False,False,-21.123192900714916,noise,87.70616903259479,False,False,False,False,,Capital Markets,Stockbroking & Allied,39.21001926782274,False,False
DOLLAR.NS,2026-09-15,262.95001220703125,267.27083587646484,269.17212677001953,266.99880065917966,269.143630065918,285.94949256896973,268.27910897913176,217.9330629801214,391.38998363057124,False,False,False,False,False,False,False,False,False,-26.435177872699377,noise,33.65882803505935,False,False,False,False,,Textiles & Apparels,Garments & Apparels,31.9364161849711,False,False
DOLLEX.NS,2026-09-15,37.400001525878906,36.84583314259847,33.28750001059638,32.27100006103515,31.74266663869222,33.45125002861023,37.20638911084748,26.0,43.54999923706055,True,False,False,False,True,True,True,True,False,-10.952377319335938,noise,61.47602644444764,False,False,False,False,,Agricultural Food & other Products,Sugar,51.92678227360308,False,False
DOLPHIN.NS,2026-09-15,651.0499877929688,635.9291636149088,533.3680530124241,490.89399780273436,433.0949983723958,429.27499893188474,643.1452814156003,322.0,731.0,True,True,True,True,True,True,True,True,False,60.554867519844336,noise,66.50132488646996,False,False,False,False,,Oil,Offshore Support Solution Drilling,91.47398843930635,True,True
DOMS.NS,2026-09-15,2120.39990234375,2189.4749959309897,2218.9374796549478,2236.127861328125,2262.5146533203124,2325.098907470703,2171.7708422964524,2020.548311951282,2750.437480198048,False,False,False,False,False,False,True,False,False,-18.079331531960317,noise,41.98715641336571,False,False,False,False,,Household Products,Stationary,42.870905587668595,False,False
DONEAR.NS,2026-09-15,82.45999908447266,85.59666570027669,85.59416622585721,85.424599609375,88.58433308919271,89.78129981994628,85.39895895732771,77.5999984741211,116.51000213623047,False,False,False,False,False,False,False,False,False,-13.827843639294457,noise,80.74705556521423,False,False,False,False,,Textiles & Apparels,Other Textile Products,48.458574181117534,False,False
DRAGARWQ.NS,2026-09-15,,,,,,,,,,False,False,False,False,False,False,False,False,False,,noise,,False,False,False,True,,Healthcare Services,Hospital,,False,False
AGARWALEYE.NS,2026-09-15,502.04998779296875,511.6625010172526,507.40416717529297,501.04,467.64466756184896,473.18550079345704,509.55142805343814,401.0,568.0,True,False,False,True,True,False,True,False,False,17.60365307353622,dry,15.661663836720678,False,True,False,False,,Healthcare Services,Hospital,77.07129094412332,True,False
LALPATHLAB.NS,2026-09-15,1906.4000244140625,1915.7999877929688,1902.5299886067708,1844.363837890625,1603.2336694335938,1559.5198583984375,1911.462378403921,1266.16157090969,1988.9000244140625,True,True,True,True,True,True,True,False,False,17.25139345197697,noise,50.206068502455494,False,False,False,False,,Healthcare Services,Healthcare Service Provider,76.878612716763,True,True
DRREDDY.NS,2026-09-15,1145.0,1154.9666646321614,1168.3500027126736,1186.5732568359374,1249.4776033528647,1245.7677868652345,1154.5249351410039,1101.0,1405.9838095385528,False,True,False,False,False,False,True,False,False,-12.488700540461462,noise,90.09894823461518,False,True,False,False,,Pharmaceuticals & Biotechnology,Pharmaceuticals,49.95183044315992,False,False
DRCSYSTEMS.NS,2026-09-15,12.75,13.165833393732706,13.141111082500881,13.269199981689454,14.410533326466878,15.033999972343445,13.032701586464999,11.5,23.68000030517578,False,False,False,False,False,False,False,False,False,-39.886843232662,noise,59.468862774127885,False,False,False,False,,IT - Software,Computers - Software & Consulting,16.76300578034682,False,False
DREAMFOLKS.NS,2026-09-15,66.76000213623047,66.78583399454753,67.65305603875055,67.9138005065918,73.76613342285157,81.8513000869751,66.86312365703893,56.0,160.0,False,False,False,False,False,False,False,False,False,-51.5670314060514,green,133.20097772753945,False,False,False,False,,Transport Infrastructure,Airport & Airport services,7.273603082851637,False,False
DREDGECORP.NS,2026-09-15,994.0,1066.0416564941406,1090.5472259521484,1073.2760009765625,1020.6530008951823,1014.5482507324218,1051.005106636667,538.0,1286.0,False,True,True,True,False,True,True,False,False,56.70818526397874,noise,52.10496038000299,False,False,False,False,,Engineering Services,Dredging,90.84778420038536,True,False
DRONE.NS,2026-09-11,33.5,34.48750019073486,37.3652778201633,38.04200012207031,43.28100001017253,48.57975004196167,34.19108064373142,32.0,101.8499984741211,False,False,False,False,False,False,False,False,False,-63.18681318681318,noise,57.005700570057,False,False,False,False,,Other Consumer Services,Education,2.697495183044316,False,False
DRSDILIP.NS,2026-09-14,107.0,107.0,108.55833371480306,108.96200027465821,110.5583334350586,98.3789999961853,107.1159672051149,52.25,119.5,False,True,True,False,False,True,True,False,False,9.183673469387754,dry,0.0,False,False,False,False,,Transport Services,Logistics Solution Provider,71.91714836223507,True,False
KEEPLEARN.NS,2026-09-15,1.8899999856948853,1.9083333313465118,1.9161111116409302,1.8955999970436097,1.9501333276430766,2.05934999525547,1.9006209205440916,1.5099999904632568,3.2100000381469727,False,False,False,False,False,False,False,False,False,-35.49488250399067,noise,26.911420663428377,False,False,False,False,,Other Consumer Services,Education,21.05009633911368,False,False
DUGLOBAL.NS,2026-09-11,23.75,24.829166571299236,25.280555460188125,26.532999992370605,33.649000078837076,32.81350009918213,24.148304071309745,21.299999237060547,49.0,False,True,False,False,False,False,False,False,False,-44.76744186046512,noise,57.25190839694656,False,False,False,False,,Leisure Services,"Tour, Travel Related Services",11.897880539499036,False,False
DUCOL.NS,2026-09-11,127.6500015258789,114.9499994913737,109.70138846503363,109.21699951171875,114.82333292643229,125.10424991607665,117.73257928212358,90.0,209.5,True,False,False,False,True,True,False,True,False,-21.203702761803143,green,108.9588377723971,False,True,False,False,,Chemicals & Petrochemicals,Dyes And Pigments,39.113680154142585,False,False
DUCON.NS,2026-09-15,1.590000033378601,1.87499996026357,2.477021051777734,2.6350551509857176,3.0942850494384766,3.212763782739639,1.8507126279488366,1.5199999809265137,6.449999809265137,False,False,False,False,False,False,False,False,False,-70.55555545744092,red,324.2328645968443,False,False,False,True,,Industrial Manufacturing,Industrial Products,1.3969171483622351,False,False
DURLAX.NS,2026-09-11,60.95000076293945,64.27499993642171,60.469444274902344,57.3139998626709,52.05066446940104,48.924746932983396,63.327248207668354,30.549999237060547,72.0,True,True,True,True,True,True,True,False,False,52.375001907348626,noise,79.42238267148014,False,False,False,False,,Consumer Durables,"Furniture, Home Furnishing",89.9325626204239,True,True
DWARKESH.NS,2026-09-15,41.720001220703125,48.079999923706055,45.50264220767551,44.87733528137207,43.16641873677572,41.57154808044434,46.577423690969546,32.045448076776864,59.900001525878906,False,True,False,True,False,True,False,False,False,-1.3441513970846697,noise,80.9183989700141,False,False,False,False,,Agricultural Food & other Products,Sugar,62.71676300578035,False,False
DSSL.NS,2026-09-15,1034.4000244140625,1040.9583282470703,1141.2024790445964,1173.216505126953,1168.5531770833334,1114.6215200805664,1046.9651350596178,780.6596368203953,1923.9611771253476,False,True,True,True,False,True,False,False,False,6.127687420843109,red,122.72926231698142,False,False,False,False,,IT - Services,IT Enabled Services,69.3159922928709,False,False
DYNAMATECH.NS,2026-09-15,12071.0,11681.666666666666,11270.381510416666,11035.3528515625,10619.57267578125,10205.558640136718,11739.450729639495,6613.373792726331,12865.829460466755,True,True,True,True,True,True,True,True,False,80.88501146454443,red,137.75981524249423,False,True,False,False,,Industrial Manufacturing,Industrial Products,94.02697495183044,True,True
DYCL.NS,2026-09-15,432.6000061035156,483.25000254313153,444.97222391764325,428.59739196777343,355.26979888916014,346.5184757232666,466.2343126290231,236.47180790832357,560.0,True,True,True,True,True,True,True,False,False,-0.8808085639138263,noise,25.29742996398055,False,False,False,False,,Industrial Products,Cables - Electricals,63.29479768786127,False,False
DYNAMIC.NS,2026-09-11,139.89999389648438,141.21249771118164,139.47222179836697,145.8039993286133,135.84366658528646,133.3284998321533,142.55054464799687,84.69999694824219,183.89999389648438,True,True,True,True,False,True,True,False,False,11.031741187686016,red,180.18018018018017,False,False,False,False,,Commercial Services & Supplies,Diversified Commercial Services,73.26589595375722,True,False
DYNPRO.NS,2026-09-15,227.94000244140625,231.032101949056,239.59120644463434,237.40478332519533,232.0989712524414,235.71265892028808,231.72943132226547,189.5926529786635,384.99830303146246,False,False,False,True,False,False,False,False,False,-38.80444329376602,red,120.49933984370354,False,False,False,False,,Chemicals & Petrochemicals,Specialty Chemicals,17.678227360308284,False,False
EFACTOR.NS,2026-09-11,166.0,179.8666674296061,184.01111136542426,178.02600036621095,200.8939998372396,228.98824981689452,175.75239233135213,150.0,348.0,False,False,False,False,False,False,False,False,False,-29.507744737254594,dry,10.834236186348862,False,False,False,False,,Other Consumer Services,Other Consumer Services,27.64932562620424,False,False
E2E.NS,2026-09-15,579.8499755859375,607.9208323160807,596.580557929145,545.1510021972656,387.50960052490234,343.7295504760742,604.2576024196752,183.36000061035156,698.0,True,True,True,True,True,True,True,False,False,78.61321754001108,noise,43.73187369673338,False,False,False,False,,IT - Services,IT Enabled Services,93.88246628131022,True,True
EASTWEST.NS,2026-09-15,,,,,,,,,,False,False,False,False,False,False,False,False,False,,noise,,False,False,False,True,,Transport Services,Logistics Solution Provider,,False,False
EASEMYTRIP.NS,2026-09-15,5.78000020980835,5.965833266576131,6.276388883590698,6.4472000026702885,7.22519998550415,7.221099989414215,5.92595888289181,5.739999771118164,10.600000381469727,False,True,False,False,False,False,False,False,False,-32.31849841186425,noise,75.38620657699542,False,True,False,True,,Leisure Services,"Tour, Travel Related Services",24.373795761079,False,False
EBIX.NS,2026-09-15,,,,,,,,,,False,False,False,False,False,False,False,False,False,,noise,,False,False,False,False,,Automobiles,2/3 Wheelers,,False,False
ECLERX.NS,2026-09-15,1894.800048828125,1940.9083353678386,1884.4288770887588,1839.069423828125,1634.0840714518229,1800.5745208740234,1917.1284073158345,1319.2685842580436,2496.1160957516863,True,False,False,True,True,True,True,False,False,-15.91002565680556,noise,54.86912935093853,False,False,False,False,,Commercial Services & Supplies,Business Process Outsourcing (BPO)/ Knowledge Process Outsourcing (KPO),45.761078998073216,False,False
ECORECO.NS,2026-09-15,,,,,,,,,,False,False,False,False,False,False,False,False,False,,noise,,False,False,False,True,,Other Utilities,Waste Management,,False,False
ECOSMOBLTY.NS,2026-09-15,107.47000122070312,112.57333437601726,118.76237275865343,121.14606506347656,130.20051274617512,147.6316213607788,111.65090199191647,101.82549140363518,288.6067876351809,False,False,False,False,False,False,False,False,False,-62.17181558424818,red,140.32331824143688,False,False,False,False,,Transport Services,Road Transport,3.0346820809248554,False,False
EDELWEISS.NS,2026-09-15,127.4000015258789,130.49363644917807,123.1612474653456,121.71880920410156,116.6648398844401,114.01092224121093,130.75124740950685,96.92496747850444,139.35435997550803,True,True,True,True,True,True,True,False,False,11.652106968382236,red,171.07839785215788,False,False,False,False,,Finance,Holding Company,73.65125240847784,True,True
EDUCOMP.NS,2026-09-15,0.8999999761581421,0.9024999986092249,0.9027777761220932,0.9098000013828278,0.9552666699886322,1.0069500032067298,0.9038631919224421,0.8500000238418579,1.5800000429153442,False,False,False,False,False,False,False,False,False,-38.356167627199575,red,566.1101046206074,False,False,False,False,,Other Consumer Services,Education,18.20809248554913,False,False
EFCIL.NS,2026-09-15,182.63999938964844,193.77083206176758,191.29027811686197,191.68840057373046,198.62072886149087,218.52204627990722,189.8279882783609,171.4199981689453,335.8500061035156,False,False,False,False,False,False,False,False,False,-41.98220887169685,noise,50.73081119406319,False,False,False,False,,Commercial Services & Supplies,Diversified Commercial Services,14.499036608863197,False,False
EFFWA.NS,2026-09-11,374.95001220703125,350.5999984741211,357.7874993218316,361.21099975585935,289.2153328450521,273.2982494354248,361.0576098542579,165.0,399.95001220703125,True,True,True,True,True,True,True,True,False,72.27200676392378,green,121.65450121654501,False,False,False,False,,Other Utilities,Waste Management,93.25626204238921,True,True
EICHERMOT.NS,2026-09-15,7452.5,7773.0,7889.68352593316,7753.296845703125,7391.899130859375,7332.420471191406,7695.364193420012,6375.239328850012,8165.0,True,True,True,True,False,False,True,False,False,11.431514940806897,noise,71.97632482164852,False,False,False,False,,Automobiles,2/3 Wheelers,73.45857418111753,True,False
EIDPARRY.NS,2026-09-15,702.75,768.0333353678385,782.7847205268013,776.7410009765625,796.49466796875,842.727751159668,751.6150740720292,698.2000122070312,1118.0,False,False,False,False,False,False,False,False,False,-35.17664276118302,noise,60.82819031310559,False,False,False,True,,Food Products,Other Food Products,21.483622350674374,False,False
EIHOTEL.NS,2026-09-15,283.79998779296875,289.7833302815755,303.99636416965063,311.6294848632813,313.9442327880859,323.5130924987793,289.5931010724304,269.9251049923642,412.08004369538395,False,False,False,False,False,False,False,False,False,-28.216584408997193,noise,82.56937183828778,False,False,False,False,,Leisure Services,Hotels & Resorts,29.43159922928709,False,False
EIHAHOTELS.NS,2026-09-15,281.29998779296875,296.4499969482422,300.8185221354167,305.45109924316404,311.33619120279945,319.82129669189453,292.84194621463973,263.7054340426054,418.72449229289714,False,False,False,False,False,False,False,False,False,-30.80136042451106,red,113.66310694700384,False,False,False,False,,Leisure Services,Hotels & Resorts,25.86705202312139,False,False
EIMCOELECO.NS,2026-09-15,2242.199951171875,2238.6999715169272,2046.000003390842,1985.54400390625,1734.432527669271,1699.5398602294922,2246.0676851702124,1401.8188379398755,2373.76648551747,True,True,True,True,True,True,True,False,False,10.070897896805398,noise,50.78334956799433,False,False,False,False,,Industrial Manufacturing,Industrial Products,72.44701348747591,True,True
EKI.NS,2026-09-15,,,,,,,,,,False,False,False,False,False,False,False,False,False,,noise,,False,False,False,False,,Commercial Services & Supplies,Consulting Services,,False,False
ELANTAS.NS,2026-09-15,,,,,,,,,,False,False,False,False,False,False,False,False,False,,red,211.0583319236871,False,False,False,False,,Chemicals & Petrochemicals,Specialty Chemicals,,False,False
ELCIDIN.NS,2026-09-15,,,,,,,,,,False,False,False,False,False,False,False,False,False,,noise,88.42443729903538,False,False,False,True,,Finance,Investment Company,,False,False
ELDEHSG.NS,2026-09-15,780.2999877929688,786.1083323160807,784.1527743869358,787.2049963378906,815.5123331705729,838.186499633789,786.1220108502666,701.5499877929688,1044.0999755859375,False,False,False,False,False,False,False,False,False,-1.6582603904351179,noise,22.02941922837967,False,False,False,False,,Realty,"Residential, Commercial Projects",62.47591522157996,False,False
ELECON.NS,2026-09-15,413.5,421.58333587646484,429.1097225613064,441.32999938964844,460.13419352213543,457.7138684082031,421.87898942717595,351.0001816860465,632.5128493651639,False,True,False,False,False,False,False,False,False,-30.880835781913152,noise,27.796594454731714,False,True,False,False,,Electrical Equipment,Heavy Electrical Equipment,25.818882466281313,False,False
EFORCE.NS,2026-09-11,19.5,20.13333336512248,20.765277862548828,21.05000011444092,23.600666732788085,26.138750104904176,19.87829758340485,16.149999618530273,47.0,False,False,False,False,False,False,False,False,False,-51.85185185185186,green,120.35010940919038,False,False,False,False,,Electrical Equipment,Other Electrical Equipment,7.08092485549133,False,False
EMIL.NS,2026-09-15,185.05999755859375,181.0766690572103,169.9122233920627,159.191201171875,124.92013366699219,119.26445018768311,183.63163058585909,84.9000015258789,196.74000549316406,True,True,True,True,True,True,True,True,False,20.30944529116292,noise,20.122795418951807,False,False,False,False,,Retailing,Diversified Retail,79.04624277456648,True,True
ELECTCAST.NS,2026-09-15,75.2300033569336,80.9541670481364,75.03639878167047,74.7851400756836,75.92942476908365,75.03506200790406,78.99701387148848,59.40690087106614,102.66578095782631,False,True,False,False,True,False,False,False,False,-22.26652714308598,noise,81.72180114999304,False,False,False,False,,Industrial Products,Iron & Steel Products,37.861271676300575,False,False
ELECTHERM.NS,2026-09-15,945.3499755859375,980.9999949137369,1005.1833309597439,1028.967999267578,880.4529988606771,872.2172485351563,971.4381000281066,551.0,1277.0,True,True,False,True,False,True,False,False,False,-6.140789899869503,noise,64.04520744602586,False,False,False,False,,Industrial Products,Iron & Steel Products,57.75529865125241,False,False
ELGIEQUIP.NS,2026-09-15,612.0499877929688,623.4958241780599,604.7180514865452,598.1909619140625,559.8664174397786,535.8452909851075,621.5499244543548,406.3547440834414,645.9000244140625,True,True,True,True,True,True,True,False,False,31.011950866012693,red,118.90750526694727,False,False,False,False,,Industrial Products,"Compressors, Pumps & Diesel Engines",83.47784200385357,True,True
ELGIRUBCO.NS,2026-09-15,55.83000183105469,59.458333333333336,59.16333325703939,59.048399963378905,50.18726676940918,49.028700065612796,59.00864982924451,32.720001220703125,73.0,True,True,False,True,False,True,True,False,False,-20.53800151784335,noise,44.096495797725986,False,False,False,False,,Industrial Products,Rubber,40.17341040462428,False,False
ELIN.NS,2026-09-15,87.1500015258789,96.09833335876465,98.68277804056804,99.9134001159668,112.31373341878255,124.76264984130859,94.12365880095506,86.0199966430664,234.0,False,False,False,False,False,False,False,False,False,-60.33949242410933,noise,43.09209858489503,False,False,False,True,,Consumer Durables,Household Appliances,3.6608863198458574,False,False
ELITECON.NS,2026-09-15,,,,,,,,,,False,False,False,False,False,False,False,False,False,,noise,,False,False,False,False,,Cigarettes & Tobacco Products,Cigarettes & Tobacco Products,,False,False
ELLEN.NS,2026-09-15,355.1000061035156,336.78333282470703,313.9347220526801,305.30399993896486,268.92553385416664,280.5466501617432,346.50311156938494,175.0,559.7999877929688,True,False,False,True,True,True,False,True,False,-35.65863555079277,red,156.99579243423923,False,False,False,False,,Chemicals & Petrochemicals,Industrial Gases,20.857418111753372,False,False
ELPROINTL.NS,2026-09-15,,,,,,,,,,False,False,False,False,False,False,False,False,False,,noise,34.93900249350309,False,False,False,False,,Realty,"Residential, Commercial Projects",,False,False
EMAMILTD.NS,2026-09-15,373.70001220703125,369.24999745686847,391.959721883138,397.81000061035155,419.05300069173177,441.29576202392576,371.6930738478085,361.1499938964844,602.0840578111723,False,False,False,False,False,False,False,True,False,-36.689760229321855,ppv,276.9630063371857,False,False,False,False,,Personal Products,Personal Care,19.845857418111752,False,False
EMAMIPAP.NS,2026-09-15,113.0,114.62499872843425,111.37012333340115,106.46778823852539,86.9635164642334,86.08900987625123,115.32100180431758,53.53796318085757,130.1459177836226,True,True,True,True,True,True,True,False,False,11.717682632521441,dry,16.02135440656615,False,False,False,False,,"Paper, Forest & Jute Products",Paper & Paper Products,73.69942196531792,True,True
EMAMIREAL.NS,2026-09-15,67.44999694824219,68.65916633605957,72.94472206963434,74.79599990844727,76.81613342285156,77.30340007781983,69.00197150981734,48.20000076293945,122.13999938964844,False,False,False,False,False,True,False,False,False,-42.19727865537498,noise,50.52455483246455,False,False,False,False,,Realty,"Residential, Commercial Projects",14.30635838150289,False,False
EMBDL.NS,2026-09-15,55.0099983215332,58.774166107177734,61.19138876597086,61.88780006408692,58.71433314005534,60.65199987411499,57.82416103239335,39.459999084472656,105.69999694824219,False,False,False,True,False,True,False,False,False,-41.38518996704931,red,115.10636969689152,False,False,False,False,,Realty,"Residential, Commercial Projects",15.1252408477842,False,False
EMBASSY.NS,2026-09-11,439.07000732421875,438.4650065104167,437.7711656358507,438.5586456298828,426.7001708984375,424.2118360900879,438.6952856130753,368.885986328125,453.25,True,True,True,True,True,False,True,True,False,19.025938527701314,noise,22.60510493234162,False,False,False,False,,Realty,Real Estate Investment Trusts (REITs),77.84200385356455,True,False
EMCURE.NS,2026-09-15,1993.0,1907.9150390625,1916.3704494900173,1892.4237451171875,1717.3900602213541,1652.4927612304687,1933.8966936727506,1257.554251234414,2044.024834505764,True,True,True,True,True,True,True,True,False,48.037364195728614,ppv,166.0656428565674,False,False,False,False,,Pharmaceuticals & Biotechnology,Pharmaceuticals,88.72832369942196,True,True
EMKAY.NS,2026-09-15,241.4499969482422,253.8249994913737,244.61896430121527,246.96238311767578,240.1364008585612,247.83341972351073,250.9545146950195,184.84590656704063,407.3566688537535,False,False,False,False,False,True,False,False,False,9.346730063859043,noise,77.99426214010666,False,False,False,False,,Capital Markets,Stockbroking & Allied,72.10982658959537,True,False
EMKAYTOOLS.NS,2026-09-11,94.5,94.3166675567627,92.50972281561957,92.97000061035156,98.34400034586588,102.26500011444092,94.47252294500971,83.0999984741211,170.0,False,False,False,False,True,False,False,True,False,-41.75654853620955,dry,12.01923076923077,False,True,False,False,,Industrial Manufacturing,Industrial Products,14.836223506743737,False,False
EMMBI.NS,2026-09-15,90.38999938964844,89.3608341217041,86.36611133151584,87.51679992675781,86.18379989624023,89.00685001373292,89.14062897779036,60.29999923706055,116.9000015258789,True,False,False,False,True,True,True,True,False,-12.954273360627887,noise,61.42548426194766,False,False,False,False,,Industrial Products,Packaging,49.421965317919074,False,False
EMMVEE.NS,2026-09-15,,,,,,,,,,False,False,False,False,False,False,False,False,False,,red,115.49706496955521,False,False,False,False,,Electrical Equipment,Other Electrical Equipment,,False,False
EMPIND.NS,2026-09-15,,,,,,,,,,False,False,False,False,False,False,False,False,False,,noise,,False,False,False,True,,Diversified,Diversified,,False,False
EMPOWER.NS,2026-09-15,,,,,,,,,,False,False,False,False,False,False,False,False,False,,noise,,False,False,False,False,,IT - Software,Computers - Software & Consulting,,False,False
EMSLIMITED.NS,2026-09-15,373.95001220703125,381.3291651407878,388.5611106024848,398.65599853515624,351.5783331298828,363.7719995117188,382.112684332814,256.04998779296875,589.0,True,False,False,True,False,True,False,False,False,-32.83532774913718,noise,30.6290991940862,False,False,False,False,,Other Utilities,Waste Management,23.98843930635838,False,False
EMUDHRA.NS,2026-09-15,592.8499755859375,531.004160563151,519.3930519951714,500.0609973144531,472.50456400553384,497.4205633544922,530.1106527822006,363.55785109080136,712.0568391144668,True,False,False,True,True,True,True,True,False,-13.801521501356662,ppv,492.16834863532694,True,False,False,False,,IT - Services,IT Enabled Services,48.506743737957606,False,False
ENDURANCE.NS,2026-09-15,2614.60009765625,2782.866658528646,2858.0243462456597,2813.7247314453125,2597.9632356770835,2584.6408459472655,2750.5820776913465,2134.0128277243602,3072.0,True,True,False,True,False,False,True,False,False,-10.265361232672543,noise,33.123175772895934,False,False,False,False,,Auto Components,Auto Components & Equipments,52.79383429672448,False,False
ENERGYDEV.NS,2026-09-15,14.270000457763672,15.418333212534586,16.20472224553426,16.459800033569337,16.39019998550415,17.160799984931945,15.197747797987523,13.149999618530273,29.690000534057617,False,False,False,False,False,False,False,False,False,-29.669788990284086,red,181.20424823014304,False,False,False,False,,Power,Power Generation,27.408477842003855,False,False
EMMIL.NS,2026-09-11,119.94999694824219,122.04999987284343,122.20972209506564,124.36700027465821,134.86466654459636,146.418999710083,121.13175092623814,110.0,207.0,False,False,False,False,False,False,False,False,False,-33.17548916532469,noise,88.28596037898363,False,False,False,False,,Industrial Manufacturing,Industrial Products,23.55491329479769,False,False
ENFUSE.NS,2026-09-14,158.0,158.8125,162.4583329094781,163.84999969482422,176.47799977620443,187.91699981689453,158.63884263638136,148.0,260.0,False,False,False,False,False,False,False,False,False,-29.621380846325163,dry,0.0,False,False,False,False,,IT - Services,IT Enabled Services,27.504816955684007,False,False
ENGINERSIN.NS,2026-09-15,262.45001220703125,269.6958376566569,248.03889083862305,243.80040100097656,231.20389444986978,220.84172065734865,268.40081154723003,162.352472800208,289.6499938964844,True,True,True,True,True,True,True,False,False,27.18993378921266,noise,66.97979951140387,False,False,False,False,,Construction,Civil Construction,81.98458574181117,True,True
ENKEIWHEL.NS,2026-09-15,,,,,,,,,,False,False,False,False,False,False,False,False,False,,noise,,False,False,False,False,,Auto Components,Auto Components & Equipments,,False,False
ENSER.NS,2026-09-11,15.149999618530273,15.06666668256124,14.802777740690443,14.484999961853028,14.256333325703938,14.721749982833863,15.078628488914479,7.800000190734863,23.25,True,False,False,False,True,True,False,True,False,-32.51670777873669,noise,73.52941176470588,False,False,False,False,,IT - Services,IT Enabled Services,24.229287090558767,False,False
ENIL.NS,2026-09-15,100.4000015258789,101.59000015258789,103.37055502997504,104.37279968261718,108.24713322957356,110.20274990081788,101.2914151594362,98.56999969482422,166.4499969482422,False,False,False,False,False,False,False,False,False,-37.92122415249468,noise,25.255836117451615,False,False,False,False,,Entertainment,Media & Entertainment,18.689788053949904,False,False
ENTERO.NS,2026-09-15,1802.0999755859375,1823.7833455403645,1525.8944464789497,1438.3760009765624,1254.3733374023439,1211.711003112793,1795.7924952949118,944.0,1920.0,True,True,True,True,True,True,True,True,False,52.30730645324033,noise,56.2114240764771,False,False,False,False,,Retailing,Pharmacy Retail,89.88439306358381,True,True
EIEL.NS,2026-09-15,196.91000366210938,199.20166651407877,205.01944393581815,211.3929998779297,194.1535996500651,194.0748497772217,201.2084696141671,134.7100067138672,276.1000061035156,True,True,False,True,False,True,False,False,False,-22.384703968963247,noise,54.88278460080021,False,False,False,False,,Other Utilities,Water Supply & Management,37.716763005780344,False,False
EPACK.NS,2026-09-15,177.6999969482422,187.14583333333334,207.97388966878256,216.1192010498047,233.4610669962565,241.05710014343262,187.24980118724451,176.72000122070312,394.04998779296875,False,False,False,False,False,False,False,False,False,-52.499333320226796,noise,94.9915557108549,False,False,False,True,,Consumer Durables,Household Appliances,6.6473988439306355,False,False
EPACKPEB.NS,2026-09-15,,,,,,,,,,False,False,False,False,False,False,False,False,False,,noise,61.84640217528048,False,False,False,False,,Industrial Manufacturing,Industrial Products,,False,False
EPIGRAL.NS,2026-09-15,1092.199951171875,1191.316670735677,1149.794436984592,1123.9519958496094,1089.8331457519532,1127.7497830200195,1163.5422027034513,803.5241978088796,1801.009455470607,False,False,False,False,False,True,False,False,False,-39.0157070660736,noise,46.93253650487439,False,False,False,False,,Chemicals & Petrochemicals,Specialty Chemicals,17.533718689788053,False,False
EPL.NS,2026-09-15,235.89999389648438,245.70833460489908,243.1094453599718,241.3820007324219,225.78086649576824,221.20109985351561,244.2666613670861,176.39999389648438,274.0299987792969,True,True,True,True,False,True,True,False,False,5.007219443225996,noise,40.92766534396185,False,False,False,False,,Industrial Products,Packaging,68.54527938342967,False,False
EQUIPPP.NS,2026-09-15,23.399999618530273,23.084166526794434,23.035555521647137,23.190599975585936,19.26566665649414,19.586549987792967,23.185047226819414,13.850000381469727,25.889999389648438,True,False,True,True,True,True,True,True,False,32.12874550087559,noise,80.56742535237635,False,False,False,False,,IT - Software,Computers - Software & Consulting,83.71868978805395,True,False
EQUITASBNK.NS,2026-09-15,71.3499984741211,73.10583241780598,74.7163880666097,75.99979919433594,69.89526649475097,68.53409990310669,72.94215409976638,51.25,83.9000015258789,True,True,True,True,False,True,True,False,False,31.56924041378808,noise,59.3964942687676,False,False,False,False,,Banks,Other Bank,83.57418111753373,True,False
ERIS.NS,2026-09-15,1310.0999755859375,1319.3499959309895,1347.5916612413193,1374.043994140625,1370.7952303059897,1402.8489123535155,1328.0497904867057,1193.5948944523013,1735.685837222008,False,False,False,False,False,False,True,False,False,-23.141135187909047,noise,52.277139717137146,False,False,False,False,,Pharmaceuticals & Biotechnology,Pharmaceuticals,36.5606936416185,False,False
ESABINDIA.NS,2026-09-15,5751.0,6013.333333333333,5929.083333333333,5863.866806640625,5836.197311197917,5828.491335449219,5950.862059801432,4646.751263257824,7287.879453826482,False,True,True,True,False,False,True,False,False,14.187645660639925,noise,94.89875114654626,False,False,False,False,,Industrial Products,Other Industrial Products,75.48169556840078,True,False
ESAFSFB.NS,2026-09-15,38.97999954223633,41.47166633605957,41.02222198910184,39.455599822998046,31.306666603088377,30.20439991950989,40.812917429741944,19.780000686645508,44.9900016784668,True,True,True,True,False,True,True,False,False,33.26495569995327,dry,16.24542255982422,False,False,False,False,,Banks,Other Bank,84.10404624277457,True,False
ESCONET.NS,2026-09-11,249.5,228.2583325703939,183.0847225189209,167.5460006713867,137.89999989827473,138.30274997711183,234.70951670817914,91.25,280.0,True,False,False,True,True,True,True,True,False,21.61833167096947,noise,69.9685534591195,False,True,False,False,,IT - Hardware,Computers Hardware & Equipments,79.57610789980733,True,False
ESCORTS.NS,2026-09-15,2835.800048828125,2971.949991861979,3036.5666775173613,3010.8000048828126,3052.6503548177084,3196.1250537109377,2955.293565152672,2669.79033448854,3923.3920175282797,False,False,False,False,False,False,False,False,False,-22.06062871187807,noise,51.02435908726009,False,False,False,False,,"Agricultural, Commercial & Construction Vehicles",Tractors,38.00578034682081,False,False
ESDS.NS,2026-09-15,,,,,,,,,,False,False,False,False,False,False,False,False,False,,noise,,False,False,True,False,,IT - Services,IT Enabled Services,,False,False
EASTSILK.NS,2026-09-15,63.5,62.1358331044515,61.434722158643936,58.12600006103516,59.61140012105306,64.43425024032592,62.15690431308207,37.189998626708984,99.25,False,False,False,False,True,True,False,True,False,70.74483018237004,red,196.60019957633793,False,True,False,False,,Textiles & Apparels,Other Textile Products,92.91907514450867,True,False
ESSARSHPNG.NS,2026-09-15,15.760000228881836,16.493333498636883,17.961944527096218,18.89980007171631,22.992533315022786,23.96329997062683,16.360450003301306,15.609999656677246,43.2599983215332,False,False,False,False,False,False,False,False,False,-34.687108259388985,noise,60.77183583279597,False,False,False,True,,Transport Services,Shipping,21.917148362235068,False,False
ESFL.NS,2026-09-11,119.94999694824219,119.16666666666667,123.48750029669867,121.12500030517577,126.73266682942709,138.56075012207032,118.94262161108139,108.30000305175781,375.77099946603994,False,False,False,False,False,False,False,True,False,-65.80698892450019,noise,69.53790937640197,False,False,False,False,,Consumer Durables,Plastic Products - Consumer,2.2639691714836223,False,False
ESTER.NS,2026-09-15,87.02999877929688,91.77000045776367,92.97694439358182,91.89339996337891,92.52906646728516,94.61759983062744,90.9966357293471,68.55000305175781,132.4499969482422,False,False,False,False,False,False,False,False,False,-24.965018920567296,noise,36.48821091145883,False,False,False,False,,Industrial Products,Packaging,34.055876685934486,False,False
ETERNAL.NS,2026-09-15,315.25,324.1875,317.7124998304579,309.2700006103516,270.3750673421224,274.0443005371094,322.0845452363161,212.60000610351562,368.45001220703125,True,False,False,True,True,True,True,False,False,-3.91649066274673,noise,36.259463700833955,False,False,False,False,,Retailing,E-Retail/ E-Commerce,60.35645472061657,False,False
ETHOSLTD.NS,2026-09-15,2574.10009765625,2780.991658528646,2776.5777791341147,2723.39,2495.4386669921873,2582.746994628906,2727.398445100257,1919.4000244140625,3245.89990234375,False,False,False,True,False,True,True,False,False,7.361527895020359,noise,25.353275816368587,False,False,False,False,,Consumer Durables,"Gems, Jewellery And Watches",70.13487475915221,True,False
EUREKAFORB.NS,2026-09-15,394.29998779296875,413.3999989827474,432.09444512261285,438.4170001220703,462.8530006917318,495.7120008850098,406.8113095182076,388.6000061035156,668.2999877929688,False,False,False,False,False,False,False,False,False,-30.107246170467405,noise,62.331650972416206,False,False,False,False,,Consumer Durables,Household Appliances,26.685934489402698,False,False
EIFFL.NS,2026-09-15,275.6000061035156,282.2375030517578,283.3583352830675,294.6460012817383,264.3308002726237,259.59705017089846,277.0402834562646,204.97999572753906,381.9599914550781,True,True,True,True,False,True,False,False,False,19.60248876598687,dry,0.41691681675672065,False,False,False,False,,Food Products,Packaged Foods,78.17919075144508,True,False
EUROBOND.NS,2026-09-15,146.97999572753906,150.35166803995767,156.58638932969836,159.08300048828124,166.48240020751953,169.45904998779298,150.67981991054396,126.30000305175781,253.89999389648438,False,False,False,False,False,False,False,False,False,-38.305913222556384,noise,29.084862535008245,False,False,False,False,,Industrial Products,"Aluminium, Copper & Zinc Products",18.304431599229286,False,False
EUROPRATIK.NS,2026-09-15,,,,,,,,,,False,False,False,False,False,False,False,False,False,,red,128.18139847504662,False,False,False,False,,Consumer Durables,"Furniture, Home Furnishing",,False,False
EUROTEXIND.NS,2026-09-15,12.600000381469727,13.654166539510092,13.482499917348227,13.62559995651245,14.528933283487955,14.814749999046326,13.433461379337905,11.829999923706055,23.799999237060547,False,False,False,False,False,False,False,False,False,-14.807299432263942,red,108.80512742255458,False,False,False,False,,Textiles & Apparels,Other Textile Products,47.15799614643545,False,False
EVEREADY.NS,2026-09-15,336.75,336.8333333333333,346.32843610975476,347.64567138671873,329.9941642252604,328.7474317932129,344.05018455060616,257.824829433197,454.4330230228738,True,True,False,True,False,True,False,False,False,-23.307581826856882,red,143.58699939855398,False,False,False,False,,Household Products,Household Products,36.31984585741811,False,False
EVERESTIND.NS,2026-09-15,399.0,422.7041651407878,450.6222212049696,462.7027783203125,409.655786336263,428.0005569458008,418.31875781485206,284.35655660621893,748.5693692841519,False,False,False,True,False,True,False,False,False,-40.56860789768647,noise,79.4724466816797,False,False,False,False,,Other Construction Materials,Other Construction Materials,16.136801541425818,False,False
EKC.NS,2026-09-15,98.80000305175781,104.66083399454753,108.61083390977647,109.95300033569336,112.81413324991863,113.20814987182617,103.65570918319335,90.25,154.5500030517578,False,False,False,False,False,False,False,False,False,-29.749713111112385,red,126.85585758771289,False,False,False,False,,Industrial Manufacturing,Industrial Products,27.215799614643544,False,False
EXCELINDUS.NS,2026-09-15,965.7000122070312,1009.1916707356771,1024.9083370632595,992.8900036621094,951.0790014648437,945.7427514648438,999.7501137757811,800.0499877929688,1210.0,True,True,False,True,False,False,True,False,False,-15.828469353468922,noise,36.776665451886124,False,False,False,False,,Chemicals & Petrochemicals,Specialty Chemicals,45.857418111753375,False,False
EXCELSOFT.NS,2026-09-15,,,,,,,,,,False,False,False,False,False,False,False,False,False,,red,235.15322458552737,False,False,False,False,,IT - Services,IT Enabled Services,,False,False
EXICOM.NS,2026-09-15,168.42999267578125,173.17083231608072,162.54749891493054,163.25959838867186,134.23833267211913,127.89059944152832,173.7351236027917,75.5999984741211,189.1699981689453,True,True,True,True,True,True,True,False,False,16.270876685158186,noise,93.09613655147245,False,False,False,False,,Electrical Equipment,Heavy Electrical Equipment,76.44508670520231,True,True
EXIDEIND.NS,2026-09-15,409.20001220703125,424.2875010172526,448.4236119588216,443.15900146484375,379.19931254069013,372.49805633544923,421.55211937998735,285.6312149356571,496.3999938964844,True,True,True,True,False,True,True,False,False,-1.7653878656828548,noise,35.02259534551878,False,False,False,False,,Auto Components,Auto Components & Equipments,62.33140655105973,False,False
EXPLEOSOL.NS,2026-09-15,862.5999755859375,881.3999938964844,850.4292382134331,811.2639868164063,745.5359008789062,774.3762661743164,880.4968769243167,562.3472069034166,1032.5221988494377,True,False,False,True,True,True,True,False,False,-1.1863368915422834,dry,15.73564384364133,False,False,False,False,,IT - Services,IT Enabled Services,62.90944123314065,False,False
EXXARO.NS,2026-09-15,6.349999904632568,6.596666653951009,6.332499980926514,6.366600008010864,6.704933350880941,6.975950000286102,6.457328651035308,5.989999771118164,10.329999923706055,False,False,False,False,False,False,False,False,False,-17.53246672822201,noise,38.57109774225686,False,False,False,False,,Consumer Durables,Ceramics,43.54527938342967,False,False
FACT.NS,2026-09-15,754.5499877929688,801.5958353678385,814.1569451226128,822.3159985351563,839.4463330078125,841.2477496337891,790.4476615571602,652.0999755859375,1058.5999755859375,False,False,False,False,False,False,False,False,False,-23.088527769773005,dry,14.034051845968118,False,False,False,False,,Fertilizers & Agrochemicals,Fertilizers,36.70520231213873,False,False
FABTECH.NS,2026-09-15,,,,,,,,,,False,False,False,False,False,False,False,False,False,,noise,89.85679200510054,False,False,False,False,,Healthcare Services,"Healthcare Research, Analytics & Technology",,False,False
FAIRCHEMOR.NS,2026-09-15,608.8499755859375,652.0291646321615,710.1624993218315,709.7836010742187,624.8084511311849,639.1710289001464,641.4624292662007,427.4421185708667,846.7999877929688,False,False,False,True,False,True,False,False,False,-22.913480615387847,noise,36.54112356478283,False,False,False,False,,Chemicals & Petrochemicals,Specialty Chemicals,37.138728323699425,False,False
FALCONTECH.NS,2026-09-11,12.899999618530273,12.541666507720947,12.276388830608791,11.979999980926515,13.061824048360188,13.656618027687072,12.486556827610272,9.934853553771973,22.350000381469727,False,False,False,False,True,False,False,True,False,-39.43661933994272,dry,18.315018315018314,False,False,False,False,,Commercial Services & Supplies,Diversified Commercial Services,17.148362235067438,False,False
FAZE3Q.NS,2026-09-15,467.8500061035156,488.47916412353516,513.4861119588217,530.6440008544922,507.3406673177083,488.1952505493164,486.9383844974813,322.1000061035156,650.0499877929688,False,True,False,True,False,True,False,False,False,-14.21892461296842,noise,60.612405321814,False,False,False,False,,Textiles & Apparels,Other Textile Products,47.88053949903661,False,False
FCSSOFT.NS,2026-09-15,1.4199999570846558,1.4441666801770527,1.4686111211776733,1.4902000069618224,1.5591333333651225,1.6240500020980835,1.436640145016723,1.0499999523162842,2.5299999713897705,False,False,False,False,False,True,False,False,False,-41.07884205343485,noise,79.15882695823382,False,False,False,False,,IT - Services,IT Enabled Services,15.703275529865124,False,False
FDC.NS,2026-09-15,349.70001220703125,343.2416712443034,363.7513893975152,379.9540002441406,375.3364404296875,380.83959411621095,345.71992270488596,312.95001220703125,521.1543090908798,False,False,False,False,False,False,False,True,False,-23.000469699036476,ppv,228.12841426254548,False,False,False,False,,Pharmaceuticals & Biotechnology,Pharmaceuticals,36.99421965317919,False,False
FEDFINA.NS,2026-09-15,153.50999450683594,158.7491683959961,154.95361158582898,155.27920013427735,148.3872664896647,148.7732500076294,158.0645005061035,119.06999969482422,178.47999572753906,True,False,True,True,False,False,True,False,False,2.2854428531007054,noise,40.8595904448714,False,False,False,False,,Finance,Non Banking Financial Company (NBFC),66.42581888246627,False,False
FEDDERSHOL.NS,2026-09-15,,,,,,,,,,False,False,False,False,False,False,False,False,False,,noise,,False,False,True,False,,Finance,Non Banking Financial Company (NBFC),,False,False
FEDERALBNK.NS,2026-09-15,343.0,346.3166681925456,352.23187171088324,348.2356591796875,310.47243204752607,299.47009071350095,345.587754673408,188.40633889864634,370.4344787597656,True,True,True,True,False,True,True,False,False,77.0795486351296,noise,54.331334518398165,False,False,False,False,,Banks,Private Sector Bank,93.68978805394991,True,False
FMGOETZE.NS,2026-09-15,445.6499938964844,488.7348276774089,436.74490949842664,426.4725622558594,385.9538763427734,385.73757064819335,466.24830292292427,303.1654117873281,542.9031499790809,True,True,False,True,True,True,True,False,False,-5.4770895657109575,dry,17.297011040107083,False,False,False,False,,Auto Components,Auto Components & Equipments,58.47784200385357,False,False
FELIX.NS,2026-09-11,216.3000030517578,197.15833282470703,187.21388922797308,186.76800018310547,190.15033365885418,185.21400009155275,205.63494531417385,142.64999389648438,232.9499969482422,True,True,False,False,True,True,True,True,False,26.380374388199645,red,190.31435853865761,False,False,False,False,,Other Utilities,Water Supply & Management,81.64739884393065,True,False
FERMENTA.NS,2026-09-15,,,,,,,,,,False,False,False,False,False,False,False,False,False,,noise,,False,False,False,False,,Pharmaceuticals & Biotechnology,Pharmaceuticals,,False,False
FIBERWEB.NS,2026-09-15,25.6299991607666,26.240833441416424,27.76694451438056,28.737800064086915,33.156333389282224,33.88314998626709,26.318930415906223,25.170000076293945,49.900001525878906,False,False,False,False,False,False,False,False,False,-43.28391250355491,noise,65.49871718668884,False,False,False,True,,Textiles & Apparels,Other Textile Products,13.535645472061658,False,False
FIDEL.NS,2026-09-11,154.0,143.29166793823242,143.1236114501953,144.5119955444336,145.43966654459635,143.23589992523193,143.87918559287925,106.57698530320386,197.18221289835253,True,True,False,False,True,True,True,True,True,-14.12825477382711,ppv,520.5811138014527,True,False,False,False,,IT - Software,Computers - Software & Consulting,47.92870905587668,False,False
FIEMIND.NS,2026-09-15,1938.0999755859375,2037.1416524251301,2244.933339436849,2240.7176489257813,2193.406649576823,2200.258610229492,2032.4907910348584,1836.7512219513533,2674.800048828125,False,False,False,True,False,False,False,False,False,-8.87407773036294,noise,69.17040384149091,False,False,False,False,,Auto Components,Auto Components & Equipments,54.576107899807326,False,False
FILATFASH.NS,2026-09-15,0.18000000715255737,0.18000000715255737,0.18000000715255737,0.18160000562667847,0.20686666866143544,0.23825000181794168,0.18000250359729533,0.14000000059604645,0.6800000071525574,False,False,False,False,False,False,False,False,False,-67.85714171674788,noise,87.50126927661876,False,False,False,False,,Textiles & Apparels,Garments & Apparels,1.6859344894026975,False,False
FILATEX.NS,2026-09-15,82.41000366210938,77.5166670481364,78.99722205268012,75.70619987487792,55.76813323974609,53.945549964904785,79.34213237275225,36.2599983215332,91.30000305175781,True,True,True,True,True,True,True,True,False,46.292684806410755,red,142.4160568332709,False,False,False,False,,Textiles & Apparels,Other Textile Products,88.29479768786128,True,True
FINEORG.NS,2026-09-15,5153.5,5198.208333333333,5086.218844943576,5053.991015625,4777.42751953125,4644.968118896484,5171.735593382973,3847.3028827011017,5394.804360638102,True,True,True,True,True,True,True,False,False,6.662882964659889,noise,68.55071382570077,False,True,False,False,,Chemicals & Petrochemicals,Specialty Chemicals,69.60500963391137,False,False
FCL.NS,2026-09-15,53.880001068115234,53.5287192662557,46.45027383168539,44.168908767700195,34.120114924112954,31.522902250289917,54.55393851520948,19.080274212500033,62.400001525878906,True,True,True,True,True,True,True,False,False,128.37490927217732,red,174.59974672113668,False,False,False,False,,Chemicals & Petrochemicals,Specialty Chemicals,97.44701348747591,True,True
FINKURVE.NS,2026-09-15,,,,,,,,,,False,False,False,False,False,False,False,False,False,,ppv,242.62194773024865,False,False,False,False,,Finance,Non Banking Financial Company (NBFC),,False,False
FINOPB.NS,2026-09-15,137.72999572753906,139.6350008646647,150.71305635240344,152.4174005126953,151.0406672668457,176.62410045623778,140.08169434110013,110.02999877929688,339.0,False,False,False,False,False,False,False,False,False,-51.11623931586902,dry,3.6864040428905995,False,False,False,False,,Banks,Other Bank,7.658959537572255,False,False
FINCABLES.NS,2026-09-15,1339.9000244140625,1291.533915201823,1193.354232788086,1144.8888122558594,1024.6206404622396,955.4418048095703,1322.928885353766,695.8450204922062,1498.0,True,True,True,True,True,True,True,True,False,59.395371484093594,noise,99.33652182100553,False,False,False,False,,Industrial Products,Cables - Electricals,91.37764932562621,True,True
FINPIPE.NS,2026-09-15,151.3300018310547,154.85652033487955,158.20622889200845,159.78697692871094,168.2245502726237,168.69429481506347,154.41995864522386,144.957002251532,218.6046847580135,False,False,False,False,False,False,False,False,False,-26.429811852903583,noise,89.98131716312511,False,False,False,False,,Industrial Products,Plastic Products - Industrial,31.984585741811177,False,False
FSL.NS,2026-09-15,283.3500061035156,262.8874969482422,276.5572221544054,271.3759994506836,248.32864166259765,266.9107036590576,263.13429713904276,202.0,371.5899202053472,True,False,False,True,True,True,True,True,False,-21.375631526864336,ppv,875.0813226297179,True,False,False,False,,Commercial Services & Supplies,Business Process Outsourcing (BPO)/ Knowledge Process Outsourcing (KPO),38.872832369942195,False,False
FISCHER.NS,2026-09-15,34.02000045776367,35.755833307902016,37.10944430033366,37.51839981079102,37.4848666381836,38.53629999160766,35.5126775334781,31.049999237060547,124.69999694824219,False,False,False,False,False,False,False,False,False,-69.97220165517325,dry,17.996266738775894,False,True,False,False,,Healthcare Equipment & Supplies,Medical Equipment & Supplies,1.4450867052023122,False,False
FIVESTAR.NS,2026-09-15,541.9500122070312,534.0083262125651,537.3923407660591,540.2439672851563,473.39200988769534,488.8540608215332,534.7611879354745,336.9270432139827,663.5913003653413,True,False,False,True,True,True,True,True,False,1.6097821216034092,noise,80.70406897030888,False,False,False,False,,Finance,Non Banking Financial Company (NBFC),65.7514450867052,False,False
FLAIR.NS,2026-09-15,233.72999572753906,242.58166631062826,248.78317515055338,250.88624298095704,285.48086008707685,289.5920952606201,240.18588237908378,232.02000427246094,344.31560429688966,False,False,False,False,False,False,False,False,False,-28.034132852337123,noise,53.15452838120904,False,False,False,True,,Household Products,Stationary,29.816955684007706,False,False
FOCUS.NS,2026-09-15,60.869998931884766,63.75666618347168,67.17500029669867,70.51440032958985,74.71333335876464,74.37074991226196,62.991681933961104,57.060001373291016,99.9000015258789,False,True,False,False,False,False,False,False,False,-35.00267171371677,noise,38.24523130510375,False,True,False,False,,Consumer Durables,Consumer Electronics,21.57996146435453,False,False
FONEBOX.NS,2026-09-11,125.0,104.05416679382324,95.96388901604547,89.94300003051758,80.02200002034505,82.65375015258789,108.88199152959587,57.0,125.0,True,False,False,True,True,True,True,True,False,38.888888888888886,noise,33.44481605351171,False,False,True,False,,Retailing,Speciality Retail,86.1271676300578,True,False
FOODSIN.NS,2026-09-15,53.4900016784668,55.18416690826416,54.50583351982964,55.90060020446777,57.24040023803711,60.044150066375735,55.34762283348153,44.0,95.19279181489286,False,False,False,False,False,False,False,False,False,-42.261002442219144,noise,48.29827994233853,False,False,False,False,,Food Products,Packaged Foods,14.113680154142582,False,False
FORCEMOT.NS,2026-09-15,17245.0,17525.018229166668,17838.15451388889,17887.9798828125,19727.466380208334,19545.740849609374,17578.632019768298,14868.699517207699,26374.965142944882,False,True,False,False,False,False,False,False,False,-4.033844833862055,noise,80.57099074741393,False,False,False,False,,Automobiles,Passenger Cars & Utility Vehicles,60.16377649325626,False,False
FORTIS.NS,2026-09-15,880.0999755859375,907.9291687011719,921.7333340115017,932.438857421875,922.0308846028646,912.1521118164062,902.3169181598563,765.9873728160577,1103.1298326042547,False,True,False,True,False,False,True,False,False,-8.790972736773428,noise,68.09357076348151,False,False,False,False,,Healthcare Services,Hospital,54.72061657032755,False,False
FOSECOIND.NS,2026-09-15,6223.5,6234.916666666667,5666.847222222223,5516.32,5110.68966796875,5041.485634765625,6152.884892615435,4278.613157691368,6580.0,True,True,False,True,True,True,True,True,False,-0.23752210577364652,green,122.27668566633578,False,False,False,False,,Chemicals & Petrochemicals,Specialty Chemicals,63.921001926782274,False,False
FRACTAL.NS,2026-09-15,,,,,,,,,,False,False,False,False,False,False,False,False,False,,red,111.19465067988921,False,False,False,True,,IT - Software,Computers - Software & Consulting,,False,False
FREDUN.NS,2026-09-15,,,,,,,,,,False,False,False,False,False,False,False,False,False,,noise,,False,False,False,True,,Pharmaceuticals & Biotechnology,Pharmaceuticals,,False,False
FROG.NS,2026-09-11,263.1000061035156,252.84583282470703,225.29583231608072,211.39299926757812,175.15799931844074,170.32399967193604,254.46322327476815,123.5,275.95001220703125,True,True,False,True,True,True,True,True,False,3.3588697502467957,green,105.41546093427037,False,True,False,False,,Telecom -  Equipment & Accessories,Telecom -  Equipment & Accessories,67.10019267822736,False,False
FRONTSP.NS,2026-09-15,,,,,,,,,,False,False,False,False,False,False,False,False,False,,noise,,False,False,False,True,,Auto Components,Auto Components & Equipments,,False,False
NYKAA.NS,2026-09-15,336.20001220703125,339.37083435058594,333.7638888888889,330.98000061035157,288.48353271484376,279.74589965820314,339.03760181949747,227.89999389648438,349.54998779296875,True,True,True,True,True,True,True,False,False,41.36148072935511,noise,39.93260026880287,False,False,False,False,,Retailing,E-Retail/ E-Commerce,86.60886319845858,True,True
UTLSOLAR.NS,2026-09-15,,,,,,,,,,False,False,False,False,False,False,False,False,False,,noise,75.85776702504414,False,False,False,False,,Electrical Equipment,Other Electrical Equipment,,False,False
FUSION.NS,2026-09-15,188.17999267578125,196.01416524251303,202.0783339606391,209.0450003051758,188.77860036214193,183.68035018920898,194.61233038978332,136.5,243.0,False,True,True,True,False,True,True,False,False,8.64267962684373,noise,62.74783857571069,False,False,False,False,,Finance,Microfinance Institutions,71.29094412331408,True,False
FCONSUMER.NS,2026-09-14,0.2199999988079071,0.22166666636864343,0.24249999970197678,0.25600000023841857,0.30693333546320595,0.3374000020325184,0.22212232039517688,0.2199999988079071,0.5199999809265137,False,False,False,False,False,False,False,False,False,-48.837210430590886,dry,0.0,False,False,False,True,,Retailing,Diversified Retail,9.05587668593449,False,False
FEL.NS,2026-09-15,0.3700000047683716,0.38083332777023315,0.38277777367168003,0.3801999974250794,0.41293333093325296,0.42549999758601187,0.37800007738677865,0.3400000035762787,0.6499999761581421,False,False,False,False,False,False,False,False,False,-38.33333498901784,noise,126.37175557063873,False,False,False,False,,Retailing,Diversified Retail,18.25626204238921,False,False
FLFL.NS,2026-09-15,1.149999976158142,1.1875000099341075,1.2061111198531256,1.23760000705719,1.3297333359718322,1.3477000021934509,1.1784694398501592,1.100000023841858,1.9900000095367432,False,False,False,False,False,False,False,False,False,-31.13772420894463,red,110.12661635415002,False,False,False,False,,Retailing,Diversified Retail,25.626204238921,False,False
FMNL.NS,2026-09-15,9.09000015258789,9.832500139872232,9.427222304873997,9.54160005569458,9.375266688664754,9.237850008010865,9.49456485622832,6.739999771118164,13.9399995803833,False,True,False,True,False,True,False,False,False,-30.557677260295534,red,147.67480019328215,False,False,False,False,,Commercial Services & Supplies,Diversified Commercial Services,26.204238921001927,False,False
GMBREW.NS,2026-09-15,905.7000122070312,902.1583404541016,897.6013878716362,906.932998046875,942.6783650716146,964.5671688842773,906.456627895714,682.5860345634508,1315.8571912096693,False,False,False,False,False,True,False,False,False,32.03529818030684,noise,34.484498826930626,False,True,False,False,,Beverages,Breweries & Distilleries,83.67052023121387,True,False
GMDCLTD.NS,2026-09-15,553.4500122070312,565.7999979654948,571.731945461697,574.2249987792969,604.1553304036458,592.2217474365234,567.3300772511461,466.3999938964844,771.9000244140625,False,True,False,False,False,False,False,False,False,-1.0532992763621074,noise,81.34473274755369,False,False,False,False,,Minerals & Mining,Industrial Minerals,63.10211946050096,False,False
GNFC.NS,2026-09-15,540.5999755859375,563.3634897867838,544.9785885281033,528.3042651367188,482.75068929036456,478.4241845703125,562.0761278776929,351.9886096859767,596.9341143631162,True,True,True,True,True,True,True,False,False,10.907792172747488,noise,89.19758577582992,False,False,False,False,,Chemicals & Petrochemicals,Commodity Chemicals,73.07321772639692,True,True
GRINFRA.NS,2026-09-15,838.1500244140625,868.0208333333334,878.4874996609158,883.5429992675781,904.3383756510417,925.0378540039062,860.9545105901636,785.0,1341.5660703794995,False,False,False,False,False,False,False,False,False,-35.05214368482039,noise,37.73202722895567,False,False,False,False,,Construction,Civil Construction,21.53179190751445,False,False
GSFC.NS,2026-09-15,151.5500030517578,155.02759552001953,155.21731652153863,154.89316314697265,158.57049682617188,161.8284178161621,154.8586183135576,134.50184366279788,206.26262456983795,False,False,False,False,False,False,False,False,False,-23.063764474276706,red,134.70995693771903,False,False,False,False,,Fertilizers & Agrochemicals,Fertilizers,36.80154142581888,False,False
GTECJAINX.NS,2026-09-15,29.309999465942383,28.321666558583576,29.0052776866489,28.449399948120117,24.04746660868327,23.735299940109254,28.2604612421639,15.539999961853027,38.349998474121094,True,True,True,True,True,True,True,True,False,22.124997774759937,ppv,277.99924122042546,False,False,False,False,,Other Consumer Services,E-Learning,79.81695568400771,True,True
GABRIEL.NS,2026-09-15,1300.5,1367.4083353678386,1419.8097296820747,1392.1796264648438,1143.765869954427,1101.7150329589845,1355.7935948116074,794.0570601010174,1596.6964052725275,True,True,True,True,False,True,True,False,False,4.989498779587898,noise,39.40082390795451,False,False,False,False,,Auto Components,Auto Components & Equipments,68.44894026974951,False,False
GATECH.NS,2026-09-15,0.699999988079071,0.8958333283662796,0.7919444416960081,0.704599996805191,0.5637999961773554,0.5557499957084656,0.8212689837698298,0.4000000059604645,1.1100000143051147,True,True,True,True,False,True,False,False,False,11.11111005988279,noise,26.50173467420266,False,False,False,False,,Finance,Other Financial Services,73.3140655105973,True,False
GAIL.NS,2026-09-15,170.8800048828125,173.8192227681478,174.02598783704968,173.3569613647461,165.1531509399414,164.48714752197264,173.5897914153278,133.97098293430795,181.85195677766524,True,True,False,True,False,False,True,False,False,-1.0260376440348051,noise,69.50358258909588,False,False,False,False,,Gas,Gas Transmission/Marketing,63.150289017341045,False,False
GAJA.NS,2026-09-15,,,,,,,,,,False,False,False,False,False,False,False,False,False,,noise,,False,False,False,True,,Capital Markets,Asset Management Company,,False,False
GALAPREC.NS,2026-09-15,992.0999755859375,1030.1166585286458,1051.4249911838108,1086.1259912109374,925.1183325195312,881.7304989624023,1029.829503886589,671.2000122070312,1260.0,True,True,True,True,False,True,True,False,False,18.835719542260797,noise,57.073261072212645,False,False,False,False,,Industrial Manufacturing,Industrial Products,77.64932562620423,True,False
GALAXYSURF.NS,2026-09-15,2127.300048828125,2234.7916666666665,2166.508110894097,2106.2059106445313,1908.3507080078125,1916.5589361572265,2220.292491946233,1492.9641285266785,2648.0,True,False,True,True,True,True,True,False,False,-7.697378554241929,noise,44.315129287147265,False,False,False,False,,Chemicals & Petrochemicals,Specialty Chemicals,56.06936416184971,False,False
GALLANTT.NS,2026-09-15,534.6500244140625,560.8208363850912,579.3263888888889,597.9,647.1986661783855,625.2602493286133,556.6891451372319,496.25,948.0,False,True,False,False,False,False,False,False,False,-26.611109859064307,noise,59.539353838069786,False,False,False,False,,Industrial Products,Iron & Steel Products,31.647398843930635,False,False
GANDHAR.NS,2026-09-15,260.45001220703125,264.67833455403644,249.82451799180774,240.70994842529296,178.4686964416504,169.89366535186767,264.7256747609612,113.93974378848462,300.3749196686875,True,True,True,True,True,True,True,False,False,81.97908475102477,noise,25.535600746412086,False,False,False,False,,Petroleum Products,Lubricants,94.3159922928709,True,True
GANDHITUBE.NS,2026-09-15,871.2000122070312,895.6666666666666,889.0367058648003,878.3733764648438,848.895819498698,820.841159362793,891.5911033118201,669.702947656798,993.1722570600987,True,True,True,True,False,True,True,False,False,-6.46031860557944,noise,44.76342243682678,False,False,False,False,,Industrial Products,Iron & Steel Products,57.17726396917149,False,False
GANESHBE.NS,2026-09-15,125.3499984741211,124.2750015258789,119.94138971964519,115.05460067749023,99.71026677449544,94.43005016326904,126.06791888115927,68.4000015258789,135.85000610351562,True,True,True,True,True,True,True,False,False,30.4098989724368,dry,16.093767171949246,False,False,False,False,,Oil,Oil Storage & Transportation,83.28516377649325,True,True
GANESHCP.NS,2026-09-15,,,,,,,,,,False,False,False,False,False,False,False,False,False,,noise,39.45366104183434,False,False,False,False,,Food Products,Packaged Foods,,False,False
GGBL.NS,2026-09-11,215.5,219.9125010172526,237.85277811686197,244.97400085449217,281.2942253621419,288.682868347168,219.6985316643621,209.0,474.17292730312516,False,False,False,False,False,False,False,False,False,-48.893016784561624,noise,69.54225352112677,False,False,False,False,,Electrical Equipment,Other Electrical Equipment,8.959537572254336,False,False
GANESHHOU.NS,2026-09-15,745.0999755859375,769.0216573079427,785.0005340576172,798.6158813476562,718.819204711914,734.3308351135254,766.5418713214265,499.0667179834621,898.0206467513179,True,False,False,True,False,True,True,False,False,-15.137461649178308,noise,27.44287516245337,False,False,False,False,,Realty,"Residential, Commercial Projects",46.628131021194605,False,False
GANECOS.NS,2026-09-15,1007.0,1017.7359110514323,1076.5093688964844,1096.9809375,977.701298421224,935.2625842285156,1022.7039622671919,651.3085015441845,1350.5967808398343,True,True,False,True,False,True,False,False,False,-24.229961341348393,noise,53.99560376750354,False,False,False,False,,Textiles & Apparels,Other Textile Products,35.067437379576106,False,False
GANGAFORGE.NS,2026-09-15,1.6299999952316284,1.6700000166893005,1.9194444417953491,1.9574000000953675,2.4269701425234476,2.650927601456642,1.678081480935999,1.5299999713897705,4.150000095367432,False,False,False,False,False,False,False,False,False,-57.32984231107247,noise,97.8224214850925,False,False,False,False,,Industrial Products,Castings & Forgings,4.720616570327553,False,False
GANGESSECU.NS,2026-09-15,113.5199966430664,117.13249969482422,118.17944420708551,117.90599990844727,120.88040018717447,124.54845012664795,116.68741678675765,103.30999755859375,178.14999389648438,False,False,False,False,False,False,False,False,False,-29.83931118545605,dry,14.211710449410313,False,False,False,False,,Agricultural Food & other Products,Tea & Coffee,27.119460500963395,False,False
GRSE.NS,2026-09-15,2358.800048828125,2510.9083251953125,2571.1638861762153,2586.5160009765623,2592.5973388671873,2556.511375732422,2478.5936861166483,1963.699951171875,3339.0,False,True,False,False,False,False,False,False,False,0.8134868400801576,noise,65.082129922499,False,False,False,False,,Aerospace & Defense,Aerospace & Defense,65.07707129094412,False,False
GARUDA.NS,2026-09-15,176.0500030517578,178.33666610717773,179.30194346110025,178.6041989135742,174.9159999593099,178.18489990234374,179.3752801356137,130.0,249.3000030517578,False,False,False,True,False,True,False,False,False,-13.48469295821414,noise,41.31446204362912,False,False,False,False,,Construction,Civil Construction,49.03660886319846,False,False
GRWRHITECH.NS,2026-09-15,6603.5,7014.916666666667,7087.180555555556,7044.19,5575.018002929687,5017.969001464844,6929.9037098728,2690.699951171875,7990.0,True,True,True,True,False,True,True,False,False,96.95331835597183,noise,50.54903050281967,False,False,False,False,,Industrial Products,Plastic Products - Industrial,95.47206165703275,True,False
GARFIBRES.NS,2026-09-15,785.5,804.9953664143881,782.1565907796224,772.0896984863281,692.339766031901,686.7532568359375,798.8449772355646,579.0376279850597,862.339096096681,True,True,False,True,True,True,True,False,False,3.5330059708958528,red,107.37539886572583,False,True,False,False,,Textiles & Apparels,Other Textile Products,67.2447013487476,False,False
GATEWAY.NS,2026-09-15,52.4900016784668,53.60249996185303,54.856577449374726,55.61965507507324,55.9219625600179,55.92447040557861,53.52253578478545,47.064073178109766,62.799670980180835,False,False,False,False,False,False,True,False,False,-12.783277336272858,noise,49.470326360074964,False,False,False,False,,Transport Services,Logistics Solution Provider,49.614643545279385,False,False
GAUDIUMIVF.NS,2026-09-15,,,,,,,,,,False,False,False,False,False,False,False,False,False,,red,122.96770629698344,False,False,False,False,,Healthcare Services,Healthcare Service Provider,,False,False
GAYAHWS.NS,2026-09-15,1.8799999952316284,1.9325000047683716,1.9408333334657881,1.9303999996185304,2.16753333568573,2.3110500031709673,1.923320625562527,1.7200000286102295,4.760000228881836,False,False,False,False,False,False,False,False,False,-8.292681026288495,noise,64.53009657231968,False,False,False,False,,Transport Infrastructure,"Road AssetsToll, Annuity, Hybrid-Annuity",55.394990366088635,False,False
GAYAPROJ.NS,2026-09-15,26.149999618530273,22.980833212534588,21.375555515289307,21.333400039672853,18.62479997634888,16.91949999332428,23.835048888014043,9.510000228881836,27.329999923706055,True,True,True,True,True,True,True,True,False,174.9737012530538,ppv,519.945377387188,False,False,True,False,,Construction,Civil Construction,98.65125240847784,True,True
GRCL.NS,2026-09-11,577.5,572.1375020345052,551.2486131456163,567.9290014648437,491.9816676839193,460.6322509765625,568.219187551092,306.6499938964844,629.2000122070312,True,True,True,True,True,True,True,True,False,50.0,green,128.6764705882353,False,False,False,False,,Industrial Products,Rubber,89.25818882466281,True,True
GVPIL.NS,2026-09-15,620.0499877929688,645.495839436849,698.4512125651041,730.3624780273437,664.5402962239583,577.0988575744628,648.6058542383903,268.33621123095884,1073.741134374155,False,True,True,True,False,True,False,False,False,71.00783262040085,noise,89.81165333308662,False,False,False,False,,Electrical Equipment,Heavy Electrical Equipment,93.01541425818883,True,False
GESHIP.NS,2026-09-15,1390.4000244140625,1362.7166544596355,1342.6968282063801,1355.4182177734374,1401.6221150716146,1326.5260803222657,1376.4441088851152,941.3310566553616,1766.7331887612222,False,True,True,False,True,True,True,True,False,44.59379320338564,red,133.76136628719766,False,False,False,False,,Transport Services,Shipping,87.86127167630057,True,False
GVT&D.NS,2026-09-15,4246.89990234375,4428.908365885417,4315.640699598524,4360.553188476562,4323.77001953125,3988.878408203125,4437.433415436924,2516.9699521199827,5636.049839022599,False,True,True,True,False,True,True,False,False,52.693919007706015,red,112.54825775613591,False,False,False,False,,Electrical Equipment,Heavy Electrical Equipment,90.02890173410405,True,False
GEECEE.NS,2026-09-15,350.1000061035156,364.96072642008465,361.5072504679362,356.36261169433595,318.89889170328775,320.6276160430908,363.3575106754465,214.67113945165303,387.8700154655502,True,False,False,True,False,True,True,False,False,-6.3769731336686615,noise,57.912830806857244,False,False,False,False,,Realty,"Residential, Commercial Projects",57.41811175337187,False,False
GEEKAYWIRE.NS,2026-09-15,29.34000015258789,27.693727652231853,24.2944671842787,24.181352806091308,24.213536415100098,25.89135064125061,27.871930968653167,18.287294585971885,38.67812604812184,True,False,False,False,True,True,True,True,False,-20.815413439163923,ppv,293.2432683606344,False,False,False,False,,Industrial Products,Iron & Steel Products,39.691714836223504,False,False
GEMAROMA.NS,2026-09-15,158.0800018310547,163.37583287556967,174.05527835422092,178.7056005859375,174.41540008544922,170.59980003356932,163.06435574704642,133.0,317.0,False,True,False,True,False,False,False,False,False,-46.62164271855105,dry,19.227739646841584,False,False,False,False,,Chemicals & Petrochemicals,Specialty Chemicals,10.404624277456648,False,False
GICRE.NS,2026-09-15,338.20001220703125,344.57468668619794,343.61334652370874,345.1004290771484,359.6521630859375,359.88648681640626,344.87824055333834,333.80156967786814,402.400829796409,False,False,False,False,False,False,True,False,False,-5.101066704847268,noise,47.42116770882478,False,False,False,False,,Insurance,General Insurance,58.911368015414254,False,False
GENCON.NS,2026-09-15,39.66999816894531,43.32833321889242,41.22222222222222,41.12320014953613,42.45053342183431,43.27300008773804,42.07154790541804,36.349998474121094,59.959999084472656,False,False,False,False,False,False,False,False,False,-7.421237849276274,noise,76.14283785041133,False,False,False,False,,Realty,"Residential, Commercial Projects",56.40655105973025,False,False
GENESYS.NS,2026-09-15,285.510009765625,254.17583592732748,219.86385599772134,248.49097717285156,268.42705891927085,297.97004455566406,267.22446228694446,168.5,612.0,False,False,False,False,True,True,False,True,False,-50.53534238956016,noise,63.431362206715704,False,False,False,False,,IT - Services,IT Enabled Services,7.947976878612717,False,False
GENSOL.NS,2026-09-15,16.940000534057617,17.240833441416424,17.514722241295708,18.041599960327147,21.167466773986817,22.493050079345704,17.258605402607852,16.399999618530273,46.02000045776367,False,False,False,False,False,False,False,False,False,-59.42514842141888,noise,87.85184727037219,False,False,False,False,,Electrical Equipment,Other Electrical Equipment,3.901734104046243,False,False
GENUSPAPER.NS,2026-09-15,11.380000114440918,12.197499910990397,12.04444440205892,11.919599990844727,12.23340000152588,12.42414999961853,12.057927688694214,8.670000076293945,18.709999084472656,False,False,False,False,False,True,False,False,False,-37.472529464867165,red,164.15626030504603,False,False,False,False,,"Paper, Forest & Jute Products",Paper & Paper Products,19.171483622350674,False,False
GENUSPOWER.NS,2026-09-15,306.5,331.7708333333333,322.25555504692926,319.9599987792969,299.50059977213544,296.33363250732424,326.2872998613813,206.36048889160156,363.0,True,True,False,True,False,True,True,False,False,-4.646296474927403,noise,68.26187254191093,False,False,False,False,,Electrical Equipment,Other Electrical Equipment,59.58574181117534,False,False
GEOJITFSL.NS,2026-09-15,77.2699966430664,81.47249984741211,79.31111102634006,79.55427276611329,71.09554496765136,71.11483419418335,80.18131926763786,49.89625611553955,86.5,True,False,True,True,False,True,True,False,False,4.8628175504326965,noise,54.82631648895501,False,False,False,False,,Capital Markets,Stockbroking & Allied,68.35260115606935,False,False
GFLLIMITED.NS,2026-09-15,54.689998626708984,57.405832608540855,52.7508331934611,50.73159980773926,47.541800053914386,49.64770009994507,57.28616422446856,37.25,81.0,True,False,False,True,True,True,False,False,False,-9.092422264921973,noise,85.40641329040656,False,False,False,False,,Finance,Holding Company,54.09441233140655,False,False
GHCL.NS,2026-09-15,423.1499938964844,432.71666463216144,436.0236104329427,435.05199951171875,450.07415364583335,473.4061470031738,429.4816373909964,405.6620460266574,649.6824619687275,False,False,False,False,False,False,False,False,False,-22.344623766418582,noise,72.50438322443821,False,False,False,False,,Chemicals & Petrochemicals,Commodity Chemicals,37.8131021194605,False,False
GHCLTEXTIL.NS,2026-09-15,119.62000274658203,132.83416684468588,124.03583335876465,120.56279983520508,96.97780415852864,91.16954868316651,130.23781078794843,64.84792129679248,144.58999633789062,True,True,True,True,False,True,True,False,False,43.054236372020526,red,123.52933299973282,False,False,False,False,,Textiles & Apparels,Other Textile Products,87.42774566473989,True,False
GICHSGFIN.NS,2026-09-15,134.88999938964844,139.5541648864746,143.02361085679797,144.96699951171874,147.10262400309244,151.36767555236815,138.24269716983753,126.54062307865725,179.03478732294587,False,False,False,False,False,False,True,False,False,-19.963663761868077,noise,53.85171238061708,False,False,False,False,,Finance,Housing Finance Company,40.944123314065514,False,False
GILLANDERS.NS,2026-09-15,102.91000366210938,104.0441665649414,95.80944463941786,93.92720016479493,91.50066650390625,93.9265497970581,102.80010285281968,76.0,129.39999389648438,True,False,False,True,True,True,True,True,False,-15.251582472636304,noise,49.7282217326598,False,True,False,False,,Agricultural Food & other Products,Tea & Coffee,46.48362235067437,False,False
GILLETTE.NS,2026-09-15,7248.5,7366.291666666667,7497.805826822917,7572.434228515625,7772.312145182292,7833.248930664063,7366.797831530073,7148.3405248597655,10255.650929658823,False,False,False,False,False,False,False,False,False,-25.106334889568515,noise,67.92946980540245,False,False,False,False,,Personal Products,Personal Care,33.76685934489403,False,False
GINNIFILA.NS,2026-09-15,42.18000030517578,43.06333382924398,44.62222226460775,46.39800010681152,43.092000045776366,42.152450008392336,42.60164681820025,31.5,57.849998474121094,False,True,False,True,False,True,False,False,False,-5.404798921652931,noise,57.898189617496286,False,False,False,False,,Textiles & Apparels,Other Textile Products,58.52601156069365,False,False
GIRIRAJ.NS,2026-09-11,84.5,82.52916781107585,74.58194510142009,87.82500053405762,134.91466631571453,146.35149938583373,80.82479003977116,52.29999923706055,378.0,False,False,False,False,False,True,False,True,False,-73.91975308641976,noise,22.559104854719365,False,True,False,False,,Construction,Civil Construction,1.0115606936416186,False,False
GKENERGY.NS,2026-09-15,,,,,,,,,,False,False,False,False,False,False,False,False,False,,noise,34.90865809829962,False,False,False,False,,Construction,Civil Construction,,False,False
GKB.NS,2026-09-15,,,,,,,,,,False,False,False,False,False,False,False,False,False,,noise,,False,False,False,False,,Healthcare Equipment & Supplies,Medical Equipment & Supplies,,False,False
GKWLIMITED.NS,2026-09-15,1554.0,1576.0166829427083,1607.8694491916233,1637.9680053710938,1659.4586678059895,1671.5595007324218,1575.839062500674,1375.0,1985.4000244140625,False,False,False,False,False,False,True,False,False,-9.430006074346064,noise,43.99742048220341,False,False,False,False,,Finance,Investment Company,53.516377649325634,False,False
GLAND.NS,2026-09-15,2895.5,2923.4999796549478,2785.5757581922744,2690.952919921875,2189.0734342447918,2070.2502362060545,2924.622379007467,1561.8007505195303,3042.0,True,True,True,True,True,True,True,False,False,48.40650277505893,noise,69.96676797361918,False,False,False,False,,Pharmaceuticals & Biotechnology,Pharmaceuticals,88.82466281310212,True,True
GLAXO.NS,2026-09-15,2818.89990234375,2947.816650390625,2795.730523003472,2702.2119775390624,2467.501710611979,2450.5801599121096,2892.389724182478,2088.10009765625,3120.699951171875,True,True,True,True,True,True,True,False,False,0.9377878599076572,noise,34.600476345333156,False,False,False,False,,Pharmaceuticals & Biotechnology,Pharmaceuticals,65.1252408477842,False,False
GLENMARK.NS,2026-09-15,2371.699951171875,2448.8666381835938,2342.7033962673613,2316.9893359375,2239.5385538736978,2176.902644042969,2422.74208107355,1790.8181412412814,2535.0776323504288,True,True,True,True,True,True,True,False,False,11.600613738393317,noise,53.38536052628103,False,False,False,False,,Pharmaceuticals & Biotechnology,Pharmaceuticals,73.60308285163777,True,True
GLOBAL.NS,2026-09-15,126.2300033569336,118.36833318074544,109.08999994066026,106.91323760986329,103.36696034749349,98.9901607131958,121.06858832468583,54.6614122632081,129.39999389648438,True,True,True,True,True,True,True,True,False,97.89973093408753,noise,87.25437336152687,False,False,False,False,,Other Consumer Services,Education,95.66473988439307,True,True
MEDANTA.NS,2026-09-15,1418.0999755859375,1457.0666605631511,1433.5175679524739,1406.1560009765626,1241.0484191894532,1219.9527597045899,1445.956632355619,955.6610489257978,1544.0,True,True,True,True,True,True,True,False,False,3.5023334872301026,noise,25.347092302697842,False,False,False,False,,Healthcare Services,Hospital,67.14836223506744,False,False
GLOBALPET.NS,2026-09-11,170.5500030517578,160.39583206176758,159.03333197699652,157.46999877929687,135.05699946085613,131.59824951171876,163.53329268775073,85.0,174.6999969482422,True,True,False,True,True,True,True,True,False,24.03636585582387,noise,25.0,False,True,False,False,,Industrial Manufacturing,Industrial Products,80.82851637764932,True,False
GSLSU.NS,2026-09-15,28.0,27.194166660308838,29.084722148047554,30.08199996948242,50.48226674397787,63.602050132751465,27.97432412569241,23.059999465942383,139.6699981689453,False,False,False,False,False,False,False,True,False,-73.43705623068404,noise,51.043969097432104,False,False,False,False,,Consumer Durables,Granites & Marbles,1.1078998073217727,False,False
GLOBALVECT.NS,2026-09-15,129.83999633789062,140.2099978129069,151.37194442749023,152.5179998779297,163.49999989827475,170.38080017089842,138.39482634294066,129.0,248.0,False,False,False,False,False,False,False,False,False,-38.25669290824373,noise,55.94368822275813,False,False,False,True,,Transport Services,Airline,18.40077071290944,False,False
GLOBALE.NS,2026-09-15,11.699999809265137,11.318333307902018,11.113055520587498,11.11459997177124,11.81226666132609,11.820300002098083,11.32359247913508,9.199999809265137,15.399999618530273,False,False,False,False,True,False,True,True,False,-16.18911334316747,noise,53.82082018349465,False,False,False,False,,Textiles & Apparels,Trading - Textile Products,45.32755298651253,False,False
GLOBECIVIL.NS,2026-09-15,43.5,45.90500005086263,43.50555557674832,42.76799987792969,44.36626663208008,47.70379999160767,45.06192215022577,33.5,80.44999694824219,False,False,False,False,True,False,False,False,False,-45.434019902268716,red,125.89326742606875,False,False,False,False,,Construction,Civil Construction,11.416184971098266,False,False
GLOBE.NS,2026-09-15,1.7599999904632568,1.8916666507720947,1.9949999915228949,2.0390000104904176,2.307866676648458,2.4143500077724456,1.8613359676341885,1.7599999904632568,3.2899999618530273,False,False,False,False,False,False,False,False,False,-20.720722172014703,noise,59.69958229841684,False,False,False,True,,Textiles & Apparels,Other Textile Products,39.98073217726397,False,False
GICL.NS,2026-09-15,24.420000076293945,24.138333320617676,21.804999987284344,20.470799980163573,32.01473335266113,35.260550041198734,24.239672040321643,15.609999656677246,169.9499969482422,False,False,False,False,True,True,False,True,False,-80.51077455584199,noise,33.43156749966978,False,True,False,False,,Transport Services,Logistics Solution Provider,0.48169556840077066,False,False
GSTL.NS,2026-09-11,10.949999809265137,11.949999888737997,14.345833248562283,14.88,22.12966660817464,20.217499952316285,11.80295210217528,5.949999809265137,37.650001525878906,False,True,True,False,False,True,False,False,False,3.7914655099395844,red,287.20626631853787,False,False,False,False,,IT - Services,IT Enabled Services,67.48554913294798,False,False
GLOBUSSPR.NS,2026-09-15,820.5499877929688,884.3708292643229,889.2041659884983,897.787998046875,910.4910001627604,931.4512506103515,865.3089709234412,800.0499877929688,1252.800048828125,False,False,False,False,False,False,False,False,False,-21.009823909939662,noise,92.50806590817938,False,False,False,False,,Beverages,Breweries & Distilleries,39.45086705202312,False,False
GLOSTERLTD.NS,2026-09-15,575.0999755859375,593.2124989827474,625.1472218831381,636.3090002441406,612.9049426269531,612.8933786010742,592.0711817668318,481.79030692895725,736.2632085540595,False,True,False,True,False,False,True,False,False,-8.48478161591153,red,118.32997375727379,False,False,False,False,,"Paper, Forest & Jute Products",Jute & Jute Products,55.057803468208085,False,False
GLOTTIS.NS,2026-09-15,,,,,,,,,,False,False,False,False,False,False,False,False,False,,noise,59.86844428987902,False,True,False,False,,Transport Services,Logistics Solution Provider,,False,False
GMMPFAUDLR.NS,2026-09-15,1348.0,1169.5999959309895,1019.6174248589409,953.3163842773438,895.2032299804688,933.777966003418,1224.5280099666347,734.1152411860135,1384.800048828125,True,False,False,True,True,True,True,True,False,16.6028523879169,ppv,333.7278125624847,False,False,True,False,,Industrial Manufacturing,Industrial Products,76.58959537572254,True,False
GMRAIRPORT.NS,2026-09-15,92.97000122070312,96.19750022888184,101.15027787950304,104.0288005065918,100.2609332784017,100.32569984436036,96.64395765936227,84.11000061035156,115.63999938964844,False,False,False,True,False,False,True,False,False,5.491891657919501,noise,77.4276021475708,False,False,False,False,,Transport Infrastructure,Airport & Airport services,68.88246628131022,False,False
GMRP&UI.NS,2026-09-15,90.3499984741211,93.13333384195964,95.82694477505154,96.69460021972657,103.15746653238932,104.68619979858398,93.67016915807993,86.80000305175781,136.9499969482422,False,False,False,False,False,False,False,False,False,-20.794250271028435,noise,72.43504303464044,False,False,False,False,,Power,Power Generation,39.73988439306358,False,False
GNA.NS,2026-09-15,532.5999755859375,542.2999979654948,541.2625011867947,533.2580004882813,447.43267517089845,419.02064498901365,544.1447950471576,292.9006085948861,601.6500244140625,True,True,True,True,False,True,True,False,False,73.76657963852023,noise,32.0139339465365,False,False,False,False,,Auto Components,Auto Components & Equipments,93.35260115606935,True,False
EBGNG.NS,2026-09-15,671.4500122070312,646.0291646321615,593.0944468180338,590.5380004882812,477.4406667073568,431.5970000457764,652.1506512346642,239.0,712.0,True,True,True,True,True,True,True,True,False,91.70592782499108,red,186.57967583796696,False,False,False,False,,IT - Hardware,Computers Hardware & Equipments,95.03853564547207,True,True
GODIGIT.NS,2026-09-15,251.5,256.8791669209798,259.12777667575415,268.37899810791015,301.3016665649414,310.34099983215333,255.4961316169783,244.1999969482422,381.3999938964844,False,False,False,False,False,False,False,False,False,-29.748603351955303,dry,13.145686624278207,False,True,False,False,,Insurance,General Insurance,27.26396917148362,False,False
GOCOLORS.NS,2026-09-15,304.8999938964844,324.6166687011719,329.0152765909831,332.6349981689453,321.62466501871745,352.12124809265134,322.48105306199705,237.0500030517578,760.9000244140625,False,False,False,False,False,False,False,False,False,-58.64921624847214,noise,63.85397046014562,False,False,False,False,,Retailing,Speciality Retail,4.046242774566474,False,False
GOACARBON.NS,2026-09-15,384.8999938964844,388.3666636149089,376.13611178927954,378.59700073242186,372.1433339436849,377.602000579834,397.3960161983765,272.8500061035156,494.8999938964844,True,False,False,True,True,True,True,False,False,-15.887240217952591,noise,84.5403767534957,False,False,False,False,,Minerals & Mining,Industrial Minerals,45.809248554913296,False,False
GOCLCORP.NS,2026-09-15,435.6499938964844,418.65417226155597,410.6541680230035,407.9280010986328,348.5256675211589,332.3395008850098,426.65665112422505,223.35000610351562,459.8999938964844,True,True,True,True,True,True,True,True,False,22.287717584978072,noise,90.44259820475725,False,False,False,False,,Chemicals & Petrochemicals,Explosives,79.96146435452793,True,True
GODAVARIB.NS,2026-09-15,226.6300048828125,238.04000091552734,248.98555501302084,254.13259948730467,282.57953267415365,278.0285991668701,237.03384094188237,225.02000427246094,353.0,False,True,False,False,False,False,False,False,False,-20.44720549059299,noise,22.324001768066086,False,False,False,True,,Diversified FMCG,Diversified FMCG,40.46242774566474,False,False
GPIL.NS,2026-09-15,237.16000366210938,243.62749989827475,243.1955672370063,244.1856997680664,265.1231988525391,261.2275393676758,244.22764423328817,220.30083502168418,318.68479368531104,False,True,False,False,False,False,False,False,False,-2.4301441759699283,red,111.0618911652712,False,False,False,False,,Industrial Products,Iron & Steel Products,61.657032755298644,False,False
GODFRYPHLP.NS,2026-09-15,1915.0,2028.8083394368489,2114.3069661458335,2102.6439624023437,2129.8344409179685,2200.439934692383,1999.2788439240906,1805.6870625140934,3868.278555207404,False,False,False,False,False,False,False,False,False,-43.68418214790929,noise,41.595001047047234,False,False,False,False,,Cigarettes & Tobacco Products,Cigarettes & Tobacco Products,13.053949903660886,False,False
GODREJAGRO.NS,2026-09-15,645.2999877929688,650.8541615804037,596.7602488199869,585.1874328613281,578.8856583658854,572.2829290771484,653.0921197053668,496.4533186222811,732.2220367262382,True,True,False,True,True,False,True,False,False,-10.583260846307352,noise,40.8563388304073,False,False,False,False,,Food Products,Animal Feed,52.50481695568401,False,False
GODREJCP.NS,2026-09-15,857.0,880.5750020345052,955.6639031304253,985.7673095703125,1036.6312166341145,1070.8615747070312,876.4189920348488,855.1500244140625,1255.178308316206,False,False,False,False,False,False,False,False,False,-30.095686809928868,noise,72.29183888877589,False,False,False,True,,Personal Products,Personal Care,26.734104046242773,False,False
GODREJIND.NS,2026-09-15,1104.0,1141.0416870117188,1225.2138977050781,1252.0240063476563,1088.7280008951823,1069.0502493286133,1138.5032596188291,744.2000122070312,1443.0,True,True,True,True,False,True,True,False,False,-8.594141797629307,noise,26.442786744838457,False,False,False,False,,Diversified,Diversified,54.96146435452793,False,False
GODREJPROP.NS,2026-09-15,1659.300048828125,1911.7666524251301,2010.5499877929688,2028.510029296875,1833.0188118489584,1850.193032836914,1860.0373402853086,1427.1018020889294,2340.6858887816,False,False,False,True,False,False,False,False,False,-16.588094243707342,red,145.95241609806115,False,False,False,False,,Realty,"Residential, Commercial Projects",44.749518304431604,False,False
GOKEX.NS,2026-09-15,743.2999877929688,775.0666707356771,792.9166717529297,803.5700036621093,736.9466682942708,734.7662515258789,774.5619914240713,531.0,954.9000244140625,True,True,False,True,False,True,True,False,False,-4.686797324768399,noise,82.39137776288345,False,False,False,False,,Textiles & Apparels,Garments & Apparels,59.48940269749519,False,False
GOKULAGRO.NS,2026-09-15,218.69000244140625,233.77749888102213,231.99111048380533,226.35699951171875,212.18513295491536,203.74399963378906,230.20075717045484,151.0,259.79998779296875,True,True,True,True,False,True,True,False,False,21.578875575486457,noise,40.4829795188523,False,False,False,False,,Agricultural Food & other Products,Edible Oil,79.47976878612717,True,False
GOKUL.NS,2026-09-15,39.91999816894531,42.0741662979126,40.81972175174289,40.73319969177246,40.23846647898356,39.81549983024597,41.869452250518876,31.0,46.79999923706055,False,True,False,True,False,False,True,False,False,0.7571914314695283,red,108.01989301931938,False,False,False,False,,Agricultural Food & other Products,Edible Oil,64.88439306358381,False,False
GOLDENTOBC.NS,2026-09-15,25.0,24.75249973932902,24.684999889797634,24.934799880981444,26.154533309936525,27.50550001144409,24.909444443743546,20.34000015258789,37.5,False,False,False,False,True,False,False,True,True,-29.99159719701464,noise,27.670675797510118,False,True,False,False,,Realty,"Residential, Commercial Projects",26.878612716763005,False,False
GOLDIAM.NS,2026-09-15,324.1499938964844,338.9458287556966,355.8861083984375,353.52699768066407,309.68212076822914,298.12614730834963,335.6332775888849,198.75,398.20001220703125,True,True,True,True,False,True,True,False,False,8.271521516139124,noise,67.51393004178836,False,False,False,False,,Consumer Durables,"Gems, Jewellery And Watches",70.76107899807322,True,False
GOLDKART.NS,2026-09-11,107.0999984741211,98.32500012715657,100.15138901604547,110.3269987487793,170.99466517130534,193.42749759674072,100.17549120022692,81.69999694824219,285.0,False,False,False,False,False,True,False,True,False,-54.03433541883215,noise,96.15384615384616,False,False,False,False,,Consumer Durables,"Gems, Jewellery And Watches",5.973025048169557,False,False
GOLDSTAR.NS,2026-09-11,8.199999809265137,7.624999920527141,7.376388880941603,7.425000019073487,7.251333363850912,7.087250015735626,7.743334042574704,4.5,9.949999809265137,True,True,False,True,True,True,True,True,False,-8.888891008165146,noise,95.41984732824427,False,False,False,False,,Auto Components,Auto Components & Equipments,54.52793834296724,False,False
GOODLUCK.NS,2026-09-15,519.1500244140625,487.44583384195965,479.03472306993274,489.25566650390624,438.36399434407554,419.69715759277346,498.70237122639753,305.0,557.3666381835938,True,True,True,True,True,True,True,True,False,46.55617488692656,noise,89.57095071821011,False,False,False,False,,Industrial Products,Iron & Steel Products,88.4393063583815,True,True
GOODYEAR.NS,2026-09-15,,,,,,,,,,False,False,False,False,False,False,False,False,False,,noise,21.47523636806308,False,True,False,False,,Auto Components,Tyres & Rubber Products,,False,False
GOPAL.NS,2026-09-15,249.3000030517578,264.6833330790202,271.57222112019855,269.58699920654294,280.65824564615883,288.8488150024414,262.17645371031085,247.21871544826075,391.7189867327264,False,False,False,False,False,False,False,False,False,-33.53301347408703,noise,64.09666526996892,False,False,False,True,,Food Products,Packaged Foods,23.21772639691715,False,False
GOYALALUM.NS,2026-09-15,5.929999828338623,6.198333303133647,6.364444428020054,6.447399978637695,6.65853331565857,6.852099990844726,6.149236000305368,5.340000152587891,11.369999885559082,False,False,False,False,False,False,False,False,False,-20.50938608558498,red,130.22017574424888,False,False,False,False,,Commercial Services & Supplies,Trading & Distributors,40.22157996146436,False,False
GOYALSALT.NS,2026-09-14,102.5999984741211,104.73749987284343,108.65972222222223,111.04400024414062,116.56900009155274,126.37975032806396,103.90338097891939,97.0,200.0,False,False,False,False,False,False,False,False,False,-41.371429443359375,dry,0.0,False,False,False,False,,Food Products,Other Food Products,15.173410404624278,False,False
GPECO.NS,2026-09-11,411.6000061035156,411.0458348592122,407.5986116197374,412.3340002441406,391.0116658528646,396.83074966430667,409.9271161184926,264.04998779296875,599.9000244140625,True,False,False,True,False,True,False,True,False,-24.24771793545134,green,145.70361145703612,False,False,False,False,,Electrical Equipment,Other Electrical Equipment,35.01926782273603,False,False
GULFPETRO.NS,2026-09-15,61.0099983215332,66.00166734059651,60.38556480407715,54.19718864440918,40.577090148925784,39.03489139556885,64.99077291496286,23.06491811108752,71.4000015258789,True,True,True,True,True,True,True,False,False,50.218771150836574,noise,59.56342482271736,False,False,False,False,,Petroleum Products,Lubricants,89.30635838150289,True,True
GPTHEALTH.NS,2026-09-15,159.4499969482422,156.98833211263022,157.87915590074329,156.57499908447267,142.18799285888673,140.42915908813475,158.4103479100842,113.9682423977474,175.0,True,True,True,True,True,True,True,True,False,3.6828045167644374,noise,86.4579701483647,False,False,False,False,,Healthcare Services,Hospital,67.4373795761079,False,False
GPTINFRA.NS,2026-09-15,111.72000122070312,111.48083368937175,114.68444506327312,116.3120002746582,115.72302281697591,113.00849155426026,111.97884404005711,95.40746885287561,150.0,False,True,True,True,False,False,False,False,False,-7.497792522510327,noise,89.24446001681436,False,False,False,False,,Construction,Civil Construction,56.310211946050096,False,False
GFSTEELS.NS,2026-09-15,21.989999771118164,16.87916660308838,15.409444411595663,15.027999935150147,13.404533176422119,12.832749910354615,18.190846645344745,9.729999542236328,21.989999771118164,True,True,True,True,True,True,True,True,False,126.00206377876164,ppv,280.3656015647451,False,False,True,False,,Industrial Products,Iron & Steel Products,97.30250481695568,True,True
GRANDOAK.NS,2026-09-15,,,,,,,,,,False,False,False,False,False,False,False,False,False,,noise,,False,False,False,False,,Finance,Non Banking Financial Company (NBFC),,False,False
GRANULES.NS,2026-09-15,872.5999755859375,863.7374928792318,852.4177941216362,858.4620300292969,741.8916613769532,701.2340798950195,874.9788491985645,509.48866067465497,923.6500244140625,True,True,True,True,True,True,True,False,False,66.20750958182239,red,187.52519863205478,False,False,False,False,,Pharmaceuticals & Biotechnology,Pharmaceuticals,92.00385356454721,True,True
GRAPHISAD.NS,2026-09-11,26.0,26.02916685740153,27.16527769300673,27.407999954223634,31.806333300272623,34.86750001907349,25.927297215425668,24.149999618530273,52.79999923706055,False,False,False,False,False,False,False,True,False,-23.07692134060203,noise,93.94572025052193,False,False,False,False,,Media,Advertising & Media Agencies,36.75337186897881,False,False
GRAPHITE.NS,2026-09-15,781.5,750.5791625976562,718.0458323160807,690.2422106933594,676.6385148111979,655.0451846313476,772.2823282195184,510.5948183076055,874.3499755859375,True,True,True,True,True,True,True,True,False,51.31266653840718,noise,77.9363546638766,False,False,False,False,,Industrial Products,Electrodes & Refractories,89.54720616570327,True,True
GRASIM.NS,2026-09-15,3171.0,3294.1333211263022,3250.953891330295,3219.41732421875,2996.459474283854,2944.774436035156,3278.1892245841013,2494.7282248871606,3411.10009765625,True,True,True,True,False,False,True,False,False,13.643393936827387,red,152.58776548798653,False,False,False,False,,Cement & Cement Products,Cement & Cement Products,75.0,True,False
GRAUWEIL.NS,2026-09-15,,,,,,,,,,False,False,False,False,False,False,False,False,False,,red,115.48829873471942,False,False,False,False,,Chemicals & Petrochemicals,Commodity Chemicals,,False,False
GRAVISSHO.NS,2026-09-15,,,,,,,,,,False,False,False,False,False,False,False,False,False,,noise,,False,False,True,False,,Leisure Services,Hotels & Resorts,,False,False
GRAVITA.NS,2026-09-15,1639.0,1713.7416687011719,1738.2750006781685,1756.8699975585937,1651.359999186198,1671.119501953125,1696.7873460596913,1266.9000244140625,1913.5999755859375,False,False,False,True,False,False,True,False,False,-1.0564443102927812,noise,49.13331661129916,False,False,False,False,,Minerals & Mining,Industrial Minerals,63.053949903660886,False,False
GREAVESCOT.NS,2026-09-15,187.1300048828125,193.95166778564453,201.99138853285046,213.93132080078124,182.20158935546874,181.12716911315917,192.65641214760842,119.01442505726769,269.68934059737177,True,True,False,True,False,True,False,False,False,-12.452936433864148,noise,36.30113444067791,False,False,False,False,,Industrial Products,"Compressors, Pumps & Diesel Engines",50.144508670520224,False,False
GREENCHEF.NS,2026-09-11,69.5,63.57916736602783,54.9513889948527,53.17900001525879,51.47966669718424,52.31375003814697,64.63993694167813,40.400001525878906,74.05000305175781,True,False,False,True,True,True,True,True,False,13.654944015965963,noise,92.3913043478261,False,False,False,False,,Consumer Durables,Household Appliances,75.04816955684007,True,False
GREENLAM.NS,2026-09-15,226.57000732421875,239.86083348592123,249.25500022040472,250.14260040283204,238.97728118896484,241.02089210510255,237.67774295758014,197.2850144391706,278.54998779296875,False,False,False,True,False,False,True,False,False,-2.55077751375945,noise,51.031029123831516,False,False,False,False,,Consumer Durables,Plywood Boards/ Laminates,61.41618497109826,False,False
GREENPANEL.NS,2026-09-15,151.24000549316406,158.2300008138021,173.0043601989746,178.98130554199219,193.76150573730467,202.1866355895996,157.6742137917621,150.25,332.93469763642287,False,False,False,False,False,False,False,False,False,-52.93090524830546,red,115.60945083002703,False,False,False,True,,Consumer Durables,Plywood Boards/ Laminates,6.502890173410404,False,False
GREENPLY.NS,2026-09-15,280.1000061035156,291.27917226155597,288.2774607340495,296.5426953125,261.31455708821613,259.1828800201416,290.71403850924526,176.11307552067777,333.81821311913393,True,True,False,True,False,True,True,False,False,-12.425669823164743,noise,68.10348614868278,False,False,False,False,,Consumer Durables,Plywood Boards/ Laminates,50.28901734104046,False,False
GCSL.NS,2026-09-15,601.5499877929688,586.125,538.0194422403971,529.5274633789063,427.51032368977866,404.0794166564941,589.7695957566472,212.85925329857284,616.9000244140625,True,True,True,True,True,True,True,True,False,116.1362107503466,ppv,178.35144323218483,False,False,False,False,,Capital Markets,Other Capital Market related Services,96.72447013487476,True,True
GRETEX.NS,2026-09-11,215.0,252.07916514078775,280.9388885498047,284.81499938964845,271.74100016276043,252.22625007629395,242.07253479204235,180.5,304.0,False,True,True,True,False,False,False,False,False,7.499999999999996,noise,22.026431718061673,False,False,False,False,,Entertainment,Media & Entertainment,70.37572254335261,True,False
BIRDYS.NS,2026-09-11,85.44999694824219,86.75416437784831,87.6180542839898,88.65799896240235,107.8103330485026,111.45674980163574,87.10221571513682,81.94999694824219,151.89999389648438,False,False,False,False,False,False,False,False,False,-31.144240129816513,dry,5.133470225872689,False,False,False,False,,Leisure Services,Restaurants,25.578034682080926,False,False
GRINDWELL.NS,2026-09-15,1825.9000244140625,1952.316670735677,2042.522237141927,2049.332365722656,1823.1139477539064,1757.1538275146484,1925.9689459044953,1316.5038257707065,2455.0,True,True,True,True,False,True,False,False,False,13.26234502953778,noise,37.378788666448074,False,False,False,False,,Industrial Products,Abrasives & Bearings,74.71098265895954,True,False
GRMOVER.NS,2026-09-15,82.69999694824219,86.35083262125652,88.68472205268012,90.25040008544921,128.2159334818522,136.66375019073487,86.13153184773208,81.94999694824219,185.4499969482422,False,False,False,False,False,False,False,False,False,-31.62463907822025,noise,92.3581550611393,False,False,False,True,,Agricultural Food & other Products,Other Agricultural Products,25.0,False,False
GROBTEA.NS,2026-09-15,941.7000122070312,970.1708374023438,939.0762379964193,930.6352368164063,915.3222717285156,931.7836557006835,958.6960763895288,803.2462751071786,1233.5068129475733,True,False,False,False,True,False,True,False,False,-6.019119240639414,dry,11.449778900821226,False,False,False,False,,Agricultural Food & other Products,Tea & Coffee,57.89980732177264,False,False
GRPLTD.NS,2026-09-15,2046.199951171875,1998.2166646321614,2001.7027689615886,1972.116923828125,1870.5255883789061,1841.8054791259765,1998.2983341232318,1497.2378372990818,2356.253157692895,True,True,False,True,True,True,True,True,False,-1.8211254725040704,ppv,734.0614774199688,True,False,False,False,,Industrial Products,Rubber,62.138728323699425,False,False
GSMFOILS.NS,2026-09-11,86.0999984741211,109.32916641235352,134.75277688768176,170.46300064086915,193.59766637166342,196.4984997177124,101.52028152476755,79.69999694824219,293.8500061035156,False,False,False,False,False,False,False,False,False,-64.48019775491841,dry,15.044278045611515,False,False,False,False,,Industrial Products,Packaging,2.5048169556840074,False,False
GSPCROP.NS,2026-09-15,,,,,,,,,,False,False,False,False,False,False,False,False,False,,noise,89.54980291891081,False,False,False,False,,Fertilizers & Agrochemicals,Pesticides & Agrochemicals,,False,False
GSS.NS,2026-09-15,10.220000267028809,11.179999987284342,12.396944496366713,12.404400005340577,13.081666679382325,13.904099988937379,10.933125119961598,8.680000305175781,28.84000015258789,False,False,False,False,False,False,False,False,False,-62.42647066042084,green,129.13935194043574,False,False,False,False,,IT - Services,IT Enabled Services,2.9865125240847785,False,False
GTL.NS,2026-09-15,7.079999923706055,7.178333282470703,7.341111090448168,7.314599990844727,7.348933343887329,7.449149997234344,7.180393279320538,4.909999847412109,11.260000228881836,False,False,False,False,False,True,False,False,False,-22.959736159087406,noise,62.70188694628253,False,True,False,False,,Telecom - Services,Other Telecom Services,37.090558766859345,False,False
GTLINFRA.NS,2026-09-15,1.1299999952316284,1.165833314259847,1.2069444523917303,1.227400004863739,1.2488666693369548,1.2312000018358231,1.1631154179758398,0.9599999785423279,1.6699999570846558,False,True,False,False,False,False,False,False,False,-24.161074630935243,red,109.25122672112302,False,False,False,False,,Telecom - Services,Telecom - Infrastructure,35.21194605009634,False,False
GTPL.NS,2026-09-15,57.83000183105469,57.40750026702881,57.11527792612711,58.34500007629394,62.83126655578613,70.24249990463257,57.925545472990166,50.849998474121094,118.25,False,False,False,False,False,False,False,False,True,-48.88460328772356,red,109.29620489335122,False,False,False,False,,Entertainment,TV Broadcasting & Software Production,9.007707129094413,False,False
GUFICBIO.NS,2026-09-15,425.1000061035156,426.7374979654948,414.4228456285265,407.0630773925781,343.9838161214193,340.66830032348633,427.23270430278177,267.9349768924993,453.95001220703125,True,True,True,True,True,True,True,False,False,16.909883470120235,noise,53.68063508455526,False,False,False,False,,Pharmaceuticals & Biotechnology,Pharmaceuticals,76.73410404624278,True,True
GUJAPOLLO.NS,2026-09-15,340.8500061035156,344.11250559488934,351.22222391764325,351.69500122070315,382.50733378092445,391.31800003051757,344.5780228624568,300.5,512.0,False,False,False,False,False,False,False,False,False,-29.10953387358909,red,1062.8194164820588,False,True,False,False,,Industrial Manufacturing,Industrial Products,28.32369942196532,False,False
GIPCL.NS,2026-09-15,188.30999755859375,197.82431411743164,176.30110592312283,171.3501934814453,154.3046880086263,152.31949951171876,194.81378682478706,117.45792136190741,207.3979831995766,True,True,False,True,True,True,True,False,False,0.023504269347895956,noise,84.454785513337,False,False,False,False,,Power,Power Generation,64.35452793834297,False,False
GPPL.NS,2026-09-15,161.17999267578125,162.4923998514811,154.55734507242838,152.5135592651367,153.13423868815104,158.78352531433106,161.36938251563046,137.3626328109463,194.17086460013374,True,False,False,False,True,False,True,False,False,12.81302591953617,red,194.15852531783432,False,False,False,False,,Transport Infrastructure,Port & Port services,74.373795761079,True,False
GAEL.NS,2026-09-15,158.72000122070312,167.5991668701172,170.56431749131946,164.69759216308594,154.95274475097656,148.38048866271973,165.88319070578945,101.01982127662673,184.66065065257942,True,True,True,True,False,True,True,False,False,43.28475110550443,noise,38.66028762149693,False,False,False,False,,Agricultural Food & other Products,Other Agricultural Products,87.47591522157995,True,False
GLFL.NS,2026-09-15,5.260000228881836,5.559999982515971,5.621666669845581,5.616399984359742,5.75073333422343,5.767700002193451,5.455994642639481,3.6600000858306885,9.34000015258789,False,False,False,False,False,True,False,False,False,-7.880907289996653,green,269.11853927715026,False,False,False,False,,Finance,Other Financial Services,55.8766859344894,False,False
GUJRAFFIA.NS,2026-09-15,40.2599983215332,40.8833335240682,40.67527781592475,40.356199951171874,40.1064000193278,42.761999950408935,40.98356198338922,35.099998474121094,88.0,False,False,False,False,False,False,False,False,False,2.20867972928529,dry,17.453863716091487,False,False,False,False,,Industrial Products,Packaging,66.32947976878613,False,False
GUJTHEM.NS,2026-09-15,430.45001220703125,424.93333435058594,387.20277828640405,381.9829998779297,355.4866668701172,361.5277500915527,424.73682242487325,225.0500030517578,479.0,True,False,False,True,True,True,True,True,False,14.071818005734738,green,188.6609391226458,False,False,False,False,,Pharmaceuticals & Biotechnology,Pharmaceuticals,75.38535645472062,True,False
GNRL.NS,2026-09-15,,,,,,,,,,False,False,False,False,False,False,False,False,False,,noise,,False,False,False,False,,Oil,Oil Exploration & Production,,False,False
GUJALKALI.NS,2026-09-15,692.7000122070312,711.1999918619791,695.9430508083767,671.2719958496094,631.776332804362,596.634249420166,708.3511375946907,409.1499938964844,815.0,True,True,True,True,True,True,True,False,False,16.925739896102844,red,105.39882737456043,False,False,False,False,,Chemicals & Petrochemicals,Commodity Chemicals,76.78227360308286,True,True
GUJENERGY.NS,2026-09-15,243.55999755859375,248.13328297932944,256.16646067301434,259.86880981445313,326.2766825358073,343.08753875732424,247.65096135708527,237.552141653359,436.21192643803585,False,False,False,False,False,False,False,False,False,-42.36032806115069,noise,86.4206924334242,False,True,False,False,,Gas,LPG/CNG/PNG/LNG Supplier,14.065510597302506,False,False
FLUOROCHEM.NS,2026-09-15,4601.2998046875,4703.783365885417,4620.2750244140625,4483.916025390625,3836.275341796875,3732.4540051269532,4695.748433129119,2916.60009765625,4958.89990234375,True,True,True,True,True,True,True,False,False,26.882152886508237,noise,63.15816362370762,False,False,False,False,,Chemicals & Petrochemicals,Specialty Chemicals,81.84007707129093,True,True
GKSL.NS,2026-09-15,,,,,,,,,,False,False,False,False,False,False,False,False,False,,green,143.9327519085564,False,False,False,False,,Healthcare Services,Hospital,,False,False
GULFOILLUB.NS,2026-09-15,1057.300048828125,1077.85986328125,1100.6788550482856,1072.2048388671874,997.5064359537761,1023.0641864013672,1074.3533726649168,841.6741605754839,1242.267802432691,True,False,False,True,False,False,True,False,False,-13.044427205620956,noise,49.41639277796764,False,False,False,False,,Petroleum Products,Lubricants,49.32562620423892,False,False
GULPOLY.NS,2026-09-15,170.02999877929688,183.14916483561197,190.18508190578885,188.5142202758789,179.68154815673827,168.8242739868164,180.03494229872055,120.55614158651348,225.86168963286522,False,True,True,True,False,True,True,False,False,5.6937002563832495,noise,22.799306971923393,False,False,False,False,,Agricultural Food & other Products,Other Agricultural Products,69.1233140655106,False,False
GVKPIL.NS,2026-09-15,2.2899999618530273,2.1333333055178323,2.268888877497779,2.3383999919891356,2.710933340390523,2.812250003814697,2.1856761950597763,2.0399999618530273,4.059999942779541,False,False,False,False,False,False,False,True,False,-37.087914949021325,noise,26.476679302423417,False,False,False,False,,Power,Power Generation,19.460500963391137,False,False
GVPTECH.NS,2026-09-15,7.570000171661377,8.12083331743876,7.393333355585734,7.2284000205993655,6.917533334096273,7.363050003051757,7.896753110343123,5.21999979019165,11.1899995803833,True,False,False,False,True,True,False,False,False,-25.12363571979256,noise,50.92425059265769,False,False,False,False,,IT - Software,Computers - Software & Consulting,33.71868978805395,False,False
GYFTR.NS,2026-09-15,,,,,,,,,,False,False,False,False,False,False,False,False,False,,noise,,False,False,False,False,,Finance,Other Financial Services,,False,False
HDIL.NS,2026-09-15,1.4900000095367432,1.4950000047683716,1.5474999911255307,1.5906000018119812,1.939999996026357,2.038550005555153,1.492218036796026,1.4500000476837158,3.2699999809265137,False,False,False,False,False,False,False,False,False,-51.77993362704343,noise,69.40029032527795,False,False,False,False,,Realty,"Residential, Commercial Projects",7.129094412331407,False,False
HINDPETRO.NS,2026-09-15,345.29998779296875,356.0374984741211,366.64759063720703,369.0875714111328,368.80669169108074,385.16941162109373,353.98795407084816,300.70788795552824,483.5386775606495,False,False,False,False,False,False,False,False,False,-7.994286188698075,noise,42.27918351666589,False,False,False,False,,Petroleum Products,Refineries & Marketing,55.63583815028902,False,False
HTMEDIA.NS,2026-09-15,23.549999237060547,25.733333269755047,26.114722198910183,26.053799934387207,23.281533330281576,23.226399974822996,25.217943596334944,17.520000457763672,31.299999237060547,True,True,False,True,False,True,True,False,False,-10.011466685499638,noise,90.46192489717163,False,False,False,False,,Media,Print Media,52.98651252408478,False,False
HUDCO.NS,2026-09-15,168.9199981689453,177.70083491007486,187.4907964070638,191.14155029296876,193.48746693929036,197.09810539245606,176.2888019525865,156.74431230508782,239.21868833933843,False,False,False,False,False,False,False,False,False,-19.480447407259348,noise,71.14027442939468,False,False,False,False,,Finance,Financial Institution,41.47398843930636,False,False
HGINFRA.NS,2026-09-15,471.79998779296875,484.19999440511066,514.5230433146158,525.6867755126954,554.4536501057943,598.4286708068847,484.25622341802466,427.93192345187117,1046.1165979979082,False,False,False,False,False,False,False,False,False,-51.50754389869769,noise,29.180302897682513,False,False,False,False,,Construction,Civil Construction,7.466281310211946,False,False
HALDER.NS,2026-09-15,,,,,,,,,,False,False,False,False,False,False,False,False,False,,noise,80.84817521408492,False,False,False,False,,Agricultural Food & other Products,Other Agricultural Products,,False,False
HALDYNGL.NS,2026-09-15,,,,,,,,,,False,False,False,False,False,False,False,False,False,,noise,,False,False,False,False,,Industrial Products,Packaging,,False,False
HALEOSLABS.NS,2026-09-15,1488.9000244140625,1473.1250101725261,1485.1861165364583,1511.5800073242187,1430.7160042317707,1396.8685028076172,1470.8275222517295,1091.0999755859375,1774.0,True,True,True,True,False,True,True,True,False,28.116704550706494,green,240.57424238712363,False,True,False,False,,Pharmaceuticals & Biotechnology,Pharmaceuticals,82.36994219653178,True,False
HAMPTON.NS,2026-09-15,,,,,,,,,,False,False,False,False,False,False,False,False,False,,noise,,False,False,False,False,,Realty,"Residential, Commercial Projects",,False,False
HGM.NS,2026-09-15,46.77000045776367,48.55666700998942,47.9361113442315,48.341800155639646,52.80326670328776,55.86144998550415,48.56416052872054,42.0,82.4000015258789,False,False,False,False,False,False,False,False,False,-40.35199812091748,noise,75.99873539848575,False,False,False,False,,IT - Services,IT Enabled Services,16.329479768786126,False,False
HAPPSTMNDS.NS,2026-09-15,325.6000061035156,354.9541702270508,389.66805691189234,385.0955694580078,372.6910636393229,391.65007736206053,349.37171494338855,324.1000061035156,574.7140242073417,False,False,False,False,False,False,False,False,False,-42.14580613717719,noise,49.88095061103703,False,False,False,True,,IT - Software,Computers - Software & Consulting,14.354527938342967,False,False
HAPPYFORGE.NS,2026-09-15,2074.300048828125,2267.7749633789062,2069.8194342719185,1933.2434375,1537.9550618489584,1424.0990093994142,2210.1241702529655,886.5215390100362,2470.0,True,True,True,True,True,True,True,False,False,122.00429410966991,noise,73.5037077620417,False,False,False,False,,Industrial Products,Castings & Forgings,97.01348747591521,True,True
HARDWYN.NS,2026-09-15,9.0600004196167,9.080000003178915,10.13932540681627,11.242742729187011,14.23510440826416,13.748899641036987,9.138030129461603,7.610000133514404,20.200000762939453,False,True,False,False,False,False,False,False,False,-4.703218319341406,noise,64.18120399272665,False,False,False,False,,Consumer Durables,"Furniture, Home Furnishing",59.4412331406551,False,False
HARIOMPIPE.NS,2026-09-15,351.6000061035156,354.5750020345052,369.3416680230035,375.62800170898436,359.6616676839193,366.2072508239746,357.2545472675944,268.04998779296875,571.557343009277,False,False,False,True,False,True,False,False,False,-24.706875005963337,noise,26.955910511176,False,False,False,False,,Industrial Products,Iron & Steel Products,34.296724470134876,False,False
HRYNSHP.NS,2026-09-15,,,,,,,,,,False,False,False,False,False,False,False,False,False,,noise,,False,False,False,True,,Industrial Manufacturing,Ship Building & Allied Services,,False,False
HARRMALAYA.NS,2026-09-15,182.60000610351562,190.63499959309897,203.58444425794812,206.41940002441407,200.04700002034505,190.99665023803712,189.25808043518887,153.66000366210938,237.89999389648438,False,True,False,True,False,False,True,False,False,-13.357055229648573,noise,52.12954135922544,False,False,False,False,,Industrial Products,Rubber,49.13294797687861,False,False
HARSHA.NS,2026-09-15,424.70001220703125,448.3541666666667,428.5374984741211,426.3616687011719,398.0654530843099,393.1913688659668,444.3706092945134,312.17531583398915,470.95001220703125,True,True,True,True,False,True,True,False,False,3.2034167563862903,noise,61.122914426497,False,False,False,False,,Industrial Products,Other Industrial Products,66.90751445086705,False,False
HATHWAY.NS,2026-09-15,9.949999809265137,10.339166720708212,10.590833452012804,10.705200099945069,10.734266707102458,11.06345003604889,10.26471591276738,8.760000228881836,15.25,False,False,False,False,False,False,False,False,False,-32.90627201312483,red,135.48491841342639,False,False,False,False,,Entertainment,TV Broadcasting & Software Production,23.795761078998073,False,False
HATSUN.NS,2026-09-15,1275.0,1191.0000101725261,1032.7138926188152,998.4190014648437,947.2242537434896,948.6619491577148,1191.5126525809537,846.1695010496207,1349.699951171875,True,False,False,True,True,True,True,True,False,41.59060742178087,ppv,1011.2013733654692,False,False,True,False,,Food Products,Dairy Products,86.7533718689788,True,False
HAVELLS.NS,2026-09-15,1087.0,1171.0166727701824,1237.9694417317708,1225.93400390625,1245.1517635091145,1281.1322247314454,1149.912528246647,1081.0999755859375,1608.1409386787757,False,False,False,False,False,False,False,False,False,-30.4014527626266,noise,89.7089077884667,False,False,False,True,,Consumer Durables,Consumer Electronics,26.39691714836224,False,False
HAWKINCOOK.NS,2026-09-15,,,,,,,,,,False,False,False,False,False,False,False,False,False,,red,130.11289052244683,False,False,False,False,,Consumer Durables,Houseware,,False,False
HAZOOR.NS,2026-09-15,,,,,,,,,,False,False,False,False,False,False,False,False,False,,noise,,False,False,False,True,,Construction,Civil Construction,,False,False
HBESD.NS,2026-09-15,,,,,,,,,,False,False,False,False,False,False,False,False,False,,noise,,False,False,False,False,,Realty,"Residential, Commercial Projects",,False,False
HBPOR.NS,2026-09-15,,,,,,,,,,False,False,False,False,False,False,False,False,False,,noise,,False,False,False,False,,Finance,Other Financial Services,,False,False
HBSL.NS,2026-09-15,52.849998474121094,53.46083323160807,53.80305586920844,52.64340019226074,54.968933486938475,58.96205003738403,53.550258348707246,42.630001068115234,108.80000305175781,False,False,False,False,True,False,False,False,False,-30.24943801557194,dry,9.609277923512357,False,False,False,False,,Finance,Non Banking Financial Company (NBFC),26.445086705202314,False,False
HBLENGINE.NS,2026-09-15,720.1500244140625,694.2567342122396,698.0720723470052,710.0926782226562,739.2821057128906,761.1288897705078,707.5405627494597,612.1496526863262,1117.5594259540492,False,False,False,False,True,False,False,True,False,-17.209260290078554,noise,85.07444994107205,False,False,False,False,,Industrial Products,Other Industrial Products,43.882466281310215,False,False
HCL-INSYS.NS,2026-09-15,10.010000228881836,10.244999965031942,10.97166665395101,11.195799961090088,11.91593329747518,12.288249955177307,10.211940285048694,9.010000228881836,16.5,False,False,False,False,False,False,False,False,False,-37.59351834455467,red,102.70795181513559,False,False,False,False,,IT - Hardware,Computers Hardware & Equipments,19.026974951830443,False,False
HCLTECH.NS,2026-09-15,1253.699951171875,1281.6666666666667,1317.552781846788,1282.529794921875,1258.4058085123697,1345.286315612793,1261.2277138949237,1019.5907239069678,1729.0085007948294,False,False,False,False,False,False,False,False,False,-10.681787861821334,ppv,149.48332316613235,False,False,False,False,,IT - Software,Computers - Software & Consulting,52.312138728323696,False,False
HDBFS.NS,2026-09-15,664.7000122070312,678.5958302815756,682.4652777777778,695.9940014648438,679.5920365397135,695.5290802001953,676.6053688653715,553.7186859929476,796.6711586352184,False,False,False,True,False,False,True,False,False,-13.79994600250326,noise,34.61438514286134,False,False,False,False,,Finance,Non Banking Financial Company (NBFC),48.554913294797686,False,False
HDFCAMC.NS,2026-09-15,2409.0,2494.9833374023438,2538.941663953993,2575.7659912109375,2580.335467122396,2571.890944824219,2467.832848249819,2158.391558795009,2903.739155124938,False,True,False,False,False,False,True,False,False,-15.099502665212317,noise,76.80277211667145,False,True,False,False,,Capital Markets,Asset Management Company,46.72447013487476,False,False
HDFCBANK.NS,2026-09-15,716.5499877929688,706.6624959309896,723.8944447835287,743.905,776.5583671061198,819.9838314819336,707.3481849753946,681.9000244140625,1003.8961237048558,False,False,False,False,False,False,False,True,False,-24.697475437909265,green,170.7248677176375,False,False,False,False,,Banks,Private Sector Bank,34.39306358381503,False,False
HDFCLIFE.NS,2026-09-15,516.0999755859375,533.1499989827474,541.0680541992188,546.79,594.0000634765624,631.7297985839843,529.5983941179552,508.70001220703125,794.0698543036143,False,False,False,False,False,False,False,False,False,-33.56770125435836,red,135.90454826681963,False,False,False,False,,Insurance,Life Insurance,23.16955684007707,False,False
HEADSUP.NS,2026-09-15,6.980000019073486,6.929999947547913,6.879722224341498,6.866199998855591,7.1910666624705,7.62650000333786,6.934431640879023,5.690000057220459,12.949999809265137,False,False,False,False,True,False,False,True,False,-34.82726429307132,noise,42.05265792281929,False,False,False,False,,Textiles & Apparels,Trading - Textile Products,21.820809248554912,False,False
HEALTHX.NS,2026-09-15,305.54998779296875,300.0583267211914,302.2999996609158,308.06599975585937,295.2843332926432,298.42600006103515,302.14435574420776,252.5,363.0,True,False,False,True,False,False,True,True,False,13.292537620805822,dry,17.563697248012225,False,True,False,False,,Healthcare Services,Healthcare Service Provider,74.75915221579962,True,False
HCG.NS,2026-09-15,678.2999877929688,701.0958353678385,700.6583353678385,689.2270007324219,624.7922603352864,634.5389450073242,698.552880398897,513.2999877929688,804.6500244140625,True,False,False,True,False,True,True,False,False,-1.4957868367922011,noise,34.17251355039332,False,False,False,False,,Healthcare Services,Hospital,62.57225433526011,False,False
HECPROJECT.NS,2026-09-15,117.52999877929688,119.03499984741211,125.75194549560547,126.94300079345703,123.89266723632812,122.90530044555663,119.45210647386993,92.0999984741211,160.5,False,True,False,True,False,False,False,False,False,-15.953946040363775,dry,11.952839757956676,False,False,False,False,,Construction,Civil Construction,45.664739884393065,False,False
HEG.NS,2026-09-15,225.35000610351562,486.9916699727376,621.8513882954916,609.1436117553711,574.6996039835612,569.2424871063232,387.27227527845844,225.35000610351562,753.9000244140625,False,True,False,True,False,False,False,False,False,-56.29665135882043,noise,64.64189593903006,False,False,False,True,,Industrial Products,Electrodes & Refractories,5.202312138728324,False,False
HEIDELBERG.NS,2026-09-15,145.97000122070312,151.43869018554688,150.88214365641275,151.06618103027344,149.80889790852865,153.5533348083496,150.83527263941488,130.10026710307625,207.42435265801188,False,False,False,False,False,False,False,False,False,-28.07611160240152,red,213.13446161964671,False,False,False,False,,Cement & Cement Products,Cement & Cement Products,29.72061657032755,False,False
HEMIPROP.NS,2026-09-15,117.18000030517578,125.15333366394043,131.1652774810791,132.83619979858398,135.43346654256186,135.0501499938965,123.42990589115507,111.19999694824219,190.69000244140625,False,True,False,False,False,False,False,False,False,-32.152165045473765,red,165.09116599852845,False,False,False,False,,Commercial Services & Supplies,Diversified Commercial Services,24.566473988439306,False,False
HERANBA.NS,2026-09-15,165.9499969482422,172.61833318074545,173.17638990614148,175.23460083007814,189.07453389485678,200.3402005004883,171.6140765187291,155.3800048828125,336.96652068762427,False,False,False,False,False,False,False,False,False,-49.94467804138911,noise,58.630402763343824,False,False,False,False,,Fertilizers & Agrochemicals,Pesticides & Agrochemicals,8.429672447013488,False,False
HERITGFOOD.NS,2026-09-15,393.8500061035156,380.6583302815755,363.20694139268664,354.33601318359376,338.2993747965495,363.1142001342773,387.81419685390233,290.35662689794395,535.9513958603458,True,False,False,False,True,True,False,True,False,-18.306711348219874,red,105.39356069285957,False,True,False,False,,Food Products,Dairy Products,42.630057803468205,False,False
HEROMOTOCO.NS,2026-09-15,5166.0,5333.541666666667,5513.7416585286455,5339.898359375,5179.291051432292,5290.374658203125,5303.752408334965,4603.781580166306,6175.521739453033,False,False,False,True,False,False,True,False,False,0.8047252214947509,noise,99.23285414012051,False,False,False,False,,Automobiles,2/3 Wheelers,65.02890173410405,False,False
HESTERBIO.NS,2026-09-15,2171.800048828125,2265.9749959309897,2383.8722059461807,2368.9203369140623,1917.7271638997395,1825.9864331054687,2273.1216346464657,1233.9436104429194,2683.60009765625,True,True,True,True,False,True,True,False,False,3.853147795274281,dry,12.45966663170594,False,False,False,False,,Pharmaceuticals & Biotechnology,Pharmaceuticals,67.58188824662813,False,False
HEXATRADEX.NS,2026-09-15,156.05999755859375,157.8575007120768,158.56805547078451,158.5484002685547,161.18153330485026,161.4844500732422,157.21864898959348,147.25999450683594,194.88999938964844,False,False,False,False,False,False,True,False,False,-11.31443059839391,green,126.24428693159811,False,True,False,False,,Finance,Investment Company,51.58959537572254,False,False
HEXAGON.NS,2026-09-15,,,,,,,,,,False,False,False,False,False,False,False,False,False,,dry,17.65314998324097,False,False,False,False,,Food Products,Packaged Foods,,False,False
HEXT.NS,2026-09-15,517.5,527.6624883015951,551.9722179836697,552.0779986572265,505.82184509277346,558.9924348449707,520.6020537315225,392.77756486306447,792.7687780924847,False,False,False,False,False,True,False,False,False,-29.50964645663079,noise,55.050291189609126,False,False,False,False,,IT - Software,Computers - Software & Consulting,27.601156069364162,False,False
HFCL.NS,2026-09-15,222.00999450683594,236.9624989827474,222.53222105238171,220.39339904785157,155.8679997253418,133.50369981765746,234.3753103302945,59.81999969482422,256.70001220703125,True,True,True,True,True,True,True,False,False,204.0399954988451,noise,25.73737598235616,False,False,False,False,,Telecom - Services,Telecom - Infrastructure,99.08477842003853,True,True
HIGREEN.NS,2026-09-11,120.1500015258789,123.96250025431316,131.2833334604899,133.87600021362306,134.00300018310546,137.03700019836427,123.20885872657544,101.19999694824219,232.1999969482422,False,False,False,False,False,False,False,False,False,-45.36152575682277,noise,57.95981452859351,False,False,False,False,,Other Utilities,Waste Management,11.51252408477842,False,False
HITECH.NS,2026-09-15,73.61000061035156,76.97333335876465,80.39833323160808,82.13380020141602,84.80440007527669,85.62190013885498,76.46209017775573,70.13999938964844,127.5,False,False,False,False,False,False,False,False,False,-27.053012660880782,noise,79.85687997490938,False,False,False,False,,Industrial Products,Iron & Steel Products,30.973025048169557,False,False
HILINFRA.NS,2026-09-15,43.599998474121094,43.77916653951009,45.07388877868652,44.944999847412106,48.54893325805664,50.83679990768432,43.49690530003208,40.099998474121094,91.30000305175781,False,False,False,False,False,False,False,True,False,-50.33037243057667,ppv,300.0306415079543,False,False,False,False,,Transport Infrastructure,"Road AssetsToll, Annuity, Hybrid-Annuity",8.092485549132949,False,False
HIKAL.NS,2026-09-15,212.22000122070312,222.27922693888345,219.20424016316733,221.8495309448242,202.18900136311848,206.67113319396972,224.9069208607715,146.00661502940906,281.96029052687066,True,False,False,True,False,True,True,False,False,-18.131297666067546,noise,44.878015637312494,False,False,False,False,,Pharmaceuticals & Biotechnology,Pharmaceuticals,42.726396917148364,False,False
HILTON.NS,2026-09-15,17.290000915527344,18.698333422342937,19.995277722676594,20.79939994812012,21.232190786997478,24.678234391212463,18.468558842461995,13.430000305175781,56.650001525878906,False,False,False,False,False,False,False,False,False,-67.30950819615377,red,142.48048968505248,False,False,False,False,,Industrial Products,Castings & Forgings,1.7822736030828517,False,False
HSCL.NS,2026-09-15,637.25,665.1583353678385,715.4250064425999,714.7280041503906,606.1267171223958,571.0308393859864,664.4377141893015,417.9330556788151,819.5,True,True,True,True,False,True,True,False,False,35.85574238075038,noise,93.83012591833338,False,False,False,False,,Chemicals & Petrochemicals,Carbon Black,84.92292870905588,True,False
HIMATSEIDE.NS,2026-09-15,65.12000274658203,69.36833381652832,73.83416726854112,76.94640029907227,83.57226684570313,90.5815001296997,68.89359552280158,64.80999755859375,134.1999969482422,False,False,False,False,False,False,False,False,False,-49.11143037247992,red,110.30501026944751,False,False,False,True,,Textiles & Apparels,Other Textile Products,8.71868978805395,False,False
HINDALUMI.NS,2026-09-15,,,,,,,,,,False,False,False,False,False,False,False,False,False,,noise,,False,False,False,True,,Non - Ferrous Metals,Aluminium,,False,False
HINDUNILVR.NS,2026-09-15,1938.0999755859375,1968.7000122070312,2038.9444444444443,2068.7580078125,2153.306669108073,2198.522964477539,1961.4910138228336,1926.199951171875,2619.7497080594576,False,False,False,False,False,False,False,False,False,-24.74432747318377,green,105.33939485789364,False,False,False,False,,Diversified FMCG,Diversified FMCG,34.2485549132948,False,False
HINDADH.NS,2026-09-15,,,,,,,,,,False,False,False,False,False,False,False,False,False,,noise,,False,False,False,False,,Industrial Products,Plastic Products - Industrial,,False,False
HAL.NS,2026-09-15,4695.0,4862.7083740234375,4840.898247612848,4735.713232421875,4375.310239257812,4369.144145507813,4870.202255194236,3472.0644756594256,5149.89990234375,True,True,True,True,False,True,True,False,False,3.5449268008389323,noise,89.47864747633328,False,False,False,False,,Aerospace & Defense,Aerospace & Defense,67.29287090558766,False,False
HINDCOMPOS.NS,2026-09-15,379.45001220703125,394.8166732788086,410.43055640326605,418.9370007324219,420.22333333333336,421.7557496643066,390.00656878307046,347.1000061035156,550.0,False,False,False,False,False,False,False,False,False,-18.56481517564328,noise,43.980878177254084,False,False,False,False,,Auto Components,Auto Components & Equipments,42.38921001926782,False,False
HCC.NS,2026-09-15,21.31999969482422,23.225833257039387,21.933333343929714,22.18300006866455,21.04746671040853,20.6005500793457,22.791762466647555,13.649999618530273,30.0,True,True,False,True,False,True,False,False,False,-25.166725636700626,noise,69.93605544707675,False,False,False,False,,Construction,Civil Construction,33.6223506743738,False,False
HINDOILEXP.NS,2026-09-15,175.72000122070312,179.68500137329102,165.59277894761829,163.63340026855468,156.15706705729167,155.29920059204102,181.13679505996592,117.5,201.44000244140625,True,True,True,True,True,True,True,False,False,4.210654909924094,noise,56.98879436207631,False,False,False,False,,Oil,Oil Exploration & Production,67.72639691714836,False,False
HINDALCO.NS,2026-09-15,958.7000122070312,1009.3375091552734,1016.6541714138455,1000.741767578125,994.1903690592447,967.862516784668,1002.903018544032,728.1514177780007,1169.8969824893504,False,True,True,True,False,True,True,False,False,29.76520500920654,noise,51.621056593367385,False,False,False,False,,Non - Ferrous Metals,Aluminium,82.99614643545279,True,False
HINDCON.NS,2026-09-15,23.739999771118164,23.59499979019165,22.886388778686523,22.461599922180177,21.75226666768392,22.84649998664856,23.668146009529497,15.65999984741211,37.75,True,False,False,False,True,True,False,True,False,-27.333942143638133,noise,90.8902210640923,False,True,False,False,,Chemicals & Petrochemicals,Specialty Chemicals,30.443159922928707,False,False
HPIL.NS,2026-09-15,119.7699966430664,122.23749987284343,125.40777799818251,124.99640014648438,126.83766682942708,128.50905017852784,122.25279186211071,107.0,154.4499969482422,False,False,False,False,False,False,True,False,False,-12.14055882625532,dry,11.48647329476308,False,False,False,False,,Chemicals & Petrochemicals,Dyes And Pigments,50.481695568400774,False,False
HGS.NS,2026-09-15,381.6000061035156,392.0250015258789,407.0999984741211,412.117998046875,404.15299947102864,413.03199951171877,389.1244436413434,342.04998779296875,546.3499755859375,False,False,False,False,False,False,False,False,False,-27.452470322525546,dry,15.146788648429022,False,False,False,False,,Commercial Services & Supplies,Business Process Outsourcing (BPO)/ Knowledge Process Outsourcing (KPO),30.154142581888248,False,False
HINDCOPPER.NS,2026-09-15,492.1000061035156,521.2333323160807,527.0958319769966,516.6639990234376,529.1868467203776,519.6922454833984,519.8374497573174,249.3026490871869,758.8333740234375,False,True,True,False,False,True,False,False,False,76.90794883370626,noise,66.45880478878254,False,False,False,False,,Non - Ferrous Metals,Copper,93.64161849710982,True,False
HNDFDS.NS,2026-09-15,598.1500244140625,626.0500030517578,608.33472527398,594.3500024414062,539.758667602539,530.9680000305176,619.1049464404076,442.0,677.75,True,True,True,True,True,True,True,False,False,11.950222361942942,noise,67.18868697708326,False,False,False,False,,Diversified FMCG,Diversified FMCG,73.79576107899807,True,True
HMVL.NS,2026-09-15,78.02999877929688,84.0316670735677,90.89944458007812,90.67839996337891,77.07779965718588,74.97049955368043,82.56310832599718,55.20000076293945,108.16000366210938,True,True,True,True,False,True,False,False,False,-8.981691678674085,dry,3.7936096891512934,False,False,False,False,,Media,Print Media,54.33526011560693,False,False
HINDZINC.NS,2026-09-15,560.9000244140625,592.7333424886068,579.7819519042969,565.6620068359375,573.2946476236979,578.4734594726563,586.7964543031192,437.60457926809016,719.8477125036038,False,False,True,False,False,False,True,False,False,23.371462133543663,noise,45.729954617506976,False,False,False,False,,Non - Ferrous Metals,Zinc,80.58766859344894,True,False
HINDWAREAP.NS,2026-09-15,174.4199981689453,183.03999964396158,200.28583229912653,210.28679931640625,219.39833323160806,230.01145011901855,182.06578725354154,170.5,392.70001220703125,False,False,False,False,False,False,False,False,False,-47.973154908591994,noise,54.96143354463642,False,False,False,False,,Consumer Durables,Sanitary Ware,9.393063583815028,False,False
HIRECT.NS,2026-09-15,1204.9000244140625,1238.4833475748699,1268.478756374783,1239.3155883789063,1007.7952941894531,931.7556637573242,1240.5808794657585,564.6092543150997,1397.5377365248423,True,True,True,True,False,True,True,False,False,42.943914098167824,noise,31.59664267610369,False,False,False,False,,Industrial Manufacturing,Industrial Products,87.37957610789981,True,False
HISARMETAL.NS,2026-09-15,155.52999877929688,157.42083231608072,152.1545041402181,152.21940368652344,152.69039184570312,155.0536499786377,156.64715128982294,124.16345488191423,193.68067850957118,True,False,False,False,True,False,True,False,False,-16.51628457679626,dry,15.91457716866532,False,False,False,False,,Industrial Products,Iron & Steel Products,44.99036608863199,False,False
POWERINDIA.NS,2026-09-15,30790.0,32132.916666666668,32933.08566623264,32789.5541015625,30961.175013020835,27917.054926757814,31785.835353938077,16107.154467866794,38775.74235339215,False,True,True,True,False,True,True,False,False,58.3411368173818,noise,81.30051594462377,False,False,False,False,,Electrical Equipment,Heavy Electrical Equipment,91.1849710982659,True,False
HITECHCORP.NS,2026-09-15,327.8999938964844,334.35170491536456,328.07391272650824,325.62012451171876,232.44308334350586,216.09377292633056,333.2190823148046,111.66765926887025,343.9762701616608,True,True,True,True,True,True,True,False,False,62.30364372622525,noise,59.4179454837477,False,False,False,False,,Industrial Products,Packaging,91.71483622350675,True,True
HLEGLAS.NS,2026-09-15,395.3999938964844,341.4250005086263,366.1347249348958,379.62400146484373,347.41333374023435,369.0379998779297,358.86821811552903,250.0,661.9500122070312,True,False,False,True,True,True,False,True,False,-26.03874822524511,red,164.84871341448277,False,False,False,False,,Industrial Manufacturing,Industrial Products,32.46628131021195,False,False
HLVLTD.NS,2026-09-15,6.260000228881836,6.423333406448364,6.786944442325169,6.959999990463257,7.638999999364217,8.006749975681306,6.412171312837959,5.599999904632568,12.600000381469727,False,False,False,False,False,False,False,False,False,-46.723402307388625,noise,83.00212116960797,False,False,False,False,,Leisure Services,Hotels & Resorts,10.308285163776493,False,False
HMAAGRO.NS,2026-09-15,23.40999984741211,20.826666514078777,21.368888801998562,21.48119987487793,23.31573329925537,24.56229998588562,21.03022227938258,19.09000015258789,34.2400016784668,False,False,False,False,True,False,False,True,False,-22.790237193147732,ppv,1372.9850813738929,True,False,False,False,,Food Products,Meat Products including Poultry,37.33140655105973,False,False
HMT.NS,2026-09-15,61.09000015258789,64.83333333333333,62.19916672176785,62.53240028381347,60.07960006713867,56.740650024414066,64.27520276296447,41.0,72.94999694824219,True,True,True,True,False,True,True,False,False,8.104763700390127,noise,75.74752500827441,False,False,False,False,,Industrial Manufacturing,Industrial Products,70.66473988439307,True,False
HOACFOODS.NS,2026-09-11,913.2000122070312,927.4625040690104,824.620836046007,789.6450036621094,577.7790018717448,517.405251159668,929.3179158291681,219.85000610351562,1010.0,True,True,True,True,True,True,True,False,False,289.756722284507,red,159.5744680851064,False,False,False,False,,Food Products,Other Food Products,99.42196531791907,True,True
HOLMARC.NS,2026-09-11,108.69999694824219,104.86249987284343,105.9415545993381,105.86816299438476,97.66433575948079,98.03784433364868,106.1425792013069,59.771732330322266,126.2124252319336,True,False,False,True,True,True,True,True,False,-6.619127002671155,ppv,393.44262295081967,True,False,False,False,,Industrial Products,Other Industrial Products,57.03275529865125,False,False
HOMEFIRST.NS,2026-09-15,1175.300048828125,1196.9000040690105,1187.352776421441,1198.957998046875,1130.696075032552,1126.599666442871,1195.2607254767836,889.5428439967044,1311.570558920454,True,True,False,True,False,True,True,False,False,-7.620664023809698,noise,75.78010244736853,False,True,False,False,,Finance,Housing Finance Company,56.21387283236994,False,False
HOMESFY.NS,2026-09-14,111.30000305175781,111.30000305175781,115.6305571662055,116.1760009765625,125.20533391316732,136.0375004196167,111.50186725921878,100.69999694824219,275.0,False,False,False,False,False,False,False,False,False,-58.624534181502675,dry,0.0,False,False,False,False,,Realty,Real Estate related services,4.094412331406551,False,False
HONASA.NS,2026-09-15,457.25,471.92916107177734,469.2412397596571,466.8495617675781,387.7343495686849,359.76290222167967,470.5424457308077,246.8630140577539,506.64561650495574,True,True,True,True,False,True,True,False,False,53.21240361316668,noise,51.93837998564671,False,False,False,False,,Personal Products,Personal Care,90.17341040462428,True,False
HONDAPOWER.NS,2026-09-15,1926.5999755859375,1993.3666687011719,2052.111650254991,2064.0877465820313,2127.8714575195313,2154.9479986572264,1980.7666295527788,1796.809438720053,2890.7505295552037,False,False,False,False,False,False,False,False,False,-31.59231243341364,noise,83.29450139794967,False,False,False,False,,Industrial Manufacturing,Industrial Products,25.048169556840076,False,False
HONAUT.NS,2026-09-15,33595.0,35183.333333333336,36773.88888888889,37207.005390625,33818.84890625,33762.98986328125,34843.18465530678,26146.075333867524,41495.0,False,True,False,True,False,False,True,False,False,-5.603849463498589,noise,54.325329005340315,False,False,False,False,,Industrial Manufacturing,Industrial Products,58.38150289017341,False,False
HORIZONIND.NS,2026-09-15,,,,,,,,,,False,False,False,False,False,False,False,False,False,,noise,,False,False,False,True,,Realty,"Residential, Commercial Projects",,False,False
HPAL.NS,2026-09-15,35.40999984741211,35.53583335876465,34.960555500454376,34.77099998474121,35.66013341267904,37.082850036621096,35.85369820124334,26.520000457763672,53.0,False,False,False,False,True,True,False,False,False,-24.82937538096427,noise,67.30830208390701,False,False,False,False,,Chemicals & Petrochemicals,Specialty Chemicals,34.152215799614645,False,False
HPL.NS,2026-09-15,283.20001220703125,299.72916412353516,317.8166664971246,325.5739996337891,338.16133382161456,346.56375076293943,297.63495665141465,255.5500030517578,506.85071142832044,False,False,False,False,False,False,False,False,False,-40.00924048859649,noise,77.8070471070882,False,False,False,False,,Industrial Manufacturing,Industrial Products,16.61849710982659,False,False
HRHNEXT.NS,2026-09-11,23.649999618530273,25.19166660308838,26.140277597639297,26.46099987030029,27.10099994659424,27.842249975204467,25.21789739179974,21.0,39.29999923706055,False,False,False,False,False,False,False,False,False,-30.44117759255802,noise,64.93506493506493,False,False,False,False,,Commercial Services & Supplies,Business Process Outsourcing (BPO)/ Knowledge Process Outsourcing (KPO),26.34874759152216,False,False
HUBTOWN.NS,2026-09-15,173.17999267578125,183.55500030517578,185.74833255343967,191.14839935302734,200.90833333333333,211.46490028381348,182.57003041141382,168.14999389648438,339.3999938964844,False,False,False,False,False,False,False,False,False,-48.2581456947604,noise,54.85999834642321,False,False,False,False,,Realty,"Residential, Commercial Projects",9.20038535645472,False,False
HUHTAMAKI.NS,2026-09-15,242.14999389648438,258.0791664123535,276.4961111280653,264.7502001953125,205.31170145670572,203.76416381835938,257.2242688664885,147.03555205657148,330.0,True,True,True,True,False,True,False,False,False,6.011025331220532,dry,16.53609300193015,False,False,False,False,,Industrial Products,Packaging,69.26782273603082,False,False
HTEL.NS,2026-09-15,,,,,,,,,,False,False,False,False,False,False,False,False,False,,noise,,False,False,False,False,,Industrial Products,Other Industrial Products,,False,False
HYBRIDFIN.NS,2026-09-15,16.209999084472656,16.8650000890096,17.441111193762886,17.78900005340576,18.50560002644857,18.816849994659425,16.802689612415953,13.0600004196167,33.619998931884766,False,False,False,False,False,False,False,False,False,6.71494096291223,noise,33.30754784683421,False,False,False,False,,Capital Markets,Stockbroking & Allied,69.70134874759152,False,False
HYUNDAI.NS,2026-09-15,2140.0,2191.2166544596353,2178.628943549262,2114.7434204101564,1985.3288045247396,2055.4986309814453,2185.540597504218,1642.3163104887294,2862.6621204739863,True,False,False,True,True,True,False,False,False,-15.631020853828959,noise,58.134048174003375,False,False,False,False,,Automobiles,Passenger Cars & Utility Vehicles,46.09826589595375,False,False
IGPL.NS,2026-09-15,525.25,547.3083343505859,501.97317843967016,481.1975067138672,427.4690704345703,415.2001953125,542.899536795305,311.6019343179066,590.0,True,True,True,True,True,True,True,False,False,22.783649023253382,noise,79.66474697315424,False,False,False,False,,Chemicals & Petrochemicals,Commodity Chemicals,80.2504816955684,True,True
IOB.NS,2026-09-15,32.380001068115234,32.89500013987223,33.43083328670926,33.622799987792966,34.00380007425944,34.444100074768066,32.92403027852599,31.200000762939453,41.79999923706055,False,False,False,False,False,False,True,False,False,-17.87978489093526,noise,67.94398550851409,False,False,False,False,,Banks,Public Sector Bank,43.20809248554913,False,False
IOC.NS,2026-09-15,132.02999877929688,136.02833557128906,138.21519682142468,138.44576416015624,144.26691182454428,147.82871086120605,135.30859414854842,129.06965104614895,184.95879041358242,False,False,False,False,False,False,False,False,False,-2.5175140153243847,red,109.32959950123602,False,False,False,False,,Petroleum Products,Refineries & Marketing,61.46435452793835,False,False
IRCTC.NS,2026-09-15,458.54998779296875,474.1833318074544,491.11805470784503,493.79999877929686,527.6008321126302,558.6579385375976,470.9358264109709,457.0,729.6618113637422,False,False,False,False,False,False,False,False,False,-35.47054029254555,noise,77.78293056814972,False,False,False,True,,Leisure Services,"Tour, Travel Related Services",21.19460500963391,False,False
IRFC.NS,2026-09-15,79.1500015258789,82.30250040690105,85.92944463094075,86.69480026245117,95.47266220092773,100.96320644378662,81.87933156035035,79.0,135.7285614195044,False,False,False,False,False,False,False,False,False,-35.738396057317146,red,116.78616088623082,False,False,False,True,,Finance,Financial Institution,20.616570327552985,False,False
ITDC.NS,2026-09-15,653.4500122070312,650.6708323160807,684.2458326551649,695.9930017089844,593.3670003255208,584.5252499389649,657.6445132779107,368.0,822.0,True,True,True,True,False,True,True,False,False,0.06891457994353534,dry,7.798922631687249,False,False,False,False,,Leisure Services,Hotels & Resorts,64.49903660886321,False,False
IBLFL.NS,2026-09-11,61.0,60.56666692097982,60.984722243414986,60.418999938964845,55.9933332824707,56.81324995040894,60.54935402162997,43.95000076293945,72.80000305175781,True,False,False,True,True,True,True,True,False,-7.57575757575758,green,132.7433628318584,False,False,False,False,,Finance,Non Banking Financial Company (NBFC),56.26204238921002,False,False
ICDSLTD.NS,2026-09-15,63.150001525878906,57.05750020345052,46.23055574629042,44.506800155639645,44.04833330790202,43.91490001678467,59.53127688482158,36.400001525878906,71.44999694824219,True,True,False,True,True,True,True,True,False,30.206188713152393,noise,30.214861235452105,False,False,False,False,,Commercial Services & Supplies,Diversified Commercial Services,83.23699421965318,True,False
ICEMAKE.NS,2026-09-15,695.5499877929688,733.3416646321615,771.7736104329427,778.9760009765625,781.3503356933594,773.9105014038086,727.2010685019278,660.2999877929688,920.0,False,True,False,False,False,False,True,False,False,-8.618615550764941,noise,95.99663118765156,False,False,False,False,,Industrial Manufacturing,Industrial Products,54.91329479768786,False,False
ICICIAMC.NS,2026-09-15,,,,,,,,,,False,False,False,False,False,False,False,False,False,,green,169.56177742568835,False,False,False,False,,Capital Markets,Asset Management Company,,False,False
ICICIBANK.NS,2026-09-15,1350.4000244140625,1410.3916727701824,1421.6762288411458,1418.3708154296876,1339.9827384440105,1346.5797546386718,1395.4122757369273,1177.67166509731,1467.6271961496604,True,False,False,True,False,False,True,False,False,-3.944087832058929,noise,93.5872270125116,False,False,False,False,,Banks,Private Sector Bank,60.308285163776496,False,False
ICICIGI.NS,2026-09-15,1427.699951171875,1513.625,1597.9805636935764,1632.12400390625,1752.2602620442708,1791.543734741211,1494.7850148242956,1423.0999755859375,2057.089271774458,False,False,False,False,False,False,False,False,False,-23.150498160521828,noise,80.35230269481859,False,False,False,True,,Insurance,General Insurance,36.51252408477842,False,False
ICICIPRULI.NS,2026-09-15,457.6000061035156,487.45833079020184,501.3861083984375,501.1729992675781,531.5947446695964,560.6876350402832,479.11623195596655,455.29998779296875,704.3556293706895,False,False,False,False,False,False,False,False,False,-23.270444789407453,noise,56.339171690235965,False,False,False,True,,Insurance,Life Insurance,36.36801541425819,False,False
ICRA.NS,2026-09-15,4643.2998046875,4838.999918619792,4947.024956597223,4989.05732421875,5180.839111328125,5380.803811035156,4801.2045924974955,4600.2001953125,6839.023714846967,False,False,False,False,False,False,False,False,False,-24.250999607135036,noise,44.79736561553994,False,False,False,True,,Capital Markets,Ratings,34.971098265895954,False,False
IDBI.NS,2026-09-15,82.94999694824219,87.59749984741211,85.54833327399359,85.3163998413086,83.7803998819987,88.12374988555908,85.27202221881068,61.0099983215332,118.37999725341797,False,False,False,False,False,True,False,False,False,-10.816046615345233,red,363.36763020076876,False,False,False,False,,Banks,Private Sector Bank,52.07129094412332,False,False
IDEAFORGE.NS,2026-09-15,704.25,768.2625020345052,818.6444430881077,831.9949987792969,692.3156669108073,631.2652497863769,755.2233268701768,366.0,992.25,True,True,True,True,False,True,False,False,False,42.18655710816827,noise,74.16833112103535,False,False,False,False,,Aerospace & Defense,Aerospace & Defense,87.09055876685935,True,False
IDFCFIRSTB.NS,2026-09-15,84.80000305175781,85.84000015258789,85.40503417121039,83.87267639160156,75.22470237731933,77.21293912887573,85.87876042540577,57.90987854420542,88.50001826783308,True,False,True,True,True,True,True,False,False,18.05819133746138,red,136.04510057035193,False,False,False,False,,Banks,Private Sector Bank,77.3121387283237,True,False
IFBAGRO.NS,2026-09-15,861.0999755859375,895.125,961.5055541992188,961.877998046875,916.1010009765625,1024.2547509765625,893.2103204521161,679.1500244140625,1790.0,False,False,False,False,False,False,False,False,False,9.13123235632991,noise,46.794095805824846,False,False,False,False,,Beverages,Breweries & Distilleries,71.82080924855492,True,False
IFBIND.NS,2026-09-15,1272.0,1304.4000040690105,1350.4472215440537,1344.9539965820313,1209.8196655273437,1272.430247192383,1300.7932375977884,883.2000122070312,2019.800048828125,False,False,False,True,False,True,False,False,False,-15.666647296850423,noise,51.5164877072136,False,True,False,False,,Consumer Durables,Household Appliances,46.05009633911368,False,False
IFCI.NS,2026-09-15,76.94999694824219,90.91666666666667,81.88666703965929,79.59940032958984,69.24346677144368,65.27900003433227,87.19018663846273,46.22999954223633,107.5,True,True,True,True,False,True,False,False,False,44.182121956667416,red,135.75175899018194,False,False,False,False,,Finance,Financial Institution,87.71676300578035,True,False
IFGLEXPOR.NS,2026-09-15,200.3300018310547,208.21750005086264,211.59682379828558,212.9399575805664,185.6379587809245,188.13339096069336,207.53521461190843,118.36341946149847,334.28171894337873,True,False,False,True,False,True,False,False,False,-16.38459922735779,noise,31.041053366802192,False,False,False,False,,Industrial Products,Electrodes & Refractories,45.08670520231214,False,False
IGARASHI.NS,2026-09-15,437.04998779296875,418.56666310628253,439.7591951158312,445.57281982421875,396.4086614990234,402.3649349975586,420.6579609627046,270.2581708470401,556.369872473851,True,False,False,True,False,True,True,True,False,-11.45732743619875,ppv,2674.384914605639,False,False,False,False,,Auto Components,Auto Components & Equipments,51.396917148362235,False,False
IIFLCAPS.NS,2026-09-15,336.5,337.7124964396159,336.2180531819661,336.89799865722654,324.16460378011067,327.30625663757326,337.7336121778116,240.39999389648438,407.5051309315702,True,False,False,True,False,True,True,False,False,13.400210027966363,noise,96.96325473664723,False,False,False,False,,Capital Markets,Stockbroking & Allied,74.8073217726397,True,False
IIFL.NS,2026-09-15,581.0499877929688,629.120839436849,626.7638905843099,605.8530004882813,522.8680006917318,536.9736343383789,617.7233778196712,409.1000061035156,705.0,True,False,True,True,False,True,True,False,False,34.70240856080349,noise,80.12706727580391,False,False,False,False,,Finance,Non Banking Financial Company (NBFC),84.4412331406551,True,False
IKIO.NS,2026-09-15,211.05999755859375,212.99916458129883,205.1188884311252,205.7827993774414,166.79699971516928,167.9064496612549,215.01792289121587,103.52999877929688,248.8800048828125,True,False,False,True,True,True,True,False,False,-5.684154656399043,noise,25.58949678621904,False,False,False,False,,Consumer Durables,Consumer Electronics,58.285163776493256,False,False
IL&FSENGG.NS,2026-09-15,39.16999816894531,36.497499783833824,35.6744442515903,33.67499980926514,29.10840000152588,28.34775002479553,37.337977981948534,21.0,39.97999954223633,True,True,True,True,True,True,True,True,False,18.69696414831914,noise,63.74333127095454,False,False,True,False,,Construction,Civil Construction,77.55298651252409,True,True
IVC.NS,2026-09-15,7.920000076293945,9.322500069936117,8.615555551317003,8.506400012969971,7.920399993260702,7.930100009441376,9.16593033854986,6.019999980926514,10.989999771118164,False,False,False,True,False,True,False,False,False,-0.5876061693769752,red,292.90216136512686,False,False,False,False,,Capital Markets,Asset Management Company,63.48747591522158,False,False
IL&FSTRANS.NS,2026-09-15,1.9199999570846558,2.111666649580002,2.105555537674162,2.116199996471405,2.274266657034556,2.4045499938726427,2.054905234238401,1.75,3.3399999141693115,False,False,False,False,False,False,False,False,False,-39.43217946766322,red,285.0057226256095,False,False,False,False,,Construction,Civil Construction,17.196531791907514,False,False
IMAGICAA.NS,2026-09-15,50.43000030517578,54.49583371480306,50.60583358340793,49.56040016174316,46.26740002950032,47.02999998092651,53.18630883171517,36.84000015258789,62.0,True,False,False,True,True,True,True,False,False,-8.872424708843262,noise,39.085107802589306,False,False,False,False,,Leisure Services,Amusement Parks/ Other Recreation,54.6242774566474,False,False
IMPEXFERRO.NS,2026-09-15,5.28000020980835,4.723333319028218,3.730833331743876,3.3234000110626223,2.3412000052134196,2.2053500044345857,4.840619703168653,1.2999999523162842,5.28000020980835,True,True,True,True,True,True,True,True,False,143.31797346412296,ppv,193.93359207193325,False,False,True,False,,Ferrous Metals,Ferro & Silica Manganese,97.92870905587668,True,True
INCREDIBLE.NS,2026-09-15,33.459999084472656,32.384166876475014,32.72777769300673,32.88439994812012,33.92886660257975,35.12269998550415,32.57830170819977,28.100000381469727,49.880001068115234,False,False,False,False,True,False,False,True,False,-28.320482292793216,noise,46.47266126559839,False,False,False,False,,Industrial Products,Iron & Steel Products,29.09441233140655,False,False
INDSWFTLAB.NS,2026-09-15,378.75,372.32750193277997,307.51027891370984,286.10280151367186,194.64486684163413,170.80295013427735,372.3280585858873,87.1500015258789,404.0,True,True,True,True,True,True,True,True,False,243.78688054363784,noise,26.89703970941758,False,False,False,False,,Pharmaceuticals & Biotechnology,Pharmaceuticals,99.32562620423893,True,True
INDBANK.NS,2026-09-15,26.709999084472656,28.93999989827474,31.21750005086263,31.838399963378905,33.045866622924805,33.732800025939945,28.318899153134886,26.399999618530273,47.150001525878906,False,False,False,False,False,False,False,False,False,-17.739457713841556,noise,56.607729828300066,False,False,False,False,,Capital Markets,Stockbroking & Allied,43.30443159922929,False,False
BAJAJINDEF.NS,2026-09-15,220.69000244140625,222.7866668701172,224.69195090399847,228.14331817626953,248.64743103027342,267.36972869873046,222.72301202929032,205.4639775684266,438.78580706435025,False,False,False,False,False,False,False,False,False,-35.930817470203,noise,46.65164610098936,False,True,False,False,,Industrial Manufacturing,Industrial Products,20.520231213872833,False,False
INDGN.NS,2026-09-15,571.5,591.6583353678385,564.6949250962999,546.6334210205079,510.5730804443359,510.0663458251953,583.489395209754,412.19021062389317,615.5,True,True,True,True,True,True,True,False,False,-0.18098311666423506,noise,53.12532894022352,False,False,False,False,,Healthcare Services,"Healthcare Research, Analytics & Technology",64.0655105973025,False,False
INDIACEM.NS,2026-09-15,336.0,357.06249745686847,375.7430538601345,379.6729992675781,388.8140006510417,401.46275070190427,352.8000469704119,333.0,485.79998779296875,False,False,False,False,False,False,False,False,False,-14.83968815218708,noise,26.134338555938736,False,False,False,True,,Cement & Cement Products,Cement & Cement Products,47.10982658959538,False,False
INDIAGLYCO.NS,2026-09-15,280.20001220703125,571.5833396911621,943.608336130778,990.4870010375977,968.3549134318034,970.3856729888917,457.9864515108165,217.0,1219.0,False,False,False,True,False,False,False,False,False,-65.89784232473643,noise,20.906020078695033,False,False,False,False,,Beverages,Breweries & Distilleries,2.167630057803468,False,False
IMPAL.NS,2026-09-15,1077.800048828125,1109.4166564941406,1099.2055528428818,1104.6759716796876,1048.001299235026,1038.3106567382813,1108.3337393246047,909.4963440827373,1214.1971604368546,True,True,True,True,False,False,True,False,False,9.256427045727866,noise,52.69303679962477,False,False,False,False,,Auto Components,Trading - Auto components,72.0616570327553,True,False
INDNIPPON.NS,2026-09-15,1279.0,1168.4083353678386,1148.411109076606,1151.2539978027344,930.8567236328125,892.4259613037109,1225.3961146409895,675.0,1564.0,True,True,True,True,True,True,True,True,False,43.433907993854184,noise,64.73443511975567,False,False,False,False,,Auto Components,Auto Components & Equipments,87.57225433526011,True,True
IPL.NS,2026-09-15,132.67999267578125,136.41666539510092,141.32661946614584,144.8771600341797,151.93007471720378,155.7564098739624,135.7617825375449,124.33164441081733,238.9654263634813,False,False,False,False,False,False,False,False,False,-37.73363984885041,noise,45.887957196034634,False,False,False,False,,Fertilizers & Agrochemicals,Pesticides & Agrochemicals,18.786127167630056,False,False
DPSCLTD.NS,2026-09-15,7.050000190734863,7.210833350817363,7.257222268316481,7.297800016403198,8.238333320617675,8.631449995040894,7.159893180347879,6.840000152587891,13.3100004196167,False,False,False,False,False,False,False,False,False,-41.926919365701146,noise,83.17397049444705,False,True,False,True,,Power,Integrated Power Utilities,14.595375722543352,False,False
INDIASHLTR.NS,2026-09-15,647.25,659.4875030517578,679.4666663275825,711.0090014648438,741.1556730143229,757.4197006225586,660.9789772896777,620.1500244140625,911.9719209725083,False,False,False,False,False,False,False,False,False,-26.19171060728146,noise,76.30315830854644,False,False,False,False,,Finance,Housing Finance Company,32.369942196531795,False,False
IBULLSLTD.NS,2026-09-15,27.440000534057617,25.887499968210857,27.09833330578274,27.85199993133545,20.57839993794759,19.179999976158143,26.071976755184888,8.899999618530273,32.5,True,True,True,True,False,True,True,True,False,45.879858124083526,noise,23.819366267811215,False,False,False,False,,Commercial Services & Supplies,Diversified Commercial Services,88.10211946050096,True,False
INDIAMART.NS,2026-09-15,1659.5,1714.7833455403645,1748.4333360460068,1792.892001953125,1942.8993318684895,1998.2250079345704,1697.024447451093,1624.0999755859375,2556.182504015267,False,False,False,False,False,False,False,False,False,-34.64158269917008,noise,48.837140412659636,False,True,False,False,,Retailing,Internet & Catalogue Retail,21.965317919075144,False,False
INDIANB.NS,2026-09-15,836.75,871.4875081380209,867.102783203125,855.0470056152344,861.0197888183594,849.7812454223633,862.3658655609435,676.0483836586577,980.0229061203939,False,True,False,False,False,False,True,False,False,22.810239967664625,noise,38.51969007923035,False,False,False,False,,Banks,Public Sector Bank,80.29865125240848,True,False
INDIANCARD.NS,2026-09-15,207.35000610351562,212.3299992879232,216.00861061943903,218.91179962158202,211.55659973144532,218.21879974365234,212.2721621252946,153.0,303.04998779296875,False,False,False,True,False,True,False,False,False,-27.207301505844516,dry,11.59727336092526,False,False,False,False,,Textiles & Apparels,Other Textile Products,30.63583815028902,False,False
IEML.NS,2026-09-11,40.45000076293945,41.93749968210856,41.83055538601346,41.96899993896484,58.2816665649414,65.73599998474121,41.48046866673218,37.79999923706055,199.60000610351562,False,False,False,False,False,False,False,False,False,-76.4893925920066,noise,87.46355685131195,False,False,False,False,,Chemicals & Petrochemicals,Specialty Chemicals,0.9152215799614644,False,False
IEX.NS,2026-09-15,112.0,117.74333318074544,123.66138860914442,123.01359985351563,123.34391138712566,125.87510414123535,116.78469585359679,111.81999969482422,155.89996069995715,False,False,False,False,False,False,False,False,False,-20.505745871623628,red,105.99347402392247,False,False,False,True,,Capital Markets,Exchange and Data Platform,40.31791907514451,False,False
INDHOTEL.NS,2026-09-15,715.0,720.8500061035156,727.7708350287544,729.1950012207031,680.3773771158855,686.3397045898438,719.7791031503302,562.4948988120375,789.0359805542071,True,False,False,True,False,False,True,False,False,-7.6527853959317715,red,129.04315579280222,False,False,False,False,,Leisure Services,Hotels & Resorts,56.165703275529864,False,False
INDIANHUME.NS,2026-09-15,354.0,379.7208302815755,382.5333302815755,381.6845452880859,342.46667541503905,355.71822402954103,374.72095528404105,276.3430988061381,426.6626968523802,False,False,False,True,False,False,True,False,False,-8.47080486296824,dry,18.358618063681682,False,False,False,False,,Construction,Civil Construction,55.10597302504817,False,False
IMFA.NS,2026-09-15,1220.800048828125,1297.316650390625,1380.6264139811199,1375.2043115234376,1374.7844059244792,1357.5309741210938,1286.2323496926497,994.6302382759941,1670.7880501060147,False,True,False,True,False,False,False,False,False,20.766113207310212,noise,96.66525943119433,False,False,False,False,,Ferrous Metals,Ferro & Silica Manganese,79.23892100192678,True,False
IREDA.NS,2026-09-15,109.0,112.54603068033855,115.9991086324056,117.45287521362305,121.96249766031902,124.97607055664062,112.05956741789507,107.36165539357144,161.41304312978065,False,False,False,False,False,False,False,False,False,-25.138785794463203,noise,89.49448407493234,False,False,False,False,,Finance,Financial Institution,33.67052023121387,False,False
INDTERRAIN.NS,2026-09-15,28.010000228881836,29.753333409627277,30.31944439146254,30.424199867248536,31.34993329366048,32.11629998207092,29.398730049183662,24.559999465942383,42.619998931884766,False,False,False,False,False,False,False,False,False,-17.03198571838742,noise,80.49749928463773,False,False,False,False,,Textiles & Apparels,Garments & Apparels,44.07514450867052,False,False
IWP.NS,2026-09-15,,,,,,,,,,False,False,False,False,False,False,False,False,False,,noise,,False,False,False,False,,"Paper, Forest & Jute Products",Forest Products,,False,False
INDIGOPNTS.NS,2026-09-15,1061.9000244140625,1136.5092264811199,1122.2479281955295,1104.5081640625,975.6976188151042,1022.4321157836914,1116.2271880712556,705.057642497368,1340.211918083566,True,False,False,True,False,True,True,False,False,-6.741857788243799,noise,52.831116544958135,False,False,False,False,,Consumer Durables,Paints,56.79190751445087,False,False
INDIGRID.NS,2026-09-11,173.89999389648438,174.68916956583658,174.7147560119629,174.66269439697265,166.85188832600912,164.06972297668457,174.53159649295574,147.4569609515759,177.25,True,True,True,True,False,False,True,False,False,15.58674774408928,noise,56.49319583836571,False,False,False,False,,Power,Power - Transmission,76.05973025048169,True,False
INDIQUBE.NS,2026-09-15,199.42999267578125,197.86916478474936,187.7127766079373,183.54299926757812,170.04580037434897,177.17225036621093,199.49791639488072,131.14999389648438,243.8000030517578,True,False,False,True,True,True,True,False,False,-14.503130681529386,noise,29.3077811755654,False,False,False,False,,Commercial Services & Supplies,Diversified Commercial Services,47.543352601156066,False,False
IITL.NS,2026-09-15,148.83999633789062,151.46333185831705,146.78222295973035,141.8856007385254,142.80333353678387,146.67670021057128,149.70804611128352,108.0,216.0,True,False,False,False,True,True,False,False,False,-22.26458693843839,noise,82.65064509754342,False,False,False,False,,Finance,Investment Company,37.909441233140655,False,False
INDPRUD.NS,2026-09-15,,,,,,,,,,False,False,False,False,False,False,False,False,False,,noise,,False,False,False,True,,Finance,Investment Company,,False,False
INDOAMIN.NS,2026-09-15,122.66999816894531,123.84083239237468,125.96777682834201,126.09519912719726,119.62353286743163,120.14604934692383,124.9105060508815,81.9000015258789,149.0,True,False,False,True,False,True,True,False,False,-14.50187107228762,noise,60.03878042685701,False,False,False,False,,Chemicals & Petrochemicals,Specialty Chemicals,47.591522157996145,False,False
INDOBORAX.NS,2026-09-15,460.79998779296875,500.68333435058594,457.51805538601343,444.5672637939453,325.0581573486328,302.40953330993653,491.1017745601023,206.5751418858148,542.7999877929688,True,True,True,True,True,True,True,False,False,103.4002933372991,dry,14.854904246825795,False,False,False,False,,Chemicals & Petrochemicals,Commodity Chemicals,95.95375722543352,True,True
ICIL.NS,2026-09-15,427.1000061035156,441.81250254313153,423.7550116644965,418.4512927246094,338.422829691569,321.81198776245117,439.08961553685486,216.04358355223812,474.6499938964844,True,True,True,True,True,True,True,False,False,46.30080974880653,noise,25.658602609937997,False,False,False,False,,Textiles & Apparels,Other Textile Products,88.34296724470136,True,True
INDOFARM.NS,2026-09-15,136.07000732421875,137.65916697184244,145.44333351982965,148.81839935302733,140.44886667887369,152.06069999694824,138.89973697124665,110.69999694824219,271.69000244140625,False,False,False,False,False,False,False,False,False,-47.276032856535565,noise,29.08687972558022,False,False,False,False,,"Agricultural, Commercial & Construction Vehicles",Construction Vehicles,9.826589595375722,False,False
NIPPOBATRY.NS,2026-09-15,320.8500061035156,324.68333689371747,326.59583367241754,329.2859997558594,336.1826670328776,352.5910006713867,323.4150293743091,257.0,489.8905088982619,False,False,False,False,False,False,False,False,False,-32.26174217047964,noise,72.44496151780919,False,True,False,False,,Household Products,Household Products,24.421965317919074,False,False
INDORAMA.NS,2026-09-15,82.80999755859375,74.42416636149089,63.70055548350016,59.491399993896486,45.64566678365072,45.64070011138916,77.46352626181472,29.0,96.5,True,True,False,True,True,True,True,True,False,54.294765015493354,red,540.9987274919328,False,False,False,False,,Textiles & Apparels,Other Textile Products,90.41425818882466,True,False
INDOTECH.NS,2026-09-15,3377.199951171875,3631.9166463216147,3628.8611043294272,3539.0279931640625,2561.880663248698,2297.9049951171874,3590.6555273543872,1100.0,4030.0,True,True,True,True,False,True,True,False,False,90.522396349212,red,142.50076125186123,False,False,False,False,,Electrical Equipment,Heavy Electrical Equipment,94.99036608863199,True,False
INDOTHAI.NS,2026-09-15,39.119998931884766,41.406548182169594,93.28707705603705,128.52030082702638,217.51950070699056,242.14868505477907,43.12733875398013,35.667686462402344,465.2762221522356,False,False,False,False,False,False,False,False,False,-78.57712826516293,noise,30.996376931575938,False,False,False,False,,Capital Markets,Stockbroking & Allied,0.7225433526011561,False,False
INDOUS.NS,2026-09-15,78.29000091552734,78.98583348592122,81.4655556148953,83.08819992065429,99.24046676635743,105.22764999389648,79.1803121825448,70.0,159.0,False,False,False,False,False,False,False,False,False,-47.215482032447554,dry,9.844851458564758,False,False,False,False,,Agricultural Food & other Products,Other Agricultural Products,9.8747591522158,False,False
INDOMIM.NS,2026-09-15,,,,,,,,,,False,False,False,False,False,False,False,False,False,,noise,,False,False,False,False,,Industrial Manufacturing,Industrial Products,,False,False
INDOCO.NS,2026-09-15,241.38999938964844,251.62353515625,233.16552522447375,236.97814880371095,218.81278594970703,221.64807006835937,248.7172380805452,162.04969204761224,331.91262822828605,True,False,False,True,True,True,False,False,False,-21.71127664521163,noise,40.78340673344543,False,False,False,False,,Pharmaceuticals & Biotechnology,Pharmaceuticals,38.19845857418112,False,False
IGCL.NS,2026-09-15,65.58999633789062,71.52583249409993,72.84361033969455,72.5393994140625,65.9732664235433,68.98349988937377,70.55227046266971,49.459999084472656,114.80000305175781,False,False,False,True,False,True,False,False,False,-41.04800010916768,red,161.98952954985705,False,False,False,False,,Fertilizers & Agrochemicals,Pesticides & Agrochemicals,15.751445086705202,False,False
INDOKEM.NS,2026-09-15,,,,,,,,,,False,False,False,False,False,False,False,False,False,,noise,,False,False,False,False,,Chemicals & Petrochemicals,Specialty Chemicals,,False,False
WAAREEINDO.NS,2026-09-15,249.39999389648438,265.0416679382324,292.88333341810437,318.34600128173827,373.66033416748047,397.95600105285644,262.55478644805623,245.10000610351562,725.0,False,False,False,False,False,False,False,False,False,-45.73542415482213,red,106.4398045052805,False,False,False,True,,Electrical Equipment,Heavy Electrical Equipment,11.319845857418112,False,False
INDOSTAR.NS,2026-09-15,233.07000732421875,251.1675033569336,251.01555591159396,254.89420104980468,231.76693369547527,232.15320030212402,247.6650781511773,179.02999877929688,292.0,True,False,False,True,False,True,True,False,False,-12.098807207512053,noise,58.32676006574709,False,False,False,False,,Finance,Non Banking Financial Company (NBFC),50.57803468208093,False,False
INDOWIND.NS,2026-09-15,8.899999618530273,9.053333361943563,9.05277787314521,9.120200080871582,9.440800024668375,10.749500007629395,9.022975944991265,7.0,18.940000534057617,False,False,False,False,False,False,False,False,False,-47.80058641184637,noise,74.48057432973246,False,False,False,False,,Power,Power Generation,9.53757225433526,False,False
INDRAMEDCO.NS,2026-09-15,354.54998779296875,358.45833079020184,367.0597220526801,369.2619989013672,388.0303328450521,399.53574951171873,358.15752452322846,342.0,640.8499755859375,False,False,False,False,False,False,False,False,False,-28.491564475801702,noise,77.71406978583457,False,False,False,False,,Healthcare Services,Hospital,28.94990366088632,False,False
IGL.NS,2026-09-15,150.02999877929688,151.0775006612142,151.39194446139865,151.67399993896484,158.69904256184896,164.6857586669922,151.63361996650522,141.74000549316406,219.28693712723197,False,False,False,False,False,False,False,False,False,-28.180663027332407,noise,54.758779964409754,False,False,False,False,,Gas,LPG/CNG/PNG/LNG Supplier,29.527938342967246,False,False
INDUSTOWER.NS,2026-09-15,379.0,378.0625,376.4566421508789,378.8449365234375,400.4687756347656,402.1555012512207,378.03052671648277,325.5481676644739,464.0362575162202,False,False,False,False,True,False,True,True,False,8.681338693596441,noise,70.71044777281556,False,True,False,False,,Telecom - Services,Telecom - Infrastructure,71.33911368015414,True,False
INDUSINDBK.NS,2026-09-15,956.5,993.5166625976562,1007.3472239176432,1010.8030004882812,931.2918135579428,918.4805099487305,989.0313443391789,709.4508644993872,1077.8499755859375,True,True,True,True,False,True,True,False,False,29.378695955735168,noise,86.79564898058017,False,False,False,False,,Banks,Private Sector Bank,82.7552986512524,True,False
INFINIUM.NS,2026-09-11,266.20001220703125,266.93333943684894,234.81389151679144,227.87200164794922,215.7683339436849,218.02300010681154,265.4250363175297,189.39999389648438,285.5,True,False,False,True,True,True,True,True,False,8.608733405989488,noise,96.43916913946587,False,False,False,False,,Pharmaceuticals & Biotechnology,Pharmaceuticals,71.09826589595376,True,False
NAUKRI.NS,2026-09-15,1261.5,1304.6083374023438,1302.0527886284722,1269.0764624023439,1089.9379711914062,1146.0239794921874,1288.051169767195,905.5050975494345,1423.5480532701476,True,False,False,True,False,True,True,False,False,-6.62885636113576,noise,74.53639838220518,False,False,False,False,,Retailing,Internet & Catalogue Retail,56.98458574181118,False,False
INFOBEAN.NS,2026-09-15,153.1300048828125,157.73333231608072,161.02978091769748,161.41158111572267,165.18920420328777,172.59295570373536,156.43080809702633,115.81316422652213,255.98189583973354,False,False,False,False,False,True,False,False,False,14.686374695585691,noise,67.81215102286353,False,False,False,False,,IT - Software,Computers - Software & Consulting,75.67437379576107,True,False
INFOLLION.NS,2026-09-11,158.0500030517578,156.97916666666666,158.19166649712457,162.10899993896484,222.87799936930338,262.45024940490725,156.6068562876587,151.0,551.0,False,False,False,False,False,False,False,True,False,-66.37233977622175,green,180.15357353809804,False,False,False,False,,Commercial Services & Supplies,Diversified Commercial Services,1.97495183044316,False,False
INFOMEDIA.NS,2026-09-15,5.179999828338623,5.266666650772095,5.305555555555555,5.402799987792969,5.482266648610433,5.689499993324279,5.267434270341129,4.5,8.050000190734863,False,False,False,False,False,False,False,False,False,-16.720257185426412,dry,16.75273406831577,False,True,False,False,,Printing & Publication,Printing & Publication,44.55684007707129,False,False
INFY.NS,2026-09-15,1077.0,1099.1500040690105,1130.5999959309895,1114.2640014648437,1169.3960697428386,1272.7757260131837,1080.6746802869402,982.4000244140625,1691.3991593070652,False,False,False,False,False,False,False,False,False,-26.77307005630801,ppv,132.7200058435623,False,False,False,False,,IT - Software,Computers - Software & Consulting,31.55105973025048,False,False
INGERRAND.NS,2026-09-15,4344.2998046875,4730.4083251953125,4546.897230360243,4520.120107421875,4215.518875325521,4011.2168481445315,4630.162310455931,3049.5386808320995,4955.0,True,True,True,True,False,True,True,False,False,14.863214721132078,red,115.24520676732955,False,False,False,False,,Industrial Products,"Compressors, Pumps & Diesel Engines",75.72254335260115,True,False
INNOVACAP.NS,2026-09-15,1140.0999755859375,1132.5249938964844,1047.3097212049697,1028.7839965820312,869.8059981282552,827.811953125,1139.0660750628738,622.0,1236.0999755859375,True,True,True,True,True,True,True,True,False,32.94693495482577,red,263.83404218400744,False,False,False,False,,Pharmaceuticals & Biotechnology,Pharmaceuticals,83.95953757225433,True,True
INNOVANA.NS,2026-09-15,306.1000061035156,306.88333384195965,318.937498304579,320.55199951171875,350.92033345540364,364.9425,309.4703337006691,290.0,564.7999877929688,False,False,False,False,False,False,False,False,False,-43.4822710668779,red,272.2723241644002,False,False,False,False,,IT - Software,Computers - Software & Consulting,13.342967244701349,False,False
INNOVISION.NS,2026-09-15,,,,,,,,,,False,False,False,False,False,False,False,False,False,,noise,23.867911320660987,False,False,False,False,,Transport Infrastructure,"Road AssetsToll, Annuity, Hybrid-Annuity",,False,False
INOXGREEN.NS,2026-09-15,173.22000122070312,171.9741643269857,177.88083224826389,182.21419921875,175.7782655843099,180.28629905700683,174.24577455145925,132.5800018310547,279.0,False,False,False,True,False,True,False,False,False,0.6741855623439319,red,119.89334520745925,False,False,False,False,,Commercial Services & Supplies,Diversified Commercial Services,64.78805394990366,False,False
INOXINDIA.NS,2026-09-15,1992.800048828125,2176.4749755859375,2019.7972106933594,2004.3199926757814,1628.7557657877603,1503.279535522461,2156.421202151937,1066.9168905614442,2339.5,True,True,True,True,False,True,True,False,False,70.60253509339918,red,142.6954899293881,False,False,False,False,,Industrial Products,Other Industrial Products,92.8709055876686,True,False
INOXWIND.NS,2026-09-15,74.3499984741211,73.85166613260905,74.99888843960233,76.37119979858399,86.5675996907552,94.65399978637696,74.88087029828687,68.0,159.3000030517578,False,False,False,False,False,False,False,False,False,-50.073865573263554,noise,71.18943493183258,False,False,False,False,,Electrical Equipment,Heavy Electrical Equipment,8.333333333333332,False,False
INSECTICID.NS,2026-09-15,594.7999877929688,605.8999938964844,618.6597205268013,626.9149987792969,651.9683321126303,657.7090399169922,607.5658280621415,518.5999755859375,800.2870621501385,False,False,False,False,False,False,False,False,False,-25.04657475750438,noise,36.41566750701092,False,False,False,False,,Fertilizers & Agrochemicals,Pesticides & Agrochemicals,33.911368015414254,False,False
INA.NS,2026-09-15,,,,,,,,,,False,False,False,False,False,False,False,False,False,,noise,95.61761186488239,False,False,False,False,,Power,Power Generation,,False,False
INSPIRE.NS,2026-09-11,9.25,8.49999992052714,8.86527779367235,8.718999996185303,9.785000022252401,10.140250022411346,8.803269430148662,6.800000190734863,20.299999237060547,False,False,False,False,True,True,False,True,False,-52.07253696550506,red,220.58823529411765,False,False,False,False,,Entertainment,Media & Entertainment,6.9364161849710975,False,False
INSPIRISYS.NS,2026-09-15,81.77999877929688,88.44166564941406,93.4783329433865,95.68599975585937,95.80419987996419,93.69979995727539,87.4861055729447,69.91999816894531,133.89999389648438,False,True,False,False,False,False,False,False,False,-13.597467024935185,red,123.7782389664846,False,False,False,False,,IT - Services,IT Enabled Services,48.89210019267823,False,False
ESSENTIA.NS,2026-09-15,1.0399999618530273,1.049166629711787,1.1505555444293551,1.162199993133545,1.3311163910230002,1.3791372925043106,1.0629177328852573,1.0099999904632568,2.0799999237060547,False,False,False,False,False,False,False,False,False,-44.38502891972733,noise,40.72482613937344,False,False,False,False,,Commercial Services & Supplies,Trading & Distributors,12.33140655105973,False,False
IPSL.NS,2026-09-14,215.0,213.76765823364258,217.8083207872179,223.65975799560547,233.89455495198567,244.36397285461425,214.3750093136208,171.88994880392372,384.5319519042969,False,False,False,False,False,False,False,True,False,-39.362902158265214,dry,0.0,False,False,False,False,,Commercial Services & Supplies,Diversified Commercial Services,17.24470134874759,False,False
INTELLECT.NS,2026-09-15,662.8499755859375,682.4083353678385,699.9666680230034,713.2680383300781,705.0170845540365,766.4069369506836,681.0814601786568,589.5214019484429,1232.7256944645226,False,False,False,False,False,False,False,False,False,-34.51392535752935,noise,90.88749855251126,False,False,False,False,,IT - Software,Computers - Software & Consulting,22.20616570327553,False,False
INTENTECH.NS,2026-09-15,77.76000213623047,80.38833363850911,82.27277713351779,85.5731997680664,94.75533330281576,100.24139999389648,79.66763947962173,66.30000305175781,149.89999389648438,False,False,False,False,False,False,False,False,False,-13.958605550089887,noise,23.808603630444328,False,True,False,False,,IT - Services,IT Enabled Services,48.16955684007707,False,False
INTERARCH.NS,2026-09-15,1684.300048828125,1711.1342468261719,1729.759301079644,1752.4509228515626,1824.5469254557293,1921.037098388672,1714.0713544916518,1588.1481694240197,2742.1363509030452,False,False,False,False,False,False,False,False,False,-19.780910932755845,noise,95.73307978888545,False,False,False,False,,Construction,Civil Construction,41.088631984585746,False,False
INDIGO.NS,2026-09-15,4776.0,5023.916666666667,5178.819444444444,5192.07,4793.754002278646,4855.896004638672,4980.607545519443,3895.199951171875,5970.0,False,False,False,True,False,False,True,False,False,-15.002669514148426,red,112.85843258983985,False,False,False,False,,Transport Services,Airline,46.82080924855491,False,False
INM.NS,2026-09-11,164.9499969482422,154.25416692097983,164.98750093248157,166.68500091552735,171.3723334757487,191.13362533569335,155.97320923310926,141.0500030517578,689.0,False,False,False,False,False,False,False,True,False,-72.45462956035908,noise,69.93006993006993,False,False,False,False,,Consumer Durables,"Furniture, Home Furnishing",1.1560693641618496,False,False
IGIL.NS,2026-09-15,313.1000061035156,323.5416717529297,338.1441938612196,339.4537451171875,341.39118225097656,334.7169952392578,319.99997170047345,282.67090105928503,386.08705544308634,False,True,False,False,False,False,True,False,False,-14.059155389699319,noise,85.72939829146085,False,False,False,False,,Commercial Services & Supplies,Diversified Commercial Services,48.02504816955684,False,False
INTLCONV.NS,2026-09-15,76.04000091552734,78.71083386739095,76.45861117045085,77.04240005493165,77.36073338826498,79.3352500152588,77.94641286082333,60.0,114.54000091552734,False,False,False,False,False,False,False,False,False,-21.49072324180509,noise,63.809299296379606,False,False,False,False,,Industrial Manufacturing,Industrial Products,38.58381502890174,False,False
ISFT.NS,2026-09-15,76.58999633789062,86.10166613260905,83.2222220102946,81.21859970092774,78.25540013631185,81.49005012512207,82.80265005805038,54.04999923706055,119.06999969482422,False,False,False,False,False,True,False,False,False,-21.671101151509575,red,182.30016880904836,False,False,False,False,,Retailing,E-Retail/ E-Commerce,38.39113680154143,False,False
INVPRECQ.NS,2026-09-15,,,,,,,,,,False,False,False,False,False,False,False,False,False,,noise,,False,False,False,False,,Industrial Products,Castings & Forgings,,False,False
INVENTURE.NS,2026-09-15,0.9100000262260437,0.9241666793823242,0.9113888972335391,0.9094000041484833,0.9711333326498668,1.0199000003933907,0.9175118037384031,0.7200000286102295,1.6799999475479126,False,False,False,False,True,False,False,False,False,-41.66666284585596,noise,33.5663296170685,False,True,False,False,,Capital Markets,Stockbroking & Allied,14.932562620423893,False,False
IKS.NS,2026-09-15,1783.0,1761.7416687011719,1787.3833312988281,1808.7600024414062,1642.8260034179686,1647.9115014648437,1769.892227737309,1262.0,1933.0,True,False,True,True,False,True,True,True,False,16.148786942651117,green,110.79823198279321,False,False,False,False,,IT - Services,IT Enabled Services,76.30057803468208,True,False
IOLCP.NS,2026-09-15,179.52000427246094,198.53749720255533,174.14666620890299,170.24959930419922,123.21735097249349,112.00952026367187,195.99017183405226,67.07081715721031,219.0399932861328,True,True,True,True,True,True,True,False,False,57.18167199823006,noise,94.97377429652309,False,False,False,False,,Pharmaceuticals & Biotechnology,Pharmaceuticals,90.94412331406551,True,True
IONEXCHANG.NS,2026-09-15,432.0,408.0500081380208,395.5971221923828,404.77492431640627,385.04077087402345,379.0799249267578,420.0729735732373,311.64769712027083,484.3644916198611,True,True,False,True,True,True,True,True,False,3.847311811549514,noise,47.61394210446039,False,True,False,False,,Other Utilities,Water Supply & Management,67.53371868978806,False,False
IPRINGLTD.NS,2026-09-15,,,,,,,,,,False,False,False,False,False,False,False,False,False,,noise,,False,False,False,True,,Auto Components,Auto Components & Equipments,,False,False
IPCALAB.NS,2026-09-15,1932.4000244140625,1962.7000020345051,1860.4152391221787,1845.8669506835938,1644.3442862955728,1595.177192993164,1953.9575469631827,1247.2697331943216,2001.5,True,True,True,True,True,True,True,False,False,47.77541363235764,noise,66.09983905564928,False,False,False,False,,Pharmaceuticals & Biotechnology,Pharmaceuticals,88.68015414258188,True,True
IRB.NS,2026-09-15,19.18000030517578,19.381666660308838,19.444534195794,19.595531730651857,20.5952921295166,20.63076583862305,19.39186947450883,18.760000228881836,23.83526024888653,False,False,False,False,False,False,True,False,False,-9.398175069299397,noise,75.20495851438162,False,False,False,False,,Construction,Civil Construction,53.66088631984586,False,False
IRBINVIT.NS,2026-09-11,64.16000366210938,64.31750043233235,63.723385386996796,62.748240356445315,59.6583154296875,59.03921417236328,64.35404672159963,54.138185447605636,65.0,True,True,True,True,True,False,True,False,False,12.731976728598626,noise,28.177902680824896,False,False,False,False,,Transport Infrastructure,"Road AssetsToll, Annuity, Hybrid-Annuity",74.22928709055877,True,False
IRCON.NS,2026-09-15,109.41999816894531,117.05083401997884,123.41833347744412,125.09540008544921,135.15522216796876,141.35193405151367,115.83588260785496,109.0,188.0146956609217,False,False,False,False,False,False,False,False,False,-35.992797509529964,red,148.83077957592914,False,False,False,True,,Construction,Civil Construction,20.423892100192678,False,False
IRISDOREME.NS,2026-09-15,58.09000015258789,59.97333335876465,56.49277771843804,53.363400039672854,41.027733370463054,39.319699964523316,60.13832876032153,26.350000381469727,64.12999725341797,True,True,True,True,True,True,True,False,False,83.24920742746811,noise,47.52958654134212,False,False,False,False,,Textiles & Apparels,Garments & Apparels,94.41233140655106,True,True
IRIS.NS,2026-09-15,237.77999877929688,249.32416661580405,247.8497225443522,248.76480102539062,246.31926686604817,259.3341997528076,247.9300782582401,203.0,388.1000061035156,False,False,False,False,False,False,False,False,False,-29.189991833503072,noise,97.72603920901102,False,False,False,False,,IT - Software,Software Products,28.13102119460501,False,False
IRMENERGY.NS,2026-09-15,266.5,279.96399688720703,279.6113514370388,273.99847900390625,258.25189005533855,260.85448272705077,278.5109054193066,164.51785884218728,390.9040021765633,True,False,False,True,False,True,False,False,False,-1.9661173734060289,noise,70.51394096787692,False,False,False,False,,Gas,LPG/CNG/PNG/LNG Supplier,61.994219653179194,False,False
ISGEC.NS,2026-09-15,773.8499755859375,785.1041666666666,794.4791649712456,822.8159997558594,909.5120015462239,885.1637503051758,785.117261577642,683.9500122070312,1113.9000244140625,False,True,False,False,False,False,False,False,False,-23.43425682798721,noise,56.43459388095976,False,False,False,False,,Construction,Civil Construction,36.175337186897885,False,False
ISHANCH.NS,2026-09-15,43.72999954223633,44.412500063578285,47.490833600362144,49.40200027465821,55.87313362121582,57.771750106811524,44.59347339968904,41.709999084472656,83.37000274658203,False,False,False,False,False,False,False,False,False,-27.15308940283051,noise,85.46377293831183,False,True,False,False,,Chemicals & Petrochemicals,Specialty Chemicals,30.828516377649322,False,False
ISHAN.NS,2026-09-11,0.5,0.520833338300387,0.48749999701976776,0.49699999928474425,0.5999999988079071,0.6387499994039536,0.5110252978051273,0.44999998807907104,0.949999988079071,False,False,False,False,True,False,False,False,False,-44.44444297272479,dry,16.94915254237288,False,False,False,False,,Industrial Manufacturing,Industrial Products,12.235067437379577,False,False
ISTLTD.NS,2026-09-15,,,,,,,,,,False,False,False,False,False,False,False,False,False,,noise,,False,False,False,False,,Auto Components,Auto Components & Equipments,,False,False
ITALIANE.NS,2026-09-11,31.0,32.566666762034096,31.951388835906982,32.83099994659424,35.478999824523925,33.97249985694885,31.90065732295691,24.049999237060547,49.0,False,True,False,False,False,False,False,False,False,-7.738101522938312,green,206.89655172413794,False,False,False,False,,Food Products,Packaged Foods,56.02119460500964,False,False
ITC.NS,2026-09-15,258.0,262.2041651407878,273.0611097547743,275.29099853515623,289.0711631266276,303.5742517089844,261.98657169382955,255.5,406.5707642578344,False,False,False,False,False,False,False,False,False,-34.60226298307462,noise,83.1461860263747,False,False,False,False,,Diversified FMCG,Diversified FMCG,22.0616570327553,False,False
ITCHOTELS.NS,2026-09-15,152.22000122070312,157.87250010172525,163.08916558159723,166.41639923095704,163.10600575764974,170.2135503387451,156.6914473226226,136.40565982941717,249.5935228905489,False,False,False,False,False,False,False,False,False,-38.11622367832389,noise,49.402276701033884,False,False,False,False,,Leisure Services,Hotels & Resorts,18.497109826589593,False,False
ITI.NS,2026-09-15,255.39999389648438,268.187505086263,275.87083519829645,278.82300048828125,283.73100056966143,288.1435005187988,266.29600081614797,237.0,372.8500061035156,False,False,False,False,False,False,False,False,False,-16.889032202451617,noise,46.037572096321064,False,False,False,False,,Telecom -  Equipment & Accessories,Telecom -  Equipment & Accessories,44.21965317919075,False,False
ITL.NS,2026-09-15,,,,,,,,,,False,False,False,False,False,False,False,False,False,,noise,,False,False,False,False,,Industrial Manufacturing,Industrial Products,,False,False
IVALUE.NS,2026-09-15,,,,,,,,,,False,False,False,False,False,False,False,False,False,,noise,36.57875687202864,False,False,False,False,,IT - Services,IT Enabled Services,,False,False
IVP.NS,2026-09-15,209.7899932861328,207.4824981689453,181.7736350165473,176.24866394042968,156.09070973714194,153.6092073059082,208.7514061158148,108.90937920381369,222.0,True,True,True,True,True,True,True,True,False,25.26801272469923,noise,22.61573471150287,False,False,False,False,,Chemicals & Petrochemicals,Specialty Chemicals,81.21387283236994,True,True
IZMO.NS,2026-09-15,896.0499877929688,894.4208323160807,939.89722527398,969.30400390625,848.6416670735678,830.3819995117187,901.3756125819418,569.3499755859375,1374.699951171875,True,True,False,True,False,True,False,False,False,14.095628146475669,red,139.58518531658726,False,False,False,False,,IT - Services,IT Enabled Services,75.43352601156069,True,False
J&KBANK.NS,2026-09-15,144.75,147.51583353678384,153.51472261216907,160.1288006591797,141.04053359985352,131.38360023498535,146.89364852686415,97.3499984741211,201.75,True,True,True,True,False,True,False,False,False,42.316391016562264,noise,63.5937729240492,False,False,False,False,,Banks,Private Sector Bank,87.1868978805395,True,False
JKCEMENT.NS,2026-09-15,4712.0,5014.0,5282.722222222223,5331.73873046875,5362.691276041666,5430.324260253907,4960.685035386663,4654.177313328525,6974.042464956463,False,False,False,False,False,False,False,False,False,-28.61074531463852,noise,45.865709456319095,False,False,False,False,,Cement & Cement Products,Cement & Cement Products,28.85356454720617,False,False
JKIL.NS,2026-09-15,473.1499938964844,487.01666768391925,492.2499991522895,493.17,498.73100016276044,516.3260006713867,484.0765351707207,425.0,672.0,False,False,False,False,False,False,False,False,False,-23.923060526593154,noise,71.11261004903807,False,False,False,False,,Construction,Civil Construction,35.59730250481696,False,False
JGCHEM.NS,2026-09-15,564.6500244140625,607.1541646321615,583.6027772691515,549.0880010986328,442.1010009765625,418.56425048828123,596.3528328733406,298.3999938964844,675.0,True,True,True,True,True,True,True,False,False,20.279052025042297,noise,34.2852120650076,False,False,False,False,,Chemicals & Petrochemicals,Commodity Chemicals,78.90173410404624,True,True
JAGRAN.NS,2026-09-15,61.720001220703125,61.59833304087321,62.25722196367052,62.565999832153324,60.11927312215169,60.204432525634765,61.810065973617974,51.89130373947772,68.81048404363386,True,False,False,True,False,False,True,False,False,-1.2421813174420926,noise,92.4532660270465,False,False,False,False,,Media,Print Media,62.861271676300575,False,False
JAGSNPHARM.NS,2026-09-15,225.8300018310547,234.98372904459634,230.9952473110623,228.93210845947266,205.69381337483725,200.75617095947266,233.462765096024,152.44877845211974,260.14646303072993,True,True,True,True,False,True,True,False,False,-6.404188085147933,dry,14.874895111245396,False,False,False,False,,Pharmaceuticals & Biotechnology,Pharmaceuticals,57.27360308285164,False,False
JAIBALAJI.NS,2026-09-15,62.25,68.71500078837077,65.95722240871854,65.7210001373291,68.11506675720214,67.9185502243042,67.05513239964924,53.650001525878906,108.0,False,True,False,False,False,False,False,False,False,-37.71262909814666,red,105.01373090033184,False,False,False,False,,Ferrous Metals,Iron & Steel,18.834296724470136,False,False
JAICORPLTD.NS,2026-09-15,92.63999938964844,97.92333348592122,100.70694457160101,102.79480026245118,108.55306711832682,112.57920024871827,97.14115821487434,88.0,173.39999389648438,False,False,False,False,False,False,False,False,False,-42.113117144934044,red,100.64827013446379,False,False,False,False,,Industrial Products,Plastic Products - Industrial,14.450867052023122,False,False
JISLDVREQS.NS,2026-09-15,20.670000076293945,21.18000014623006,21.522222254011368,21.774400062561035,22.639466654459635,23.613000011444093,21.13160292870192,18.5,35.47999954223633,False,False,False,False,False,False,False,False,False,-39.47291609744088,dry,5.603959198302066,False,True,False,False,,Industrial Products,Plastic Products - Industrial,17.052023121387283,False,False
JISLJALEQS.NS,2026-09-15,29.229999542236328,29.383333524068195,29.193333360883926,29.81239994049072,31.769799957275392,33.74614999771118,29.539983120783138,26.110000610351562,59.0,False,False,False,False,False,False,False,False,False,-48.565900755851054,noise,50.01322384524902,False,True,False,False,,Industrial Products,Plastic Products - Industrial,9.152215799614643,False,False
JAINREC.NS,2026-09-15,,,,,,,,,,False,False,False,False,False,False,False,False,False,,noise,45.837506369661064,False,False,False,True,,Diversified Metals,Diversified Metals,,False,False
JAINAM.NS,2026-09-11,216.0,223.54166666666666,231.375,236.06899993896485,228.81066680908202,232.63200035095215,221.19614553597555,169.0,315.0,False,False,False,True,False,False,False,False,False,-28.239202657807304,red,114.50381679389312,False,False,False,False,,Ferrous Metals,Ferro & Silica Manganese,29.28709055876686,False,False
JAMNAAUTO.NS,2026-09-15,129.05999755859375,125.01500002543132,127.93166711595323,129.59000045776367,127.54019973754883,126.79649978637696,127.51714646381154,88.92074939495755,152.60000610351562,True,True,True,True,False,True,True,True,False,22.421255890692038,red,149.60443176410107,False,False,False,False,,Auto Components,Auto Components & Equipments,80.05780346820809,True,False
JSFB.NS,2026-09-15,488.6499938964844,527.7916641235352,549.9958284166124,536.03599609375,462.3059991455078,449.0449993896484,523.8558683823483,330.0,606.9500122070312,True,True,True,True,False,True,True,False,False,7.148340527599117,noise,32.11596294798132,False,False,False,False,,Banks,Other Bank,69.99036608863199,False,False
JARO.NS,2026-09-15,,,,,,,,,,False,False,False,False,False,False,False,False,False,,ppv,292.5533184731566,False,False,False,False,,Other Consumer Services,E-Learning,,False,False
JASH.NS,2026-09-15,496.1000061035156,489.0208333333333,491.6847212049696,498.7329998779297,443.56157185872394,437.5331036376953,497.8307831095227,326.6084317510551,572.8499755859375,True,True,False,True,False,True,True,False,False,-4.452568198646811,noise,72.7706220469377,False,False,False,False,,Industrial Manufacturing,Industrial Products,59.73025048169557,False,False
JAYBARMARU.NS,2026-09-15,112.33999633789062,120.6125005086263,133.84408060709634,146.59231353759765,121.80443420410157,113.63807159423828,118.9037731765541,73.75201610137978,205.8889662970584,False,True,True,True,False,True,False,False,False,19.862260334545034,noise,63.74624693184931,False,False,False,False,,Auto Components,Auto Components & Equipments,78.46820809248555,True,False
KORE.NS,2026-09-11,173.1999969482422,128.9708340962728,153.06805483500162,150.68499954223634,133.02366673787435,137.58625019073486,144.3507760791774,85.0,212.3000030517578,True,False,False,True,True,True,True,True,False,17.383933152130695,green,246.5423932651834,False,False,False,False,,Retailing,Diversified Retail,76.92678227360308,True,False
JAYSREETEA.NS,2026-09-15,91.63999938964844,96.69249979654948,92.1552774641249,89.5565998840332,86.69073333740235,86.54589988708496,95.36730803340382,70.55000305175781,112.69999694824219,True,True,False,True,True,False,True,False,False,-4.829163445494434,noise,42.88582875861333,False,False,False,False,,Agricultural Food & other Products,Tea & Coffee,59.200385356454724,False,False
JAYAGROGN.NS,2026-09-15,227.38999938964844,236.18333307902017,226.4608260260688,223.05853271484375,203.94782419840496,201.50723037719726,238.47161701082504,144.96388034382235,265.0,True,True,False,True,True,True,True,False,False,-3.0627834704507695,red,153.44647572315094,False,False,False,False,,Chemicals & Petrochemicals,Specialty Chemicals,61.030828516377646,False,False
JAYNECOIND.NS,2026-09-15,88.62999725341797,93.49166679382324,92.74916670057509,91.55,90.10046661376953,87.03594997406006,91.99164106517763,64.4000015258789,117.0,False,True,True,True,False,True,True,False,False,33.983363883588936,noise,49.09599921251967,False,False,False,False,,Industrial Products,Iron & Steel Products,84.34489402697494,True,False
JAYKAY.NS,2026-09-15,,,,,,,,,,False,False,False,False,False,False,False,False,False,,red,144.39541266399806,False,False,False,False,,Aerospace & Defense,Aerospace & Defense,,False,False
JBMA.NS,2026-09-15,603.9000244140625,619.0377756754557,637.9613884819878,647.5748107910156,625.9869608561198,617.0773226928711,617.0651942278171,476.3411078671452,788.908731607289,False,True,False,True,False,False,True,False,False,-15.178436254322602,noise,40.86781539876003,False,True,False,False,,Auto Components,Auto Components & Equipments,46.57996146435453,False,False
JSLL.NS,2026-09-15,500.25,508.5291697184245,532.2472229003906,543.655,607.474667154948,629.9042498779297,509.2864992599978,492.0,849.5,False,False,False,False,False,False,False,False,False,-33.814478244389036,noise,55.725814339749476,False,False,False,False,,Leisure Services,Wellness,22.928709055876688,False,False
JENBURPH.NS,2026-09-15,,,,,,,,,,False,False,False,False,False,False,False,False,False,,noise,,False,False,False,True,,Pharmaceuticals & Biotechnology,Pharmaceuticals,,False,False
JETFREIGHT.NS,2026-09-15,20.030000686645508,21.0566668510437,22.039166768391926,22.21960006713867,20.519066683451335,19.769800004959105,20.70408695160848,11.899999618530273,25.950000762939453,False,True,True,True,False,True,True,False,False,50.26257165256378,noise,32.245971435343506,False,True,False,False,,Transport Services,Logistics Solution Provider,89.35452793834297,True,False
JETKNIT.NS,2026-09-14,48.45000076293945,48.45000076293945,55.77500036027696,59.297000579833984,78.24533198038738,81.37199840545654,49.123068595259504,48.45000076293945,109.0,False,False,False,False,False,False,False,False,False,-55.550458015651884,dry,0.0,False,False,False,True,,Textiles & Apparels,Garments & Apparels,5.491329479768786,False,False
JFLLIFE.NS,2026-09-14,10.649999618530273,10.358333190282186,11.706944386164347,11.406999988555908,10.299454491933187,10.64584086894989,10.474880608162934,8.550000190734863,15.399999618530273,True,False,False,True,False,False,False,True,False,-18.390808713616135,dry,0.0,False,False,False,False,,Pharmaceuticals & Biotechnology,Pharmaceuticals,42.53371868978805,False,False
JHS.NS,2026-09-15,8.789999961853027,8.09499994913737,8.167777750227186,7.959199991226196,8.443999983469645,8.90964997291565,8.265235294717879,6.260000228881836,13.899999618530273,False,False,False,False,True,True,False,True,False,-25.191489686357215,ppv,375.10800288888953,False,False,False,False,,Personal Products,Personal Care,33.57418111753372,False,False
RETAIL.NS,2026-09-15,17.760000228881836,17.24666674931844,17.3508333630032,17.372600021362306,19.417133331298828,20.99545001029968,17.24444158274687,15.8100004196167,43.790000915527344,False,False,False,False,True,False,False,True,False,-51.52838284735506,dry,14.774691822008421,False,False,False,False,,Retailing,Diversified Retail,7.369942196531793,False,False
JINDRILL.NS,2026-09-15,598.6500244140625,640.3892618815104,620.3852861192491,613.3672900390625,566.9837974039714,555.9201135253907,638.214396643809,439.3905910515948,704.4000244140625,True,True,True,True,False,True,True,False,False,-0.8734467832145043,noise,21.877364292891386,False,False,False,False,,Oil,Offshore Support Solution Drilling,63.342967244701356,False,False
JINDALPHOT.NS,2026-09-15,1099.5999755859375,1026.5416564941406,1047.9222123887803,1070.2559924316406,1119.5336641438803,1202.7687490844726,1034.0054489928882,971.0999755859375,1616.5999755859375,False,False,False,False,True,False,False,True,False,-0.6146103288208304,ppv,1442.9337980296416,False,False,False,False,,Finance,Investment Company,63.4393063583815,False,False
JINDALPOLY.NS,2026-09-15,737.9000244140625,673.9583282470703,649.4944407145182,653.6399951171875,685.5443310546875,627.9532484436036,682.4461075042279,365.0,1026.449951171875,True,True,True,False,True,True,False,True,False,22.935790824715617,ppv,1044.0532917234548,True,False,False,False,,Industrial Products,Packaging,80.39499036608863,True,False
JPOLYINVST.NS,2026-09-15,967.0499877929688,995.9083353678385,1011.9999949137369,1032.0059936523437,1089.1353299967448,1070.2937463378905,990.5603447838604,852.0999755859375,1487.699951171875,False,True,False,False,False,False,False,False,False,5.711631033801989,red,155.07946138048135,False,False,False,False,,Finance,Investment Company,69.17148362235068,False,False
JINDALSAW.NS,2026-09-15,289.0,308.38333384195965,283.55277718438043,278.1469995117188,238.05605438232422,220.5779052734375,304.91691677338514,151.60325107352764,320.0,True,True,True,True,True,True,True,False,False,40.24937561313131,red,108.26604668514055,False,False,False,False,,Industrial Products,Iron & Steel Products,86.3680154142582,True,True
JSL.NS,2026-09-15,723.5499877929688,735.1083374023438,728.0195634629991,725.0895532226563,730.9870267740886,745.6397500610351,740.7289870019898,649.5262533837296,879.2203373423794,False,False,False,False,False,False,True,False,False,-4.42940135208858,noise,87.25359710407088,False,False,False,False,,Ferrous Metals,Iron & Steel,59.77842003853564,False,False
JINDALSTEL.NS,2026-09-15,1095.0,1150.566670735677,1120.442867702908,1096.72955078125,1155.9159383138021,1128.8719107055665,1134.9203695426227,975.3534332608737,1303.865138167474,False,True,True,False,False,False,True,False,False,5.436449380927111,noise,85.90287341390425,False,True,False,False,,Ferrous Metals,Iron & Steel,68.73795761078998,False,False
JINDWORLD.NS,2026-09-15,49.439998626708984,49.29583326975504,41.20750003390842,38.635800170898435,30.379266713460286,29.914750032424926,50.50215139065046,17.850000381469727,61.9900016784668,True,True,False,True,True,True,True,False,False,36.7634759055711,noise,37.57188012849338,False,False,False,False,,Textiles & Apparels,Other Textile Products,85.3082851637765,True,False
JKIPL.NS,2026-09-15,,,,,,,,,,False,False,False,False,False,False,False,False,False,,noise,47.67109476860528,False,False,False,False,,"Agricultural, Commercial & Construction Vehicles","Dealers-Commercial Vehicles, Tractors, Construction Vehicles",,False,False
JIOFIN.NS,2026-09-15,225.60000610351562,234.78749974568686,244.51601113213434,242.45401916503906,242.1974025472005,253.09148742675782,233.22018901607075,222.77828210111295,320.84859669700336,False,False,False,False,False,False,False,False,False,-27.21972159538363,noise,76.48095746825389,False,False,False,False,,Finance,Investment Company,30.587668593448942,False,False
JITFINFRA.NS,2026-09-15,279.3500061035156,305.2250035603841,323.39166768391925,330.27600158691405,322.481333211263,309.90949989318847,300.3294113277029,222.35000610351562,458.29998779296875,False,True,False,True,False,False,False,False,False,-35.260717009614,noise,68.52009203948994,False,False,False,False,,Other Utilities,Water Supply & Management,21.38728323699422,False,False
JIWANRAM.NS,2026-09-11,4.300000190734863,4.412500023841858,4.744444476233588,4.883000011444092,5.2346666717529295,5.411750009059906,4.376592856905316,4.199999809265137,8.300000190734863,False,False,False,False,False,False,False,False,False,-48.19276997686248,noise,93.45794392523365,False,False,False,False,,Industrial Products,Other Industrial Products,9.248554913294797,False,False
JKLAKSHMI.NS,2026-09-15,504.8999938964844,516.591667175293,545.6305584377712,551.8940679931641,602.4949753824869,642.849161529541,513.2905301177649,495.20001220703125,917.2897030337625,False,False,False,False,False,False,False,False,False,-43.67021736958808,noise,67.08320084780388,False,False,False,False,,Cement & Cement Products,Cement & Cement Products,13.102119460500964,False,False
JKPAPER.NS,2026-09-15,402.1000061035156,406.30832926432294,392.9241485595703,386.18536376953125,362.1916267903646,358.25078369140624,407.17079096836414,301.6864340741184,440.18408478548275,True,True,False,True,True,True,True,False,False,2.2437181788468763,noise,33.57045370847555,False,False,False,False,,"Paper, Forest & Jute Products",Paper & Paper Products,66.37764932562621,False,False
JKTYRE.NS,2026-09-15,345.25,366.3291702270508,382.7371097140842,387.67278747558595,410.37211649576824,429.9342546081543,361.504841242905,343.1000061035156,605.8045982960336,False,False,False,False,False,False,False,False,False,-5.134985240902578,noise,55.06638501574166,False,False,False,True,,Auto Components,Tyres & Rubber Products,58.8150289017341,False,False
JMFINANCIL.NS,2026-09-15,121.20999908447266,128.33999888102213,127.01055547926161,126.59380004882813,127.32730194091796,129.83801040649413,126.93143455540438,110.30581750563591,179.97938817095073,False,False,False,False,False,False,False,False,False,-31.115501196084494,noise,94.09768056705707,False,False,False,False,,Finance,Holding Company,25.67437379576108,False,False
JNKINDIA.NS,2026-09-15,415.04998779296875,431.87916564941406,437.9111099243164,452.9360003662109,376.6707999674479,339.76139991760255,430.00203345756944,200.9199981689453,558.0,True,True,True,True,False,True,False,False,False,41.69604872215407,noise,36.236320081790964,False,False,False,False,,Industrial Manufacturing,Industrial Products,86.84971098265896,True,False
JOCIL.NS,2026-09-15,142.38999938964844,150.6711222330729,146.84066009521484,145.24908630371092,134.72272211710612,135.4884103012085,150.09438514294848,89.16107425379715,174.0,True,False,False,True,False,True,True,False,False,-9.306693648844167,red,127.94296970265452,False,False,False,False,,Chemicals & Petrochemicals,Commodity Chemicals,53.85356454720617,False,False
COCKERILL.NS,2026-09-15,,,,,,,,,,False,False,False,False,False,False,False,False,False,,ppv,310.90026164609526,False,False,False,False,,Industrial Manufacturing,Industrial Products,,False,False
JPPOWER.NS,2026-09-15,15.640000343322754,16.350000143051147,17.13500009642707,17.10840009689331,17.20166671117147,17.152500066757202,16.281390718245476,13.149999618530273,24.5,False,True,False,False,False,False,False,False,False,-17.292435380621463,noise,60.83833903866519,False,False,False,False,,Power,Power Generation,43.786127167630056,False,False
JSWCEMENT.NS,2026-09-15,116.87999725341797,122.3083324432373,127.38861083984375,130.20099792480468,126.36738891601563,124.10841571807862,121.19040508866658,106.25579106571017,152.88278968659597,False,True,False,True,False,False,True,False,False,-21.117790372636268,noise,62.36122582297414,False,False,False,False,,Cement & Cement Products,Cement & Cement Products,39.25818882466282,False,False
JSWDULUX.NS,2026-09-15,3133.800048828125,3154.7249959309897,3087.597215440538,3064.057998046875,2997.842294921875,3030.1938232421876,3153.918253397241,2626.091386571249,3687.5560372755367,True,False,False,True,True,False,True,False,False,-5.377796767022169,red,254.76031384662167,False,False,False,False,,Consumer Durables,Paints,58.57418111753372,False,False
JSWENERGY.NS,2026-09-15,505.0,528.8374989827474,545.6805572509766,547.2510046386719,536.5171801757813,521.6921240234375,527.5884425980656,426.30011443485296,615.2574202859911,False,True,False,True,False,False,True,False,False,-3.6200604075324327,noise,43.949452984918395,False,False,False,False,,Power,Power Generation,60.59730250481695,False,False
JSWHL.NS,2026-09-15,10967.0,11519.083333333334,11556.472222222223,11464.4,13017.113333333333,14580.92,11404.806655523695,10530.0,22790.0,False,False,False,False,False,False,False,False,False,-41.20831993138201,red,1083.0315571650285,False,False,False,False,,Finance,Investment Company,15.510597302504816,False,False
JSWINFRA.NS,2026-09-15,325.8500061035156,336.0541687011719,333.72361246744794,333.84300109863284,293.25754709879556,287.36730537414553,335.87158994648485,232.71809982894663,355.79998779296875,True,True,True,True,False,True,True,False,False,3.674164478681474,red,110.36758661164767,False,False,False,False,,Transport Infrastructure,Port & Port services,67.38921001926782,False,False
JSWSTEEL.NS,2026-09-15,1229.199951171875,1300.2166646321614,1294.1972249348958,1279.5480078125,1249.030243326823,1224.9210913085938,1287.5767764100326,1067.0708089952848,1351.0,False,True,True,True,False,False,True,False,False,12.48956749699579,noise,62.276733505823046,False,False,False,False,,Ferrous Metals,Iron & Steel,74.13294797687861,True,False
JTEKTINDIA.NS,2026-09-15,117.36000061035156,122.31666628519694,130.16604550679526,132.58913131713868,132.40905751546225,135.17351219177246,121.52545413133817,116.38831373180156,186.9514017866663,False,False,False,False,False,False,False,False,False,-28.618257019955006,noise,41.79167438760052,False,False,False,False,,Auto Components,Auto Components & Equipments,28.757225433526013,False,False
JTLIND.NS,2026-09-15,82.47000122070312,88.9889367421468,80.53357632954915,79.39965606689454,71.19533014933268,69.51033555984498,87.08552322789033,40.19384819281051,93.86886160930845,True,True,True,True,True,True,True,False,False,6.7958339232400355,red,105.00309524238882,False,False,False,False,,Industrial Products,Iron & Steel Products,69.7495183044316,False,False
JUBLCPL.NS,2026-09-15,2082.0,2190.6166788736978,2081.8722330729165,2057.520009765625,1888.887335611979,1971.876001586914,2154.982952097405,1460.0,2790.0,True,False,False,True,True,True,False,False,False,-21.07059058835964,noise,25.953014359801152,False,False,False,False,,Chemicals & Petrochemicals,Specialty Chemicals,39.30635838150289,False,False
JUBLFOOD.NS,2026-09-15,466.0,480.3958333333333,481.5666664971246,465.9699468994141,462.0942146809896,482.8697845458984,477.7634342053614,407.64069289260294,652.0954892239068,False,False,False,False,True,False,False,False,False,-26.42285131226072,dry,17.960523969332357,False,False,False,False,,Leisure Services,Restaurants,32.03275529865125,False,False
JUBLINGREA.NS,2026-09-15,630.5,673.7499949137369,710.9763844807943,715.4266284179688,666.4419954427084,669.4113745117188,668.6670311465607,535.497064674972,792.3323631991859,False,False,False,True,False,False,True,False,False,-10.3527870304713,noise,38.20986438425618,False,False,False,False,,Chemicals & Petrochemicals,Specialty Chemicals,52.69749518304432,False,False
JUBLPHARMA.NS,2026-09-15,1011.9500122070312,952.8916676839193,927.5916714138455,943.7098986816407,928.0230944824219,954.5954016113282,977.6081105595024,782.0015188448107,1178.6978642896322,True,False,False,False,True,False,True,True,False,-9.55104560976573,noise,68.0986475394997,False,False,False,False,,Pharmaceuticals & Biotechnology,Pharmaceuticals,53.371868978805395,False,False
JMA.NS,2026-09-15,88.95999908447266,92.4516658782959,88.55418226453993,87.83857528686524,85.23492207845052,82.96667957305908,91.99828310265244,67.88733492459089,103.69999694824219,True,True,False,True,True,True,True,False,False,1.7193999268433346,noise,86.41005938139995,False,False,False,False,,Auto Components,Trading - Auto components,65.89595375722543,False,False
JNPR.NS,2026-09-15,,,,,,,,,,False,False,False,False,False,False,False,False,False,,noise,,False,False,False,False,,Power,Power Generation,,False,False
JUNIPER.NS,2026-09-15,214.83999633789062,216.99500020345053,205.53416612413196,202.8881997680664,205.77606669108073,215.1178000640869,216.88720699413975,188.5,312.5,False,False,False,False,True,False,False,False,False,-27.39438973660514,noise,46.32493513422122,False,False,False,False,,Leisure Services,Hotels & Resorts,30.298651252408476,False,False
JLHL.NS,2026-09-15,275.54998779296875,288.5874989827474,308.15833367241754,306.27080078125,274.0121342976888,273.9706767272949,285.6501068933692,235.42042234373233,340.0,True,True,False,True,False,False,True,False,False,-4.831528331818557,noise,34.85939833433973,False,False,False,False,,Healthcare Services,Hospital,59.15221579961464,False,False
JWL.NS,2026-09-15,231.1699981689453,241.03583399454752,249.9383341471354,250.58459991455078,268.2592674763997,276.7359503173828,240.38882902669494,230.39999389648438,358.25,False,False,False,False,False,False,False,False,False,-31.260777115681314,noise,67.49882805609609,False,False,False,True,,Industrial Manufacturing,Railway Wagons,25.43352601156069,False,False
JUSTDIAL.NS,2026-09-15,661.8499755859375,684.816660563151,689.4902784559462,686.8990002441407,593.6470005289714,622.6887495422363,677.3610111761986,480.5,878.5999755859375,True,False,False,True,False,True,True,False,False,-23.05859495539687,dry,6.649444121437785,False,False,False,False,,Retailing,Internet & Catalogue Retail,36.84971098265896,False,False
JYOTHYLAB.NS,2026-09-15,192.22000122070312,198.96083196004233,203.5316662258572,202.17380004882813,214.4660888671875,227.11791374206544,197.43611579812278,188.10000610351562,322.2714477381228,False,False,False,False,False,False,False,False,False,-39.84108376239871,noise,41.47875523803343,False,False,False,False,,Household Products,Household Products,16.907514450867055,False,False
JYOTICNC.NS,2026-09-15,961.4500122070312,1002.2583363850912,918.625003390842,882.057001953125,789.3863354492188,821.8512518310547,993.0322824135716,580.0999755859375,1058.8499755859375,True,False,False,True,True,True,True,False,False,6.809974574279543,noise,47.94776554422091,False,False,False,False,,Industrial Manufacturing,Industrial Products,69.79768786127167,False,False
JYOTIRES.NS,2026-09-15,,,,,,,,,,False,False,False,False,False,False,False,False,False,,noise,,False,False,False,False,,Chemicals & Petrochemicals,Specialty Chemicals,,False,False
JYOTISTRUC.NS,2026-09-15,9.210000038146973,9.930833339691162,10.645277738571167,10.835399951934814,11.609133332570394,11.166100013256074,9.89373157866319,7.940000057220459,17.420000076293945,False,True,False,False,False,False,False,False,False,-43.53157363751744,red,213.32323461918378,False,False,False,False,,Electrical Equipment,Heavy Electrical Equipment,13.19845857418112,False,False
KCP.NS,2026-09-15,159.14999389648438,164.76166661580405,160.8603926764594,162.88869354248047,161.66563624064128,165.2327071762085,163.06899904916474,124.2062787245037,206.48053010525658,False,False,False,False,False,False,True,False,False,-21.448245845985582,noise,60.92498742041542,False,False,False,False,,Cement & Cement Products,Cement & Cement Products,38.68015414258189,False,False
KPRMILL.NS,2026-09-15,1120.199951171875,1146.1500040690105,1109.574998643663,1110.5307836914062,1003.4428523763021,984.2157122802735,1135.81417693805,794.3546009216013,1331.0754095910231,True,True,True,True,True,True,True,False,False,13.020395311847533,noise,70.95067220793607,False,False,False,False,,Textiles & Apparels,Other Textile Products,74.56647398843931,True,True
KPEL.NS,2026-09-15,210.24000549316406,235.41583633422852,265.39416842990454,280.17080078125,311.1776670328776,316.26714904785155,230.42120665323637,208.14999389648438,462.6490430754016,False,False,False,False,False,False,False,False,False,-48.947956464169174,red,101.62660724690338,False,False,False,True,,Power,Power Generation,8.91136801541426,False,False
K2INFRA.NS,2026-09-11,47.150001525878906,48.67499987284342,51.458333333333336,53.696999893188476,54.344333216349284,56.778250007629396,48.256481289891724,40.79999923706055,82.80000305175781,False,False,False,False,False,False,False,False,False,-21.219711398545172,noise,50.72463768115942,False,False,False,False,,Construction,Civil Construction,39.065510597302506,False,False
KABRAEXTRU.NS,2026-09-15,650.8499755859375,626.8791707356771,534.5930565728081,476.1390002441406,317.1146664428711,292.7838996887207,645.5062475359582,180.0,741.9000244140625,True,True,True,True,True,True,True,True,False,126.73750331435478,noise,81.8246022436218,False,False,False,False,,Industrial Manufacturing,Industrial Products,97.35067437379577,True,True
KAJARIACER.NS,2026-09-15,1213.5999755859375,1237.0333251953125,1220.4527757432725,1221.7739990234375,1116.727664388021,1086.6829983520508,1231.665725681804,869.5999755859375,1285.36522978804,True,True,True,True,False,True,True,False,False,-0.33744765787045994,noise,37.70379145824577,False,False,False,False,,Consumer Durables,Ceramics,63.77649325626204,False,False
KAKATCEM.NS,2026-09-15,109.69000244140625,111.64833323160808,113.76148329840765,114.32048599243164,114.65886093139649,116.63215286254882,110.92209743999217,82.91615351187981,161.49140760210366,False,False,False,False,False,True,False,False,False,-26.825841152603513,noise,53.14140660896813,False,False,False,False,,Cement & Cement Products,Cement & Cement Products,31.358381502890175,False,False
KALPATARU.NS,2026-09-15,255.4499969482422,272.06249872843426,280.3138889736599,280.10800018310545,306.2596666463216,315.4239995574951,269.10005039219334,253.0,429.29998779296875,False,False,False,False,False,False,False,False,False,-37.305193448259274,noise,54.35959252359272,False,False,False,True,,Realty,"Residential, Commercial Projects",19.21965317919075,False,False
KPIL.NS,2026-09-15,1380.199951171875,1406.2749938964844,1360.847215440538,1352.1999951171874,1258.6533544921874,1230.3149114990235,1406.1492498826444,999.0966928066694,1468.0,True,True,True,True,True,True,True,False,False,10.417149866702701,noise,50.42975709492751,False,False,False,False,,Construction,Civil Construction,72.73603082851638,True,True
KALYANKJIL.NS,2026-09-15,604.2000122070312,600.7876180013021,600.1254170735677,572.8658892822266,450.22639017740886,452.1536636352539,602.0799327552452,325.72095783386743,646.3128397837881,True,False,True,True,True,True,True,True,False,19.94174245103595,noise,31.566016408497045,False,False,False,False,,Consumer Durables,"Gems, Jewellery And Watches",78.66088631984586,True,False
KALYANI.NS,2026-09-14,144.99000549316406,144.4150047302246,140.1983324686686,139.60799835205077,138.59599700927734,138.46949684143067,144.23108245948447,138.08999633789062,144.99000549316406,True,True,False,True,True,False,True,True,False,4.9967480181474455,dry,0.0,False,False,True,False,,"Agricultural, Commercial & Construction Vehicles","Dealers-Commercial Vehicles, Tractors, Construction Vehicles",68.4971098265896,False,False
KALYANIFRG.NS,2026-09-15,1044.300048828125,975.3541870117188,749.1303287082249,711.6637707519532,639.189346110026,634.2504299926758,974.4351210655398,520.5692625270821,1192.25,True,True,False,True,True,True,True,True,False,47.37004033211767,noise,66.1963831806124,False,False,False,False,,Industrial Products,Castings & Forgings,88.58381502890174,True,False
KICL.NS,2026-09-15,4846.5,5128.333333333333,5294.9129638671875,5349.156982421875,5020.329309895833,4984.389621582031,5085.204079591169,4003.6525985054345,6542.89237718979,False,True,False,True,False,False,False,False,False,-0.1420257191605101,red,100.61135818925189,False,False,False,False,,Finance,Investment Company,64.11368015414259,False,False
KSL.NS,2026-09-15,930.4500122070312,926.6791687011719,887.4422183566624,891.7630944824218,805.0490018717447,783.4061868286133,930.8825260115113,567.4828239516848,992.5999755859375,True,True,False,True,True,True,True,False,False,16.19675856285021,red,175.6139195505962,False,False,False,False,,Industrial Products,Iron & Steel Products,76.39691714836223,True,False
KAMAHOLD.NS,2026-09-15,,,,,,,,,,False,False,False,False,False,False,False,False,False,,noise,,False,True,False,True,,Finance,Holding Company,,False,False
KAMANWALA.NS,2026-09-15,,,,,,,,,,False,False,False,False,False,False,False,False,False,,noise,,False,False,False,False,,Realty,"Residential, Commercial Projects",,False,False
KAMATHOTEL.NS,2026-09-15,207.60000610351562,226.2349993387858,198.47944344414606,193.3189990234375,181.23353302001954,193.1088996887207,221.3769690787066,140.1999969482422,329.79998779296875,True,False,False,True,True,True,False,False,False,-33.064642853804415,red,148.09895654621857,False,False,False,False,,Leisure Services,Hotels & Resorts,23.699421965317917,False,False
KAMDHENU.NS,2026-09-15,38.65999984741211,38.050000508626304,35.87277762095133,35.01699993133545,27.656533342997232,26.65100003242493,38.358137201685764,16.149999618530273,40.95000076293945,True,True,True,True,True,True,True,True,False,35.01470116077221,noise,51.903698615206416,False,True,False,False,,Industrial Products,Iron & Steel Products,84.48940269749518,True,True
KAMOPAINTS.NS,2026-09-15,4.21999979019165,4.441666642824809,4.507222241825527,4.570800018310547,4.854000015258789,5.232250015735627,4.396594155594049,3.5999999046325684,9.40999984741211,False,False,False,False,False,False,False,False,False,-53.626377875930544,red,109.27561438297262,False,False,False,False,,Consumer Durables,Paints,6.1175337186897885,False,False
KANANIIND.NS,2026-09-15,1.440000057220459,1.509166657924652,1.5002777775128682,1.5051999950408936,1.5267333285013835,1.559699998497963,1.4974448171778816,1.0199999809265137,2.0999999046325684,False,False,False,False,False,True,False,False,False,-26.90355145647729,red,154.92201497679974,False,True,False,False,,Consumer Durables,"Gems, Jewellery And Watches",31.213872832369944,False,False
KANCHI.NS,2026-09-15,,,,,,,,,,False,False,False,False,False,False,False,False,False,,noise,,False,False,False,False,,Chemicals & Petrochemicals,Commodity Chemicals,,False,False
KANCOTEA.NS,2026-09-15,,,,,,,,,,False,False,False,False,False,False,False,False,False,,ppv,,False,False,True,False,,Agricultural Food & other Products,Tea & Coffee,,False,False
KANDARP.NS,2026-09-11,72.8499984741211,89.93333435058594,96.34999995761447,97.56599990844727,125.28866633097331,128.69674953460694,85.77813977432896,68.3499984741211,169.0,False,False,False,False,False,False,False,False,False,-31.20868987304155,green,157.59312320916905,False,False,False,False,,Commercial Services & Supplies,Business Process Outsourcing (BPO)/ Knowledge Process Outsourcing (KPO),25.48169556840077,False,False
KANORICHEM.NS,2026-09-15,178.1199951171875,162.32416407267252,155.77472093370227,151.03019882202148,107.72906649271647,99.136399974823,165.68927293568413,56.0,180.99000549316406,True,True,True,True,True,True,True,True,False,109.35589008435196,green,159.78124450706815,False,True,True,False,,Industrial Manufacturing,Industrial Products,96.33911368015414,True,True
KANPRPLA.NS,2026-09-15,246.0,257.2058334350586,241.55911509195963,229.37522857666016,203.84059346516926,199.08196922302247,254.28983805152833,150.37373809003816,283.1400146484375,True,True,True,True,True,True,True,False,False,5.4838550748021575,noise,38.29663634648564,False,False,False,False,,Industrial Products,Packaging,68.83429672447014,False,False
KANSAINER.NS,2026-09-15,183.02999877929688,192.77000045776367,200.2844441731771,200.76359954833984,199.63457499186197,206.56592346191405,191.57860397586734,156.051448925647,260.8927950067185,False,False,False,False,False,False,False,False,False,-25.51981902794581,noise,45.662591169916745,False,False,False,False,,Consumer Durables,Paints,33.188824662813104,False,False
KAPSTON.NS,2026-09-15,563.4500122070312,569.4166666666666,535.4277818467882,501.1730041503906,389.03222310384115,373.7136668395996,569.5104609845857,238.75999450683594,600.0,True,True,True,True,True,True,True,False,False,133.94228687080223,noise,57.262285397504485,False,False,False,False,,Commercial Services & Supplies,Diversified Commercial Services,97.63969171483622,True,True
KARMAENG.NS,2026-09-15,37.290000915527344,37.84250036875407,38.577222400241425,38.69540008544922,42.127866694132486,43.53629997253418,37.98030387474138,34.380001068115234,73.69999694824219,False,False,False,False,False,False,False,False,False,-26.996868483163507,noise,71.75614037256331,False,False,False,False,,Power,Power Generation,31.021194605009633,False,False
KTKBANK.NS,2026-09-15,315.95001220703125,331.6291681925456,316.10694376627606,304.43699951171874,264.33806640625,247.69014976501464,328.5200652934421,170.0,345.8999938964844,True,True,True,True,True,True,True,False,False,81.53111719036848,red,122.90228239393815,False,False,False,False,,Banks,Private Sector Bank,94.26782273603082,True,True
KARNIKA.NS,2026-09-11,119.25,117.07083384195964,116.06944444444444,115.83900039672852,123.62266682942709,123.24550006866455,118.29259081571777,90.25,198.86180512089413,False,True,False,False,True,True,False,True,False,-35.44340341999701,dry,15.502462155754149,False,False,False,False,,Textiles & Apparels,Garments & Apparels,21.290944123314066,False,False
KARURVYSYA.NS,2026-09-15,324.45001220703125,341.97083536783856,339.7236116197374,331.65366638183593,305.6951658121745,295.5247917175293,337.76611989990784,203.21947309421242,358.6499938964844,True,True,True,True,False,True,True,False,False,55.14016686839434,noise,51.08356428039357,False,False,False,False,,Banks,Private Sector Bank,90.65510597302506,True,False
KLL.NS,2026-09-11,24.549999237060547,23.479166507720947,23.90138880411784,25.692999992370606,34.35733334859212,37.253000049591066,23.718915431270588,21.0,72.3499984741211,False,False,False,False,False,False,False,True,False,-65.87908230945334,noise,53.91804457225018,False,False,False,False,,Retailing,E-Retail/ E-Commerce,2.2157996146435455,False,False
KAUSHALYA.NS,2026-09-15,834.5,858.7875010172526,891.9486117892795,922.6099987792969,878.7619986979166,878.7144985961914,852.5026436544118,750.0,1516.300048828125,False,True,False,True,False,False,False,False,False,-44.22910026277381,dry,8.48610663038447,False,False,False,False,,Leisure Services,Hotels & Resorts,12.475915221579962,False,False
KSCL.NS,2026-09-15,697.9000244140625,742.4083251953125,771.0986073811849,796.2649975585938,849.3683312988281,870.1372482299805,730.8145721801628,694.25,1218.7102069676118,False,False,False,False,False,False,False,False,False,-40.01693568761284,noise,60.961935804733116,False,False,False,True,,Agricultural Food & other Products,Other Agricultural Products,16.570327552986512,False,False
KAVDEFENCE.NS,2026-09-15,75.16999816894531,63.471666971842446,59.507500118679474,59.622000274658205,62.397733510335286,64.69915014266968,66.65666790695597,51.5099983215332,162.8699951171875,True,False,False,False,True,True,False,True,False,-15.463338150182382,ppv,749.3418232630125,True,False,False,False,,Aerospace & Defense,Aerospace & Defense,46.29094412331406,False,False
KCEIL.NS,2026-09-11,76.05000305175781,79.06666692097981,82.42361089918349,84.71899993896484,103.12566665649415,113.20024997711181,78.29497876930206,74.0,260.29998779296875,False,False,False,False,False,False,False,False,False,-66.28989317630489,noise,52.31277533039648,False,False,False,False,,Construction,Civil Construction,2.023121387283237,False,False
KAYA.NS,2026-09-15,316.1000061035156,337.9125010172526,318.1438903808594,298.7562008666992,280.6081332397461,303.68234992980956,336.9707466194709,224.00999450683594,487.8999938964844,True,False,False,False,True,True,False,False,False,-22.751711467792546,dry,11.276366867779805,False,False,False,False,,Leisure Services,Wellness,37.37957610789981,False,False
KAYNES.NS,2026-09-15,3392.0,3627.8666788736978,3688.380567762587,3585.854013671875,3628.3726741536457,3724.0020056152343,3572.6102987820577,2995.0,7705.0,False,False,False,False,False,False,False,False,False,-52.362895864054494,noise,54.84517170405162,False,False,False,False,,Industrial Manufacturing,Industrial Products,6.695568400770712,False,False
KCK.NS,2026-09-11,14.649999618530273,14.824999888737997,15.920833269755045,15.695999908447266,16.215,18.8889999961853,14.825895295687744,11.600000381469727,46.900001525878906,False,False,False,False,False,False,False,False,False,-63.782449092182226,dry,3.3448544988293007,False,False,False,False,,Agricultural Food & other Products,Other Agricultural Products,2.601156069364162,False,False
KCPSUGIND.NS,2026-09-15,30.389999389648438,31.82416645685832,31.77722242143419,29.294000091552736,25.67426663716634,25.537249965667726,31.583204645162446,21.450000762939453,36.470001220703125,True,True,True,True,True,True,True,False,False,-7.091591314568058,dry,9.152334697787284,False,False,False,False,,Agricultural Food & other Products,Sugar,56.64739884393064,False,False
KDGREEN.NS,2026-09-15,,,,,,,,,,False,False,False,False,False,False,False,False,False,,noise,,False,False,False,True,,Consumer Durables,"Gems, Jewellery And Watches",,False,False
KDDL.NS,2026-09-15,3756.5,3892.3231608072915,3775.1156073676216,3608.6508740234376,2897.93244140625,2757.1047900390627,3879.2845055041303,1986.0118447969367,4147.172141618966,True,True,True,True,True,True,True,False,False,59.45092906503844,noise,51.00482038603255,False,False,False,False,,Consumer Durables,"Gems, Jewellery And Watches",91.42581888246627,True,True
KEC.NS,2026-09-15,406.8999938964844,409.09166463216144,436.1568077935113,449.9151947021484,509.3923311360677,552.4328732299805,409.11269357945815,389.1499938964844,927.0025895267679,False,False,False,False,False,False,False,False,False,-53.052071560376405,ppv,446.5141598296201,False,False,False,False,,Construction,Civil Construction,6.40655105973025,False,False
KEI.NS,2026-09-15,4500.0,4982.858317057292,5297.502766927083,5219.0019921875,5003.356009114584,4811.8903137207035,4830.174613122592,3724.290243524651,5899.0,False,True,True,True,False,False,True,False,False,9.196253487917438,noise,71.1706261458369,False,True,False,False,,Industrial Products,Cables - Electricals,71.96531791907515,True,False
KELLTONTEC.NS,2026-09-15,13.649999618530273,14.009999831517538,13.934999995761448,14.224599990844727,15.546066678365072,16.05319999217987,13.78810504560603,13.0,27.75,False,False,False,False,False,False,False,False,False,-50.543480326562964,red,173.40434700165568,False,True,False,False,,IT - Services,IT Enabled Services,7.89980732177264,False,False
KENNAMET.NS,2026-09-15,,,,,,,,,,False,False,False,False,False,False,False,False,False,,red,112.49991575816529,False,False,False,False,,Industrial Manufacturing,Industrial Products,,False,False
KERNEX.NS,2026-09-15,1656.300048828125,1731.7083333333333,2016.2250027126736,2058.6140014648436,1615.9743322753907,1504.9167498779298,1738.936596433106,850.0,2580.0,True,True,True,True,False,True,False,False,False,50.285825743489745,noise,36.27338167922365,False,False,False,False,,Transport Services,Transport Related Services,89.40269749518305,True,False
KESORAMIND.NS,2026-09-15,12.600000381469727,11.425000111262003,11.826944536632961,11.609200038909911,10.83420002937317,10.520150005817413,11.695677876224094,4.550000190734863,14.260000228881836,True,True,True,True,True,True,True,True,False,142.30770853144236,ppv,372.6453574499723,True,False,False,False,,Cement & Cement Products,Cement & Cement Products,97.83236994219652,True,True
KKCL.NS,2026-09-15,498.6000061035156,503.93749745686847,512.0930548773872,508.752998046875,482.77118489583336,481.8384510803223,504.024387078981,406.5753271266498,590.1599224193676,True,True,False,True,False,False,True,False,False,-5.642569302340195,ppv,218.76107756032263,False,False,False,False,,Textiles & Apparels,Garments & Apparels,58.333333333333336,False,False
KEYFINSERV.NS,2026-09-15,246.60000610351562,249.56666564941406,254.98361206054688,257.8228009033203,265.8761345418294,273.65885108947754,247.82399103462686,220.0,382.1000061035156,False,False,False,False,False,False,False,False,False,-0.4107203742410692,noise,29.319781078967942,False,False,False,False,,Capital Markets,Stockbroking & Allied,63.72832369942196,False,False
RUSTOMJEE.NS,2026-09-15,339.45001220703125,366.3958333333333,378.81944444444446,389.22399963378905,401.285000406901,430.46325088500976,358.4098747072311,331.8999938964844,634.0,False,False,False,False,False,False,False,False,False,-44.7239821361093,noise,32.835249837330394,False,True,False,True,,Realty,"Residential, Commercial Projects",11.946050096339114,False,False
KFINTECH.NS,2026-09-15,884.7999877929688,923.5375010172526,941.2458343505859,923.1670007324219,904.0430342610678,937.4877026367187,914.5999059899946,774.4636355142945,1198.7685004367224,False,False,False,False,False,False,False,False,False,-19.011985715913838,noise,64.89233673387791,False,False,False,False,,Capital Markets,"Depositories, Clearing Houses and Other Intermediaries",42.052023121387286,False,False
KHADIM.NS,2026-09-15,123.43000030517578,118.38083394368489,103.91555553012424,102.8111996459961,106.65233322143554,123.51539989471435,118.32997277108902,77.47000122070312,295.79998779296875,False,False,False,False,True,True,False,True,False,-46.884414445459456,ppv,96.52160477179812,False,True,False,False,,Consumer Durables,Footwear,10.115606936416185,False,False
KHAITANLTD.NS,2026-09-15,158.94000244140625,155.42416636149088,147.58888943990073,142.51980026245118,125.53626668294271,118.84840003967285,157.83622825210452,85.0,178.0,True,True,True,True,True,True,True,True,False,33.20482974179948,noise,70.38044540767594,False,False,False,False,,Consumer Durables,Consumer Electronics,84.05587668593449,True,True
KHAICHEM.NS,2026-09-15,50.599998474121094,54.03916708628336,52.93250030941434,52.19175643920899,54.56628952026367,59.56260089874267,53.41173809993683,42.878665105215774,135.66922317556129,False,False,False,False,False,False,False,False,False,-61.149975983223406,red,124.55128938830778,False,False,False,False,,Fertilizers & Agrochemicals,Fertilizers,3.420038535645472,False,False
KHANDSE.NS,2026-09-15,17.670000076293945,17.59333324432373,17.41055546866523,17.42659996032715,17.2607332611084,18.14849994659424,17.539392535135768,12.199999809265137,26.8799991607666,False,False,False,False,True,True,False,True,False,-26.25208367497377,noise,46.03269029205971,False,False,False,False,,Capital Markets,Stockbroking & Allied,32.321772639691716,False,False
KHFM.NS,2026-09-11,43.400001525878906,45.187500635782875,46.73888948228624,48.12100044250488,55.55233352661133,58.78725004196167,44.53141711062783,41.29999923706055,82.94999694824219,False,False,False,False,False,False,False,False,False,-45.40880311210201,green,219.2982456140351,False,False,False,False,,Commercial Services & Supplies,Diversified Commercial Services,11.464354527938344,False,False
KLBRENG-B.NS,2026-09-15,,,,,,,,,,False,False,False,False,False,False,False,False,False,,noise,,False,False,False,False,,Industrial Manufacturing,Industrial Products,,False,False
KILITCH.NS,2026-09-15,190.1999969482422,179.22166697184244,180.36805640326605,180.70320068359376,169.6180669148763,169.58530029296875,182.4550334766542,117.25,219.5,True,True,False,True,True,True,True,True,False,3.665344390795311,noise,99.2571304255045,False,False,False,False,,Pharmaceuticals & Biotechnology,Pharmaceuticals,67.34104046242774,False,False
KINGFA.NS,2026-09-15,5754.0,6009.458333333333,5713.680555555556,5532.01,4987.726000976562,4784.734508056641,6004.455438321744,3649.89990234375,6347.0,True,True,True,True,True,True,True,False,False,32.957454082248596,red,229.81303701184524,False,False,False,False,,Industrial Products,Plastic Products - Industrial,84.00770712909441,True,True
KIOCL.NS,2026-09-15,340.79998779296875,373.90416463216144,379.3097212049696,377.2289978027344,373.8109995524089,370.6597492980957,367.62255597050023,290.6499938964844,634.5499877929688,False,True,False,True,False,False,False,False,False,-26.95316756835957,noise,51.963579404725024,False,False,False,False,,Ferrous Metals,Sponge Iron,31.069364161849713,False,False
KIRANVYPAR.NS,2026-09-15,,,,,,,,,,False,False,False,False,False,False,False,False,False,,noise,,False,False,False,False,,Finance,Non Banking Financial Company (NBFC),,False,False
KIRIINDUS.NS,2026-09-15,522.8499755859375,542.2333297729492,471.8902774386936,450.9699987792969,420.29033345540364,452.30899978637694,536.351017185692,333.79998779296875,779.0,True,False,False,False,True,True,False,False,False,-10.646850590241176,noise,53.491902212286924,False,False,False,False,,Chemicals & Petrochemicals,Dyes And Pigments,52.408477842003855,False,False
KIRLOSBROS.NS,2026-09-15,1728.0,1852.1083374023438,1887.3666619194878,1886.7565063476563,1736.1552213541668,1700.0729382324218,1828.0033119267548,1329.942047366491,2180.905610301624,False,True,True,True,False,False,True,False,False,-12.426323519577165,red,110.88026625214236,False,False,False,False,,Industrial Products,"Compressors, Pumps & Diesel Engines",50.24084778420038,False,False
KECL.NS,2026-09-15,119.47000122070312,126.16333262125652,134.42916594611273,129.97679977416993,113.82786687215169,109.28455017089844,125.03535767810413,75.47000122070312,155.0,True,True,True,True,False,True,True,False,False,-3.2866490720585895,noise,45.29901194039026,False,False,False,False,,Electrical Equipment,Other Electrical Equipment,60.9344894026975,False,False
KIRLFER.NS,2026-09-15,,,,,,,,,,False,False,False,False,False,False,False,False,False,,red,170.32893357866237,False,False,False,False,,Ferrous Metals,Pig Iron,,False,False
KIRLPNU.NS,2026-09-15,698.1500244140625,731.9250030517578,737.2375013563368,771.73,724.3299328613281,676.169533996582,727.0705182127883,491.28502367158194,1093.5391904117103,False,True,True,True,False,True,False,False,False,11.959948284119438,noise,58.65286973773301,False,False,False,False,,Industrial Products,"Compressors, Pumps & Diesel Engines",73.89210019267823,True,False
KIRLOSIND.NS,2026-09-15,3834.0,3716.9666748046875,3754.9659762912324,3807.32185546875,3370.9594091796876,3326.7197106933595,3729.841018617126,2454.5104273251077,4559.03089925217,True,True,False,True,True,True,True,True,False,2.574482297841918,ppv,170.1049335237886,False,True,False,False,,Industrial Products,Iron & Steel Products,66.47398843930635,False,False
KIRLOSENG.NS,2026-09-15,2041.5999755859375,2166.941660563151,2150.862535264757,2195.333681640625,1844.63798828125,1676.0755578613282,2158.1465215431076,861.309173260361,2714.2611782271474,True,True,True,True,False,True,True,False,False,130.77570116863683,red,122.9715882358035,False,False,False,False,,Industrial Products,"Compressors, Pumps & Diesel Engines",97.54335260115607,True,False
KITEX.NS,2026-09-15,119.12999725341797,125.93083318074544,133.52666664123535,138.516600189209,157.20826685587565,163.39880001068116,125.00238371591115,118.5,232.6999969482422,False,False,False,False,False,False,False,False,False,-40.5153069795987,noise,80.96508848369578,False,False,False,True,,Textiles & Apparels,Garments & Apparels,16.184971098265898,False,False
KKVAPOW.NS,2026-09-11,364.0,366.1999994913737,424.47083367241754,450.6869958496094,560.9183312988281,578.1979989624024,368.9900764959702,350.3999938964844,693.0,False,False,False,False,False,False,False,False,False,-41.666666666666664,green,238.09523809523813,False,True,False,False,,Consumer Durables,"Gems, Jewellery And Watches",14.884393063583815,False,False
KMSUGAR.NS,2026-09-15,29.100000381469727,30.888333479563396,29.984999974568684,29.45659996032715,27.725200004577637,27.365499982833864,30.478371402795776,23.299999237060547,36.5,True,True,True,True,False,False,True,False,False,3.521877444405308,noise,67.12186434884545,False,False,False,False,,Agricultural Food & other Products,Sugar,67.1965317919075,False,False
KMCSHIL.NS,2026-09-15,,,,,,,,,,False,False,False,False,False,False,False,False,False,,noise,,False,False,False,True,,Healthcare Services,Hospital,,False,False
KNAGRI.NS,2026-09-15,192.52000427246094,205.28833516438803,209.85222329033746,208.22620086669923,196.9170674641927,195.17970054626466,201.0217371436852,148.3000030517578,244.0,False,True,False,True,False,False,True,False,False,-13.957539989961587,noise,44.08986337990155,False,False,False,False,,Agricultural Food & other Products,Edible Oil,48.21772639691715,False,False
KNACK.NS,2026-09-15,,,,,,,,,,False,False,False,False,False,False,False,False,False,,noise,,False,False,False,True,,Industrial Products,Packaging,,False,False
KMEW.NS,2026-09-15,2730.5,2956.1833292643228,2742.6944512261284,2641.7480029296876,2108.522661946615,2012.9602453613281,2895.6176281333014,925.5499877929688,3175.0,True,True,True,True,True,True,True,False,False,150.3782382967311,noise,74.00935041786096,False,False,False,False,,Engineering Services,Dredging,98.121387283237,True,True
KNRCON.NS,2026-09-15,121.22000122070312,121.69583447774251,126.61333444383409,126.09500106811524,127.53973378499349,133.26185035705566,122.7358054042829,108.6500015258789,220.0,False,False,False,False,False,False,False,False,False,-38.07091150565204,noise,70.10431072031759,False,True,False,False,,Construction,Civil Construction,18.59344894026975,False,False
KODYTECH.NS,2026-09-11,1470.0,1488.6458129882812,1420.4833272298176,1358.2009912109374,1007.3249963378906,978.3722476196289,1492.7897684135962,556.0499877929688,1596.0,True,True,True,True,True,True,True,False,False,108.02376695860008,dry,19.04835950863007,False,False,False,False,,IT - Software,Computers - Software & Consulting,96.24277456647398,True,True
KOHINOOR.NS,2026-09-15,29.579999923706055,32.075000286102295,28.75777784983317,27.397800064086915,25.664466705322265,25.83850003242493,31.27112681878646,19.200000762939453,38.470001220703125,True,False,False,True,True,True,True,False,False,-13.83629960384043,noise,30.930926439940986,False,False,False,False,,Agricultural Food & other Products,Other Agricultural Products,48.41040462427746,False,False
KOKUYOCMLN.NS,2026-09-15,77.0,78.84750048319499,81.8917605082194,82.87519760131836,84.31545766194661,85.28680007934571,78.73465191854291,70.79813775620397,117.51195134788873,False,False,False,False,False,False,False,False,False,-33.88044339119487,noise,67.84873755050074,False,False,False,False,,Household Products,Stationary,22.832369942196532,False,False
KOLTEPATIL.NS,2026-09-15,420.79998779296875,442.0749994913737,439.9416681925456,422.41600158691404,379.4703340657552,379.2415007019043,440.76640832269686,292.25,554.5999755859375,True,True,True,True,False,True,True,False,False,-9.035887972122792,dry,16.56262282036113,False,False,False,False,,Realty,"Residential, Commercial Projects",54.23892100192679,False,False
KONSTELEC.NS,2026-09-11,63.5,62.829166412353516,61.53472222222222,60.57199996948242,47.36833334604899,47.20499999046326,62.755561874342646,28.0,75.6500015258789,True,True,False,True,True,True,True,True,False,3.000808480668926,noise,85.37279453614116,False,True,False,False,,Construction,Civil Construction,66.71483622350675,False,False
KONTOR.NS,2026-09-11,54.75,54.2583335240682,57.11944442325168,58.01599983215332,65.69533317565919,65.43124994277954,53.65735894014303,49.5,87.0,False,True,False,False,False,False,False,True,False,-25.408720896692905,noise,55.970149253731336,False,False,False,False,,Commercial Services & Supplies,Diversified Commercial Services,33.285163776493256,False,False
KOPRAN.NS,2026-09-15,249.89999389648438,225.69499842325845,201.89193216959634,200.1049838256836,168.6449583943685,160.7522815322876,230.609696555713,105.19368133041839,267.0,True,True,True,True,True,True,True,True,False,41.918991999650615,ppv,2860.913800937787,False,False,True,False,,Pharmaceuticals & Biotechnology,Pharmaceuticals,86.9460500963391,True,True
KDL.NS,2026-09-11,93.44999694824219,92.9833329518636,98.15138880411784,103.53399978637695,123.58199981689454,134.4632497406006,91.52488273006291,84.05000305175781,250.0,False,False,False,False,False,False,False,True,False,-58.42971722436929,noise,98.23947086859255,False,False,False,False,,Telecom - Services,Telecom - Infrastructure,4.142581888246628,False,False
KOTAKBANK.NS,2026-09-15,409.79998779296875,419.8291651407878,403.6999994913737,397.2117169189453,391.32921813964845,399.93839874267576,416.30623223244083,344.9045390549985,452.4189269358333,True,False,False,False,True,False,True,False,False,4.0682183624951795,red,108.70194742958519,False,False,False,False,,Banks,Private Sector Bank,67.67822736030828,False,False
KOTIC.NS,2026-09-15,,,,,,,,,,False,False,False,False,False,False,False,False,False,,noise,,False,False,False,True,,Consumer Durables,Leather And Leather Products,,False,False
KOTHARIPET.NS,2026-09-15,130.35000610351562,134.89416631062826,138.19111082288953,136.23480010986327,126.48564666748047,125.78967845916748,136.62932535759109,94.07677144197076,164.57229966751103,True,True,False,True,False,True,True,False,False,-19.245370344549272,red,109.97828872659467,False,False,False,False,,Chemicals & Petrochemicals,Petrochemicals,41.76300578034682,False,False
KOTHARIPRO.NS,2026-09-15,65.02999877929688,66.98416646321614,67.78277757432726,67.96159973144532,68.94766649881998,69.73684984207154,66.51799624846093,58.0,109.0,False,False,False,False,False,False,False,False,False,-16.19845353349614,noise,26.036101895068324,False,False,False,False,,Commercial Services & Supplies,Trading & Distributors,45.27938342967245,False,False
KOTARISUG.NS,2026-09-15,27.479999542236328,30.128333409627277,28.510555691189236,27.648000106811523,26.22466673533122,26.3716500377655,29.429960058943365,22.5,39.939998626708984,True,False,False,True,False,False,False,False,False,-13.666353728860592,dry,19.555437167705193,False,False,False,False,,Agricultural Food & other Products,Sugar,48.795761078998076,False,False
KOTYARK.NS,2026-09-15,32.4900016784668,32.62083307902018,35.329578240712486,35.114724998474124,34.10029483795166,30.716589889526368,32.62060785528837,17.197409995355258,45.01727806166758,False,True,True,True,False,True,False,False,False,21.614799748918646,noise,65.17610995081117,False,False,False,False,,Petroleum Products,Refineries & Marketing,79.52793834296725,True,False
KOVAI.NS,2026-09-15,,,,,,,,,,False,False,False,False,False,False,False,False,False,,red,229.19912493844703,False,False,False,False,,Healthcare Services,Hospital,,False,False
KPIGREEN.NS,2026-09-15,277.1499938964844,299.0083312988281,333.2972234090169,352.6000012207031,390.636001180013,400.6671745300293,294.1359877402933,275.79998779296875,541.6977805031639,False,False,False,False,False,False,False,False,False,-42.249681985863155,noise,67.96449094884824,False,False,False,True,,Power,Power Generation,14.16184971098266,False,False
KPITTECH.NS,2026-09-15,563.0,573.0333353678385,593.8464016384548,582.81056640625,681.3675183105469,797.177444152832,566.6162276894092,538.453356900547,1313.886868193049,False,False,False,False,False,False,False,False,False,-54.581572240582666,ppv,126.26633865792185,False,False,False,False,,IT - Software,Computers - Software & Consulting,5.780346820809249,False,False
KRBL.NS,2026-09-15,397.1499938964844,424.64583079020184,395.5777757432726,385.60099731445314,360.23133260091146,364.1607489013672,419.4448718705383,274.6499938964844,463.2500904605609,True,False,False,True,True,True,True,False,False,-8.990911057289352,red,104.34790938951564,False,False,False,False,,Agricultural Food & other Products,Other Agricultural Products,54.28709055876686,False,False
KREBSBIO.NS,2026-09-15,56.27000045776367,57.0708335240682,55.35472244686551,55.2568000793457,57.545800094604495,59.5676501083374,57.32187293735874,38.33000183105469,82.48999786376953,False,False,False,False,True,True,False,False,False,-22.727271774812795,noise,65.58411779499292,False,False,False,False,,Pharmaceuticals & Biotechnology,Pharmaceuticals,37.42774566473989,False,False
KRIDHANINF.NS,2026-09-15,1.940000057220459,2.006666660308838,2.1616666515668235,2.2939999866485596,2.6717333245277404,3.0030499893426894,1.9993124702960334,1.809999942779541,4.78000020980835,False,False,False,False,False,False,False,False,False,-50.12853457832366,noise,35.319107833473154,False,True,False,False,,Construction,Civil Construction,8.285163776493256,False,False
KRISHANA.NS,2026-09-15,177.1999969482422,185.99749883015951,185.0461107889811,172.52219940185546,137.7162451171875,128.4828606414795,184.03546482115598,86.13667447448749,206.38999938964844,True,True,True,True,True,True,True,False,False,53.10850175617601,noise,54.44573247434283,False,False,False,False,,Fertilizers & Agrochemicals,Fertilizers,90.1252408477842,True,True
KRISHCA.NS,2026-09-11,156.5,159.3499984741211,163.9972212049696,165.23699920654298,172.29666646321616,175.9149998474121,159.47885903428602,138.0,225.0500030517578,False,False,False,False,False,False,False,False,False,-28.309666600007034,noise,46.60452729693741,False,False,False,False,,Industrial Products,Iron & Steel Products,29.142581888246628,False,False
KRISHIVAL.NS,2026-09-15,419.5,414.37083435058594,400.54305436876086,399.8919989013672,369.3863336181641,372.88952224731446,415.0682876070381,282.29998779296875,508.0,True,False,False,True,True,True,True,True,False,-4.612025170556045,noise,24.97301481439817,False,False,False,False,,Food Products,Other Food Products,59.63391136801541,False,False
KRISHNADEF.NS,2026-09-15,1027.800048828125,1037.3916676839192,1107.4388919406467,1160.929246826172,1111.4757604980468,1043.655694885254,1049.7161646545205,664.3519847169132,1398.6358552528313,False,True,True,True,False,True,False,False,False,35.689811174983824,red,107.88889221296705,False,False,False,False,,Aerospace & Defense,Aerospace & Defense,84.8747591522158,True,False
KIMS.NS,2026-09-15,766.8499755859375,764.4666646321615,787.04027472602,791.29,741.9433341471354,715.3634997558594,767.3371364487182,575.7999877929688,858.0,True,True,True,True,False,True,True,False,False,0.5836766827617801,noise,87.69115349729132,False,False,False,False,,Healthcare Services,Hospital,64.64354527938343,False,False
KRITI.NS,2026-09-15,61.599998474121094,61.60750039418539,65.42444409264459,66.22839958190917,73.48933319091798,75.78229984283448,61.93890524305273,53.0,155.89999389648438,False,False,False,False,False,False,False,False,False,-54.363609109558396,noise,30.930881333499617,False,False,False,False,,Industrial Products,Plastic Products - Industrial,5.828516377649326,False,False
KRITINUT.NS,2026-09-15,80.77999877929688,84.20833396911621,83.2683334350586,81.71239990234375,80.07539995829265,78.16414999008178,83.01553802935692,51.36000061035156,102.98999786376953,True,True,False,True,False,True,True,False,False,-16.281479357739226,noise,51.8192823321843,False,False,False,False,,Agricultural Food & other Products,Edible Oil,45.18304431599229,False,False
KRITIKA.NS,2026-09-15,5.239999771118164,5.37333329518636,5.543611076143053,5.571799974441529,5.878799982070923,6.196399984359741,5.368725498645183,4.5,9.670000076293945,False,False,False,False,False,False,False,False,False,-43.16703232800686,noise,70.55457483579937,False,False,False,False,,Industrial Products,Iron & Steel Products,13.63198458574181,False,False
KRN.NS,2026-09-15,1514.0,1573.7249959309895,1423.8861050075955,1372.8819995117187,1172.2569986979167,1058.8479986572265,1566.1368151877862,589.7999877929688,1687.0,True,True,True,True,True,True,True,False,False,77.99201075183173,red,133.67043973146346,False,False,False,False,,Industrial Products,Other Industrial Products,93.83429672447014,True,True
KRONOX.NS,2026-09-15,170.36000061035156,178.13031641642252,170.75868394639758,165.0378256225586,141.84994873046875,139.91288375854492,176.31408121039817,95.7256701769065,222.78155283479555,True,True,False,True,True,True,True,False,False,-0.2113089904637433,dry,4.545884731865859,False,False,False,False,,Chemicals & Petrochemicals,Specialty Chemicals,63.969171483622354,False,False
KROSS.NS,2026-09-15,228.8699951171875,217.14333470662436,208.29138946533203,204.03000091552735,194.70746693929036,193.5846502685547,221.517914334568,150.52000427246094,243.2899932861328,True,True,True,True,True,True,True,True,False,5.242099522919896,noise,73.68337100738049,False,False,False,False,,Auto Components,Auto Components & Equipments,68.64161849710982,False,False
KRSNAA.NS,2026-09-15,541.6500244140625,555.2166748046875,553.9083353678385,552.4520031738281,574.7439998372396,614.0164999389649,553.6717355367413,515.0,894.4000244140625,False,False,False,False,False,False,False,False,False,-35.47944914662746,noise,58.9913658091861,False,False,False,False,,Healthcare Services,Healthcare Service Provider,21.146435452793835,False,False
KRYSTAL.NS,2026-09-15,607.7999877929688,641.2096099853516,625.647464328342,618.3170031738281,596.7317403157552,586.507953491211,632.8741798419408,498.79895915662905,694.3280976884497,True,True,True,True,False,False,True,False,False,-7.820028007055823,noise,22.425980530758977,False,False,False,False,,Commercial Services & Supplies,Diversified Commercial Services,55.92485549132948,False,False
KSB.NS,2026-09-15,787.9500122070312,806.6833292643229,813.7624969482422,842.6729968261719,838.5622111002605,812.0889776611328,804.4184799947973,663.373535570316,1023.2461180887996,False,True,True,True,False,False,True,False,False,-2.8891621647116006,red,117.76856963690688,False,False,False,False,,Industrial Products,"Compressors, Pumps & Diesel Engines",61.175337186897885,False,False
KSE.NS,2026-09-15,,,,,,,,,,False,False,False,False,False,False,False,False,False,,noise,,False,False,False,False,,Food Products,Animal Feed,,False,False
KSHINTL.NS,2026-09-15,,,,,,,,,,False,False,False,False,False,False,False,False,False,,red,137.0551789282853,False,False,False,False,,Industrial Products,Cables - Electricals,,False,False
KSHITIJPOL.NS,2026-09-15,3.6500000953674316,3.2483333349227905,3.0313888721995883,3.015999984741211,3.38799999554952,3.13514999628067,3.354861972786268,1.8799999952316284,7.199999809265137,True,True,False,False,True,True,False,True,False,18.8925138350732,ppv,465.3119796385972,True,False,False,False,,Chemicals & Petrochemicals,Printing Inks,77.74566473988439,True,False
KSOLVES.NS,2026-09-15,252.10000610351562,267.54166920979816,273.8972210354275,278.51390563964844,285.5175733439128,283.26705863952634,264.469211506467,242.4667784709831,349.2606854148325,False,True,False,False,False,False,False,False,False,-19.59438874681402,noise,47.51335716427326,False,False,False,False,,IT - Software,Computers - Software & Consulting,41.28131021194605,False,False
KSR.NS,2026-09-15,,,,,,,,,,False,False,False,False,False,False,False,False,False,,green,168.7194451049698,False,False,True,False,,Commercial Services & Supplies,Trading & Distributors,,False,False
KUANTUM.NS,2026-09-15,75.98999786376953,74.21666717529297,76.0982928805881,75.52898406982422,76.77479949951172,79.77897342681885,75.20970063678915,62.94488260004328,117.4370813714317,False,False,False,False,True,False,False,True,False,-29.850635683122974,red,234.60058895726803,False,False,False,False,,"Paper, Forest & Jute Products",Paper & Paper Products,27.071290944123316,False,False
KUSUMGAR.NS,2026-09-15,,,,,,,,,,False,False,False,False,False,False,False,False,False,,noise,,False,False,False,True,,Textiles & Apparels,Other Textile Products,,False,False
KPL.NS,2026-09-15,,,,,,,,,,False,False,False,False,False,False,False,False,False,,noise,,False,False,False,False,,Pharmaceuticals & Biotechnology,Pharmaceuticals,,False,False
KWIL.NS,2026-09-15,,,,,,,,,,False,False,False,False,False,False,False,False,False,,noise,46.82981882517551,False,False,False,False,,Food Products,Dairy Products,,False,False
LGBBROSLTD.NS,2026-09-15,1703.199951171875,1709.3583272298176,1609.7535739474827,1590.2108569335937,1649.3534798177084,1687.2947473144532,1702.6770134255066,1296.8551263586494,2019.894362671753,True,False,False,False,True,True,True,True,False,28.298589320145794,noise,84.30347507664852,False,True,False,False,,Auto Components,Auto Components & Equipments,82.51445086705202,True,False
LTFOODS.NS,2026-09-15,421.04998779296875,442.59166463216144,427.04166412353516,414.46899841308596,404.26133219401044,399.0105830383301,439.83961668712914,332.25635910144365,490.70001220703125,True,True,True,True,True,False,True,False,False,-8.579543116576572,noise,24.322507621160874,False,False,False,False,,Agricultural Food & other Products,Other Agricultural Products,55.00963391136801,False,False
LTF.NS,2026-09-15,296.79998779296875,311.3708267211914,313.86805301242407,313.7609973144531,290.74912099202476,292.23417945861814,309.3875611236049,231.13033165112134,338.6000061035156,True,False,False,True,False,False,True,False,False,27.619918804137434,noise,72.18765329849913,False,False,False,False,,Finance,Non Banking Financial Company (NBFC),82.1290944123314,True,False
LTTS.NS,2026-09-15,3312.199951171875,3465.2416381835938,3526.3777669270835,3466.5699951171873,3415.68638671875,3621.3507446289063,3418.4347981839496,2976.4372238818078,4673.3032272251885,False,False,False,False,False,False,False,False,False,-20.02138419163877,noise,38.249895601477384,False,False,False,False,,IT - Services,IT Enabled Services,40.895953757225435,False,False
LAOPALA.NS,2026-09-15,160.6300048828125,169.28999964396158,177.44186147054037,177.96504638671874,177.9273075358073,182.60249069213867,166.7400805321471,157.7713332151307,252.7650542172862,False,False,False,False,False,False,False,False,False,-33.6960727998307,ppv,124.07926910502252,False,False,False,False,,Consumer Durables,Glass - Consumer,23.073217726396916,False,False
LADDERUP.NS,2026-09-15,,,,,,,,,,False,False,False,False,False,False,False,False,False,,noise,,False,False,False,False,,Finance,Non Banking Financial Company (NBFC),,False,False
LAGNAM.NS,2026-09-15,71.1500015258789,74.47833315531413,79.80583339267307,80.84839965820312,77.24553329467773,75.74844993591309,73.86261310106826,58.599998474121094,96.9800033569336,False,True,False,True,False,False,False,False,False,-13.788922115279012,noise,66.27883842769168,False,False,False,False,,Textiles & Apparels,Other Textile Products,48.603082851637765,False,False
LAHOTIOV.NS,2026-09-15,,,,,,,,,,False,False,False,False,False,False,False,False,False,,noise,,False,False,False,True,,Commercial Services & Supplies,Trading & Distributors,,False,False
LFIC.NS,2026-09-15,136.63999938964844,138.21666717529297,139.5272216796875,140.34359954833985,138.88080032348634,145.10355018615724,139.6057396565312,111.0,224.85000610351562,False,False,False,False,False,False,False,False,False,-34.51651551690323,red,519.2146140307727,False,False,False,False,,Finance,Investment Company,22.15799614643545,False,False
LAKSHMIMIL.NS,2026-09-15,,,,,,,,,,False,False,False,False,False,False,False,False,False,,noise,,False,False,False,True,,Textiles & Apparels,Other Textile Products,,False,False
LALITHAA.NS,2026-09-15,,,,,,,,,,False,False,False,False,False,False,False,False,False,,noise,,False,False,False,False,,Consumer Durables,"Gems, Jewellery And Watches",,False,False
LAMBODHARA.NS,2026-09-15,130.3300018310547,137.1066665649414,123.32194434271918,120.48779998779297,110.34739985148111,112.41179985046386,134.82173958555117,81.80000305175781,162.0,True,False,False,True,True,True,True,False,False,2.967325835991752,noise,37.59783959640691,False,False,False,False,,Textiles & Apparels,Other Textile Products,66.66666666666666,False,False
LANCER.NS,2026-09-15,,,,,,,,,,False,False,False,False,False,False,False,False,False,,noise,,False,False,False,False,,Transport Services,Logistics Solution Provider,,False,False
LANCORHOL.NS,2026-09-15,36.040000915527344,36.18333339691162,30.58416673872206,29.230600051879883,25.81573331197103,25.758599977493287,36.19651430896435,18.1200008392334,41.75,True,True,False,True,True,True,True,False,False,52.96682294718493,dry,12.200145048290075,False,False,False,False,,Realty,"Residential, Commercial Projects",90.07707129094412,True,False
LANDMARK.NS,2026-09-15,470.3500061035156,497.31667073567706,520.57361263699,508.7960009765625,438.3690000406901,444.7189999389648,493.22483278967434,339.5,662.7999877929688,True,False,False,True,False,True,False,False,False,-25.06270208245207,dry,5.184681478586716,False,False,False,False,,Automobiles,Auto Dealer,33.86319845857418,False,False
LPDC.NS,2026-09-15,6.059999942779541,6.530833284060161,6.663888904783461,6.582599992752075,6.633066663742065,6.718199996948242,6.422219898380461,5.230000019073486,9.460000038146973,False,False,False,False,False,False,False,False,False,-21.705424780599458,noise,27.029808763057495,False,False,False,False,,Realty,Real Estate related services,38.24662813102119,False,False
LANDSMILL.NS,2026-09-15,0.5699999928474426,0.6300000001986822,0.7269444432523515,0.736599998474121,0.9002666636308034,1.0021499994397163,0.6104534675303929,0.550000011920929,1.7400000095367432,False,False,False,False,False,False,False,False,False,-64.15094459864594,noise,70.47509499974424,False,False,False,False,,Commercial Services & Supplies,Trading & Distributors,2.5529865125240847,False,False
LT.NS,2026-09-15,3850.699951171875,3966.2500203450522,4003.7861124674478,3961.682001953125,3957.6832080078125,3958.586555175781,3947.9339195175785,3256.294765660181,4397.052414797838,False,False,False,True,False,False,True,False,False,8.618108262162405,red,108.72352033741028,False,False,False,False,,Construction,Civil Construction,71.14643545279384,True,False
LASA.NS,2026-09-15,6.199999809265137,6.664166688919067,7.049999992052714,7.106200017929077,7.539600003560384,8.058549990653992,6.589093827035606,5.670000076293945,14.079999923706055,False,False,False,False,False,False,False,False,False,-47.27891421261779,noise,57.15059622108299,False,False,False,False,,Pharmaceuticals & Biotechnology,Pharmaceuticals,9.778420038535646,False,False
LASERPOWER.NS,2026-09-15,,,,,,,,,,False,False,False,False,False,False,False,False,False,,noise,,False,False,False,False,,Industrial Products,Cables - Electricals,,False,False
LATENTVIEW.NS,2026-09-15,252.89999389648438,265.06666310628253,283.9152772691515,288.5979986572266,302.5306663004557,340.09425003051757,261.69197887827926,248.0,517.5,False,False,False,False,False,False,False,False,False,-39.893049578969844,green,130.79249756816174,False,False,False,False,,IT - Software,Computers - Software & Consulting,16.714836223506744,False,False
LATTEYS.NS,2026-09-15,20.520000457763672,21.346666653951008,21.144722249772812,20.92319995880127,21.463399982452394,21.756799988746643,21.320786892238992,15.789999961853027,37.0,False,False,False,False,False,False,False,False,False,-0.5813901910527552,red,112.9441306132275,False,False,False,False,,Industrial Products,"Compressors, Pumps & Diesel Engines",63.53564547206165,False,False
LAURUSLABS.NS,2026-09-15,1926.9000244140625,1911.816670735677,1843.6805589463975,1759.05400390625,1381.642362874349,1295.2448965454103,1915.328832326898,821.6033975811163,1981.800048828125,True,True,True,True,True,True,True,True,False,115.54378766898962,noise,57.89592178873788,False,False,False,False,,Pharmaceuticals & Biotechnology,Pharmaceuticals,96.67630057803468,True,True
LAXMICOT.NS,2026-09-15,12.630000114440918,13.041666746139526,13.737777815924751,14.041400032043457,14.623466688791911,15.312000012397766,13.07638461789255,11.359999656677246,25.479999542236328,False,False,False,False,False,False,False,False,False,-48.990306956021826,noise,56.66996454085361,False,True,False,False,,Textiles & Apparels,Other Textile Products,8.815028901734104,False,False
LAXMIDENTL.NS,2026-09-15,197.4600067138672,198.5108324686686,204.23388968573676,208.72540008544922,205.11366617838542,215.17309928894042,199.41024374371773,155.8800048828125,377.04998779296875,False,False,False,False,False,False,False,False,False,-35.46004287123567,noise,58.33169486083768,False,False,False,False,,Healthcare Equipment & Supplies,Medical Equipment & Supplies,21.242774566473987,False,False
LGHL.NS,2026-09-15,185.11000061035156,179.05083338419595,187.99138895670572,194.59040069580078,233.73253356933594,246.2761503601074,180.8004949474549,168.0,399.5833435058594,False,False,False,False,False,False,False,True,False,-50.861189086598415,noise,55.08127236739509,False,False,False,False,,Consumer Durables,"Gems, Jewellery And Watches",7.803468208092486,False,False
LAXMIINDIA.NS,2026-09-15,121.58999633789062,128.44833501180014,129.36750009324817,125.50499984741211,111.38179982503256,112.82639999389649,127.88162760827173,71.05999755859375,180.89999389648438,True,False,False,True,False,True,False,False,False,-27.16981218299397,red,175.60653741383516,False,False,False,False,,Finance,Non Banking Financial Company (NBFC),30.732177263969174,False,False
LXCHEM.NS,2026-09-15,167.8300018310547,172.04583358764648,176.84166717529297,173.88030975341798,152.27736587524413,154.29708850860595,173.0133840321512,107.41716450845627,240.59049253763015,True,False,False,True,False,True,False,False,False,-24.285863860577972,noise,54.29044887644778,False,False,False,False,,Chemicals & Petrochemicals,Specialty Chemicals,34.8747591522158,False,False
LCCINFOTEC.NS,2026-09-15,2.990000009536743,3.5208333333333335,3.787500003973643,4.0068000173568725,4.520466653505961,4.586650000810623,3.412058156551264,2.880000114440918,5.889999866485596,False,False,False,False,False,False,False,False,False,-34.14096839956014,red,138.52718228146313,False,True,False,True,,Other Consumer Services,Education,22.591522157996145,False,False
LEMERITE.NS,2026-09-15,20.059999465942383,20.93749984105428,22.27444447411431,22.126800079345703,54.59946673075358,64.95495016098022,20.968331146033016,19.520000457763672,107.56999969482422,False,False,False,False,False,False,False,False,False,-72.33866465179945,noise,60.05979041951368,False,False,False,False,,Textiles & Apparels,Other Textile Products,1.2042389210019269,False,False
IXIGO.NS,2026-09-15,161.02000427246094,163.0608342488607,175.55860985649957,182.49799865722656,177.7560659790039,192.65469909667968,163.63469013893015,151.27000427246094,339.1499938964844,False,False,False,False,False,False,False,False,False,-47.864658866643275,ppv,247.71145090982597,False,False,False,False,,Leisure Services,"Tour, Travel Related Services",9.441233140655106,False,False
LRRPL.NS,2026-09-11,93.0,88.54999987284343,87.17500008477106,88.05900009155273,80.24833323160807,78.59599979400635,89.82722270718428,59.150001525878906,98.9000015258789,True,True,False,True,True,True,True,True,False,17.796078017544037,noise,82.87292817679558,False,False,False,False,,Industrial Products,Rubber,77.21579961464354,True,False
LEAPIND.NS,2026-09-15,,,,,,,,,,False,False,False,False,False,False,False,False,False,,noise,,False,False,False,True,,Commercial Services & Supplies,Diversified Commercial Services,,False,False
LEENEE.NS,2026-09-15,,,,,,,,,,False,False,False,False,False,False,False,False,False,,noise,,False,False,False,False,,IT - Services,IT Enabled Services,,False,False
THELEELA.NS,2026-09-15,522.4500122070312,552.2791697184244,526.419447157118,515.8880023193359,460.2580010986328,450.1030009460449,543.6185116982608,384.5,582.8499755859375,True,True,True,True,True,True,True,False,False,27.132253726233692,noise,36.08946755357292,False,False,False,False,,Leisure Services,Hotels & Resorts,81.9364161849711,True,True
LEMONTREE.NS,2026-09-15,102.58000183105469,105.79999987284343,108.53972244262695,110.29800033569336,112.9789333597819,122.15105014801026,105.40628904888818,99.61000061035156,179.58999633789062,False,False,False,False,False,False,False,False,False,-41.33927792340152,noise,73.65153356833804,False,False,False,False,,Leisure Services,Hotels & Resorts,15.269749518304431,False,False
LENSKART.NS,2026-09-15,,,,,,,,,,False,False,False,False,False,False,False,False,False,,noise,73.3600222527986,False,False,False,False,,Retailing,Speciality Retail,,False,False
LEXUS.NS,2026-09-15,12.75,13.390833377838135,14.028888993793064,14.210400066375733,20.4411333211263,21.90004997253418,13.356280132487573,12.579999923706055,39.25,False,False,False,False,False,False,False,False,False,-54.97881307417458,noise,75.13001554978534,False,False,False,True,,Consumer Durables,"Furniture, Home Furnishing",5.684007707129094,False,False
LGEINDIA.NS,2026-09-15,,,,,,,,,,False,False,False,False,False,False,False,False,False,,noise,97.28454025144877,False,False,False,False,,Consumer Durables,Household Appliances,,False,False
LIBAS.NS,2026-09-15,11.430000305175781,10.569166580835978,10.129999981986153,10.293199996948243,10.96999999364217,10.90744999885559,10.662299492083353,9.020000457763672,14.300000190734863,True,True,False,False,True,False,True,True,False,-3.949574188411109,ppv,371.39366751942197,False,False,False,False,,Textiles & Apparels,Garments & Apparels,60.26011560693642,False,False
LIBERTSHOE.NS,2026-09-15,218.6199951171875,234.16000111897787,246.722777472602,252.4363998413086,250.82393412272134,255.26595085144044,231.2294207312301,210.5,404.95001220703125,False,False,False,False,False,False,False,False,False,-34.88607740366716,noise,61.84083492010887,False,False,False,False,,Consumer Durables,Footwear,21.72447013487476,False,False
LICHSGFIN.NS,2026-09-15,542.0,548.0250040690104,519.7837600708008,523.911245727539,524.6566090901692,523.4731629943848,547.0298716101819,449.86740023054796,586.4255760885916,True,True,False,False,True,False,True,False,False,-1.7447251896006266,red,188.59900121471696,False,False,False,False,,Finance,Housing Finance Company,62.3795761078998,False,False
LICI.NS,2026-09-15,391.5,410.3000005086263,412.0,417.8669989013672,406.6228009033203,408.29827056884767,406.710049743731,352.4872671490231,457.74492274879265,False,False,False,True,False,False,True,False,False,-8.390460138869592,red,113.5754181435577,False,False,False,False,,Insurance,Life Insurance,55.250481695568396,False,False
LIKHITHA.NS,2026-09-15,222.22000122070312,210.12083435058594,216.50833426581488,223.18700103759767,206.98600077311198,200.08300064086913,213.35548928279053,131.4499969482422,272.0,True,True,False,True,False,True,True,True,False,-10.351784394324326,ppv,258.7738198785223,False,False,False,False,,Construction,Civil Construction,52.74566473988439,False,False
LINC.NS,2026-09-15,95.0199966430664,94.69384702046712,96.62656042310927,99.14313201904297,100.63725163777669,103.32271694183349,95.32797535285037,83.71015535243087,132.837305765185,False,False,False,False,False,False,False,False,False,-23.94682092502499,noise,23.217106312480386,False,False,False,False,,Household Products,Stationary,35.54913294797688,False,False
LINCOLN.NS,2026-09-15,602.5999755859375,618.9420979817709,605.5101148817274,604.3382080078125,616.1317995198568,581.9308825683594,619.7318123423881,438.75159875466625,767.8152546425441,False,True,True,False,False,True,True,False,False,9.87094918258913,red,120.87817766998512,False,False,False,False,,Pharmaceuticals & Biotechnology,Pharmaceuticals,72.30250481695568,True,False
LINDEINDIA.NS,2026-09-15,6080.0,6345.875,6642.719156901042,6745.569091796875,6965.959475911458,6708.6700830078125,6309.407204301955,5663.395514756716,8035.3727195912315,False,True,True,False,False,False,True,False,False,-5.795654136994788,noise,63.00281249304297,False,False,False,False,,Chemicals & Petrochemicals,Industrial Gases,57.996146435452786,False,False
LKPSEC.NS,2026-09-15,,,,,,,,,,False,False,False,False,False,False,False,False,False,,noise,,False,False,False,False,,Capital Markets,Stockbroking & Allied,,False,False
LLOYDSENGG.NS,2026-09-15,79.70999908447266,83.58999888102214,88.53013674418132,88.36378128051757,69.54254211425781,65.01609060287475,82.92523350870829,37.297425311917706,99.47641802454628,True,True,True,True,False,True,True,False,False,26.33036243888509,noise,42.71636869305793,False,True,False,False,,Industrial Manufacturing,Industrial Products,81.59922928709055,True,False
LLOYDSENT.NS,2026-09-15,67.63999938964844,71.29833348592122,76.16500049167209,76.64820053100586,67.03292572021485,65.28470245361328,70.86820896433835,40.66239061884169,84.69999694824219,True,True,True,True,False,True,True,False,False,-3.800555731096289,noise,42.69353319111651,False,False,False,False,,Metals & Minerals Trading,Trading - Metals,60.5009633911368,False,False
LLOYDS.NS,2026-09-11,58.5,58.708333333333336,63.73194461398654,66.36400024414063,70.12733385721843,69.54225040435792,58.8696236778529,34.79999923706055,98.9000015258789,False,True,False,False,False,True,False,False,False,-35.537190082644635,noise,56.17977528089888,False,False,False,False,,Leisure Services,Wellness,21.001926782273603,False,False
LLOYDSME.NS,2026-09-15,1778.800048828125,1806.8416646321614,1910.2083333333333,1892.1659985351562,1658.2096020507813,1556.5936737060547,1808.9709519228213,1042.2770517704853,2125.0,True,True,True,True,False,True,True,False,False,37.28215820799006,red,115.69334898379095,False,False,False,False,,Minerals & Mining,Industrial Minerals,85.59730250481695,True,False
LMW.NS,2026-09-15,17103.0,18470.666666666668,17980.777777777777,17425.3294921875,15688.196432291666,15470.755458984375,18153.978052001014,11893.875786654997,20151.0,True,True,True,True,False,True,True,False,False,18.26788842235645,noise,42.289903891139005,False,False,False,False,,Industrial Manufacturing,Industrial Products,77.40847784200385,True,False
LODHA.NS,2026-09-15,1064.800048828125,1191.683349609375,1221.4569939507378,1204.2350244140625,1002.228935546875,1015.3942144775391,1166.6011205359646,648.5216337409466,1340.2415520455131,True,False,False,True,False,True,True,False,False,-9.414988637985077,noise,60.06994184362714,False,False,False,False,,Realty,"Residential, Commercial Projects",53.612716763005785,False,False
LCL.NS,2026-09-15,,,,,,,,,,False,False,False,False,False,False,False,False,False,,noise,,False,False,False,False,,Industrial Manufacturing,Industrial Products,,False,False
LOKESHMACH.NS,2026-09-15,332.20001220703125,342.7750015258789,337.4875013563368,336.0660009765625,268.83406697591147,243.4164503479004,344.29257395393455,138.9600067138672,385.79998779296875,True,True,True,True,False,True,True,False,False,67.87952496957188,noise,63.88901613337187,False,False,False,False,,Industrial Manufacturing,Industrial Products,92.34104046242774,True,False
LORDSCHLO.NS,2026-09-15,131.10000610351562,138.68833541870117,140.4363890753852,140.3116000366211,136.41079986572265,143.27384986877442,137.6308626751904,108.0,233.0,False,False,False,False,False,False,False,False,False,-27.784504267947508,noise,55.10927219978512,False,False,False,False,,Chemicals & Petrochemicals,Commodity Chemicals,29.96146435452794,False,False
LAL.NS,2026-09-15,8.989999771118164,8.972500085830688,8.715833412276375,8.724200048446654,7.881733363469442,8.093200027942657,8.936162580437895,5.559999942779541,12.770000457763672,True,False,False,True,True,True,False,True,False,-22.633391913449053,dry,19.302908001819578,False,False,False,False,,Textiles & Apparels,Garments & Apparels,37.52408477842003,False,False
LOTUSCHO.NS,2026-09-15,,,,,,,,,,False,False,False,False,False,False,False,False,False,,noise,,False,False,False,True,,Food Products,Packaged Foods,,False,False
LOTUSEYE.NS,2026-09-15,110.58999633789062,110.45166651407878,114.74861102634006,116.53740005493164,115.37013356526693,116.01470008850097,111.32029198294622,97.58999633789062,147.0,False,False,False,True,False,False,True,False,False,-12.673723254194636,noise,87.16397055209076,False,False,False,False,,Healthcare Services,Hospital,49.662813102119465,False,False
LOVABLE.NS,2026-09-15,70.91000366210938,71.84083429972331,72.07111167907715,73.1752001953125,72.45579996744792,73.92069995880126,71.45586276507879,55.0,104.69999694824219,False,False,False,False,False,False,False,False,False,-25.20830557105951,noise,86.6690920927917,False,False,False,False,,Textiles & Apparels,Garments & Apparels,33.47784200385357,False,False
LOYALTEX.NS,2026-09-15,210.0,215.81500116984049,213.64027786254883,211.16919952392578,213.62579986572266,213.2401000213623,214.89757252402356,170.0399932861328,333.989990234375,False,True,False,False,False,False,False,False,False,-32.23620389287709,dry,7.893769328921474,False,True,False,False,,Textiles & Apparels,Other Textile Products,24.470134874759154,False,False
LTM.NS,2026-09-15,4346.60009765625,4485.6333414713545,4534.086127387152,4386.306010742188,4285.333162434896,4713.030750732421,4425.553684729477,3528.0,6344.474916122625,False,False,False,False,False,False,False,False,False,-17.071338679606583,green,140.07977701842583,False,False,False,False,,IT - Software,Computers - Software & Consulting,44.02697495183045,False,False
LUMAXTECH.NS,2026-09-15,1991.300048828125,1988.1166687011719,1874.1700032552083,1759.1986376953125,1675.116105143229,1631.4605047607422,1976.3130401390636,1057.6628287947672,2148.699951171875,True,True,True,True,True,True,True,True,False,86.34188367312856,noise,83.22394537206132,False,False,False,False,,Auto Components,Auto Components & Equipments,94.70134874759152,True,True
LUMAXIND.NS,2026-09-15,5766.5,6132.041666666667,5806.814778645833,5645.312216796875,5455.8344140625,5425.257687988281,6016.865712955794,4022.4774288239955,6868.719019600016,True,True,True,True,True,True,True,False,False,39.07941232790533,noise,60.44933860965047,False,False,False,False,,Auto Components,Auto Components & Equipments,86.17533718689788,True,True
LUMINO.NS,2026-09-15,,,,,,,,,,False,False,False,False,False,False,False,False,False,,noise,,False,False,False,True,,Industrial Products,Cables - Electricals,,False,False
LUPIN.NS,2026-09-15,2063.199951171875,2121.316650390625,2240.427775065104,2300.5283837890624,2291.5905338541666,2247.7597607421876,2109.6114392383715,1886.322723198068,2523.699951171875,False,True,True,True,False,False,True,False,False,1.7010738050206475,noise,65.37901642730786,False,False,False,False,,Pharmaceuticals & Biotechnology,Pharmaceuticals,65.84778420038536,False,False
LUXIND.NS,2026-09-15,1056.699951171875,1152.5583190917969,1206.875,1223.3899951171875,1212.2916658528645,1171.459998779297,1131.0631095894375,824.0499877929688,1823.3499755859375,False,True,False,True,False,False,False,False,False,-20.31390655065578,red,118.12703394954787,False,False,False,False,,Textiles & Apparels,Garments & Apparels,40.51059730250482,False,False
LYKALABS.NS,2026-09-15,81.25,78.40833409627278,71.08833323584662,70.42659996032715,64.59926663716634,67.67840002059937,79.7536044055883,44.099998474121094,101.9000015258789,True,False,False,True,True,True,True,True,False,-17.94586673954477,noise,22.015605712279587,False,False,False,False,,Pharmaceuticals & Biotechnology,Pharmaceuticals,43.0635838150289,False,False
MBEL.NS,2026-09-15,252.64999389648438,264.4904365539551,275.7560861375597,286.78632415771483,298.65617970784507,313.07389808654784,262.2733307428175,222.20879137850392,533.8789199375677,False,False,False,False,False,False,False,False,False,-40.77383294439826,red,116.41973819987723,False,False,False,False,,Construction,Civil Construction,15.992292870905588,False,False
M&M.NS,2026-09-15,3029.5,3176.2750040690103,3323.3472290039062,3274.4279931640626,3186.9223990885416,3288.261219482422,3155.2377446820396,2865.903724597869,3799.9943064302024,False,False,False,False,False,False,True,False,False,-14.724241994835142,red,101.61553555717924,False,False,False,False,,Automobiles,Passenger Cars & Utility Vehicles,47.20616570327553,False,False
M&MFIN.NS,2026-09-15,342.29998779296875,366.7249984741211,382.2236116197374,369.56366088867185,331.87857828776043,338.71440948486327,363.31395693861447,261.12497473345707,415.0,True,False,False,True,False,True,True,False,False,28.985200923464593,noise,32.6163250400926,False,False,False,False,,Finance,Non Banking Financial Company (NBFC),82.61078998073218,True,False
MBAPL.NS,2026-09-15,155.82000732421875,161.6449991861979,163.1197221544054,154.7822004699707,120.62617767333984,111.06331367492676,161.27984057973617,74.56403046577304,174.94000244140625,True,True,True,True,True,True,True,False,False,86.10722950576925,noise,87.92004107597629,False,False,False,False,,Fertilizers & Agrochemicals,Fertilizers,94.60500963391137,True,True
MKEXIM.NS,2026-09-15,,,,,,,,,,False,False,False,False,False,False,False,False,False,,noise,,False,False,False,False,,Retailing,Distributors,,False,False
MKPL.NS,2026-09-15,3.9200000762939453,4.030833423137665,4.123055570655399,4.227800011634827,4.7626666752497355,5.033500009775162,4.01011529720728,3.559999942779541,8.850000381469727,False,False,False,False,False,False,False,False,False,-43.35260067810102,noise,66.74767279018042,False,True,False,False,,Agricultural Food & other Products,Edible Oil,13.439306358381502,False,False
MMFL.NS,2026-09-15,593.7999877929688,633.1166585286459,614.1347164577908,588.5319958496094,497.7320607503255,468.7175523376465,626.4710209314593,285.5132388663281,687.9500122070312,True,True,True,True,True,True,True,False,False,85.44716825635912,red,112.2717106673094,False,False,False,False,,Auto Components,Auto Components & Equipments,94.55684007707129,True,True
MRPL.NS,2026-09-15,166.80999755859375,174.24666849772134,172.2030554877387,170.00980041503905,170.35023651123046,165.8254644012451,174.60156690773397,123.40648558110985,212.0,False,True,False,False,False,True,True,False,False,34.65823731092967,noise,50.22672320058219,False,False,False,False,,Petroleum Products,Refineries & Marketing,84.39306358381504,True,False
MTNL.NS,2026-09-15,23.700000762939453,25.891666571299236,26.683055612776016,27.13880012512207,28.636066678365072,30.14880003929138,25.364986723399483,21.260000228881836,46.439998626708984,False,False,False,False,False,False,False,False,False,-46.136361902410336,red,124.22974364484934,False,False,False,False,,Telecom - Services,Telecom - Cellular & Fixed line services,11.03082851637765,False,False
MCL.NS,2026-09-15,56.529998779296875,58.024166107177734,57.346111085679794,56.333199920654295,59.74333346048991,61.418050079345704,58.06566140061222,42.0,93.19999694824219,False,False,True,False,True,True,False,False,False,21.937010429362445,noise,75.12573554395576,False,False,False,False,,Industrial Products,"Aluminium, Copper & Zinc Products",79.72061657032755,True,False
MVKAGRO.NS,2026-09-11,299.79998779296875,233.79166412353516,252.52916632758246,291.42199951171875,430.7486669921875,500.49824981689454,253.20319058117283,152.0500030517578,819.0,False,False,False,False,True,True,False,True,False,-20.466911239066256,ppv,480.7969505749703,True,False,False,False,,Agricultural Food & other Products,Sugar,40.41425818882466,False,False
MAANALU.NS,2026-09-15,106.13999938964844,115.74666595458984,119.13833300272624,118.96799987792969,130.66400019327799,136.54309993743897,113.39443855519441,103.01000213623047,184.74000549316406,False,False,False,False,False,False,False,False,False,-4.0499034945757355,red,137.13836327961548,False,False,False,False,,Non - Ferrous Metals,Aluminium,60.115606936416185,False,False
MCCHRLS-B.NS,2026-09-15,,,,,,,,,,False,False,False,False,False,False,False,False,False,,noise,,False,False,False,False,,Leisure Services,Hotels & Resorts,,False,False
MACPOWER.NS,2026-09-15,1882.300048828125,1903.558349609375,1749.3527933756511,1637.74201171875,1235.1516719563801,1163.450253601074,1882.0152914474738,761.0,2050.0,True,True,True,True,True,True,True,True,False,103.93283302579901,green,107.83635029047798,False,False,False,False,,Industrial Manufacturing,Industrial Products,96.0019267822736,True,True
MADHAVIPL.NS,2026-09-15,,,,,,,,,,False,False,False,False,False,False,False,False,False,,noise,,False,False,False,False,,Construction,Civil Construction,,False,False
MADHAV.NS,2026-09-15,35.18000030517578,35.325833320617676,35.05916659037272,35.18400001525879,36.094400062561036,37.16140007972717,35.55362396137379,29.0,49.95000076293945,False,False,False,False,False,False,False,False,False,-21.995562094392362,noise,26.12226483194225,False,False,False,False,,Consumer Durables,Granites & Marbles,38.053949903660886,False,False
MADHUCON.NS,2026-09-15,4.150000095367432,4.705000042915344,5.060833348168267,5.225600023269653,5.17793335278829,5.335100009441375,4.5851589850328685,3.609999895095825,8.550000190734863,False,False,False,False,False,False,False,False,False,-33.172301612323864,red,133.63082862697738,False,False,False,False,,Construction,Civil Construction,23.603082851637765,False,False
MADHUSUDAN.NS,2026-09-11,238.0,229.21666717529297,229.40555572509766,233.54,180.17533345540366,167.25199993133546,232.4846174860005,108.5999984741211,260.0,True,True,True,True,True,True,True,True,False,58.666666666666664,noise,48.49660523763337,False,False,False,False,,Food Products,Other Food Products,91.23314065510597,True,True
MPTODAY.NS,2026-09-14,41.54999923706055,42.08749961853027,44.50416660308838,44.922999954223634,45.17933334350586,45.77199981689453,42.016616205752875,34.20000076293945,52.5,False,False,False,False,False,False,True,False,False,-12.801683302161958,dry,0.0,False,False,False,False,,Media,Print Media,49.566473988439306,False,False
MADRASFERT.NS,2026-09-15,60.52000045776367,64.3541669845581,65.69694508446588,66.32940040588379,66.92126688639323,69.30580017089844,63.44741425786613,52.560001373291016,93.48999786376953,False,False,False,False,False,False,False,False,False,-32.852543767864596,noise,43.65421879729325,False,False,False,False,,Fertilizers & Agrochemicals,Fertilizers,23.940269749518304,False,False
MAFATIND.NS,2026-09-15,,,,,,,,,,False,False,False,False,False,False,False,False,False,,red,135.2817894225352,False,False,False,False,,Textiles & Apparels,Other Textile Products,,False,False
MAGADSUGAR.NS,2026-09-15,520.1500244140625,560.058339436849,545.9986072116428,532.6938989257812,482.45717264811196,477.7472399902344,553.194954943209,406.86682144586706,634.9500122070312,True,True,True,True,False,False,True,False,False,-5.52816461112643,noise,33.18847912608251,False,False,False,False,,Agricultural Food & other Products,Sugar,58.429672447013495,False,False
MCLOUD.NS,2026-09-15,25.579999923706055,26.240833282470703,28.033888975779217,28.2288000869751,26.5353999710083,26.228999977111815,26.23124536305401,19.399999618530273,87.0,False,True,False,True,False,True,False,False,False,-67.10813806369549,noise,48.31929585485287,False,False,False,False,,IT - Software,Computers - Software & Consulting,1.8304431599229287,False,False
MAGNUM.NS,2026-09-15,18.690000534057617,18.980000178019207,19.30083354314168,19.28400016784668,20.08453338623047,20.657100048065185,18.952959030759025,16.25,30.25,False,False,False,False,False,False,False,False,False,-34.1205499429846,noise,41.277475309295255,False,False,False,False,,"Paper, Forest & Jute Products",Paper & Paper Products,22.639691714836225,False,False
MAGSON.NS,2026-09-11,184.35000610351562,183.68333307902017,183.44166607326932,182.26199951171876,168.1769999186198,157.0582498550415,182.83298598666207,100.5,213.89999389648438,True,True,True,True,True,True,True,True,False,61.71053166975056,dry,11.961722488038278,False,False,False,False,,Food Products,Packaged Foods,91.66666666666666,True,True
MAHSCOOTER.NS,2026-09-15,12882.0,13409.25,13352.25,13249.1,12825.296549479166,13081.484995117187,13237.979296800959,10848.184744150401,18282.171657913605,False,False,False,True,False,False,False,False,False,-27.071277064029065,red,113.36052403905575,False,False,False,False,,Finance,Investment Company,30.924855491329478,False,False
MAHSEAMLES.NS,2026-09-15,701.0999755859375,674.9451243082682,618.8928799099392,607.3851062011719,597.5173575846354,582.2582354736328,684.4485492694197,493.1502386104819,738.5999755859375,True,True,True,True,True,True,True,True,False,12.03798367908906,red,140.5867824269772,False,False,False,False,,Industrial Products,Iron & Steel Products,73.94026974951831,True,True
MAHAPEXLTD.NS,2026-09-15,53.150001525878906,54.836666425069176,52.149999936421715,50.03539978027344,57.03178321838379,66.77708738327027,54.661946759629906,42.0,117.88999938964844,False,False,False,False,True,False,False,False,False,-47.85637067914335,dry,17.567591735996736,False,False,False,False,,Finance,Other Financial Services,9.489402697495184,False,False
MFML.NS,2026-09-15,18.68000030517578,18.601666768391926,18.859444459279377,18.944999923706053,22.10413333892822,22.84325002670288,18.647686458069025,17.299999237060547,34.5,False,False,False,False,False,False,False,True,False,-40.22399902343749,noise,62.769002010936994,False,False,False,False,,Textiles & Apparels,Other Textile Products,16.473988439306357,False,False
MHLXMIRU.NS,2026-09-15,156.38999938964844,170.10750198364258,167.05389022827148,158.86560150146485,167.72620076497395,178.12245071411132,166.22857836701024,105.52999877929688,244.64999389648438,False,False,False,False,False,True,False,False,False,-28.017120802823303,noise,27.354887957726216,False,False,False,False,,Textiles & Apparels,Other Textile Products,29.865125240847785,False,False
MAHASTEEL.NS,2026-09-15,1294.5,1312.6499837239583,1129.0944366455078,1043.5619921875,917.2446651204427,894.7447485351563,1290.6049381784574,381.25,1421.0,True,True,True,True,True,True,True,True,False,226.48171500630517,ppv,63.187958587046346,False,False,False,False,,Industrial Products,Iron & Steel Products,99.18111753371869,True,True
MGL.NS,2026-09-15,1071.699951171875,1083.7416687011719,1097.5452067057292,1094.9303955078126,1084.9685892740886,1084.2389990234376,1087.0053065163572,885.652283987356,1341.9213239967235,False,True,False,True,False,False,True,False,False,-14.49002081022952,noise,25.25750874333425,False,False,False,False,,Gas,LPG/CNG/PNG/LNG Supplier,47.639691714836225,False,False
MAHESHWARI.NS,2026-09-15,70.30000305175781,71.66249910990398,72.63388866848416,72.73039993286133,59.55140017191569,56.411000175476076,71.57322882784999,39.040000915527344,76.80999755859375,True,True,True,True,False,True,True,False,False,19.700329643627512,noise,57.10753086342268,False,False,False,False,,Diversified,Diversified,78.32369942196532,True,False
MAHICKRA.NS,2026-09-11,305.95001220703125,295.8625005086263,279.0402789645725,271.0170007324219,236.40067087809246,216.0690069580078,296.2209242793586,130.91812553661782,308.79998779296875,True,True,True,True,True,True,True,True,False,114.3096485911077,noise,67.15506715506714,False,False,True,False,,Chemicals & Petrochemicals,Dyes And Pigments,96.57996146435453,True,True
MAHEPC.NS,2026-09-15,102.08000183105469,103.0850003560384,105.90138859219022,108.54900009155273,113.70906687418619,116.68545013427735,102.98012145994838,91.91000366210938,160.8000030517578,False,False,False,False,False,False,False,False,False,-34.96432373557228,noise,57.56112710031308,False,False,False,False,,Industrial Manufacturing,Industrial Products,21.67630057803468,False,False
MHRIL.NS,2026-09-15,192.39999389648438,203.9624989827474,216.36555565728082,219.20480010986327,239.84053324381512,256.064150390625,201.95012304096744,191.10000610351562,368.8999938964844,False,False,False,False,False,False,False,False,False,-46.13662169054733,noise,90.26939444360752,False,False,False,True,,Leisure Services,Hotels & Resorts,10.982658959537572,False,False
MAHLIFE.NS,2026-09-15,345.8999938964844,360.8041636149089,375.7013863457574,374.882998046875,352.0641298421224,359.57701126098635,359.8212299204716,284.10304615801056,423.03422522089073,False,False,False,True,False,False,True,False,False,-4.424923005002357,noise,38.69212768763063,False,False,False,False,,Realty,"Residential, Commercial Projects",59.874759152215795,False,False
MAHLOG.NS,2026-09-15,387.25,396.3541717529297,404.33333587646484,400.29910766601563,384.9962982177734,368.25313659667967,397.4435201545049,273.2820886223393,447.10758500270833,True,True,True,True,False,True,True,False,False,18.358701426013724,noise,49.80024454001067,False,False,False,False,,Transport Services,Logistics Solution Provider,77.45664739884393,True,False
MAITHANALL.NS,2026-09-15,1006.0499877929688,1035.7791595458984,998.1888868543837,998.8199963378906,988.1137780761719,987.4944119262695,1038.9026959544979,821.6008602723305,1210.0999755859375,True,True,False,True,True,False,True,False,False,-7.989287025285652,noise,98.9172032409813,False,False,False,False,,Ferrous Metals,Ferro & Silica Manganese,55.68400770712909,False,False
MAITREYA.NS,2026-09-11,116.0,119.42916679382324,118.98611153496637,122.17900009155274,158.51766647338866,174.18624942779542,118.89193520874346,110.0,292.95001220703125,False,False,False,False,False,False,False,False,True,-51.5354096336093,noise,36.56307129798903,False,False,False,False,,Healthcare Services,Hospital,7.321772639691715,False,False
MAJESAUT.NS,2026-09-15,,,,,,,,,,False,False,False,False,False,False,False,False,False,,dry,11.59450484685978,False,False,False,False,,Commercial Services & Supplies,Diversified Commercial Services,,False,False
MAKERSL.NS,2026-09-15,,,,,,,,,,False,False,False,False,False,False,False,False,False,,noise,,False,False,False,False,,Pharmaceuticals & Biotechnology,Pharmaceuticals,,False,False
MAKS.NS,2026-09-11,15.100000381469727,14.350000222524008,15.884722232818604,17.195,23.512666549682617,25.248749799728394,15.00081514894539,12.649999618530273,36.0,False,False,False,False,False,False,False,True,False,-49.66666539510091,red,104.16666666666667,False,False,False,False,,Industrial Products,"Compressors, Pumps & Diesel Engines",8.574181117533719,False,False
MALLCOM.NS,2026-09-15,911.9500122070312,982.4916737874349,989.4013943142361,1003.3110021972657,1044.8043302408855,1071.1332482910157,969.6325380988932,905.1500244140625,1520.0,False,False,False,False,False,False,False,False,False,-29.00902774880807,red,104.64171924782907,False,False,False,True,,Industrial Products,Other Industrial Products,28.42003853564547,False,False
MALUPAPER.NS,2026-09-15,32.959999084472656,32.9291664759318,32.48444435331557,32.2085998916626,32.111933301289874,32.77299996376038,33.343393450152746,27.0,44.11000061035156,True,False,False,False,True,False,False,False,False,-13.513517300968104,noise,23.72576026411996,False,False,False,False,,"Paper, Forest & Jute Products",Paper & Paper Products,48.98843930635838,False,False
MAMATA.NS,2026-09-15,396.6499938964844,407.8374989827474,409.55316162109375,403.26386169433596,397.43688049316404,401.12466217041015,408.66799643342597,296.61573458793464,514.3336672504768,False,False,False,True,False,True,True,False,False,-11.741367038327176,noise,72.35843770116503,False,False,False,False,,Industrial Manufacturing,Industrial Products,50.91522157996147,False,False
MANINDS.NS,2026-09-15,808.2000122070312,795.2625020345052,660.3486124674479,629.0289990234374,533.3966656494141,496.38549911499024,801.9496430823359,302.04998779296875,944.0,True,True,True,True,True,True,True,True,False,98.7458562246442,red,104.93947035340774,False,False,False,False,,Industrial Products,Iron & Steel Products,95.85741811175336,True,True
MANINFRA.NS,2026-09-15,124.83000183105469,125.32500012715657,113.36611111958821,109.9149998474121,108.01763025919597,111.52139339447021,124.83429590275303,76.65347017879223,158.88561185773062,True,False,False,False,True,True,True,False,False,-19.010256798637382,noise,81.76794302927544,False,False,False,False,,Realty,"Residential, Commercial Projects",42.10019267822736,False,False
MANAKSIA.NS,2026-09-15,68.01000213623047,62.9375,59.32111104329427,58.75200004577637,58.23033325195313,59.542299861907956,65.28906309695948,42.099998474121094,73.4000015258789,True,False,False,False,True,True,True,True,False,-2.5086008406113858,red,132.96274865785543,False,False,False,False,,Industrial Products,Iron & Steel Products,61.51252408477842,False,False
MANAKALUCO.NS,2026-09-15,35.470001220703125,38.01583321889242,37.86499998304579,37.350000076293945,33.934600028991696,34.14535004615784,37.59117095998276,21.729999542236328,68.12000274658203,True,False,True,True,False,True,False,False,False,22.183948955330777,noise,64.58345549431218,False,False,False,False,,Non - Ferrous Metals,Aluminium,79.86512524084779,True,False
MANAKCOAT.NS,2026-09-15,124.19000244140625,123.1066665649414,121.77645874023438,122.18758972167969,113.84223037719727,118.3745707321167,124.1411617396245,94.16217512580242,182.7466119542093,True,False,False,True,True,True,False,True,False,-14.979894872322808,noise,25.951528087837506,False,False,False,False,,Industrial Products,Iron & Steel Products,46.86897880539499,False,False
MANAKSTEEL.NS,2026-09-15,112.0199966430664,106.33416748046875,89.01944457160101,85.61820007324219,70.89180013020834,68.98035005569459,108.03951385444142,45.11000061035156,120.76000213623047,True,True,True,True,True,True,True,True,False,78.71728796691852,noise,44.55501505560138,False,False,False,False,,Ferrous Metals,Iron & Steel,93.9306358381503,True,True
MANALIPETC.NS,2026-09-15,80.19000244140625,84.43166796366374,73.98388947380914,71.0638003540039,61.059866689046224,60.76699998855591,83.715438744642,39.130001068115234,93.0,True,True,False,True,True,True,True,False,False,13.954809310137751,noise,35.64288294128687,False,False,False,False,,Chemicals & Petrochemicals,Petrochemicals,75.24084778420038,True,False
MANAPPURAM.NS,2026-09-15,318.8500061035156,333.07083384195965,349.8847444322374,346.28285217285156,311.2482314046224,306.9212055969238,330.84378738061696,244.06078978586396,380.45671483079525,True,True,True,True,False,True,True,False,False,10.372148309157204,noise,65.84756010830327,False,False,False,False,,Finance,Non Banking Financial Company (NBFC),72.6878612716763,True,False
MANAV.NS,2026-09-11,40.75,37.34583346048991,30.002777841356064,30.893999938964843,37.249666684468586,34.896249990463254,37.99276453428507,14.5,47.0,True,True,True,False,True,True,True,True,False,180.06872485093677,ppv,300.0,False,False,False,False,,Construction,Civil Construction,98.74759152215799,True,False
MANBA.NS,2026-09-15,133.8699951171875,130.49916458129883,131.99178398980035,133.39588439941406,122.34997522989909,125.76882629394531,131.2585191843127,97.8159028884594,153.7107030350962,True,False,False,True,True,True,True,True,False,-2.8045127808800197,noise,61.742420267502155,False,False,False,False,,Finance,Non Banking Financial Company (NBFC),61.22350674373796,False,False
MANDEEP.NS,2026-09-14,17.0,17.666666825612385,18.640277915530735,18.918999977111817,19.6153333791097,20.411500062942505,17.425579802616205,16.149999618530273,31.899999618530273,False,False,False,False,False,False,False,False,False,-43.04857694221922,dry,0.0,False,False,False,True,,Auto Components,Auto Components & Equipments,13.680154142581888,False,False
MANCREDIT.NS,2026-09-15,215.36000061035156,226.8679313659668,230.8138656616211,230.1513458251953,198.89238962809245,190.7607392883301,222.3239877639677,151.53824189683678,286.28429630144484,True,True,True,True,False,True,True,False,False,16.884793741115423,noise,43.29093261636021,False,False,False,False,,Finance,Non Banking Financial Company (NBFC),76.6859344894027,True,False
MEIL.NS,2026-09-15,276.54998779296875,283.95833587646484,280.7736121283637,285.2950012207031,284.43826680501303,299.5329500579834,281.6495337586157,206.25999450683594,547.9000244140625,False,False,False,False,False,True,False,False,False,-48.1436350791128,noise,91.80678449969358,False,False,False,False,,Electrical Equipment,Other Electrical Equipment,9.344894026974952,False,False
MAL.NS,2026-09-11,48.70000076293945,36.54166682561239,33.27916664547391,33.27600009918213,36.432666613260906,39.57099987983704,40.0495639508588,28.950000762939453,60.900001525878906,True,False,False,False,True,True,True,True,False,-16.32302384100551,noise,95.80838323353294,False,False,False,False,,Industrial Products,Iron & Steel Products,45.13487475915222,False,False
MANGLMCEM.NS,2026-09-15,989.4000244140625,1059.945821126302,985.7113766140408,979.600048828125,900.3427583821615,863.5534600830078,1038.037617101708,678.2213010338754,1120.0,True,True,True,True,True,True,True,False,False,35.13964367877802,noise,34.19185460886927,False,False,False,False,,Cement & Cement Products,Cement & Cement Products,84.63391136801542,True,True
MANGALAM.NS,2026-09-15,33.540000915527344,31.855000178019207,29.17583343717787,28.711000061035158,29.528399963378906,30.28994996070862,32.42309301690904,22.799999237060547,79.48999786376953,True,False,False,False,True,True,False,True,False,-56.39058728578475,red,222.37160200366878,False,True,False,False,,Pharmaceuticals & Biotechnology,Pharmaceuticals,5.057803468208093,False,False
MGEL.NS,2026-09-15,15.529999732971191,14.935833215713501,15.044444428549873,15.473533992767335,13.969887421925863,13.906828770637512,15.26173520762166,9.524065247834445,18.388542242752667,True,True,False,True,True,True,True,True,False,-1.4605209676754716,noise,42.94194055982988,False,False,False,False,,Agricultural Food & other Products,Other Agricultural Products,62.6204238921002,False,False
MANORG.NS,2026-09-15,454.29998779296875,486.85833231608075,479.98194122314453,497.7609991455078,483.82100138346357,481.5195013427734,475.82743075294786,356.25,635.0,False,True,False,True,False,False,False,False,False,-21.032505226393962,red,104.0145457700149,False,False,False,False,,Chemicals & Petrochemicals,Commodity Chemicals,39.35452793834296,False,False
MSL.NS,2026-09-15,,,,,,,,,,False,False,False,False,False,False,False,False,False,,noise,,False,False,False,False,,Agricultural Food & other Products,Other Agricultural Products,,False,False
MWL.NS,2026-09-15,41.029998779296875,39.05083306630453,39.601110988193085,38.822076644897464,34.0366817855835,32.3135807800293,39.52966071640913,19.98028894668577,48.0,True,True,True,True,True,True,True,True,False,89.45473869883216,ppv,455.7931183255172,False,False,False,False,,Metals & Minerals Trading,Trading - Metals,94.94219653179191,True,True
MANIPALHOS.NS,2026-09-15,,,,,,,,,,False,False,False,False,False,False,False,False,False,,noise,,False,False,False,False,,Healthcare Services,Hospital,,False,False
MANKIND.NS,2026-09-15,2280.5,2336.433308919271,2410.2166544596353,2444.8859912109374,2318.7926611328126,2283.071496582031,2311.417463268983,1909.699951171875,2674.0,False,True,False,True,False,False,True,False,False,-12.574276404063633,green,116.1858676148199,False,False,False,False,,Pharmaceuticals & Biotechnology,Pharmaceuticals,49.80732177263969,False,False
MVGJL.NS,2026-09-15,196.0500030517578,180.26666514078775,167.2533327738444,164.5121990966797,160.74913340250652,165.50915008544922,188.6651575813546,129.10000610351562,233.99000549316406,True,False,False,False,True,True,True,True,False,0.06635610658816127,red,171.91028629208006,False,False,False,False,,Consumer Durables,"Gems, Jewellery And Watches",64.45086705202311,False,False
MANOMAY.NS,2026-09-15,228.7100067138672,228.93166732788086,218.89611095852322,209.01720001220704,205.94599985758464,209.12540008544923,229.2500978025711,160.25,259.8800048828125,True,False,False,False,True,True,True,False,False,37.95995198332045,noise,94.70063167789695,False,False,False,False,,Textiles & Apparels,Other Textile Products,85.78998073217726,True,False
MANORAMA.NS,2026-09-15,1987.0999755859375,1968.3904418945312,1809.1126098632812,1745.5470483398437,1529.703203938802,1475.1395629882813,1998.6766930012705,1060.1930872125888,2148.6752714346185,True,True,True,True,True,True,True,False,False,48.90357079740406,noise,29.183934615033813,False,False,False,False,,Food Products,Other Food Products,89.11368015414259,True,True
MANUGRAPH.NS,2026-09-15,14.649999618530273,14.87333337465922,15.198888964123196,15.083400039672851,14.656466649373373,14.939649991989135,14.95613768549396,9.649999618530273,24.0,False,False,False,True,False,True,False,False,False,-36.989248952557965,red,409.5502787341657,False,False,False,False,,Industrial Manufacturing,Industrial Products,19.70134874759152,False,False
MARALOVER.NS,2026-09-15,60.0,59.06333382924398,56.573333422342934,56.02960014343262,51.064466603597005,49.10909996032715,60.23731356290787,34.11000061035156,68.88999938964844,True,True,True,True,True,True,True,False,False,29.954521073290774,noise,64.9737667091998,False,False,False,False,,Textiles & Apparels,Other Textile Products,83.14065510597302,True,True
MARATHON.NS,2026-09-15,414.0,431.3083318074544,398.02777693006726,398.43499877929685,429.18933329264325,452.51199935913087,427.42089382066524,344.04998779296875,685.4000244140625,False,False,False,False,True,False,False,False,False,-32.185315204430054,noise,24.2756759954709,False,False,False,False,,Realty,"Residential, Commercial Projects",24.51830443159923,False,False
MARC.NS,2026-09-11,,,,,,,,,,False,False,False,False,False,False,False,False,False,,noise,44.79283314669653,False,True,False,False,,Commercial Services & Supplies,Consulting Services,,False,False
MARCO.NS,2026-09-11,31.5,32.429166634877525,32.13472244474623,32.074000129699705,33.67333346048991,34.52850006103515,32.012018909873326,26.600000381469727,46.5,False,False,False,False,False,False,False,False,False,-30.76923076923077,noise,86.58008658008657,False,False,False,False,,Industrial Products,Cables - Electricals,25.91522157996146,False,False
MARICO.NS,2026-09-15,791.25,818.9416707356771,845.960437350803,845.7273791503907,807.8018839518229,790.4377996826172,814.005022762843,687.1576231263153,889.0999755859375,False,True,True,True,False,False,True,False,False,8.277944327377607,noise,88.07528255488273,False,False,False,False,,Agricultural Food & other Products,Edible Oil,70.8092485549133,True,False
MARINE.NS,2026-09-15,376.75,412.3001073201497,357.4842783610026,328.7452819824219,254.30315399169922,241.15103805541992,406.0919053652417,150.74930410802895,449.66979114957604,True,True,True,True,True,True,True,False,False,96.96304058426432,red,115.61379787745183,False,False,False,False,,Industrial Manufacturing,Industrial Products,95.52023121387283,True,True
MARINETRAN.NS,2026-09-14,16.100000381469727,16.100000381469727,15.766666889190674,15.288000068664552,16.424333375295003,17.275999994277953,16.106165616458345,13.300000190734863,28.200000762939453,False,False,True,False,True,False,False,False,False,-0.9230745755709147,dry,0.0,False,False,False,False,,Transport Services,Logistics Solution Provider,63.2466281310212,False,False
MARKOLINES.NS,2026-09-15,,,,,,,,,,False,False,False,False,False,False,False,False,False,,noise,60.78116598572731,False,False,False,False,,Construction,Civil Construction,,False,False
MARKSANS.NS,2026-09-15,312.8500061035156,327.5,302.85180918375653,291.9882507324219,232.1343022664388,218.815219039917,325.6286143810104,154.57339337516265,349.95001220703125,True,True,True,True,True,True,True,False,False,80.08808119491081,noise,63.68245285702263,False,False,False,False,,Pharmaceuticals & Biotechnology,Pharmaceuticals,93.97880539499036,True,True
MARSONS.NS,2026-09-15,,,,,,,,,,False,False,False,False,False,False,False,False,False,,noise,98.4349896691392,False,False,False,False,,Electrical Equipment,Heavy Electrical Equipment,,False,False
MARUTI.NS,2026-09-15,12231.0,12792.75,13479.341281467014,13505.4587890625,13447.629720052084,14059.473696289062,12686.869136847858,12079.682710510879,17197.28603290768,False,False,False,False,False,False,False,False,False,-19.387692314821802,noise,73.27808650516442,False,False,False,False,,Automobiles,Passenger Cars & Utility Vehicles,41.66666666666667,False,False
MDL.NS,2026-09-14,62.0,61.733333587646484,60.9375,63.86600006103516,58.50733337402344,61.42724994659424,61.3357781630445,43.0,104.80000305175781,True,False,False,True,False,True,False,True,True,-29.705212987271366,dry,0.0,False,False,False,False,,Consumer Durables,"Furniture, Home Furnishing",27.360308285163775,False,False
MASFIN.NS,2026-09-15,294.8999938964844,295.45416768391925,302.68451351589624,307.0169171142578,312.1690781656901,312.67125564575196,294.96830135882004,276.63910454086505,357.9301909358125,False,False,False,False,False,False,True,False,False,-6.038833616595795,noise,70.72651415756046,False,False,False,False,,Finance,Non Banking Financial Company (NBFC),57.85163776493256,False,False
MASKINVEST.NS,2026-09-15,140.8000030517578,146.98333358764648,148.9502788119846,150.07240081787108,146.90006708780925,148.4906003189087,146.63820091624575,114.94000244140625,246.08999633789062,False,False,False,True,False,False,False,False,False,-5.693234980747663,noise,91.10088224012274,False,False,False,False,,Finance,Investment Company,58.236994219653184,False,False
MASON.NS,2026-09-11,113.0,115.85833422342937,118.83333333333333,120.13400009155274,134.76366663614908,148.68849964141845,114.95810185528613,101.19999694824219,220.0,False,False,False,False,False,False,False,False,False,-45.855293889618935,dry,19.95609658750748,False,False,False,False,,Realty,"Residential, Commercial Projects",11.127167630057803,False,False
MASTEK.NS,2026-09-15,1652.0999755859375,1718.5083312988281,1753.860819498698,1735.0321264648437,1647.3759383138022,1757.3319775390626,1674.1970518415428,1322.9728365112476,2528.4472853639354,False,False,False,False,False,False,False,False,False,-31.80378986219773,green,137.2596347770093,False,False,False,False,,IT - Software,Computers - Software & Consulting,24.807321772639693,False,False
MASTER.NS,2026-09-11,415.0,430.96666717529297,454.9791666666667,442.62400024414063,365.6489442952474,357.66407165527346,426.9708372724424,281.8980771263174,502.0,True,True,True,True,False,True,True,False,False,20.024854544427505,noise,29.239766081871345,False,False,False,False,,Industrial Products,Plastic Products - Industrial,78.70905587668592,True,False
MASTERTR.NS,2026-09-15,87.55000305175781,86.84166653951009,83.08722199334039,84.23039993286133,81.39946673075359,88.96085008621216,88.2578441036485,55.599998474121094,164.5,False,False,False,False,True,True,False,False,False,-41.32037208946519,noise,75.38636261845114,False,False,False,False,,Capital Markets,Stockbroking & Allied,15.366088631984587,False,False
MATRIMONY.NS,2026-09-15,497.79998779296875,516.345827738444,497.1437276204427,478.12951293945315,440.42008646647133,461.6159474182129,514.2236090985273,359.8286404253853,566.3557799316015,True,False,True,True,True,True,True,False,False,-0.1011671116676327,noise,24.101139320111418,False,False,False,False,,Retailing,Internet & Catalogue Retail,64.16184971098265,False,False
MAWANASUG.NS,2026-09-15,129.0,142.13833236694336,128.75749905904135,124.22199951171875,103.52051737467448,97.68829574584962,138.23927920463575,72.43959449258234,164.0,True,True,True,True,True,True,True,False,False,44.52710362719412,noise,54.58612667605457,False,False,False,False,,Agricultural Food & other Products,Sugar,87.8131021194605,True,True
MAXESTATES.NS,2026-09-15,568.9000244140625,538.7125040690104,478.64444817437067,461.84300231933594,424.7393330891927,426.1000001525879,546.3104098955383,305.45001220703125,579.0,True,False,True,True,True,True,True,True,False,29.51622638908651,green,120.4453205389997,False,False,True,False,,Realty,"Residential, Commercial Projects",82.85163776493256,True,False
MFSL.NS,2026-09-15,1425.9000244140625,1515.0499979654949,1529.0111117892795,1541.69400390625,1620.3253361002605,1633.177501220703,1495.5355755701635,1425.9000244140625,1892.5,False,False,False,False,False,False,True,False,False,-11.181013907453607,noise,79.57538204511621,False,False,False,True,,Insurance,Life Insurance,51.73410404624278,False,False
MAXHEALTH.NS,2026-09-15,1030.0,1014.8916575113932,1038.219446818034,1055.5780017089844,1034.2935314941406,1037.063197631836,1020.3331221918928,901.3980430128952,1219.732372328196,False,False,False,True,False,False,True,True,False,-12.504842545714878,red,149.6610456309467,False,False,False,False,,Healthcare Services,Hospital,49.90366088631985,False,False
MAXIND.NS,2026-09-15,139.1199951171875,148.3749974568685,158.87416712443033,159.83660064697267,157.6629328918457,163.29914951324463,147.21357957147745,120.0,241.57000732421875,False,False,False,False,False,False,False,False,False,-36.3003667559045,noise,52.33276044669349,False,False,False,False,,Finance,Holding Company,20.279383429672446,False,False
MAXPOSURE.NS,2026-09-11,31.149999618530273,30.00416644414266,31.731944455040825,32.54999988555908,35.17100001017253,37.44024995803833,30.075171332819338,28.5,62.0,False,False,False,False,False,False,False,True,False,-46.61525204264459,green,310.0,False,False,False,False,,Entertainment,Media & Entertainment,10.452793834296724,False,False
MAYURUNIQ.NS,2026-09-15,745.2000122070312,743.2541656494141,755.573245578342,772.8358215332031,674.2211879475911,629.9616688537598,743.5476194251726,467.5569640916496,899.9875607705063,True,True,True,True,False,True,True,True,False,43.77455762854869,ppv,279.4741848195601,False,False,False,False,,Consumer Durables,Leather And Leather Products,87.66859344894027,True,False
MAZDOCK.NS,2026-09-15,2236.0,2445.7833251953125,2467.99365234375,2445.4206591796874,2444.8274934895835,2451.4709155273435,2405.132529299778,2053.692522278021,3039.742679715149,False,False,False,False,False,False,False,False,False,-19.342371248979962,noise,98.77931420463621,False,False,False,False,,Industrial Manufacturing,Ship Building & Allied Services,41.714836223506744,False,False
MAZDA.NS,2026-09-15,255.89999389648438,257.5818862915039,236.59300486246744,235.4879833984375,215.38828674316406,214.24295921325682,257.7638717094636,156.86611422200318,303.4847005208333,True,True,False,True,True,True,True,False,False,-4.729523762995502,noise,36.42718331136732,False,False,False,False,,Industrial Manufacturing,Industrial Products,59.34489402697495,False,False
MBLINFRA.NS,2026-09-15,22.559999465942383,23.357499917348225,24.071944448683,24.481600074768068,25.35286668141683,26.684149942398072,23.275015367664896,18.3700008392334,52.47999954223633,False,False,False,False,False,False,False,False,False,-47.1415199048006,noise,47.586493099569665,False,False,False,False,,Construction,Civil Construction,9.922928709055876,False,False
MCLEODRUSS.NS,2026-09-15,41.56999969482422,46.28749974568685,48.46361096700033,50.164000015258786,51.90666669209798,50.48539999008179,45.04966527214057,28.5,78.41000366210938,False,True,False,False,False,True,False,False,False,12.747493623806271,red,161.05298749314716,False,False,False,False,,Agricultural Food & other Products,Tea & Coffee,74.27745664739885,True,False
MBECL.NS,2026-09-15,346.9200134277344,228.10333824157715,119.63444709777832,104.44880233764648,78.41626846313477,75.1622017288208,263.7235089027115,65.4000015258789,346.9200134277344,True,True,False,True,True,True,True,True,False,430.45872375164623,ppv,200.2825856587778,False,False,True,False,,Construction,Civil Construction,99.85549132947978,True,False
MCON.NS,2026-09-11,41.20000076293945,43.166666666666664,44.004166815016006,43.776000061035155,46.0263333384196,49.897249965667726,42.74507261939898,37.29999923706055,83.0,False,False,False,False,False,False,False,False,False,-49.26108089732958,red,194.55252918287937,False,False,False,False,,Other Construction Materials,Other Construction Materials,8.670520231213873,False,False
MEDIASSIST.NS,2026-09-15,309.8999938964844,329.09583536783856,343.39693620469836,345.9399700927734,354.49763834635417,376.1892556762695,325.9573977091923,291.1860276489772,571.9867367161792,False,False,False,False,False,False,False,False,False,-39.544293846984026,noise,89.16355636307914,False,False,False,False,,Insurance,Insurance Distributors,17.003853564547207,False,False
MEDICAPQ.NS,2026-09-15,,,,,,,,,,False,False,False,False,False,False,False,False,False,,noise,,False,False,False,False,,Pharmaceuticals & Biotechnology,Pharmaceuticals,,False,False
MMWL.NS,2026-09-15,,,,,,,,,,False,False,False,False,False,False,False,False,False,,noise,66.55259756402894,False,False,False,False,,Entertainment,"Film Production, Distribution & Exhibition",,False,False
MEDICAMEQ.NS,2026-09-15,318.20001220703125,279.23249944051105,251.5886116027832,249.0988003540039,261.5412669881185,290.7219506072998,291.4032894251063,212.39999389648438,447.6499938964844,True,False,False,False,True,True,False,True,False,-8.182595744819498,red,342.9292309225264,False,False,False,False,,Pharmaceuticals & Biotechnology,Pharmaceuticals,55.539499036608866,False,False
MEDIORG.NS,2026-09-11,23.950000762939453,25.37083339691162,25.26249991522895,24.759999923706054,24.862999992370604,24.94125002861023,25.20193777557637,19.100000381469727,38.0,False,False,False,False,False,False,False,False,False,-27.424240112304688,red,127.65957446808511,False,False,False,False,,Pharmaceuticals & Biotechnology,Pharmaceuticals,30.2504816955684,False,False
MEDICO.NS,2026-09-15,35.68000030517578,39.04583295186361,43.00833331214057,41.87599983215332,42.30899981180827,44.26974988937378,38.08274904646081,30.219999313354492,56.880001068115234,False,False,False,False,False,False,False,False,False,-9.072378239077883,noise,42.471152708867976,False,True,False,False,,Pharmaceuticals & Biotechnology,Pharmaceuticals,54.14258188824663,False,False
MEDPLUS.NS,2026-09-15,656.2999877929688,667.9041646321615,680.4319441053602,712.9280004882812,810.9003356933594,811.3252511596679,664.9164226146972,648.0,1022.2000122070312,False,False,False,False,False,False,False,False,False,-21.429426866502677,noise,27.127516368321963,False,False,False,False,,Retailing,Pharmacy Retail,38.77649325626204,False,False
MEESHO.NS,2026-09-15,,,,,,,,,,False,False,False,False,False,False,False,False,False,,red,155.33230194231356,False,False,False,False,,Retailing,E-Retail/ E-Commerce,,False,False
MEGAFLEX.NS,2026-09-11,96.0,95.58333333333333,97.69444444444444,99.41199996948242,124.46299977620443,120.90249984741212,96.40096616812248,43.5,155.0500030517578,False,True,False,False,False,True,False,False,False,87.13450570706233,red,222.22222222222223,False,False,False,False,,Industrial Products,Packaging,94.7495183044316,True,False
MEGASTAR.NS,2026-09-15,285.5,298.0791727701823,313.58611382378473,325.47900146484375,296.0809335327148,280.81110008239745,292.82259224290783,203.0,392.0,False,True,True,True,False,True,False,False,False,24.32503081293318,ppv,67.37662690792205,False,False,False,False,,Food Products,Other Food Products,80.8766859344894,True,False
MEGATHERM.NS,2026-09-11,251.0,224.9708340962728,212.38750076293945,214.9420004272461,221.77299977620441,220.83674980163573,229.8497923267031,170.0,314.6499938964844,True,True,False,False,True,True,True,True,False,-18.927650177087706,ppv,562.8551136363636,True,False,False,False,,Industrial Products,Other Industrial Products,42.19653179190752,False,False
MOL.NS,2026-09-15,58.86000061035156,63.603333155314125,59.79361089070638,56.79459991455078,52.02526667277018,54.45795009613037,62.84498906900682,36.5,87.75,True,False,False,True,True,True,False,False,False,-27.342304581884047,noise,35.536311488497745,False,False,False,False,,Fertilizers & Agrochemicals,Pesticides & Agrochemicals,30.39499036608863,False,False
MIIL.NS,2026-09-15,,,,,,,,,,False,False,False,False,False,False,False,False,False,,noise,,False,False,False,True,,Realty,"Residential, Commercial Projects",,False,False
MENONBE.NS,2026-09-15,304.3500061035156,298.3566640218099,259.34972212049695,238.95357330322267,168.15187494913738,154.23571193695068,297.43792541877286,100.57782056732867,323.95001220703125,True,True,True,True,True,True,True,True,False,131.0195835020974,noise,69.14800362817124,False,False,False,False,,Auto Components,Auto Components & Equipments,97.59152215799615,True,True
MENNPIS.NS,2026-09-15,,,,,,,,,,False,False,False,False,False,False,False,False,False,,noise,,False,True,False,False,,Auto Components,Auto Components & Equipments,,False,False
MEP.NS,2026-09-15,0.6600000262260437,0.7025000105301539,0.6297222243414985,0.6264000010490417,0.8382666671276092,1.090250001847744,0.6840742661461237,0.5,2.869999885559082,False,False,False,False,True,True,False,False,False,-57.692304459314016,noise,27.009950340843957,False,False,False,False,,Transport Infrastructure,"Road AssetsToll, Annuity, Hybrid-Annuity",4.624277456647398,False,False
MERCANTILE.NS,2026-09-15,,,,,,,,,,False,False,False,False,False,False,False,False,False,,noise,,False,False,False,True,,Commercial Services & Supplies,Diversified Commercial Services,,False,False
MERCURYEV.NS,2026-09-15,,,,,,,,,,False,False,False,False,False,False,False,False,False,,red,291.11448683545365,False,False,False,False,,Automobiles,Passenger Cars & Utility Vehicles,,False,False
METROBRAND.NS,2026-09-15,944.4500122070312,930.6366628011068,956.7425486246744,983.1113781738281,1003.456181640625,1029.4888150024415,937.8308321732345,880.1070066672106,1332.1929881655078,False,False,False,False,False,False,False,True,False,-23.556568420661584,noise,61.65895691933476,False,False,False,False,,Consumer Durables,Footwear,35.934489402697494,False,False
METROGLOBL.NS,2026-09-15,,,,,,,,,,False,False,False,False,False,False,False,False,False,,dry,10.96870863094805,False,True,False,False,,Commercial Services & Supplies,Trading & Distributors,,False,False
METROPOLIS.NS,2026-09-15,572.5,585.8916727701823,573.8791690402561,571.522001953125,520.7357757568359,509.75631271362306,583.6466259217274,411.4375158286193,609.0499877929688,True,True,True,True,True,True,True,False,False,8.211363702174634,noise,42.199055598895285,False,False,False,False,,Healthcare Services,Healthcare Service Provider,70.71290944123314,True,True
MICEL.NS,2026-09-15,34.790000915527344,37.57083384195963,37.00416692097982,37.15560005187988,39.361866582234704,40.05739990234375,36.416767404677515,29.969999313354492,77.18000030517578,False,False,False,False,False,False,False,False,False,-51.5189522298489,noise,55.4456459666414,False,False,False,False,,Industrial Products,Other Industrial Products,7.418111753371869,False,False
MICROPRO.NS,2026-09-11,19.0,18.991666475931805,18.833333227369522,19.045000038146974,19.241666736602784,19.37550003528595,19.037929767003575,15.149999618530273,26.950000762939453,False,False,False,False,False,False,False,False,False,-17.926564522309675,noise,59.523809523809526,False,False,False,False,,IT - Software,Computers - Software & Consulting,43.11175337186898,False,False
MIDWESTLTD.NS,2026-09-15,,,,,,,,,,False,False,False,False,False,False,False,False,False,,red,246.3192825076929,False,False,False,True,,Consumer Durables,Granites & Marbles,,False,False
MLKFOOD.NS,2026-09-15,,,,,,,,,,False,False,False,False,False,False,False,False,False,,noise,,False,False,False,False,,Food Products,Dairy Products,,False,False
MILKYMIST.NS,2026-09-15,,,,,,,,,,False,False,False,False,False,False,False,False,False,,noise,,False,False,False,False,,Food Products,Dairy Products,,False,False
MILTON.NS,2026-09-14,38.0,37.38333320617676,36.7013889948527,37.09300025939942,42.48566660563151,40.92824992179871,37.83458581872607,24.850000381469727,53.5,False,True,True,False,True,True,False,True,False,38.18181818181819,dry,0.0,False,False,False,False,,Consumer Durables,Plywood Boards/ Laminates,85.88631984585741,True,False
MINALIND.NS,2026-09-15,,,,,,,,,,False,False,False,False,False,False,False,False,False,,noise,,False,False,False,False,,Commercial Services & Supplies,Trading & Distributors,,False,False
MINDACORP.NS,2026-09-15,678.9500122070312,702.6791636149088,711.7114546034071,703.6761462402344,612.8116955566406,603.8662719726562,701.5528400061562,467.97365403461544,769.0,True,True,True,True,False,True,True,False,False,33.43854712599668,noise,39.62590855034245,False,False,False,False,,Auto Components,Auto Components & Equipments,84.15221579961464,True,False
MINDPOOL.NS,2026-09-14,71.0999984741211,71.0999984741211,71.0999984741211,71.0999984741211,71.0999984741211,71.0999984741211,71.09999847412104,68.55000305175781,71.0999984741211,False,False,False,False,False,False,True,True,False,0.0,dry,0.0,False,False,True,True,,IT - Services,IT Enabled Services,64.30635838150289,False,False
MINDSPACE.NS,2026-09-11,491.6600036621094,495.2625020345052,492.7437676323785,490.3670184326172,468.52858581542966,467.0433909606934,495.5616954846914,395.7420547054603,508.70001220703125,True,True,True,True,True,False,True,False,False,22.86448541931727,noise,57.69750322731853,False,True,False,False,,Realty,Real Estate Investment Trusts (REITs),80.34682080924856,True,False
MINDTECK.NS,2026-09-15,154.36000061035156,166.83333206176758,178.3436567518446,185.2810107421875,194.81710815429688,198.59394134521483,163.70527439690926,144.3729668382626,306.0750642033879,False,False,False,False,False,False,False,False,False,-29.172264917907174,noise,83.81687179587084,False,False,False,False,,IT - Software,Computers - Software & Consulting,28.227360308285164,False,False
MIRZAINT.NS,2026-09-15,29.399999618530273,30.950833161671955,32.16944434907701,33.628400001525875,32.6750666809082,33.89454999923706,30.744767944428407,24.950000762939453,44.0,False,False,False,False,False,False,False,False,False,-12.578059218664272,noise,81.1416136231881,False,False,False,False,,Consumer Durables,Leather And Leather Products,49.75915221579961,False,False
MIDHANI.NS,2026-09-15,405.8500061035156,431.2624969482422,421.34444512261285,418.6800012207031,391.09443908691406,376.6525909423828,435.143065130428,266.6499938964844,482.3999938964844,True,True,True,True,False,True,True,False,False,4.6492777024974785,red,139.4937334074713,False,False,False,False,,Aerospace & Defense,Aerospace & Defense,68.11175337186897,False,False
MITCON.NS,2026-09-15,80.0,79.12416648864746,77.7277774810791,76.95719955444336,73.04346661885579,71.11569995880127,79.78034974987838,49.560001373291016,91.69999694824219,True,True,True,True,True,True,True,True,False,21.673003802281364,dry,18.531826504695715,False,False,False,False,,Commercial Services & Supplies,Consulting Services,79.62427745664739,True,True
MITTAL.NS,2026-09-15,0.7699999809265137,0.8199999978144964,0.8713888890213437,0.8880000007152558,0.9348000017801921,0.9864499986171722,0.8202475745708363,0.699999988079071,1.8200000524520874,False,False,False,False,False,False,False,False,False,-50.322580347448174,red,390.1779361980135,False,False,False,False,,Textiles & Apparels,Garments & Apparels,8.188824662813103,False,False
MMP.NS,2026-09-15,457.70001220703125,422.58384195963544,364.6128446790907,340.8635205078125,282.02555297851563,274.5354948425293,435.4390738850425,184.26453135354302,498.0,True,True,True,True,True,True,True,True,False,68.32186359565979,noise,67.80153106792497,False,False,False,False,,Non - Ferrous Metals,Aluminium,92.4373795761079,True,True
MMTC.NS,2026-09-15,60.77000045776367,62.585832595825195,63.19944424099393,63.34459999084473,63.48746653238932,63.22849994659424,62.450057616617826,50.099998474121094,78.3499984741211,False,True,False,False,False,False,True,False,False,-6.276983513258716,noise,40.123800953043364,False,False,False,False,,Commercial Services & Supplies,Trading & Distributors,57.51445086705203,False,False
MODTHREAD.NS,2026-09-15,52.130001068115234,53.103333155314125,51.60916656917996,50.36699996948242,47.242400080362955,46.38420007705688,53.047757526290454,35.61000061035156,65.6500015258789,True,True,True,True,True,True,True,False,False,-7.126313778519078,noise,36.769475101416745,False,True,False,False,,Textiles & Apparels,Other Textile Products,56.59922928709056,False,False
MODINATUR.NS,2026-09-15,,,,,,,,,,False,False,False,False,False,False,False,False,False,,noise,95.01447723788901,False,True,False,False,,Agricultural Food & other Products,Other Agricultural Products,,False,False
MODIRUBBER.NS,2026-09-15,121.45999908447266,127.60333442687988,124.88777838812933,125.9786001586914,125.28719955444336,123.85329990386963,125.90956532392131,98.41000366210938,167.5,False,True,False,True,False,False,False,False,False,4.320191330509915,noise,59.44274724870257,False,False,False,False,,Auto Components,Tyres & Rubber Products,67.8709055876686,False,False
MODIS.NS,2026-09-15,,,,,,,,,,False,False,False,False,False,False,False,False,False,,dry,16.621620349006943,False,False,False,False,,Realty,"Residential, Commercial Projects",,False,False
MODISONLTD.NS,2026-09-15,478.1499938964844,484.3999989827474,379.5500005086263,354.81318603515626,246.61726908365884,221.67672775268554,481.23623986392784,112.84731995786822,546.0,True,True,True,True,True,True,True,False,False,207.8747901392155,noise,48.393788782536326,False,False,False,False,,Electrical Equipment,Other Electrical Equipment,99.13294797687861,True,True
MHHL.NS,2026-09-11,33.849998474121094,31.637499650319416,34.20972204208374,34.221999931335446,36.79899996439616,37.44149995803833,32.19103275278684,29.200000762939453,54.5,False,False,False,False,False,False,False,True,False,-36.491559177013045,green,233.6448598130841,False,False,False,False,,Healthcare Equipment & Supplies,Medical Equipment & Supplies,20.03853564547206,False,False
MOHITIND.NS,2026-09-15,23.68000030517578,23.87749989827474,24.072777801089817,23.74120002746582,23.57773328145345,24.534449968338013,23.65565774393473,18.600000381469727,39.88999938964844,False,False,False,False,False,False,False,True,False,-28.220675658127746,dry,16.40456198022042,False,False,False,False,,Textiles & Apparels,Other Textile Products,29.383429672447015,False,False
MOHITE.NS,2026-09-15,,,,,,,,,,False,False,False,False,False,False,False,False,False,,noise,,False,False,False,False,,Textiles & Apparels,Other Textile Products,,False,False
MOIL.NS,2026-09-15,238.5399932861328,250.68499883015951,264.6741659376356,266.84339935302734,288.2074668375651,300.6291455078125,249.22118436193924,237.25999450683594,398.6210131186603,False,False,False,False,False,False,False,False,False,-30.139135803583585,noise,54.4296926212449,False,False,False,True,,Minerals & Mining,Industrial Minerals,26.589595375722542,False,False
MOKSH.NS,2026-09-15,10.010000228881836,10.225833257039389,10.38527774810791,10.69399995803833,11.520999972025553,12.260599980354309,10.19835398570587,8.109999656677246,16.649999618530273,False,False,False,False,False,False,False,False,False,-28.448889259118427,noise,93.4254011879479,False,False,False,False,,Consumer Durables,"Gems, Jewellery And Watches",29.046242774566473,False,False
MOLBIO.NS,2026-09-15,,,,,,,,,,False,False,False,False,False,False,False,False,False,,noise,,False,False,False,False,,Healthcare Equipment & Supplies,Medical Equipment & Supplies,,False,False
MOLDTKPAC.NS,2026-09-15,652.0999755859375,689.5512898763021,685.762925889757,685.6606726074219,628.9617165120443,616.124615020752,682.8783894610623,461.32377134684066,838.8123497903943,True,True,False,True,False,True,True,False,False,-20.085386816355143,noise,57.3106722942093,False,False,False,False,,Industrial Products,Packaging,40.799614643545276,False,False
MOLDTECH.NS,2026-09-15,197.02999877929688,201.84295654296875,181.24209467569986,165.98797424316408,139.51939758300782,141.58546272277832,202.72700437446426,100.14482747342075,224.8553567212878,True,False,False,True,True,True,True,False,False,24.52066869878342,dry,14.986876114612066,False,False,False,False,,Construction,Civil Construction,81.02119460500964,True,False
MONARCH.NS,2026-09-15,366.5,375.2416712443034,381.86171383327905,374.5775128173828,325.8844467163086,319.18203834533693,374.4325800290473,234.84913080056816,405.91149198853304,True,True,True,True,False,True,True,False,False,12.982154432039806,noise,30.4978116694621,False,True,False,False,,Capital Markets,Stockbroking & Allied,74.47013487475915,True,False
MONEYBOXX.NS,2026-09-15,,,,,,,,,,False,False,False,False,False,False,False,False,False,,green,143.2560924014923,False,False,False,False,,Finance,Non Banking Financial Company (NBFC),,False,False
MONOPHARMA.NS,2026-09-14,8.949999809265137,8.895833253860474,8.843055446942648,9.370999917984008,11.09366665204366,12.074249951839446,8.864897682393817,7.5,25.5,False,False,False,False,False,False,False,True,True,-61.914894428659,dry,0.0,False,False,False,False,,Pharmaceuticals & Biotechnology,Pharmaceuticals,3.1791907514450863,False,False
MONTECARLO.NS,2026-09-15,552.3499755859375,553.5958302815756,535.4416648017036,536.2669989013672,544.8419999186198,572.8174990844726,554.1721390033288,464.0,860.9500122070312,False,False,False,False,True,False,False,False,False,-7.965441461601664,noise,97.52724931397648,False,False,False,False,,Textiles & Apparels,Garments & Apparels,55.78034682080924,False,False
MORARJEE.NS,2026-09-15,8.760000228881836,9.461666742960611,10.387777778837416,10.585999946594239,8.531466630299887,8.243499979972839,9.344929957316715,5.579999923706055,12.40999984741211,True,True,True,True,False,True,False,False,False,-6.609806801649876,noise,43.53297188943011,False,False,False,False,,Textiles & Apparels,Other Textile Products,57.08092485549133,False,False
MOREPENLAB.NS,2026-09-15,106.22000122070312,112.50166702270508,89.81361134847005,81.11880027770997,56.10026685078939,51.95975009918213,111.25957654315975,33.04999923706055,122.55000305175781,True,True,True,True,True,True,True,False,False,97.06864232592632,noise,83.7055853659767,False,False,False,False,,Pharmaceuticals & Biotechnology,Pharmaceuticals,95.56840077071291,True,True
MOS.NS,2026-09-11,6.0,8.108333309491476,10.054166595141092,11.068999948501586,13.764999958674112,15.951749970912934,7.58203485927005,6.0,55.54999923706055,False,False,False,False,False,False,False,False,False,-88.83720930232558,red,246.0249247958745,False,False,False,True,,Financial Technology (Fintech),Financial Technology (Fintech),0.1445086705202312,False,False
MOSCHIP.NS,2026-09-15,203.02000427246094,212.42583338419595,209.3930558098687,217.3711999511719,203.1170664469401,202.2928500366211,209.89751375367706,146.8000030517578,288.45001220703125,False,True,False,True,False,True,False,False,False,-20.484098993990905,noise,33.86981927217344,False,False,False,False,,IT - Hardware,Computers Hardware & Equipments,40.36608863198459,False,False
MSUMI.NS,2026-09-15,35.060001373291016,36.728333473205566,39.02583334181044,39.292982788085936,39.3059279123942,40.78569141387939,36.545025950546545,34.7599983215332,52.823297143452564,False,False,False,False,False,False,False,False,False,-28.1436796630244,red,112.2989746282628,False,False,False,True,,Auto Components,Auto Components & Equipments,29.57610789980732,False,False
MOTILALOFS.NS,2026-09-15,990.7999877929688,1027.3666687011719,952.812501695421,952.3220007324219,856.7693343098958,850.4707952880859,1018.6113117636698,614.9000244140625,1088.3156211947492,True,True,False,True,True,True,True,False,False,8.801445085697912,noise,47.31164093852884,False,False,False,False,,Capital Markets,Stockbroking & Allied,71.48362235067437,True,False
MOTISONS.NS,2026-09-15,15.470000267028809,16.050833225250244,15.45666676097446,15.076400032043457,14.042733351389566,14.090500011444092,15.991823025951565,10.619999885559082,20.450000762939453,True,False,False,True,True,True,True,False,False,-16.558794481651805,noise,20.777040234343396,False,False,False,False,,Consumer Durables,"Gems, Jewellery And Watches",44.797687861271676,False,False
MOTOGENFIN.NS,2026-09-15,25.149999618530273,27.5608336130778,26.81333329942491,27.057599983215333,25.28013329823812,24.752849998474122,26.93199413076874,17.5,34.400001525878906,False,True,False,True,False,True,False,False,False,-4.914938022348503,red,162.16097878302642,False,False,False,False,,Commercial Services & Supplies,Diversified Commercial Services,59.05587668593449,False,False
MOXSH.NS,2026-09-11,93.9000015258789,101.51666641235352,104.61666658189561,105.77199996948242,116.38566782633464,108.35500087738038,98.37453697381792,33.5,140.0,False,True,True,False,False,True,False,False,False,146.13367698604728,ppv,185.1851851851852,False,False,False,False,,Other Consumer Services,Education,98.02504816955684,True,False
MPDL.NS,2026-09-15,,,,,,,,,,False,False,False,False,False,False,False,False,False,,noise,,False,False,False,False,,Realty,"Residential, Commercial Projects",,False,False
MPHASIS.NS,2026-09-15,2378.0,2400.1416625976562,2422.199998643663,2394.6331884765623,2270.008075358073,2391.676167602539,2373.04214271315,1960.4413570175507,2957.899861042516,False,False,False,True,False,False,True,True,False,-16.535521054877556,ppv,213.03658399402786,False,False,False,False,,IT - Software,Computers - Software & Consulting,44.94219653179191,False,False
MPSLTD.NS,2026-09-15,2522.60009765625,2659.8416748046875,2743.4555460611978,2566.84,1976.5739957682292,1973.3764959716798,2659.7463848469374,1336.0999755859375,2979.0,True,True,True,True,False,True,True,False,False,19.14793859030579,noise,22.979779549324245,False,False,False,False,,Printing & Publication,Printing & Publication,77.89017341040463,True,False
MRF.NS,2026-09-15,125795.0,129858.33333333333,132086.66666666666,132235.7771875,132346.50265625,136040.074140625,128971.11170645879,121787.43505408362,163308.4863287346,False,False,False,False,False,False,True,False,False,-13.968079769053588,noise,63.4878544974005,False,False,False,False,,Auto Components,Tyres & Rubber Products,48.12138728323699,False,False
BECTORFOOD.NS,2026-09-15,223.39999389648438,232.2027384440104,231.81731118096246,218.2262857055664,199.7563929239909,209.13204162597657,234.6634505246604,164.52941938217484,283.3906875081819,True,False,False,True,True,True,True,False,False,-20.029585368952453,noise,32.44720043935619,False,False,False,False,,Food Products,Packaged Foods,40.847784200385355,False,False
MSPL.NS,2026-09-15,32.959999084472656,34.85083325703939,34.98083294762505,35.87979965209961,36.19233328501384,35.763949909210204,34.38606945941642,26.25,46.119998931884766,False,True,False,False,False,False,False,False,False,2.0117538952473035,noise,92.20551974121209,False,False,False,False,,Industrial Products,Iron & Steel Products,66.1849710982659,False,False
MSTCLTD.NS,2026-09-15,701.2000122070312,742.1749979654948,674.0569441053602,662.9809997558593,542.9834460449218,525.4996476745605,735.7753922582075,362.1499938964844,805.0,True,True,True,True,True,True,True,False,False,35.07306209443259,noise,99.0802416658814,False,False,False,False,,Commercial Services & Supplies,Trading & Distributors,84.53757225433526,True,True
MTEDUCARE.NS,2026-09-15,1.8300000429153442,1.790833334128062,1.8697222272555034,1.8696000027656554,1.692466668287913,1.7013000017404556,1.821588736106837,1.1699999570846558,2.5299999713897705,True,False,False,True,False,True,False,True,False,-10.731703147229988,green,107.71395428127246,False,False,False,False,,Other Consumer Services,Education,52.26396917148362,False,False
MTARTECH.NS,2026-09-15,6947.0,7148.875,6763.638888888889,6674.37,5934.6666682942705,5091.6419995117185,7181.416912773979,1483.0,8714.0,True,True,True,True,True,True,True,False,False,353.4299399974329,noise,97.14457522616497,False,False,False,False,,Electrical Equipment,Other Electrical Equipment,99.71098265895954,True,True
MUFIN.NS,2026-09-15,132.49000549316406,135.61666615804037,134.86722246805826,133.05279998779298,121.57386678059896,119.6172499847412,135.09577351527352,85.12999725341797,141.5,True,True,True,True,False,True,True,False,False,49.35182827248437,noise,35.51790820951393,False,False,False,False,,Finance,Non Banking Financial Company (NBFC),89.16184971098265,True,False
MUKANDLTD.NS,2026-09-15,135.6199951171875,136.96250025431314,137.27629937065973,136.7298664855957,132.468111521403,131.36993419647217,137.51627281767773,111.91673941994071,151.02053644043738,True,True,False,True,False,False,True,False,False,1.5394644199707042,noise,33.523840688224475,False,False,False,False,,Industrial Products,Iron & Steel Products,65.60693641618496,False,False
MUKESHB.NS,2026-09-11,,,,,,,,,,False,False,False,False,False,False,False,False,False,,noise,,False,False,False,False,,Finance,Non Banking Financial Company (NBFC),,False,False
MUKKA.NS,2026-09-15,31.389999389648438,29.19499985376994,26.135555691189236,25.31260005950928,23.815666669209797,23.788100004196167,30.024243607236386,18.270000457763672,33.290000915527344,True,True,False,True,True,True,True,True,False,9.030907924420495,red,248.52796996589578,False,False,False,False,,Food Products,Animal Feed,71.67630057803468,True,False
MUKTAARTS.NS,2026-09-15,57.20000076293945,57.33999983469645,57.056388749016655,56.178799896240236,55.36453328450521,56.98175003051758,57.44871515804911,37.0099983215332,72.80000305175781,True,False,False,False,True,True,True,False,False,-14.893614726808979,noise,87.06502072186225,False,False,False,False,,Entertainment,"Film Production, Distribution & Exhibition",46.91714836223507,False,False
MCX.NS,2026-09-15,3173.5,3294.8583170572915,3029.329576280382,2958.7319384765624,2827.0994091796874,2677.2200201416017,3265.6495812100475,1506.408914632882,3471.4939344339746,True,True,True,True,True,True,True,False,False,105.8145779921567,noise,73.88701325958914,False,False,False,False,,Capital Markets,Exchange and Data Platform,96.14643545279384,True,True
MUNJALAU.NS,2026-09-15,103.80000305175781,111.71416727701823,109.23006969028049,107.22006774902344,91.92769978841146,88.05007293701172,109.86002941273829,66.61489043568629,129.46286953315382,True,True,True,True,False,True,True,False,False,15.665228297988776,dry,13.865839573665928,False,False,False,False,,Auto Components,Auto Components & Equipments,76.10789980732177,True,False
MUNJALSHOW.NS,2026-09-15,125.27999877929688,128.84666760762533,132.5231121910943,131.93902755737304,127.10161041259765,124.90747116088868,128.33457810667542,106.8602903898512,146.19417979589696,False,True,False,True,False,False,True,False,False,-8.464213151336875,noise,28.495260045518783,False,False,False,False,,Auto Components,Auto Components & Equipments,55.154142581888244,False,False
MURUDCERA.NS,2026-09-15,29.0,29.881666660308838,30.474722332424587,30.61640007019043,31.5535999806722,32.216200008392335,29.804196084713972,25.15999984741211,47.5,False,False,False,False,False,False,False,False,False,-35.98233887766889,noise,62.38278100503539,False,False,False,False,,Consumer Durables,Ceramics,20.472061657032757,False,False
RADIOCITY.NS,2026-09-15,6.03000020980835,6.320000012715657,6.58194445239173,6.430600004196167,6.139333324432373,6.222300000190735,6.26779169880767,4.5,9.25,False,False,False,True,False,True,False,False,False,-31.006860781222954,red,165.6904038030628,False,False,False,False,,Entertainment,Media & Entertainment,25.770712909441233,False,False
MUTHOOTCAP.NS,2026-09-15,222.89999389648438,237.50166702270508,242.63111072116428,236.39300018310547,216.37880045572916,228.4473503112793,234.64403755932892,175.25,303.0,False,False,False,True,False,False,False,False,False,-19.1219198258062,noise,57.28372379728697,False,False,False,False,,Finance,Non Banking Financial Company (NBFC),41.90751445086705,False,False
MUTHOOTFIN.NS,2026-09-15,2722.300048828125,2891.8916829427085,2946.602769639757,2972.869990234375,3206.3135807291665,3351.3575354003906,2858.150912176864,2671.0,4114.708242760882,False,False,False,False,False,False,False,False,False,-6.18145057474746,noise,43.769675679171165,False,False,False,True,,Finance,Non Banking Financial Company (NBFC),57.65895953757225,False,False
MUTHOOTMF.NS,2026-09-15,187.61000061035156,200.0591672261556,215.29388936360678,221.60300018310548,194.57453338623046,191.1174501800537,198.38203526031563,141.1999969482422,262.7699890136719,False,True,False,True,False,True,False,False,False,12.469278434256669,noise,33.580782483334524,False,False,False,False,,Finance,Microfinance Institutions,74.08477842003853,True,False
MVELECTRO.NS,2026-09-15,,,,,,,,,,False,False,False,False,False,False,False,False,False,,noise,,False,False,False,False,,Industrial Manufacturing,Industrial Products,,False,False
MYSORPETRO.NS,2026-09-15,,,,,,,,,,False,False,False,False,False,False,False,False,False,,noise,,False,False,False,False,,Chemicals & Petrochemicals,Trading - Chemicals,,False,False
NKIND.NS,2026-09-15,55.52000045776367,57.46083291371664,59.58222219679091,60.323600158691406,63.249133275349934,63.86914987564087,57.28627241079666,49.65999984741211,87.77999877929688,False,False,False,False,False,False,False,False,False,-18.484804051924243,dry,13.597239963231342,False,False,False,False,,Agricultural Food & other Products,Edible Oil,42.4373795761079,False,False
NRAIL.NS,2026-09-15,638.8499755859375,559.2374954223633,519.6324861314562,494.81038146972656,464.2610858154297,463.0147180175781,585.0005540177742,355.9225758175958,685.0,True,True,False,True,True,True,True,True,False,65.06388489183675,ppv,459.1143875645658,False,False,False,False,,"Paper, Forest & Jute Products",Paper & Paper Products,91.95568400770713,True,False
NACLIND.NS,2026-09-15,149.9199981689453,164.00749969482422,173.60611131456164,185.57480041503905,167.33573318481444,166.6106929397583,161.64274990123175,112.62000274658203,255.0,False,True,False,True,False,True,False,False,False,-40.61398297434632,noise,43.38001040206472,False,False,False,False,,Fertilizers & Agrochemicals,Pesticides & Agrochemicals,16.088631984585742,False,False
NDGL.NS,2026-09-15,2655.5,2746.5666707356772,2763.8738471137153,2761.170146484375,2632.0640152994793,2689.1941772460937,2726.1387029834777,2098.158116181439,4046.4476254342076,False,False,False,True,False,False,False,False,False,-30.225994988580585,noise,48.14077025232404,False,False,False,False,,Finance,Non Banking Financial Company (NBFC),26.49325626204239,False,False
NAGAFERT.NS,2026-09-15,1.8600000143051147,2.000833342472712,2.258611092964808,2.4333999943733216,3.4334000007311505,3.771600007414818,1.98176058013054,1.8600000143051147,5.690000057220459,False,False,False,False,False,False,False,False,False,-64.9717507655661,red,380.2461528036304,False,False,False,True,,Fertilizers & Agrochemicals,Fertilizers,2.4566473988439306,False,False
NAGREEKCAP.NS,2026-09-15,27.3799991607666,23.44583336512248,23.183611075083416,23.323800048828126,25.849600054423014,26.16680003166199,24.067805929130245,19.299999237060547,42.75,True,False,False,False,True,True,False,True,False,9.127138279202086,ppv,805.4516844046632,True,False,False,False,,Finance,Investment Company,71.77263969171483,True,False
NAGREEKEXP.NS,2026-09-15,21.610000610351562,22.205833276112873,22.475555419921875,22.867999839782716,24.61739995320638,24.970899963378905,22.249612714683092,17.5,40.0,False,False,False,False,False,False,False,False,False,-16.142800828545724,noise,26.02282091681216,False,False,False,False,,Textiles & Apparels,Other Textile Products,45.42389210019268,False,False
NAHARCAP.NS,2026-09-15,252.64999389648438,256.8527297973633,255.93430752224393,253.5578811645508,245.77436584472656,246.56116981506347,256.8137293898875,189.89595271929917,305.2254226265647,True,False,False,True,False,True,True,False,False,-10.86675331465148,red,142.8448275862069,False,False,False,False,,Finance,Investment Company,52.02312138728323,False,False
NAHARINDUS.NS,2026-09-15,127.37000274658203,134.89333534240723,126.58861202663846,123.85040084838867,112.66286671956381,110.9817501449585,132.98928292535862,83.05000305175781,154.0,True,True,True,True,True,True,True,False,False,11.007499667036825,noise,33.57831252611609,False,False,False,False,,Textiles & Apparels,Other Textile Products,73.21772639691714,True,True
NAHARPOLY.NS,2026-09-15,226.24000549316406,240.58598454793295,247.77164713541666,250.01247131347657,247.2404820760091,244.8803670501709,236.8934341602018,198.79221954105063,336.7540102498069,False,True,False,True,False,False,False,False,False,-21.47161114900361,noise,42.43609843176973,False,False,False,False,,Industrial Products,Packaging,38.63198458574181,False,False
NAHARSPING.NS,2026-09-15,261.6499938964844,283.40039825439453,292.95372009277344,287.04499877929686,252.08517130533855,235.66682991027832,278.8529148312642,148.69077797520234,347.8088684400749,True,True,True,True,False,True,True,False,False,20.56670837548511,noise,40.942531033011555,False,False,False,False,,Textiles & Apparels,Other Textile Products,79.1907514450867,True,False
NGIL.NS,2026-09-15,33.0099983215332,38.17166646321615,39.31527762942844,39.5081999206543,35.11526667277018,33.48780002593994,36.52294443262273,22.010000228881836,43.88999938964844,False,True,True,True,False,True,True,False,False,-5.306948526756505,noise,26.813832645561035,False,False,False,False,,Food Products,Packaged Foods,58.62235067437379,False,False
NSIL.NS,2026-09-15,5409.5,5646.083333333333,5605.527777777777,5560.57,5616.625992838542,5800.289494628906,5596.623225692092,4700.0,8730.0,False,False,False,False,False,False,False,False,False,-25.499242528577327,noise,83.97761953204476,False,False,False,False,,Finance,Investment Company,33.23699421965318,False,False
NAMAN.NS,2026-09-14,39.0,39.73749955495199,41.95416673024496,43.024999923706055,49.08866678873698,53.01975023269653,39.75749637243248,37.0,92.94999694824219,False,False,False,False,False,False,False,False,False,-58.04195666438099,dry,0.0,False,False,False,False,,Consumer Durables,"Furniture, Home Furnishing",4.479768786127168,False,False
NDL.NS,2026-09-15,2.75,2.8791666428248086,2.5977777308887906,2.5317999649047853,2.5779999836285907,2.6735499876737596,2.851677775832301,1.7999999523162842,3.75,True,False,False,False,True,True,False,False,False,-20.977011927368928,noise,71.58534950290199,False,False,False,False,,Textiles & Apparels,Other Textile Products,39.4990366088632,False,False
JAIPURKURT.NS,2026-09-15,24.8799991607666,25.729166507720947,26.68388885921902,26.989599952697755,29.814933280944825,30.621100006103514,25.540065850062497,24.0,42.7400016784668,False,False,False,False,False,False,False,False,False,-34.35356686258173,dry,15.205071960029573,False,False,False,False,,Textiles & Apparels,Garments & Apparels,22.350674373795762,False,False
NH.NS,2026-09-15,1894.9000244140625,1900.5833129882812,1900.8583306206597,1930.2466381835939,1853.6717838541667,1855.1264862060548,1890.0636702010613,1585.4858653846154,2092.89990234375,True,False,False,True,False,False,True,True,False,9.244124995715897,noise,88.94373030868682,False,False,False,False,,Healthcare Services,Hospital,72.01348747591521,True,False
NARMADA.NS,2026-09-15,13.850000381469727,13.993333419164022,14.782361110051474,15.673400020599365,16.827866700490315,15.727450017929078,14.10752453619694,9.949999809265137,22.584999084472656,False,True,True,False,False,True,False,False,False,25.056439006735488,dry,9.076199716465794,False,False,False,False,,Food Products,Animal Feed,81.16570327552986,True,False
NATCOPHARM.NS,2026-09-15,819.1500244140625,834.7916666666666,882.5972086588541,903.5487927246094,968.1460624186197,946.3995425415039,831.8194503996573,784.9091438882253,1224.7250830949197,False,True,False,False,False,False,False,False,False,-2.9272794736168284,noise,92.40258586917601,False,False,False,False,,Pharmaceuticals & Biotechnology,Pharmaceuticals,61.078998073217726,False,False
NATHBIOGEN.NS,2026-09-15,146.80999755859375,150.91910807291666,154.09937159220377,155.92552520751954,156.8388612874349,154.85458778381349,149.84968827018668,124.49568289143575,201.32475438689224,False,True,False,False,False,False,False,False,False,-9.540383418259824,noise,46.365690941992405,False,True,False,False,,Agricultural Food & other Products,Other Agricultural Products,53.420038535645475,False,False
NATIONSTD.NS,2026-09-15,,,,,,,,,,False,False,False,False,False,False,False,False,False,,noise,,False,False,False,False,,Realty,"Residential, Commercial Projects",,False,False
NATIONALUM.NS,2026-09-15,350.54998779296875,372.1666666666667,376.4249725341797,368.59200561523437,380.36115987141926,364.93883026123046,369.2953527195709,191.85563717985323,443.3731066930094,False,True,True,False,False,True,True,False,False,68.26120074178456,noise,51.234641439865015,False,False,False,False,,Non - Ferrous Metals,Aluminium,92.38921001926782,True,False
NFL.NS,2026-09-15,67.18000030517578,69.08987553914388,69.96887270609538,70.46993560791016,72.94770116170247,75.56893119812011,68.77166509675376,62.40134764762116,98.29790788086136,False,False,False,False,False,False,False,False,False,-29.737334607284215,noise,67.99320083870758,False,False,False,False,,Fertilizers & Agrochemicals,Fertilizers,27.3121387283237,False,False
NATCAPSUQ.NS,2026-09-15,180.42999267578125,202.93583170572916,172.09583240085178,164.16779907226564,158.61353302001953,163.48664970397948,193.71398278318622,136.36000061035156,296.0,True,False,False,True,True,True,False,False,False,-7.769775508688692,noise,48.616618710442324,False,False,False,False,,Pharmaceuticals & Biotechnology,Pharmaceuticals,55.97302504816955,False,False
NAVA.NS,2026-09-15,536.9500122070312,557.8374938964844,562.939965142144,569.1342956542969,590.1701037597657,580.8361013793946,554.8585561573747,497.0066711243156,732.5560380476754,False,True,False,False,False,False,False,False,False,-22.615715923832667,noise,96.01281734946066,False,False,False,False,,Power,Power Generation,37.57225433526011,False,False
NAVINFLUOR.NS,2026-09-15,8228.0,8600.666666666666,8238.75,8074.04,7174.384283854167,6865.644318847656,8540.051823777903,4488.291781017636,8949.5,True,True,True,True,True,True,True,False,False,73.14845060341166,noise,51.77071037572715,False,False,False,False,,Chemicals & Petrochemicals,Specialty Chemicals,93.30443159922929,True,True
NAVKARCORP.NS,2026-09-15,91.58000183105469,95.26166725158691,98.55777846442328,100.87560028076172,98.12600016276042,98.26095016479492,94.60907011563128,74.05000305175781,132.0,False,False,False,True,False,False,False,False,False,-26.882234067022203,noise,40.5831505049345,False,False,False,False,,Transport Services,Logistics Solution Provider,31.26204238921002,False,False
NAVKARURB.NS,2026-09-15,0.8700000047683716,0.8983333309491476,0.964722216129303,0.9859999918937683,0.9728666647275289,1.1046999979019165,0.8955955049781777,0.699999988079071,2.9246919321589164,False,False,False,False,False,False,False,False,False,-64.99682922526718,noise,87.04560335622637,False,False,False,False,,Construction,Civil Construction,2.4084778420038537,False,False
NAVNETEDUL.NS,2026-09-15,124.0999984741211,130.88833363850912,133.38361040751138,137.40399978637694,139.71031239827474,140.76504005432128,129.20499672730068,120.20616844926178,164.1333558091885,False,False,False,False,False,False,True,False,False,-18.109720052241318,noise,44.94642911447689,False,False,False,False,,Household Products,Stationary,42.77456647398844,False,False
NAZARA.NS,2026-09-15,357.3999938964844,367.9208297729492,350.80138736301,337.8769976806641,292.1847324625651,283.8525491333008,366.4407631354093,215.6999969482422,380.0,True,True,True,True,True,True,True,False,False,31.3608298672156,noise,40.015593242060085,False,False,False,False,,Entertainment,Digital Entertainment,83.52601156069365,True,True
NBCC.NS,2026-09-15,80.69000244140625,85.01083310445149,89.34973250495062,91.33910171508789,93.45823084513346,97.16632091522217,84.38313655049475,76.65010804466255,124.82730965446994,False,False,False,False,False,False,False,False,False,-23.467023022632162,noise,92.4796247029184,False,False,False,False,,Construction,Civil Construction,36.078998073217726,False,False
NBIFIN.NS,2026-09-15,1978.5,1984.933329264323,2068.4042053222656,2079.9313916015626,1957.104620768229,2017.8467687988282,1993.3636615811918,1538.454019385706,2989.938782188696,False,False,False,True,False,False,False,False,False,-23.224243443976945,red,145.82376851841482,False,False,False,False,,Finance,Non Banking Financial Company (NBFC),36.46435452793834,False,False
NCC.NS,2026-09-15,137.3300018310547,145.730832417806,143.4674890306261,142.30169342041015,147.0310092163086,148.66418907165527,144.00640745958515,128.02376544116242,218.9304972416292,False,False,False,False,False,False,False,False,False,-33.18805790389744,noise,64.8123056071848,False,False,False,False,,Construction,Civil Construction,23.458574181117534,False,False
NCLIND.NS,2026-09-15,173.02000427246094,174.58093388875326,175.07735909356012,177.31615631103514,177.42846801757813,181.35443603515625,174.63145147000844,145.84372031876111,210.68426307184774,False,False,False,False,False,False,True,False,False,-16.697211162403068,noise,75.76506833595991,False,False,False,False,,Cement & Cement Products,Cement & Cement Products,44.653179190751445,False,False
NDLVENTURE.NS,2026-09-15,118.87000274658203,123.12833404541016,124.26277711656358,125.79199920654297,122.47786641438802,114.73429985046387,123.29758662061508,80.0,140.0,False,True,True,True,False,True,True,False,False,35.23322034480869,red,171.4972542545128,False,False,False,False,,Finance,Other Financial Services,84.6820809248555,True,False
NDRAUTO.NS,2026-09-15,672.8499755859375,714.4541676839193,772.1583319769966,789.380986328125,772.5850146484376,773.9315856933594,709.9957567171411,602.1346391634679,1180.8825022330911,False,False,False,True,False,False,False,False,False,-39.88550517452658,red,188.19688471415057,False,False,False,False,,Auto Components,Auto Components & Equipments,16.8111753371869,False,False
NDTV.NS,2026-09-15,70.43000030517578,72.40499877929688,74.92138799031575,76.38839935302734,78.01139963785808,80.5916999053955,72.40315485972579,58.75,134.5,False,False,False,False,False,False,False,False,False,-43.86386517502208,noise,28.530597973687204,False,False,False,False,,Entertainment,TV Broadcasting & Software Production,13.005780346820808,False,False
NECLIFE.NS,2026-09-15,11.399999618530273,12.15416661898295,11.182500018013847,11.122799968719482,11.672799987792969,13.20425000667572,11.825903441569912,9.300000190734863,22.399999618530273,False,False,False,False,True,False,False,False,False,-24.151697797291472,noise,61.31089838790616,False,False,False,False,,Pharmaceuticals & Biotechnology,Pharmaceuticals,35.26011560693642,False,False
NEAGI.NS,2026-09-15,,,,,,,,,,False,False,False,False,False,False,False,False,False,,noise,,False,False,False,False,,Agricultural Food & other Products,Tea & Coffee,,False,False
NELCAST.NS,2026-09-15,104.91000366210938,114.70000076293945,118.18527772691515,122.74050079345703,127.85191909790039,121.57397762298584,112.39470784234709,85.51137386740619,172.2559904918423,False,True,False,False,False,False,False,False,False,-27.690611681350706,dry,16.08082045539632,False,False,False,False,,Industrial Products,Castings & Forgings,30.057803468208093,False,False
NELCO.NS,2026-09-15,924.2999877929688,942.7166646321615,959.0624949137369,942.2499975585938,768.728881632487,756.073542022705,940.8412197050839,499.3681252958441,1120.0,True,True,True,True,False,True,True,False,False,13.202227516149945,noise,50.67012030631361,False,False,False,False,,IT - Hardware,Computers Hardware & Equipments,74.66281310211946,True,False
NEOGEN.NS,2026-09-15,2310.300048828125,2228.9083048502603,2158.399705674913,2146.251315917969,1776.228605143229,1622.835848083496,2262.7886031847906,966.2326038611084,2483.89990234375,True,True,True,True,True,True,True,True,False,45.20898041019168,red,142.18028337758028,False,False,False,False,,Chemicals & Petrochemicals,Specialty Chemicals,87.95761078998073,True,True
NEPHROCARE.NS,2026-09-11,93.19999694824219,94.09999910990398,82.99444474114313,78.55000007629394,76.68333348592122,86.2922501373291,90.92792938976184,50.04999923706055,171.0,True,False,False,False,True,True,False,True,False,-43.973553634710385,noise,96.17953513224687,False,False,False,False,,Healthcare Services,Hospital,12.909441233140656,False,False
NEPHROPLUS.NS,2026-09-15,,,,,,,,,,False,False,False,False,False,False,False,False,False,,red,148.74813332602116,False,False,False,False,,Healthcare Services,Healthcare Service Provider,,False,False
NESCO.NS,2026-09-15,1087.699951171875,1064.6916605631511,1052.066669040256,1061.9197277832031,1113.422568766276,1134.343160095215,1076.2156622945574,989.6270152436205,1628.413458753058,False,False,False,False,True,False,False,True,False,-28.05569620294046,red,143.2959572075747,False,False,False,False,,Commercial Services & Supplies,Diversified Commercial Services,29.76878612716763,False,False
NESTLEIND.NS,2026-09-15,1362.0,1413.6499938964844,1466.6527743869358,1460.6323901367186,1379.1482779947917,1350.759439086914,1401.2482486324386,1133.4029066422722,1553.0,False,True,True,True,False,False,True,False,False,13.003963822134512,noise,83.6769038413064,False,False,False,False,,Food Products,Packaged Foods,74.51830443159922,True,False
NETWEB.NS,2026-09-15,4614.0,5094.475016276042,4959.473171657986,4771.894033203125,4173.340836588542,3928.666807861328,5010.899512429454,2820.541923968512,5813.0,True,True,True,True,False,True,True,False,False,53.86508713565521,red,124.19710134200217,False,False,False,False,,IT - Services,IT Enabled Services,90.3179190751445,True,False
NPST.NS,2026-09-15,1639.5,1686.2000020345051,1603.6138814290364,1599.1659936523438,1363.93033203125,1374.0102508544921,1677.5945724257354,846.5999755859375,2197.7059983294785,True,False,False,True,True,True,False,False,False,-21.648974058165383,noise,59.60841903821811,False,False,False,False,,Financial Technology (Fintech),Financial Technology (Fintech),38.48747591522158,False,False
NETWORK18.NS,2026-09-15,25.950000762939453,27.3774995803833,28.727222124735516,29.19499988555908,31.75740005493164,34.13924999237061,27.216606210390125,25.850000381469727,58.099998474121094,False,False,False,False,False,False,False,False,False,-52.12177048402666,noise,72.93517089065745,False,False,False,True,,Entertainment,Media & Entertainment,6.8882466281310215,False,False
NEUEON.NS,2026-09-15,11.380000114440918,11.977499961853027,14.285555521647135,14.282599983215333,16.838266716003417,14.397750012874603,12.086929496980392,5.21999979019165,27.399999618530273,False,True,True,False,False,True,False,False,False,118.00767379002339,noise,68.63113028380845,False,False,False,False,,Electrical Equipment,Heavy Electrical Equipment,96.82080924855492,True,False
NEULANDLAB.NS,2026-09-15,22595.0,23197.166666666668,22133.805555555555,21223.58859375,17137.5652734375,16580.08121582031,23190.978959439017,11478.786028437366,24225.0,True,True,True,True,True,True,True,False,False,45.5365687890519,noise,80.07860584532058,False,False,False,False,,Pharmaceuticals & Biotechnology,Pharmaceuticals,88.0539499036609,True,True
NIACL.NS,2026-09-15,185.41000366210938,200.89750035603842,185.94722196790906,183.80025268554687,164.26383188883463,161.46608406066895,198.8917815870051,116.0144662714778,242.60000610351562,True,True,False,True,True,True,True,False,False,-2.889817977399145,noise,58.730078334257385,False,False,False,False,,Insurance,General Insurance,61.1271676300578,False,False
NEWGEN.NS,2026-09-15,499.3500061035156,520.6874923706055,532.5430543687609,529.5170263671876,489.9295345052083,558.142056274414,513.7491271211115,396.6099082577377,1030.4143551726484,False,False,False,False,False,False,False,False,False,-43.00256731745179,noise,51.38085188080248,False,False,False,False,,IT - Software,Computers - Software & Consulting,13.728323699421965,False,False
NEWJAISA.NS,2026-09-11,17.25,17.53749990463257,16.556944449742634,16.825999946594237,19.060666656494142,20.517500009536743,17.38384067105369,13.350000381469727,51.5,False,False,False,False,True,False,False,False,False,-62.78317029582794,noise,86.76789587852495,False,False,False,False,,IT - Hardware,Computers Hardware & Equipments,2.9383429672447012,False,False
NEXTMEDIA.NS,2026-09-15,3.8299999237060547,4.098333338896434,3.944722228580051,3.945800018310547,4.31900000890096,4.7079500126838685,3.952713744631552,3.1600000858306885,8.479999542236328,False,False,False,False,False,False,False,False,False,-39.2063522579147,noise,28.35020801336057,False,False,False,False,,Entertainment,Media & Entertainment,17.38921001926782,False,False
NXST.NS,2026-09-11,166.97999572753906,167.23333358764648,166.76737213134766,165.6313626098633,157.470419921875,156.43524398803712,167.3061181122328,137.77182006835938,189.1042709723323,True,True,True,True,True,False,True,False,False,21.200399069045627,red,101.31216767055511,False,False,False,False,,Realty,Real Estate Investment Trusts (REITs),79.33526011560693,True,False
NGLFINE.NS,2026-09-15,2581.800048828125,2757.7666829427085,3055.8052368164062,3086.388212890625,2672.7276391601563,2372.689582519531,2748.129442053646,1270.2352838363754,3599.8325981661596,False,True,True,True,False,True,False,False,False,81.19903642005272,noise,60.55141234447304,False,False,False,False,,Pharmaceuticals & Biotechnology,Pharmaceuticals,94.21965317919076,True,False
NHPC.NS,2026-09-15,76.04000091552734,76.12916692097981,76.9421034918891,77.59337692260742,77.46511891682943,77.34054016113281,76.24655280950469,71.42454681386315,87.39771312453149,False,True,False,True,False,False,True,False,False,-7.035367585504115,noise,75.62622683976645,False,False,False,False,,Power,Power Generation,56.69556840077071,False,False
NIBE.NS,2026-09-15,1224.4000244140625,1325.4083353678386,1392.0527682834202,1435.7239965820313,1278.9016650390624,1235.5167504882813,1309.9650344440727,809.5999755859375,1848.0,False,True,True,True,False,True,False,False,False,1.2331829513226644,noise,57.36791627880737,False,False,False,False,,Aerospace & Defense,Aerospace & Defense,65.51059730250482,False,False
NICCOPAR.NS,2026-09-15,,,,,,,,,,False,False,False,False,False,False,False,False,False,,noise,,False,False,False,False,,Leisure Services,Amusement Parks/ Other Recreation,,False,False
NIDAN.NS,2026-09-11,13.5,13.491666714350382,13.411111116409302,13.446000003814698,14.419999993642172,15.42599998474121,13.576417413032559,11.5,24.899999618530273,False,False,False,False,True,False,False,False,False,-29.31937313939892,noise,52.083333333333336,False,False,False,False,,Healthcare Services,Healthcare Service Provider,27.842003853564545,False,False
NIITLTD.NS,2026-09-15,87.31999969482422,96.95999908447266,96.14204406738281,96.30411209106445,81.61859840393066,82.47829359054566,94.563980987998,48.46923652674774,113.17072989283828,True,False,False,True,False,True,True,False,False,-19.87274103149256,noise,62.12668536965735,False,False,False,False,,Other Consumer Services,Education,40.99229287090559,False,False
NIITMTS.NS,2026-09-15,232.02000427246094,227.00249989827475,233.04330698649088,234.11876708984374,264.9018780517578,297.28548919677735,227.5888690651056,200.50434899542847,437.79574031188224,False,False,False,False,False,False,False,True,False,-29.267866655577023,ppv,71.3809062016918,False,False,False,False,,Other Consumer Services,Education,27.986512524084777,False,False
NILAINFRA.NS,2026-09-15,6.570000171661377,6.71833332379659,7.076666646533543,7.140199975967407,7.644599974950155,8.044649987220764,6.712570441426768,5.900000095367432,11.550000190734863,False,False,False,False,False,False,False,False,False,-38.13559093729214,noise,92.69624826777597,False,False,False,False,,Realty,"Residential, Commercial Projects",18.448940269749517,False,False
NILASPACES.NS,2026-09-15,12.229999542236328,12.40583324432373,12.36000002755059,12.354400005340576,12.971199957529704,13.563499984741211,12.36100364109982,11.350000381469727,20.469999313354492,False,False,False,False,False,False,False,False,False,-25.78883566779079,red,118.20442040667926,False,False,False,False,,Realty,"Residential, Commercial Projects",32.947976878612714,False,False
NILE.NS,2026-09-15,,,,,,,,,,False,False,False,False,False,False,False,False,False,,noise,,False,False,False,True,,Minerals & Mining,Industrial Minerals,,False,False
NILKAMAL.NS,2026-09-15,2017.9000244140625,2065.066660563151,1942.902784559462,1798.20974609375,1450.05787109375,1431.5763018798827,2055.3503773289626,1034.4655321576956,2149.5,True,True,True,True,True,True,True,False,False,30.495949176588866,dry,12.62891385153708,False,False,False,False,,Consumer Durables,Plastic Products - Consumer,83.33333333333334,True,True
NIMBSPROJ.NS,2026-09-15,,,,,,,,,,False,False,False,False,False,False,False,False,False,,dry,4.556163305113125,False,False,False,False,,Realty,"Residential, Commercial Projects",,False,False
NINSYS.NS,2026-09-15,710.75,711.9833323160807,739.8291710747612,781.1130029296875,600.7953342692057,546.6097505187988,712.0726727749627,281.04998779296875,935.0,True,True,True,True,False,True,True,False,False,58.77359760767818,noise,80.23434054973437,False,False,False,False,,IT - Software,Computers - Software & Consulting,91.28131021194605,True,False
NAM-INDIA.NS,2026-09-15,1153.0999755859375,1176.5250142415364,1186.1777886284722,1183.0500073242188,1059.931493733724,1009.7506643676758,1178.3972190322056,787.2052851605498,1269.5,True,True,True,True,False,True,True,False,False,42.278836362080874,red,109.13380360146718,False,False,False,False,,Capital Markets,Asset Management Company,87.13872832369943,True,False
NIRAJ.NS,2026-09-15,27.579999923706055,28.514166514078777,28.716111130184597,28.857999992370605,29.014600041707357,30.7208500957489,28.136957843086783,20.149999618530273,51.97999954223633,False,False,False,False,False,True,False,False,False,-41.78978619258359,noise,51.040851812801854,False,False,False,False,,Construction,Civil Construction,14.739884393063585,False,False
NIRAJISPAT.NS,2026-09-15,300.0,342.72249603271484,254.6013878716363,237.12839935302733,235.64306660970053,226.72594985961913,322.96799159059555,155.0,429.6499938964844,True,True,False,True,True,True,False,False,False,-16.01344072011913,red,262.1548035783741,False,False,False,False,,Consumer Durables,Plastic Products - Consumer,45.568400770712906,False,False
NIRLON.NS,2026-09-15,,,,,,,,,,False,False,False,False,False,False,False,False,False,,noise,30.827776560436316,False,True,False,False,,Commercial Services & Supplies,Diversified Commercial Services,,False,False
NIRMAN.NS,2026-09-11,27.549999237060547,28.387499809265137,32.52777772479587,35.123999977111815,44.9736665725708,48.88199992179871,28.29989280639274,27.0,231.0,False,False,False,False,False,False,False,False,False,-79.62278116943497,noise,55.64263322884012,False,False,False,False,,Agricultural Food & other Products,Other Agricultural Products,0.5780346820809248,False,False
NITCO.NS,2026-09-15,88.23999786376953,94.2016658782959,97.19305483500163,100.21619918823242,93.5067997233073,92.06354969024659,93.32359029713055,64.0,123.58999633789062,False,True,False,True,False,True,False,False,False,-23.436010530351815,noise,45.75719729776683,False,False,False,False,,Consumer Durables,Ceramics,36.127167630057805,False,False
NITINSPIN.NS,2026-09-15,643.1500244140625,636.3143971761068,590.0067511664497,576.9757275390625,489.4352075195313,447.2466357421875,637.5390500609208,300.8041771483202,665.0,True,True,True,True,True,True,True,True,False,87.69337888854048,noise,89.44521668369727,False,False,False,False,,Textiles & Apparels,Other Textile Products,94.84585741811176,True,True
NITIRAJ.NS,2026-09-15,225.91000366210938,216.10166803995767,211.48111131456164,208.42900024414064,203.12173370361327,198.7543502807617,221.3645330872212,168.0,241.0,True,True,True,True,True,True,True,True,False,16.955484006229305,noise,85.64695173222455,False,False,False,False,,Consumer Durables,Consumer Electronics,76.83044315992292,True,True
NITTAGELA.NS,2026-09-15,,,,,,,,,,False,False,False,False,False,False,False,False,False,,ppv,123.34020698028485,False,False,False,False,,Chemicals & Petrochemicals,Specialty Chemicals,,False,False
NIVABUPA.NS,2026-09-15,81.5,80.71583429972331,83.46361117892795,84.23880004882812,80.51600006103516,79.47285007476806,80.72432741997069,67.5,91.4000015258789,True,True,True,True,False,False,True,True,False,-0.20815253184364169,noise,99.5184245842275,False,False,False,False,,Insurance,General Insurance,64.01734104046243,False,False
NLCINDIA.NS,2026-09-15,261.04998779296875,270.3916600545247,280.1680501302083,285.4039959716797,294.51799936930337,282.9718310546875,268.8797282936028,226.77005491875443,387.79998779296875,False,True,True,False,False,False,False,False,False,1.365517489819701,noise,68.06449742160201,False,False,False,False,,Power,Power Generation,65.5587668593449,False,False
NMDC.NS,2026-09-15,80.5,84.76250012715657,84.97250005933974,84.7013996887207,85.12672668457031,83.2967357635498,83.88946136912239,70.10877049673599,97.48999786376953,False,True,True,False,False,False,True,False,False,8.470126832778636,noise,62.06963385365292,False,False,False,False,,Minerals & Mining,Industrial Minerals,70.90558766859345,True,False
NSLNISP.NS,2026-09-15,41.45000076293945,45.16250038146973,43.41250027550591,43.293400344848635,42.49413347880046,42.33320011138916,43.95332923197447,33.0099983215332,53.75,False,True,False,True,False,False,True,False,False,-9.160640384241914,noise,53.34543934811704,False,False,False,False,,Ferrous Metals,Iron & Steel,53.94990366088632,False,False
NOCIL.NS,2026-09-15,183.60000610351562,177.86333338419595,169.54166793823242,168.78858428955078,164.062941792806,159.8721340560913,181.326741660942,124.15050882479248,202.60776684401816,True,True,False,True,True,True,True,True,False,1.0054620166675132,red,122.1504268599156,False,False,False,False,,Chemicals & Petrochemicals,Specialty Chemicals,65.17341040462428,False,False
NOIDATOLL.NS,2026-09-15,4.010000228881836,4.104166686534882,4.200555582841237,4.330000023841858,4.266600012779236,4.240050013065338,4.056745040109719,2.869999885559082,7.429999828338623,False,True,False,True,False,True,False,False,False,-17.148758213618308,noise,54.016874480447065,False,True,False,False,,Transport Infrastructure,"Road AssetsToll, Annuity, Hybrid-Annuity",43.93063583815029,False,False
NORBTEAEXP.NS,2026-09-15,64.5,67.06500053405762,66.90472263760037,67.76960052490234,76.31873362223307,77.90580017089843,66.47144551959431,45.02000045776367,99.3499984741211,False,False,False,False,False,True,False,False,False,40.461678074760755,noise,90.39268101580863,False,False,False,False,,Agricultural Food & other Products,Tea & Coffee,86.41618497109826,True,False
NECCLTD.NS,2026-09-15,19.040000915527344,18.039166768391926,16.25027781062656,16.068200016021727,15.446000022888184,15.991000022888183,18.43057786168883,10.550000190734863,24.010000228881836,True,False,False,True,True,True,True,True,False,-8.32931874871321,noise,68.66436928202653,False,False,False,False,,Transport Services,Logistics Solution Provider,55.29865125240848,False,False
NORTHARC.NS,2026-09-15,294.20001220703125,303.08333587646484,291.7875010172526,296.44900085449217,274.2610669962565,270.44015060424806,302.1397695319274,206.0,334.0,True,True,True,True,False,True,True,False,False,19.389665771090534,noise,65.67411405137145,False,False,False,False,,Finance,Non Banking Financial Company (NBFC),77.98651252408479,True,False
NOVAAGRI.NS,2026-09-15,22.489999771118164,23.573333263397217,23.891666677263046,23.716599960327148,26.253666636149088,29.19365005493164,23.27710534377729,18.1200008392334,52.0,False,False,False,False,False,False,False,False,False,-55.57092009942328,red,202.68919142642918,False,False,False,False,,Fertilizers & Agrochemicals,Fertilizers,5.443159922928709,False,False
NOVARTIND.NS,2026-09-15,,,,,,,,,,False,False,False,False,False,False,False,False,False,,red,115.48522720168786,False,False,False,False,,Pharmaceuticals & Biotechnology,Pharmaceuticals,,False,False
NRBBEARING.NS,2026-09-15,480.8500061035156,476.82916768391925,463.3375006781684,449.63900085449217,362.95441294352213,338.5511461639404,485.3700035848657,211.10343900049978,519.0,True,True,True,True,True,True,True,False,False,74.5904687401314,red,110.0241141158802,False,False,False,False,,Auto Components,Auto Components & Equipments,93.40077071290945,True,True
NIBL.NS,2026-09-15,31.059999465942383,30.949999968210857,32.83000008265177,32.85340007781983,31.3124667485555,31.164600076675416,31.220581730947544,25.299999237060547,40.79999923706055,False,True,False,True,False,False,True,False,False,13.981649416302332,red,103.95180661665353,False,True,False,False,,Industrial Products,Abrasives & Bearings,75.33718689788054,True,False
NTCIND.NS,2026-09-15,,,,,,,,,,False,False,False,False,False,False,False,False,False,,noise,,False,False,False,False,,Cigarettes & Tobacco Products,Cigarettes & Tobacco Products,,False,False
NTPC.NS,2026-09-15,329.5,330.2519810994466,335.3643052842882,337.659140625,361.76560852050784,354.0811268615723,331.7831269299366,309.838511773213,409.97128898871665,False,True,False,False,False,False,True,False,False,2.026843400143852,noise,92.75215862849453,False,False,False,False,,Power,Power Generation,66.23314065510597,False,False
NTPCGREEN.NS,2026-09-15,85.86000061035156,88.40833473205566,90.56111145019531,91.37440048217773,96.7391335550944,95.38970008850097,88.02901607929485,84.0,119.94999694824219,False,True,False,False,False,False,False,False,False,-16.850669345254477,noise,41.2907767773178,False,False,False,False,,Power,Power Generation,44.3159922928709,False,False
NUCLEUS.NS,2026-09-15,696.4000244140625,724.6375071207682,718.9347212049696,727.8262719726563,760.1931990559896,794.5705551147461,714.2546182037904,678.5980828958152,1066.8741885000632,False,False,False,False,False,False,False,False,False,-31.412141338688038,noise,60.3596217579501,False,False,False,False,,IT - Software,Software Products,25.289017341040466,False,False
NRL.NS,2026-09-15,135.35000610351562,127.42666753133138,117.86833381652832,114.07380020141602,77.6526668548584,72.35470008850098,129.27955717590035,45.099998474121094,138.0,True,True,True,True,True,True,True,True,False,92.64161968153523,ppv,129.499092054648,False,False,True,False,,Metals & Minerals Trading,Trading - Metals,95.23121387283237,True,True
NURECA.NS,2026-09-15,322.20001220703125,330.36666615804035,327.09583367241754,308.9488000488281,275.763200378418,279.78390007019044,328.82229905683084,204.0,358.0,True,False,True,True,True,True,True,False,False,26.70075042879716,dry,13.660797052022955,False,False,False,False,,Healthcare Equipment & Supplies,Medical Equipment & Supplies,81.79190751445087,True,False
NUVAMA.NS,2026-09-15,1668.199951171875,1783.6999918619792,1759.7805480957031,1799.1299926757813,1535.5099772135416,1504.6459381103516,1760.3762244965826,1086.5091731363827,2066.0,True,True,True,True,False,True,True,False,False,37.78168158876234,noise,51.27195132048996,False,False,False,False,,Capital Markets,Stockbroking & Allied,85.69364161849711,True,False
NUVOCO.NS,2026-09-15,313.75,331.65833282470703,334.8111114501953,336.76800048828125,320.71666727701825,328.5272508239746,330.04106418639867,276.25,453.25,False,False,False,True,False,False,False,False,False,-26.805084692065062,dry,15.754443842719192,False,False,False,False,,Cement & Cement Products,Cement & Cement Products,31.454720616570324,False,False
ONGC.NS,2026-09-15,235.9499969482422,234.4262835184733,236.38649156358508,239.3213327026367,260.51715881347656,254.77347640991212,234.81583231927905,220.30712541317675,306.19702215663295,False,True,False,False,False,False,True,True,False,6.526525955544149,green,119.79562403114197,False,True,False,False,,Oil,Oil Exploration & Production,69.50867052023122,False,False
OBCL.NS,2026-09-15,56.58000183105469,55.51916694641113,54.33027797275119,54.059000167846676,55.056800003051755,55.13505004882813,55.70124782463735,46.5099983215332,62.0,True,False,False,False,True,False,True,True,False,-2.1953270122116453,ppv,126.47818348583782,False,False,False,False,,Transport Services,Logistics Solution Provider,61.7533718689788,False,False
OBEROIRLTY.NS,2026-09-15,1668.5,1828.7666625976562,1836.2527737087673,1847.97603515625,1692.0152083333332,1672.8500714111328,1794.989973610544,1387.9800889099738,1983.9545449282684,False,True,True,True,False,False,True,False,False,4.539544154162023,noise,77.51926377106204,False,False,False,False,,Realty,"Residential, Commercial Projects",68.0635838150289,False,False
OCCLLTD.NS,2026-09-15,151.63999938964844,161.7074991861979,159.67588212754993,151.54336196899413,118.07606119791667,112.54316989898682,160.51516440556864,74.8847757046385,181.03500175688677,True,True,True,True,True,True,True,False,False,10.099741299017717,noise,67.20881258001819,False,False,False,False,,Chemicals & Petrochemicals,Commodity Chemicals,72.495183044316,True,True
ODIGMA.NS,2026-09-15,22.09000015258789,22.68083318074544,22.65888876385159,22.82339984893799,24.533933283487954,26.098199949264526,22.459970813921036,20.0,56.09000015258789,False,False,False,False,False,False,False,False,False,-41.960064751627236,noise,68.96511823004958,False,False,False,False,,IT - Services,IT Enabled Services,14.547206165703274,False,False
ODYCORP.NS,2026-09-15,,,,,,,,,,False,False,False,False,False,False,False,False,False,,noise,,False,True,False,False,,Finance,Non Banking Financial Company (NBFC),,False,False
OILCOUNTUB.NS,2026-09-15,62.400001525878906,63.323333740234375,60.22305552164713,58.916999893188475,54.505066553751625,55.48169996261597,62.43303119924903,35.650001525878906,84.5999984741211,True,False,False,True,True,True,False,False,False,-24.41860056791677,noise,46.9592653607966,False,False,False,False,,Oil,Oil Equipment & Services,34.68208092485549,False,False
OIL.NS,2026-09-15,485.6000061035156,490.37599182128906,471.0477074517144,461.58498046875,464.3947623697917,454.72685791015624,489.4883406299595,383.1905493720233,529.9163379046904,True,True,True,False,True,False,True,False,False,25.007795241685482,noise,62.95762049528742,False,False,False,False,,Oil,Oil Exploration & Production,81.11753371868978,True,False
OLAELEC.NS,2026-09-15,38.029998779296875,38.65666675567627,38.650555504692925,38.89540008544922,35.98640009562175,35.951050176620484,38.308577199895375,22.25,61.02000045776367,True,True,False,True,False,True,False,False,True,-35.432940926856126,red,114.65598469978791,False,False,False,False,,Automobiles,2/3 Wheelers,21.339113680154142,False,False
OLECTRA.NS,2026-09-15,1179.199951171875,1240.9166666666667,1307.0638868543838,1328.47599609375,1230.0429996744792,1210.9612503051758,1226.433862965664,866.5999755859375,1714.199951171875,False,True,False,True,False,True,False,False,False,-26.475288405449415,red,102.8543099686034,False,False,False,False,,Automobiles,Passenger Cars & Utility Vehicles,31.88824662813102,False,False
OMFREIGHT.NS,2026-09-15,,,,,,,,,,False,False,False,False,False,False,False,False,False,,noise,37.0270545350367,False,True,False,False,,Transport Services,Logistics Solution Provider,,False,False
OMINFRAL.NS,2026-09-15,80.25,81.73299789428711,84.94935290018718,85.96980743408203,87.14686828613281,88.4522040939331,81.47797888158937,71.06761067080576,143.1291715588873,False,False,False,False,False,False,False,False,False,-25.067368662364377,ppv,144.29603398799082,False,False,False,False,,Construction,Civil Construction,33.81502890173411,False,False
OMPOWER.NS,2026-09-15,,,,,,,,,,False,False,False,False,False,False,False,False,False,,noise,87.96490453969226,False,True,False,False,,Construction,Civil Construction,,False,False
OMAXAUTO.NS,2026-09-15,169.0,180.71999867757162,190.40867021348743,201.74243255615235,172.37687540690104,153.5193162536621,178.06043619261305,82.52199549472783,260.1032164095451,False,True,True,True,False,True,False,False,False,19.816417391341968,noise,87.7920897047095,False,False,False,False,,Auto Components,Auto Components & Equipments,78.42003853564547,True,False
OMAXE.NS,2026-09-15,118.04000091552734,125.5941670735677,103.53527810838487,100.09000015258789,84.94433359781901,82.13905025482178,122.14243133048969,62.5,138.88999938964844,True,True,True,True,True,True,True,False,False,35.398027646622346,dry,16.688927875051352,False,False,False,False,,Realty,"Residential, Commercial Projects",84.73025048169556,True,True
OMFURN.NS,2026-09-11,53.0,56.733333587646484,58.729166984558105,57.6170002746582,56.09599995930989,61.991749897003174,55.530807430595175,38.0,140.0,False,False,False,False,False,True,False,False,False,-58.94655500054486,dry,16.366612111292962,False,False,False,False,,Consumer Durables,"Furniture, Home Furnishing",3.998073217726397,False,False
OMNI.NS,2026-09-15,,,,,,,,,,False,False,False,False,False,False,False,False,False,,noise,35.96836148812502,False,False,False,False,,Industrial Manufacturing,Industrial Products,,False,False
ONDOOR.NS,2026-09-11,288.0,294.59166208902997,269.7194430033366,252.74999908447265,192.55633275349936,174.39924964904785,290.0326392420265,100.0,340.0,True,True,True,True,True,True,True,False,False,84.61538461538463,dry,5.52689756816507,False,True,False,False,,Retailing,Diversified Retail,94.50867052023122,True,True
PAYTM.NS,2026-09-15,1730.0,1691.1666666666667,1565.1666632758247,1493.1019995117188,1233.5039998372397,1245.8315002441407,1708.9145831325402,930.5999755859375,1840.0,True,False,True,True,True,True,True,True,False,41.33986928104576,noise,73.93098691611083,False,True,False,False,,Financial Technology (Fintech),Financial Technology (Fintech),86.5606936416185,True,False
ONEGLOBAL.NS,2026-09-15,,,,,,,,,,False,False,False,False,False,False,False,False,False,,noise,,False,False,False,False,,Healthcare Services,Healthcare Service Provider,,False,False
MOBIKWIK.NS,2026-09-15,200.86000061035156,193.8991673787435,199.1038898891873,202.78980041503905,198.6825338745117,205.57555038452148,197.2007296581458,151.4600067138672,324.75,False,False,False,False,False,True,False,True,False,-32.48856949872989,red,149.49626498260838,False,True,False,False,,Financial Technology (Fintech),Financial Technology (Fintech),24.277456647398843,False,False
ONEPOINT.NS,2026-09-15,56.68000030517578,56.146666526794434,56.78416665395101,56.19799987792969,54.37406674702962,54.1061501121521,56.62006473313008,40.58000183105469,65.8499984741211,True,True,True,True,True,True,True,True,False,28.14831763914136,ppv,476.09399339416063,False,False,False,False,,Commercial Services & Supplies,Business Process Outsourcing (BPO)/ Knowledge Process Outsourcing (KPO),82.41811175337187,True,True
OLIL.NS,2026-09-11,436.29998779296875,416.2416636149089,415.5888883802626,417.42099914550784,385.0260001627604,366.33349990844727,420.9445353904248,246.0,479.8999938964844,True,True,True,True,True,True,True,True,True,69.50271877956243,green,201.61290322580646,False,False,False,False,,Transport Services,Logistics Solution Provider,92.63005780346822,True,True
ONELIFECAP.NS,2026-09-15,33.150001525878906,32.05999994277954,33.4233333269755,34.48459995269776,25.387171522776285,22.912769894599915,32.296312815314,11.149999618530273,40.099998474121094,True,True,True,True,False,True,True,True,False,161.64168371161912,noise,27.609624298840835,False,False,False,False,,Capital Markets,Stockbroking & Allied,98.36223506743738,True,False
KISSHT.NS,2026-09-15,,,,,,,,,,False,False,False,False,False,False,False,False,False,,ppv,261.94757146803227,False,False,False,False,,Finance,Other Financial Services,,False,False
ONESOURCE.NS,2026-09-15,1599.5999755859375,1552.7249959309895,1568.6666632758247,1591.0339965820312,1582.3579964192709,1584.1474969482422,1561.5163070899557,1057.0,1925.0,True,False,False,True,True,True,True,True,False,-14.404969296260228,green,228.33915124852976,False,False,False,False,,Pharmaceuticals & Biotechnology,Pharmaceuticals,47.73603082851638,False,False
ONIDA.NS,2026-09-15,33.33000183105469,34.69416650136312,36.5388888253106,37.664400024414064,35.27719993591309,33.59199994087219,34.18526704957661,21.5,49.22999954223633,False,True,True,True,False,True,False,False,False,14.931040796740302,ppv,289.2970041389697,False,False,False,False,,Consumer Durables,Consumer Electronics,75.86705202312139,True,False
ONIXSOLAR.NS,2026-09-15,,,,,,,,,,False,False,False,False,False,False,False,False,False,,noise,,False,False,False,False,,Non - Ferrous Metals,Copper,,False,False
ONMOBILE.NS,2026-09-15,49.349998474121094,48.96833324432373,58.348333252800835,60.625199966430664,54.6710666402181,54.952249965667725,49.201997581794224,40.209999084472656,84.0,False,False,False,True,False,False,False,True,False,-8.965136861150791,noise,72.40704318565263,False,False,False,False,,Media,Web based media and service,54.43159922928709,False,False
ONWARDTEC.NS,2026-09-15,281.54998779296875,285.37916310628253,287.10277557373047,286.2699987792969,264.2499333699544,269.619588470459,284.8600238510045,202.5474502609932,339.05421608387906,True,False,False,True,False,True,True,False,False,-9.368570413646871,dry,11.293838369349073,False,False,False,False,,IT - Services,IT Enabled Services,53.70905587668593,False,False
OPTIEMUS.NS,2026-09-15,604.9500122070312,570.4416656494141,579.393056233724,577.4369995117188,463.24400024414064,468.8100004577637,571.1550481604235,288.0,713.0,True,False,False,True,True,True,True,True,False,-3.215738897445608,ppv,638.0775346657647,True,False,False,False,,Telecom -  Equipment & Accessories,Telecom -  Equipment & Accessories,60.982658959537574,False,False
OPTIFIN.NS,2026-09-15,,,,,,,,,,False,False,False,False,False,False,False,False,False,,noise,,False,False,False,False,,Finance,Non Banking Financial Company (NBFC),,False,False
OFSS.NS,2026-09-15,11803.0,11985.833333333334,11738.444444444445,11630.7,9438.605670572917,8974.961000976562,11844.683504522187,6060.863819699785,12540.0,True,True,True,True,True,True,True,False,False,37.313463358205446,noise,73.7512210979189,False,False,False,False,,IT - Software,Software Products,85.64547206165703,True,True
ORBTEXP.NS,2026-09-15,234.4199981689453,238.03244018554688,241.20515399509006,237.53037200927736,196.29599182128905,193.8309878540039,236.89185740145982,134.72293208187594,278.03816878415637,True,True,True,True,False,True,True,False,False,29.816025331573613,dry,9.119140984814592,False,False,False,False,,Textiles & Apparels,Other Textile Products,83.04431599229287,True,False
ORCHASP.NS,2026-09-15,1.5800000429153442,1.4083333214124043,1.4652777678436704,1.5485999965667725,1.9262666646639506,2.1444499963521957,1.4305719165647317,1.25,4.159999847412109,False,False,False,False,True,False,False,True,False,-40.37735901680141,green,204.57784949615444,False,False,False,False,,IT - Software,Computers - Software & Consulting,16.28131021194605,False,False
ORCHPHARMA.NS,2026-09-15,988.2000122070312,970.7124989827474,996.2555575900608,1002.0859985351562,794.3526631673177,787.9309979248047,986.5278985482289,480.0,1133.0,True,True,True,True,False,True,True,True,False,40.01133880678083,noise,75.23244897696729,False,False,False,False,,Pharmaceuticals & Biotechnology,Pharmaceuticals,86.27167630057804,True,False
ORIANA.NS,2026-09-11,1227.25,1247.4874877929688,1321.2166714138455,1366.65400390625,1689.962998860677,1793.0554986572265,1237.174143633323,1174.949951171875,3064.0,False,False,False,False,False,False,False,False,False,-53.55635782408146,noise,76.39171068671273,False,False,False,False,,Electrical Equipment,Other Electrical Equipment,6.213872832369942,False,False
ORICONENT.NS,2026-09-15,51.310001373291016,53.340000788370766,54.12527815500895,54.86460021972656,60.6337334950765,60.65575010299683,52.77419847411406,48.810001373291016,73.12000274658203,False,False,False,False,False,False,False,False,False,-9.106789955977924,noise,25.229902700105445,False,False,False,True,,Industrial Products,Packaging,53.99807321772639,False,False
ORIENTBELL.NS,2026-09-15,390.45001220703125,400.45833587646484,359.2972251044379,347.1622381591797,318.74243509928385,308.23253890991214,399.71336040516735,245.77001941542372,424.95001220703125,True,True,True,True,True,True,True,False,False,27.50297872815384,red,185.20894520012428,False,False,False,False,,Consumer Durables,Ceramics,82.08092485549133,True,True
ORIENTCEM.NS,2026-09-15,121.9800033569336,127.31833203633626,132.0255552927653,133.3413999938965,138.41936564127604,145.02627151489258,126.4931562140925,121.19999694824219,236.37657618219657,False,False,False,False,False,False,False,False,False,-45.10630515021074,red,178.17976083162054,False,False,False,True,,Cement & Cement Products,Cement & Cement Products,11.801541425818883,False,False
ORIENTCER.NS,2026-09-15,44.790000915527344,45.114166259765625,43.31666670905219,42.80700004577637,40.83206672668457,41.6604999923706,45.25777276504182,34.0,56.63999938964844,True,False,True,True,True,True,True,False,False,16.10623553978523,noise,97.89411162512194,False,False,False,False,,Industrial Products,Electrodes & Refractories,76.25240847784201,True,False
ORIENTELEC.NS,2026-09-15,169.1699981689453,176.73583348592123,179.9966663784451,178.31545532226562,177.57669169108073,176.86016174316407,175.58195540105686,148.40382189942517,215.64378647408492,False,True,False,True,False,False,True,False,False,-16.253247939289317,dry,16.312269463204686,False,False,False,False,,Consumer Durables,Household Appliances,45.23121387283237,False,False
GREENPOWER.NS,2026-09-15,9.09000015258789,9.264999945958456,9.57249993748135,9.731799964904786,10.294266681671143,10.558700017929077,9.283575237086021,7.980000019073486,14.930000305175781,False,False,False,False,False,False,False,False,False,-34.60431365429758,red,100.80985964797802,False,False,False,False,,Power,Power Generation,22.013487475915223,False,False
ORIENTPPR.NS,2026-09-15,16.690000534057617,17.43916670481364,17.57472218407525,17.39519992828369,17.67480000813802,18.7818000125885,17.5122079347682,13.25,28.959999084472656,False,False,False,False,False,False,False,False,False,-41.356285766138946,red,109.23132285650279,False,False,False,False,,"Paper, Forest & Jute Products",Paper & Paper Products,15.221579961464354,False,False
ORIENTLTD.NS,2026-09-15,82.9000015258789,82.1858336130778,81.19805569118924,78.26899993896484,68.39246655782064,69.6822498703003,82.18751105929634,53.720001220703125,102.30000305175781,True,False,False,True,True,True,True,True,False,-6.33826739910921,dry,0.5873993902324409,False,True,False,False,,Industrial Products,Packaging,57.46628131021194,False,False
ORIENTTECH.NS,2026-09-15,242.27999877929688,238.43999989827475,250.43083318074545,253.97060028076172,267.6697344970703,285.69432342529296,239.80322188661052,220.8000030517578,466.7272644042969,False,False,False,False,False,False,False,True,False,-15.967837368392646,noise,34.6801870989716,False,True,False,False,,IT - Services,IT Enabled Services,45.616570327552985,False,False
OAL.NS,2026-09-15,510.95001220703125,495.50833384195965,409.4710057576497,391.808525390625,326.5274835205078,316.82673080444334,498.3434466895276,227.70043330477768,559.7999877929688,True,True,False,True,True,True,True,True,False,52.40458902953049,red,122.37524059086797,False,False,False,False,,Chemicals & Petrochemicals,Specialty Chemicals,89.98073217726397,True,False
ORIENTHOT.NS,2026-09-15,138.97999572753906,139.84416580200195,134.97027693854437,134.5272428894043,113.24308771769206,111.68719299316406,139.68092147053068,79.61620663529307,148.08615521805814,True,True,False,True,True,True,True,False,False,-1.7241712306736656,noise,52.795522994527,False,True,False,False,,Leisure Services,Hotels & Resorts,62.42774566473989,False,False
ORIRAIL.NS,2026-09-15,,,,,,,,,,False,False,False,False,False,False,False,False,False,,noise,,False,True,False,False,,Industrial Products,Other Industrial Products,,False,False
ORIENTALTL.NS,2026-09-15,5.019999980926514,5.070000052452087,5.1155555910534325,5.213600015640258,6.021333338419597,6.526749999523163,5.080557640122889,4.400000095367432,11.989999771118164,False,False,False,False,False,False,False,False,False,-52.19047637212844,red,105.29681985397097,False,False,False,False,,Consumer Durables,Granites & Marbles,6.791907514450866,False,False
ORISSAMINE.NS,2026-09-15,3877.89990234375,4234.625020345052,4346.716688368056,4181.360009765625,4051.5306705729167,4227.24400390625,4158.343499506345,3100.5,6138.89990234375,False,False,False,False,False,False,False,False,False,-20.632421155469704,noise,34.63019063892286,False,False,False,False,,Minerals & Mining,Industrial Minerals,40.028901734104046,False,False
ORKLAINDIA.NS,2026-09-15,,,,,,,,,,False,False,False,False,False,False,False,False,False,,noise,35.63192955098681,False,True,False,False,,Food Products,Other Food Products,,False,False
ORTINGLOBE.NS,2026-09-15,16.6200008392334,15.731666803359985,15.43611118528578,15.557600059509276,15.810400015513101,15.191050019264221,16.040666752219543,10.65999984741211,21.299999237060547,True,True,True,False,True,True,True,True,False,35.56281018723286,red,105.69320789776468,False,False,False,False,,Pharmaceuticals & Biotechnology,Pharmaceuticals,84.82658959537572,True,False
OSIAHYPER.NS,2026-09-15,2.4200000762939453,2.4691666960716248,2.6747222476535373,2.7950000190734863,4.7571333297093705,7.458499969244003,2.47573937025091,2.319999933242798,33.08000183105469,False,False,False,False,False,False,False,False,False,-91.07011054528,red,126.1183119952358,False,False,False,True,,Retailing,Diversified Retail,0.09633911368015415,False,False
OSWALAGRO.NS,2026-09-15,34.25,36.30250040690104,37.585555712381996,38.3316000366211,43.31273345947265,46.431050090789796,35.817430088865414,33.400001525878906,81.0,False,False,False,False,False,False,False,False,False,-55.94288533424041,noise,38.316156630092586,False,False,False,False,,Commercial Services & Supplies,Trading & Distributors,5.346820809248555,False,False
OSWALGREEN.NS,2026-09-15,19.59000015258789,20.22500006357829,20.87777778837416,21.154999961853026,24.118199984232586,25.949899978637696,20.126418320602347,19.5,43.790000915527344,False,False,False,False,False,False,False,False,False,-51.31709906694443,noise,54.67156223024878,False,False,False,True,,Finance,Investment Company,7.610789980732177,False,False
OSWALPUMPS.NS,2026-09-15,275.45001220703125,282.4749984741211,303.70694563123914,328.7310009765625,356.3060001627604,387.0717498779297,282.17665112431956,272.04998779296875,840.0,False,False,False,False,False,False,False,False,False,-66.01270799454724,noise,56.456564982018556,False,False,False,False,,Industrial Products,"Compressors, Pumps & Diesel Engines",2.119460500963391,False,False
OWAIS.NS,2026-09-11,76.55000305175781,79.23333358764648,82.84722179836697,88.65099975585937,127.43299952189128,162.98249950408936,78.30738778473,58.099998474121094,580.0,False,False,False,False,False,True,False,False,False,-85.06195702443824,noise,60.20439137913589,False,False,False,False,,Ferrous Metals,Ferro & Silica Manganese,0.24084778420038533,False,False
PGHL.NS,2026-09-15,5408.0,5612.25,5948.370795355902,6141.58638671875,5617.1485416666665,5558.925,5556.071212704955,4670.26488000687,6920.564352013024,False,True,False,True,False,False,True,False,False,-13.29155158994163,noise,60.39739922941849,False,True,False,False,,Pharmaceuticals & Biotechnology,Pharmaceuticals,49.18111753371869,False,False
PGHH.NS,2026-09-15,7507.0,7714.929524739583,8154.347466362848,8338.26861328125,9396.550104166667,10105.457021484375,7673.733836770034,7475.0,14166.08056390996,False,False,False,False,False,False,False,False,False,-42.211781262051474,noise,71.72300399144088,False,False,False,True,,Personal Products,Personal Care,14.258188824662813,False,False
PIIND.NS,2026-09-15,2255.0,2380.258341471354,2542.86910671658,2566.6487841796875,2800.836446940104,2908.500382080078,2363.421607333537,2191.0,3812.9263498994665,False,False,False,False,False,False,False,False,False,-38.75134703894134,red,112.05085281598855,False,True,False,True,,Fertilizers & Agrochemicals,Pesticides & Agrochemicals,17.77456647398844,False,False
PNGJL.NS,2026-09-15,611.5999755859375,604.5541687011719,623.495836046007,617.1469995117187,592.5966662597656,593.1089993286133,609.7130838800642,503.0,736.4000244140625,True,False,False,True,False,False,True,True,False,3.145284255832781,noise,97.28688502677768,False,True,False,False,,Consumer Durables,"Gems, Jewellery And Watches",66.85934489402698,False,False
PROPEQUITY.NS,2026-09-11,198.5,212.5,216.90555487738715,221.09599914550782,211.60899912516277,204.88549934387208,212.73150028965597,145.0,268.0,False,True,True,True,False,True,False,False,False,1.8471042669337745,red,633.8028169014085,False,False,False,False,,Realty,Real Estate related services,65.99229287090559,False,False
PACEDIGITK.NS,2026-09-15,,,,,,,,,,False,False,False,False,False,False,False,False,False,,noise,56.33839230393798,False,False,False,False,,Telecom - Services,Telecom - Infrastructure,,False,False
PACIFICI.NS,2026-09-15,,,,,,,,,,False,False,False,False,False,False,False,False,False,,noise,,False,False,False,False,,Consumer Durables,Granites & Marbles,,False,False
PAGEIND.NS,2026-09-15,34580.0,35721.25,37167.219835069445,38002.9278125,36540.278294270836,36177.195341796876,35544.60381612539,29525.273567492757,45150.8475731383,False,True,False,True,False,False,True,False,False,-20.886664763712215,noise,43.1034192845848,False,False,False,False,,Textiles & Apparels,Garments & Apparels,39.64354527938343,False,False
PAISALO.NS,2026-09-15,84.47000122070312,75.06312370300293,71.38043149312337,71.5174513244629,54.20947146097819,49.51772190093994,78.32410361569802,29.963878249866504,85.25,True,True,True,True,True,True,True,True,False,122.89420064289445,ppv,98.10864674026229,False,False,True,False,,Finance,Non Banking Financial Company (NBFC),97.0616570327553,True,True
PAKKA.NS,2026-09-15,74.8499984741211,76.3674996693929,76.54194407992892,75.58599975585938,84.01593332926433,88.4476000213623,76.70837556470646,69.0999984741211,178.83999633789062,False,False,False,False,False,False,False,False,False,-52.50935969528505,noise,99.37028599083223,False,False,False,False,,"Paper, Forest & Jute Products",Paper & Paper Products,6.59922928709056,False,False
PALASHSECU.NS,2026-09-15,88.72000122070312,88.94749959309895,89.0402774810791,89.56419982910157,92.60819981892904,95.65884986877441,88.53166228056736,79.01000213623047,132.6999969482422,False,False,False,False,False,False,False,True,False,-26.287802616484235,noise,66.65406495283358,False,False,False,False,,Food Products,Packaged Foods,32.273603082851636,False,False
PALREDTEC.NS,2026-09-15,49.810001373291016,53.04833380381266,51.11861122979058,51.4744002532959,43.92366677602132,43.197800073623654,52.503213173303614,27.450000762939453,73.5999984741211,True,True,False,True,False,True,False,False,False,-0.06019016694428503,red,108.48323285882073,False,False,False,False,,IT - Services,IT Enabled Services,64.21001926782274,False,False
PANACEABIO.NS,2026-09-15,375.75,387.68749745686847,403.32083468967016,436.19500061035154,413.2736657714844,402.33824920654297,388.7185393348177,292.3999938964844,647.0,False,True,False,True,False,False,False,False,False,-11.650597040950094,red,164.59385917673134,False,False,False,False,,Pharmaceuticals & Biotechnology,Pharmaceuticals,51.05973025048169,False,False
PANACHE.NS,2026-09-15,529.0,523.5083312988281,495.4958326551649,478.6229998779297,389.52933308919273,373.4957498931885,523.3740284653002,237.6999969482422,559.4000244140625,True,True,True,True,True,True,True,True,False,107.46725580985074,ppv,94.10123854212135,False,False,False,False,,IT - Services,IT Enabled Services,96.19460500963392,True,True
PANAMAPET.NS,2026-09-15,450.75,481.81666564941406,479.83882480197485,468.1933782958984,363.1254443359375,344.5275588989258,480.02233348969554,227.57646060004578,595.8726432274872,True,True,True,True,False,True,True,False,False,50.28812851893374,noise,68.12478367315666,False,False,False,False,,Petroleum Products,Lubricants,89.45086705202311,True,False
PANCHMAHQ.NS,2026-09-15,,,,,,,,,,False,False,False,False,False,False,False,False,False,,noise,,False,False,False,False,,Industrial Products,Iron & Steel Products,,False,False
PANORAMA.NS,2026-09-15,,,,,,,,,,False,False,False,False,False,False,False,False,False,,noise,,False,False,False,False,,Entertainment,"Film Production, Distribution & Exhibition",,False,False
PANSARI.NS,2026-09-15,282.1499938964844,296.08333079020184,316.17916785346137,327.9240008544922,301.33899973551434,301.52199974060056,293.0538271928811,233.3000030517578,388.8999938964844,False,False,False,True,False,False,False,False,False,7.8348941250540705,dry,1.4575856588520766,False,False,False,False,,Realty,"Residential, Commercial Projects",70.56840077071291,True,False
PAR.NS,2026-09-15,133.8800048828125,136.61000061035156,111.95694478352864,107.25960021972656,96.3965997314453,96.13889976501464,136.4815154285368,78.05000305175781,180.0,True,True,False,True,True,True,False,False,False,23.848294886759945,noise,29.27456255183161,False,False,False,False,,Pharmaceuticals & Biotechnology,Pharmaceuticals,80.78034682080924,True,False
PARADEEP.NS,2026-09-15,149.33999633789062,156.79185485839844,150.20291646321616,147.14075897216796,130.60324493408203,134.89177211761475,155.1326273075267,98.72591600991848,200.0165475038783,True,False,False,True,True,True,False,False,False,-16.691456554140384,noise,24.924839574939792,False,False,False,False,,Fertilizers & Agrochemicals,Fertilizers,44.701348747591524,False,False
PARAGMILK.NS,2026-09-15,252.14999389648438,254.46833292643228,233.11666615804037,230.61699981689452,221.1356669108073,237.25775047302247,254.46982257032994,177.83999633789062,376.95001220703125,True,False,False,False,True,True,False,False,False,-8.765992132793777,red,155.89547244378213,False,False,False,False,,Food Products,Dairy Products,54.76878612716764,False,False
PARAGON.NS,2026-09-11,53.849998474121094,51.77499961853027,49.93888886769613,49.675,46.735000127156574,45.48375,53.820318044659025,34.099998474121094,64.9000015258789,True,True,False,True,True,True,True,True,False,-3.4946250709701143,red,241.54589371980677,False,False,False,False,,Chemicals & Petrochemicals,Dyes And Pigments,60.78998073217726,False,False
PARACABLES.NS,2026-09-15,61.310001373291016,64.84250100453694,64.47277800242107,64.67240005493164,53.5889333597819,49.30505002975464,64.53623347008734,28.299999237060547,75.69999694824219,True,True,True,True,False,True,True,False,False,29.92160024897792,red,106.01317827979209,False,False,False,False,,Industrial Products,Cables - Electricals,83.09248554913295,True,False
PARAS.NS,2026-09-15,1339.199951171875,1429.0083312988281,1369.865949842665,1331.3861279296875,994.0072534179687,913.4561703491211,1425.0506174367526,580.1009628646058,1583.9105379095645,True,True,True,True,True,True,True,False,False,104.91147970945588,noise,87.51254564552485,False,False,False,False,,Aerospace & Defense,Aerospace & Defense,96.05009633911368,True,True
PARASPETRO.NS,2026-09-15,2.1500000953674316,2.159166713555654,2.3000000251664057,2.2242000102996826,2.1974666595458983,2.142199993133545,2.165073109789173,1.5299999713897705,3.2300000190734863,False,True,True,True,False,True,False,False,False,-12.244895774590326,noise,46.53423557307767,False,False,False,False,,Finance,Investment Company,50.38535645472062,False,False
PARIN.NS,2026-09-11,687.0999755859375,710.6041615804037,712.9111124674479,713.472001953125,685.1576668294271,663.2092517089844,707.246003364867,440.0,748.0,True,True,True,True,False,True,True,False,False,46.73784849672984,red,273.6318407960199,False,False,False,False,,Consumer Durables,"Furniture, Home Furnishing",88.48747591522158,True,False
PARKHOSPS.NS,2026-09-15,,,,,,,,,,False,False,False,False,False,False,False,False,False,,noise,73.40294683832082,False,False,False,False,,Healthcare Services,Hospital,,False,False
PARNAXLAB.NS,2026-09-15,,,,,,,,,,False,False,False,False,False,False,False,False,False,,noise,,False,False,False,False,,Pharmaceuticals & Biotechnology,Pharmaceuticals,,False,False
PARSVNATH.NS,2026-09-15,1.75,1.5758333404858906,1.6063888867696126,1.7840000009536743,4.577000013987223,6.076750016212463,1.6269184504398109,1.350000023841858,18.75,False,False,False,False,False,False,False,True,False,-87.97250874873278,dry,9.960861754251429,False,False,False,False,,Realty,"Residential, Commercial Projects",0.1926782273603083,False,False
PARTYCRUS.NS,2026-09-11,99.94999694824219,85.52499961853027,85.36805555555556,85.70300003051757,88.25199996948243,87.08349994659424,87.93213800800271,63.04999923706055,113.8499984741211,True,True,True,False,True,True,True,True,True,26.518983478787582,ppv,553.6912751677852,True,False,False,False,,Other Consumer Services,Other Consumer Services,81.69556840077071,True,False
PASHUPATI.NS,2026-09-15,80.04000091552734,82.15999921162923,84.3369443681505,85.19379989624024,90.24063323974609,87.97562492370605,81.66424940322136,67.0523856248698,118.3499984741211,False,True,False,False,False,False,False,False,False,18.749944111363902,noise,96.10051007962818,False,False,False,False,,Textiles & Apparels,Other Textile Products,77.60115606936417,True,False
PASUPTAC.NS,2026-09-15,70.4800033569336,65.6700013478597,62.31916724310981,61.59480033874512,56.77446670532227,55.3919499206543,66.73853370785058,40.40999984741211,78.94999694824219,True,True,True,True,True,True,True,True,False,54.42595157641279,ppv,803.0347943474833,False,False,False,False,,Chemicals & Petrochemicals,Petrochemicals,90.46242774566474,True,True
PATANJALI.NS,2026-09-15,338.54998779296875,342.7374979654948,348.3551474677192,354.0036114501953,425.3544704182943,451.9927067565918,341.9566257770839,326.057353105007,606.7970321970149,False,False,False,False,False,False,False,False,False,-42.117282460684116,noise,48.507384398460225,False,False,False,False,,Agricultural Food & other Products,Edible Oil,14.402697495183045,False,False
PATELENG.NS,2026-09-15,26.079999923706055,27.33750041325887,28.020000139872234,28.810400047302245,28.083533299763996,28.492571048736572,27.040482394952658,22.0,42.77000045776367,False,False,False,True,False,False,False,False,False,-30.49040616866635,noise,53.935731185726276,False,False,False,False,,Construction,Civil Construction,26.300578034682083,False,False
PATINTLOG.NS,2026-09-15,13.140000343322754,13.160000006357828,13.69166668256124,14.094200019836427,12.640266653696695,12.815299983024596,13.2130440464329,8.010000228881836,16.899999618530273,True,False,False,True,False,True,True,False,False,-7.983189152421932,noise,35.974206764232804,False,False,False,False,,Transport Services,Logistics Solution Provider,55.73217726396918,False,False
PATELRMART.NS,2026-09-15,207.44000244140625,218.03083292643228,223.3894445631239,222.73800018310547,203.7396666463216,203.74819984436036,215.64564080214626,150.25,266.0,True,False,False,True,False,True,True,False,False,-19.393822606724065,noise,54.43175043795965,False,False,False,False,,Retailing,Diversified Retail,41.61849710982659,False,False
PML.NS,2026-09-15,,,,,,,,,,False,False,False,False,False,False,False,False,False,,noise,,False,False,False,False,,Finance,Other Financial Services,,False,False
PAUSHAKLTD.NS,2026-09-15,,,,,,,,,,False,False,False,False,False,False,False,False,False,,noise,41.74605286289192,False,False,False,False,,Chemicals & Petrochemicals,Specialty Chemicals,,False,False
PAVNAIND.NS,2026-09-15,15.319999694824219,16.476666688919067,17.71638888782925,17.45540002822876,18.531600081125895,19.678950047492982,16.04474182152402,14.109999656677246,43.79999923706055,False,False,False,False,False,False,False,False,False,-55.27007388372491,green,228.00878355141373,False,False,False,False,,Auto Components,Auto Components & Equipments,5.5876685934489405,False,False
POLICYBZR.NS,2026-09-15,1736.0,1822.566670735677,1729.5416632758247,1685.9399951171874,1614.8420003255208,1651.789503173828,1800.403484675417,1364.0,1964.199951171875,True,False,False,True,True,False,True,False,False,-5.1055003371379915,noise,53.712741342074196,False,False,False,False,,Financial Technology (Fintech),Financial Technology (Fintech),58.86319845857418,False,False
PBMPOLY.NS,2026-09-11,,,,,,,,,,False,False,False,False,False,False,False,False,False,,noise,,False,False,False,False,,Textiles & Apparels,Other Textile Products,,False,False
PCJEWELLER.NS,2026-09-15,12.890000343322754,12.212500015894571,10.649722284740871,10.42060001373291,9.532399991353353,9.709099974632263,12.704824793895853,7.46999979019165,15.380000114440918,True,False,False,True,True,True,True,True,False,-1.8278733360725719,red,110.92892289052479,False,False,False,False,,Consumer Durables,"Gems, Jewellery And Watches",62.09055876685935,False,False
PCBL.NS,2026-09-15,314.04998779296875,322.4874954223633,322.1740976969401,319.7999914550781,296.1352168782552,294.6835134887695,323.9057568626335,223.3811204499978,413.2299507534673,True,True,False,True,False,True,True,False,False,-17.41910622714855,noise,42.24256006084063,False,False,False,False,,Chemicals & Petrochemicals,Carbon Black,43.59344894026975,False,False
PDSL.NS,2026-09-15,334.25,354.25417073567706,360.53055487738715,360.48481323242186,321.7047856648763,328.9449515533447,350.08762169022043,244.91119284506286,416.5630259242535,True,False,False,True,False,True,True,False,False,1.0985172739787608,noise,20.01118634579201,False,False,False,False,,Textiles & Apparels,Trading - Textile Products,65.26974951830444,False,False
PGIL.NS,2026-09-15,1141.4000244140625,1168.0625,1148.5555555555557,1108.4259997558593,906.0809261067708,877.4138827514648,1164.863955802395,594.6745299041222,1269.800048828125,True,True,True,True,True,True,True,False,False,72.19221606056962,noise,30.65136123650979,False,False,False,False,,Textiles & Apparels,Garments & Apparels,93.20809248554913,True,True
PEARLPOLY.NS,2026-09-15,15.850000381469727,15.394166707992554,16.179444551467896,16.59600008010864,17.86533338546753,18.855250039100646,15.57117955815006,12.75,33.79999923706055,False,False,False,False,False,False,False,True,False,-51.69155831132509,green,286.0668080510245,False,False,False,False,,Consumer Durables,Plastic Products - Consumer,7.1772639691714835,False,False
PENINLAND.NS,2026-09-15,14.979999542236328,15.968333085378012,15.911388953526815,16.350200023651123,16.86913330713908,18.756150012016295,15.674550776341288,13.819999694824219,37.97999954223633,False,False,False,False,False,False,False,False,False,-57.15102993555388,noise,92.43748297405048,False,False,False,False,,Realty,"Residential, Commercial Projects",4.8169556840077075,False,False
PENIND.NS,2026-09-15,167.3000030517578,170.9375,164.33083216349283,165.54979888916014,160.50046610514323,168.25049949645995,171.59584279050242,129.10000610351562,279.8999938964844,False,False,False,False,True,False,False,False,False,-31.969744511455357,noise,70.94471763421375,False,False,False,False,,Industrial Manufacturing,Industrial Products,24.61464354527938,False,False
PENTAGON.NS,2026-09-11,93.0,71.5416669845581,59.05416700575087,57.71100036621094,61.59733319600423,64.0239999961853,80.37379669578691,49.150001525878906,100.0999984741211,True,False,False,False,True,True,True,True,False,77.82027028042255,noise,28.011204481792717,False,True,False,False,,Industrial Products,Rubber,93.78612716763006,True,False
PERMAGN.NS,2026-09-15,,,,,,,,,,False,False,False,False,False,False,False,False,False,,noise,,False,False,False,False,,Electrical Equipment,Other Electrical Equipment,,False,False
PERSISTENT.NS,2026-09-15,5477.5,5606.791666666667,5558.2805582682295,5414.804873046875,5116.410846354167,5395.911145019531,5548.817696855001,4229.809203861739,6552.654707500795,True,False,False,True,True,False,True,False,False,1.9449467915920726,red,138.58383544311573,False,False,False,False,,IT - Software,Computers - Software & Consulting,66.13680154142581,False,False
PCCL.NS,2026-09-11,434.0,419.08333587646484,345.1291681925456,319.09200164794925,276.31133422851565,259.0872506713867,419.9770933323514,168.39999389648438,451.04998779296875,True,True,True,True,True,True,True,True,False,128.30088693614923,noise,65.93406593406593,False,False,False,False,,Minerals & Mining,Industrial Minerals,97.39884393063583,True,True
PETRONET.NS,2026-09-15,283.95001220703125,289.5166702270508,285.0375010172526,282.5610003662109,278.5662949625651,278.3488265991211,287.7282715237756,232.6659092397909,322.6775170144611,True,True,True,True,True,False,True,False,False,5.693372383969542,noise,61.37398833919495,False,False,False,False,,Gas,LPG/CNG/PNG/LNG Supplier,69.07514450867052,False,False
PFIZER.NS,2026-09-15,4041.60009765625,4446.200012207031,4715.941684299045,4678.305883789062,4667.109246419271,4700.634788818359,4328.365678224333,4026.199951171875,5489.439888599995,False,False,False,False,False,False,False,False,False,-20.101723327260746,noise,69.49692843586503,False,False,False,True,,Pharmaceuticals & Biotechnology,Pharmaceuticals,40.7514450867052,False,False
PGEL.NS,2026-09-15,518.0,556.6416676839193,589.3194461398655,590.2900036621094,550.9636686197916,556.335001373291,550.5504540757461,436.54998779296875,644.4000244140625,False,False,False,True,False,False,True,False,False,-9.066799469588327,noise,44.49855705262333,False,False,False,False,,Consumer Durables,Consumer Electronics,54.190751445086704,False,False
PHANTOMFX.NS,2026-09-11,112.3499984741211,116.67499923706055,139.62777688768176,152.03199935913085,179.92433354695638,194.0540002822876,116.95112445314867,106.25,311.0,False,False,False,False,False,False,False,False,False,-55.5313670341298,red,163.2744352493849,False,False,False,True,,Entertainment,Media & Entertainment,5.539499036608863,False,False
PHOENXINTL.NS,2026-09-15,,,,,,,,,,False,False,False,False,False,False,False,False,False,,noise,,False,False,False,True,,Commercial Services & Supplies,Diversified Commercial Services,,False,False
PHOENIXLTD.NS,2026-09-15,1833.5999755859375,1899.6116434733074,1916.1324259440105,1962.2935864257813,1813.9589624023438,1807.7527935791015,1888.9515746087327,1463.661338687736,2166.9299087704976,True,True,True,True,False,False,True,False,False,17.792442184400592,noise,63.30793508094037,False,True,False,False,,Realty,"Residential, Commercial Projects",77.16763005780348,True,False
PWL.NS,2026-09-15,,,,,,,,,,False,False,False,False,False,False,False,False,False,,noise,51.838114208757865,False,False,False,False,,Other Consumer Services,E-Learning,,False,False
PICCADIL.NS,2026-09-15,585.6500244140625,616.1000010172526,683.2930552164713,691.61,616.505,607.1464993286132,612.8035676369436,515.0,809.7000122070312,False,True,False,True,False,False,False,False,False,-17.953203358147853,noise,35.52195003009667,False,False,False,False,,Beverages,Breweries & Distilleries,43.01541425818882,False,False
PIDILITIND.NS,2026-09-15,1521.0999755859375,1605.2083333333333,1639.4055582682292,1619.9185083007812,1497.8647908528646,1487.57431640625,1585.8838602276128,1249.9992446237347,1707.5,True,True,True,True,False,False,True,False,False,-0.48050417637867104,noise,48.29532150793437,False,False,False,False,,Chemicals & Petrochemicals,Specialty Chemicals,63.631984585741804,False,False
PILITA.NS,2026-09-15,7.730000019073486,7.919166644414266,8.24250000052982,8.446599988937377,8.220399990081788,8.63944999217987,7.888863702448336,6.199999809265137,15.899999618530273,False,False,False,False,False,False,False,False,False,-46.468142356633656,noise,27.011671950959244,False,False,False,False,,Consumer Durables,Plastic Products - Consumer,10.645472061657033,False,False
PILANIINVS.NS,2026-09-15,4081.800048828125,4278.524963378906,4334.874979654948,4348.163989257812,4462.071746419271,4594.631795654297,4234.580682635109,4021.300048828125,5967.811511439587,False,False,False,False,False,False,False,False,False,-21.289033811476177,red,119.79283287415181,False,False,False,True,,Finance,Investment Company,38.96917148362235,False,False
PINELABS.NS,2026-09-15,,,,,,,,,,False,False,False,False,False,False,False,False,False,,red,233.98412521017798,False,True,False,False,,Financial Technology (Fintech),Financial Technology (Fintech),,False,False
PIONEEREMB.NS,2026-09-15,20.889999389648438,21.291666666666668,22.567222277323406,22.625000076293944,24.475266761779785,25.363600072860716,21.10771866761801,19.610000610351562,39.20000076293945,False,False,False,False,False,False,False,False,False,-44.12944709640216,dry,16.56954345858362,False,True,False,False,,Textiles & Apparels,Other Textile Products,12.620423892100193,False,False
PIONRINV.NS,2026-09-11,,,,,,,,,,False,False,False,False,False,False,False,False,False,,noise,,False,True,False,False,,Finance,Other Financial Services,,False,False
PIRAMALFIN.NS,2026-09-15,,,,,,,,,,False,False,False,False,False,False,False,False,False,,noise,75.66819864510865,False,False,False,False,,Finance,Housing Finance Company,,False,False
PPLPHARMA.NS,2026-09-15,203.47000122070312,214.6374994913737,208.3191663953993,199.25799987792968,173.2670659383138,172.3740495300293,212.72839971139823,132.3000030517578,231.92999267578125,True,True,True,True,True,True,True,False,False,1.6536758083704806,noise,51.05232805622413,False,False,False,False,,Pharmaceuticals & Biotechnology,Pharmaceuticals,65.79961464354528,False,False
PITTIENG.NS,2026-09-15,1109.300048828125,1123.5362243652344,1038.6444363064236,1011.44716796875,937.189042154948,902.2790878295898,1128.4405365242897,673.5594125870612,1197.3392312853555,True,True,True,True,True,True,True,False,False,22.635488949273608,red,104.0331372997024,False,False,False,False,,Industrial Manufacturing,Industrial Products,80.20231213872833,True,True
PIXTRANS.NS,2026-09-15,1734.0,1776.7833353678386,1795.6638895670574,1800.4678295898439,1617.834716796875,1558.8850817871094,1758.5769841048912,1245.9203610210297,2089.0,True,True,True,True,False,True,True,False,False,21.731261260520096,noise,25.98008207061855,False,False,False,False,,Industrial Products,Rubber,79.67244701348748,True,False
PLASTIBLEN.NS,2026-09-15,185.17999267578125,188.83666483561197,189.88016255696616,189.30622772216796,166.89938451131184,164.48117725372313,189.64402103447893,119.18729085056164,213.0321173797698,True,True,True,True,False,True,True,False,False,-4.075547261815659,noise,24.92441646798633,False,False,False,False,,Chemicals & Petrochemicals,Specialty Chemicals,60.067437379576106,False,False
PLATIND.NS,2026-09-15,218.8800048828125,228.5466651916504,224.20444446139865,225.58100067138673,223.6967333984375,228.3808999633789,224.80330316071155,183.5,342.3999938964844,False,False,False,False,False,False,False,False,False,-20.73872543163615,noise,53.54765009921818,False,False,False,False,,Chemicals & Petrochemicals,Specialty Chemicals,39.884393063583815,False,False
PLAZACABLE.NS,2026-09-15,61.380001068115234,58.97916634877523,51.88083351982964,49.5816000366211,44.63980007171631,43.47780005455017,59.54278390277976,27.0,66.0,True,True,True,True,True,True,True,True,False,9.744324572147578,red,284.73063981531317,False,False,False,False,,Industrial Products,Cables - Electricals,72.25433526011561,True,True
PNBGILTS.NS,2026-09-15,76.29000091552734,78.97333335876465,80.59555583530002,82.5681999206543,79.35033320109049,79.68574974060058,79.19795498191432,58.599998474121094,106.0,False,False,False,True,False,True,False,False,False,-23.831870880424177,red,131.56441026374966,False,False,False,False,,Finance,Investment Company,35.69364161849711,False,False
PNBHOUSING.NS,2026-09-15,1145.0,1159.4249979654949,1136.6054246690537,1122.5499487304687,993.6932743326823,972.307633972168,1160.386624811569,723.9501950006703,1211.5,True,True,True,True,True,True,True,False,False,42.049086974520144,noise,33.997623730447415,False,False,False,False,,Finance,Housing Finance Company,86.9942196531792,True,True
PNCINFRA.NS,2026-09-15,140.32000732421875,180.5533332824707,210.65805519951715,219.44859954833984,211.81826649983725,219.14259963989258,175.88813067584414,140.32000732421875,324.36408636405883,False,False,False,True,False,False,False,False,False,-53.69830061505252,red,719.727990691749,False,False,False,True,,Construction,Civil Construction,6.069364161849711,False,False
PNGSREVA.NS,2026-09-15,,,,,,,,,,False,False,False,False,False,False,False,False,False,,noise,51.64350970095858,False,False,False,False,,Consumer Durables,"Gems, Jewellery And Watches",,False,False
POEL.NS,2026-09-15,,,,,,,,,,False,False,False,False,False,False,False,False,False,,noise,,False,False,False,True,,Chemicals & Petrochemicals,Commodity Chemicals,,False,False
PODDARMENT.NS,2026-09-15,270.1000061035156,266.2650947570801,257.3471387227376,252.60996368408203,244.48758911132813,246.596932220459,272.7175894434445,198.4132996388349,328.94576134835404,True,False,False,True,True,True,True,False,False,-1.0099059024271773,red,144.81385035837673,False,False,False,False,,Chemicals & Petrochemicals,Dyes And Pigments,63.19845857418112,False,False
POKARNA.NS,2026-09-15,758.25,818.6583353678385,894.1055569118923,921.8889794921874,914.1173453776041,892.0061373901367,807.495727456173,692.1703608780139,1145.4889587311654,False,True,False,True,False,False,False,False,False,-11.540091598878943,noise,95.16012473798394,False,False,False,False,,Consumer Durables,Granites & Marbles,51.20423892100193,False,False
POLYMED.NS,2026-09-15,1704.5999755859375,1737.4999898274739,1735.5513339572483,1717.0097729492188,1529.6102408854167,1577.9101696777343,1730.519361532675,1179.584393160086,2103.492450651864,True,False,False,True,False,True,True,False,False,-15.38471699767564,noise,31.875359589767154,False,False,False,False,,Healthcare Equipment & Supplies,Medical Equipment & Supplies,46.38728323699422,False,False
POLYCAB.NS,2026-09-15,8143.5,8589.25,8957.0,9006.67,8655.474007161458,8325.966789550781,8453.925109940517,6631.534745548168,10126.0,False,True,True,True,False,False,True,False,False,12.787090653757005,noise,83.75135640880295,False,False,False,False,,Industrial Products,Cables - Electricals,74.32562620423893,True,False
POLYPLEX.NS,2026-09-15,1093.800048828125,1160.9083251953125,1157.02638414171,1131.4569995117188,967.2903340657552,932.8840014648438,1146.266737581553,740.0,1264.0,True,True,True,True,False,True,True,False,False,7.236139510466688,noise,43.784587931582244,False,False,False,False,,Industrial Products,Packaging,70.03853564547207,True,False
POLYSIL.NS,2026-09-11,81.1500015258789,68.95000076293945,77.21250036027696,88.7460001373291,138.86766634623208,173.27549966812134,74.08621804203312,47.25,356.75,False,False,False,False,False,True,False,True,False,-57.32316374932091,red,564.2221898235895,False,False,False,False,,Industrial Products,Plastic Products - Industrial,4.76878612716763,False,False
POLYSPIN.NS,2026-09-15,,,,,,,,,,False,False,False,False,False,False,False,False,False,,noise,,False,False,False,False,,Industrial Products,Packaging,,False,False
POCL.NS,2026-09-15,435.29998779296875,476.44583384195965,496.97222306993274,514.8003997802734,504.12386617024737,512.3324998474121,466.8398089569488,392.20001220703125,647.5999755859375,False,False,False,True,False,False,False,False,False,-15.2981004303411,noise,85.45377770614495,False,False,False,False,,Diversified Metals,Diversified Metals,46.4354527938343,False,False
PONNIERODE.NS,2026-09-15,351.79998779296875,381.7250010172526,357.71805402967664,347.5169989013672,308.92954243977863,298.2351760864258,374.42238265737734,248.27783069557003,455.0,True,True,True,True,True,True,True,False,False,20.39755757948707,noise,36.411460565192925,False,False,False,False,,Agricultural Food & other Products,Sugar,79.14258188824664,True,True
POONAWALLA.NS,2026-09-15,434.6000061035156,457.4375,473.96805572509766,472.8170007324219,438.2840002441406,441.90600021362303,453.59119564791143,361.20001220703125,570.4000244140625,False,False,False,True,False,False,True,False,False,-1.103653650880032,noise,68.83134407915101,False,False,False,False,,Finance,Non Banking Financial Company (NBFC),63.005780346820806,False,False
PVSL.NS,2026-09-15,97.93000030517578,101.8266658782959,107.8652778201633,105.26460006713867,99.99706700642903,104.77975017547607,101.67209902171302,82.41000366210938,163.0,False,False,False,True,False,False,False,False,False,-30.174687839446857,dry,19.62383081487487,False,False,False,False,,Automobiles,Auto Dealer,26.541425818882463,False,False
PIGL.NS,2026-09-15,99.54000091552734,100.71500015258789,104.58833397759332,106.52820053100587,108.34199996948242,111.93210018157959,101.25116212825836,88.05000305175781,189.6999969482422,False,False,False,False,False,False,False,False,False,-34.43356771979762,red,134.9925466776596,False,False,False,False,,Electrical Equipment,Other Electrical Equipment,22.302504816955686,False,False
PFC.NS,2026-09-15,344.0,349.3624979654948,374.8236804538303,381.92832763671873,406.3800372314453,392.521604309082,351.5644466428567,317.6633741663369,476.82888450136187,False,True,False,False,False,False,False,False,False,-8.795553001284784,noise,97.00759201253457,False,False,False,False,,Finance,Financial Institution,54.67244701348748,False,False
POWERGRID.NS,2026-09-15,262.79998779296875,266.05832926432294,271.80416615804035,275.41,291.05066670735675,283.830703048706,266.6815244912169,247.224610170096,324.95001220703125,False,True,False,False,False,False,True,False,False,-5.78075309925471,red,121.05968510122835,False,False,False,False,,Power,Power - Transmission,58.04431599229287,False,False
POWERMECH.NS,2026-09-15,2336.39990234375,2437.0621134440103,2503.176364474826,2526.3637646484376,2403.821349283854,2362.990554199219,2410.3555321086706,1716.6396917096176,3121.8022272575336,False,True,False,True,False,True,False,False,False,-24.10951000052656,noise,61.560502110632264,False,False,False,False,,Construction,Civil Construction,35.35645472061657,False,False
PGINVIT.NS,2026-09-11,101.98999786376953,100.89333407084148,99.74891789754231,98.13475540161133,91.11050994873047,89.32539665222168,101.34628070982441,78.5084871657528,103.5999984741211,True,True,True,True,True,False,True,True,False,26.163924926609837,noise,81.61115392062445,False,False,False,False,,Power,Power - Transmission,81.55105973025049,True,False
POWERICA.NS,2026-09-15,,,,,,,,,,False,False,False,False,False,False,False,False,False,,noise,81.21552407722089,False,False,False,False,,Electrical Equipment,Heavy Electrical Equipment,,False,False
PPAP.NS,2026-09-15,228.0500030517578,251.44933319091797,272.763306511773,279.42052459716797,235.28689239501952,229.67890548706055,247.0103507385765,174.91245522139644,377.15499110074853,False,True,False,True,False,True,False,False,False,8.627490228930924,dry,16.231636198534225,False,False,False,False,,Auto Components,Auto Components & Equipments,71.19460500963392,True,False
PRABHA.NS,2026-09-15,239.4199981689453,230.66166814168295,190.97666761610242,178.74240051269533,166.32185017903646,168.88183753967286,235.16432701135727,137.91000366210938,262.79998779296875,True,False,False,True,True,True,True,True,False,-1.1682154101360975,noise,48.01855292533384,False,False,False,False,,Oil,Oil Exploration & Production,62.957610789980734,False,False
PRADPME.NS,2026-09-15,,,,,,,,,,False,False,False,False,False,False,False,False,False,,noise,,False,False,False,True,,Auto Components,Auto Components & Equipments,,False,False
PRAJIND.NS,2026-09-15,318.0,335.8916651407878,329.7555211385091,333.9004052734375,340.4521710205078,332.2065179443359,330.7420998106325,269.90699581373747,422.8048706122484,False,True,False,False,False,False,True,False,False,-17.622200924619534,noise,57.695385002512786,False,False,False,False,,Industrial Manufacturing,Industrial Products,43.44894026974952,False,False
PRAENG.NS,2026-09-15,21.510000228881836,22.739166895548504,20.941111352708603,20.664200210571288,21.24240005493164,22.443049993515015,22.338772176968728,17.0,33.880001068115234,False,False,False,False,True,False,False,False,False,-23.01360122501751,noise,52.9297466296502,False,False,False,False,,Realty,"Residential, Commercial Projects",36.946050096339114,False,False
PRAKASH.NS,2026-09-15,119.48999786376953,125.20166714986165,126.80166647169325,126.61259963989258,133.84400034586588,133.33475032806396,124.3987243799101,110.23999786376953,177.0,False,True,False,False,False,False,False,False,False,-26.949495230292175,red,154.94288318967136,False,False,False,False,,Ferrous Metals,Iron & Steel,31.11753371868979,False,False
PPL.NS,2026-09-15,277.45001220703125,269.8874969482422,267.8513878716363,267.7240002441406,232.60466684977214,231.75452819824218,275.3611389529757,163.2100067138672,334.3999938964844,True,True,False,True,True,True,True,True,False,-14.545203153284959,red,115.51408784646411,False,False,False,False,,Industrial Products,Plastic Products - Industrial,47.447013487475914,False,False
PRAKASHSTL.NS,2026-09-15,3.559999942779541,3.787499984105428,3.908055590258704,3.9604000425338746,4.260200006167094,4.369750003814698,3.756129332804666,3.4800000190734863,6.570000171661377,False,False,False,False,False,False,False,False,False,-36.99115251876777,red,253.78957017577105,False,False,False,True,,Industrial Products,Iron & Steel Products,19.653179190751445,False,False
PRAMARA.NS,2026-09-11,84.0999984741211,103.32083257039388,114.11666615804036,119.76100006103516,229.18166646321615,259.2554997253418,99.17046790223011,82.5,374.79998779296875,False,False,False,False,False,False,False,False,False,-68.28808649960864,red,135.13513513513513,False,False,False,True,,Media,Advertising & Media Agencies,1.6377649325626205,False,False
DIAMONDYD.NS,2026-09-15,1107.4000244140625,1140.6083475748699,1158.138892279731,1163.6500024414063,1079.2666674804686,1089.2710034179688,1131.811309026315,858.9000244140625,1245.0,True,False,True,True,False,False,True,False,False,6.711638103017337,noise,27.700125934375734,False,False,False,False,,Food Products,Packaged Foods,69.65317919075144,False,False
PRATHAM.NS,2026-09-11,123.5,120.1125005086263,119.34583388434515,119.07900039672852,125.58900004069011,130.44225002288817,120.52608734446152,100.0,196.0,False,False,False,False,True,False,False,True,False,-11.183029637165642,noise,98.18731117824774,False,False,False,False,,Construction,Civil Construction,51.6859344894027,False,False
PRAVEG.NS,2026-09-15,,,,,,,,,,False,False,False,False,False,False,False,False,False,,noise,,False,False,False,False,,Leisure Services,Hotels & Resorts,,False,False
PRAXIS.NS,2026-09-15,4.28000020980835,4.650000015894572,5.740833348698086,6.233400020599365,7.0068666426340735,7.471499984264374,4.659725119039511,4.260000228881836,14.4399995803833,False,False,False,False,False,False,False,False,False,-66.79596512171184,red,102.71654366355718,False,False,False,True,,Retailing,Speciality Retail,1.8786127167630058,False,False
PRECWIRE.NS,2026-09-15,440.04998779296875,474.8833312988281,433.00452931722003,416.88781799316405,381.3541640218099,345.3911351776123,464.28051225988986,178.3214567499592,524.9000244140625,True,True,True,True,True,True,True,False,False,139.49688831354723,noise,52.913162679243456,False,False,False,False,,Industrial Products,"Aluminium, Copper & Zinc Products",97.73603082851638,True,True
PRECAM.NS,2026-09-15,113.69000244140625,121.50666745503743,131.6811114417182,134.69722885131836,140.6967047627767,144.25593013763427,120.3142803540586,103.24009159706355,237.10073055710055,False,False,False,False,False,False,False,False,False,-49.76537517554134,red,205.39570094805887,False,False,False,False,,Auto Components,Auto Components & Equipments,8.477842003853564,False,False
PRECISION.NS,2026-09-11,6.650000095367432,6.849999984105428,7.543055534362793,7.342999992370605,7.960000009536743,8.929750010967254,6.931919875871246,6.199999809265137,22.850000381469727,False,False,False,False,False,False,False,False,False,-70.8333319390726,noise,43.956043956043956,False,False,False,False,,Auto Components,Auto Components & Equipments,1.300578034682081,False,False
PRECOT.NS,2026-09-15,656.0999755859375,685.2541707356771,739.1432189941406,758.0787561035156,649.8417360432943,585.4651441955566,677.9497438922293,298.548139941249,899.0,True,True,True,True,False,True,False,False,False,42.449877868872285,noise,44.008975637936246,False,False,False,False,,Textiles & Apparels,Other Textile Products,87.28323699421965,True,False
PREMEXPLN.NS,2026-09-15,668.2999877929688,666.879160563151,662.9291653103298,667.8269982910156,597.6749977620443,575.4457501220703,667.5165872989232,378.3999938964844,829.7999877929688,True,True,True,True,True,True,True,True,False,23.17890427812035,noise,48.66004155767607,False,False,False,False,,Chemicals & Petrochemicals,Explosives,80.44315992292871,True,True
PREMCO.NS,2026-09-15,,,,,,,,,,False,False,False,False,False,False,False,False,False,,noise,,False,False,False,False,,Textiles & Apparels,Other Textile Products,,False,False
PREMIERENE.NS,2026-09-15,945.0,992.9083455403646,1015.8944481743706,1030.7119995117187,973.1609676106771,935.0285461425781,982.2675058493028,666.4089382565205,1134.0,False,True,False,True,False,True,True,False,False,-10.377521769638287,noise,50.760524941379856,False,False,False,False,,Electrical Equipment,Other Electrical Equipment,52.64932562620424,False,False
PREMIERPOL.NS,2026-09-15,81.9000015258789,90.30666732788086,82.2072230445014,78.50700057983398,64.12493354797363,59.29875020980835,88.02165473929786,38.0,98.80000305175781,True,True,True,True,True,True,True,False,False,70.77246052293633,noise,53.08831734430471,False,False,False,False,,Industrial Products,Plastic Products - Industrial,92.96724470134875,True,True
PRLIND.NS,2026-09-11,41.900001525878906,41.91249910990397,43.18194421132406,44.258999786376954,52.71999989827474,58.120999813079834,42.21860681280144,37.599998474121094,93.0,False,False,False,False,False,False,False,False,False,-50.26706050340783,noise,39.71571906354515,False,False,False,False,,Transport Services,Logistics Solution Provider,8.236994219653178,False,False
PRESSTONIC.NS,2026-09-11,29.450000762939453,32.587499936421715,31.319444444444443,29.801000022888182,36.289666709899905,41.53931916236878,31.452005256261014,24.0,87.9000015258789,False,False,False,False,False,False,False,False,False,-65.7358908567806,noise,33.45070422535211,False,False,False,False,,Industrial Manufacturing,Industrial Products,2.3603082851637764,False,False
PRESTIGE.NS,2026-09-15,1417.0,1557.1499938964844,1592.9222276475693,1614.5193286132812,1468.727654622396,1493.2466333007812,1532.4351321588392,1088.629585901896,1802.9302554788078,False,False,False,True,False,True,True,False,False,-8.447833377237323,noise,67.03272627302115,False,False,False,False,,Realty,"Residential, Commercial Projects",55.202312138728324,False,False
PRICOLLTD.NS,2026-09-15,740.75,766.2375030517578,753.9527791341146,715.9199987792969,621.9049981689453,620.6114994812011,759.2630394250948,498.2068341942702,823.0,True,True,True,True,True,True,True,False,False,42.388397416501554,noise,72.24579964911922,False,False,False,False,,Auto Components,Auto Components & Equipments,87.23506743737957,True,True
PFOCUS.NS,2026-09-15,319.0,301.30832926432294,293.0502760145399,285.77579803466796,277.5206656901042,263.0933493804932,306.7824569986134,161.00999450683594,367.0,True,True,True,True,True,True,True,True,False,68.59573420046843,ppv,199.5523937909823,False,False,False,False,,Entertainment,Media & Entertainment,92.48554913294798,True,True
PRIMESECU.NS,2026-09-15,277.5,283.02083587646484,282.625001695421,281.15200073242187,282.31500122070315,282.10275115966795,281.33128271141,248.0,325.0,False,True,False,False,False,False,True,False,False,4.382168000382958,dry,11.693445102928589,False,True,False,False,,Finance,Other Financial Services,67.96724470134875,False,False
PRIMO.NS,2026-09-15,22.309999465942383,21.394166787465412,22.57694435119629,22.819399948120118,22.366333363850913,22.440950021743774,21.789076880107203,16.100000381469727,26.899999618530273,False,False,False,True,False,True,True,True,False,-11.362735803267709,noise,85.50988001713142,False,True,False,False,,Chemicals & Petrochemicals,Commodity Chemicals,51.541425818882466,False,False
PRINCEPIPE.NS,2026-09-15,259.04998779296875,283.0364405314128,277.28496636284723,274.0807696533203,263.0966105143229,259.99047691345214,277.1870637229803,204.28258995520707,352.163261858009,False,True,False,True,False,False,False,False,False,-19.01566136391,noise,99.15603096595483,False,False,False,False,,Industrial Products,Plastic Products - Industrial,42.00385356454721,False,False
PRIORITY.NS,2026-09-15,,,,,,,,,,False,False,False,False,False,False,False,False,False,,noise,,False,False,False,False,,Consumer Durables,"Gems, Jewellery And Watches",,False,False
PRSMJOHNSN.NS,2026-09-15,112.13999938964844,112.10916582743327,109.62444411383734,110.05079956054688,119.45999989827475,122.342799949646,112.28681978668078,97.0999984741211,176.0,False,False,False,False,True,False,False,False,False,-24.515346504755332,dry,11.018074365462237,False,False,False,False,,Cement & Cement Products,Cement & Cement Products,34.63391136801541,False,False
PRISMX.NS,2026-09-15,,,,,,,,,,False,False,False,False,False,False,False,False,False,,noise,,False,False,False,False,,Commercial Services & Supplies,Trading & Distributors,,False,False
PNC.NS,2026-09-15,16.3799991607666,16.746666590372723,18.246944427490234,18.762600021362303,20.59626672108968,21.943450050354002,16.731672637789842,15.960000038146973,39.88999938964844,False,False,False,False,False,False,False,False,False,-56.30835308771188,noise,50.14169242892647,False,False,False,False,,Entertainment,"Film Production, Distribution & Exhibition",5.154142581888246,False,False
PRITI.NS,2026-09-15,33.52000045776367,33.59333324432373,35.11666679382324,36.13800018310547,40.75053342183431,44.80175001144409,33.632226373961466,31.5,85.0,False,False,False,False,False,False,False,False,False,-55.06702259599665,noise,82.98059451746357,False,True,False,False,,Consumer Durables,"Furniture, Home Furnishing",5.635838150289017,False,False
PRITIKAUTO.NS,2026-09-15,14.470000267028809,15.960000038146973,17.12472210990058,17.368999900817872,14.99259994506836,14.655349955558776,15.558722995426422,10.40999984741211,20.989999771118164,False,True,False,True,False,True,False,False,False,-18.890133726093193,noise,83.53453825257675,False,False,False,False,,Auto Components,Auto Components & Equipments,42.24470134874759,False,False
PRITIKA.NS,2026-09-11,63.20000076293945,62.25833257039388,61.19861094156901,61.270999908447266,61.525333607991534,64.52999996185302,62.3812895660314,44.04999923706055,93.55000305175781,False,False,False,False,True,True,False,True,False,-26.93641530296017,noise,66.96428571428571,False,False,False,False,,Auto Components,Auto Components & Equipments,31.165703275529864,False,False
PRIVISCL.NS,2026-09-15,3452.199951171875,3443.5083618164062,3518.573981391059,3552.86990234375,3279.5665885416665,3191.989588623047,3467.284140895347,2274.715795489195,3774.7057070510364,True,True,True,True,False,True,True,False,False,48.26077191752211,red,140.14627289372578,False,False,False,False,,Chemicals & Petrochemicals,Specialty Chemicals,88.77649325626204,True,False
PRIZOR.NS,2026-09-11,1200.0,1169.941670735677,988.7430555555555,941.7269995117188,690.9856665039063,588.7269997406006,1176.8804097869042,216.64999389648438,1248.8499755859375,True,True,True,True,True,True,True,True,False,292.156862745098,noise,47.92332268370607,False,True,False,False,,Industrial Manufacturing,Industrial Products,99.47013487475915,True,True
PROLIFE.NS,2026-09-11,79.0,79.08333333333333,78.98611111111111,78.46800033569336,68.75466700236002,69.84075019836426,79.24888653536337,56.04999923706055,142.4499969482422,True,False,False,True,True,True,False,False,False,-29.54422483384047,noise,68.4931506849315,False,False,False,False,,Chemicals & Petrochemicals,Dyes And Pigments,27.552986512524086,False,False
PROSTARM.NS,2026-09-15,126.04000091552734,133.61749839782715,134.5349998474121,132.88739974975587,140.48413350423178,147.7856502532959,133.11990412571387,114.63999938964844,237.0,False,False,False,False,False,False,False,False,False,-44.333538585455926,red,122.80524346930319,False,False,False,False,,Electrical Equipment,Other Electrical Equipment,12.379576107899808,False,False
PROTEAN.NS,2026-09-15,488.8500061035156,503.46666463216144,545.7261810302734,554.2657153320313,558.1929720052084,596.0938424682618,501.8136160714812,436.0272875280249,922.9244479133125,False,False,False,False,False,False,False,False,False,-44.31272228136747,noise,90.5714274466389,False,False,False,False,,IT - Services,IT Enabled Services,12.427745664739884,False,False
PROV.NS,2026-09-11,1721.0,1836.0833333333333,1791.0555555555557,1744.875,1478.727666829427,1425.1152502441407,1802.608266366356,940.0,1940.0,True,True,True,True,False,True,True,False,False,77.43182414978523,red,147.49262536873158,False,False,False,False,,Food Products,Other Food Products,93.73795761078998,True,False
PROZONER.NS,2026-09-15,52.720001220703125,48.19416618347168,44.45833322736952,44.21639991760254,48.83373321533203,49.942749938964845,49.503249773491966,39.54999923706055,72.7699966430664,True,False,False,False,True,True,False,True,False,23.437139664724626,red,143.90969599933305,False,False,False,False,,Realty,"Residential, Commercial Projects",80.63583815028902,True,False
PRUDMOULI.NS,2026-09-15,15.550000190734863,16.333333333333332,14.617777824401855,14.497000064849853,15.31486665725708,16.80819999217987,16.193858409253135,11.260000228881836,39.790000915527344,False,False,False,False,True,True,False,False,False,-57.744563823048225,noise,24.74294870246463,False,False,False,False,,Agricultural Food & other Products,Sugar,4.5761078998073215,False,False
PRUDENT.NS,2026-09-15,3251.5,3364.1916707356772,3306.736117892795,3202.33666015625,2820.9138525390626,2742.906864013672,3329.4534819674227,2118.407683707669,4105.5,True,True,True,True,True,True,True,False,False,11.599829694367415,red,104.75019300867837,False,False,False,False,,Capital Markets,Financial Products Distributor,73.55491329479769,True,True
PSPPROJECT.NS,2026-09-15,821.2999877929688,868.745839436849,923.5888892279731,962.5020031738281,844.822001953125,843.6497506713868,863.8831059002697,569.2000122070312,1143.0,False,True,False,True,False,True,False,False,False,9.121100266003479,noise,57.86282516645422,False,False,False,False,,Construction,Civil Construction,71.72447013487476,True,False
PTC.NS,2026-09-15,152.41000366210938,154.3116658528646,158.81693649291992,156.6123583984375,159.70622385660806,155.10018371582032,154.18301390846207,130.34474084135397,203.5447632528218,False,True,True,False,False,False,False,False,False,-0.04962324261021944,noise,76.75193067730073,False,False,False,False,,Power,Power Trading,64.25818882466281,False,False
PFS.NS,2026-09-15,26.510000228881836,27.138333320617676,27.941944546169704,28.588000144958496,29.676133422851564,30.536250076293946,27.212125347886516,23.850000381469727,40.5,False,False,False,False,False,False,False,False,False,-29.15552772292126,noise,62.31406764543499,False,False,False,False,,Finance,Non Banking Financial Company (NBFC),28.275529865125243,False,False
PTCIL.NS,2026-09-15,22560.0,22754.25,20298.583333333332,19554.78,17925.486666666668,17951.67,22715.642101174242,13559.0,24125.0,True,False,True,True,True,True,True,False,False,60.79828937990022,red,106.33091877238961,False,True,False,False,,Industrial Products,Castings & Forgings,91.52215799614643,True,False
PTL.NS,2026-09-15,38.150001525878906,38.3833335240682,38.86916658613417,39.18724494934082,38.62955828348795,38.268317012786866,38.34748361980768,35.17181612589144,42.69720786366261,False,True,True,True,False,False,True,False,False,2.0485226689937353,noise,57.93026435049099,False,False,False,False,,Commercial Services & Supplies,Diversified Commercial Services,66.28131021194605,False,False
PDMJEPAPER.NS,2026-09-15,96.80999755859375,94.88499895731609,93.086029264662,90.7697802734375,84.08946685791015,86.06856056213378,95.67484510082707,64.56996482755343,132.0803513885192,True,False,False,True,True,True,False,True,False,-24.17153033902505,red,478.6043773829441,False,False,False,False,,"Paper, Forest & Jute Products",Paper & Paper Products,35.16377649325626,False,False
PULZ.NS,2026-09-11,23.950000762939453,23.137500445048016,23.55138895246718,23.674000015258787,24.806000061035157,26.01500008583069,23.43774224369915,21.350000381469727,44.25,False,False,False,False,True,False,False,True,False,-42.97618865966797,red,218.3406113537118,False,False,False,False,,Consumer Durables,Consumer Electronics,13.776493256262043,False,False
PSB.NS,2026-09-15,22.3799991607666,22.804999669392902,23.30749977959527,23.588192405700685,23.976501808166503,24.799339628219606,22.77518967004238,20.178140732048902,31.950362111142574,False,False,False,False,False,False,False,False,False,-21.677646376081782,noise,53.09034947333774,False,False,False,False,,Banks,Public Sector Bank,38.34296724470135,False,False
PUNJABCHEM.NS,2026-09-15,1041.199951171875,1095.625020345052,1116.7305603027344,1118.655859375,1068.248866780599,1100.5100787353515,1085.537268627365,874.3373930297982,1529.9409473892583,False,False,False,True,False,False,False,False,False,-4.484011015093181,noise,52.538259827373516,False,False,False,False,,Fertilizers & Agrochemicals,Pesticides & Agrochemicals,59.6820809248555,False,False
PNB.NS,2026-09-15,114.69999694824219,115.89000002543132,115.30194473266602,112.9520002746582,110.08434305826823,112.37610221862793,115.9583850587837,95.71672519141161,131.33111679644097,True,False,False,True,True,False,True,False,False,9.994668528742935,noise,75.24993514884153,False,True,False,False,,Banks,Public Sector Bank,72.35067437379577,True,False
PURVA.NS,2026-09-15,205.55999755859375,214.27749888102213,214.88638899061414,217.32599975585939,212.73846669514975,219.4101000213623,213.67528390388256,160.69000244140625,288.95001220703125,False,False,False,False,False,False,False,False,False,-28.125874979512677,dry,14.327941322689771,False,False,False,False,,Realty,"Residential, Commercial Projects",29.6242774566474,False,False
PERNIASPOP.NS,2026-09-15,,,,,,,,,,False,False,False,False,False,False,False,False,False,,noise,,False,False,False,True,,,,,False,False
PURVFLEXI.NS,2026-09-14,46.54999923706055,47.36666679382324,48.01527786254883,47.98000007629395,52.50266660054525,59.43974992752075,46.671338078915205,37.0,124.94999694824219,False,False,False,False,False,False,False,False,False,-61.01340147221753,dry,0.0,False,False,False,False,,Industrial Products,Plastic Products - Industrial,3.5163776493256265,False,False
PVP.NS,2026-09-15,61.58000183105469,64.97333431243896,46.25138907962375,41.22680011749267,33.073399963378904,33.12809995651245,62.98348050198745,23.0,71.9000015258789,True,False,True,True,True,True,True,False,False,92.19725365616816,noise,37.455464160742736,False,False,False,False,,Realty,"Residential, Commercial Projects",95.13487475915221,True,False
PVRINOX.NS,2026-09-15,1221.0,1214.8249918619792,1190.1277770996094,1138.852999267578,1043.4173368326824,1038.8952529907226,1215.4668059912342,907.4000244140625,1284.5,True,True,False,True,True,True,True,True,False,8.940038080533718,noise,52.272068490322845,False,False,False,False,,Entertainment,"Film Production, Distribution & Exhibition",71.57996146435453,True,False
PYRAMID.NS,2026-09-15,154.9600067138672,155.43352635701498,166.2744772169325,165.47694091796876,161.20779724121093,160.93585556030274,155.5332469065125,131.37371568801387,198.04736217201153,False,True,False,True,False,False,True,False,False,-10.02655757765407,noise,24.411557699435125,False,True,False,False,,Industrial Products,Packaging,52.9383429672447,False,False
QMSMEDI.NS,2026-09-15,165.82000732421875,156.6575024922689,135.7283346388075,127.91540100097656,100.88053370157877,98.23915023803711,156.0630132155054,68.94999694824219,165.8699951171875,True,True,True,True,True,True,True,True,False,82.5630251571445,ppv,277.7890622322146,False,False,True,False,,Healthcare Equipment & Supplies,Medical Equipment & Supplies,94.36416184971098,True,True
QUADPRO.NS,2026-09-11,3.0,2.570833384990692,2.456944525241852,2.441000084877014,2.2343333689371745,2.285500032901764,2.678467650185617,1.850000023841858,3.450000047683716,True,False,False,True,True,True,True,True,False,-4.761907645273733,ppv,434.78260869565213,False,False,False,False,,IT - Services,IT Enabled Services,59.296724470134876,False,False
QUADFUTURE.NS,2026-09-15,484.6000061035156,435.31666564941406,390.94583384195965,396.18800048828126,348.2486661783854,337.2939999389648,443.8426527821106,248.5500030517578,519.5999755859375,True,True,False,True,True,True,True,True,False,9.588419883768196,green,290.37033127493964,False,False,True,False,,Industrial Products,Cables - Electricals,72.20616570327553,True,False
QFIL.NS,2026-09-14,63.0,61.75,61.79166634877523,61.43099967956543,52.344666976928714,54.362000217437746,62.31244037589063,39.900001525878906,77.0,True,False,False,True,True,True,True,True,False,-6.249995742525183,dry,0.0,False,False,False,False,,Industrial Products,Iron & Steel Products,57.5626204238921,False,False
QPOWER.NS,2026-09-15,1355.199951171875,1457.1083170572917,1299.7980007595486,1258.9393481445313,1124.6078483072918,1022.5413455200195,1433.0562111820263,580.8863637342646,1570.0,True,True,True,True,True,True,True,False,False,43.66431681987515,red,194.888929393975,False,False,False,False,,Electrical Equipment,Heavy Electrical Equipment,87.62042389210019,True,True
QUESS.NS,2026-09-15,342.1000061035156,359.27916717529297,338.87950134277344,325.6853692626953,246.19699747721353,234.62736114501953,351.4086733515322,162.53922482226787,388.75,True,True,True,True,True,True,True,False,False,35.49892367762957,noise,78.4893674967592,False,False,False,False,,Commercial Services & Supplies,Diversified Commercial Services,84.77842003853564,True,True
QUESTLAB.NS,2026-09-11,84.69999694824219,85.19583320617676,88.45694414774577,89.41699951171876,105.55933314005534,103.37899982452393,84.97827424115835,81.30000305175781,152.60000610351562,False,True,False,False,False,False,False,False,False,-11.770836512247717,dry,8.547008547008547,False,True,False,False,,Pharmaceuticals & Biotechnology,Pharmaceuticals,50.77071290944123,False,False
QUICKHEAL.NS,2026-09-15,158.80999755859375,145.14750035603842,148.15749994913736,152.2407992553711,165.46606608072918,185.53634971618652,148.5471585745982,125.0,371.3999938964844,False,False,False,False,True,False,False,True,False,-51.61182460334124,ppv,1893.671318760413,False,False,False,False,,IT - Software,Software Products,7.225433526011561,False,False
QUICKTOUCH.NS,2026-09-11,17.899999618530273,16.295833190282185,18.990277661217583,20.262999877929687,25.745333264668783,28.395749912261962,16.872171833646544,14.699999809265137,51.0,False,False,False,False,False,False,False,True,False,-61.08695735102114,noise,68.18181818181817,False,False,False,False,,IT - Software,Computers - Software & Consulting,3.4682080924855487,False,False
QUINT.NS,2026-09-15,,,,,,,,,,False,False,False,False,False,False,False,False,False,,noise,,False,False,True,False,,Media,Electronic Media,,False,False
RCF.NS,2026-09-15,108.58999633789062,114.33083216349284,121.06111123826769,123.2822004699707,125.52416707356771,128.5260796737671,113.40944057811456,106.0,156.00738096015974,False,False,False,False,False,False,False,False,False,-27.5064063619891,noise,72.81261144269146,False,False,False,False,,Fertilizers & Agrochemicals,Fertilizers,30.105973025048172,False,False
RKSWAMY.NS,2026-09-15,89.45999908447266,92.45750045776367,97.2144357893202,98.02212463378906,94.80169357299805,98.32706504821778,92.47448836940897,65.86347909024379,160.75004513422496,False,False,False,False,False,True,False,False,False,-41.2928450244793,noise,78.62639854101131,False,False,False,False,,Media,Advertising & Media Agencies,15.414258188824661,False,False
RMDRIP.NS,2026-09-15,23.5,21.974999745686848,19.448888884650337,19.34300003051758,24.9876886622111,31.715762147903444,22.34239180117244,14.8100004196167,72.21666717529297,False,False,False,False,True,True,False,True,False,-46.26421772381739,noise,40.99004514851107,False,False,False,False,,Industrial Products,Plastic Products - Industrial,10.789980732177264,False,False
RRKABEL.NS,2026-09-15,2381.300048828125,2612.2249959309897,2693.4138861762153,2585.3419921875,2022.5129996744793,1876.0817987060548,2528.2954254966803,1175.2574703290545,2983.800048828125,True,True,True,True,False,True,True,False,False,92.76578281636756,noise,33.33409214153572,False,True,False,False,,Industrial Products,Cables - Electricals,95.27938342967245,True,False
RSSOFTWARE.NS,2026-09-15,29.600000381469727,29.895833333333332,30.686111079321968,31.51199996948242,33.00260008494059,36.74744999885559,29.744137817427834,21.93000030517578,82.0,False,False,False,False,False,True,False,False,False,-58.0677122580026,red,120.9794593797249,False,False,False,False,,IT - Software,Computers - Software & Consulting,4.431599229287091,False,False
RSYSTEMS.NS,2026-09-15,240.47000122070312,246.88750203450522,248.60361184014215,247.40480041503906,263.85525563557945,294.6955429840088,244.77785046614935,213.52000427246094,455.73088594983705,False,False,False,False,False,False,False,False,False,-46.204578125187744,noise,46.570522224677426,False,False,False,False,,IT - Services,IT Enabled Services,10.886319845857418,False,False
RNBDENIMS.NS,2026-09-15,9.039999961853027,10.164166688919067,9.26333334710863,9.4246000289917,19.082088788350422,25.448933210372925,9.735597564541411,7.71999979019165,67.66666412353516,False,False,False,False,False,False,False,False,False,-76.52760899596367,noise,70.04736768697234,False,False,False,False,,Textiles & Apparels,Other Textile Products,0.8670520231213872,False,False
RACE.NS,2026-09-15,96.1500015258789,99.00000063578288,103.1950003306071,105.30960021972656,112.58293370564779,117.82400001525879,98.29143967763679,84.11000061035156,252.0,False,False,False,False,False,False,False,False,False,-60.50036880735406,noise,21.4653396683605,False,False,False,False,,Other Utilities,Waste Management,3.6127167630057806,False,False
RILINFRA.NS,2026-09-11,31.899999618530273,34.491666634877525,36.78055556615194,37.28399990081787,36.0636665725708,35.85674998283386,33.80882810865399,27.600000381469727,47.5,False,True,False,True,False,False,False,False,False,-12.482856101982287,red,673.6674035863424,False,False,False,False,,Construction,Civil Construction,50.0,False,False
RACLGEAR.NS,2026-09-15,1755.199951171875,1592.6416524251301,1464.7472195095486,1423.4219970703125,1348.8226969401042,1273.762673034668,1624.6852605895274,897.0125493438334,1856.0,True,True,True,True,True,True,True,True,False,93.21857610900204,red,312.15574776216454,False,True,False,False,,Auto Components,Auto Components & Equipments,95.32755298651252,True,True
RADAAN.NS,2026-09-15,2.9000000953674316,2.946666677792867,3.015833338101705,2.995800018310547,3.0421999994913738,3.119599997997284,2.9221983297502114,2.3499999046325684,3.990000009536743,False,False,False,False,False,False,False,False,False,-15.942027383029945,noise,31.28303005877925,False,False,False,False,,Entertainment,Media & Entertainment,45.71290944123314,False,False
RADHIKAJWE.NS,2026-09-15,75.47000122070312,78.79999987284343,72.21444469028049,69.76960029602051,63.90133336385091,66.41750007629395,80.11427211512131,50.0099983215332,99.6500015258789,True,False,False,True,True,True,True,False,False,-19.472897740390238,noise,43.96607738465416,False,False,False,False,,Consumer Durables,"Gems, Jewellery And Watches",41.57032755298651,False,False
RADIANTCMS.NS,2026-09-15,35.88999938964844,37.314327239990234,35.558877097235786,35.5772078704834,36.66752540588379,39.286194248199465,36.88061441632713,30.321927276694193,53.919194217783094,False,False,False,False,True,False,False,False,False,-32.699929183029674,red,139.01082753926835,False,False,False,False,,Commercial Services & Supplies,Diversified Commercial Services,24.084778420038536,False,False
RADICO.NS,2026-09-15,4360.0,4468.7166748046875,4512.066663953993,4391.420112304688,3587.765506184896,3453.737916259766,4449.65470788988,2494.465428414862,4747.0,True,True,True,True,False,True,True,False,False,51.88299065903823,noise,68.63585765412043,False,False,False,False,,Beverages,Breweries & Distilleries,89.6917148362235,True,False
RADIOWALLA.NS,2026-09-11,24.700000762939453,28.083333651224773,27.02916653951009,27.020999908447266,32.46066664377848,39.02874997138977,27.10636193417023,22.200000762939453,72.0,False,False,False,False,False,False,False,False,False,-58.13559192722126,dry,18.65671641791045,False,False,False,False,,Entertainment,Media & Entertainment,4.383429672447013,False,False
RPEL.NS,2026-09-15,1622.4000244140625,1747.4499816894531,1526.4972195095486,1460.3379956054687,1047.2660408528645,1008.4114770507813,1720.052401060207,560.8282002900473,1943.699951171875,True,True,True,True,True,True,True,False,False,139.70544658160006,red,221.02012811915995,False,False,False,False,,Industrial Products,Electrodes & Refractories,97.78420038535646,True,True
RVNL.NS,2026-09-15,199.0,208.36583455403647,220.3026606241862,222.16304962158202,256.59542795817055,274.68816780090333,207.57186381892527,198.2899932861328,398.20450175980454,False,False,False,False,False,False,False,False,False,-40.25149262873542,noise,95.03854383423972,False,False,False,True,,Construction,Civil Construction,16.377649325626205,False,False
RAILTEL.NS,2026-09-15,252.39999389648438,269.1958262125651,280.09301418728296,285.49372802734376,300.8770453898112,310.8534371185303,265.7062537603415,243.9284560598348,408.554305468849,False,False,False,False,False,False,False,False,False,-29.806078694423277,noise,53.77593191696829,False,False,False,False,,Telecom - Services,Other Telecom Services,27.167630057803464,False,False
RAIN.NS,2026-09-15,196.74000549316406,208.24833552042642,213.2273966471354,211.87814819335938,170.71054718017578,161.08562561035157,210.04167717981733,99.43315286007488,250.82236847510148,True,True,True,True,False,True,True,False,False,42.73810491160537,noise,93.4905883867112,False,False,False,False,,Chemicals & Petrochemicals,Petrochemicals,87.33140655105973,True,False
RAINBOW.NS,2026-09-15,1453.699951171875,1443.7999979654949,1478.0388793945312,1476.0664575195312,1341.1113614908854,1325.811284790039,1449.3069134140105,1081.4576042961687,1610.0,True,True,True,True,False,True,True,True,False,-2.1280617572258187,noise,79.10812321598738,False,False,False,False,,Healthcare Services,Hospital,61.849710982658955,False,False
ROML.NS,2026-09-15,43.0,42.50833320617676,43.62694422403971,43.99659980773926,44.38486653645833,45.40179988861084,42.58141764483089,35.11000061035156,62.0,False,False,False,False,False,False,False,True,False,-11.758669394753218,dry,4.729530002955957,False,False,False,False,,Agricultural Food & other Products,Edible Oil,50.81888246628131,False,False
RAJRILTD.NS,2026-09-15,20.969999313354492,22.086666742960613,21.84750000635783,21.82279998779297,21.62086669921875,21.66050004005432,21.676068367124277,19.40999984741211,28.899999618530273,False,False,False,True,False,False,False,False,False,-17.667844999275474,dry,15.39678774386228,False,False,False,False,,Textiles & Apparels,Other Textile Products,43.35260115606936,False,False
RAJTV.NS,2026-09-15,8.619999885559082,8.924166719118753,10.082222210036385,10.596399984359742,20.77839992841085,25.899649975299834,8.699120750181423,7.699999809265137,46.900001525878906,False,False,False,False,False,False,False,False,False,-79.86451854931015,noise,75.96689841451398,False,False,False,False,,Entertainment,TV Broadcasting & Software Production,0.5298651252408477,False,False
RAJPALAYAM.NS,2026-09-15,,,,,,,,,,False,False,False,False,False,False,False,False,False,,noise,89.98060934470209,False,False,False,False,,Textiles & Apparels,Other Textile Products,,False,False
ARENTERP.NS,2026-09-15,32.63999938964844,34.848333994547524,37.54000038570828,37.299400329589844,38.40600001017253,40.52310001373291,34.24848333383034,30.010000228881836,60.790000915527344,False,False,False,False,False,False,False,False,False,-29.24344540670518,dry,4.16593045714042,False,False,False,False,,Metals & Minerals Trading,Trading - Minerals,28.034682080924856,False,False
RAJESHEXPO.NS,2026-09-15,76.47000122070312,78.90999984741211,81.25388887193468,83.90240005493165,104.53013326009115,123.8688996887207,78.79760003658345,72.62999725341797,237.8800048828125,False,False,False,False,False,False,False,False,False,-61.361224897322565,noise,66.65798468979739,False,False,False,False,,Consumer Durables,"Gems, Jewellery And Watches",3.227360308285164,False,False
RCDL.NS,2026-09-11,14.5,15.363512992858887,22.27030356725057,23.04857021331787,23.754799321492513,22.975768003463745,15.265210994473964,13.654514277337958,34.75694554204474,False,True,False,False,False,False,False,False,False,-49.44575153315077,dry,17.62703658373929,False,True,False,False,,Agricultural Food & other Products,Edible Oil,8.622350674373795,False,False
RAJMET.NS,2026-09-15,3.140000104904175,3.1641666690508523,3.2555555370118885,3.32979998588562,3.6500666697820026,3.78235001206398,3.1958660304583657,2.7200000286102295,5.28000020980835,False,False,False,False,False,False,False,False,False,-30.066809243462234,noise,93.35422693304803,False,False,False,False,,Industrial Products,"Aluminium, Copper & Zinc Products",26.83044315992293,False,False
RAJOOENG.NS,2026-09-15,53.959999084472656,52.0008331934611,51.434722158643936,51.47080001831055,56.08973345438639,58.67880006790161,53.18677527316889,46.0,101.82979208600591,False,False,False,False,True,False,False,True,False,-44.20308131525137,noise,88.36551892647728,False,True,False,False,,Industrial Manufacturing,Industrial Products,12.572254335260116,False,False
RSL.NS,2026-09-15,,,,,,,,,,False,False,False,False,False,False,False,False,False,,red,119.27682694840655,False,False,False,False,,Industrial Products,Iron & Steel Products,,False,False
RAJRATAN.NS,2026-09-15,485.1000061035156,497.81249745686847,505.42083146837024,499.5079705810547,445.76879252115884,448.9579039001465,498.395316442618,304.31768608201764,563.9500122070312,True,False,True,True,False,True,True,False,False,41.485661318060195,noise,73.14499275237772,False,False,False,False,,Auto Components,Auto Components & Equipments,86.70520231213872,True,False
RPPL.NS,2026-09-15,20.0,22.295000076293945,22.783888869815403,22.574599990844728,18.973933359781903,18.661650013923644,21.80157942108305,14.25,26.969999313354492,True,True,True,True,False,True,False,False,False,-8.966770026965932,noise,62.079507657029595,False,False,False,False,,Industrial Products,Packaging,54.383429672447015,False,False
RAJSREESUG.NS,2026-09-15,32.81999969482422,35.330833752950035,33.87694470087687,33.141600074768064,31.944066721598308,32.323800029754636,34.63120246119957,24.649999618530273,43.20000076293945,True,False,False,True,False,True,True,False,False,-21.67064797228363,noise,43.15220127204268,False,False,False,False,,Agricultural Food & other Products,Sugar,38.4393063583815,False,False
RALLIS.NS,2026-09-15,200.82000732421875,206.1216672261556,211.50555589463977,216.54480041503905,237.52125864664714,243.31710372924806,205.03156549858375,199.5,337.7721846958516,False,False,False,False,False,False,False,False,False,-38.8383442807666,red,102.5470210373451,False,False,False,True,,Fertilizers & Agrochemicals,Pesticides & Agrochemicals,17.63005780346821,False,False
RAMRAT.NS,2026-09-15,515.8499755859375,546.0958353678385,494.15416632758246,471.84041687011717,404.9255631510417,378.966375579834,532.122576954111,266.4076130636512,602.4500122070312,True,True,True,True,True,True,True,False,False,38.835761721581406,noise,59.71923285022538,False,False,False,False,,Electrical Equipment,Other Electrical Equipment,86.07899807321773,True,True
RAMAPHO.NS,2026-09-15,118.86000061035156,123.43916702270508,124.13448884752061,124.18375640869141,126.8618153889974,135.89935203552247,122.65849830462858,103.29441573540697,216.758589238699,False,False,False,False,False,False,False,False,False,-16.044442849316564,noise,93.30157183145322,False,False,False,False,,Fertilizers & Agrochemicals,Fertilizers,45.52023121387283,False,False
RAMASTEEL.NS,2026-09-15,3.740000009536743,4.128333369890849,4.272777809037103,4.323400020599365,5.20753333568573,6.190949996709824,4.036959887127041,3.430000066757202,11.579999923706055,False,False,False,False,False,False,False,False,False,-63.51219502890982,red,381.94137169487334,False,False,False,False,,Industrial Products,Iron & Steel Products,2.649325626204239,False,False
RAMCOIND.NS,2026-09-15,318.3999938964844,324.74583435058594,336.9968846638997,341.87810485839844,304.0421299235026,305.9344776916504,324.199144542929,229.84711610231898,396.66439743304363,True,False,False,True,False,True,True,False,False,-11.492465561159248,dry,11.602727562160569,False,False,False,False,,Other Construction Materials,Other Construction Materials,51.300578034682076,False,False
RAMCOSYS.NS,2026-09-15,567.7999877929688,588.0291697184244,595.9916720920139,661.1770043945312,537.4230017089844,538.6557508850098,589.1001725797836,342.1000061035156,967.5,True,False,False,True,False,True,False,False,False,25.744657987522636,dry,6.441592245271091,False,False,False,False,,IT - Software,Software Products,81.35838150289018,True,False
RBS.NS,2026-09-11,87.0,88.8125,88.66249995761447,85.39399993896484,87.47033317565918,89.55249998092651,88.48446920651965,58.79999923706055,134.0,False,False,False,False,True,True,False,False,False,-32.55813953488372,dry,19.782393669634025,False,False,False,False,,Agricultural Food & other Products,Edible Oil,24.18111753371869,False,False
RKFORGE.NS,2026-09-15,688.2000122070312,721.4124908447266,713.1166653103298,672.9869995117188,596.2948478190104,576.4792408752442,713.8617088620825,459.4101971519111,772.7999877929688,True,True,True,True,True,True,True,False,False,19.598904763561475,noise,40.82930355539362,False,False,False,False,,Auto Components,Auto Components & Equipments,78.13102119460501,True,True
RAMKY.NS,2026-09-15,314.79998779296875,342.9583333333333,371.65555487738715,376.97599853515624,432.9376668294271,458.04475006103513,339.8415876282461,312.6499938964844,705.0,False,False,False,False,False,False,False,False,False,-43.50830187654216,red,107.40830534969894,False,False,False,True,,Construction,Civil Construction,13.246628131021195,False,False
RANASUG.NS,2026-09-15,14.819999694824219,14.96666661898295,13.768888897365994,13.256000022888184,12.727066669464111,12.590200004577637,14.839955734168514,10.210000038146973,16.450000762939453,True,True,False,True,True,True,True,False,False,2.77392244392467,noise,81.50246629083199,False,True,False,False,,Agricultural Food & other Products,Sugar,66.57032755298651,False,False
RML.NS,2026-09-15,1306.5,1237.7999979654949,1155.6253763834636,1169.6129443359375,954.1065966796875,905.0252044677734,1282.7785813007858,599.8542523291803,1440.0,True,True,True,True,True,True,True,True,False,57.589864161291395,noise,36.983112637726315,False,False,False,False,,Auto Components,Auto Components & Equipments,90.99229287090559,True,True
RANEHOLDIN.NS,2026-09-15,1669.0,1644.9333394368489,1675.1666531032986,1682.7821752929688,1400.230928955078,1375.6648153686524,1664.7311052471496,955.9554473507789,1846.1341245121132,True,True,True,True,False,True,True,True,False,13.976531040539463,noise,71.80681786735084,False,False,False,False,,Finance,Holding Company,75.28901734104046,True,False
RPTECH.NS,2026-09-15,797.3499755859375,815.7124989827474,834.526857164171,813.746796875,594.7201053873698,534.3699627685547,813.3728226380208,297.71539759872417,965.4798808795799,True,True,True,True,False,True,True,False,False,165.59771156021947,noise,66.10812371165841,False,True,False,False,,IT - Hardware,Computers Hardware & Equipments,98.45857418111753,True,False
RATEGAIN.NS,2026-09-15,878.6500244140625,885.4041748046875,918.8791707356771,924.4520043945313,730.6780006917318,712.743751373291,880.7087303928736,437.0,1050.0,True,True,True,True,False,True,True,False,False,37.82745481004901,noise,53.4189459585489,False,False,False,False,,IT - Software,Computers - Software & Consulting,85.74181117533719,True,False
RATNAMANI.NS,2026-09-15,2691.39990234375,2711.7083333333335,2487.180168999566,2510.3743505859375,2481.171175130208,2423.0732916259767,2724.1500686046284,1927.9657490362597,3330.2583637320286,True,True,False,True,True,True,True,False,False,14.484112539892724,noise,58.65608529416261,False,False,False,False,,Industrial Products,Iron & Steel Products,75.52986512524085,True,False
RATNAVEER.NS,2026-09-15,289.6000061035156,295.8675003051758,246.1869854397244,227.16982940673827,182.63494262695312,175.24195693969727,291.96065573836273,130.5,314.8999938964844,True,True,True,True,True,True,True,False,False,97.70618142438217,noise,87.8161450710317,False,False,False,False,,Industrial Products,Iron & Steel Products,95.61657032755299,True,True
RTNINDIA.NS,2026-09-15,27.010000228881836,28.43583345413208,30.13861110475328,30.76659996032715,32.19000015258789,33.96815008163452,28.084320676105094,24.399999618530273,59.150001525878906,False,False,False,False,False,False,False,False,False,-52.169294058772955,red,155.1105860181684,False,False,False,False,,Retailing,E-Retail/ E-Commerce,6.840077071290944,False,False
RTNPOWER.NS,2026-09-15,6.989999771118164,7.3458333015441895,8.016666690508524,8.236000032424927,8.780266672770182,8.87784999370575,7.302422002957051,6.949999809265137,12.569999694824219,False,False,False,False,False,False,False,False,False,-42.51644852934948,red,169.19621267677135,False,False,False,True,,Power,Power Generation,13.921001926782273,False,False
RKDL.NS,2026-09-15,18.0,18.363332907358807,18.724166446261936,18.794599876403808,19.564266573588053,20.351849918365478,18.269012994796714,16.299999237060547,32.47999954223633,False,False,False,False,False,False,False,False,False,-34.18647258156739,noise,53.42719398313489,False,False,False,False,,Beverages,Breweries & Distilleries,22.447013487475914,False,False
RVHL.NS,2026-09-15,39.15999984741211,39.45250002543131,42.204444355434845,43.0247998046875,41.65406656901042,44.17204990386963,39.70379345948892,28.5,71.36000061035156,False,False,False,False,False,True,False,False,False,-22.88302325958752,noise,49.41169942025456,False,True,False,False,,Realty,"Residential, Commercial Projects",37.23506743737958,False,False
RELTD.NS,2026-09-15,148.89999389648438,155.71999867757162,162.69555452134875,166.40839904785156,148.75014368693033,149.98520793914795,155.09861449026172,114.59262084960938,196.4499969482422,False,False,False,True,False,False,True,False,False,-6.1870005347113395,noise,28.832505778973854,False,False,False,False,,Electrical Equipment,Other Electrical Equipment,57.61078998073218,False,False
RAYMOND.NS,2026-09-15,995.9500122070312,766.0708262125651,667.0611097547743,651.9939965820313,524.814999186198,499.41600006103516,831.5194169798017,320.0,1122.0,True,True,True,True,True,True,True,True,False,60.92260024548184,red,1085.4422997229312,False,False,False,False,,Industrial Manufacturing,Industrial Products,91.57032755298651,True,True
RAYMONDLSL.NS,2026-09-15,672.6500244140625,670.4625040690104,708.2375013563368,714.2839990234374,774.4942993164062,835.0565655517578,679.9590729309684,628.25,1348.3018107388446,False,False,False,False,False,False,False,False,False,-49.05081955951075,red,299.21857357238656,False,False,False,False,,Textiles & Apparels,Other Textile Products,8.766859344894026,False,False
RAYMONDREL.NS,2026-09-15,584.0,552.8666687011719,596.2416653103298,621.7219995117188,541.5157189941406,525.7031042480469,568.1634526147496,347.8966973806635,734.9000244140625,True,True,False,True,False,True,True,True,False,-4.716259623718965,ppv,525.0483062495182,False,False,False,False,,Realty,"Residential, Commercial Projects",59.39306358381503,False,False
RBLBANK.NS,2026-09-15,403.6000061035156,400.12916564941406,387.5650872124566,381.8646685791016,346.5838006591797,336.04032180786135,404.5254686276993,260.9244632419414,420.3999938964844,True,True,True,True,True,True,True,False,False,49.84075157597081,noise,26.51999495153553,False,False,False,False,,Banks,Private Sector Bank,89.21001926782274,True,True
RBMINFRA.NS,2026-09-11,316.6000061035156,261.34166590372723,260.7916662428114,262.6370004272461,319.8663331095378,342.2930001068115,277.0170775799529,221.0,524.7999877929688,False,False,False,False,True,True,False,True,True,-24.55617521547927,ppv,173.59652806943862,False,False,False,False,,Commercial Services & Supplies,Diversified Commercial Services,34.48940269749518,False,False
RBZJEWEL.NS,2026-09-15,165.6999969482422,173.65666580200195,154.28166707356772,152.54900054931642,138.19173329671224,138.74120010375975,172.4955790408968,100.0,204.6999969482422,True,False,False,True,True,True,True,False,False,19.475084022907208,dry,9.588762822306728,False,False,False,False,,Consumer Durables,"Gems, Jewellery And Watches",78.08285163776493,True,False
RRECL.NS,2026-09-15,,,,,,,,,,False,False,False,False,False,False,False,False,False,,noise,,False,False,False,True,,Realty,"Residential, Commercial Projects",,False,False
RECLTD.NS,2026-09-15,308.5,315.55416615804035,336.6583752102322,340.32798461914064,341.43337381998697,342.87733993530276,315.395638785903,299.2584905065143,381.3442016302781,False,False,False,False,False,False,True,False,False,-13.116091359995973,noise,87.9288291117917,False,False,False,False,,Finance,Financial Institution,49.22928709055876,False,False
REDINGTON.NS,2026-09-15,378.95001220703125,372.89583587646484,348.6736111111111,327.52799926757814,263.86954518636065,264.4569853210449,376.5576234953173,187.19874597305954,403.25,True,False,True,True,True,True,True,True,False,58.84843578392327,noise,57.02785176045697,False,False,False,False,,Commercial Services & Supplies,Trading & Distributors,91.32947976878613,True,False
REDTAPE.NS,2026-09-15,120.87000274658203,119.8075008392334,124.96475346883138,126.79351608276367,125.82485412597656,124.79262268066407,118.90788293364854,105.92267660028074,161.05605346448013,False,True,False,True,False,False,True,True,False,-11.672805411670206,ppv,3063.4067373995035,False,False,False,False,,Consumer Durables,Footwear,51.01156069364162,False,False
REFEX.NS,2026-09-15,265.8500061035156,276.86666615804035,292.4763887193468,301.397919921875,275.3853916422526,273.12565551757814,275.4316685808378,187.40098243331008,413.67773156512,False,True,False,True,False,True,False,False,False,-24.554517441528144,noise,39.536648398635556,False,True,False,False,,Other Utilities,Waste Management,34.53757225433526,False,False
REFRACTORY.NS,2026-09-11,26.149999618530273,25.93750015894572,26.100000010596382,26.492000007629393,33.54800004323324,38.03025004386902,25.484326643177305,23.149999618530273,61.20000076293945,False,False,False,False,False,False,False,True,False,-53.009885172474355,green,140.0,False,False,False,False,,Industrial Products,Electrodes & Refractories,6.454720616570328,False,False
REGAAL.NS,2026-09-15,79.72000122070312,87.3591677347819,88.16500006781683,85.76299987792969,79.96920003255208,77.22685005187988,86.08990596856,57.27000045776367,111.87999725341797,False,True,False,True,False,True,False,False,False,-25.841859329578487,red,112.78879001157645,False,False,False,False,,Agricultural Food & other Products,Other Agricultural Products,32.85163776493256,False,False
REGENCERAM.NS,2026-09-15,34.0,34.57583363850912,34.371111181047226,35.39040004730224,40.33433322906494,41.807049932479856,34.706402721817255,30.0,54.9900016784668,False,False,False,False,False,False,False,False,False,-26.486486486486484,noise,26.55424807389149,False,True,False,False,,Consumer Durables,Ceramics,31.840077071290946,False,False
RELCHEMQ.NS,2026-09-15,120.69999694824219,114.58499972025554,119.14083290100098,122.3861994934082,122.78613316853841,125.71049995422364,115.12823369572895,105.01000213623047,167.18432146908745,False,False,False,False,False,False,False,True,False,-24.6547419621879,ppv,2154.0299195479984,False,False,False,False,,Textiles & Apparels,Other Textile Products,34.44123314065511,False,False
RIIL.NS,2026-09-15,697.25,735.0958404541016,744.0958370632595,753.0990051269531,751.0083479817708,758.4571133422852,725.8994266352473,614.5514292159556,959.630048784558,False,False,False,False,False,False,False,False,False,-23.72589206117235,noise,51.15695292994861,False,False,False,False,,Transport Services,Logistics Solution Provider,35.78998073217726,False,False
RELAXO.NS,2026-09-15,317.1499938964844,341.1625035603841,380.0902811686198,385.2130029296875,343.32120035807293,356.33265029907227,336.66400534847514,236.5,503.95001220703125,False,False,False,True,False,True,False,False,False,-35.69546106106869,dry,8.515543208691085,False,False,False,False,,Consumer Durables,Footwear,20.809248554913296,False,False
RELIABLE.NS,2026-09-15,134.9199981689453,138.15583165486655,140.4836107889811,141.9761996459961,137.4562666829427,141.37809989929198,137.69506450664127,104.73999786376953,175.0,False,False,False,True,False,False,True,False,False,6.254232177926977,dry,9.185658817956167,False,False,False,False,,Finance,Other Financial Services,69.41233140655106,False,False
RCOM.NS,2026-09-15,1.059999942779541,0.8741666674613953,0.8366666634877523,0.8437999987602234,0.904199998776118,0.9567499989271164,0.9208885891924261,0.75,1.5099999904632568,True,False,False,False,True,True,False,True,False,-20.89552862868843,ppv,243.57406128837567,False,False,False,False,,Telecom - Services,Telecom - Cellular & Fixed line services,39.59537572254335,False,False
RHFL.NS,2026-09-15,1.850000023841858,1.8216666479905446,1.8438888821336958,1.896999990940094,2.1568666728337607,2.3478500056266784,1.826174387006804,1.7000000476837158,4.840000152587891,False,False,False,False,False,False,False,True,False,-59.95670844874961,noise,76.71667390917627,False,False,False,False,,Finance,Housing Finance Company,3.8535645472061653,False,False
RELIANCE.NS,2026-09-15,1235.300048828125,1288.4000040690105,1300.7555609809028,1299.4780029296876,1338.804806315104,1376.8656060791016,1278.670084760976,1235.300048828125,1604.3820104615531,False,False,False,False,False,False,True,False,False,-11.038600835533574,red,118.53747280405287,False,False,False,True,,Petroleum Products,Refineries & Marketing,51.87861271676301,False,False
RELINFRA.NS,2026-09-15,52.59000015258789,56.974166552225746,62.45333343082004,63.65860023498535,75.80026685078938,94.45139993667603,56.15120506228261,52.59000015258789,274.45001220703125,False,False,False,False,False,False,False,False,False,-79.60837479752078,dry,18.87791709778206,False,False,False,True,,Power,Integrated Power Utilities,0.6262042389210019,False,False
RPOWER.NS,2026-09-15,21.030000686645508,21.922500133514404,22.836388905843098,23.295200004577637,25.110799992879233,27.214949989318846,21.817765540946247,20.170000076293945,50.72999954223633,False,False,False,False,False,False,False,False,False,-54.07294110903968,noise,87.6123317523404,False,False,False,False,,Power,Power Generation,5.924855491329479,False,False
RELIGARE.NS,2026-09-15,247.5500030517578,249.27166493733725,243.83361095852322,249.38620056152342,236.70646647135416,237.64585006713867,250.5471811520099,196.50999450683594,280.0,True,False,False,True,False,False,True,False,False,-3.3611807023975038,noise,52.337294897942,False,False,False,False,,Finance,Investment Company,60.83815028901734,False,False
REMSONSIND.NS,2026-09-15,92.12999725341797,94.3566665649414,87.55472225613065,85.60420013427735,94.02864741007487,99.60691539764404,94.26695742308107,75.2300033569336,152.1076024667157,False,False,False,False,True,False,False,False,False,-25.95238401836648,red,117.30906057874006,False,False,False,False,,Auto Components,Auto Components & Equipments,32.70712909441233,False,False
REMUS.NS,2026-09-11,880.0,897.9833272298177,848.1166653103298,819.3349987792968,738.5459985351563,728.2502493286133,897.5935323135516,580.0,987.5,True,True,True,True,True,True,True,False,False,6.428201607341988,noise,60.26557711950971,False,False,False,False,,Pharmaceuticals & Biotechnology,Pharmaceuticals,69.46050096339114,False,False
RGL.NS,2026-09-15,151.77000427246094,145.81416702270508,130.88194423251682,127.65119979858399,114.08993311564127,115.79514980316162,148.22734511186226,85.0,163.4499969482422,True,False,False,True,True,True,True,True,False,28.02193198274283,noise,66.20718869346314,False,False,False,False,,Consumer Durables,"Gems, Jewellery And Watches",82.27360308285164,True,False
REPCOHOME.NS,2026-09-15,348.75,358.7041651407878,367.665278116862,378.03,385.29508341471353,389.7030358886719,356.97861068926585,333.6000061035156,453.7097447808215,False,False,False,False,False,False,True,False,False,-6.401289694930934,red,163.17366034426902,False,False,False,False,,Finance,Housing Finance Company,57.321772639691716,False,False
REPRO.NS,2026-09-15,296.3999938964844,313.24583435058594,336.7291666666667,345.76800048828125,364.56699951171873,385.3779998779297,311.60004359620734,285.20001220703125,590.0,False,False,False,False,False,False,False,False,False,-36.32653192341904,noise,43.21425446801699,False,False,False,True,,Printing & Publication,Printing & Publication,20.23121387283237,False,False
RESPONIND.NS,2026-09-15,160.82000732421875,156.63416544596353,162.40103488498264,170.36825225830077,170.14565673828125,175.93388298034668,160.59083082250893,117.18050072732538,240.7572086823752,False,False,False,False,False,True,False,True,False,-17.963920470731964,noise,41.487793459769755,False,False,False,False,,Consumer Durables,"Furniture, Home Furnishing",42.96724470134875,False,False
RBA.NS,2026-09-15,95.2300033569336,98.21500078837077,92.02694447835286,85.8536001586914,72.7577998606364,70.67499998092651,97.84043735230303,57.150001525878906,111.1500015258789,True,True,True,True,True,True,True,False,False,18.888895344611957,noise,24.710069744132618,False,False,False,False,,Leisure Services,Restaurants,77.69749518304432,True,True
RVTH.NS,2026-09-15,680.5,735.9541676839193,727.5166710747612,724.1200024414062,675.0236673990886,681.1012503051758,733.8081184435044,491.1000061035156,1300.0,False,False,False,True,False,True,False,False,False,-19.055550122625707,red,453.9980292690048,False,False,False,False,,Industrial Manufacturing,Industrial Products,41.95568400770713,False,False
REXPIPES.NS,2026-09-14,160.64999389648438,160.64999389648438,166.2124989827474,168.07299926757813,181.91466603597004,173.02424949645996,161.08258480127427,130.1999969482422,208.0,False,True,True,False,False,False,True,False,False,-2.6363673354640182,dry,0.0,False,False,False,False,,Industrial Products,Plastic Products - Industrial,61.27167630057804,False,False
RHETAN.NS,2026-09-15,,,,,,,,,,False,False,False,False,False,False,False,False,False,,dry,1.883191346831051,False,False,False,False,,Industrial Products,Iron & Steel Products,,False,False
RHIM.NS,2026-09-15,361.6000061035156,369.2669397989909,382.77990298801,387.5078698730469,391.73113342285154,405.00806838989257,370.3986891069709,320.9173739231228,504.94444206371475,False,False,False,False,False,False,False,False,False,-22.99022373237386,noise,21.619980091144814,False,False,False,False,,Industrial Products,Electrodes & Refractories,37.042389210019266,False,False
RICOAUTO.NS,2026-09-15,128.5800018310547,129.94174003601074,134.75564363267688,133.75394760131837,125.05208821614583,124.43597122192382,130.6565078525781,78.58512483629973,157.3196224733626,True,True,True,True,False,True,True,False,False,25.892482779387095,noise,32.17005158234317,False,True,False,False,,Auto Components,Auto Components & Equipments,81.40655105973025,True,False
RIR.NS,2026-09-15,,,,,,,,,,False,False,False,False,False,False,False,False,False,,noise,,False,False,False,False,,Electrical Equipment,Other Electrical Equipment,,False,False
RISHABH.NS,2026-09-15,779.5,753.7916666666666,688.1749996609158,677.1086535644531,542.4833060709635,503.88559478759765,771.7551800461035,314.00355666259446,852.0,True,True,True,True,True,True,True,True,False,75.60602011641731,noise,70.17315890897838,False,False,False,False,,Electrical Equipment,Other Electrical Equipment,93.44894026974951,True,True
RITCO.NS,2026-09-15,291.3500061035156,305.7791697184245,304.80694749620227,295.36800170898437,252.3374008178711,255.12800018310546,304.491301955325,167.10000610351562,328.1499938964844,True,False,True,True,False,True,True,False,False,4.501441484949509,noise,42.54425175329714,False,False,False,False,,Transport Services,Logistics Solution Provider,68.01541425818883,False,False
RITES.NS,2026-09-15,206.52999877929688,213.4808349609375,218.05026796129016,218.6719528198242,211.48167368570964,215.46939613342286,212.06288431973618,173.9540675101702,272.0997840702363,False,False,False,True,False,False,True,False,False,-19.18676093798204,dry,9.31245177167078,False,False,False,False,,Construction,Civil Construction,41.859344894026975,False,False
RKEC.NS,2026-09-15,19.43000030517578,20.81416654586792,23.557222101423477,24.518599891662596,31.639133529663084,36.60065017700195,20.412438586693764,18.270000457763672,81.5,False,False,False,False,False,False,False,False,False,-72.29430904586438,noise,63.69652116642391,False,False,False,False,,Construction,Civil Construction,1.2524084778420037,False,False
RMC.NS,2026-09-15,,,,,,,,,,False,False,False,False,False,False,False,False,False,,noise,68.20641703092673,False,False,False,True,,Electrical Equipment,Other Electrical Equipment,,False,False
RHL.NS,2026-09-15,175.22999572753906,168.331667582194,169.3219451904297,170.95580047607422,178.56959950764974,183.22314987182617,168.9559456762699,160.97999572753906,274.8500061035156,False,False,False,False,True,False,False,True,False,-33.700339076519334,ppv,181.48818475087077,False,False,False,False,,Leisure Services,Hotels & Resorts,23.02504816955684,False,False
ROCKINGDCE.NS,2026-09-11,227.35000610351562,230.0,200.3791652255588,194.7059991455078,191.52566589355467,197.60624931335448,223.93557115789508,123.9000015258789,283.8500061035156,True,False,False,False,True,True,True,True,False,10.310528564141318,noise,93.7031484257871,False,False,False,False,,Commercial Services & Supplies,Trading & Distributors,72.63969171483622,True,False
ROLEXRINGS.NS,2026-09-15,166.47000122070312,175.14916483561197,165.92138799031576,160.43359985351563,145.05686711629232,139.40075031280517,173.29442660111027,99.79000091552734,189.39999389648438,True,True,True,True,True,True,True,False,False,20.038945783543483,noise,27.799914489423145,False,False,False,False,,Auto Components,Auto Components & Equipments,78.75722543352602,True,True
ROLLT.NS,2026-09-15,4.949999809265137,4.384999990463257,3.4625000026490955,3.1409999990463255,2.2697999970118206,2.0315999978780748,4.4944953082662735,1.0700000524520874,4.980000019073486,True,True,True,True,True,True,True,True,False,338.0530823144368,ppv,189.2756178911997,False,False,True,False,,Industrial Products,Packaging,99.56647398843931,True,True
ROSSARI.NS,2026-09-15,435.3999938964844,465.67083231608075,492.5,500.15107971191406,495.8099131266276,513.0634753417969,458.37993927091344,374.6386314970258,689.6347499019316,False,False,False,False,False,False,False,False,False,-31.47484357141883,noise,72.07639829688407,False,False,False,False,,Chemicals & Petrochemicals,Specialty Chemicals,25.240847784200387,False,False
ROSSELLIND.NS,2026-09-15,56.650001525878906,57.326666514078774,57.14937252468533,57.4210294342041,53.07395968119303,52.21014907836914,56.81479197909008,39.715149491293374,73.0,True,True,False,True,False,True,True,False,False,-12.450024359955725,noise,68.52405098970313,False,False,False,False,,Agricultural Food & other Products,Tea & Coffee,50.19267822736031,False,False
ROSSTECH.NS,2026-09-15,1265.4000244140625,1166.4791564941406,1089.1027696397568,1063.4279931640624,934.9083333333333,866.5707495117188,1186.465415052675,551.9000244140625,1308.199951171875,True,True,True,True,True,True,True,True,False,69.69401763982377,ppv,409.8415654880003,False,False,True,False,,Aerospace & Defense,Aerospace & Defense,92.72639691714836,True,True
ROTO.NS,2026-09-15,63.0099983215332,64.61916605631511,66.04861132303874,66.78080017089843,62.04653343200684,62.32795015335083,64.59699013200878,47.5,85.27999877929688,True,False,False,True,False,True,False,False,False,-25.01487654780561,noise,52.32667786188732,False,False,False,False,,Industrial Products,"Compressors, Pumps & Diesel Engines",34.00770712909441,False,False
ROUTE.NS,2026-09-15,481.8999938964844,500.5583318074544,515.6837615966797,527.2849877929688,512.2347993977864,546.6911059570313,498.00890584903954,406.117116732523,872.0426229622601,False,False,False,False,False,False,False,False,False,-42.50808700233916,noise,22.54108602042789,False,False,False,False,,Telecom - Services,Other Telecom Services,13.96917148362235,False,False
ROXHITECH.NS,2026-09-11,45.79999923706055,47.78333377838135,49.18888929155138,46.188000183105466,37.98100007375081,38.800500040054324,47.3877043671549,22.950000762939453,58.900001525878906,True,False,False,True,False,True,True,False,False,-6.051283616286063,red,125.10088781275222,False,False,False,False,,IT - Services,IT Enabled Services,57.80346820809249,False,False
ROHLTD.NS,2026-09-15,298.5,301.27916463216144,306.43834092881946,309.9261285400391,326.4958426920573,341.66055526733396,302.56878606293157,267.17832741026103,558.3075308743254,False,False,False,False,False,False,False,False,False,-43.48284316444602,noise,87.72518966783488,False,False,False,False,,Leisure Services,Hotels & Resorts,13.294797687861271,False,False
RPGLIFE.NS,2026-09-15,2718.800048828125,2673.191691080729,2708.0472276475693,2729.7253564453126,2289.970665690104,2271.914256591797,2708.3918366700573,1716.0396604625457,3082.0,True,True,True,True,False,True,True,True,False,14.920102794634982,ppv,202.880859375,False,False,False,False,,Pharmaceuticals & Biotechnology,Pharmaceuticals,75.77071290944123,True,False
RPPINFRA.NS,2026-09-15,54.720001220703125,56.83916664123535,58.43888907962375,59.90960021972656,67.8813333384196,75.21410001754761,57.64144438188846,53.0,154.13435937906976,False,False,False,False,False,False,False,False,False,-63.12306874871524,noise,43.240426347618325,False,False,False,False,,Construction,Civil Construction,2.745664739884393,False,False
RPSGVENT.NS,2026-09-15,829.3499755859375,841.4791666666666,881.9666629367405,886.8809948730469,852.3839998372396,824.1545010375977,841.0115071869894,551.9000244140625,1179.0,False,True,True,True,False,True,False,False,False,-4.425240497155003,red,122.32452590011734,False,False,False,False,,Commercial Services & Supplies,Business Process Outsourcing (BPO)/ Knowledge Process Outsourcing (KPO),59.82658959537572,False,False
RRIL.NS,2026-09-15,,,,,,,,,,False,False,False,False,False,False,False,False,False,,noise,,False,False,False,True,,Textiles & Apparels,Other Textile Products,,False,False
RSDFIN.NS,2026-09-15,,,,,,,,,,False,False,False,False,False,False,False,False,False,,noise,,False,False,False,False,,Finance,Non Banking Financial Company (NBFC),,False,False
RSWM.NS,2026-09-15,209.41000366210938,210.00333404541016,208.74472257826062,207.77759979248046,178.17880050659178,170.28410007476808,212.47208800179195,120.0,238.0,True,True,True,True,True,True,True,False,False,30.108734161362438,noise,66.22903182012732,False,False,False,False,,Textiles & Apparels,Other Textile Products,83.1888246628131,True,True
RTSPOWR.NS,2026-09-15,,,,,,,,,,False,False,False,False,False,False,False,False,False,,noise,,False,True,False,True,,Electrical Equipment,Other Electrical Equipment,,False,False
RUBFILA.NS,2026-09-15,63.560001373291016,68.18916670481364,69.32166576385498,70.61999977111816,70.2911333211263,71.00569995880127,67.65923435619753,57.310001373291016,86.9000015258789,False,False,False,False,False,False,False,False,False,-23.246808213861026,red,284.18175397423454,False,False,False,False,,Industrial Products,Rubber,36.41618497109826,False,False
RUBICON.NS,2026-09-15,,,,,,,,,,False,False,False,False,False,False,False,False,False,,noise,60.451542798480716,False,False,False,False,,Pharmaceuticals & Biotechnology,Pharmaceuticals,,False,False
RUBYMILLS.NS,2026-09-15,432.3999938964844,420.30416107177734,395.0361099243164,392.15600036621095,294.1260664876302,273.85509994506833,431.1296169776418,169.02000427246094,488.29998779296875,True,True,True,True,True,True,True,True,False,92.51146107541413,noise,63.66754164224078,False,False,False,False,,Textiles & Apparels,Other Textile Products,95.18304431599229,True,True
RUCHINFRA.NS,2026-09-15,5.409999847412109,5.695000012715657,5.779999997880724,5.805799999237061,5.949533335367838,6.052400002479553,5.638447802803119,4.050000190734863,8.25,False,False,False,False,False,True,False,False,False,-28.249338530731904,red,116.64244144028511,False,False,False,False,,Commercial Services & Supplies,Diversified Commercial Services,29.238921001926784,False,False
RUCHIRA.NS,2026-09-15,105.44000244140625,106.5075003306071,106.45944404602051,105.96499969482421,110.05920013427735,112.3857501220703,107.34809589935954,95.16999816894531,167.91266046684,False,False,False,False,False,False,False,False,True,-28.25612569232715,noise,80.82229257044592,False,False,False,False,,"Paper, Forest & Jute Products",Paper & Paper Products,29.190751445086704,False,False
RUDRA.NS,2026-09-15,,,,,,,,,,False,False,False,False,False,False,False,False,False,,dry,15.31805286771645,False,True,False,False,,Industrial Products,Iron & Steel Products,,False,False
REPL.NS,2026-09-15,59.5099983215332,62.589999198913574,63.776388592190216,64.269599609375,72.73813329060873,83.06084968566894,61.75259442810271,57.95000076293945,168.0,False,False,False,False,False,False,False,False,False,-62.99359540761776,red,231.7703860613347,False,False,False,True,,Construction,Civil Construction,2.842003853564547,False,False
RULKA.NS,2026-09-11,107.0,108.52083333333333,108.66805521647136,107.95199996948242,99.42899998982747,100.98399982452392,107.98162246534012,72.94999694824219,139.75,True,False,False,True,False,True,True,False,False,-16.53665947964196,noise,26.014568158168572,False,False,False,False,,Construction,Civil Construction,44.84585741811175,False,False
RUPA.NS,2026-09-15,133.49000549316406,140.49065144856772,149.7997351752387,153.64187683105467,145.82470626831054,148.57970142364502,139.34091484925614,106.87728529779513,208.29375509813576,False,False,False,True,False,False,False,False,False,-33.68487782825049,noise,86.64824745397478,False,False,False,False,,Textiles & Apparels,Garments & Apparels,23.121387283236995,False,False
RUSHIL.NS,2026-09-15,15.59000015258789,16.08711830774943,16.862246407402885,16.649718379974367,16.54067190806071,17.869318809509277,16.036326807521707,12.451066323135663,33.884048197823326,False,False,False,False,False,False,False,False,False,-47.66148091438425,noise,31.238150447921083,False,False,False,False,,Consumer Durables,Plywood Boards/ Laminates,9.633911368015415,False,False
S&SPOWER.NS,2026-09-15,332.8500061035156,335.8500035603841,323.5902820163303,330.61900329589844,348.9376670328776,328.6433003234863,336.24992887710914,193.5,468.8999938964844,False,True,False,False,True,True,False,False,False,-15.541740434257157,noise,63.44494158061028,False,False,False,False,,Electrical Equipment,Other Electrical Equipment,46.14643545279383,False,False
SAIL.NS,2026-09-15,173.0,189.53749974568686,179.27833302815756,175.02739959716797,173.92373311360677,166.08674976348877,184.28361441301877,124.0,209.6999969482422,False,True,True,True,False,True,True,False,False,30.802969291714575,noise,53.5050792547908,False,False,False,False,,Ferrous Metals,Iron & Steel,83.42967244701349,True,False
SCI.NS,2026-09-15,269.04998779296875,287.86686452229816,290.0176527235243,287.18708251953126,283.56311391194663,267.0969013214111,284.49907162344186,192.34996969124379,367.499792159746,False,True,True,True,False,True,False,False,False,29.125470184013636,noise,79.80986098375043,False,False,False,False,,Transport Services,Shipping,82.70712909441234,True,False
SCHAND.NS,2026-09-15,133.74000549316406,135.82249959309897,139.350277794732,142.1429998779297,149.5120487467448,151.44523345947266,135.8532315334917,127.01304824091756,195.32956057106102,False,False,False,False,False,False,False,False,False,-31.05190703382197,noise,59.27515190256475,False,False,False,False,,Printing & Publication,Printing & Publication,25.722543352601157,False,False
SHK.NS,2026-09-15,135.88999938964844,147.05083211263022,157.10722054375543,150.22359924316407,142.24951299031576,147.9131934738159,145.37651672570723,111.9800033569336,255.96823277943642,False,False,False,True,False,False,False,False,False,-45.09206558010983,noise,31.732040949513703,False,False,False,False,,Chemicals & Petrochemicals,Specialty Chemicals,11.849710982658959,False,False
SJLOGISTIC.NS,2026-09-11,317.3500061035156,321.5125020345052,322.2180574205187,324.70400146484377,318.316001180013,327.9450004577637,321.043280906899,225.35000610351562,459.0,False,False,False,False,False,True,False,False,False,-17.010980342896598,noise,86.45191852202747,False,False,False,False,,Transport Services,Logistics Solution Provider,44.1233140655106,False,False
SPAL.NS,2026-09-15,973.7999877929688,1026.9375508626301,996.8998243543837,1019.25044921875,868.5831555175781,826.4459603881836,1015.6191863227831,598.3063263737936,1218.4508944923061,True,True,True,True,False,True,True,False,False,28.07299132027392,noise,42.97431790554337,False,False,False,False,,Textiles & Apparels,Garments & Apparels,82.32177263969172,True,False
SPIC.NS,2026-09-15,67.37999725341797,69.46083196004231,68.19888877868652,67.85799987792969,67.93066673278808,70.65969999313354,69.2414338286574,55.099998474121094,112.83238440166903,False,False,False,False,False,False,False,False,False,-37.81720832802624,red,109.89313397962222,False,False,False,False,,Fertilizers & Agrochemicals,Fertilizers,18.737957610789984,False,False
STCINDIA.NS,2026-09-15,111.26000213623047,114.48499997456868,117.3472220102946,118.29199981689453,117.67213307698567,118.60024986267089,113.98717458062538,97.04000091552734,150.6999969482422,False,False,False,False,False,False,False,False,False,-6.449170225564627,noise,32.13126659068032,False,False,False,False,,Commercial Services & Supplies,Trading & Distributors,57.22543352601156,False,False
SVGLOBAL.NS,2026-09-15,,,,,,,,,,False,False,False,False,False,False,False,False,False,,noise,,False,False,False,False,,Realty,"Residential, Commercial Projects",,False,False
SALSTEEL.NS,2026-09-15,71.06999969482422,77.89666684468587,69.77138868967693,65.92259979248047,56.418066584269205,52.299499950408936,76.49352104923972,26.100000381469727,86.25,True,True,True,True,True,True,True,False,False,142.89131626414942,noise,79.5532849593246,False,False,False,False,,Ferrous Metals,Sponge Iron,97.88053949903662,True,True
SAAKSHI.NS,2026-09-11,345.3999938964844,314.10416412353516,300.2222205268012,299.12299865722656,246.4149989827474,230.34624923706053,324.59659624683,147.39999389648438,355.45001220703125,True,True,True,True,True,True,True,True,False,109.90579610493336,noise,49.767750497677504,False,False,False,False,,Electrical Equipment,Other Electrical Equipment,96.38728323699422,True,True
SAATVIKGL.NS,2026-09-15,,,,,,,,,,False,False,False,False,False,False,False,False,False,,noise,77.82854946678862,False,False,False,False,,Electrical Equipment,Other Electrical Equipment,,False,False
SAB.NS,2026-09-15,,,,,,,,,,False,False,False,False,False,False,False,False,False,,noise,,False,False,False,False,,Construction,Civil Construction,,False,False
SABAR.NS,2026-09-14,9.5,8.766666690508524,7.381944444444445,6.646999998092651,5.838333317438761,5.714499974250794,9.01862968854473,3.950000047683716,9.5,True,True,True,True,True,True,True,True,False,33.802818698652274,dry,0.0,False,False,True,False,,Industrial Products,Packaging,84.29672447013488,True,True
SADBHAV.NS,2026-09-15,7.670000076293945,8.164999961853027,8.4675000111262,8.392400026321411,8.784333330790203,8.969649984836579,8.038007259783566,6.050000190734863,14.699999809265137,False,False,False,False,False,False,False,False,False,-45.21428516932896,noise,80.16573203658538,False,False,False,False,,Construction,Civil Construction,11.705202312138727,False,False
SADBHIN.NS,2026-09-15,2.4700000286102295,2.57833331823349,2.5941666497124567,2.5893999910354615,2.8325333340962726,3.0296500015258787,2.5534593464789808,2.059999942779541,4.789999961853027,False,False,False,False,False,False,False,False,False,-44.11764737612267,noise,39.4151655651955,False,True,False,False,,Construction,Civil Construction,12.668593448940268,False,False
SADHNANIQ.NS,2026-09-15,2.799999952316284,2.794999976952871,2.884166671170129,2.8388000106811524,2.388819468021393,3.452464591860771,2.817178362717476,1.2699999809265137,11.300000190734863,False,False,False,False,False,True,False,False,False,-74.24103052626417,noise,50.607652241808054,False,False,False,False,,Chemicals & Petrochemicals,Commodity Chemicals,0.9633911368015413,False,False
SADHAV.NS,2026-09-11,113.6500015258789,112.52500025431316,115.4319445292155,115.40199996948242,112.43533325195312,109.8782498550415,113.27261111088781,86.30000305175781,128.85000610351562,True,True,False,True,False,True,True,True,False,-1.9413287061067042,noise,73.47254447022429,False,True,False,False,,Transport Services,Shipping,62.042389210019266,False,False
SAFARI.NS,2026-09-15,1532.0999755859375,1522.2666422526042,1517.8777669270833,1547.1545190429688,1584.4601375325522,1735.7412286376953,1523.8166436670194,1361.4252325150483,2504.019782423858,False,False,False,False,False,False,False,True,False,-30.08755597161873,red,187.90474669337726,False,True,False,False,,Consumer Durables,Plastic Products - Consumer,26.78227360308285,False,False
SAGCEM.NS,2026-09-15,146.8000030517578,154.39333470662436,165.90999942355685,169.40419921875,176.9231329345703,183.8997996520996,152.48668507485957,145.5,289.70001220703125,False,False,False,False,False,False,False,False,False,-47.77659200843332,noise,64.37430647299192,False,True,False,False,,Cement & Cement Products,Cement & Cement Products,9.585741811175337,False,False
SAGARDEEP.NS,2026-09-15,23.649999618530273,23.75083367029826,24.101111200120712,24.176200103759765,24.213933347066245,24.72050001144409,23.77691927575886,20.809999465942383,31.479999542236328,False,False,False,False,False,False,True,False,False,-12.47224567779418,noise,50.35430237493311,False,False,False,False,,Industrial Products,"Aluminium, Copper & Zinc Products",50.09633911368015,False,False
SAGILITY.NS,2026-09-15,45.599998474121094,46.018333435058594,44.26956611209445,43.447579345703126,42.02956558227539,44.19659448623657,45.41929753819391,35.748125066049155,57.700033807096844,True,False,False,False,True,False,True,True,False,2.9249281668267235,ppv,90.91102073961007,False,False,False,False,,IT - Services,IT Enabled Services,66.61849710982659,False,False
SAHAJSOLAR.NS,2026-09-11,93.94999694824219,97.71249961853027,106.1805551317003,111.1059994506836,127.46266693115234,135.4132501220703,96.82276134163483,91.0,258.95001220703125,False,False,False,False,False,False,False,False,False,-62.784710602510316,noise,62.61740763932373,False,False,False,False,,Electrical Equipment,Other Electrical Equipment,2.8901734104046244,False,False
SAHANA.NS,2026-09-11,904.4500122070312,915.9416707356771,845.2624986436632,852.7396643066406,881.2358882649739,883.783166809082,903.8567677306689,685.0,1256.0,True,False,False,False,True,True,False,True,False,-24.288462188908976,noise,44.630002879355025,False,True,False,False,,IT - Services,IT Enabled Services,34.82658959537572,False,False
SAHYADRI.NS,2026-09-15,363.1499938964844,367.3291651407878,345.9925757514106,327.08612182617185,282.54158854166667,273.89410751342774,372.1245034310825,197.86802644015765,408.95001220703125,True,True,True,True,True,True,True,False,False,29.62705679224833,red,118.30057798514977,False,False,False,False,,Other Construction Materials,Other Construction Materials,82.89980732177264,True,True
SAICAPI.NS,2026-09-15,,,,,,,,,,False,False,False,False,False,False,False,False,False,,noise,,False,True,False,False,,Commercial Services & Supplies,Diversified Commercial Services,,False,False
SAILIFE.NS,2026-09-15,1541.5,1569.0499979654949,1458.8527730305989,1402.307998046875,1179.9993314615886,1105.4059982299805,1571.9345275002293,783.8499755859375,1697.0,True,True,True,True,True,True,True,False,False,76.63572572911903,noise,67.17663503813162,False,False,False,False,,Pharmaceuticals & Biotechnology,Pharmaceuticals,93.59344894026975,True,True
SAIPARENT.NS,2026-09-15,,,,,,,,,,False,False,False,False,False,False,False,False,False,,noise,59.98328938847257,False,False,False,False,,Pharmaceuticals & Biotechnology,Pharmaceuticals,,False,False
KALAMANDIR.NS,2026-09-15,78.97000122070312,84.87583351135254,86.33159489101834,88.68174255371093,98.897509765625,108.0692180633545,83.87921318819141,78.44999694824219,219.27654356882928,False,False,False,False,False,False,False,False,False,-53.385312194718615,red,131.32862261017283,False,False,False,True,,Retailing,Speciality Retail,6.262042389210019,False,False
SEKURITIND.NS,2026-09-15,,,,,,,,,,False,False,False,False,False,False,False,False,False,,noise,,False,False,False,True,,Auto Components,Auto Components & Equipments,,False,False
SAKAR.NS,2026-09-15,1137.550048828125,1027.3041737874348,936.1569485134548,913.7380029296875,731.5246667480469,649.0214997863769,1071.7940307135743,328.20001220703125,1211.0,True,True,True,True,True,True,True,True,False,233.29917653503065,noise,67.23997163609448,False,True,False,False,,Pharmaceuticals & Biotechnology,Pharmaceuticals,99.22928709055877,True,True
SAKSOFT.NS,2026-09-15,142.25,151.46916834513345,161.44243621826172,164.9028805541992,150.02862365722658,159.32931632995604,149.96584488433595,107.23637904324156,223.5125912995052,False,False,False,True,False,True,False,False,False,-31.551169019895287,noise,43.16425010025704,False,False,False,False,,IT - Software,Computers - Software & Consulting,25.14450867052023,False,False
SAKHTISUG.NS,2026-09-15,18.950000762939453,20.024166742960613,18.927777767181396,18.372000007629396,17.48673336029053,17.737149982452394,19.723072034170183,13.520000457763672,23.290000915527344,True,False,False,True,True,True,True,False,False,-15.250446128491834,noise,48.44525658222379,False,False,False,False,,Agricultural Food & other Products,Sugar,46.53179190751445,False,False
SAKUMA.NS,2026-09-15,1.559999942779541,1.6133333444595337,1.6216666632228427,1.6461999988555909,1.7663333257039389,1.8542500007152558,1.5981966793687903,1.100000023841858,3.0999999046325684,False,False,False,False,False,True,False,False,False,-40.0,noise,86.31076834768801,False,False,False,False,,Commercial Services & Supplies,Trading & Distributors,16.666666666666664,False,False
SECL.NS,2026-09-14,3.0,3.0,3.0,3.0,3.3403333457310995,3.5835000073909757,3.000000907262127,3.0,6.0,False,False,False,False,False,False,False,False,False,-50.0,dry,,False,False,False,True,,Construction,Civil Construction,8.38150289017341,False,False
SALASAR.NS,2026-09-15,4.809999942779541,5.316666682561238,5.714722249242994,5.8058000183105465,6.708733332951864,7.210100004673004,5.189733023689989,4.710000038146973,10.989999771118164,False,False,False,False,False,False,False,False,False,-46.733110907890584,red,239.24468864340045,False,False,False,True,,Industrial Manufacturing,Industrial Products,10.211946050096339,False,False
SALONA.NS,2026-09-15,257.1499938964844,264.6583302815755,257.5333307054308,257.0929986572266,265.49880045572917,264.0743003845215,262.459767878586,200.0,320.0,False,True,False,False,True,False,True,False,False,7.978019940388603,dry,3.4740780331373595,False,False,False,False,,Textiles & Apparels,Other Textile Products,70.61657032755299,True,False
SALZERELEC.NS,2026-09-15,531.4500122070312,545.0166676839193,565.0088297526041,574.0468505859375,610.0510935465495,619.6854383850098,546.533190388224,486.5670256209939,948.1487230418616,False,False,False,False,False,False,False,False,False,-35.7224903298903,noise,71.65307337102672,False,False,False,False,,Electrical Equipment,Other Electrical Equipment,20.761078998073216,False,False
SAMBANDAM.NS,2026-09-15,,,,,,,,,,False,False,False,False,False,False,False,False,False,,noise,,False,True,False,True,,Textiles & Apparels,Other Textile Products,,False,False
SAMBHAAV.NS,2026-09-15,5.670000076293945,5.926666696866353,6.23833331796858,6.2261999893188475,6.574200007120768,7.169300012588501,5.902444949214928,5.070000171661377,11.529999732971191,False,False,False,False,False,False,False,False,False,-15.119757155680558,noise,51.18999128552419,False,False,False,False,,Media,Electronic Media,46.67630057803468,False,False
SAMBHV.NS,2026-09-15,128.9600067138672,129.32916768391928,124.54944504631891,122.73120025634766,112.13326685587565,107.57450016021728,129.65958799044856,81.41999816894531,141.32000732421875,True,True,True,True,True,True,True,False,False,6.949746853175354,noise,97.48237204519587,False,False,False,False,,Industrial Products,Iron & Steel Products,69.94219653179191,False,False
SAIFL.NS,2026-09-11,4.400000095367432,4.737499992052714,4.94722224606408,4.998000030517578,7.17233336130778,8.436000018119811,4.662944399185772,4.349999904632568,26.799999237060547,False,False,False,False,False,False,False,False,False,-83.58208872900688,red,109.96563573883162,False,False,False,True,,Agricultural Food & other Products,Other Agricultural Products,0.3371868978805395,False,False
SAMHI.NS,2026-09-15,152.72999572753906,154.91999944051108,164.46555540296765,166.11820037841798,161.590866800944,166.54135025024414,155.57955624714154,127.0,217.97000122070312,False,False,False,False,False,False,False,False,False,-28.238502836279277,noise,42.861259303198146,False,False,False,False,,Leisure Services,Hotels & Resorts,29.335260115606935,False,False
SAMMAANCAP.NS,2026-09-15,141.9600067138672,150.144167582194,155.07083341810437,157.34660003662108,156.03313334147134,153.30350006103515,149.3424079521234,129.0,192.9499969482422,False,True,False,True,False,False,False,False,False,4.229082154688957,noise,68.34793314940724,False,False,False,False,,Finance,Housing Finance Company,67.77456647398844,False,False
SAMPANN.NS,2026-09-15,23.90999984741211,24.77749999364217,26.112777762942844,26.54240005493164,27.89633322397868,29.059149923324586,24.59389109163027,23.559999465942383,43.439998626708984,False,False,False,False,False,False,False,False,False,-12.127891760730291,red,142.70048813964328,False,False,False,True,,Industrial Products,Rubber,50.529865125240846,False,False
MOTHERSON.NS,2026-09-15,158.14999389648438,163.60249964396158,162.3333329094781,157.04021575927734,138.8358235168457,133.29020790100097,162.926510394314,100.08486893041561,173.27000427246094,True,True,True,True,True,True,True,False,False,51.797281376851465,noise,81.8545118378451,False,False,False,False,,Auto Components,Auto Components & Equipments,89.64354527938343,True,True
SANATHAN.NS,2026-09-15,461.3999938964844,458.5124994913737,466.57777913411456,463.7750006103516,434.4140000406901,435.5147497558594,465.2077897063671,352.6000061035156,551.9500122070312,True,False,False,True,False,True,True,False,False,-10.433859646753197,noise,75.75218490197157,False,False,False,False,,Textiles & Apparels,Other Textile Products,52.601156069364166,False,False
SANDESH.NS,2026-09-15,1018.7999877929688,1035.3124898274739,1035.2573343912761,1018.5126525878907,993.1700345865885,1009.1119012451172,1031.7172448252559,807.2328449654277,1264.1007007758396,True,False,False,True,True,False,True,False,False,-14.718000050478386,dry,13.627557219321575,False,False,False,False,,Media,Print Media,47.25433526011561,False,False
SANDHAR.NS,2026-09-15,610.3499755859375,630.0180002848307,631.2441728379991,631.4362084960937,581.3918931070964,571.6828929138184,625.3037097881182,421.2961280525958,758.3330403781767,True,True,True,True,False,True,True,False,False,33.69618572480668,noise,51.00910687156721,False,False,False,False,,Auto Components,Auto Components & Equipments,84.2485549132948,True,False
SANDUMA.NS,2026-09-15,181.97999572753906,196.89833323160806,202.23173650105795,201.16819763183594,206.0139008585612,210.0126676940918,194.61122197923976,152.16019309272266,272.33215508462166,False,False,False,False,False,False,False,False,False,17.80837195004379,red,161.174465569511,False,False,False,False,,Ferrous Metals,Iron & Steel,77.26396917148362,True,False
SANGAMIND.NS,2026-09-15,565.6500244140625,580.7625020345052,590.080552842882,592.6609997558594,521.8732932535808,503.5750044250488,576.6187990520406,365.3095453406517,672.5,True,True,True,True,False,True,True,False,False,54.8202915665414,noise,26.51326334311781,False,False,False,False,,Textiles & Apparels,Other Textile Products,90.60693641618496,True,False
SANGANI.NS,2026-09-11,53.900001525878906,53.458333015441895,50.09166664547391,48.610000152587894,47.19300013224284,48.9817501449585,53.71853275948451,37.0,76.0,True,False,False,False,True,True,False,True,False,-26.416380169448594,noise,39.0625,False,False,False,False,,Healthcare Services,Hospital,32.080924855491325,False,False
SANGHVIMOV.NS,2026-09-15,401.5,440.74166615804035,460.82835557725696,454.4555206298828,364.77294494628904,352.8218424987793,435.42964258116695,222.89884643051099,525.873954285097,True,True,True,True,False,True,True,False,False,10.976792333527463,red,114.14853674810179,False,False,False,False,,Commercial Services & Supplies,Diversified Commercial Services,73.16955684007708,True,False
SANGINITA.NS,2026-09-15,66.9800033569336,59.66083367665609,59.334166526794434,57.65219970703125,35.08219998041789,28.951249980926512,61.888584603144594,9.260000228881836,68.0199966430664,True,True,True,True,True,True,True,True,True,597.708340576953,dry,7.334884386041911,False,False,True,False,,Chemicals & Petrochemicals,Specialty Chemicals,99.90366088631984,True,True
SANOFICONR.NS,2026-09-15,4055.300048828125,4123.383361816406,4334.272264268663,4401.864028320312,4449.964436848958,4422.7878930664065,4103.889443959496,3914.755837704811,5275.810550953666,False,True,False,False,False,False,True,False,False,-21.154478563694123,noise,93.33291514268342,False,False,False,False,,Pharmaceuticals & Biotechnology,Pharmaceuticals,39.16184971098266,False,False
SANOFI.NS,2026-09-15,3131.0,3135.3583170572915,3246.1638861762153,3286.763994140625,3389.8595458984373,3565.119011230469,3132.6223311932245,3054.0,4965.296834526717,False,False,False,False,False,False,False,False,False,-36.489003988870024,green,102.6873383203873,False,False,False,False,,Pharmaceuticals & Biotechnology,Pharmaceuticals,20.08670520231214,False,False
SANSERA.NS,2026-09-15,3871.699951171875,3940.383341471354,3759.0111151801216,3610.5760009765627,2877.2260026041668,2595.723500366211,3966.801735037508,1364.199951171875,4183.60009765625,True,True,True,True,True,True,True,False,False,174.04796591941133,red,113.54583262434352,False,False,False,False,,Auto Components,Auto Components & Equipments,98.60308285163777,True,True
SANSTAR.NS,2026-09-15,110.76000213623047,109.37000020345052,110.55472225613065,110.62679992675781,101.88246627807617,99.31159976959229,109.52359402305157,74.30000305175781,137.49000549316406,True,True,True,True,True,True,True,True,False,15.195008193961668,noise,46.921030517817165,False,False,False,False,,Agricultural Food & other Products,Other Agricultural Products,75.96339113680153,True,True
SANWARIA.NS,2026-09-15,0.1899999976158142,0.1908333326379458,0.19472222237123382,0.19519999951124192,0.219466665883859,0.2304499989002943,0.19009784241726357,0.18000000715255737,0.3799999952316284,False,False,False,False,False,False,False,False,False,-48.64864995481324,noise,64.90379674593456,False,False,False,False,,Food Products,Other Food Products,9.104046242774565,False,False
SAPPHIRE.NS,2026-09-15,222.3699951171875,228.95416768391928,221.31750022040472,210.54800018310547,192.04906667073567,200.8235001373291,227.71303992973972,139.91000366210938,336.70001220703125,True,False,False,True,True,True,False,False,False,-32.920061804769986,dry,19.38673888002489,False,False,False,False,,Leisure Services,Restaurants,23.747591522157997,False,False
SARTELE.NS,2026-09-11,79.9000015258789,89.50416628519694,103.73194461398654,109.9279995727539,145.90100006103515,166.21524971008301,88.04772689422992,79.05000305175781,264.8500061035156,False,False,False,False,False,False,False,False,False,-60.04999923706055,red,282.9057779908895,False,False,False,True,,Telecom - Services,Telecom - Infrastructure,3.8053949903660884,False,False
ZSARACOM.NS,2026-09-15,,,,,,,,,,False,False,False,False,False,False,False,False,False,,noise,,False,True,False,False,,Finance,Non Banking Financial Company (NBFC),,False,False
SSDL.NS,2026-09-15,60.220001220703125,58.32749938964844,57.55722194247775,56.59179977416992,59.205266596476235,63.209749965667726,59.682997901465626,46.150001525878906,91.69000244140625,False,False,False,False,True,True,False,True,False,-32.32187126456137,noise,66.17144426911308,False,False,False,False,,Textiles & Apparels,Garments & Apparels,24.32562620423892,False,False
SARDAEN.NS,2026-09-15,501.3500061035156,512.3666610717773,509.9810155232747,506.3075823974609,526.4715096028646,518.8344708251954,516.2888163200855,451.3682929916116,637.3049486596227,False,True,False,False,False,False,True,False,False,-13.882024688893601,noise,43.09354293835398,False,False,False,False,,Ferrous Metals,Iron & Steel,48.3140655105973,False,False
SAREGAMA.NS,2026-09-15,485.5,492.62082926432294,511.16666497124567,504.36399963378904,420.9276652018229,404.27699844360353,496.55252117136695,307.04998779296875,574.5,True,True,True,True,False,True,True,False,False,-1.786787039844262,noise,27.919788762157836,False,False,False,False,,Entertainment,Media & Entertainment,62.28323699421965,False,False
SARLAPOLY.NS,2026-09-15,96.69999694824219,100.74666659037273,100.5036112467448,100.52094757080079,92.04155919392903,90.27134956359863,100.24120707668077,67.07889869852855,111.0,True,True,True,True,False,True,True,False,False,0.7607540428399284,red,138.4754798046789,False,False,False,False,,Textiles & Apparels,Other Textile Products,64.9325626204239,False,False
SAROJA.NS,2026-09-14,39.79999923706055,40.104166666666664,34.454166677263046,33.53600006103515,33.03033317565918,34.310999965667726,39.54661362673531,28.0,49.25,True,False,False,False,True,True,True,True,False,-19.18781880799889,dry,0.0,False,False,False,False,,Chemicals & Petrochemicals,Specialty Chemicals,41.811175337186896,False,False
SMLT.NS,2026-09-15,62.18000030517578,63.847499211629234,67.23111067877875,67.27759963989257,69.84093317667643,73.28909984588623,63.46692305213077,56.61000061035156,122.8499984741211,False,False,False,False,False,False,False,False,False,-45.22068616424686,noise,40.90633576090962,False,False,False,False,,Industrial Products,Iron & Steel Products,11.657032755298651,False,False
SARVESHWAR.NS,2026-09-15,3.8499999046325684,3.6016666690508523,3.480277809831831,3.499000015258789,3.6407333517074587,3.7984500169754027,3.7260099314526274,2.5,8.25,True,False,False,False,True,True,False,True,False,-46.969699955153665,red,114.07182116175139,False,False,False,False,,Agricultural Food & other Products,Other Agricultural Products,10.01926782273603,False,False
SASKEN.NS,2026-09-15,1722.199951171875,1855.8500061035156,1882.1888936360676,1900.6033862304687,1674.2082210286458,1586.3121246337892,1828.975746610029,983.9739616389734,2760.488858956468,True,True,True,True,False,True,False,False,False,15.699739983850879,red,215.3847351176347,False,False,False,False,,IT - Services,IT Enabled Services,76.15606936416185,True,False
SATIPOLY.NS,2026-09-11,38.79999923706055,39.23750019073486,41.691666815016006,40.25699996948242,39.08666676839193,43.74250003814697,39.84763592387296,27.149999618530273,81.0,False,False,False,False,False,True,False,False,False,-48.98093664683459,noise,53.76344086021505,False,False,False,False,,Industrial Products,Packaging,8.863198458574182,False,False
SATIA.NS,2026-09-15,66.51000213623047,62.33250045776367,61.19055589040121,60.09400016784668,61.16220001220703,62.26480005264282,64.42493654933497,50.79999923706055,85.7921436332934,True,False,False,False,True,True,True,True,False,-19.527891865176894,noise,77.13253381462408,False,False,False,False,,"Paper, Forest & Jute Products",Paper & Paper Products,41.3776493256262,False,False
SATIN.NS,2026-09-15,214.8800048828125,219.11333338419595,229.55999967787,237.59260040283203,204.26553314208985,190.21799995422364,218.22211362116383,135.80999755859375,274.1400146484375,True,True,True,True,False,True,True,False,False,46.236560033063824,noise,33.15578374809588,False,False,False,False,,Finance,Microfinance Institutions,88.2466281310212,True,False
SAURASHCEM.NS,2026-09-15,53.029998779296875,55.69083340962728,58.50555557674832,58.120200119018556,59.914466807047525,64.87245014190674,55.48380546442398,47.650001525878906,116.73999786376953,False,False,False,False,False,False,False,False,False,-53.830751786956164,noise,30.784835957129214,False,False,False,False,,Cement & Cement Products,Cement & Cement Products,6.021194605009634,False,False
SOTL.NS,2026-09-15,688.2999877929688,713.5124918619791,686.1615244547526,659.0661462402344,494.57035786946614,461.50596130371093,703.8834577604198,283.7246181088854,850.0999755859375,True,True,True,True,True,True,True,False,False,72.10741677948216,noise,26.079901383457837,False,True,False,False,,Petroleum Products,Lubricants,93.15992292870907,True,True
SAYAJIHOTL.NS,2026-09-15,,,,,,,,,,False,False,False,False,False,False,False,False,False,,red,219.79219646879312,False,False,False,False,,Leisure Services,Hotels & Resorts,,False,False
SAYAJIIND.NS,2026-09-15,,,,,,,,,,False,False,False,False,False,False,False,False,False,,noise,,False,True,False,False,,Agricultural Food & other Products,Other Agricultural Products,,False,False
SBC.NS,2026-09-15,47.72999954223633,44.91250038146973,42.07166661156548,42.09860000610352,37.09546672821045,34.90980003356933,45.929430385396934,20.969999313354492,49.380001068115234,True,True,True,True,True,True,True,True,False,123.9793558818167,red,112.62660918167458,False,False,False,False,,Textiles & Apparels,Garments & Apparels,97.20616570327553,True,True
SBFC.NS,2026-09-15,94.43000030517578,98.61500040690105,94.97888882954915,94.2811996459961,92.99606638590495,95.11719966888428,97.67072649474858,79.5999984741211,123.0,False,False,False,False,True,False,True,False,False,-11.149791691971156,noise,31.13158575554093,False,False,False,False,,Finance,Non Banking Financial Company (NBFC),51.78227360308285,False,False
SBIN.NS,2026-09-15,968.0,1015.8500061035156,1039.6361083984375,1037.0999975585937,1044.6665091959635,1030.5512628173828,1006.5117223906335,805.2846589910332,1212.8384373028666,False,True,True,False,False,False,True,False,False,19.658588081486418,red,104.72766694290993,False,False,False,False,,Banks,Public Sector Bank,78.27552986512524,True,False
SBICARD.NS,2026-09-15,618.5999755859375,649.5083363850912,649.2347225613064,642.0389990234376,657.9454248046875,702.586923828125,649.4845390020198,565.4500122070312,961.6311031378486,False,False,False,False,False,False,False,False,False,-27.28935425600977,noise,76.00178547738733,False,False,False,False,,Finance,Non Banking Financial Company (NBFC),30.491329479768787,False,False
SBIFUNDS.NS,2026-09-15,,,,,,,,,,False,False,False,False,False,False,False,False,False,,noise,,False,False,False,True,,Capital Markets,Asset Management Company,,False,False
SBILIFE.NS,2026-09-15,1654.0999755859375,1716.8999938964844,1792.6527777777778,1804.5340014648436,1851.5699080403647,1895.5857641601563,1706.0892332072622,1652.9000244140625,2129.040438508761,False,False,False,False,False,False,True,False,False,-9.496262569558155,red,126.13722332793829,False,False,False,True,,Insurance,Life Insurance,53.46820809248555,False,False
SCANSTL.NS,2026-09-15,,,,,,,,,,False,False,False,False,False,False,False,False,False,,noise,,False,False,False,True,,Ferrous Metals,Iron & Steel,,False,False
SCHAEFFLER.NS,2026-09-15,3916.39990234375,3972.425008138021,4040.9388766818574,4065.03201171875,4055.5594401041667,3982.8739306640623,3958.73158643177,3489.687030472257,4445.0,False,True,False,True,False,False,True,False,False,-0.533433236579961,noise,80.7481095631447,False,True,False,False,,Auto Components,Auto Components & Equipments,63.58381502890174,False,False
SCHNEIDER.NS,2026-09-15,1193.0999755859375,1203.9833374023438,1273.0583394368489,1305.6500073242187,1167.327002766927,1049.7492529296876,1207.3798088853355,571.8499755859375,1548.0,True,True,True,True,False,True,True,False,False,36.44004333359927,noise,63.05811632643646,False,True,False,False,,Electrical Equipment,Heavy Electrical Equipment,85.16377649325626,True,False
SCODATUBES.NS,2026-09-15,126.2300033569336,130.52250226338705,135.41472265455457,138.62259994506837,137.95720041910806,141.37315032958983,129.84838189986922,110.0,185.07000732421875,False,False,False,False,False,False,False,False,False,-28.48158450032091,noise,67.97708691969738,False,False,False,False,,Industrial Products,Iron & Steel Products,28.998073217726393,False,False
SEAMECLTD.NS,2026-09-15,1736.9000244140625,1735.3250020345051,1600.5404357910156,1547.9489184570311,1492.2050830078124,1385.7620922851563,1744.5237347741115,770.8415212003184,1849.0,True,True,True,True,True,True,True,False,False,88.7287861939628,noise,89.44490573739682,False,False,False,False,,Transport Services,Shipping,94.89402697495183,True,True
SECMARK.NS,2026-09-15,142.97999572753906,146.35166676839194,132.68583297729492,130.98259979248047,123.63613337198893,120.83069999694824,142.7122091498101,95.05000305175781,179.5,True,True,False,True,True,True,True,True,False,7.503756186119603,dry,13.546153196520564,False,False,False,False,,IT - Software,Computers - Software & Consulting,70.42389210019267,True,False
SECURKLOUD.NS,2026-09-15,16.780000686645508,17.16416660944621,17.83111111323039,17.93519992828369,20.314466603597005,21.301449956893922,17.055221045837573,15.600000381469727,34.18000030517578,False,False,False,False,False,False,False,False,False,-30.6897921470491,green,177.84548275396864,False,True,False,False,,IT - Services,IT Enabled Services,26.059730250481692,False,False
SEDEMAC.NS,2026-09-15,,,,,,,,,,False,False,False,False,False,False,False,False,False,,noise,69.2462754116715,False,True,False,False,,Auto Components,Auto Components & Equipments,,False,False
SEJALLTD.NS,2026-09-15,618.3499755859375,664.0458221435547,694.8902757432726,705.5759985351563,681.9520005289713,712.6727497863769,655.3312442522188,381.0,1036.699951171875,False,False,False,False,False,True,False,False,False,0.27567519736828583,noise,79.53973597135996,False,False,False,False,,Industrial Products,Glass - Industrial,64.54720616570327,False,False
SELMC.NS,2026-09-15,27.790000915527344,28.15583340326945,27.780833297305637,28.01219997406006,29.468466720581056,29.768900032043458,28.419764634946446,26.0,43.36000061035156,False,False,False,False,False,False,False,False,False,-10.00647127337081,noise,42.72678960805584,False,False,False,False,,Textiles & Apparels,Other Textile Products,53.03468208092485,False,False
SEMAC.NS,2026-09-15,269.0,282.8958333333333,299.0013902452257,305.45500122070314,296.0032004801432,294.78150047302245,280.5959620212673,205.0,550.0,False,True,False,True,False,True,False,False,False,-50.323176361957536,red,113.01799916282964,False,False,False,False,,Construction,Civil Construction,8.140655105973025,False,False
SENCO.NS,2026-09-15,336.3999938964844,352.1333312988281,367.71245829264325,366.0608135986328,338.9370017496745,333.40244796752927,350.2034971786741,275.20093917748864,428.75506028088586,False,True,True,True,False,False,True,False,False,-10.48672675602872,noise,23.573904715238267,False,False,False,False,,Consumer Durables,"Gems, Jewellery And Watches",52.55298651252408,False,False
SENORES.NS,2026-09-15,1416.0999755859375,1460.0250040690105,1440.786112467448,1433.3220043945312,1116.335332845052,1039.2997506713866,1461.7767381924373,662.4500122070312,1599.0,True,True,True,True,False,True,True,False,False,105.26162131805145,noise,62.14596913960845,False,False,False,False,,Pharmaceuticals & Biotechnology,Pharmaceuticals,96.09826589595376,True,False
SEPC.NS,2026-09-15,5.119999885559082,5.386666655540466,5.773611108462016,5.922199983596801,6.772666664123535,7.383499989509582,5.35634650705785,4.650000095367432,13.729999542236328,False,False,False,False,False,False,False,False,False,-57.04698110076738,noise,53.5306533780594,False,False,False,False,,Construction,Civil Construction,4.913294797687861,False,False
SERVICE.NS,2026-09-11,68.05000305175781,70.02083333333333,64.49722215864394,62.365999908447264,55.43733319600423,52.83424993515015,69.26119956832095,39.20000076293945,73.0,True,True,True,True,True,True,True,False,False,26.018524169921875,dry,8.992805755395683,False,False,False,False,,Commercial Services & Supplies,Diversified Commercial Services,81.45472061657033,True,True
SERVOTECH.NS,2026-09-15,72.86000061035156,78.70500055948894,83.09222263760037,87.42840057373047,86.90946683247884,84.39075021743774,77.89595625299911,57.5099983215332,141.5,False,True,False,True,False,False,False,False,False,-46.14068552359044,red,121.14901520190513,False,False,False,False,,Electrical Equipment,Other Electrical Equipment,10.934489402697494,False,False
STYL.NS,2026-09-15,,,,,,,,,,False,False,False,False,False,False,False,False,False,,noise,72.48375316025144,False,False,False,False,,Financial Technology (Fintech),Financial Technology (Fintech),,False,False
SESHAPAPER.NS,2026-09-15,242.8000030517578,238.3058319091797,233.86722140842014,230.68819946289062,242.53011016845704,240.09919456481933,241.1747613324041,209.74919251106604,290.5599780055542,True,True,False,False,True,False,True,True,False,-9.099700840580383,noise,28.79206013304906,False,False,False,False,,"Paper, Forest & Jute Products",Paper & Paper Products,54.04624277456648,False,False
SETCO.NS,2026-09-15,17.229999542236328,17.378333568572998,17.528055720859104,17.70620018005371,14.552038106918335,12.935705239772796,17.246432966030323,6.30912658406512,19.770000457763672,True,True,True,True,False,True,True,False,False,108.6579537620814,noise,62.342322563794895,False,False,False,False,,Auto Components,Auto Components & Equipments,96.29094412331408,True,False
SEYAIND.NS,2026-09-15,12.569999694824219,12.333333253860474,12.40388888782925,12.54519998550415,12.892066663106283,14.138949980735779,12.422009072205832,8.539999961853027,23.989999771118164,False,False,False,False,True,True,False,True,False,-30.66740056984805,red,253.86866768378118,False,False,False,False,,Chemicals & Petrochemicals,Specialty Chemicals,26.107899807321772,False,False
SGFIN.NS,2026-09-15,629.75,673.1374969482422,678.6624993218315,671.3580004882813,561.8830000813803,519.2207501220703,666.7182920790954,323.0,727.4500122070312,True,True,True,True,False,True,True,False,False,67.5089718186268,noise,53.29166050384415,False,False,False,False,,Finance,Non Banking Financial Company (NBFC),92.2447013487476,True,False
SGMART.NS,2026-09-15,,,,,,,,,,False,False,False,False,False,False,False,False,False,,noise,29.68086569962423,False,False,False,False,,Metals & Minerals Trading,Trading - Metals,,False,False
SGLRES.NS,2026-09-15,,,,,,,,,,False,False,False,False,False,False,False,False,False,,noise,,False,False,False,False,,IT - Services,IT Enabled Services,,False,False
SAPPL.NS,2026-09-15,,,,,,,,,,False,False,False,False,False,False,False,False,False,,noise,,False,False,False,False,,"Paper, Forest & Jute Products",Paper & Paper Products,,False,False
SHBAJRG.NS,2026-09-15,,,,,,,,,,False,False,False,False,False,False,False,False,False,,noise,,False,False,False,True,,Industrial Products,Iron & Steel Products,,False,False
SHREDIGCEM.NS,2026-09-15,65.87000274658203,71.95031865437825,71.62198660108778,72.01840759277344,70.31148040771484,74.0543350982666,70.23103384527758,53.15757684463163,95.81184545661685,False,False,False,False,False,False,False,False,False,-26.572147347060614,red,134.2292702207227,False,False,False,False,,Cement & Cement Products,Cement & Cement Products,31.74373795761079,False,False
SHRJAGP.NS,2026-09-15,,,,,,,,,,False,False,False,False,False,False,False,False,False,,noise,,False,False,False,False,,Industrial Products,Packaging,,False,False
SHREERAMA.NS,2026-09-15,44.22999954223633,43.62166659037272,41.93694421980116,42.080999755859374,46.014666646321615,49.103050022125245,44.366366245631696,37.619998931884766,71.98999786376953,False,False,False,False,True,False,False,False,False,-26.098578663521256,noise,69.55695894949181,False,False,False,False,,Industrial Products,Packaging,32.41811175337187,False,False
SHREEPUSHK.NS,2026-09-15,501.45001220703125,484.43333689371747,432.32777828640405,425.46700073242187,377.40466654459635,373.4630003356934,486.1123890071202,272.45001220703125,545.2000122070312,True,True,False,True,True,True,True,True,False,52.092922342011484,ppv,342.2302357176882,False,False,False,False,,Chemicals & Petrochemicals,Dyes And Pigments,89.78805394990366,True,False
RENUKA.NS,2026-09-15,23.489999771118164,24.447500069936115,23.432222260369194,23.167000007629394,24.31399996439616,24.631499967575074,24.386792890504868,21.049999237060547,33.29999923706055,False,False,False,False,True,False,False,False,False,-24.78386130185616,noise,71.48045617022123,False,False,False,False,,Agricultural Food & other Products,Sugar,34.200385356454724,False,False
SHADOWFAX.NS,2026-09-15,,,,,,,,,,False,False,False,False,False,False,False,False,False,,noise,35.693762859965965,False,False,False,False,,Transport Services,Logistics Solution Provider,,False,False
SHAHALLOYS.NS,2026-09-15,91.05000305175781,100.97083346048991,81.51555569966634,78.58540008544922,70.64653327941895,70.08919988632202,96.31124026827912,53.099998474121094,116.8499984741211,True,True,False,True,True,True,True,False,False,20.26152972234183,noise,40.76115801317661,False,False,False,False,,Industrial Products,Iron & Steel Products,78.85356454720616,True,False
SHAH.NS,2026-09-15,3.3499999046325684,3.553333302338918,3.797500020927853,4.027200016975403,4.62460097471873,4.663200739622116,3.5073662955425404,2.559999942779541,5.880000114440918,False,False,False,False,False,True,False,False,False,-10.187670576347829,dry,15.142457033681664,False,False,False,False,,Industrial Products,Iron & Steel Products,52.84200385356455,False,False
SHAILY.NS,2026-09-15,3181.800048828125,3296.1275227864585,3261.672804090712,3132.0029443359376,2664.274288736979,2557.658688964844,3300.735338070977,1769.3296744445486,3611.994309186523,True,True,True,True,True,True,True,False,False,41.71446336111118,noise,56.0101740202194,False,False,False,False,,Consumer Durables,Plastic Products - Consumer,86.89788053949904,True,True
SHAKTIPUMP.NS,2026-09-15,474.20001220703125,479.53333536783856,499.28554195827905,515.5492291259766,528.6647216796875,565.0138821411133,482.2260968834183,455.4704698872696,912.1978482724178,False,False,False,False,False,False,False,False,False,-44.474792728123056,noise,82.69505821318292,False,False,False,False,,Industrial Products,"Compressors, Pumps & Diesel Engines",12.1868978805395,False,False
SHALBY.NS,2026-09-15,137.2100067138672,150.0691680908203,155.8686112297906,159.12300048828126,159.71733337402344,166.90635009765626,147.61788069137893,125.81999969482422,274.70001220703125,False,False,False,False,False,False,False,False,False,-40.496114795539896,red,517.0713643186918,False,False,False,False,,Healthcare Services,Hospital,16.233140655105974,False,False
SAHLIBHFI.NS,2026-09-15,,,,,,,,,,False,False,False,False,False,False,False,False,False,,noise,63.86425813760975,False,False,False,False,,Finance,Non Banking Financial Company (NBFC),,False,False
SHALPAINTS.NS,2026-09-15,81.79000091552734,82.07333374023438,81.05777804056804,73.77560028076172,59.034866689046225,60.173449993133545,83.16831521950715,35.209999084472656,95.94999694824219,True,False,True,True,True,True,True,False,False,10.93177430031378,dry,14.252784120045229,False,False,False,False,,Consumer Durables,Paints,73.121387283237,True,False
SRD.NS,2026-09-15,39.29999923706055,39.2265625,39.031211853027344,38.994108810424805,42.58702507019043,47.71495502471924,39.095094908437474,35.95324659443583,76.84652171017763,False,False,False,False,True,False,False,True,False,-48.15891273928222,green,131.97297017844255,False,False,False,False,,Chemicals & Petrochemicals,Trading - Chemicals,9.296724470134874,False,False
SHANKARA.NS,2026-09-15,149.8300018310547,147.62749735514322,144.03611034817166,141.50839935302736,123.9120664469401,120.59134975433349,147.87510810158903,98.25,1048.5999755859375,True,True,True,True,True,True,False,True,False,-85.01400243444688,ppv,222.15039396947614,False,False,False,False,,Retailing,Speciality Retail,0.2890173410404624,False,False
BUILDPRO.NS,2026-09-15,,,,,,,,,,False,False,False,False,False,False,False,False,False,,noise,82.31607453736541,False,False,False,False,,Retailing,Speciality Retail,,False,False
SHANKESH.NS,2026-09-15,,,,,,,,,,False,False,False,False,False,False,False,False,False,,noise,,False,False,False,False,,Consumer Durables,"Gems, Jewellery And Watches",,False,False
SHANTHALA.NS,2026-09-14,16.649999618530273,16.58750009536743,17.111111058129204,18.511000022888183,24.14466667175293,25.813499994277954,16.60490015575793,14.100000381469727,42.45000076293945,False,False,False,False,False,False,False,True,False,-58.375000953674316,dry,0.0,False,False,False,False,,Cigarettes & Tobacco Products,Cigarettes & Tobacco Products,4.190751445086705,False,False
SHANTIGEAR.NS,2026-09-15,679.25,623.3083343505859,495.41805775960285,477.13104248046875,458.6479726155599,456.98539306640623,650.873618650047,384.0,743.0,True,True,False,True,True,True,True,True,False,22.541097418394806,noise,22.220850123798446,False,False,False,False,,Industrial Manufacturing,Industrial Products,80.15414258188824,True,False
SEIL.NS,2026-09-15,,,,,,,,,,False,False,False,False,False,False,False,False,False,,noise,,False,False,False,True,,Other Consumer Services,Education,,False,False
SHANTIGOLD.NS,2026-09-15,247.88999938964844,252.33750279744467,242.01336542765299,233.86482330322266,216.43367441813152,212.2307057952881,254.94903844767003,155.0,280.75,True,True,True,True,True,True,True,False,False,10.858190024159796,noise,48.3160159356725,False,False,False,False,,Consumer Durables,"Gems, Jewellery And Watches",72.92870905587668,True,True
SHINDL.NS,2026-09-15,,,,,,,,,,False,False,False,False,False,False,False,False,False,,noise,,False,False,False,False,,Food Products,Seafood,,False,False
SHARDACROP.NS,2026-09-15,753.4000244140625,775.4583333333334,793.4480523003472,818.8915649414063,942.6940079752604,926.5179483032226,773.3652620176663,743.4272688553443,1282.80960014975,False,True,False,False,False,False,False,False,False,-14.343294632151416,red,105.45491546804475,False,False,False,False,,Fertilizers & Agrochemicals,Pesticides & Agrochemicals,47.832369942196536,False,False
SHARDAMOTR.NS,2026-09-15,933.1500244140625,898.1375071207682,894.2583346896702,885.3640014648438,862.287998453776,876.0142474365234,912.7970703289409,700.0,1189.9000244140625,True,False,False,True,True,True,True,True,False,-11.474239063960045,red,214.41304170736112,False,False,False,False,,Auto Components,Auto Components & Equipments,51.34874759152216,False,False
SHARDUL.NS,2026-09-15,,,,,,,,,,False,False,False,False,False,False,False,False,False,,red,123.35479588330314,False,False,False,False,,Capital Markets,Stockbroking & Allied,,False,False
SHAREINDIA.NS,2026-09-15,197.1999969482422,178.12936782836914,175.75362311469183,175.646865234375,149.7258620707194,151.56147853851317,184.50929911218347,114.693516995367,212.3300018310547,True,False,False,True,True,True,True,True,False,36.74304838926925,noise,70.78397945722782,False,False,False,False,,Capital Markets,Stockbroking & Allied,85.26011560693641,True,False
SCML.NS,2026-09-11,77.9000015258789,82.0124994913737,82.12083307902019,81.27999984741211,105.85933329264323,113.94175006866455,80.21622587209087,68.05000305175781,159.5,False,False,False,False,False,False,False,False,False,-14.863386310514858,dry,19.546520719311964,False,False,False,False,,Industrial Products,Castings & Forgings,47.01348747591522,False,False
SFL.NS,2026-09-15,668.25,659.9208323160807,694.7527770996094,713.8434643554688,628.2016796875,613.7900952148437,671.1682065984329,456.183017738798,832.4500122070312,True,True,False,True,False,True,True,False,False,-9.77499224955174,noise,51.548556802997815,False,False,False,False,,Consumer Durables,"Furniture, Home Furnishing",53.13102119460501,False,False
SCPL.NS,2026-09-15,636.0499877929688,645.4041697184244,637.1777784559462,601.1109997558593,457.12799865722656,413.94774963378904,645.7118742599633,190.02999877929688,690.0,True,True,True,True,True,True,True,False,False,154.8889977181524,dry,5.411624152192622,False,False,False,False,,Food Products,Dairy Products,98.26589595375722,True,True
SHEETAL.NS,2026-09-11,353.0,343.2624994913737,327.2736112806532,318.0090002441406,280.2836669921875,253.4237503051758,345.3879495393866,121.0,353.0,True,True,True,True,True,True,True,True,False,186.70397188754896,dry,15.698587127158556,False,False,True,False,,Agricultural Food & other Products,Other Agricultural Products,98.89210019267823,True,True
SHEKHAWATI.NS,2026-09-15,20.290000915527344,16.938333590825398,16.17388892173767,15.346600036621094,14.25646666208903,15.24425000667572,17.8741050294828,9.119999885559082,25.75,True,False,False,True,True,True,True,True,False,-17.31866276056604,ppv,305.15456006829305,True,False,False,False,,Textiles & Apparels,Other Textile Products,43.689788053949904,False,False
SHEMAROO.NS,2026-09-15,114.77999877929688,124.24583307902019,123.90166664123535,124.03439987182617,111.44073328653971,109.83450004577637,122.63927493577981,73.0,143.0,True,True,True,True,False,True,True,False,False,2.6930323222991603,red,114.64672439359707,False,False,False,False,,Entertainment,Media & Entertainment,66.52215799614643,False,False
SHERA.NS,2026-09-11,195.0500030517578,181.53749974568686,174.19027709960938,170.2109994506836,149.52433314005535,143.7004998779297,184.59195136688447,94.94999694824219,197.6999969482422,True,True,True,True,True,True,True,True,False,45.451151509413904,ppv,215.51724137931038,False,True,True,False,,Industrial Products,"Aluminium, Copper & Zinc Products",88.0057803468208,True,True
SHERVANI.NS,2026-09-15,,,,,,,,,,False,False,False,False,False,False,False,False,False,,noise,,False,False,False,False,,Realty,"Residential, Commercial Projects",,False,False
SHIGAN.NS,2026-09-11,66.5,70.53347905476888,66.21630032857259,64.90993965148925,65.6949466196696,62.460251121521,68.83353818655766,40.91087714844722,87.38245391845703,True,True,False,False,True,True,True,False,False,-6.9861587257140645,noise,79.36507936507937,False,False,False,False,,Auto Components,Auto Components & Equipments,56.74373795761078,False,False
SHILCTECH.NS,2026-09-15,,,,,,,,,,False,False,False,False,False,False,False,False,False,,noise,56.94083071981346,False,False,False,False,,Electrical Equipment,Other Electrical Equipment,,False,False
SHILGRAVQ.NS,2026-09-15,,,,,,,,,,False,False,False,False,False,False,False,False,False,,noise,,False,False,False,False,,Industrial Products,"Aluminium, Copper & Zinc Products",,False,False
SHILPAMED.NS,2026-09-15,911.9000244140625,938.4746907552084,816.3226301405165,761.4732116699219,541.8388875325521,484.135841217041,931.990339521764,259.33715759272434,980.0999755859375,True,True,True,True,True,True,True,False,False,120.77773155841113,noise,40.13700847412695,False,False,False,False,,Pharmaceuticals & Biotechnology,Pharmaceuticals,96.91714836223507,True,True
SCILAL.NS,2026-09-15,37.34000015258789,38.91974004109701,39.77751763661703,40.28415351867676,42.80561986287435,43.5259574508667,38.601346255817234,33.828611936461684,54.244129857072295,False,False,False,False,False,False,False,False,False,-26.413379028882378,noise,95.2215576914658,False,False,False,False,,Finance,Investment Company,32.129094412331405,False,False
SHIPROCKET.NS,2026-09-15,,,,,,,,,,False,False,False,False,False,False,False,False,False,,noise,,False,False,False,False,,Transport Services,Logistics Solution Provider,,False,False
SHIVAUM.NS,2026-09-15,470.0,454.41666920979816,439.84444597032336,432.95800048828124,365.39733337402345,348.83424987792966,458.3104126411729,275.0,484.8999938964844,True,True,True,True,True,True,True,True,False,52.10355987055016,dry,1.7729277628740658,False,False,True,False,,Commercial Services & Supplies,Trading & Distributors,89.83622350674374,True,True
SHIVACEM.NS,2026-09-15,,,,,,,,,,False,False,False,False,False,False,False,False,False,,noise,,False,True,False,False,,Cement & Cement Products,Cement & Cement Products,,False,False
SHIVAAGRO.NS,2026-09-15,,,,,,,,,,False,False,False,False,False,False,False,False,False,,noise,,False,False,False,True,,Fertilizers & Agrochemicals,Fertilizers,,False,False
SHIVAMILLS.NS,2026-09-15,61.119998931884766,61.54333368937174,61.360277811686196,61.25940002441406,59.65206672668457,59.48215003967285,61.222037963080425,43.0099983215332,77.01000213623047,True,True,False,True,False,True,True,False,False,-14.349778014129344,noise,81.27619934792735,False,False,False,False,,Textiles & Apparels,Other Textile Products,47.784200385356456,False,False
SHIVATEX.NS,2026-09-15,180.5,178.71083196004233,168.05497105916342,162.66452697753905,157.18794967651368,162.11443561553955,178.0048055963905,125.60463109619725,217.13280170111076,True,False,False,True,True,True,True,True,False,0.6357384223260487,noise,36.55336621395078,False,True,False,False,,Textiles & Apparels,Other Textile Products,64.73988439306359,False,False
SPCL.NS,2026-09-11,64.69999694824219,62.50416628519694,63.97222222222222,65.43199981689453,73.20866645812988,77.26299974441528,63.108723333152746,58.95000076293945,123.4000015258789,False,False,False,False,False,False,False,True,False,-37.27581581081232,green,132.61648745519713,False,False,False,False,,Electrical Equipment,Other Electrical Equipment,19.315992292870906,False,False
SBCL.NS,2026-09-15,1020.2000122070312,1083.3416595458984,966.7560289171007,901.2028588867188,683.3968654378256,621.0694934082031,1077.7354934977795,367.86391220435536,1215.699951171875,True,True,True,True,True,True,True,False,False,98.3313426977451,noise,68.64460718770574,False,False,False,False,,Industrial Products,Iron & Steel Products,95.76107899807322,True,True
SHIVALIK.NS,2026-09-15,353.8999938964844,334.5316619873047,284.95055389404297,267.80259857177737,261.1653985595703,283.3850485229492,340.4696162185686,206.39999389648438,495.48559202220486,True,False,False,False,True,True,False,True,False,-25.947446968710576,red,182.7822284787191,False,False,False,False,,Fertilizers & Agrochemicals,Pesticides & Agrochemicals,32.80346820809248,False,False
SHIVAMAUTO.NS,2026-09-15,16.540000915527344,17.220833619435627,17.13222222858005,17.432799949645997,17.970266672770183,19.471000032424925,16.961862749607757,13.050000190734863,35.790000915527344,False,False,False,False,False,False,False,False,False,-42.24859892453239,red,118.89248552505036,False,False,False,False,,Auto Components,Auto Components & Equipments,14.210019267822736,False,False
SHOPERSTOP.NS,2026-09-15,398.5,382.9499994913737,400.1402765909831,393.115,350.9453322347005,361.80174926757815,385.173728194472,275.95001220703125,572.0,True,False,False,True,True,True,False,True,False,-25.2905920959133,ppv,1314.4690421153607,False,False,False,False,,Retailing,Diversified Retail,33.33333333333333,False,False
SHRADDHA.NS,2026-09-15,,,,,,,,,,False,False,False,False,False,False,False,False,False,,noise,,False,True,False,False,,Realty,"Residential, Commercial Projects",,False,False
SHRADHA.NS,2026-09-15,29.969999313354492,31.3808331489563,32.683606730567085,33.0570552444458,34.333081041971845,35.55705039024353,31.163142967678063,25.86654286634685,57.89038391430759,False,False,False,False,False,False,False,False,False,-40.83917282958581,dry,1.7177969069958432,False,True,False,False,,Realty,"Residential, Commercial Projects",15.895953757225435,False,False
SHREECEM.NS,2026-09-15,21905.0,23239.166666666668,24783.333333333332,25293.9994140625,24997.140286458332,25419.01482421875,23045.57093211726,21905.0,30121.125232344428,False,False,False,False,False,False,False,False,False,-25.5436994332474,noise,54.99328743779014,False,False,False,True,,Cement & Cement Products,Cement & Cement Products,33.140655105973025,False,False
SGRL.NS,2026-09-15,,,,,,,,,,False,False,False,False,False,False,False,False,False,,noise,,False,False,False,False,,Pharmaceuticals & Biotechnology,Pharmaceuticals,,False,False
SHREEKARNI.NS,2026-09-11,381.0,388.1875,383.3722212049696,391.6619982910156,410.7603322347005,427.6087492370605,385.24890522300643,317.1000061035156,712.0,False,False,False,False,False,False,False,False,False,-27.428571428571423,dry,2.4061597690086622,False,False,False,False,,Textiles & Apparels,Other Textile Products,30.20231213872832,False,False
SHREEOSFM.NS,2026-09-11,56.0,57.20416673024496,58.01944457160102,58.7610001373291,66.19766670227051,70.09124998092652,56.44966272729356,50.099998474121094,123.94999694824219,False,False,False,False,False,False,False,False,False,-54.0983606557377,noise,86.848635235732,False,False,False,False,,Transport Services,Road Transport,5.8766859344894025,False,False
SRTL.NS,2026-09-15,,,,,,,,,,False,False,False,False,False,False,False,False,False,,noise,53.80959910330927,False,False,False,False,,Textiles & Apparels,Other Textile Products,,False,False
RAMANEWS.NS,2026-09-15,30.940000534057617,31.929166793823242,31.690555731455486,30.886200103759766,31.313800010681152,31.175250034332276,31.821847507859793,27.049999237060547,42.0,False,True,True,False,True,False,False,False,False,3.1333351135253817,noise,44.32995455980912,False,False,False,False,,"Paper, Forest & Jute Products",Paper & Paper Products,66.8111753371869,False,False
TIRUPATI.NS,2026-09-14,308.0,315.1666666666667,341.1972240871853,381.1340020751953,455.472333984375,514.4367501831055,313.1473818426566,295.0,893.0,False,False,False,False,False,False,False,False,False,-41.32774686391853,dry,0.0,False,False,False,True,,Industrial Products,Plastic Products - Industrial,15.31791907514451,False,False
SHREMINVIT.NS,2026-09-14,100.5,100.6875,100.77898428175185,100.26912109375,97.40592631022136,95.50241546630859,100.59836165974494,85.42287362310381,104.9000015258789,True,True,True,True,True,False,True,False,False,11.316076812590016,dry,0.0,False,False,False,False,,Construction,Civil Construction,73.41040462427746,True,False
SHRENIK.NS,2026-09-15,0.28999999165534973,0.2916666641831398,0.30833333482344943,0.32200000166893006,0.3700666662057241,0.39404999777674676,0.2908622453570819,0.27000001072883606,0.6499999761581421,False,False,False,False,False,False,False,False,False,-45.28301748867849,noise,59.31036306914942,False,False,False,False,,"Paper, Forest & Jute Products",Paper & Paper Products,11.560693641618498,False,False
SHREYANIND.NS,2026-09-15,126.16999816894531,129.56499989827475,132.85817930433484,133.86284118652344,144.14497772216797,150.8938829803467,130.38533268816997,120.70074560911898,244.5871968243437,False,False,False,False,False,False,False,False,False,-45.790382383185644,noise,62.913713781782256,False,False,False,False,,"Paper, Forest & Jute Products",Paper & Paper Products,11.175337186897881,False,False
SHRIKRISH.NS,2026-09-15,,,,,,,,,,False,False,False,False,False,False,False,False,False,,noise,,False,False,False,True,,Realty,"Residential, Commercial Projects",,False,False
SHRIRAMFIN.NS,2026-09-15,979.7999877929688,1044.124994913737,1083.1361067030166,1069.8320007324219,1012.6972526041667,994.9494650268555,1035.582256120317,596.1247988119,1153.699951171875,False,True,True,True,False,True,True,False,False,56.6479726568881,red,125.32412666503852,False,False,False,False,,Finance,Non Banking Financial Company (NBFC),90.79961464354528,True,False
SHUKRAPHAR.NS,2026-09-15,,,,,,,,,,False,False,False,False,False,False,False,False,False,,noise,,False,False,False,False,,Pharmaceuticals & Biotechnology,Pharmaceuticals,,False,False
SHYAMTEL.NS,2026-09-15,11.199999809265137,11.963333447774252,14.10166671541002,14.79080005645752,14.897466684977214,14.135350017547607,11.830149869090778,7.070000171661377,25.420000076293945,False,True,False,False,False,True,False,False,False,-19.828206190527197,dry,17.589939955934046,False,False,False,False,,Commercial Services & Supplies,Trading & Distributors,41.040462427745666,False,False
SICAGEN.NS,2026-09-15,,,,,,,,,,False,False,False,False,False,False,False,False,False,,dry,15.981330565445436,False,False,False,False,,Commercial Services & Supplies,Trading & Distributors,,False,False
SIDDHIKA.NS,2026-09-11,235.0,222.5124994913737,216.26389016045465,216.17600067138673,211.65194213867187,210.57134819030762,224.94250164424764,177.36545304900235,245.4545420985068,True,True,False,True,True,True,True,True,False,25.28230485548488,green,138.4083044982699,False,False,False,False,,Consumer Durables,Paints,81.26204238921002,True,False
SIGIND.NS,2026-09-15,68.98999786376953,70.709166208903,65.44638877444797,59.98580001831055,52.210400085449216,52.00405004501343,70.29865338194331,40.65999984741211,74.98999786376953,True,True,True,True,True,True,True,False,False,27.00740906996235,dry,18.640290472017025,False,False,False,False,,Commercial Services & Supplies,Trading & Distributors,81.88824662813103,True,True
SILINV.NS,2026-09-15,444.95001220703125,472.4749984741211,449.6736111111111,441.01845092773436,433.237690633138,448.37281982421877,463.63298739512265,377.7335184677144,762.4252925060118,False,False,False,False,True,False,False,False,False,-23.33964417694282,noise,60.84120649956161,False,False,False,False,,Finance,Investment Company,36.27167630057804,False,False
SILGO.NS,2026-09-15,69.08000183105469,71.65500005086263,70.9841668870714,72.0733999633789,74.5304667154948,73.97708702087402,70.87492691345395,61.0,86.19999694824219,False,True,True,False,False,False,True,False,False,3.258595299631639,red,156.82268353166867,False,False,False,False,,Consumer Durables,"Gems, Jewellery And Watches",67.00385356454721,False,False
SILLYMONKS.NS,2026-09-11,16.90999984741211,16.15000009536743,15.985277785195244,16.023000087738037,16.64480002085368,17.920800008773803,16.223261107765296,14.350000381469727,28.450000762939453,False,False,False,False,True,False,False,True,False,7.433291571203293,ppv,319.2737139692528,True,False,False,False,,Entertainment,Media & Entertainment,70.18304431599229,True,False
SILVERTUC.NS,2026-09-15,149.66000366210938,165.57500203450522,186.82964409722223,187.91102081298828,161.540129292806,239.61122291564942,162.01374632980702,100.4519807619017,1116.9160935696195,False,False,False,False,False,True,False,False,False,-79.29310535417949,noise,72.63224730016653,False,False,False,False,,IT - Software,Computers - Software & Consulting,0.674373795761079,False,False
SIMPLEXINF.NS,2026-09-15,242.85000610351562,261.2325032552083,251.33083385891385,253.1452001953125,230.3481337483724,235.45435012817381,256.56852168624744,137.0,330.0,True,False,False,True,False,True,False,False,False,-20.585344735877232,red,102.79229839084736,False,False,False,False,,Construction,Civil Construction,40.1252408477842,False,False
SIMPLXREA.NS,2026-09-15,,,,,,,,,,False,False,False,False,False,False,False,False,False,,noise,,False,False,False,False,,Realty,"Residential, Commercial Projects",,False,False
SINDHUTRAD.NS,2026-09-15,23.530000686645508,24.489166736602783,24.39111116197374,24.695800018310546,24.532933413187664,23.631750078201293,24.26174233704796,17.639999389648438,32.7400016784668,False,True,False,True,False,True,False,False,False,-4.388459556769697,dry,19.46888173338414,False,False,False,False,,Consumable Fuels,Coal,59.92292870905588,False,False
SINGERIND.NS,2026-09-15,,,,,,,,,,False,False,False,False,False,False,False,False,False,,noise,39.614697990981625,False,False,False,False,,Consumer Durables,Household Appliances,,False,False
SINTERCOM.NS,2026-09-15,75.05000305175781,78.9875005086263,81.57083341810439,80.71540008544922,79.19253326416016,85.16509990692138,78.75662910595024,62.9900016784668,130.0,False,False,False,False,False,False,False,False,False,-38.40281901878369,dry,3.2214585520335968,False,False,False,False,,Auto Components,Auto Components & Equipments,18.063583815028903,False,False
SIRCA.NS,2026-09-15,418.1499938964844,432.5249989827474,431.4516788058811,420.9603796386719,425.40480163574216,439.17956649780274,430.5826354162627,383.1078871314788,536.351054042588,False,False,False,False,False,False,True,False,False,-8.629008918413916,noise,53.79410229054147,False,False,False,False,,Consumer Durables,Paints,54.86512524084779,False,False
SIS.NS,2026-09-15,414.8999938964844,426.42916615804035,426.393054538303,428.8529992675781,378.528999226888,365.189588470459,423.47758431959994,257.04998779296875,480.95001220703125,True,True,True,True,False,True,True,False,True,20.235756993190513,red,220.2074032214698,False,False,False,False,,Other Consumer Services,Other Consumer Services,78.80539499036608,True,False
SJS.NS,2026-09-15,2311.699951171875,2389.4250284830728,2429.9416707356772,2363.9280029296874,2029.4392342122396,1945.4181225585937,2363.6026368958646,1369.9741687431776,2590.0,True,True,True,True,False,True,True,False,False,66.20888112206651,red,105.1907719301414,False,False,False,False,,Auto Components,Auto Components & Equipments,92.05202312138728,True,False
SJVN.NS,2026-09-15,64.58000183105469,65.3841667175293,66.53674104478624,67.38052658081055,71.22222524007161,71.81528408050536,65.68361314916544,62.68610889438828,93.44222215601812,False,False,False,False,False,False,False,False,False,-29.311468619475733,noise,95.14964172995067,False,False,False,False,,Power,Power Generation,27.89017341040462,False,False
SKIL.NS,2026-09-15,0.8999999761581421,0.851666659116745,0.8833333253860474,0.8895999968051911,0.9568666668732961,1.0212999990582465,0.8647797665504992,0.7799999713897705,1.7100000381469727,False,False,False,False,True,False,False,True,False,-46.74556534404082,ppv,1183.1832478779781,True,False,False,False,,Construction,Civil Construction,10.163776493256261,False,False
SKMEGGPROD.NS,2026-09-15,231.89999389648438,252.3459701538086,254.72982618543836,273.66205993652346,220.10152760823567,213.95361289978027,247.74371281810613,142.37844147630793,370.1242358872688,True,True,True,True,False,True,False,False,False,36.94198306124636,dry,18.57928347631517,False,False,False,False,,Food Products,Meat Products including Poultry,85.45279383429673,True,False
SKYWAYS.NS,2026-09-15,,,,,,,,,,False,False,False,False,False,False,False,False,False,,noise,,False,False,False,False,,Transport Services,Logistics Solution Provider,,False,False
SLONE.NS,2026-09-11,177.1999969482422,177.52083333333334,153.9180564880371,144.7020004272461,165.66099990844725,188.9527501296997,176.73487931083878,110.0,371.45001220703125,False,False,False,False,True,True,False,True,False,-36.71428680419921,noise,69.65944272445822,False,False,False,False,,IT - Hardware,Computers Hardware & Equipments,19.7495183044316,False,False
SMARTWORKS.NS,2026-09-15,518.7000122070312,535.4250081380209,509.8388900756836,499.2560003662109,455.4033329264323,457.8534997558594,533.1764721701909,361.5,619.0,True,False,False,True,True,True,True,False,False,-0.4414563902051305,noise,28.793862054320456,False,False,False,False,,Commercial Services & Supplies,Diversified Commercial Services,63.68015414258189,False,False
SMVD.NS,2026-09-14,17.0,17.0,15.759722391764322,15.253000164031983,12.31666669845581,11.198250050544738,16.91771404986908,5.599999904632568,17.049999237060547,True,True,True,True,True,True,True,True,False,123.68421333318275,dry,0.0,False,False,True,False,,Industrial Products,Plastic Products - Industrial,97.10982658959537,True,True
SOBHA.NS,2026-09-15,1192.699951171875,1242.0333251953125,1300.4360995822483,1344.2807836914062,1360.4472517903646,1388.7582983398438,1236.471152608856,1125.387113140645,1724.929636640264,False,False,False,False,False,False,False,False,False,-23.1033282415689,noise,64.51195377978222,False,False,False,False,,Realty,"Residential, Commercial Projects",36.60886319845857,False,False
SOLARA.NS,2026-09-15,715.7999877929688,672.5583343505859,585.731943766276,578.2169995117188,532.1073325602214,536.4817503356934,686.9150974687541,422.0,774.0,True,False,False,True,True,True,True,True,False,5.6453399290278705,red,130.68362711526535,False,False,False,False,,Pharmaceuticals & Biotechnology,Pharmaceuticals,68.97880539499036,False,False
SOMICONVEY.NS,2026-09-15,91.01000213623047,91.49583371480306,92.48222160339355,94.39639953613282,101.57819986979166,106.07004978179931,91.81778598611204,80.16000366210938,169.39999389648438,False,False,False,False,False,False,False,False,False,-35.48593080663577,noise,28.750561453548904,False,False,False,False,,Industrial Manufacturing,Industrial Products,21.09826589595376,False,False
SONAL.NS,2026-09-15,,,,,,,,,,False,False,False,False,False,False,False,False,False,,noise,,False,False,False,False,,Finance,Non Banking Financial Company (NBFC),,False,False
SPRL.NS,2026-09-11,102.0,101.58333333333333,99.65043852064345,101.4992041015625,103.03956487019856,116.26062446594239,101.62495312853498,73.77317506839067,187.60169982910156,False,False,False,False,True,True,False,True,False,-18.379614830559486,noise,69.44444444444444,False,False,False,False,,Industrial Products,Electrodes & Refractories,42.58188824662813,False,False
SPELS.NS,2026-09-15,,,,,,,,,,False,False,False,False,False,False,False,False,False,,noise,,False,False,False,True,,Electrical Equipment,Other Electrical Equipment,,False,False
SGL.NS,2026-09-15,9.819999694824219,10.06416662534078,9.94305552376641,9.971399993896485,10.854533348083496,11.26900001525879,9.963630082043991,8.399999618530273,20.790000915527344,False,False,False,False,False,False,False,False,False,-29.504669923262426,noise,69.64724575808768,False,True,False,False,,Textiles & Apparels,Other Textile Products,27.697495183044317,False,False
SURANASOL.NS,2026-09-15,25.020000457763672,25.866666952768963,26.07527796427409,26.030600166320802,25.373066736857098,25.650900030136107,25.6955912260176,18.309999465942383,36.5,False,False,False,True,False,True,False,False,False,-28.206595256114518,noise,35.292381153121845,False,False,False,False,,Electrical Equipment,Heavy Electrical Equipment,29.47976878612717,False,False
SURANAT&P.NS,2026-09-15,15.8100004196167,16.18749992052714,16.77944450908237,17.228600063323974,17.904133358001708,18.274500050544738,16.15321051694919,15.5,26.780000686645508,False,False,False,False,False,False,False,False,False,-34.99177377464613,noise,60.40751476375702,False,False,False,False,,Power,Power Generation,21.628131021194605,False,False
SBGLP.NS,2026-09-15,21.329999923706055,23.408364137013752,24.34164704216851,24.51242420196533,26.011025886535645,27.874986934661866,22.9437815681385,18.251872440991676,40.681285596448745,False,False,False,False,False,False,False,False,False,-39.23269524490776,red,162.75329260139225,False,False,False,False,,Realty,"Residential, Commercial Projects",17.341040462427745,False,False
SURYAROSNI.NS,2026-09-15,209.8000030517578,216.66333770751953,225.1037483215332,230.40791290283204,232.52072530110678,238.9856675720215,215.74833904475602,185.2067002350832,308.07465261661673,False,False,False,False,False,False,False,False,False,-26.877540375308108,noise,62.97267245256617,False,False,False,False,,Industrial Products,Iron & Steel Products,31.3102119460501,False,False
SURYALA.NS,2026-09-15,,,,,,,,,,False,False,False,False,False,False,False,False,False,,noise,,False,False,False,False,,Textiles & Apparels,Other Textile Products,,False,False
SURYODAY.NS,2026-09-15,144.80999755859375,152.11166636149088,158.34388732910156,165.2982940673828,153.63497614542644,149.5806538772583,151.01834932709804,114.47672068195065,218.0,False,True,False,True,False,False,False,False,False,15.27088378569501,dry,13.087582133729619,False,False,False,False,,Banks,Other Bank,76.01156069364163,True,False
SUTLEJTEX.NS,2026-09-15,38.279998779296875,39.489166259765625,38.688055250379776,38.51339973449707,35.59873331705729,34.49319997787475,39.3129935177721,24.0,42.0,True,True,True,True,False,True,True,False,False,-3.576831124316182,red,206.15908665228093,False,False,False,False,,Textiles & Apparels,Other Textile Products,60.69364161849711,False,False
SUVEN.NS,2026-09-15,333.45001220703125,367.75000254313153,343.3611111111111,341.25500061035154,250.27560073852538,227.7519507598877,359.52753206440957,124.11000061035156,403.3500061035156,True,True,True,True,False,True,True,False,False,50.61656494255469,noise,90.093274710095,False,False,False,False,,Healthcare Services,"Healthcare Research, Analytics & Technology",89.49903660886321,True,False
SUVIDHAA.NS,2026-09-15,2.2799999713897705,2.265833338101705,2.409999986489614,2.449799976348877,2.712266666094462,2.9083500051498414,2.3003526900407048,1.7699999809265137,4.25,False,False,False,False,False,False,False,False,False,-44.66019333201084,noise,68.33485039032726,False,True,False,False,,Financial Technology (Fintech),Financial Technology (Fintech),12.090558766859345,False,False
SUYOG.NS,2026-09-15,643.5999755859375,708.0686594645182,783.8102806939019,805.5095910644532,758.9224772135417,718.5082162475586,693.2634636873953,527.2112614483941,919.773963233286,False,True,False,True,False,False,False,False,False,-14.041089609037572,noise,86.13268993358147,False,False,False,False,,Telecom - Services,Telecom - Infrastructure,48.07321772639692,False,False
SUZLON.NS,2026-09-15,42.900001525878906,45.44916661580404,46.99444431728787,48.657799835205076,49.65379997253418,49.90489990234375,44.93234819830311,38.189998626708984,61.5,False,False,False,False,False,False,False,False,False,-24.881805170033566,noise,74.49128747742057,False,False,False,False,,Electrical Equipment,Heavy Electrical Equipment,34.104046242774565,False,False
SWANCORP.NS,2026-09-15,292.6000061035156,287.6333312988281,300.42256334092883,304.4536987304688,327.0418068440755,355.99391204833984,289.8647083500712,273.6499938964844,505.7501702925763,False,False,False,False,False,False,False,True,False,-37.287534173945794,red,142.15987647320455,False,False,False,False,,Chemicals & Petrochemicals,Petrochemicals,19.26782273603083,False,False
SWANDEF.NS,2026-09-15,2650.5,2521.133341471354,2476.5555555555557,2418.992001953125,2100.002672526042,1949.43125,2568.303825237242,523.5,2750.0,True,True,True,True,True,True,True,True,False,406.3037249283668,noise,93.58809352955107,False,False,False,False,,Industrial Manufacturing,Ship Building & Allied Services,99.75915221579962,True,True
SWARAJ.NS,2026-09-15,318.3999938964844,353.4124984741211,361.8097212049696,357.66699951171876,304.7210008748372,291.3827507019043,347.5417839510983,158.5,386.75,True,True,True,True,False,True,True,False,False,80.9090874411843,dry,1.8635037615276868,False,False,False,False,,Textiles & Apparels,Other Textile Products,94.07514450867052,True,False
SWELECTES.NS,2026-09-15,551.4000244140625,578.5208384195963,611.6083323160807,614.7577673339844,601.9225705973307,602.4877796936036,575.3195586228624,480.3012798820018,971.3399846028733,False,False,False,True,False,False,False,False,False,-25.947922200439365,noise,60.849764792413005,False,False,False,False,,Electrical Equipment,Heavy Electrical Equipment,32.75529865125241,False,False
SYLVANPLY.NS,2026-09-11,53.0,55.020833015441895,52.32361094156901,54.20699981689453,52.92900009155274,54.34625005722046,54.381277604736056,40.0,74.4000015258789,False,False,False,False,False,True,False,False,False,-24.28571428571429,noise,46.728971962616825,False,False,False,False,,Consumer Durables,Plywood Boards/ Laminates,34.92292870905588,False,False
SYMPHONY.NS,2026-09-15,573.7000122070312,589.7416687011719,625.37818230523,645.8484875488281,720.5080159505209,758.6825790405273,593.252722735759,564.0,962.0339215323946,False,False,False,False,False,False,False,False,False,-38.37541226743186,noise,43.17886966697909,False,False,False,False,,Consumer Durables,Household Appliances,18.159922928709054,False,False
SYNCOMF.NS,2026-09-15,18.530000686645508,20.081666469573975,16.51722213957045,15.710999908447265,14.244733295440675,14.167699971199035,19.465113104443766,10.210000038146973,22.59000015258789,True,True,False,True,True,True,True,False,False,3.2311972092143426,noise,67.49374527517361,False,False,False,False,,Pharmaceuticals & Biotechnology,Pharmaceuticals,66.95568400770713,False,False
SGIL.NS,2026-09-15,590.9000244140625,598.8125050862631,589.1444464789497,590.2580017089844,551.8266697184245,545.1307527160644,594.6832684533136,420.0,630.2000122070312,True,True,True,True,True,True,True,False,False,1.7685043109651133,red,135.7507945349104,False,False,False,False,,Industrial Products,Castings & Forgings,65.94412331406551,False,False
SYRMA.NS,2026-09-15,1507.699951171875,1512.8500162760417,1453.9592793782551,1436.57203125,1145.8787125651043,1044.3915643310547,1533.809142448509,633.8515990037583,1660.0,True,True,True,True,True,True,True,False,False,81.03877431470164,noise,94.15682856643294,False,False,False,False,,Industrial Manufacturing,Industrial Products,94.1233140655106,True,True
SYSTANGO.NS,2026-09-11,229.6999969482422,225.54166539510092,218.7263878716363,219.40099914550783,237.1029088338216,255.94119087219238,225.32615552514042,202.5500030517578,399.0573022567899,False,False,False,False,True,False,False,True,False,4.286661596528285,ppv,175.92592592592592,False,True,False,False,,IT - Software,Computers - Software & Consulting,67.82273603082851,False,False
TBZ.NS,2026-09-15,524.4500122070312,436.8936513264974,324.33679495917426,300.19018493652345,200.78790568033855,191.61773292541503,467.26378440273754,109.74685890423396,583.0499877929688,True,True,True,True,True,True,True,True,False,181.26613458244645,noise,53.70915326208141,False,False,False,False,,Consumer Durables,"Gems, Jewellery And Watches",98.79576107899807,True,True
TNPETRO.NS,2026-09-15,125.70999908447266,130.41583188374838,113.56638802422418,108.49959945678711,95.67066655476889,96.95174995422363,129.51189160540133,78.66999816894531,146.99000549316406,True,False,False,True,True,True,True,False,False,25.309010632860264,noise,65.48972016367807,False,False,False,False,,Chemicals & Petrochemicals,Petrochemicals,81.31021194605009,True,False
TNTELE.NS,2026-09-15,8.920000076293945,8.932499885559082,9.005555550257364,9.030000019073487,9.17019999186198,9.321049990653991,8.938752623317743,7.809999942779541,15.739999771118164,False,False,False,False,False,False,False,False,False,-34.69985229916498,noise,36.62425933121509,False,False,False,False,,Telecom -  Equipment & Accessories,Telecom -  Equipment & Accessories,21.86897880539499,False,False
TARIL.NS,2026-09-15,277.95001220703125,298.3166681925456,297.4986114501953,305.59,306.8369329833984,297.32584938049314,293.3312198438332,224.0500030517578,552.0,False,True,False,False,False,False,False,False,False,-44.2035500125311,noise,69.79979183898898,False,False,False,False,,Electrical Equipment,Heavy Electrical Equipment,12.524084778420038,False,False
TALBROAUTO.NS,2026-09-15,421.29998779296875,415.57679239908856,415.0201585557726,411.47685546875,341.629098815918,324.017967300415,418.72956768629024,219.6121671693998,451.0088983272933,True,True,True,True,True,True,True,True,False,41.42443974844869,red,216.78483772901706,False,False,False,False,,Auto Components,Auto Components & Equipments,86.65703275529864,True,True
TGVSL.NS,2026-09-15,,,,,,,,,,False,False,False,False,False,False,False,False,False,,noise,,False,False,False,False,,Chemicals & Petrochemicals,Commodity Chemicals,,False,False
THACKER.NS,2026-09-15,,,,,,,,,,False,False,False,False,False,False,False,False,False,,noise,,False,False,False,False,,Finance,Other Financial Services,,False,False
BBTC.NS,2026-09-15,1416.4000244140625,1492.558329264323,1481.6416558159722,1487.9739916992187,1531.7087687174478,1600.9834820556641,1458.3976577499373,1314.5999755859375,2114.6666501437494,False,False,False,False,False,False,False,False,False,-24.401602355319508,dry,10.3385742175451,False,False,False,False,,Food Products,Packaged Foods,34.73025048169557,False,False
HITECHGEAR.NS,2026-09-15,551.7999877929688,568.7791646321615,561.2888878716362,582.0769982910156,600.352665608724,623.9124996948242,566.2352297083892,521.25,897.4500122070312,False,False,False,False,False,False,False,False,False,-16.945177625895834,noise,70.32942406812579,False,False,False,False,,Auto Components,Auto Components & Equipments,44.17148362235068,False,False
THEJO.NS,2026-09-15,2175.199951171875,2122.5500284830728,2083.5337897406685,2026.832099609375,1797.0159342447917,1775.279369506836,2142.854681677606,1440.1922305183673,2281.202323145146,True,True,True,True,True,True,True,True,False,17.500906022159167,red,156.43302832555568,False,False,False,False,,Industrial Manufacturing,Industrial Products,76.97495183044316,True,True
TI.NS,2026-09-15,510.75,541.8999938964844,526.5819439358181,503.80000061035156,463.0993336995443,458.11774993896483,534.898549210224,381.54998779296875,594.5499877929688,True,True,True,True,True,True,True,False,False,8.593736516018957,noise,89.03176760441977,False,False,False,False,,Beverages,Breweries & Distilleries,71.0019267822736,True,True
TOTAL.NS,2026-09-15,75.5999984741211,71.81509844462077,64.80086114671495,61.22094650268555,56.957781677246096,60.54176271438599,73.38771083677929,44.205168835815904,86.33760994596305,True,False,False,True,True,True,True,True,False,10.860450803692823,dry,4.968642699738636,False,False,False,False,,Transport Services,Logistics Solution Provider,72.97687861271676,True,False
TPLPLASTEH.NS,2026-09-15,65.2699966430664,70.6158332824707,75.79444461398654,77.2434002685547,69.9422666422526,68.91659990310669,69.74347237582128,50.0099983215332,90.33000183105469,False,True,False,True,False,True,False,False,False,-12.035041337541907,noise,98.86787069722243,False,False,False,False,,Industrial Products,Packaging,50.626204238921005,False,False
TRAVELFOOD.NS,2026-09-15,1227.4000244140625,1273.4026692708333,1308.2112935384114,1304.30005859375,1250.075859375,1231.3652490234374,1271.0991697777802,1027.1088179140447,1459.2622453212896,False,True,False,True,False,False,True,False,False,-3.329538248189723,noise,25.540413076010893,False,False,False,False,,Leisure Services,Restaurants,60.886319845857415,False,False
UGARSUGAR.NS,2026-09-15,53.220001220703125,53.76666673024496,49.688198725382485,46.88844718933105,42.0635336303711,41.66086009979248,53.10886436292337,33.66863560404256,62.099998474121094,True,True,True,True,True,True,True,True,False,20.29001064574869,red,139.54857321850395,False,True,False,False,,Agricultural Food & other Products,Sugar,78.94990366088632,True,True
UNIINFO.NS,2026-09-15,11.380000114440918,11.175000111262003,11.67305556933085,11.822600002288818,12.287333335876465,13.169499998092652,11.21300762200206,9.359999656677246,18.979999542236328,False,False,False,False,False,False,False,True,False,-36.103310187051896,green,161.4579817752278,False,False,False,False,,Telecom - Services,Other Telecom Services,20.327552986512522,False,False
UNIPARTS.NS,2026-09-15,865.7000122070312,882.1166687011719,811.5718943277994,772.2413549804687,613.2247839355468,574.3998849487305,878.6956573319829,373.89626463951225,915.9500122070312,True,True,True,True,True,True,True,False,False,123.92148334496991,noise,58.41363198604835,False,True,False,False,,Auto Components,Auto Components & Equipments,97.15799614643545,True,True
UNITEDTEA.NS,2026-09-15,425.6499938964844,443.1333312988281,457.42884063720703,461.03033569335935,495.3110601806641,485.5940003967285,439.4577393435536,409.2561673164266,587.2465339679302,False,True,False,False,False,False,False,False,False,-8.154808187700112,red,210.15492649871578,False,False,False,False,,Agricultural Food & other Products,Tea & Coffee,55.58766859344894,False,False
UNIVAFOODS.NS,2026-09-15,9.479999542236328,9.06749971707662,8.977222045262655,8.947199802398682,8.911533203125,9.89279986858368,9.110220547801605,7.789999961853027,14.239999771118164,False,False,False,False,True,False,False,True,False,-23.051949861500475,ppv,318.8653550835917,False,False,False,False,,Leisure Services,Hotels & Resorts,36.897880539499035,False,False
UNIVCABLES.NS,2026-09-15,1417.300048828125,1569.9749959309895,1548.8305528428818,1442.1878515625,1088.2644873046875,1024.1921044921876,1532.6173126533379,573.9009093095138,1774.9000244140625,True,True,True,True,False,True,True,False,False,98.00722617138776,red,125.08030690994335,False,False,False,False,,Industrial Products,Cables - Electricals,95.71290944123314,True,False
UTIAMC.NS,2026-09-15,911.0999755859375,892.4625040690104,898.8944430881077,910.26328125,926.1039274088541,956.8515777587891,900.8139475661275,861.6167441984458,1362.8249046583157,False,False,False,False,True,False,False,True,False,-29.903387345546395,noise,49.36038222229988,False,True,False,False,,Capital Markets,Asset Management Company,27.02312138728324,False,False
VMART.NS,2026-09-15,789.8499755859375,827.4291687011719,806.1680569118923,795.6895068359376,685.4309954833984,686.6974119567872,818.9427100204101,457.2878261718021,886.8128854091074,True,False,False,True,False,True,True,False,False,5.715069711124698,noise,93.65913511785917,False,False,False,False,,Retailing,Diversified Retail,69.21965317919076,False,False
VSSL.NS,2026-09-15,389.1000061035156,366.8500010172526,340.82320488823785,325.7118255615234,280.83678955078125,278.90235679626466,373.48790845096937,204.38240429135575,423.8500061035156,True,True,True,True,True,True,True,True,False,48.51729983815729,noise,52.04695789467534,False,True,False,False,,Industrial Products,Iron & Steel Products,88.92100192678227,True,True
VAML.NS,2026-09-15,,,,,,,,,,False,False,False,False,False,False,False,False,False,,red,100.30799770162606,False,False,False,True,,Non - Ferrous Metals,Aluminium,,False,False
VOGL.NS,2026-09-15,,,,,,,,,,False,False,False,False,False,False,False,False,False,,noise,43.816224571843,False,False,False,False,,Oil,Oil Exploration & Production,,False,False
VENKEYS.NS,2026-09-15,1713.5999755859375,1667.3424479166667,1574.1647813585068,1543.7600561523439,1463.683575032552,1464.8118713378906,1683.1598733511473,1158.1739984615053,1814.9000244140625,True,False,False,True,True,True,True,True,False,13.685503987954583,red,113.96633719315157,False,False,False,False,,Food Products,Meat Products including Poultry,75.09633911368016,True,False
VENUSREM.NS,2026-09-15,1545.4000244140625,1630.6499938964844,1633.4814792209202,1661.677412109375,1286.8062353515625,1153.5979598999024,1625.6954448560368,421.286764908789,2031.2182849222206,True,True,True,True,False,True,True,False,False,236.838754217912,noise,80.76105328810542,False,False,False,False,,Pharmaceuticals & Biotechnology,Pharmaceuticals,99.27745664739885,True,False
VILAS.NS,2026-09-11,346.0,353.08750406901044,355.56805589463977,361.18599975585937,380.7286665852865,380.6112498474121,351.8594214489412,320.0,604.0,False,True,False,False,False,False,False,False,False,-39.67395913799692,noise,98.63945578231292,False,False,False,False,,Industrial Products,Other Industrial Products,16.955684007707127,False,False
VILINBIO.NS,2026-09-11,59.0,51.208333333333336,45.15694438086616,45.17899993896484,42.07800003051758,37.50324998855591,53.88337941183346,18.950000762939453,60.95000076293945,True,True,True,True,True,True,True,True,False,151.59913893582475,green,170.2127659574468,False,False,False,False,,Pharmaceuticals & Biotechnology,Pharmaceuticals,98.16955684007708,True,True
VISHAL.NS,2026-09-15,,,,,,,,,,False,False,False,False,False,False,False,False,False,,noise,,False,False,False,False,,Textiles & Apparels,Garments & Apparels,,False,False
VITAL.NS,2026-09-15,53.7599983215332,54.93166700998942,51.905000156826446,51.84340003967285,52.525866673787434,53.26865005493164,54.775509319360815,35.400001525878906,69.4000015258789,True,False,False,False,True,True,True,False,False,-2.2545485063032666,noise,86.62762949239699,False,False,False,False,,Chemicals & Petrochemicals,Specialty Chemicals,61.70520231213873,False,False
VIVIANA.NS,2026-09-15,710.9000244140625,749.1583404541016,724.9930572509766,734.152001953125,765.8436710611979,757.5240032958984,746.0980178087092,565.0,1860.0,False,True,False,False,False,False,False,False,False,-44.69210425822019,red,111.26466321578516,False,False,False,False,,Construction,Civil Construction,12.042389210019268,False,False
VIVO.NS,2026-09-14,151.0500030517578,154.27916844685873,132.62777752346463,117.14999938964844,89.84466644287109,86.50474975585938,152.11031326207876,64.0,164.0,True,True,True,True,True,True,True,False,False,128.86364098751181,dry,0.0,False,False,False,False,,Telecom - Services,Other Telecom Services,97.495183044316,True,True
VOLTAS.NS,2026-09-15,1137.0,1167.9833374023438,1241.6500040690105,1265.2260034179687,1331.1189143880208,1343.8328289794922,1165.3992171044208,1131.4000244140625,1577.544205432766,False,False,False,False,False,False,False,False,False,-18.739539060412312,noise,58.08141891724847,False,False,False,True,,Consumer Durables,Household Appliances,42.29287090558767,False,False
VSTTILLERS.NS,2026-09-15,4030.300048828125,4163.658345540364,4359.380554199219,4407.143989257813,4838.901336263021,5068.973502197266,4133.818682780498,4009.39990234375,6374.0,False,False,False,False,False,False,False,False,False,-23.856035351820804,noise,81.41188629545621,False,False,False,True,,"Agricultural, Commercial & Construction Vehicles",Tractors,35.64547206165704,False,False
VTMLTD.NS,2026-09-15,,,,,,,,,,False,False,False,False,False,False,False,False,False,,noise,,False,False,False,False,,Textiles & Apparels,Other Textile Products,,False,False
WHBRADY.NS,2026-09-15,,,,,,,,,,False,False,False,False,False,False,False,False,False,,noise,,False,False,False,True,,Industrial Products,Other Industrial Products,,False,False
WAAREERTL.NS,2026-09-15,806.5499877929688,848.2333323160807,881.8722229003906,913.3720031738281,931.6456648763021,935.383498840332,840.6217846511177,779.5,1358.0,False,False,False,False,False,False,False,False,False,-26.510251681734054,red,140.98734725046552,False,False,False,False,,Electrical Equipment,Other Electrical Equipment,31.79190751445087,False,False
WAKEFIT.NS,2026-09-15,,,,,,,,,,False,False,False,False,False,False,False,False,False,,dry,10.175373910730803,False,False,False,False,,Consumer Durables,"Furniture, Home Furnishing",,False,False
WATERBASE.NS,2026-09-15,,,,,,,,,,False,False,False,False,False,False,False,False,False,,noise,,False,False,False,False,,Food Products,Seafood,,False,False
CORDELIA.NS,2026-09-15,,,,,,,,,,False,False,False,False,False,False,False,False,False,,noise,58.97925727536643,False,False,False,False,,Leisure Services,"Tour, Travel Related Services",,False,False
WEBELSOLAR.NS,2026-09-15,72.75,75.59083302815755,84.75472238328722,89.08140014648437,89.27686663309733,88.632649974823,75.86363820444377,50.400001525878906,137.89999389648438,False,True,False,False,False,True,False,False,False,-43.93927902841366,noise,85.27352384868477,False,False,False,False,,Electrical Equipment,Other Electrical Equipment,12.95761078998073,False,False
WELCORP.NS,2026-09-15,2413.300048828125,2562.233357747396,2132.200005425347,1987.1800073242186,1409.466640625,1253.7883804321289,2550.1600249464964,707.6502693631002,2784.800048828125,True,True,True,True,True,True,True,False,False,175.22742741569365,red,172.78756401039485,False,False,False,False,,Industrial Products,Iron & Steel Products,98.69942196531792,True,True
WELSPUNLIV.NS,2026-09-15,201.6300048828125,203.67666625976562,181.3208325703939,176.96959533691407,148.77711415608724,144.49296089172364,203.90117234339326,107.03568289025932,216.0,True,True,True,True,True,True,True,False,False,66.64009770383504,noise,87.56686761531729,False,False,False,False,,Textiles & Apparels,Other Textile Products,92.14836223506744,True,True
WELSPLSOL.NS,2026-09-15,,,,,,,,,,False,False,False,False,False,False,False,False,False,,noise,,False,False,False,False,,Industrial Products,Iron & Steel Products,,False,False
WENDT.NS,2026-09-15,8580.0,8338.75,8192.152777777777,8057.820537109375,7343.610341796875,7405.4901123046875,8425.761942955001,5833.993377935374,9871.785459309116,True,False,False,True,True,True,True,True,False,-12.231403522144092,red,348.0747298400959,False,False,False,False,,Industrial Products,Abrasives & Bearings,50.433526011560694,False,False
WHEELS.NS,2026-09-15,2129.10009765625,1874.5083618164062,1584.388899061415,1551.8720068359376,1335.4868041992188,1206.1358258056641,2000.6743071960243,697.4556123989075,2498.0,True,True,True,True,True,True,True,True,False,190.14007798800853,red,100.3280968277422,False,False,False,False,,Auto Components,Auto Components & Equipments,98.98843930635837,True,True
WTICAB.NS,2026-09-11,102.8499984741211,104.6416670481364,108.98472213745117,113.70999954223633,107.56666641235351,114.45899990081787,103.90238032834121,75.1500015258789,176.4499969482422,False,False,False,False,False,True,False,False,False,-40.873814154349475,noise,92.29957805907173,False,False,False,False,,Transport Services,Road Transport,15.79961464354528,False,False
WOCKPHARMA.NS,2026-09-15,2064.10009765625,2066.6583353678384,1968.5666639539932,1938.8979956054689,1682.0686604817708,1609.194493408203,2104.6412456669477,1086.699951171875,2422.300048828125,True,True,True,True,True,True,True,False,False,35.974973495141626,red,101.97039295208516,False,False,False,False,,Pharmaceuticals & Biotechnology,Pharmaceuticals,85.01926782273603,True,True
WOMANCART.NS,2026-09-11,104.44999694824219,107.80416679382324,105.66666645473904,104.88799987792969,131.22933319091797,164.57174949645997,105.51749903673185,88.0,358.0,False,False,False,False,False,False,False,False,False,-60.156399244668094,noise,55.4981930820857,False,False,False,False,,Retailing,E-Retail/ E-Commerce,3.7572254335260116,False,False
WEL.NS,2026-09-15,69.18000030517578,82.04499944051106,114.06694433424208,110.69099975585938,110.50151087443034,121.2923034286499,81.28905004052955,68.04000091552734,183.39952737494264,False,False,False,False,False,False,False,False,False,-50.54821171974684,dry,16.503630987685558,False,False,False,True,,Consumer Durables,Household Appliances,7.851637764932562,False,False
XCHANGING.NS,2026-09-15,64.5,62.080833752950035,63.127326541476776,62.90037910461426,62.172140782674155,65.7683643913269,62.73096639472698,46.05491563524566,99.86644435445179,False,False,False,False,True,True,False,True,False,-24.5504765581681,ppv,496.84950966023376,False,False,False,False,,IT - Software,Computers - Software & Consulting,34.58574181117534,False,False
YASHO.NS,2026-09-15,3883.39990234375,4131.108296712239,4065.927781846788,3772.78853515625,2482.249934895833,2216.8250427246094,4084.1093061520437,1129.8189394012777,4994.0,True,True,True,True,True,True,True,False,False,116.42829230380718,red,114.9577871176437,False,False,False,False,,Chemicals & Petrochemicals,Specialty Chemicals,96.77263969171483,True,True
YUDIZ.NS,2026-09-11,23.299999237060547,24.52916653951009,24.681944423251682,24.69900005340576,26.902666727701824,27.182250022888184,24.359199441813594,22.149999618530273,39.29999923706055,False,False,False,False,False,False,False,False,False,-28.637065396175863,green,106.38297872340425,False,False,False,False,,IT - Software,Computers - Software & Consulting,28.709055876685934,False,False
ZFSTEERING.NS,2026-09-15,,,,,,,,,,False,False,False,False,False,False,False,False,False,,red,269.21716253182717,False,False,False,False,,Auto Components,Auto Components & Equipments,,False,False
ZAGGLE.NS,2026-09-15,179.41000366210938,183.6541659037272,193.10194396972656,197.24399963378906,218.95506703694662,246.67854972839356,183.2961718150237,154.36000061035156,405.3999938964844,False,False,False,False,False,False,False,False,False,-51.37940280159638,noise,40.14795040565264,False,False,False,False,,IT - Services,IT Enabled Services,7.514450867052023,False,False
ZEAL.NS,2026-09-11,76.55000305175781,68.86432298024495,64.68105962541368,64.76805526733398,68.54240165710449,73.80699995040894,72.95498983091699,54.859031379558424,122.42690988020463,True,False,False,False,True,True,False,True,False,-32.669342921000386,noise,59.28853754940712,False,False,False,False,,Transport Services,Logistics Solution Provider,24.13294797687861,False,False
ZEEL.NS,2026-09-15,77.41000366210938,86.57566897074382,95.56101184421115,97.08620819091797,91.52058649698893,90.68177780151368,84.70895459221597,66.41325236662951,118.95785852711808,False,True,False,True,False,False,False,False,False,-31.849110389126256,noise,47.427944179095924,False,False,False,False,,Entertainment,TV Broadcasting & Software Production,24.710982658959537,False,False
ZEEMEDIA.NS,2026-09-15,7.269999980926514,8.086666544278463,8.133055514759487,8.146399974822998,8.214000002543132,8.348650007247924,7.888830475711099,6.650000095367432,13.260000228881836,False,False,False,False,False,False,False,False,False,-41.653290861404415,noise,47.28599775675904,False,False,False,False,,Entertainment,TV Broadcasting & Software Production,14.98073217726397,False,False
ZENTEC.NS,2026-09-15,1638.9000244140625,1778.75,1780.6212361653645,1790.7466870117187,1640.8531209309897,1567.4758093261719,1759.8000112813397,1222.3593609523095,2042.629425992547,False,True,True,True,False,True,True,False,False,12.404642241483966,red,101.54463656807322,False,False,False,False,,Aerospace & Defense,Aerospace & Defense,73.98843930635837,True,False
ZENITHEXPO.NS,2026-09-15,196.35000610351562,206.53916803995767,208.13527891370984,205.74720062255858,203.374133199056,207.57594955444335,204.0419484857506,174.0,300.0,False,False,False,False,False,False,False,False,False,-29.051488309479446,noise,35.82718651211802,False,False,False,False,,Consumer Durables,Leather And Leather Products,28.37186897880539,False,False
ZENITHSTL.NS,2026-09-15,5.710000038146973,5.639999985694885,5.558333330684238,5.5565999984741214,5.659133345286051,5.952350010871887,5.741767014166687,4.409999847412109,10.329999923706055,False,False,False,False,True,False,False,False,False,-25.554107153203866,noise,55.18687799543507,False,False,False,False,,Industrial Products,Iron & Steel Products,33.04431599229287,False,False
ZENSARTECH.NS,2026-09-15,440.20001220703125,452.1375020345052,481.9236145019531,485.81242431640624,502.03375732421875,549.1187460327149,446.4499490425653,412.9712066051201,845.3898333433813,False,False,False,False,False,False,False,False,False,-44.70297263891484,ppv,988.6132039857026,False,False,False,False,,IT - Software,Computers - Software & Consulting,11.99421965317919,False,False
ZODIACLOTH.NS,2026-09-15,69.66999816894531,71.83249982198079,74.42749934726291,75.47679962158203,76.12699984232584,78.32804986953735,71.30001845481017,58.5,119.44999694824219,False,False,False,False,False,False,False,False,False,-28.79190435745742,noise,49.08148778595107,False,False,False,False,,Textiles & Apparels,Garments & Apparels,28.660886319845858,False,False
ZYDUSLIFE.NS,2026-09-15,1099.0,1141.9166768391926,1134.2666625976562,1135.8271215820312,1027.7124047851562,997.7903073120117,1128.8903104507285,834.749872350541,1205.0,True,True,True,True,False,True,True,False,False,5.287157808270182,noise,37.52584442112915,False,False,False,False,,Pharmaceuticals & Biotechnology,Pharmaceuticals,68.68978805394991,False,False
ZYDUSWELL.NS,2026-09-15,549.9500122070312,543.8500010172526,533.3847215440538,546.1147375488281,497.7991178385417,480.9007334899902,547.1675522835001,366.8171926721902,611.8499755859375,True,True,True,True,True,True,True,True,False,8.602411751465278,noise,53.230549180954135,False,False,False,False,,Food Products,Packaged Foods,71.05009633911368,True,True
NHIT.NS,2026-07-29,,,,,,,,,,False,False,False,False,False,False,False,False,False,,noise,,False,False,True,True,BSE,Transport Infrastructure,"Road AssetsToll, Annuity, Hybrid-Annuity",,False,False
SIGMAADV.NS,2026-09-15,795.25,778.3416748046875,696.8958367241753,655.3210046386719,413.95166829427086,357.35825141906736,777.4816097484661,139.3000030517578,864.0,True,True,True,True,True,True,True,True,False,418.07817589576547,noise,71.31057861014757,False,False,False,False,BSE,Aerospace & Defense,Aerospace & Defense,99.8073217726397,True,True
SMCGLOBAL.NS,2026-09-15,81.55999755859375,81.58833249409993,80.28666644626193,79.26539993286133,71.68732681274415,73.24226308822632,82.5954780815396,54.54160088891382,94.9000015258789,True,False,True,True,True,True,True,False,False,22.02760503592087,red,173.83262185583894,False,False,False,False,BSE,Capital Markets,Stockbroking & Allied,79.76878612716763,True,False
SMLMAH.NS,2026-09-15,6261.5498046875,5853.2708740234375,5371.406962076823,4994.124013671875,4358.94341796875,4201.783889160156,6070.592018201752,2717.0203977128385,6652.0,True,True,True,True,True,True,True,True,False,71.25702361044226,noise,29.434955709944255,False,False,False,False,BSE,"Agricultural, Commercial & Construction Vehicles",Commercial Vehicles,93.0635838150289,True,True
SNOWMAN.NS,2026-09-15,35.04999923706055,36.519999504089355,37.56111081441244,37.339999771118165,38.14647605895996,38.517352771759036,36.33281206113802,30.549999237060547,59.02097973619452,False,False,False,False,False,False,False,False,False,-34.16177485779587,red,195.0885435001812,False,False,False,False,BSE,Transport Services,Logistics Solution Provider,22.54335260115607,False,False
SPARC.NS,2026-09-15,188.1999969482422,198.81666692097983,202.74305555555554,215.2670001220703,181.54733301798504,170.09424991607665,197.07535946442238,108.19999694824219,289.0,True,True,True,True,False,True,False,False,False,32.90959663565267,noise,46.58208095779951,False,False,False,False,BSE,Pharmaceuticals & Biotechnology,Pharmaceuticals,83.91136801541425,True,False
SPMLINFRA.NS,2026-09-15,,,,,,,,,,False,False,False,False,False,False,False,False,False,,noise,,False,False,False,True,BSE,Construction,Civil Construction,,False,False
STLSTRINF.NS,2026-09-15,27.1299991607666,20.301666259765625,19.500555409325493,19.426199913024902,20.14319997151693,20.780099945068358,21.17622838833375,17.100000381469727,29.989999771118164,True,False,False,False,True,True,True,True,False,8.95582159196817,ppv,2078.9256295876703,True,False,False,False,BSE,Realty,"Residential, Commercial Projects",71.6281310211946,True,False
SWSOLAR.NS,2026-09-15,174.3000030517578,186.30416615804037,197.30555513170032,205.6449996948242,201.75533315022787,203.31199989318847,183.958755665168,148.3000030517578,281.8999938964844,False,False,False,True,False,False,False,False,False,-34.58435163578564,red,130.10772315162825,False,False,False,False,BSE,Construction,Civil Construction,22.109826589595375,False,False
SUNDRMFAST.NS,2026-09-15,,,,,,,,,,False,False,False,False,False,False,False,False,False,,noise,,False,False,True,False,BSE,Auto Components,Auto Components & Equipments,,False,False
SUNTECK.NS,2026-09-15,276.29998779296875,296.1833318074544,300.2930552164714,304.81500061035155,322.97900044759115,344.01375045776365,292.1067188731155,270.29998779296875,472.04998779296875,False,False,False,False,False,False,False,False,False,-37.63733489608539,noise,62.820165955248875,False,False,False,False,BSE,Realty,"Residential, Commercial Projects",18.88246628131021,False,False
SURAJEST.NS,2026-09-15,169.9499969482422,181.04583358764648,194.9986106024848,196.33399963378906,206.88033376057942,217.37750015258788,178.617032767568,166.1999969482422,318.29998779296875,False,False,False,False,False,False,False,False,False,-42.73921700199331,red,173.46657358809284,False,False,False,True,BSE,Realty,"Residential, Commercial Projects",13.82466281310212,False,False
TNPL.NS,2026-09-15,152.5,150.14583206176758,148.61388778686523,147.61699920654297,144.10166625976564,143.23099960327147,151.81152584573326,121.05000305175781,176.25,True,True,False,True,True,False,True,True,False,-5.272410631300528,noise,54.30237801198572,False,False,False,False,BSE,"Paper, Forest & Jute Products",Paper & Paper Products,58.67052023121387,False,False
TANAA.NS,2026-09-15,263.29998779296875,278.9333318074544,296.44166480170355,295.81299865722656,282.8707139078776,283.8310101318359,274.38349909294834,190.0,411.21486759185865,False,False,False,True,False,True,False,False,False,-33.20171071722222,noise,26.66415789121428,False,False,False,False,BSE,Aerospace & Defense,Aerospace & Defense,23.36223506743738,False,False
TASTYBITE.NS,2026-09-15,9941.650390625,10012.737548828125,9707.665201822916,9471.989765625,8158.118981119792,8055.5339453125,10021.107469855602,6433.067474323282,10550.0,True,True,True,True,True,True,True,False,False,4.781026413021849,noise,24.97416465725112,False,False,False,False,BSE,Food Products,Packaged Foods,68.25626204238921,False,False
TATAELXSI.NS,2026-09-15,,,,,,,,,,False,False,False,False,False,False,False,False,False,,noise,,False,False,False,True,BSE,IT - Software,Computers - Software & Consulting,,False,False
TATAINVEST.NS,2026-09-15,,,,,,,,,,False,False,False,False,False,False,False,False,False,,noise,,False,False,True,False,BSE,Finance,Investment Company,,False,False
TATASTEEL.NS,2026-09-15,,,,,,,,,,False,False,False,False,False,False,False,False,False,,noise,,False,False,False,True,BSE,Ferrous Metals,Iron & Steel,,False,False
TECHNOE.NS,2026-09-15,950.25,973.7334391276041,985.2251129150391,998.2998547363281,1081.1236942545572,1073.1707824707032,969.8950302204131,864.4295246139686,1512.8352220615097,False,True,False,False,False,False,False,False,False,-35.72647607988415,red,163.83349882697274,False,False,False,False,BSE,Construction,Civil Construction,20.71290944123314,False,False
TEJASNET.NS,2026-09-15,521.5999755859375,557.0124994913737,530.4069442749023,533.7940014648437,488.26366658528644,472.10449981689453,552.1402453727254,294.1000061035156,644.75,True,True,False,True,False,True,True,False,False,-11.24724098147687,noise,85.49883692448851,False,False,False,False,BSE,Telecom -  Equipment & Accessories,Telecom -  Equipment & Accessories,51.637764932562625,False,False
TENNIND.NS,2026-09-15,,,,,,,,,,False,False,False,False,False,False,False,False,False,,dry,9.094403804637691,False,False,False,False,BSE,Auto Components,Auto Components & Equipments,,False,False
TEXINFRA.NS,2026-09-15,114.25,114.50146611531575,112.30383237202962,112.73919479370117,102.71021708170574,102.22571723937989,114.78574396031456,78.60751622859854,121.44999694824219,True,True,True,True,True,True,True,False,False,21.45653341491549,red,101.16451598399352,False,True,False,False,BSE,Commercial Services & Supplies,Diversified Commercial Services,79.38342967244701,True,True
TEXRAIL.NS,2026-09-15,110.75,112.98951848347981,109.2252763112386,110.72653045654297,106.32990407307943,111.47181674957275,113.45836531868856,77.65223428549263,151.92611828524412,False,False,False,False,True,True,False,False,False,-20.261557391457195,red,115.50732143550574,False,False,False,False,BSE,Industrial Manufacturing,Railway Wagons,40.655105973025044,False,False
THEINVEST.NS,2026-09-15,96.75,96.45083236694336,97.62583308749728,97.76219970703124,99.9598666381836,103.86240005493164,96.96203563078855,84.25,158.8000030517578,False,False,False,False,False,False,False,False,False,-35.60732113144759,dry,4.22892585283338,False,False,False,False,BSE,Finance,Other Financial Services,20.905587668593448,False,False
RAMCOCEM.NS,2026-09-15,858.1500244140625,875.0791727701823,904.3556315104166,909.9375903320313,949.230673828125,976.3194714355469,873.7198520304737,836.1111848259005,1210.6857334274075,False,False,False,False,False,False,False,False,False,-18.40903322115196,dry,2.6152823496353386,False,False,False,False,BSE,Cement & Cement Products,Cement & Cement Products,42.48554913294797,False,False
TIMKEN.NS,2026-09-15,3149.550048828125,3173.1458536783853,3190.8936631944443,3184.6088720703124,3357.7546337890626,3281.1111157226565,3188.800163617966,2847.999629711166,3921.132927258999,False,True,False,False,False,False,True,False,False,7.499284618983149,dry,8.358123413662291,False,False,False,False,BSE,Industrial Products,Abrasives & Bearings,70.32755298651252,True,False
TIPSMUSIC.NS,2026-09-15,660.8499755859375,650.1124979654948,661.3263905843099,668.39400390625,620.9770003255209,599.1571669006348,653.2718622363273,478.626450020607,740.5,True,True,True,True,False,True,True,True,False,10.468289316535895,noise,32.20936693014123,False,True,False,False,BSE,Entertainment,Media & Entertainment,72.78420038535646,True,False
TITAGARH.NS,2026-09-15,811.5499877929688,844.4291636149088,839.5013851589626,841.7569982910156,789.8119974772136,795.9052481079102,844.9224173173787,568.6500244140625,970.0499877929688,True,False,False,True,False,True,True,False,False,-8.206084130348067,noise,99.84069831232796,False,False,False,False,BSE,Industrial Manufacturing,Railway Wagons,55.49132947976878,False,False
UTKARSHBNK.NS,2026-09-15,14.220000267028809,14.908333460489908,14.526111205418905,14.582400074005127,13.829200007120768,14.07985002040863,14.80312084689463,10.149999618530273,22.59000015258789,True,False,False,True,False,True,False,False,False,-33.92193325024431,red,254.46568942135735,False,False,False,False,BSE,Banks,Other Bank,22.736030828516377,False,False
V2RETAIL.NS,2026-09-15,211.64999389648438,219.06249872843424,219.4055544535319,220.4909991455078,214.36016662597658,215.78617485046388,217.78775462639544,157.19000244140625,259.45001220703125,False,False,False,True,False,True,True,False,False,32.55464165067474,noise,90.10789889649598,False,False,False,False,BSE,Retailing,Speciality Retail,83.8150289017341,True,False
